solid CATIA STL
  facet normal -1.000000e+000  0.000000e+000  0.000000e+000
    outer loop
      vertex -4.250000e+001 -8.046739e+000  2.000000e+000
      vertex -4.250000e+001 -1.000000e+001  2.000000e+000
      vertex -4.250000e+001 -8.046739e+000  4.000000e+000
    endloop
  endfacet
  facet normal -9.999999e-001  -0.000000e+000  0.000000e+000
    outer loop
      vertex -4.250000e+001 -8.046739e+000  4.000000e+000
      vertex -4.250000e+001 -1.000000e+001  2.000000e+000
      vertex -4.250000e+001 -1.050000e+001  4.000000e+000
    endloop
  endfacet
  facet normal -1.000000e+000  0.000000e+000  0.000000e+000
    outer loop
      vertex -4.250000e+001 -1.000000e+001  2.000000e+000
      vertex -4.250000e+001 -1.000000e+001  0.000000e+000
      vertex -4.250000e+001 -1.050000e+001  4.000000e+000
    endloop
  endfacet
  facet normal -1.000000e+000  0.000000e+000  0.000000e+000
    outer loop
      vertex -4.250000e+001 -1.050000e+001  4.000000e+000
      vertex -4.250000e+001 -1.000000e+001  0.000000e+000
      vertex -4.250000e+001 -1.050000e+001  0.000000e+000
    endloop
  endfacet
  facet normal -7.133977e-002 -9.974520e-001  -0.000000e+000
    outer loop
      vertex -3.500000e+001 -1.800000e+001  0.000000e+000
      vertex -3.500000e+001 -1.800000e+001  4.000000e+000
      vertex -3.606736e+001 -1.792366e+001  0.000000e+000
    endloop
  endfacet
  facet normal -7.133977e-002 -9.974520e-001  0.000000e+000
    outer loop
      vertex -3.606736e+001 -1.792366e+001  0.000000e+000
      vertex -3.500000e+001 -1.800000e+001  4.000000e+000
      vertex -3.606736e+001 -1.792366e+001  4.000000e+000
    endloop
  endfacet
  facet normal -2.125642e-001 -9.771470e-001  -0.000000e+000
    outer loop
      vertex -3.606736e+001 -1.792366e+001  0.000000e+000
      vertex -3.606736e+001 -1.792366e+001  4.000000e+000
      vertex -3.711300e+001 -1.769620e+001  0.000000e+000
    endloop
  endfacet
  facet normal -2.125642e-001 -9.771470e-001  0.000000e+000
    outer loop
      vertex -3.711300e+001 -1.769620e+001  0.000000e+000
      vertex -3.606736e+001 -1.792366e+001  4.000000e+000
      vertex -3.711300e+001 -1.769620e+001  4.000000e+000
    endloop
  endfacet
  facet normal -3.494641e-001 -9.369498e-001  -0.000000e+000
    outer loop
      vertex -3.711300e+001 -1.769620e+001  0.000000e+000
      vertex -3.711300e+001 -1.769620e+001  4.000000e+000
      vertex -3.811561e+001 -1.732224e+001  0.000000e+000
    endloop
  endfacet
  facet normal -3.494641e-001 -9.369498e-001  0.000000e+000
    outer loop
      vertex -3.811561e+001 -1.732224e+001  0.000000e+000
      vertex -3.711300e+001 -1.769620e+001  4.000000e+000
      vertex -3.811561e+001 -1.732224e+001  4.000000e+000
    endloop
  endfacet
  facet normal -4.792502e-001 -8.776783e-001  -0.000000e+000
    outer loop
      vertex -3.811561e+001 -1.732224e+001  0.000000e+000
      vertex -3.811561e+001 -1.732224e+001  4.000000e+000
      vertex -3.905481e+001 -1.680940e+001  0.000000e+000
    endloop
  endfacet
  facet normal -4.792502e-001 -8.776783e-001  0.000000e+000
    outer loop
      vertex -3.905481e+001 -1.680940e+001  0.000000e+000
      vertex -3.811561e+001 -1.732224e+001  4.000000e+000
      vertex -3.905481e+001 -1.680940e+001  4.000000e+000
    endloop
  endfacet
  facet normal -5.992765e-001 -8.005421e-001  -0.000000e+000
    outer loop
      vertex -3.905481e+001 -1.680940e+001  0.000000e+000
      vertex -3.905481e+001 -1.680940e+001  4.000000e+000
      vertex -3.991146e+001 -1.616812e+001  0.000000e+000
    endloop
  endfacet
  facet normal -5.992765e-001 -8.005421e-001  0.000000e+000
    outer loop
      vertex -3.991146e+001 -1.616812e+001  0.000000e+000
      vertex -3.905481e+001 -1.680940e+001  4.000000e+000
      vertex -3.991146e+001 -1.616812e+001  4.000000e+000
    endloop
  endfacet
  facet normal -7.071077e-001 -7.071059e-001  -0.000000e+000
    outer loop
      vertex -3.991146e+001 -1.616812e+001  0.000000e+000
      vertex -3.991146e+001 -1.616812e+001  4.000000e+000
      vertex -4.066812e+001 -1.541146e+001  0.000000e+000
    endloop
  endfacet
  facet normal -7.071077e-001 -7.071059e-001  0.000000e+000
    outer loop
      vertex -4.066812e+001 -1.541146e+001  0.000000e+000
      vertex -3.991146e+001 -1.616812e+001  4.000000e+000
      vertex -4.066812e+001 -1.541146e+001  4.000000e+000
    endloop
  endfacet
  facet normal -8.005406e-001 -5.992785e-001  -0.000000e+000
    outer loop
      vertex -4.066812e+001 -1.541146e+001  0.000000e+000
      vertex -4.066812e+001 -1.541146e+001  4.000000e+000
      vertex -4.130940e+001 -1.455481e+001  0.000000e+000
    endloop
  endfacet
  facet normal -8.005406e-001 -5.992785e-001  0.000000e+000
    outer loop
      vertex -4.130940e+001 -1.455481e+001  0.000000e+000
      vertex -4.066812e+001 -1.541146e+001  4.000000e+000
      vertex -4.130940e+001 -1.455481e+001  4.000000e+000
    endloop
  endfacet
  facet normal -8.776796e-001 -4.792478e-001  -0.000000e+000
    outer loop
      vertex -4.130940e+001 -1.455481e+001  0.000000e+000
      vertex -4.130940e+001 -1.455481e+001  4.000000e+000
      vertex -4.182224e+001 -1.361561e+001  0.000000e+000
    endloop
  endfacet
  facet normal -8.776796e-001 -4.792478e-001  0.000000e+000
    outer loop
      vertex -4.182224e+001 -1.361561e+001  0.000000e+000
      vertex -4.130940e+001 -1.455481e+001  4.000000e+000
      vertex -4.182224e+001 -1.361561e+001  4.000000e+000
    endloop
  endfacet
  facet normal -9.369494e-001 -3.494651e-001  -0.000000e+000
    outer loop
      vertex -4.182224e+001 -1.361561e+001  0.000000e+000
      vertex -4.182224e+001 -1.361561e+001  4.000000e+000
      vertex -4.219620e+001 -1.261299e+001  0.000000e+000
    endloop
  endfacet
  facet normal -9.369494e-001 -3.494651e-001  0.000000e+000
    outer loop
      vertex -4.219620e+001 -1.261299e+001  0.000000e+000
      vertex -4.182224e+001 -1.361561e+001  4.000000e+000
      vertex -4.219620e+001 -1.261299e+001  4.000000e+000
    endloop
  endfacet
  facet normal -9.771470e-001 -2.125645e-001  -0.000000e+000
    outer loop
      vertex -4.219620e+001 -1.261299e+001  0.000000e+000
      vertex -4.219620e+001 -1.261299e+001  4.000000e+000
      vertex -4.242366e+001 -1.156736e+001  0.000000e+000
    endloop
  endfacet
  facet normal -9.771470e-001 -2.125645e-001  0.000000e+000
    outer loop
      vertex -4.242366e+001 -1.156736e+001  0.000000e+000
      vertex -4.219620e+001 -1.261299e+001  4.000000e+000
      vertex -4.242366e+001 -1.156736e+001  4.000000e+000
    endloop
  endfacet
  facet normal -9.974520e-001 -7.133970e-002  -0.000000e+000
    outer loop
      vertex -4.242366e+001 -1.156736e+001  0.000000e+000
      vertex -4.242366e+001 -1.156736e+001  4.000000e+000
      vertex -4.250000e+001 -1.050000e+001  0.000000e+000
    endloop
  endfacet
  facet normal -9.974520e-001 -7.133970e-002  0.000000e+000
    outer loop
      vertex -4.250000e+001 -1.050000e+001  0.000000e+000
      vertex -4.242366e+001 -1.156736e+001  4.000000e+000
      vertex -4.250000e+001 -1.050000e+001  4.000000e+000
    endloop
  endfacet
  facet normal  0.000000e+000 -1.000000e+000  0.000000e+000
    outer loop
      vertex  3.500000e+001 -1.800000e+001  4.000000e+000
      vertex -3.500000e+001 -1.800000e+001  4.000000e+000
      vertex  3.500000e+001 -1.800000e+001  0.000000e+000
    endloop
  endfacet
  facet normal  0.000000e+000 -1.000000e+000  0.000000e+000
    outer loop
      vertex  3.500000e+001 -1.800000e+001  0.000000e+000
      vertex -3.500000e+001 -1.800000e+001  4.000000e+000
      vertex -3.500000e+001 -1.800000e+001  0.000000e+000
    endloop
  endfacet
  facet normal  9.974520e-001 -7.133970e-002  0.000000e+000
    outer loop
      vertex  4.250000e+001 -1.050000e+001  0.000000e+000
      vertex  4.250000e+001 -1.050000e+001  4.000000e+000
      vertex  4.242366e+001 -1.156736e+001  0.000000e+000
    endloop
  endfacet
  facet normal  9.974520e-001 -7.133970e-002  0.000000e+000
    outer loop
      vertex  4.242366e+001 -1.156736e+001  0.000000e+000
      vertex  4.250000e+001 -1.050000e+001  4.000000e+000
      vertex  4.242366e+001 -1.156736e+001  4.000000e+000
    endloop
  endfacet
  facet normal  9.771470e-001 -2.125645e-001  0.000000e+000
    outer loop
      vertex  4.242366e+001 -1.156736e+001  0.000000e+000
      vertex  4.242366e+001 -1.156736e+001  4.000000e+000
      vertex  4.219620e+001 -1.261299e+001  0.000000e+000
    endloop
  endfacet
  facet normal  9.771470e-001 -2.125645e-001  0.000000e+000
    outer loop
      vertex  4.219620e+001 -1.261299e+001  0.000000e+000
      vertex  4.242366e+001 -1.156736e+001  4.000000e+000
      vertex  4.219620e+001 -1.261299e+001  4.000000e+000
    endloop
  endfacet
  facet normal  9.369494e-001 -3.494651e-001  0.000000e+000
    outer loop
      vertex  4.219620e+001 -1.261299e+001  0.000000e+000
      vertex  4.219620e+001 -1.261299e+001  4.000000e+000
      vertex  4.182224e+001 -1.361561e+001  0.000000e+000
    endloop
  endfacet
  facet normal  9.369494e-001 -3.494651e-001  0.000000e+000
    outer loop
      vertex  4.182224e+001 -1.361561e+001  0.000000e+000
      vertex  4.219620e+001 -1.261299e+001  4.000000e+000
      vertex  4.182224e+001 -1.361561e+001  4.000000e+000
    endloop
  endfacet
  facet normal  8.776796e-001 -4.792478e-001  0.000000e+000
    outer loop
      vertex  4.182224e+001 -1.361561e+001  0.000000e+000
      vertex  4.182224e+001 -1.361561e+001  4.000000e+000
      vertex  4.130940e+001 -1.455481e+001  0.000000e+000
    endloop
  endfacet
  facet normal  8.776796e-001 -4.792478e-001  0.000000e+000
    outer loop
      vertex  4.130940e+001 -1.455481e+001  0.000000e+000
      vertex  4.182224e+001 -1.361561e+001  4.000000e+000
      vertex  4.130940e+001 -1.455481e+001  4.000000e+000
    endloop
  endfacet
  facet normal  8.005406e-001 -5.992785e-001  0.000000e+000
    outer loop
      vertex  4.130940e+001 -1.455481e+001  0.000000e+000
      vertex  4.130940e+001 -1.455481e+001  4.000000e+000
      vertex  4.066812e+001 -1.541146e+001  0.000000e+000
    endloop
  endfacet
  facet normal  8.005406e-001 -5.992785e-001  0.000000e+000
    outer loop
      vertex  4.066812e+001 -1.541146e+001  0.000000e+000
      vertex  4.130940e+001 -1.455481e+001  4.000000e+000
      vertex  4.066812e+001 -1.541146e+001  4.000000e+000
    endloop
  endfacet
  facet normal  7.071077e-001 -7.071059e-001  0.000000e+000
    outer loop
      vertex  4.066812e+001 -1.541146e+001  0.000000e+000
      vertex  4.066812e+001 -1.541146e+001  4.000000e+000
      vertex  3.991146e+001 -1.616812e+001  0.000000e+000
    endloop
  endfacet
  facet normal  7.071077e-001 -7.071059e-001  0.000000e+000
    outer loop
      vertex  3.991146e+001 -1.616812e+001  0.000000e+000
      vertex  4.066812e+001 -1.541146e+001  4.000000e+000
      vertex  3.991146e+001 -1.616812e+001  4.000000e+000
    endloop
  endfacet
  facet normal  5.992765e-001 -8.005421e-001  0.000000e+000
    outer loop
      vertex  3.991146e+001 -1.616812e+001  0.000000e+000
      vertex  3.991146e+001 -1.616812e+001  4.000000e+000
      vertex  3.905481e+001 -1.680940e+001  0.000000e+000
    endloop
  endfacet
  facet normal  5.992765e-001 -8.005421e-001  0.000000e+000
    outer loop
      vertex  3.905481e+001 -1.680940e+001  0.000000e+000
      vertex  3.991146e+001 -1.616812e+001  4.000000e+000
      vertex  3.905481e+001 -1.680940e+001  4.000000e+000
    endloop
  endfacet
  facet normal  4.792502e-001 -8.776783e-001  0.000000e+000
    outer loop
      vertex  3.905481e+001 -1.680940e+001  0.000000e+000
      vertex  3.905481e+001 -1.680940e+001  4.000000e+000
      vertex  3.811561e+001 -1.732224e+001  0.000000e+000
    endloop
  endfacet
  facet normal  4.792502e-001 -8.776783e-001  0.000000e+000
    outer loop
      vertex  3.811561e+001 -1.732224e+001  0.000000e+000
      vertex  3.905481e+001 -1.680940e+001  4.000000e+000
      vertex  3.811561e+001 -1.732224e+001  4.000000e+000
    endloop
  endfacet
  facet normal  3.494641e-001 -9.369498e-001  0.000000e+000
    outer loop
      vertex  3.811561e+001 -1.732224e+001  0.000000e+000
      vertex  3.811561e+001 -1.732224e+001  4.000000e+000
      vertex  3.711300e+001 -1.769620e+001  0.000000e+000
    endloop
  endfacet
  facet normal  3.494641e-001 -9.369498e-001  0.000000e+000
    outer loop
      vertex  3.711300e+001 -1.769620e+001  0.000000e+000
      vertex  3.811561e+001 -1.732224e+001  4.000000e+000
      vertex  3.711300e+001 -1.769620e+001  4.000000e+000
    endloop
  endfacet
  facet normal  2.125642e-001 -9.771470e-001  0.000000e+000
    outer loop
      vertex  3.711300e+001 -1.769620e+001  0.000000e+000
      vertex  3.711300e+001 -1.769620e+001  4.000000e+000
      vertex  3.606736e+001 -1.792366e+001  0.000000e+000
    endloop
  endfacet
  facet normal  2.125642e-001 -9.771470e-001  0.000000e+000
    outer loop
      vertex  3.606736e+001 -1.792366e+001  0.000000e+000
      vertex  3.711300e+001 -1.769620e+001  4.000000e+000
      vertex  3.606736e+001 -1.792366e+001  4.000000e+000
    endloop
  endfacet
  facet normal  7.133977e-002 -9.974520e-001  0.000000e+000
    outer loop
      vertex  3.606736e+001 -1.792366e+001  0.000000e+000
      vertex  3.606736e+001 -1.792366e+001  4.000000e+000
      vertex  3.500000e+001 -1.800000e+001  0.000000e+000
    endloop
  endfacet
  facet normal  7.133977e-002 -9.974520e-001  0.000000e+000
    outer loop
      vertex  3.500000e+001 -1.800000e+001  0.000000e+000
      vertex  3.606736e+001 -1.792366e+001  4.000000e+000
      vertex  3.500000e+001 -1.800000e+001  4.000000e+000
    endloop
  endfacet
  facet normal  9.999999e-001  -0.000000e+000  0.000000e+000
    outer loop
      vertex  4.250000e+001 -8.046739e+000  4.000000e+000
      vertex  4.250000e+001 -1.050000e+001  4.000000e+000
      vertex  4.250000e+001 -8.046739e+000  2.000000e+000
    endloop
  endfacet
  facet normal  1.000000e+000  0.000000e+000  0.000000e+000
    outer loop
      vertex  4.250000e+001 -8.046739e+000  2.000000e+000
      vertex  4.250000e+001 -1.050000e+001  4.000000e+000
      vertex  4.250000e+001 -1.000000e+001  2.000000e+000
    endloop
  endfacet
  facet normal  1.000000e+000  0.000000e+000  0.000000e+000
    outer loop
      vertex  4.250000e+001 -1.050000e+001  4.000000e+000
      vertex  4.250000e+001 -1.050000e+001  0.000000e+000
      vertex  4.250000e+001 -1.000000e+001  2.000000e+000
    endloop
  endfacet
  facet normal  1.000000e+000  0.000000e+000  0.000000e+000
    outer loop
      vertex  4.250000e+001 -1.000000e+001  2.000000e+000
      vertex  4.250000e+001 -1.050000e+001  0.000000e+000
      vertex  4.250000e+001 -1.000000e+001  0.000000e+000
    endloop
  endfacet
  facet normal  1.000000e+000  0.000000e+000  0.000000e+000
    outer loop
      vertex  4.250000e+001  8.046739e+000  2.000000e+000
      vertex  4.250000e+001  1.000000e+001  2.000000e+000
      vertex  4.250000e+001  8.046739e+000  4.000000e+000
    endloop
  endfacet
  facet normal  9.999999e-001  -0.000000e+000  0.000000e+000
    outer loop
      vertex  4.250000e+001  8.046739e+000  4.000000e+000
      vertex  4.250000e+001  1.000000e+001  2.000000e+000
      vertex  4.250000e+001  1.050000e+001  4.000000e+000
    endloop
  endfacet
  facet normal  1.000000e+000  0.000000e+000  0.000000e+000
    outer loop
      vertex  4.250000e+001  1.000000e+001  2.000000e+000
      vertex  4.250000e+001  1.000000e+001  0.000000e+000
      vertex  4.250000e+001  1.050000e+001  4.000000e+000
    endloop
  endfacet
  facet normal  1.000000e+000  0.000000e+000  0.000000e+000
    outer loop
      vertex  4.250000e+001  1.050000e+001  4.000000e+000
      vertex  4.250000e+001  1.000000e+001  0.000000e+000
      vertex  4.250000e+001  1.050000e+001  0.000000e+000
    endloop
  endfacet
  facet normal  7.133977e-002  9.974520e-001  0.000000e+000
    outer loop
      vertex  3.500000e+001  1.800000e+001  0.000000e+000
      vertex  3.500000e+001  1.800000e+001  4.000000e+000
      vertex  3.606736e+001  1.792366e+001  0.000000e+000
    endloop
  endfacet
  facet normal  7.133977e-002  9.974520e-001  -0.000000e+000
    outer loop
      vertex  3.606736e+001  1.792366e+001  0.000000e+000
      vertex  3.500000e+001  1.800000e+001  4.000000e+000
      vertex  3.606736e+001  1.792366e+001  4.000000e+000
    endloop
  endfacet
  facet normal  2.125642e-001  9.771470e-001  0.000000e+000
    outer loop
      vertex  3.606736e+001  1.792366e+001  0.000000e+000
      vertex  3.606736e+001  1.792366e+001  4.000000e+000
      vertex  3.711300e+001  1.769620e+001  0.000000e+000
    endloop
  endfacet
  facet normal  2.125642e-001  9.771470e-001  -0.000000e+000
    outer loop
      vertex  3.711300e+001  1.769620e+001  0.000000e+000
      vertex  3.606736e+001  1.792366e+001  4.000000e+000
      vertex  3.711300e+001  1.769620e+001  4.000000e+000
    endloop
  endfacet
  facet normal  3.494641e-001  9.369498e-001  0.000000e+000
    outer loop
      vertex  3.711300e+001  1.769620e+001  0.000000e+000
      vertex  3.711300e+001  1.769620e+001  4.000000e+000
      vertex  3.811561e+001  1.732224e+001  0.000000e+000
    endloop
  endfacet
  facet normal  3.494641e-001  9.369498e-001  -0.000000e+000
    outer loop
      vertex  3.811561e+001  1.732224e+001  0.000000e+000
      vertex  3.711300e+001  1.769620e+001  4.000000e+000
      vertex  3.811561e+001  1.732224e+001  4.000000e+000
    endloop
  endfacet
  facet normal  4.792502e-001  8.776783e-001  0.000000e+000
    outer loop
      vertex  3.811561e+001  1.732224e+001  0.000000e+000
      vertex  3.811561e+001  1.732224e+001  4.000000e+000
      vertex  3.905481e+001  1.680940e+001  0.000000e+000
    endloop
  endfacet
  facet normal  4.792502e-001  8.776783e-001  -0.000000e+000
    outer loop
      vertex  3.905481e+001  1.680940e+001  0.000000e+000
      vertex  3.811561e+001  1.732224e+001  4.000000e+000
      vertex  3.905481e+001  1.680940e+001  4.000000e+000
    endloop
  endfacet
  facet normal  5.992765e-001  8.005421e-001  0.000000e+000
    outer loop
      vertex  3.905481e+001  1.680940e+001  0.000000e+000
      vertex  3.905481e+001  1.680940e+001  4.000000e+000
      vertex  3.991146e+001  1.616812e+001  0.000000e+000
    endloop
  endfacet
  facet normal  5.992765e-001  8.005421e-001  -0.000000e+000
    outer loop
      vertex  3.991146e+001  1.616812e+001  0.000000e+000
      vertex  3.905481e+001  1.680940e+001  4.000000e+000
      vertex  3.991146e+001  1.616812e+001  4.000000e+000
    endloop
  endfacet
  facet normal  7.071077e-001  7.071059e-001  0.000000e+000
    outer loop
      vertex  3.991146e+001  1.616812e+001  0.000000e+000
      vertex  3.991146e+001  1.616812e+001  4.000000e+000
      vertex  4.066812e+001  1.541146e+001  0.000000e+000
    endloop
  endfacet
  facet normal  7.071077e-001  7.071059e-001  -0.000000e+000
    outer loop
      vertex  4.066812e+001  1.541146e+001  0.000000e+000
      vertex  3.991146e+001  1.616812e+001  4.000000e+000
      vertex  4.066812e+001  1.541146e+001  4.000000e+000
    endloop
  endfacet
  facet normal  8.005406e-001  5.992785e-001  0.000000e+000
    outer loop
      vertex  4.066812e+001  1.541146e+001  0.000000e+000
      vertex  4.066812e+001  1.541146e+001  4.000000e+000
      vertex  4.130940e+001  1.455481e+001  0.000000e+000
    endloop
  endfacet
  facet normal  8.005406e-001  5.992785e-001  -0.000000e+000
    outer loop
      vertex  4.130940e+001  1.455481e+001  0.000000e+000
      vertex  4.066812e+001  1.541146e+001  4.000000e+000
      vertex  4.130940e+001  1.455481e+001  4.000000e+000
    endloop
  endfacet
  facet normal  8.776796e-001  4.792478e-001  0.000000e+000
    outer loop
      vertex  4.130940e+001  1.455481e+001  0.000000e+000
      vertex  4.130940e+001  1.455481e+001  4.000000e+000
      vertex  4.182224e+001  1.361561e+001  0.000000e+000
    endloop
  endfacet
  facet normal  8.776796e-001  4.792478e-001  -0.000000e+000
    outer loop
      vertex  4.182224e+001  1.361561e+001  0.000000e+000
      vertex  4.130940e+001  1.455481e+001  4.000000e+000
      vertex  4.182224e+001  1.361561e+001  4.000000e+000
    endloop
  endfacet
  facet normal  9.369494e-001  3.494651e-001  0.000000e+000
    outer loop
      vertex  4.182224e+001  1.361561e+001  0.000000e+000
      vertex  4.182224e+001  1.361561e+001  4.000000e+000
      vertex  4.219620e+001  1.261299e+001  0.000000e+000
    endloop
  endfacet
  facet normal  9.369494e-001  3.494651e-001  -0.000000e+000
    outer loop
      vertex  4.219620e+001  1.261299e+001  0.000000e+000
      vertex  4.182224e+001  1.361561e+001  4.000000e+000
      vertex  4.219620e+001  1.261299e+001  4.000000e+000
    endloop
  endfacet
  facet normal  9.771470e-001  2.125645e-001  0.000000e+000
    outer loop
      vertex  4.219620e+001  1.261299e+001  0.000000e+000
      vertex  4.219620e+001  1.261299e+001  4.000000e+000
      vertex  4.242366e+001  1.156736e+001  0.000000e+000
    endloop
  endfacet
  facet normal  9.771470e-001  2.125645e-001  -0.000000e+000
    outer loop
      vertex  4.242366e+001  1.156736e+001  0.000000e+000
      vertex  4.219620e+001  1.261299e+001  4.000000e+000
      vertex  4.242366e+001  1.156736e+001  4.000000e+000
    endloop
  endfacet
  facet normal  9.974520e-001  7.133970e-002  0.000000e+000
    outer loop
      vertex  4.242366e+001  1.156736e+001  0.000000e+000
      vertex  4.242366e+001  1.156736e+001  4.000000e+000
      vertex  4.250000e+001  1.050000e+001  0.000000e+000
    endloop
  endfacet
  facet normal  9.974520e-001  7.133970e-002  -0.000000e+000
    outer loop
      vertex  4.250000e+001  1.050000e+001  0.000000e+000
      vertex  4.242366e+001  1.156736e+001  4.000000e+000
      vertex  4.250000e+001  1.050000e+001  4.000000e+000
    endloop
  endfacet
  facet normal  0.000000e+000  1.000000e+000  0.000000e+000
    outer loop
      vertex -3.500000e+001  1.800000e+001  4.000000e+000
      vertex  3.500000e+001  1.800000e+001  4.000000e+000
      vertex -3.500000e+001  1.800000e+001  0.000000e+000
    endloop
  endfacet
  facet normal  0.000000e+000  1.000000e+000  0.000000e+000
    outer loop
      vertex -3.500000e+001  1.800000e+001  0.000000e+000
      vertex  3.500000e+001  1.800000e+001  4.000000e+000
      vertex  3.500000e+001  1.800000e+001  0.000000e+000
    endloop
  endfacet
  facet normal -9.974520e-001  7.133970e-002  0.000000e+000
    outer loop
      vertex -4.250000e+001  1.050000e+001  0.000000e+000
      vertex -4.250000e+001  1.050000e+001  4.000000e+000
      vertex -4.242366e+001  1.156736e+001  0.000000e+000
    endloop
  endfacet
  facet normal -9.974520e-001  7.133970e-002  0.000000e+000
    outer loop
      vertex -4.242366e+001  1.156736e+001  0.000000e+000
      vertex -4.250000e+001  1.050000e+001  4.000000e+000
      vertex -4.242366e+001  1.156736e+001  4.000000e+000
    endloop
  endfacet
  facet normal -9.771470e-001  2.125645e-001  0.000000e+000
    outer loop
      vertex -4.242366e+001  1.156736e+001  0.000000e+000
      vertex -4.242366e+001  1.156736e+001  4.000000e+000
      vertex -4.219620e+001  1.261299e+001  0.000000e+000
    endloop
  endfacet
  facet normal -9.771470e-001  2.125645e-001  0.000000e+000
    outer loop
      vertex -4.219620e+001  1.261299e+001  0.000000e+000
      vertex -4.242366e+001  1.156736e+001  4.000000e+000
      vertex -4.219620e+001  1.261299e+001  4.000000e+000
    endloop
  endfacet
  facet normal -9.369494e-001  3.494651e-001  0.000000e+000
    outer loop
      vertex -4.219620e+001  1.261299e+001  0.000000e+000
      vertex -4.219620e+001  1.261299e+001  4.000000e+000
      vertex -4.182224e+001  1.361561e+001  0.000000e+000
    endloop
  endfacet
  facet normal -9.369494e-001  3.494651e-001  0.000000e+000
    outer loop
      vertex -4.182224e+001  1.361561e+001  0.000000e+000
      vertex -4.219620e+001  1.261299e+001  4.000000e+000
      vertex -4.182224e+001  1.361561e+001  4.000000e+000
    endloop
  endfacet
  facet normal -8.776796e-001  4.792478e-001  0.000000e+000
    outer loop
      vertex -4.182224e+001  1.361561e+001  0.000000e+000
      vertex -4.182224e+001  1.361561e+001  4.000000e+000
      vertex -4.130940e+001  1.455481e+001  0.000000e+000
    endloop
  endfacet
  facet normal -8.776796e-001  4.792478e-001  0.000000e+000
    outer loop
      vertex -4.130940e+001  1.455481e+001  0.000000e+000
      vertex -4.182224e+001  1.361561e+001  4.000000e+000
      vertex -4.130940e+001  1.455481e+001  4.000000e+000
    endloop
  endfacet
  facet normal -8.005406e-001  5.992785e-001  0.000000e+000
    outer loop
      vertex -4.130940e+001  1.455481e+001  0.000000e+000
      vertex -4.130940e+001  1.455481e+001  4.000000e+000
      vertex -4.066812e+001  1.541146e+001  0.000000e+000
    endloop
  endfacet
  facet normal -8.005406e-001  5.992785e-001  0.000000e+000
    outer loop
      vertex -4.066812e+001  1.541146e+001  0.000000e+000
      vertex -4.130940e+001  1.455481e+001  4.000000e+000
      vertex -4.066812e+001  1.541146e+001  4.000000e+000
    endloop
  endfacet
  facet normal -7.071077e-001  7.071059e-001  0.000000e+000
    outer loop
      vertex -4.066812e+001  1.541146e+001  0.000000e+000
      vertex -4.066812e+001  1.541146e+001  4.000000e+000
      vertex -3.991146e+001  1.616812e+001  0.000000e+000
    endloop
  endfacet
  facet normal -7.071077e-001  7.071059e-001  0.000000e+000
    outer loop
      vertex -3.991146e+001  1.616812e+001  0.000000e+000
      vertex -4.066812e+001  1.541146e+001  4.000000e+000
      vertex -3.991146e+001  1.616812e+001  4.000000e+000
    endloop
  endfacet
  facet normal -5.992765e-001  8.005421e-001  0.000000e+000
    outer loop
      vertex -3.991146e+001  1.616812e+001  0.000000e+000
      vertex -3.991146e+001  1.616812e+001  4.000000e+000
      vertex -3.905481e+001  1.680940e+001  0.000000e+000
    endloop
  endfacet
  facet normal -5.992765e-001  8.005421e-001  0.000000e+000
    outer loop
      vertex -3.905481e+001  1.680940e+001  0.000000e+000
      vertex -3.991146e+001  1.616812e+001  4.000000e+000
      vertex -3.905481e+001  1.680940e+001  4.000000e+000
    endloop
  endfacet
  facet normal -4.792502e-001  8.776783e-001  0.000000e+000
    outer loop
      vertex -3.905481e+001  1.680940e+001  0.000000e+000
      vertex -3.905481e+001  1.680940e+001  4.000000e+000
      vertex -3.811561e+001  1.732224e+001  0.000000e+000
    endloop
  endfacet
  facet normal -4.792502e-001  8.776783e-001  0.000000e+000
    outer loop
      vertex -3.811561e+001  1.732224e+001  0.000000e+000
      vertex -3.905481e+001  1.680940e+001  4.000000e+000
      vertex -3.811561e+001  1.732224e+001  4.000000e+000
    endloop
  endfacet
  facet normal -3.494641e-001  9.369498e-001  0.000000e+000
    outer loop
      vertex -3.811561e+001  1.732224e+001  0.000000e+000
      vertex -3.811561e+001  1.732224e+001  4.000000e+000
      vertex -3.711300e+001  1.769620e+001  0.000000e+000
    endloop
  endfacet
  facet normal -3.494641e-001  9.369498e-001  0.000000e+000
    outer loop
      vertex -3.711300e+001  1.769620e+001  0.000000e+000
      vertex -3.811561e+001  1.732224e+001  4.000000e+000
      vertex -3.711300e+001  1.769620e+001  4.000000e+000
    endloop
  endfacet
  facet normal -2.125642e-001  9.771470e-001  0.000000e+000
    outer loop
      vertex -3.711300e+001  1.769620e+001  0.000000e+000
      vertex -3.711300e+001  1.769620e+001  4.000000e+000
      vertex -3.606736e+001  1.792366e+001  0.000000e+000
    endloop
  endfacet
  facet normal -2.125642e-001  9.771470e-001  0.000000e+000
    outer loop
      vertex -3.606736e+001  1.792366e+001  0.000000e+000
      vertex -3.711300e+001  1.769620e+001  4.000000e+000
      vertex -3.606736e+001  1.792366e+001  4.000000e+000
    endloop
  endfacet
  facet normal -7.133977e-002  9.974520e-001  0.000000e+000
    outer loop
      vertex -3.606736e+001  1.792366e+001  0.000000e+000
      vertex -3.606736e+001  1.792366e+001  4.000000e+000
      vertex -3.500000e+001  1.800000e+001  0.000000e+000
    endloop
  endfacet
  facet normal -7.133977e-002  9.974520e-001  0.000000e+000
    outer loop
      vertex -3.500000e+001  1.800000e+001  0.000000e+000
      vertex -3.606736e+001  1.792366e+001  4.000000e+000
      vertex -3.500000e+001  1.800000e+001  4.000000e+000
    endloop
  endfacet
  facet normal -9.999999e-001  -0.000000e+000  0.000000e+000
    outer loop
      vertex -4.250000e+001  8.046739e+000  4.000000e+000
      vertex -4.250000e+001  1.050000e+001  4.000000e+000
      vertex -4.250000e+001  8.046739e+000  2.000000e+000
    endloop
  endfacet
  facet normal -1.000000e+000  0.000000e+000  0.000000e+000
    outer loop
      vertex -4.250000e+001  8.046739e+000  2.000000e+000
      vertex -4.250000e+001  1.050000e+001  4.000000e+000
      vertex -4.250000e+001  1.000000e+001  2.000000e+000
    endloop
  endfacet
  facet normal -1.000000e+000  0.000000e+000  0.000000e+000
    outer loop
      vertex -4.250000e+001  1.050000e+001  4.000000e+000
      vertex -4.250000e+001  1.050000e+001  0.000000e+000
      vertex -4.250000e+001  1.000000e+001  2.000000e+000
    endloop
  endfacet
  facet normal -1.000000e+000  0.000000e+000  0.000000e+000
    outer loop
      vertex -4.250000e+001  1.000000e+001  2.000000e+000
      vertex -4.250000e+001  1.050000e+001  0.000000e+000
      vertex -4.250000e+001  1.000000e+001  0.000000e+000
    endloop
  endfacet
  facet normal  0.000000e+000  1.000000e+000  0.000000e+000
    outer loop
      vertex -4.250000e+001 -1.000000e+001  0.000000e+000
      vertex -4.250000e+001 -1.000000e+001  2.000000e+000
      vertex -3.950000e+001 -1.000000e+001  0.000000e+000
    endloop
  endfacet
  facet normal  0.000000e+000  1.000000e+000  -0.000000e+000
    outer loop
      vertex -3.950000e+001 -1.000000e+001  0.000000e+000
      vertex -4.250000e+001 -1.000000e+001  2.000000e+000
      vertex -3.950000e+001 -1.000000e+001  2.000000e+000
    endloop
  endfacet
  facet normal  0.000000e+000 -1.000000e+000  -0.000000e+000
    outer loop
      vertex  4.250000e+001  1.000000e+001  0.000000e+000
      vertex  4.250000e+001  1.000000e+001  2.000000e+000
      vertex  3.950000e+001  1.000000e+001  0.000000e+000
    endloop
  endfacet
  facet normal  0.000000e+000 -1.000000e+000  0.000000e+000
    outer loop
      vertex  3.950000e+001  1.000000e+001  0.000000e+000
      vertex  4.250000e+001  1.000000e+001  2.000000e+000
      vertex  3.950000e+001  1.000000e+001  2.000000e+000
    endloop
  endfacet
  facet normal  1.000000e+000  0.000000e+000  0.000000e+000
    outer loop
      vertex -3.950000e+001 -1.200000e+001  0.000000e+000
      vertex -3.950000e+001 -1.000000e+001  0.000000e+000
      vertex -3.950000e+001 -1.200000e+001  2.000000e+000
    endloop
  endfacet
  facet normal  1.000000e+000  -0.000000e+000  0.000000e+000
    outer loop
      vertex -3.950000e+001 -1.200000e+001  2.000000e+000
      vertex -3.950000e+001 -1.000000e+001  0.000000e+000
      vertex -3.950000e+001 -1.000000e+001  2.000000e+000
    endloop
  endfacet
  facet normal -1.000000e+000  0.000000e+000  0.000000e+000
    outer loop
      vertex  3.950000e+001 -1.200000e+001  0.000000e+000
      vertex  3.950000e+001 -1.200000e+001  2.000000e+000
      vertex  3.950000e+001 -1.000000e+001  0.000000e+000
    endloop
  endfacet
  facet normal -1.000000e+000  0.000000e+000  0.000000e+000
    outer loop
      vertex  3.950000e+001 -1.000000e+001  0.000000e+000
      vertex  3.950000e+001 -1.200000e+001  2.000000e+000
      vertex  3.950000e+001 -1.000000e+001  2.000000e+000
    endloop
  endfacet
  facet normal  0.000000e+000  1.000000e+000  0.000000e+000
    outer loop
      vertex  2.750000e+001 -1.200000e+001  0.000000e+000
      vertex  2.750000e+001 -1.200000e+001  2.000000e+000
      vertex  3.950000e+001 -1.200000e+001  0.000000e+000
    endloop
  endfacet
  facet normal  0.000000e+000  1.000000e+000  -0.000000e+000
    outer loop
      vertex  3.950000e+001 -1.200000e+001  0.000000e+000
      vertex  2.750000e+001 -1.200000e+001  2.000000e+000
      vertex  3.950000e+001 -1.200000e+001  2.000000e+000
    endloop
  endfacet
  facet normal  1.000000e+000  0.000000e+000  0.000000e+000
    outer loop
      vertex  2.750000e+001 -8.000000e+000  0.000000e+000
      vertex  2.750000e+001 -8.000000e+000  2.000000e+000
      vertex  2.750000e+001 -1.200000e+001  0.000000e+000
    endloop
  endfacet
  facet normal  1.000000e+000  0.000000e+000  0.000000e+000
    outer loop
      vertex  2.750000e+001 -1.200000e+001  0.000000e+000
      vertex  2.750000e+001 -8.000000e+000  2.000000e+000
      vertex  2.750000e+001 -1.200000e+001  2.000000e+000
    endloop
  endfacet
  facet normal  0.000000e+000 -1.000000e+000  -0.000000e+000
    outer loop
      vertex  3.450000e+001 -8.000000e+000  0.000000e+000
      vertex  3.450000e+001 -8.000000e+000  2.000000e+000
      vertex  2.750000e+001 -8.000000e+000  0.000000e+000
    endloop
  endfacet
  facet normal  0.000000e+000 -1.000000e+000  0.000000e+000
    outer loop
      vertex  2.750000e+001 -8.000000e+000  0.000000e+000
      vertex  3.450000e+001 -8.000000e+000  2.000000e+000
      vertex  2.750000e+001 -8.000000e+000  2.000000e+000
    endloop
  endfacet
  facet normal  1.000000e+000  0.000000e+000  0.000000e+000
    outer loop
      vertex  3.450000e+001 -5.500000e+000  0.000000e+000
      vertex  3.450000e+001 -5.500000e+000  2.000000e+000
      vertex  3.450000e+001 -8.000000e+000  0.000000e+000
    endloop
  endfacet
  facet normal  1.000000e+000  0.000000e+000  0.000000e+000
    outer loop
      vertex  3.450000e+001 -8.000000e+000  0.000000e+000
      vertex  3.450000e+001 -5.500000e+000  2.000000e+000
      vertex  3.450000e+001 -8.000000e+000  2.000000e+000
    endloop
  endfacet
  facet normal  0.000000e+000  1.000000e+000  0.000000e+000
    outer loop
      vertex  2.450000e+001 -5.500000e+000  0.000000e+000
      vertex  2.450000e+001 -5.500000e+000  2.000000e+000
      vertex  3.450000e+001 -5.500000e+000  0.000000e+000
    endloop
  endfacet
  facet normal  0.000000e+000  1.000000e+000  -0.000000e+000
    outer loop
      vertex  3.450000e+001 -5.500000e+000  0.000000e+000
      vertex  2.450000e+001 -5.500000e+000  2.000000e+000
      vertex  3.450000e+001 -5.500000e+000  2.000000e+000
    endloop
  endfacet
  facet normal  1.000000e+000  0.000000e+000  0.000000e+000
    outer loop
      vertex  2.450000e+001 -2.664535e-015  0.000000e+000
      vertex  2.450000e+001 -2.664535e-015  2.000000e+000
      vertex  2.450000e+001 -5.500000e+000  0.000000e+000
    endloop
  endfacet
  facet normal  1.000000e+000  0.000000e+000  0.000000e+000
    outer loop
      vertex  2.450000e+001 -5.500000e+000  0.000000e+000
      vertex  2.450000e+001 -2.664535e-015  2.000000e+000
      vertex  2.450000e+001 -5.500000e+000  2.000000e+000
    endloop
  endfacet
  facet normal  1.000000e+000  0.000000e+000  0.000000e+000
    outer loop
      vertex  2.450000e+001  5.500000e+000  0.000000e+000
      vertex  2.450000e+001  5.500000e+000  2.000000e+000
      vertex  2.450000e+001 -2.664535e-015  0.000000e+000
    endloop
  endfacet
  facet normal  1.000000e+000  0.000000e+000  0.000000e+000
    outer loop
      vertex  2.450000e+001 -2.664535e-015  0.000000e+000
      vertex  2.450000e+001  5.500000e+000  2.000000e+000
      vertex  2.450000e+001 -2.664535e-015  2.000000e+000
    endloop
  endfacet
  facet normal  0.000000e+000 -1.000000e+000  -0.000000e+000
    outer loop
      vertex  3.450000e+001  5.500000e+000  0.000000e+000
      vertex  3.450000e+001  5.500000e+000  2.000000e+000
      vertex  2.450000e+001  5.500000e+000  0.000000e+000
    endloop
  endfacet
  facet normal  0.000000e+000 -1.000000e+000  0.000000e+000
    outer loop
      vertex  2.450000e+001  5.500000e+000  0.000000e+000
      vertex  3.450000e+001  5.500000e+000  2.000000e+000
      vertex  2.450000e+001  5.500000e+000  2.000000e+000
    endloop
  endfacet
  facet normal  1.000000e+000  0.000000e+000  0.000000e+000
    outer loop
      vertex  3.450000e+001  8.000000e+000  0.000000e+000
      vertex  3.450000e+001  8.000000e+000  2.000000e+000
      vertex  3.450000e+001  5.500000e+000  0.000000e+000
    endloop
  endfacet
  facet normal  1.000000e+000  0.000000e+000  0.000000e+000
    outer loop
      vertex  3.450000e+001  5.500000e+000  0.000000e+000
      vertex  3.450000e+001  8.000000e+000  2.000000e+000
      vertex  3.450000e+001  5.500000e+000  2.000000e+000
    endloop
  endfacet
  facet normal  0.000000e+000  1.000000e+000  0.000000e+000
    outer loop
      vertex  2.750000e+001  8.000000e+000  0.000000e+000
      vertex  2.750000e+001  8.000000e+000  2.000000e+000
      vertex  3.450000e+001  8.000000e+000  0.000000e+000
    endloop
  endfacet
  facet normal  0.000000e+000  1.000000e+000  -0.000000e+000
    outer loop
      vertex  3.450000e+001  8.000000e+000  0.000000e+000
      vertex  2.750000e+001  8.000000e+000  2.000000e+000
      vertex  3.450000e+001  8.000000e+000  2.000000e+000
    endloop
  endfacet
  facet normal  1.000000e+000  0.000000e+000  0.000000e+000
    outer loop
      vertex  2.750000e+001  1.200000e+001  0.000000e+000
      vertex  2.750000e+001  1.200000e+001  2.000000e+000
      vertex  2.750000e+001  8.000000e+000  0.000000e+000
    endloop
  endfacet
  facet normal  1.000000e+000  0.000000e+000  0.000000e+000
    outer loop
      vertex  2.750000e+001  8.000000e+000  0.000000e+000
      vertex  2.750000e+001  1.200000e+001  2.000000e+000
      vertex  2.750000e+001  8.000000e+000  2.000000e+000
    endloop
  endfacet
  facet normal  0.000000e+000 -1.000000e+000  -0.000000e+000
    outer loop
      vertex  3.950000e+001  1.200000e+001  0.000000e+000
      vertex  3.950000e+001  1.200000e+001  2.000000e+000
      vertex  2.750000e+001  1.200000e+001  0.000000e+000
    endloop
  endfacet
  facet normal  0.000000e+000 -1.000000e+000  0.000000e+000
    outer loop
      vertex  2.750000e+001  1.200000e+001  0.000000e+000
      vertex  3.950000e+001  1.200000e+001  2.000000e+000
      vertex  2.750000e+001  1.200000e+001  2.000000e+000
    endloop
  endfacet
  facet normal -1.000000e+000  0.000000e+000  0.000000e+000
    outer loop
      vertex  3.950000e+001  1.000000e+001  0.000000e+000
      vertex  3.950000e+001  1.000000e+001  2.000000e+000
      vertex  3.950000e+001  1.200000e+001  0.000000e+000
    endloop
  endfacet
  facet normal -1.000000e+000  0.000000e+000  0.000000e+000
    outer loop
      vertex  3.950000e+001  1.200000e+001  0.000000e+000
      vertex  3.950000e+001  1.000000e+001  2.000000e+000
      vertex  3.950000e+001  1.200000e+001  2.000000e+000
    endloop
  endfacet
  facet normal  1.000000e+000  0.000000e+000  0.000000e+000
    outer loop
      vertex -3.950000e+001  1.000000e+001  0.000000e+000
      vertex -3.950000e+001  1.200000e+001  0.000000e+000
      vertex -3.950000e+001  1.000000e+001  2.000000e+000
    endloop
  endfacet
  facet normal  1.000000e+000  -0.000000e+000  0.000000e+000
    outer loop
      vertex -3.950000e+001  1.000000e+001  2.000000e+000
      vertex -3.950000e+001  1.200000e+001  0.000000e+000
      vertex -3.950000e+001  1.200000e+001  2.000000e+000
    endloop
  endfacet
  facet normal  0.000000e+000 -1.000000e+000  -0.000000e+000
    outer loop
      vertex -2.750000e+001  1.200000e+001  0.000000e+000
      vertex -2.750000e+001  1.200000e+001  2.000000e+000
      vertex -3.950000e+001  1.200000e+001  0.000000e+000
    endloop
  endfacet
  facet normal  0.000000e+000 -1.000000e+000  0.000000e+000
    outer loop
      vertex -3.950000e+001  1.200000e+001  0.000000e+000
      vertex -2.750000e+001  1.200000e+001  2.000000e+000
      vertex -3.950000e+001  1.200000e+001  2.000000e+000
    endloop
  endfacet
  facet normal -1.000000e+000  0.000000e+000  0.000000e+000
    outer loop
      vertex -2.750000e+001  1.200000e+001  0.000000e+000
      vertex -2.750000e+001  8.000000e+000  0.000000e+000
      vertex -2.750000e+001  1.200000e+001  2.000000e+000
    endloop
  endfacet
  facet normal -1.000000e+000  -0.000000e+000  0.000000e+000
    outer loop
      vertex -2.750000e+001  1.200000e+001  2.000000e+000
      vertex -2.750000e+001  8.000000e+000  0.000000e+000
      vertex -2.750000e+001  8.000000e+000  2.000000e+000
    endloop
  endfacet
  facet normal  0.000000e+000  1.000000e+000  0.000000e+000
    outer loop
      vertex -3.450000e+001  8.000000e+000  0.000000e+000
      vertex -3.450000e+001  8.000000e+000  2.000000e+000
      vertex -2.750000e+001  8.000000e+000  0.000000e+000
    endloop
  endfacet
  facet normal  0.000000e+000  1.000000e+000  -0.000000e+000
    outer loop
      vertex -2.750000e+001  8.000000e+000  0.000000e+000
      vertex -3.450000e+001  8.000000e+000  2.000000e+000
      vertex -2.750000e+001  8.000000e+000  2.000000e+000
    endloop
  endfacet
  facet normal -1.000000e+000  0.000000e+000  0.000000e+000
    outer loop
      vertex -3.450000e+001  8.000000e+000  0.000000e+000
      vertex -3.450000e+001  5.500000e+000  0.000000e+000
      vertex -3.450000e+001  8.000000e+000  2.000000e+000
    endloop
  endfacet
  facet normal -1.000000e+000  -0.000000e+000  0.000000e+000
    outer loop
      vertex -3.450000e+001  8.000000e+000  2.000000e+000
      vertex -3.450000e+001  5.500000e+000  0.000000e+000
      vertex -3.450000e+001  5.500000e+000  2.000000e+000
    endloop
  endfacet
  facet normal  0.000000e+000 -1.000000e+000  -0.000000e+000
    outer loop
      vertex -2.450000e+001  5.500000e+000  0.000000e+000
      vertex -2.450000e+001  5.500000e+000  2.000000e+000
      vertex -3.450000e+001  5.500000e+000  0.000000e+000
    endloop
  endfacet
  facet normal  0.000000e+000 -1.000000e+000  0.000000e+000
    outer loop
      vertex -3.450000e+001  5.500000e+000  0.000000e+000
      vertex -2.450000e+001  5.500000e+000  2.000000e+000
      vertex -3.450000e+001  5.500000e+000  2.000000e+000
    endloop
  endfacet
  facet normal -1.000000e+000  0.000000e+000  0.000000e+000
    outer loop
      vertex -2.450000e+001  5.500000e+000  0.000000e+000
      vertex -2.450000e+001  2.664535e-015  0.000000e+000
      vertex -2.450000e+001  5.500000e+000  2.000000e+000
    endloop
  endfacet
  facet normal -1.000000e+000  -0.000000e+000  0.000000e+000
    outer loop
      vertex -2.450000e+001  5.500000e+000  2.000000e+000
      vertex -2.450000e+001  2.664535e-015  0.000000e+000
      vertex -2.450000e+001  2.664535e-015  2.000000e+000
    endloop
  endfacet
  facet normal -1.000000e+000  0.000000e+000  0.000000e+000
    outer loop
      vertex -2.450000e+001  2.664535e-015  0.000000e+000
      vertex -2.450000e+001 -5.500000e+000  0.000000e+000
      vertex -2.450000e+001  2.664535e-015  2.000000e+000
    endloop
  endfacet
  facet normal -1.000000e+000  -0.000000e+000  0.000000e+000
    outer loop
      vertex -2.450000e+001  2.664535e-015  2.000000e+000
      vertex -2.450000e+001 -5.500000e+000  0.000000e+000
      vertex -2.450000e+001 -5.500000e+000  2.000000e+000
    endloop
  endfacet
  facet normal  0.000000e+000  1.000000e+000  0.000000e+000
    outer loop
      vertex -3.450000e+001 -5.500000e+000  0.000000e+000
      vertex -3.450000e+001 -5.500000e+000  2.000000e+000
      vertex -2.450000e+001 -5.500000e+000  0.000000e+000
    endloop
  endfacet
  facet normal  0.000000e+000  1.000000e+000  -0.000000e+000
    outer loop
      vertex -2.450000e+001 -5.500000e+000  0.000000e+000
      vertex -3.450000e+001 -5.500000e+000  2.000000e+000
      vertex -2.450000e+001 -5.500000e+000  2.000000e+000
    endloop
  endfacet
  facet normal -1.000000e+000  0.000000e+000  0.000000e+000
    outer loop
      vertex -3.450000e+001 -5.500000e+000  0.000000e+000
      vertex -3.450000e+001 -8.000000e+000  0.000000e+000
      vertex -3.450000e+001 -5.500000e+000  2.000000e+000
    endloop
  endfacet
  facet normal -1.000000e+000  -0.000000e+000  0.000000e+000
    outer loop
      vertex -3.450000e+001 -5.500000e+000  2.000000e+000
      vertex -3.450000e+001 -8.000000e+000  0.000000e+000
      vertex -3.450000e+001 -8.000000e+000  2.000000e+000
    endloop
  endfacet
  facet normal  0.000000e+000 -1.000000e+000  -0.000000e+000
    outer loop
      vertex -2.750000e+001 -8.000000e+000  0.000000e+000
      vertex -2.750000e+001 -8.000000e+000  2.000000e+000
      vertex -3.450000e+001 -8.000000e+000  0.000000e+000
    endloop
  endfacet
  facet normal  0.000000e+000 -1.000000e+000  0.000000e+000
    outer loop
      vertex -3.450000e+001 -8.000000e+000  0.000000e+000
      vertex -2.750000e+001 -8.000000e+000  2.000000e+000
      vertex -3.450000e+001 -8.000000e+000  2.000000e+000
    endloop
  endfacet
  facet normal -1.000000e+000  0.000000e+000  0.000000e+000
    outer loop
      vertex -2.750000e+001 -8.000000e+000  0.000000e+000
      vertex -2.750000e+001 -1.200000e+001  0.000000e+000
      vertex -2.750000e+001 -8.000000e+000  2.000000e+000
    endloop
  endfacet
  facet normal -1.000000e+000  -0.000000e+000  0.000000e+000
    outer loop
      vertex -2.750000e+001 -8.000000e+000  2.000000e+000
      vertex -2.750000e+001 -1.200000e+001  0.000000e+000
      vertex -2.750000e+001 -1.200000e+001  2.000000e+000
    endloop
  endfacet
  facet normal  0.000000e+000  1.000000e+000  0.000000e+000
    outer loop
      vertex -3.950000e+001 -1.200000e+001  0.000000e+000
      vertex -3.950000e+001 -1.200000e+001  2.000000e+000
      vertex -2.750000e+001 -1.200000e+001  0.000000e+000
    endloop
  endfacet
  facet normal  0.000000e+000  1.000000e+000  -0.000000e+000
    outer loop
      vertex -2.750000e+001 -1.200000e+001  0.000000e+000
      vertex -3.950000e+001 -1.200000e+001  2.000000e+000
      vertex -2.750000e+001 -1.200000e+001  2.000000e+000
    endloop
  endfacet
  facet normal  0.000000e+000 -1.000000e+000  -0.000000e+000
    outer loop
      vertex -3.950000e+001  1.000000e+001  0.000000e+000
      vertex -3.950000e+001  1.000000e+001  2.000000e+000
      vertex -4.250000e+001  1.000000e+001  0.000000e+000
    endloop
  endfacet
  facet normal  0.000000e+000 -1.000000e+000  0.000000e+000
    outer loop
      vertex -4.250000e+001  1.000000e+001  0.000000e+000
      vertex -3.950000e+001  1.000000e+001  2.000000e+000
      vertex -4.250000e+001  1.000000e+001  2.000000e+000
    endloop
  endfacet
  facet normal  0.000000e+000  1.000000e+000  0.000000e+000
    outer loop
      vertex  3.950000e+001 -1.000000e+001  0.000000e+000
      vertex  3.950000e+001 -1.000000e+001  2.000000e+000
      vertex  4.250000e+001 -1.000000e+001  0.000000e+000
    endloop
  endfacet
  facet normal  0.000000e+000  1.000000e+000  -0.000000e+000
    outer loop
      vertex  4.250000e+001 -1.000000e+001  0.000000e+000
      vertex  3.950000e+001 -1.000000e+001  2.000000e+000
      vertex  4.250000e+001 -1.000000e+001  2.000000e+000
    endloop
  endfacet
  facet normal  7.730104e-001 -6.343932e-001  0.000000e+000
    outer loop
      vertex -1.882843e+001  1.332843e+001  0.000000e+000
      vertex -1.932588e+001  1.272228e+001  4.000000e+000
      vertex -1.932588e+001  1.272228e+001  0.000000e+000
    endloop
  endfacet
  facet normal  8.819208e-001 -4.713978e-001  0.000000e+000
    outer loop
      vertex -1.932588e+001  1.272228e+001  0.000000e+000
      vertex -1.932588e+001  1.272228e+001  4.000000e+000
      vertex -1.969552e+001  1.203073e+001  4.000000e+000
    endloop
  endfacet
  facet normal  8.819208e-001 -4.713978e-001  0.000000e+000
    outer loop
      vertex -1.932588e+001  1.272228e+001  0.000000e+000
      vertex -1.969552e+001  1.203073e+001  4.000000e+000
      vertex -1.969552e+001  1.203073e+001  0.000000e+000
    endloop
  endfacet
  facet normal  9.569404e-001 -2.902845e-001  0.000000e+000
    outer loop
      vertex -1.969552e+001  1.203073e+001  0.000000e+000
      vertex -1.969552e+001  1.203073e+001  4.000000e+000
      vertex -1.992314e+001  1.128036e+001  4.000000e+000
    endloop
  endfacet
  facet normal  9.569404e-001 -2.902845e-001  0.000000e+000
    outer loop
      vertex -1.969552e+001  1.203073e+001  0.000000e+000
      vertex -1.992314e+001  1.128036e+001  4.000000e+000
      vertex -1.992314e+001  1.128036e+001  0.000000e+000
    endloop
  endfacet
  facet normal  9.951848e-001 -9.801670e-002  0.000000e+000
    outer loop
      vertex -1.992314e+001  1.128036e+001  0.000000e+000
      vertex -1.992314e+001  1.128036e+001  4.000000e+000
      vertex -2.000000e+001  1.050000e+001  4.000000e+000
    endloop
  endfacet
  facet normal  9.951848e-001 -9.801670e-002  0.000000e+000
    outer loop
      vertex -1.992314e+001  1.128036e+001  0.000000e+000
      vertex -2.000000e+001  1.050000e+001  4.000000e+000
      vertex -2.000000e+001  1.050000e+001  0.000000e+000
    endloop
  endfacet
  facet normal  7.730104e-001 -6.343932e-001  0.000000e+000
    outer loop
      vertex -1.932588e+001  1.272228e+001  4.000000e+000
      vertex -1.882843e+001  1.332843e+001  0.000000e+000
      vertex -1.882843e+001  1.332843e+001  4.000000e+000
    endloop
  endfacet
  facet normal  6.343931e-001 -7.730106e-001  0.000000e+000
    outer loop
      vertex -1.882843e+001  1.332843e+001  4.000000e+000
      vertex -1.882843e+001  1.332843e+001  0.000000e+000
      vertex -1.822228e+001  1.382588e+001  0.000000e+000
    endloop
  endfacet
  facet normal  6.343931e-001 -7.730106e-001  0.000000e+000
    outer loop
      vertex -1.882843e+001  1.332843e+001  4.000000e+000
      vertex -1.822228e+001  1.382588e+001  0.000000e+000
      vertex -1.822228e+001  1.382588e+001  4.000000e+000
    endloop
  endfacet
  facet normal  4.713973e-001 -8.819209e-001  0.000000e+000
    outer loop
      vertex -1.822228e+001  1.382588e+001  4.000000e+000
      vertex -1.822228e+001  1.382588e+001  0.000000e+000
      vertex -1.753073e+001  1.419552e+001  0.000000e+000
    endloop
  endfacet
  facet normal  4.713973e-001 -8.819209e-001  0.000000e+000
    outer loop
      vertex -1.822228e+001  1.382588e+001  4.000000e+000
      vertex -1.753073e+001  1.419552e+001  0.000000e+000
      vertex -1.753073e+001  1.419552e+001  4.000000e+000
    endloop
  endfacet
  facet normal  2.902848e-001 -9.569402e-001  0.000000e+000
    outer loop
      vertex -1.753073e+001  1.419552e+001  4.000000e+000
      vertex -1.753073e+001  1.419552e+001  0.000000e+000
      vertex -1.678036e+001  1.442314e+001  0.000000e+000
    endloop
  endfacet
  facet normal  2.902848e-001 -9.569402e-001  0.000000e+000
    outer loop
      vertex -1.753073e+001  1.419552e+001  4.000000e+000
      vertex -1.678036e+001  1.442314e+001  0.000000e+000
      vertex -1.678036e+001  1.442314e+001  4.000000e+000
    endloop
  endfacet
  facet normal  9.801670e-002 -9.951848e-001  0.000000e+000
    outer loop
      vertex -1.678036e+001  1.442314e+001  4.000000e+000
      vertex -1.678036e+001  1.442314e+001  0.000000e+000
      vertex -1.600000e+001  1.450000e+001  0.000000e+000
    endloop
  endfacet
  facet normal  9.801670e-002 -9.951848e-001  0.000000e+000
    outer loop
      vertex -1.678036e+001  1.442314e+001  4.000000e+000
      vertex -1.600000e+001  1.450000e+001  0.000000e+000
      vertex -1.600000e+001  1.450000e+001  4.000000e+000
    endloop
  endfacet
  facet normal  1.000000e+000  -0.000000e+000  0.000000e+000
    outer loop
      vertex -2.000000e+001  1.050000e+001  4.000000e+000
      vertex -2.000000e+001 -1.050000e+001  4.000000e+000
      vertex -2.000000e+001  1.050000e+001  0.000000e+000
    endloop
  endfacet
  facet normal  1.000000e+000  0.000000e+000  0.000000e+000
    outer loop
      vertex -2.000000e+001  1.050000e+001  0.000000e+000
      vertex -2.000000e+001 -1.050000e+001  4.000000e+000
      vertex -2.000000e+001 -1.050000e+001  0.000000e+000
    endloop
  endfacet
  facet normal  6.343931e-001  7.730106e-001  0.000000e+000
    outer loop
      vertex -1.882843e+001 -1.332843e+001  0.000000e+000
      vertex -1.822228e+001 -1.382588e+001  4.000000e+000
      vertex -1.822228e+001 -1.382588e+001  0.000000e+000
    endloop
  endfacet
  facet normal  4.713973e-001  8.819209e-001  -0.000000e+000
    outer loop
      vertex -1.822228e+001 -1.382588e+001  0.000000e+000
      vertex -1.822228e+001 -1.382588e+001  4.000000e+000
      vertex -1.753073e+001 -1.419552e+001  4.000000e+000
    endloop
  endfacet
  facet normal  4.713973e-001  8.819209e-001  0.000000e+000
    outer loop
      vertex -1.822228e+001 -1.382588e+001  0.000000e+000
      vertex -1.753073e+001 -1.419552e+001  4.000000e+000
      vertex -1.753073e+001 -1.419552e+001  0.000000e+000
    endloop
  endfacet
  facet normal  2.902848e-001  9.569402e-001  -0.000000e+000
    outer loop
      vertex -1.753073e+001 -1.419552e+001  0.000000e+000
      vertex -1.753073e+001 -1.419552e+001  4.000000e+000
      vertex -1.678036e+001 -1.442314e+001  4.000000e+000
    endloop
  endfacet
  facet normal  2.902848e-001  9.569402e-001  0.000000e+000
    outer loop
      vertex -1.753073e+001 -1.419552e+001  0.000000e+000
      vertex -1.678036e+001 -1.442314e+001  4.000000e+000
      vertex -1.678036e+001 -1.442314e+001  0.000000e+000
    endloop
  endfacet
  facet normal  9.801670e-002  9.951848e-001  -0.000000e+000
    outer loop
      vertex -1.678036e+001 -1.442314e+001  0.000000e+000
      vertex -1.678036e+001 -1.442314e+001  4.000000e+000
      vertex -1.600000e+001 -1.450000e+001  4.000000e+000
    endloop
  endfacet
  facet normal  9.801670e-002  9.951848e-001  0.000000e+000
    outer loop
      vertex -1.678036e+001 -1.442314e+001  0.000000e+000
      vertex -1.600000e+001 -1.450000e+001  4.000000e+000
      vertex -1.600000e+001 -1.450000e+001  0.000000e+000
    endloop
  endfacet
  facet normal  6.343931e-001  7.730106e-001  -0.000000e+000
    outer loop
      vertex -1.822228e+001 -1.382588e+001  4.000000e+000
      vertex -1.882843e+001 -1.332843e+001  0.000000e+000
      vertex -1.882843e+001 -1.332843e+001  4.000000e+000
    endloop
  endfacet
  facet normal  7.730104e-001  6.343932e-001  0.000000e+000
    outer loop
      vertex -1.882843e+001 -1.332843e+001  4.000000e+000
      vertex -1.882843e+001 -1.332843e+001  0.000000e+000
      vertex -1.932588e+001 -1.272228e+001  0.000000e+000
    endloop
  endfacet
  facet normal  7.730104e-001  6.343932e-001  -0.000000e+000
    outer loop
      vertex -1.882843e+001 -1.332843e+001  4.000000e+000
      vertex -1.932588e+001 -1.272228e+001  0.000000e+000
      vertex -1.932588e+001 -1.272228e+001  4.000000e+000
    endloop
  endfacet
  facet normal  8.819208e-001  4.713978e-001  0.000000e+000
    outer loop
      vertex -1.932588e+001 -1.272228e+001  4.000000e+000
      vertex -1.932588e+001 -1.272228e+001  0.000000e+000
      vertex -1.969552e+001 -1.203073e+001  0.000000e+000
    endloop
  endfacet
  facet normal  8.819208e-001  4.713978e-001  -0.000000e+000
    outer loop
      vertex -1.932588e+001 -1.272228e+001  4.000000e+000
      vertex -1.969552e+001 -1.203073e+001  0.000000e+000
      vertex -1.969552e+001 -1.203073e+001  4.000000e+000
    endloop
  endfacet
  facet normal  9.569404e-001  2.902845e-001  0.000000e+000
    outer loop
      vertex -1.969552e+001 -1.203073e+001  4.000000e+000
      vertex -1.969552e+001 -1.203073e+001  0.000000e+000
      vertex -1.992314e+001 -1.128036e+001  0.000000e+000
    endloop
  endfacet
  facet normal  9.569404e-001  2.902845e-001  -0.000000e+000
    outer loop
      vertex -1.969552e+001 -1.203073e+001  4.000000e+000
      vertex -1.992314e+001 -1.128036e+001  0.000000e+000
      vertex -1.992314e+001 -1.128036e+001  4.000000e+000
    endloop
  endfacet
  facet normal  9.951848e-001  9.801670e-002  0.000000e+000
    outer loop
      vertex -1.992314e+001 -1.128036e+001  4.000000e+000
      vertex -1.992314e+001 -1.128036e+001  0.000000e+000
      vertex -2.000000e+001 -1.050000e+001  0.000000e+000
    endloop
  endfacet
  facet normal  9.951848e-001  9.801670e-002  -0.000000e+000
    outer loop
      vertex -1.992314e+001 -1.128036e+001  4.000000e+000
      vertex -2.000000e+001 -1.050000e+001  0.000000e+000
      vertex -2.000000e+001 -1.050000e+001  4.000000e+000
    endloop
  endfacet
  facet normal -7.730104e-001  6.343932e-001  0.000000e+000
    outer loop
      vertex  1.882843e+001 -1.332843e+001  0.000000e+000
      vertex  1.932588e+001 -1.272228e+001  4.000000e+000
      vertex  1.932588e+001 -1.272228e+001  0.000000e+000
    endloop
  endfacet
  facet normal -8.819208e-001  4.713978e-001  0.000000e+000
    outer loop
      vertex  1.932588e+001 -1.272228e+001  0.000000e+000
      vertex  1.932588e+001 -1.272228e+001  4.000000e+000
      vertex  1.969552e+001 -1.203073e+001  4.000000e+000
    endloop
  endfacet
  facet normal -8.819208e-001  4.713978e-001  0.000000e+000
    outer loop
      vertex  1.932588e+001 -1.272228e+001  0.000000e+000
      vertex  1.969552e+001 -1.203073e+001  4.000000e+000
      vertex  1.969552e+001 -1.203073e+001  0.000000e+000
    endloop
  endfacet
  facet normal -9.569404e-001  2.902845e-001  0.000000e+000
    outer loop
      vertex  1.969552e+001 -1.203073e+001  0.000000e+000
      vertex  1.969552e+001 -1.203073e+001  4.000000e+000
      vertex  1.992314e+001 -1.128036e+001  4.000000e+000
    endloop
  endfacet
  facet normal -9.569404e-001  2.902845e-001  0.000000e+000
    outer loop
      vertex  1.969552e+001 -1.203073e+001  0.000000e+000
      vertex  1.992314e+001 -1.128036e+001  4.000000e+000
      vertex  1.992314e+001 -1.128036e+001  0.000000e+000
    endloop
  endfacet
  facet normal -9.951848e-001  9.801670e-002  0.000000e+000
    outer loop
      vertex  1.992314e+001 -1.128036e+001  0.000000e+000
      vertex  1.992314e+001 -1.128036e+001  4.000000e+000
      vertex  2.000000e+001 -1.050000e+001  4.000000e+000
    endloop
  endfacet
  facet normal -9.951848e-001  9.801670e-002  0.000000e+000
    outer loop
      vertex  1.992314e+001 -1.128036e+001  0.000000e+000
      vertex  2.000000e+001 -1.050000e+001  4.000000e+000
      vertex  2.000000e+001 -1.050000e+001  0.000000e+000
    endloop
  endfacet
  facet normal -7.730104e-001  6.343932e-001  0.000000e+000
    outer loop
      vertex  1.932588e+001 -1.272228e+001  4.000000e+000
      vertex  1.882843e+001 -1.332843e+001  0.000000e+000
      vertex  1.882843e+001 -1.332843e+001  4.000000e+000
    endloop
  endfacet
  facet normal -6.343931e-001  7.730106e-001  0.000000e+000
    outer loop
      vertex  1.882843e+001 -1.332843e+001  4.000000e+000
      vertex  1.882843e+001 -1.332843e+001  0.000000e+000
      vertex  1.822228e+001 -1.382588e+001  0.000000e+000
    endloop
  endfacet
  facet normal -6.343931e-001  7.730106e-001  0.000000e+000
    outer loop
      vertex  1.882843e+001 -1.332843e+001  4.000000e+000
      vertex  1.822228e+001 -1.382588e+001  0.000000e+000
      vertex  1.822228e+001 -1.382588e+001  4.000000e+000
    endloop
  endfacet
  facet normal -4.713973e-001  8.819209e-001  0.000000e+000
    outer loop
      vertex  1.822228e+001 -1.382588e+001  4.000000e+000
      vertex  1.822228e+001 -1.382588e+001  0.000000e+000
      vertex  1.753073e+001 -1.419552e+001  0.000000e+000
    endloop
  endfacet
  facet normal -4.713973e-001  8.819209e-001  0.000000e+000
    outer loop
      vertex  1.822228e+001 -1.382588e+001  4.000000e+000
      vertex  1.753073e+001 -1.419552e+001  0.000000e+000
      vertex  1.753073e+001 -1.419552e+001  4.000000e+000
    endloop
  endfacet
  facet normal -2.902848e-001  9.569402e-001  0.000000e+000
    outer loop
      vertex  1.753073e+001 -1.419552e+001  4.000000e+000
      vertex  1.753073e+001 -1.419552e+001  0.000000e+000
      vertex  1.678036e+001 -1.442314e+001  0.000000e+000
    endloop
  endfacet
  facet normal -2.902848e-001  9.569402e-001  0.000000e+000
    outer loop
      vertex  1.753073e+001 -1.419552e+001  4.000000e+000
      vertex  1.678036e+001 -1.442314e+001  0.000000e+000
      vertex  1.678036e+001 -1.442314e+001  4.000000e+000
    endloop
  endfacet
  facet normal -9.801670e-002  9.951848e-001  0.000000e+000
    outer loop
      vertex  1.678036e+001 -1.442314e+001  4.000000e+000
      vertex  1.678036e+001 -1.442314e+001  0.000000e+000
      vertex  1.600000e+001 -1.450000e+001  0.000000e+000
    endloop
  endfacet
  facet normal -9.801670e-002  9.951848e-001  0.000000e+000
    outer loop
      vertex  1.678036e+001 -1.442314e+001  4.000000e+000
      vertex  1.600000e+001 -1.450000e+001  0.000000e+000
      vertex  1.600000e+001 -1.450000e+001  4.000000e+000
    endloop
  endfacet
  facet normal -1.000000e+000  0.000000e+000  0.000000e+000
    outer loop
      vertex  2.000000e+001  1.050000e+001  4.000000e+000
      vertex  2.000000e+001  1.050000e+001  0.000000e+000
      vertex  2.000000e+001 -1.050000e+001  4.000000e+000
    endloop
  endfacet
  facet normal -1.000000e+000  0.000000e+000  0.000000e+000
    outer loop
      vertex  2.000000e+001 -1.050000e+001  4.000000e+000
      vertex  2.000000e+001  1.050000e+001  0.000000e+000
      vertex  2.000000e+001 -1.050000e+001  0.000000e+000
    endloop
  endfacet
  facet normal -6.343931e-001 -7.730106e-001  -0.000000e+000
    outer loop
      vertex  1.882843e+001  1.332843e+001  0.000000e+000
      vertex  1.822228e+001  1.382588e+001  4.000000e+000
      vertex  1.822228e+001  1.382588e+001  0.000000e+000
    endloop
  endfacet
  facet normal -4.713973e-001 -8.819209e-001  0.000000e+000
    outer loop
      vertex  1.822228e+001  1.382588e+001  0.000000e+000
      vertex  1.822228e+001  1.382588e+001  4.000000e+000
      vertex  1.753073e+001  1.419552e+001  4.000000e+000
    endloop
  endfacet
  facet normal -4.713973e-001 -8.819209e-001  -0.000000e+000
    outer loop
      vertex  1.822228e+001  1.382588e+001  0.000000e+000
      vertex  1.753073e+001  1.419552e+001  4.000000e+000
      vertex  1.753073e+001  1.419552e+001  0.000000e+000
    endloop
  endfacet
  facet normal -2.902848e-001 -9.569402e-001  0.000000e+000
    outer loop
      vertex  1.753073e+001  1.419552e+001  0.000000e+000
      vertex  1.753073e+001  1.419552e+001  4.000000e+000
      vertex  1.678036e+001  1.442314e+001  4.000000e+000
    endloop
  endfacet
  facet normal -2.902848e-001 -9.569402e-001  -0.000000e+000
    outer loop
      vertex  1.753073e+001  1.419552e+001  0.000000e+000
      vertex  1.678036e+001  1.442314e+001  4.000000e+000
      vertex  1.678036e+001  1.442314e+001  0.000000e+000
    endloop
  endfacet
  facet normal -9.801670e-002 -9.951848e-001  0.000000e+000
    outer loop
      vertex  1.678036e+001  1.442314e+001  0.000000e+000
      vertex  1.678036e+001  1.442314e+001  4.000000e+000
      vertex  1.600000e+001  1.450000e+001  4.000000e+000
    endloop
  endfacet
  facet normal -9.801670e-002 -9.951848e-001  -0.000000e+000
    outer loop
      vertex  1.678036e+001  1.442314e+001  0.000000e+000
      vertex  1.600000e+001  1.450000e+001  4.000000e+000
      vertex  1.600000e+001  1.450000e+001  0.000000e+000
    endloop
  endfacet
  facet normal -6.343931e-001 -7.730106e-001  0.000000e+000
    outer loop
      vertex  1.822228e+001  1.382588e+001  4.000000e+000
      vertex  1.882843e+001  1.332843e+001  0.000000e+000
      vertex  1.882843e+001  1.332843e+001  4.000000e+000
    endloop
  endfacet
  facet normal -7.730104e-001 -6.343932e-001  -0.000000e+000
    outer loop
      vertex  1.882843e+001  1.332843e+001  4.000000e+000
      vertex  1.882843e+001  1.332843e+001  0.000000e+000
      vertex  1.932588e+001  1.272228e+001  0.000000e+000
    endloop
  endfacet
  facet normal -7.730104e-001 -6.343932e-001  0.000000e+000
    outer loop
      vertex  1.882843e+001  1.332843e+001  4.000000e+000
      vertex  1.932588e+001  1.272228e+001  0.000000e+000
      vertex  1.932588e+001  1.272228e+001  4.000000e+000
    endloop
  endfacet
  facet normal -8.819208e-001 -4.713978e-001  -0.000000e+000
    outer loop
      vertex  1.932588e+001  1.272228e+001  4.000000e+000
      vertex  1.932588e+001  1.272228e+001  0.000000e+000
      vertex  1.969552e+001  1.203073e+001  0.000000e+000
    endloop
  endfacet
  facet normal -8.819208e-001 -4.713978e-001  0.000000e+000
    outer loop
      vertex  1.932588e+001  1.272228e+001  4.000000e+000
      vertex  1.969552e+001  1.203073e+001  0.000000e+000
      vertex  1.969552e+001  1.203073e+001  4.000000e+000
    endloop
  endfacet
  facet normal -9.569404e-001 -2.902845e-001  -0.000000e+000
    outer loop
      vertex  1.969552e+001  1.203073e+001  4.000000e+000
      vertex  1.969552e+001  1.203073e+001  0.000000e+000
      vertex  1.992314e+001  1.128036e+001  0.000000e+000
    endloop
  endfacet
  facet normal -9.569404e-001 -2.902845e-001  0.000000e+000
    outer loop
      vertex  1.969552e+001  1.203073e+001  4.000000e+000
      vertex  1.992314e+001  1.128036e+001  0.000000e+000
      vertex  1.992314e+001  1.128036e+001  4.000000e+000
    endloop
  endfacet
  facet normal -9.951848e-001 -9.801670e-002  -0.000000e+000
    outer loop
      vertex  1.992314e+001  1.128036e+001  4.000000e+000
      vertex  1.992314e+001  1.128036e+001  0.000000e+000
      vertex  2.000000e+001  1.050000e+001  0.000000e+000
    endloop
  endfacet
  facet normal -9.951848e-001 -9.801670e-002  0.000000e+000
    outer loop
      vertex  1.992314e+001  1.128036e+001  4.000000e+000
      vertex  2.000000e+001  1.050000e+001  0.000000e+000
      vertex  2.000000e+001  1.050000e+001  4.000000e+000
    endloop
  endfacet
  facet normal -2.817316e-001  9.594933e-001  0.000000e+000
    outer loop
      vertex -2.475095e+001 -1.573219e+001  0.000000e+000
      vertex -2.427302e+001 -1.559186e+001  1.750000e+000
      vertex -2.427302e+001 -1.559186e+001  0.000000e+000
    endloop
  endfacet
  facet normal -5.406409e-001  8.412535e-001  0.000000e+000
    outer loop
      vertex -2.427302e+001 -1.559186e+001  0.000000e+000
      vertex -2.427302e+001 -1.559186e+001  1.750000e+000
      vertex -2.385399e+001 -1.532256e+001  1.750000e+000
    endloop
  endfacet
  facet normal -5.406409e-001  8.412535e-001  0.000000e+000
    outer loop
      vertex -2.427302e+001 -1.559186e+001  0.000000e+000
      vertex -2.385399e+001 -1.532256e+001  1.750000e+000
      vertex -2.385399e+001 -1.532256e+001  0.000000e+000
    endloop
  endfacet
  facet normal -7.557504e-001  6.548597e-001  0.000000e+000
    outer loop
      vertex -2.385399e+001 -1.532256e+001  0.000000e+000
      vertex -2.385399e+001 -1.532256e+001  1.750000e+000
      vertex -2.352781e+001 -1.494612e+001  1.750000e+000
    endloop
  endfacet
  facet normal -7.557504e-001  6.548597e-001  0.000000e+000
    outer loop
      vertex -2.385399e+001 -1.532256e+001  0.000000e+000
      vertex -2.352781e+001 -1.494612e+001  1.750000e+000
      vertex -2.352781e+001 -1.494612e+001  0.000000e+000
    endloop
  endfacet
  facet normal -9.096308e-001  4.154175e-001  0.000000e+000
    outer loop
      vertex -2.352781e+001 -1.494612e+001  0.000000e+000
      vertex -2.352781e+001 -1.494612e+001  1.750000e+000
      vertex -2.332089e+001 -1.449303e+001  1.750000e+000
    endloop
  endfacet
  facet normal -9.096308e-001  4.154175e-001  0.000000e+000
    outer loop
      vertex -2.352781e+001 -1.494612e+001  0.000000e+000
      vertex -2.332089e+001 -1.449303e+001  1.750000e+000
      vertex -2.332089e+001 -1.449303e+001  0.000000e+000
    endloop
  endfacet
  facet normal -9.898217e-001  1.423136e-001  0.000000e+000
    outer loop
      vertex -2.332089e+001 -1.449303e+001  0.000000e+000
      vertex -2.332089e+001 -1.449303e+001  1.750000e+000
      vertex -2.325000e+001 -1.400000e+001  1.750000e+000
    endloop
  endfacet
  facet normal -9.898217e-001  1.423136e-001  0.000000e+000
    outer loop
      vertex -2.332089e+001 -1.449303e+001  0.000000e+000
      vertex -2.325000e+001 -1.400000e+001  1.750000e+000
      vertex -2.325000e+001 -1.400000e+001  0.000000e+000
    endloop
  endfacet
  facet normal -2.817316e-001  9.594933e-001  0.000000e+000
    outer loop
      vertex -2.427302e+001 -1.559186e+001  1.750000e+000
      vertex -2.475095e+001 -1.573219e+001  0.000000e+000
      vertex -2.475095e+001 -1.573219e+001  1.750000e+000
    endloop
  endfacet
  facet normal  0.000000e+000  1.000000e+000  0.000000e+000
    outer loop
      vertex -2.475095e+001 -1.573219e+001  1.750000e+000
      vertex -2.475095e+001 -1.573219e+001  0.000000e+000
      vertex -2.524905e+001 -1.573219e+001  0.000000e+000
    endloop
  endfacet
  facet normal  0.000000e+000  1.000000e+000  0.000000e+000
    outer loop
      vertex -2.475095e+001 -1.573219e+001  1.750000e+000
      vertex -2.524905e+001 -1.573219e+001  0.000000e+000
      vertex -2.524905e+001 -1.573219e+001  1.750000e+000
    endloop
  endfacet
  facet normal  2.817316e-001  9.594933e-001  0.000000e+000
    outer loop
      vertex -2.524905e+001 -1.573219e+001  1.750000e+000
      vertex -2.524905e+001 -1.573219e+001  0.000000e+000
      vertex -2.572698e+001 -1.559186e+001  0.000000e+000
    endloop
  endfacet
  facet normal  2.817316e-001  9.594933e-001  -0.000000e+000
    outer loop
      vertex -2.524905e+001 -1.573219e+001  1.750000e+000
      vertex -2.572698e+001 -1.559186e+001  0.000000e+000
      vertex -2.572698e+001 -1.559186e+001  1.750000e+000
    endloop
  endfacet
  facet normal  5.406409e-001  8.412535e-001  0.000000e+000
    outer loop
      vertex -2.572698e+001 -1.559186e+001  1.750000e+000
      vertex -2.572698e+001 -1.559186e+001  0.000000e+000
      vertex -2.614601e+001 -1.532256e+001  0.000000e+000
    endloop
  endfacet
  facet normal  5.406409e-001  8.412535e-001  -0.000000e+000
    outer loop
      vertex -2.572698e+001 -1.559186e+001  1.750000e+000
      vertex -2.614601e+001 -1.532256e+001  0.000000e+000
      vertex -2.614601e+001 -1.532256e+001  1.750000e+000
    endloop
  endfacet
  facet normal  7.557504e-001  6.548597e-001  0.000000e+000
    outer loop
      vertex -2.614601e+001 -1.532256e+001  1.750000e+000
      vertex -2.614601e+001 -1.532256e+001  0.000000e+000
      vertex -2.647219e+001 -1.494612e+001  0.000000e+000
    endloop
  endfacet
  facet normal  7.557504e-001  6.548597e-001  -0.000000e+000
    outer loop
      vertex -2.614601e+001 -1.532256e+001  1.750000e+000
      vertex -2.647219e+001 -1.494612e+001  0.000000e+000
      vertex -2.647219e+001 -1.494612e+001  1.750000e+000
    endloop
  endfacet
  facet normal  9.096308e-001  4.154175e-001  0.000000e+000
    outer loop
      vertex -2.647219e+001 -1.494612e+001  1.750000e+000
      vertex -2.647219e+001 -1.494612e+001  0.000000e+000
      vertex -2.667911e+001 -1.449303e+001  0.000000e+000
    endloop
  endfacet
  facet normal  9.096308e-001  4.154175e-001  -0.000000e+000
    outer loop
      vertex -2.647219e+001 -1.494612e+001  1.750000e+000
      vertex -2.667911e+001 -1.449303e+001  0.000000e+000
      vertex -2.667911e+001 -1.449303e+001  1.750000e+000
    endloop
  endfacet
  facet normal  9.898217e-001  1.423136e-001  0.000000e+000
    outer loop
      vertex -2.667911e+001 -1.449303e+001  1.750000e+000
      vertex -2.667911e+001 -1.449303e+001  0.000000e+000
      vertex -2.675000e+001 -1.400000e+001  0.000000e+000
    endloop
  endfacet
  facet normal  9.898217e-001  1.423136e-001  -0.000000e+000
    outer loop
      vertex -2.667911e+001 -1.449303e+001  1.750000e+000
      vertex -2.675000e+001 -1.400000e+001  0.000000e+000
      vertex -2.675000e+001 -1.400000e+001  1.750000e+000
    endloop
  endfacet
  facet normal  2.817316e-001 -9.594933e-001  0.000000e+000
    outer loop
      vertex -2.524905e+001 -1.226781e+001  0.000000e+000
      vertex -2.572698e+001 -1.240814e+001  1.750000e+000
      vertex -2.572698e+001 -1.240814e+001  0.000000e+000
    endloop
  endfacet
  facet normal  5.406409e-001 -8.412535e-001  0.000000e+000
    outer loop
      vertex -2.572698e+001 -1.240814e+001  0.000000e+000
      vertex -2.572698e+001 -1.240814e+001  1.750000e+000
      vertex -2.614601e+001 -1.267744e+001  1.750000e+000
    endloop
  endfacet
  facet normal  5.406409e-001 -8.412535e-001  0.000000e+000
    outer loop
      vertex -2.572698e+001 -1.240814e+001  0.000000e+000
      vertex -2.614601e+001 -1.267744e+001  1.750000e+000
      vertex -2.614601e+001 -1.267744e+001  0.000000e+000
    endloop
  endfacet
  facet normal  7.557504e-001 -6.548597e-001  0.000000e+000
    outer loop
      vertex -2.614601e+001 -1.267744e+001  0.000000e+000
      vertex -2.614601e+001 -1.267744e+001  1.750000e+000
      vertex -2.647219e+001 -1.305388e+001  1.750000e+000
    endloop
  endfacet
  facet normal  7.557504e-001 -6.548597e-001  0.000000e+000
    outer loop
      vertex -2.614601e+001 -1.267744e+001  0.000000e+000
      vertex -2.647219e+001 -1.305388e+001  1.750000e+000
      vertex -2.647219e+001 -1.305388e+001  0.000000e+000
    endloop
  endfacet
  facet normal  9.096308e-001 -4.154175e-001  0.000000e+000
    outer loop
      vertex -2.647219e+001 -1.305388e+001  0.000000e+000
      vertex -2.647219e+001 -1.305388e+001  1.750000e+000
      vertex -2.667911e+001 -1.350697e+001  1.750000e+000
    endloop
  endfacet
  facet normal  9.096308e-001 -4.154175e-001  0.000000e+000
    outer loop
      vertex -2.647219e+001 -1.305388e+001  0.000000e+000
      vertex -2.667911e+001 -1.350697e+001  1.750000e+000
      vertex -2.667911e+001 -1.350697e+001  0.000000e+000
    endloop
  endfacet
  facet normal  9.898217e-001 -1.423136e-001  0.000000e+000
    outer loop
      vertex -2.667911e+001 -1.350697e+001  0.000000e+000
      vertex -2.667911e+001 -1.350697e+001  1.750000e+000
      vertex -2.675000e+001 -1.400000e+001  1.750000e+000
    endloop
  endfacet
  facet normal  9.898217e-001 -1.423136e-001  0.000000e+000
    outer loop
      vertex -2.667911e+001 -1.350697e+001  0.000000e+000
      vertex -2.675000e+001 -1.400000e+001  1.750000e+000
      vertex -2.675000e+001 -1.400000e+001  0.000000e+000
    endloop
  endfacet
  facet normal  2.817316e-001 -9.594933e-001  0.000000e+000
    outer loop
      vertex -2.572698e+001 -1.240814e+001  1.750000e+000
      vertex -2.524905e+001 -1.226781e+001  0.000000e+000
      vertex -2.524905e+001 -1.226781e+001  1.750000e+000
    endloop
  endfacet
  facet normal  0.000000e+000 -1.000000e+000  0.000000e+000
    outer loop
      vertex -2.524905e+001 -1.226781e+001  1.750000e+000
      vertex -2.524905e+001 -1.226781e+001  0.000000e+000
      vertex -2.475095e+001 -1.226781e+001  0.000000e+000
    endloop
  endfacet
  facet normal  0.000000e+000 -1.000000e+000  0.000000e+000
    outer loop
      vertex -2.524905e+001 -1.226781e+001  1.750000e+000
      vertex -2.475095e+001 -1.226781e+001  0.000000e+000
      vertex -2.475095e+001 -1.226781e+001  1.750000e+000
    endloop
  endfacet
  facet normal -2.817316e-001 -9.594933e-001  -0.000000e+000
    outer loop
      vertex -2.475095e+001 -1.226781e+001  1.750000e+000
      vertex -2.475095e+001 -1.226781e+001  0.000000e+000
      vertex -2.427302e+001 -1.240814e+001  0.000000e+000
    endloop
  endfacet
  facet normal -2.817316e-001 -9.594933e-001  0.000000e+000
    outer loop
      vertex -2.475095e+001 -1.226781e+001  1.750000e+000
      vertex -2.427302e+001 -1.240814e+001  0.000000e+000
      vertex -2.427302e+001 -1.240814e+001  1.750000e+000
    endloop
  endfacet
  facet normal -5.406409e-001 -8.412535e-001  -0.000000e+000
    outer loop
      vertex -2.427302e+001 -1.240814e+001  1.750000e+000
      vertex -2.427302e+001 -1.240814e+001  0.000000e+000
      vertex -2.385399e+001 -1.267744e+001  0.000000e+000
    endloop
  endfacet
  facet normal -5.406409e-001 -8.412535e-001  0.000000e+000
    outer loop
      vertex -2.427302e+001 -1.240814e+001  1.750000e+000
      vertex -2.385399e+001 -1.267744e+001  0.000000e+000
      vertex -2.385399e+001 -1.267744e+001  1.750000e+000
    endloop
  endfacet
  facet normal -7.557504e-001 -6.548597e-001  -0.000000e+000
    outer loop
      vertex -2.385399e+001 -1.267744e+001  1.750000e+000
      vertex -2.385399e+001 -1.267744e+001  0.000000e+000
      vertex -2.352781e+001 -1.305388e+001  0.000000e+000
    endloop
  endfacet
  facet normal -7.557504e-001 -6.548597e-001  0.000000e+000
    outer loop
      vertex -2.385399e+001 -1.267744e+001  1.750000e+000
      vertex -2.352781e+001 -1.305388e+001  0.000000e+000
      vertex -2.352781e+001 -1.305388e+001  1.750000e+000
    endloop
  endfacet
  facet normal -9.096308e-001 -4.154175e-001  -0.000000e+000
    outer loop
      vertex -2.352781e+001 -1.305388e+001  1.750000e+000
      vertex -2.352781e+001 -1.305388e+001  0.000000e+000
      vertex -2.332089e+001 -1.350697e+001  0.000000e+000
    endloop
  endfacet
  facet normal -9.096308e-001 -4.154175e-001  0.000000e+000
    outer loop
      vertex -2.352781e+001 -1.305388e+001  1.750000e+000
      vertex -2.332089e+001 -1.350697e+001  0.000000e+000
      vertex -2.332089e+001 -1.350697e+001  1.750000e+000
    endloop
  endfacet
  facet normal -9.898217e-001 -1.423136e-001  -0.000000e+000
    outer loop
      vertex -2.332089e+001 -1.350697e+001  1.750000e+000
      vertex -2.332089e+001 -1.350697e+001  0.000000e+000
      vertex -2.325000e+001 -1.400000e+001  0.000000e+000
    endloop
  endfacet
  facet normal -9.898217e-001 -1.423136e-001  0.000000e+000
    outer loop
      vertex -2.332089e+001 -1.350697e+001  1.750000e+000
      vertex -2.325000e+001 -1.400000e+001  0.000000e+000
      vertex -2.325000e+001 -1.400000e+001  1.750000e+000
    endloop
  endfacet
  facet normal -2.817316e-001  9.594933e-001  0.000000e+000
    outer loop
      vertex -2.475095e+001  1.226781e+001  0.000000e+000
      vertex -2.427302e+001  1.240814e+001  1.750000e+000
      vertex -2.427302e+001  1.240814e+001  0.000000e+000
    endloop
  endfacet
  facet normal -5.406409e-001  8.412535e-001  0.000000e+000
    outer loop
      vertex -2.427302e+001  1.240814e+001  0.000000e+000
      vertex -2.427302e+001  1.240814e+001  1.750000e+000
      vertex -2.385399e+001  1.267744e+001  1.750000e+000
    endloop
  endfacet
  facet normal -5.406409e-001  8.412535e-001  0.000000e+000
    outer loop
      vertex -2.427302e+001  1.240814e+001  0.000000e+000
      vertex -2.385399e+001  1.267744e+001  1.750000e+000
      vertex -2.385399e+001  1.267744e+001  0.000000e+000
    endloop
  endfacet
  facet normal -7.557504e-001  6.548597e-001  0.000000e+000
    outer loop
      vertex -2.385399e+001  1.267744e+001  0.000000e+000
      vertex -2.385399e+001  1.267744e+001  1.750000e+000
      vertex -2.352781e+001  1.305388e+001  1.750000e+000
    endloop
  endfacet
  facet normal -7.557504e-001  6.548597e-001  0.000000e+000
    outer loop
      vertex -2.385399e+001  1.267744e+001  0.000000e+000
      vertex -2.352781e+001  1.305388e+001  1.750000e+000
      vertex -2.352781e+001  1.305388e+001  0.000000e+000
    endloop
  endfacet
  facet normal -9.096308e-001  4.154175e-001  0.000000e+000
    outer loop
      vertex -2.352781e+001  1.305388e+001  0.000000e+000
      vertex -2.352781e+001  1.305388e+001  1.750000e+000
      vertex -2.332089e+001  1.350697e+001  1.750000e+000
    endloop
  endfacet
  facet normal -9.096308e-001  4.154175e-001  0.000000e+000
    outer loop
      vertex -2.352781e+001  1.305388e+001  0.000000e+000
      vertex -2.332089e+001  1.350697e+001  1.750000e+000
      vertex -2.332089e+001  1.350697e+001  0.000000e+000
    endloop
  endfacet
  facet normal -9.898217e-001  1.423136e-001  0.000000e+000
    outer loop
      vertex -2.332089e+001  1.350697e+001  0.000000e+000
      vertex -2.332089e+001  1.350697e+001  1.750000e+000
      vertex -2.325000e+001  1.400000e+001  1.750000e+000
    endloop
  endfacet
  facet normal -9.898217e-001  1.423136e-001  0.000000e+000
    outer loop
      vertex -2.332089e+001  1.350697e+001  0.000000e+000
      vertex -2.325000e+001  1.400000e+001  1.750000e+000
      vertex -2.325000e+001  1.400000e+001  0.000000e+000
    endloop
  endfacet
  facet normal -2.817316e-001  9.594933e-001  0.000000e+000
    outer loop
      vertex -2.427302e+001  1.240814e+001  1.750000e+000
      vertex -2.475095e+001  1.226781e+001  0.000000e+000
      vertex -2.475095e+001  1.226781e+001  1.750000e+000
    endloop
  endfacet
  facet normal  0.000000e+000  1.000000e+000  0.000000e+000
    outer loop
      vertex -2.475095e+001  1.226781e+001  1.750000e+000
      vertex -2.475095e+001  1.226781e+001  0.000000e+000
      vertex -2.524905e+001  1.226781e+001  0.000000e+000
    endloop
  endfacet
  facet normal  0.000000e+000  1.000000e+000  0.000000e+000
    outer loop
      vertex -2.475095e+001  1.226781e+001  1.750000e+000
      vertex -2.524905e+001  1.226781e+001  0.000000e+000
      vertex -2.524905e+001  1.226781e+001  1.750000e+000
    endloop
  endfacet
  facet normal  2.817316e-001  9.594933e-001  0.000000e+000
    outer loop
      vertex -2.524905e+001  1.226781e+001  1.750000e+000
      vertex -2.524905e+001  1.226781e+001  0.000000e+000
      vertex -2.572698e+001  1.240814e+001  0.000000e+000
    endloop
  endfacet
  facet normal  2.817316e-001  9.594933e-001  -0.000000e+000
    outer loop
      vertex -2.524905e+001  1.226781e+001  1.750000e+000
      vertex -2.572698e+001  1.240814e+001  0.000000e+000
      vertex -2.572698e+001  1.240814e+001  1.750000e+000
    endloop
  endfacet
  facet normal  5.406409e-001  8.412535e-001  0.000000e+000
    outer loop
      vertex -2.572698e+001  1.240814e+001  1.750000e+000
      vertex -2.572698e+001  1.240814e+001  0.000000e+000
      vertex -2.614601e+001  1.267744e+001  0.000000e+000
    endloop
  endfacet
  facet normal  5.406409e-001  8.412535e-001  -0.000000e+000
    outer loop
      vertex -2.572698e+001  1.240814e+001  1.750000e+000
      vertex -2.614601e+001  1.267744e+001  0.000000e+000
      vertex -2.614601e+001  1.267744e+001  1.750000e+000
    endloop
  endfacet
  facet normal  7.557504e-001  6.548597e-001  0.000000e+000
    outer loop
      vertex -2.614601e+001  1.267744e+001  1.750000e+000
      vertex -2.614601e+001  1.267744e+001  0.000000e+000
      vertex -2.647219e+001  1.305388e+001  0.000000e+000
    endloop
  endfacet
  facet normal  7.557504e-001  6.548597e-001  -0.000000e+000
    outer loop
      vertex -2.614601e+001  1.267744e+001  1.750000e+000
      vertex -2.647219e+001  1.305388e+001  0.000000e+000
      vertex -2.647219e+001  1.305388e+001  1.750000e+000
    endloop
  endfacet
  facet normal  9.096308e-001  4.154175e-001  0.000000e+000
    outer loop
      vertex -2.647219e+001  1.305388e+001  1.750000e+000
      vertex -2.647219e+001  1.305388e+001  0.000000e+000
      vertex -2.667911e+001  1.350697e+001  0.000000e+000
    endloop
  endfacet
  facet normal  9.096308e-001  4.154175e-001  -0.000000e+000
    outer loop
      vertex -2.647219e+001  1.305388e+001  1.750000e+000
      vertex -2.667911e+001  1.350697e+001  0.000000e+000
      vertex -2.667911e+001  1.350697e+001  1.750000e+000
    endloop
  endfacet
  facet normal  9.898217e-001  1.423136e-001  0.000000e+000
    outer loop
      vertex -2.667911e+001  1.350697e+001  1.750000e+000
      vertex -2.667911e+001  1.350697e+001  0.000000e+000
      vertex -2.675000e+001  1.400000e+001  0.000000e+000
    endloop
  endfacet
  facet normal  9.898217e-001  1.423136e-001  -0.000000e+000
    outer loop
      vertex -2.667911e+001  1.350697e+001  1.750000e+000
      vertex -2.675000e+001  1.400000e+001  0.000000e+000
      vertex -2.675000e+001  1.400000e+001  1.750000e+000
    endloop
  endfacet
  facet normal  2.817316e-001 -9.594933e-001  0.000000e+000
    outer loop
      vertex -2.524905e+001  1.573219e+001  0.000000e+000
      vertex -2.572698e+001  1.559186e+001  1.750000e+000
      vertex -2.572698e+001  1.559186e+001  0.000000e+000
    endloop
  endfacet
  facet normal  5.406409e-001 -8.412535e-001  0.000000e+000
    outer loop
      vertex -2.572698e+001  1.559186e+001  0.000000e+000
      vertex -2.572698e+001  1.559186e+001  1.750000e+000
      vertex -2.614601e+001  1.532256e+001  1.750000e+000
    endloop
  endfacet
  facet normal  5.406409e-001 -8.412535e-001  0.000000e+000
    outer loop
      vertex -2.572698e+001  1.559186e+001  0.000000e+000
      vertex -2.614601e+001  1.532256e+001  1.750000e+000
      vertex -2.614601e+001  1.532256e+001  0.000000e+000
    endloop
  endfacet
  facet normal  7.557504e-001 -6.548597e-001  0.000000e+000
    outer loop
      vertex -2.614601e+001  1.532256e+001  0.000000e+000
      vertex -2.614601e+001  1.532256e+001  1.750000e+000
      vertex -2.647219e+001  1.494612e+001  1.750000e+000
    endloop
  endfacet
  facet normal  7.557504e-001 -6.548597e-001  0.000000e+000
    outer loop
      vertex -2.614601e+001  1.532256e+001  0.000000e+000
      vertex -2.647219e+001  1.494612e+001  1.750000e+000
      vertex -2.647219e+001  1.494612e+001  0.000000e+000
    endloop
  endfacet
  facet normal  9.096308e-001 -4.154175e-001  0.000000e+000
    outer loop
      vertex -2.647219e+001  1.494612e+001  0.000000e+000
      vertex -2.647219e+001  1.494612e+001  1.750000e+000
      vertex -2.667911e+001  1.449303e+001  1.750000e+000
    endloop
  endfacet
  facet normal  9.096308e-001 -4.154175e-001  0.000000e+000
    outer loop
      vertex -2.647219e+001  1.494612e+001  0.000000e+000
      vertex -2.667911e+001  1.449303e+001  1.750000e+000
      vertex -2.667911e+001  1.449303e+001  0.000000e+000
    endloop
  endfacet
  facet normal  9.898217e-001 -1.423136e-001  0.000000e+000
    outer loop
      vertex -2.667911e+001  1.449303e+001  0.000000e+000
      vertex -2.667911e+001  1.449303e+001  1.750000e+000
      vertex -2.675000e+001  1.400000e+001  1.750000e+000
    endloop
  endfacet
  facet normal  9.898217e-001 -1.423136e-001  0.000000e+000
    outer loop
      vertex -2.667911e+001  1.449303e+001  0.000000e+000
      vertex -2.675000e+001  1.400000e+001  1.750000e+000
      vertex -2.675000e+001  1.400000e+001  0.000000e+000
    endloop
  endfacet
  facet normal  2.817316e-001 -9.594933e-001  0.000000e+000
    outer loop
      vertex -2.572698e+001  1.559186e+001  1.750000e+000
      vertex -2.524905e+001  1.573219e+001  0.000000e+000
      vertex -2.524905e+001  1.573219e+001  1.750000e+000
    endloop
  endfacet
  facet normal  0.000000e+000 -1.000000e+000  0.000000e+000
    outer loop
      vertex -2.524905e+001  1.573219e+001  1.750000e+000
      vertex -2.524905e+001  1.573219e+001  0.000000e+000
      vertex -2.475095e+001  1.573219e+001  0.000000e+000
    endloop
  endfacet
  facet normal  0.000000e+000 -1.000000e+000  0.000000e+000
    outer loop
      vertex -2.524905e+001  1.573219e+001  1.750000e+000
      vertex -2.475095e+001  1.573219e+001  0.000000e+000
      vertex -2.475095e+001  1.573219e+001  1.750000e+000
    endloop
  endfacet
  facet normal -2.817316e-001 -9.594933e-001  -0.000000e+000
    outer loop
      vertex -2.475095e+001  1.573219e+001  1.750000e+000
      vertex -2.475095e+001  1.573219e+001  0.000000e+000
      vertex -2.427302e+001  1.559186e+001  0.000000e+000
    endloop
  endfacet
  facet normal -2.817316e-001 -9.594933e-001  0.000000e+000
    outer loop
      vertex -2.475095e+001  1.573219e+001  1.750000e+000
      vertex -2.427302e+001  1.559186e+001  0.000000e+000
      vertex -2.427302e+001  1.559186e+001  1.750000e+000
    endloop
  endfacet
  facet normal -5.406409e-001 -8.412535e-001  -0.000000e+000
    outer loop
      vertex -2.427302e+001  1.559186e+001  1.750000e+000
      vertex -2.427302e+001  1.559186e+001  0.000000e+000
      vertex -2.385399e+001  1.532256e+001  0.000000e+000
    endloop
  endfacet
  facet normal -5.406409e-001 -8.412535e-001  0.000000e+000
    outer loop
      vertex -2.427302e+001  1.559186e+001  1.750000e+000
      vertex -2.385399e+001  1.532256e+001  0.000000e+000
      vertex -2.385399e+001  1.532256e+001  1.750000e+000
    endloop
  endfacet
  facet normal -7.557504e-001 -6.548597e-001  -0.000000e+000
    outer loop
      vertex -2.385399e+001  1.532256e+001  1.750000e+000
      vertex -2.385399e+001  1.532256e+001  0.000000e+000
      vertex -2.352781e+001  1.494612e+001  0.000000e+000
    endloop
  endfacet
  facet normal -7.557504e-001 -6.548597e-001  0.000000e+000
    outer loop
      vertex -2.385399e+001  1.532256e+001  1.750000e+000
      vertex -2.352781e+001  1.494612e+001  0.000000e+000
      vertex -2.352781e+001  1.494612e+001  1.750000e+000
    endloop
  endfacet
  facet normal -9.096308e-001 -4.154175e-001  -0.000000e+000
    outer loop
      vertex -2.352781e+001  1.494612e+001  1.750000e+000
      vertex -2.352781e+001  1.494612e+001  0.000000e+000
      vertex -2.332089e+001  1.449303e+001  0.000000e+000
    endloop
  endfacet
  facet normal -9.096308e-001 -4.154175e-001  0.000000e+000
    outer loop
      vertex -2.352781e+001  1.494612e+001  1.750000e+000
      vertex -2.332089e+001  1.449303e+001  0.000000e+000
      vertex -2.332089e+001  1.449303e+001  1.750000e+000
    endloop
  endfacet
  facet normal -9.898217e-001 -1.423136e-001  -0.000000e+000
    outer loop
      vertex -2.332089e+001  1.449303e+001  1.750000e+000
      vertex -2.332089e+001  1.449303e+001  0.000000e+000
      vertex -2.325000e+001  1.400000e+001  0.000000e+000
    endloop
  endfacet
  facet normal -9.898217e-001 -1.423136e-001  0.000000e+000
    outer loop
      vertex -2.332089e+001  1.449303e+001  1.750000e+000
      vertex -2.325000e+001  1.400000e+001  0.000000e+000
      vertex -2.325000e+001  1.400000e+001  1.750000e+000
    endloop
  endfacet
  facet normal  2.817316e-001 -9.594933e-001  0.000000e+000
    outer loop
      vertex  2.475095e+001  1.573219e+001  0.000000e+000
      vertex  2.427302e+001  1.559186e+001  1.750000e+000
      vertex  2.427302e+001  1.559186e+001  0.000000e+000
    endloop
  endfacet
  facet normal  5.406409e-001 -8.412535e-001  0.000000e+000
    outer loop
      vertex  2.427302e+001  1.559186e+001  0.000000e+000
      vertex  2.427302e+001  1.559186e+001  1.750000e+000
      vertex  2.385399e+001  1.532256e+001  1.750000e+000
    endloop
  endfacet
  facet normal  5.406409e-001 -8.412535e-001  0.000000e+000
    outer loop
      vertex  2.427302e+001  1.559186e+001  0.000000e+000
      vertex  2.385399e+001  1.532256e+001  1.750000e+000
      vertex  2.385399e+001  1.532256e+001  0.000000e+000
    endloop
  endfacet
  facet normal  7.557504e-001 -6.548597e-001  0.000000e+000
    outer loop
      vertex  2.385399e+001  1.532256e+001  0.000000e+000
      vertex  2.385399e+001  1.532256e+001  1.750000e+000
      vertex  2.352781e+001  1.494612e+001  1.750000e+000
    endloop
  endfacet
  facet normal  7.557504e-001 -6.548597e-001  0.000000e+000
    outer loop
      vertex  2.385399e+001  1.532256e+001  0.000000e+000
      vertex  2.352781e+001  1.494612e+001  1.750000e+000
      vertex  2.352781e+001  1.494612e+001  0.000000e+000
    endloop
  endfacet
  facet normal  9.096308e-001 -4.154175e-001  0.000000e+000
    outer loop
      vertex  2.352781e+001  1.494612e+001  0.000000e+000
      vertex  2.352781e+001  1.494612e+001  1.750000e+000
      vertex  2.332089e+001  1.449303e+001  1.750000e+000
    endloop
  endfacet
  facet normal  9.096308e-001 -4.154175e-001  0.000000e+000
    outer loop
      vertex  2.352781e+001  1.494612e+001  0.000000e+000
      vertex  2.332089e+001  1.449303e+001  1.750000e+000
      vertex  2.332089e+001  1.449303e+001  0.000000e+000
    endloop
  endfacet
  facet normal  9.898217e-001 -1.423136e-001  0.000000e+000
    outer loop
      vertex  2.332089e+001  1.449303e+001  0.000000e+000
      vertex  2.332089e+001  1.449303e+001  1.750000e+000
      vertex  2.325000e+001  1.400000e+001  1.750000e+000
    endloop
  endfacet
  facet normal  9.898217e-001 -1.423136e-001  0.000000e+000
    outer loop
      vertex  2.332089e+001  1.449303e+001  0.000000e+000
      vertex  2.325000e+001  1.400000e+001  1.750000e+000
      vertex  2.325000e+001  1.400000e+001  0.000000e+000
    endloop
  endfacet
  facet normal  2.817316e-001 -9.594933e-001  0.000000e+000
    outer loop
      vertex  2.427302e+001  1.559186e+001  1.750000e+000
      vertex  2.475095e+001  1.573219e+001  0.000000e+000
      vertex  2.475095e+001  1.573219e+001  1.750000e+000
    endloop
  endfacet
  facet normal  0.000000e+000 -1.000000e+000  0.000000e+000
    outer loop
      vertex  2.475095e+001  1.573219e+001  1.750000e+000
      vertex  2.475095e+001  1.573219e+001  0.000000e+000
      vertex  2.524905e+001  1.573219e+001  0.000000e+000
    endloop
  endfacet
  facet normal  0.000000e+000 -1.000000e+000  0.000000e+000
    outer loop
      vertex  2.475095e+001  1.573219e+001  1.750000e+000
      vertex  2.524905e+001  1.573219e+001  0.000000e+000
      vertex  2.524905e+001  1.573219e+001  1.750000e+000
    endloop
  endfacet
  facet normal -2.817316e-001 -9.594933e-001  -0.000000e+000
    outer loop
      vertex  2.524905e+001  1.573219e+001  1.750000e+000
      vertex  2.524905e+001  1.573219e+001  0.000000e+000
      vertex  2.572698e+001  1.559186e+001  0.000000e+000
    endloop
  endfacet
  facet normal -2.817316e-001 -9.594933e-001  0.000000e+000
    outer loop
      vertex  2.524905e+001  1.573219e+001  1.750000e+000
      vertex  2.572698e+001  1.559186e+001  0.000000e+000
      vertex  2.572698e+001  1.559186e+001  1.750000e+000
    endloop
  endfacet
  facet normal -5.406409e-001 -8.412535e-001  -0.000000e+000
    outer loop
      vertex  2.572698e+001  1.559186e+001  1.750000e+000
      vertex  2.572698e+001  1.559186e+001  0.000000e+000
      vertex  2.614601e+001  1.532256e+001  0.000000e+000
    endloop
  endfacet
  facet normal -5.406409e-001 -8.412535e-001  0.000000e+000
    outer loop
      vertex  2.572698e+001  1.559186e+001  1.750000e+000
      vertex  2.614601e+001  1.532256e+001  0.000000e+000
      vertex  2.614601e+001  1.532256e+001  1.750000e+000
    endloop
  endfacet
  facet normal -7.557504e-001 -6.548597e-001  -0.000000e+000
    outer loop
      vertex  2.614601e+001  1.532256e+001  1.750000e+000
      vertex  2.614601e+001  1.532256e+001  0.000000e+000
      vertex  2.647219e+001  1.494612e+001  0.000000e+000
    endloop
  endfacet
  facet normal -7.557504e-001 -6.548597e-001  0.000000e+000
    outer loop
      vertex  2.614601e+001  1.532256e+001  1.750000e+000
      vertex  2.647219e+001  1.494612e+001  0.000000e+000
      vertex  2.647219e+001  1.494612e+001  1.750000e+000
    endloop
  endfacet
  facet normal -9.096308e-001 -4.154175e-001  -0.000000e+000
    outer loop
      vertex  2.647219e+001  1.494612e+001  1.750000e+000
      vertex  2.647219e+001  1.494612e+001  0.000000e+000
      vertex  2.667911e+001  1.449303e+001  0.000000e+000
    endloop
  endfacet
  facet normal -9.096308e-001 -4.154175e-001  0.000000e+000
    outer loop
      vertex  2.647219e+001  1.494612e+001  1.750000e+000
      vertex  2.667911e+001  1.449303e+001  0.000000e+000
      vertex  2.667911e+001  1.449303e+001  1.750000e+000
    endloop
  endfacet
  facet normal -9.898217e-001 -1.423136e-001  -0.000000e+000
    outer loop
      vertex  2.667911e+001  1.449303e+001  1.750000e+000
      vertex  2.667911e+001  1.449303e+001  0.000000e+000
      vertex  2.675000e+001  1.400000e+001  0.000000e+000
    endloop
  endfacet
  facet normal -9.898217e-001 -1.423136e-001  0.000000e+000
    outer loop
      vertex  2.667911e+001  1.449303e+001  1.750000e+000
      vertex  2.675000e+001  1.400000e+001  0.000000e+000
      vertex  2.675000e+001  1.400000e+001  1.750000e+000
    endloop
  endfacet
  facet normal -2.817316e-001  9.594933e-001  0.000000e+000
    outer loop
      vertex  2.524905e+001  1.226781e+001  0.000000e+000
      vertex  2.572698e+001  1.240814e+001  1.750000e+000
      vertex  2.572698e+001  1.240814e+001  0.000000e+000
    endloop
  endfacet
  facet normal -5.406409e-001  8.412535e-001  0.000000e+000
    outer loop
      vertex  2.572698e+001  1.240814e+001  0.000000e+000
      vertex  2.572698e+001  1.240814e+001  1.750000e+000
      vertex  2.614601e+001  1.267744e+001  1.750000e+000
    endloop
  endfacet
  facet normal -5.406409e-001  8.412535e-001  0.000000e+000
    outer loop
      vertex  2.572698e+001  1.240814e+001  0.000000e+000
      vertex  2.614601e+001  1.267744e+001  1.750000e+000
      vertex  2.614601e+001  1.267744e+001  0.000000e+000
    endloop
  endfacet
  facet normal -7.557504e-001  6.548597e-001  0.000000e+000
    outer loop
      vertex  2.614601e+001  1.267744e+001  0.000000e+000
      vertex  2.614601e+001  1.267744e+001  1.750000e+000
      vertex  2.647219e+001  1.305388e+001  1.750000e+000
    endloop
  endfacet
  facet normal -7.557504e-001  6.548597e-001  0.000000e+000
    outer loop
      vertex  2.614601e+001  1.267744e+001  0.000000e+000
      vertex  2.647219e+001  1.305388e+001  1.750000e+000
      vertex  2.647219e+001  1.305388e+001  0.000000e+000
    endloop
  endfacet
  facet normal -9.096308e-001  4.154175e-001  0.000000e+000
    outer loop
      vertex  2.647219e+001  1.305388e+001  0.000000e+000
      vertex  2.647219e+001  1.305388e+001  1.750000e+000
      vertex  2.667911e+001  1.350697e+001  1.750000e+000
    endloop
  endfacet
  facet normal -9.096308e-001  4.154175e-001  0.000000e+000
    outer loop
      vertex  2.647219e+001  1.305388e+001  0.000000e+000
      vertex  2.667911e+001  1.350697e+001  1.750000e+000
      vertex  2.667911e+001  1.350697e+001  0.000000e+000
    endloop
  endfacet
  facet normal -9.898217e-001  1.423136e-001  0.000000e+000
    outer loop
      vertex  2.667911e+001  1.350697e+001  0.000000e+000
      vertex  2.667911e+001  1.350697e+001  1.750000e+000
      vertex  2.675000e+001  1.400000e+001  1.750000e+000
    endloop
  endfacet
  facet normal -9.898217e-001  1.423136e-001  0.000000e+000
    outer loop
      vertex  2.667911e+001  1.350697e+001  0.000000e+000
      vertex  2.675000e+001  1.400000e+001  1.750000e+000
      vertex  2.675000e+001  1.400000e+001  0.000000e+000
    endloop
  endfacet
  facet normal -2.817316e-001  9.594933e-001  0.000000e+000
    outer loop
      vertex  2.572698e+001  1.240814e+001  1.750000e+000
      vertex  2.524905e+001  1.226781e+001  0.000000e+000
      vertex  2.524905e+001  1.226781e+001  1.750000e+000
    endloop
  endfacet
  facet normal  0.000000e+000  1.000000e+000  0.000000e+000
    outer loop
      vertex  2.524905e+001  1.226781e+001  1.750000e+000
      vertex  2.524905e+001  1.226781e+001  0.000000e+000
      vertex  2.475095e+001  1.226781e+001  0.000000e+000
    endloop
  endfacet
  facet normal  0.000000e+000  1.000000e+000  0.000000e+000
    outer loop
      vertex  2.524905e+001  1.226781e+001  1.750000e+000
      vertex  2.475095e+001  1.226781e+001  0.000000e+000
      vertex  2.475095e+001  1.226781e+001  1.750000e+000
    endloop
  endfacet
  facet normal  2.817316e-001  9.594933e-001  0.000000e+000
    outer loop
      vertex  2.475095e+001  1.226781e+001  1.750000e+000
      vertex  2.475095e+001  1.226781e+001  0.000000e+000
      vertex  2.427302e+001  1.240814e+001  0.000000e+000
    endloop
  endfacet
  facet normal  2.817316e-001  9.594933e-001  -0.000000e+000
    outer loop
      vertex  2.475095e+001  1.226781e+001  1.750000e+000
      vertex  2.427302e+001  1.240814e+001  0.000000e+000
      vertex  2.427302e+001  1.240814e+001  1.750000e+000
    endloop
  endfacet
  facet normal  5.406409e-001  8.412535e-001  0.000000e+000
    outer loop
      vertex  2.427302e+001  1.240814e+001  1.750000e+000
      vertex  2.427302e+001  1.240814e+001  0.000000e+000
      vertex  2.385399e+001  1.267744e+001  0.000000e+000
    endloop
  endfacet
  facet normal  5.406409e-001  8.412535e-001  -0.000000e+000
    outer loop
      vertex  2.427302e+001  1.240814e+001  1.750000e+000
      vertex  2.385399e+001  1.267744e+001  0.000000e+000
      vertex  2.385399e+001  1.267744e+001  1.750000e+000
    endloop
  endfacet
  facet normal  7.557504e-001  6.548597e-001  0.000000e+000
    outer loop
      vertex  2.385399e+001  1.267744e+001  1.750000e+000
      vertex  2.385399e+001  1.267744e+001  0.000000e+000
      vertex  2.352781e+001  1.305388e+001  0.000000e+000
    endloop
  endfacet
  facet normal  7.557504e-001  6.548597e-001  -0.000000e+000
    outer loop
      vertex  2.385399e+001  1.267744e+001  1.750000e+000
      vertex  2.352781e+001  1.305388e+001  0.000000e+000
      vertex  2.352781e+001  1.305388e+001  1.750000e+000
    endloop
  endfacet
  facet normal  9.096308e-001  4.154175e-001  0.000000e+000
    outer loop
      vertex  2.352781e+001  1.305388e+001  1.750000e+000
      vertex  2.352781e+001  1.305388e+001  0.000000e+000
      vertex  2.332089e+001  1.350697e+001  0.000000e+000
    endloop
  endfacet
  facet normal  9.096308e-001  4.154175e-001  -0.000000e+000
    outer loop
      vertex  2.352781e+001  1.305388e+001  1.750000e+000
      vertex  2.332089e+001  1.350697e+001  0.000000e+000
      vertex  2.332089e+001  1.350697e+001  1.750000e+000
    endloop
  endfacet
  facet normal  9.898217e-001  1.423136e-001  0.000000e+000
    outer loop
      vertex  2.332089e+001  1.350697e+001  1.750000e+000
      vertex  2.332089e+001  1.350697e+001  0.000000e+000
      vertex  2.325000e+001  1.400000e+001  0.000000e+000
    endloop
  endfacet
  facet normal  9.898217e-001  1.423136e-001  -0.000000e+000
    outer loop
      vertex  2.332089e+001  1.350697e+001  1.750000e+000
      vertex  2.325000e+001  1.400000e+001  0.000000e+000
      vertex  2.325000e+001  1.400000e+001  1.750000e+000
    endloop
  endfacet
  facet normal  2.817316e-001 -9.594933e-001  0.000000e+000
    outer loop
      vertex  2.475095e+001 -1.226781e+001  0.000000e+000
      vertex  2.427302e+001 -1.240814e+001  1.750000e+000
      vertex  2.427302e+001 -1.240814e+001  0.000000e+000
    endloop
  endfacet
  facet normal  5.406409e-001 -8.412535e-001  0.000000e+000
    outer loop
      vertex  2.427302e+001 -1.240814e+001  0.000000e+000
      vertex  2.427302e+001 -1.240814e+001  1.750000e+000
      vertex  2.385399e+001 -1.267744e+001  1.750000e+000
    endloop
  endfacet
  facet normal  5.406409e-001 -8.412535e-001  0.000000e+000
    outer loop
      vertex  2.427302e+001 -1.240814e+001  0.000000e+000
      vertex  2.385399e+001 -1.267744e+001  1.750000e+000
      vertex  2.385399e+001 -1.267744e+001  0.000000e+000
    endloop
  endfacet
  facet normal  7.557504e-001 -6.548597e-001  0.000000e+000
    outer loop
      vertex  2.385399e+001 -1.267744e+001  0.000000e+000
      vertex  2.385399e+001 -1.267744e+001  1.750000e+000
      vertex  2.352781e+001 -1.305388e+001  1.750000e+000
    endloop
  endfacet
  facet normal  7.557504e-001 -6.548597e-001  0.000000e+000
    outer loop
      vertex  2.385399e+001 -1.267744e+001  0.000000e+000
      vertex  2.352781e+001 -1.305388e+001  1.750000e+000
      vertex  2.352781e+001 -1.305388e+001  0.000000e+000
    endloop
  endfacet
  facet normal  9.096308e-001 -4.154175e-001  0.000000e+000
    outer loop
      vertex  2.352781e+001 -1.305388e+001  0.000000e+000
      vertex  2.352781e+001 -1.305388e+001  1.750000e+000
      vertex  2.332089e+001 -1.350697e+001  1.750000e+000
    endloop
  endfacet
  facet normal  9.096308e-001 -4.154175e-001  0.000000e+000
    outer loop
      vertex  2.352781e+001 -1.305388e+001  0.000000e+000
      vertex  2.332089e+001 -1.350697e+001  1.750000e+000
      vertex  2.332089e+001 -1.350697e+001  0.000000e+000
    endloop
  endfacet
  facet normal  9.898217e-001 -1.423136e-001  0.000000e+000
    outer loop
      vertex  2.332089e+001 -1.350697e+001  0.000000e+000
      vertex  2.332089e+001 -1.350697e+001  1.750000e+000
      vertex  2.325000e+001 -1.400000e+001  1.750000e+000
    endloop
  endfacet
  facet normal  9.898217e-001 -1.423136e-001  0.000000e+000
    outer loop
      vertex  2.332089e+001 -1.350697e+001  0.000000e+000
      vertex  2.325000e+001 -1.400000e+001  1.750000e+000
      vertex  2.325000e+001 -1.400000e+001  0.000000e+000
    endloop
  endfacet
  facet normal  2.817316e-001 -9.594933e-001  0.000000e+000
    outer loop
      vertex  2.427302e+001 -1.240814e+001  1.750000e+000
      vertex  2.475095e+001 -1.226781e+001  0.000000e+000
      vertex  2.475095e+001 -1.226781e+001  1.750000e+000
    endloop
  endfacet
  facet normal  0.000000e+000 -1.000000e+000  0.000000e+000
    outer loop
      vertex  2.475095e+001 -1.226781e+001  1.750000e+000
      vertex  2.475095e+001 -1.226781e+001  0.000000e+000
      vertex  2.524905e+001 -1.226781e+001  0.000000e+000
    endloop
  endfacet
  facet normal  0.000000e+000 -1.000000e+000  0.000000e+000
    outer loop
      vertex  2.475095e+001 -1.226781e+001  1.750000e+000
      vertex  2.524905e+001 -1.226781e+001  0.000000e+000
      vertex  2.524905e+001 -1.226781e+001  1.750000e+000
    endloop
  endfacet
  facet normal -2.817316e-001 -9.594933e-001  -0.000000e+000
    outer loop
      vertex  2.524905e+001 -1.226781e+001  1.750000e+000
      vertex  2.524905e+001 -1.226781e+001  0.000000e+000
      vertex  2.572698e+001 -1.240814e+001  0.000000e+000
    endloop
  endfacet
  facet normal -2.817316e-001 -9.594933e-001  0.000000e+000
    outer loop
      vertex  2.524905e+001 -1.226781e+001  1.750000e+000
      vertex  2.572698e+001 -1.240814e+001  0.000000e+000
      vertex  2.572698e+001 -1.240814e+001  1.750000e+000
    endloop
  endfacet
  facet normal -5.406409e-001 -8.412535e-001  -0.000000e+000
    outer loop
      vertex  2.572698e+001 -1.240814e+001  1.750000e+000
      vertex  2.572698e+001 -1.240814e+001  0.000000e+000
      vertex  2.614601e+001 -1.267744e+001  0.000000e+000
    endloop
  endfacet
  facet normal -5.406409e-001 -8.412535e-001  0.000000e+000
    outer loop
      vertex  2.572698e+001 -1.240814e+001  1.750000e+000
      vertex  2.614601e+001 -1.267744e+001  0.000000e+000
      vertex  2.614601e+001 -1.267744e+001  1.750000e+000
    endloop
  endfacet
  facet normal -7.557504e-001 -6.548597e-001  -0.000000e+000
    outer loop
      vertex  2.614601e+001 -1.267744e+001  1.750000e+000
      vertex  2.614601e+001 -1.267744e+001  0.000000e+000
      vertex  2.647219e+001 -1.305388e+001  0.000000e+000
    endloop
  endfacet
  facet normal -7.557504e-001 -6.548597e-001  0.000000e+000
    outer loop
      vertex  2.614601e+001 -1.267744e+001  1.750000e+000
      vertex  2.647219e+001 -1.305388e+001  0.000000e+000
      vertex  2.647219e+001 -1.305388e+001  1.750000e+000
    endloop
  endfacet
  facet normal -9.096308e-001 -4.154175e-001  -0.000000e+000
    outer loop
      vertex  2.647219e+001 -1.305388e+001  1.750000e+000
      vertex  2.647219e+001 -1.305388e+001  0.000000e+000
      vertex  2.667911e+001 -1.350697e+001  0.000000e+000
    endloop
  endfacet
  facet normal -9.096308e-001 -4.154175e-001  0.000000e+000
    outer loop
      vertex  2.647219e+001 -1.305388e+001  1.750000e+000
      vertex  2.667911e+001 -1.350697e+001  0.000000e+000
      vertex  2.667911e+001 -1.350697e+001  1.750000e+000
    endloop
  endfacet
  facet normal -9.898217e-001 -1.423136e-001  -0.000000e+000
    outer loop
      vertex  2.667911e+001 -1.350697e+001  1.750000e+000
      vertex  2.667911e+001 -1.350697e+001  0.000000e+000
      vertex  2.675000e+001 -1.400000e+001  0.000000e+000
    endloop
  endfacet
  facet normal -9.898217e-001 -1.423136e-001  0.000000e+000
    outer loop
      vertex  2.667911e+001 -1.350697e+001  1.750000e+000
      vertex  2.675000e+001 -1.400000e+001  0.000000e+000
      vertex  2.675000e+001 -1.400000e+001  1.750000e+000
    endloop
  endfacet
  facet normal -2.817316e-001  9.594933e-001  0.000000e+000
    outer loop
      vertex  2.524905e+001 -1.573219e+001  0.000000e+000
      vertex  2.572698e+001 -1.559186e+001  1.750000e+000
      vertex  2.572698e+001 -1.559186e+001  0.000000e+000
    endloop
  endfacet
  facet normal -5.406409e-001  8.412535e-001  0.000000e+000
    outer loop
      vertex  2.572698e+001 -1.559186e+001  0.000000e+000
      vertex  2.572698e+001 -1.559186e+001  1.750000e+000
      vertex  2.614601e+001 -1.532256e+001  1.750000e+000
    endloop
  endfacet
  facet normal -5.406409e-001  8.412535e-001  0.000000e+000
    outer loop
      vertex  2.572698e+001 -1.559186e+001  0.000000e+000
      vertex  2.614601e+001 -1.532256e+001  1.750000e+000
      vertex  2.614601e+001 -1.532256e+001  0.000000e+000
    endloop
  endfacet
  facet normal -7.557504e-001  6.548597e-001  0.000000e+000
    outer loop
      vertex  2.614601e+001 -1.532256e+001  0.000000e+000
      vertex  2.614601e+001 -1.532256e+001  1.750000e+000
      vertex  2.647219e+001 -1.494612e+001  1.750000e+000
    endloop
  endfacet
  facet normal -7.557504e-001  6.548597e-001  0.000000e+000
    outer loop
      vertex  2.614601e+001 -1.532256e+001  0.000000e+000
      vertex  2.647219e+001 -1.494612e+001  1.750000e+000
      vertex  2.647219e+001 -1.494612e+001  0.000000e+000
    endloop
  endfacet
  facet normal -9.096308e-001  4.154175e-001  0.000000e+000
    outer loop
      vertex  2.647219e+001 -1.494612e+001  0.000000e+000
      vertex  2.647219e+001 -1.494612e+001  1.750000e+000
      vertex  2.667911e+001 -1.449303e+001  1.750000e+000
    endloop
  endfacet
  facet normal -9.096308e-001  4.154175e-001  0.000000e+000
    outer loop
      vertex  2.647219e+001 -1.494612e+001  0.000000e+000
      vertex  2.667911e+001 -1.449303e+001  1.750000e+000
      vertex  2.667911e+001 -1.449303e+001  0.000000e+000
    endloop
  endfacet
  facet normal -9.898217e-001  1.423136e-001  0.000000e+000
    outer loop
      vertex  2.667911e+001 -1.449303e+001  0.000000e+000
      vertex  2.667911e+001 -1.449303e+001  1.750000e+000
      vertex  2.675000e+001 -1.400000e+001  1.750000e+000
    endloop
  endfacet
  facet normal -9.898217e-001  1.423136e-001  0.000000e+000
    outer loop
      vertex  2.667911e+001 -1.449303e+001  0.000000e+000
      vertex  2.675000e+001 -1.400000e+001  1.750000e+000
      vertex  2.675000e+001 -1.400000e+001  0.000000e+000
    endloop
  endfacet
  facet normal -2.817316e-001  9.594933e-001  0.000000e+000
    outer loop
      vertex  2.572698e+001 -1.559186e+001  1.750000e+000
      vertex  2.524905e+001 -1.573219e+001  0.000000e+000
      vertex  2.524905e+001 -1.573219e+001  1.750000e+000
    endloop
  endfacet
  facet normal  0.000000e+000  1.000000e+000  0.000000e+000
    outer loop
      vertex  2.524905e+001 -1.573219e+001  1.750000e+000
      vertex  2.524905e+001 -1.573219e+001  0.000000e+000
      vertex  2.475095e+001 -1.573219e+001  0.000000e+000
    endloop
  endfacet
  facet normal  0.000000e+000  1.000000e+000  0.000000e+000
    outer loop
      vertex  2.524905e+001 -1.573219e+001  1.750000e+000
      vertex  2.475095e+001 -1.573219e+001  0.000000e+000
      vertex  2.475095e+001 -1.573219e+001  1.750000e+000
    endloop
  endfacet
  facet normal  2.817316e-001  9.594933e-001  0.000000e+000
    outer loop
      vertex  2.475095e+001 -1.573219e+001  1.750000e+000
      vertex  2.475095e+001 -1.573219e+001  0.000000e+000
      vertex  2.427302e+001 -1.559186e+001  0.000000e+000
    endloop
  endfacet
  facet normal  2.817316e-001  9.594933e-001  -0.000000e+000
    outer loop
      vertex  2.475095e+001 -1.573219e+001  1.750000e+000
      vertex  2.427302e+001 -1.559186e+001  0.000000e+000
      vertex  2.427302e+001 -1.559186e+001  1.750000e+000
    endloop
  endfacet
  facet normal  5.406409e-001  8.412535e-001  0.000000e+000
    outer loop
      vertex  2.427302e+001 -1.559186e+001  1.750000e+000
      vertex  2.427302e+001 -1.559186e+001  0.000000e+000
      vertex  2.385399e+001 -1.532256e+001  0.000000e+000
    endloop
  endfacet
  facet normal  5.406409e-001  8.412535e-001  -0.000000e+000
    outer loop
      vertex  2.427302e+001 -1.559186e+001  1.750000e+000
      vertex  2.385399e+001 -1.532256e+001  0.000000e+000
      vertex  2.385399e+001 -1.532256e+001  1.750000e+000
    endloop
  endfacet
  facet normal  7.557504e-001  6.548597e-001  0.000000e+000
    outer loop
      vertex  2.385399e+001 -1.532256e+001  1.750000e+000
      vertex  2.385399e+001 -1.532256e+001  0.000000e+000
      vertex  2.352781e+001 -1.494612e+001  0.000000e+000
    endloop
  endfacet
  facet normal  7.557504e-001  6.548597e-001  -0.000000e+000
    outer loop
      vertex  2.385399e+001 -1.532256e+001  1.750000e+000
      vertex  2.352781e+001 -1.494612e+001  0.000000e+000
      vertex  2.352781e+001 -1.494612e+001  1.750000e+000
    endloop
  endfacet
  facet normal  9.096308e-001  4.154175e-001  0.000000e+000
    outer loop
      vertex  2.352781e+001 -1.494612e+001  1.750000e+000
      vertex  2.352781e+001 -1.494612e+001  0.000000e+000
      vertex  2.332089e+001 -1.449303e+001  0.000000e+000
    endloop
  endfacet
  facet normal  9.096308e-001  4.154175e-001  -0.000000e+000
    outer loop
      vertex  2.352781e+001 -1.494612e+001  1.750000e+000
      vertex  2.332089e+001 -1.449303e+001  0.000000e+000
      vertex  2.332089e+001 -1.449303e+001  1.750000e+000
    endloop
  endfacet
  facet normal  9.898217e-001  1.423136e-001  0.000000e+000
    outer loop
      vertex  2.332089e+001 -1.449303e+001  1.750000e+000
      vertex  2.332089e+001 -1.449303e+001  0.000000e+000
      vertex  2.325000e+001 -1.400000e+001  0.000000e+000
    endloop
  endfacet
  facet normal  9.898217e-001  1.423136e-001  -0.000000e+000
    outer loop
      vertex  2.332089e+001 -1.449303e+001  1.750000e+000
      vertex  2.325000e+001 -1.400000e+001  0.000000e+000
      vertex  2.325000e+001 -1.400000e+001  1.750000e+000
    endloop
  endfacet
  facet normal  0.000000e+000 -1.000000e+000  0.000000e+000
    outer loop
      vertex -1.600000e+001  1.450000e+001  0.000000e+000
      vertex  1.600000e+001  1.450000e+001  0.000000e+000
      vertex -1.600000e+001  1.450000e+001  4.000000e+000
    endloop
  endfacet
  facet normal  0.000000e+000 -1.000000e+000  0.000000e+000
    outer loop
      vertex -1.600000e+001  1.450000e+001  4.000000e+000
      vertex  1.600000e+001  1.450000e+001  0.000000e+000
      vertex  1.600000e+001  1.450000e+001  4.000000e+000
    endloop
  endfacet
  facet normal  0.000000e+000  1.000000e+000  0.000000e+000
    outer loop
      vertex  1.600000e+001 -1.450000e+001  0.000000e+000
      vertex -1.600000e+001 -1.450000e+001  0.000000e+000
      vertex  1.600000e+001 -1.450000e+001  4.000000e+000
    endloop
  endfacet
  facet normal  0.000000e+000  1.000000e+000  0.000000e+000
    outer loop
      vertex  1.600000e+001 -1.450000e+001  4.000000e+000
      vertex -1.600000e+001 -1.450000e+001  0.000000e+000
      vertex -1.600000e+001 -1.450000e+001  4.000000e+000
    endloop
  endfacet
  facet normal  -0.000000e+000  0.000000e+000 -1.000000e+000
    outer loop
      vertex  2.450000e+001  5.500000e+000  0.000000e+000
      vertex  2.450000e+001 -2.664535e-015  0.000000e+000
      vertex  2.000000e+001 -1.050000e+001  0.000000e+000
    endloop
  endfacet
  facet normal  -0.000000e+000  0.000000e+000 -1.000000e+000
    outer loop
      vertex  2.450000e+001 -2.664535e-015  0.000000e+000
      vertex  2.450000e+001 -5.500000e+000  0.000000e+000
      vertex  2.000000e+001 -1.050000e+001  0.000000e+000
    endloop
  endfacet
  facet normal  -0.000000e+000  0.000000e+000 -1.000000e+000
    outer loop
      vertex -2.647219e+001 -1.494612e+001  0.000000e+000
      vertex -2.614601e+001 -1.532256e+001  0.000000e+000
      vertex -4.066812e+001 -1.541146e+001  0.000000e+000
    endloop
  endfacet
  facet normal  0.000000e+000  0.000000e+000 -1.000000e+000
    outer loop
      vertex -1.882843e+001 -1.332843e+001  0.000000e+000
      vertex -2.332089e+001 -1.350697e+001  0.000000e+000
      vertex -2.352781e+001 -1.305388e+001  0.000000e+000
    endloop
  endfacet
  facet normal  0.000000e+000  0.000000e+000 -1.000000e+000
    outer loop
      vertex  2.572698e+001 -1.240814e+001  0.000000e+000
      vertex  2.524905e+001 -1.226781e+001  0.000000e+000
      vertex  4.219620e+001 -1.261299e+001  0.000000e+000
    endloop
  endfacet
  facet normal  0.000000e+000  0.000000e+000 -1.000000e+000
    outer loop
      vertex  4.219620e+001 -1.261299e+001  0.000000e+000
      vertex  2.614601e+001 -1.267744e+001  0.000000e+000
      vertex  2.572698e+001 -1.240814e+001  0.000000e+000
    endloop
  endfacet
  facet normal  0.000000e+000  0.000000e+000 -9.999999e-001
    outer loop
      vertex  2.352781e+001  1.494612e+001  0.000000e+000
      vertex  2.332089e+001  1.449303e+001  0.000000e+000
      vertex  1.600000e+001  1.450000e+001  0.000000e+000
    endloop
  endfacet
  facet normal  0.000000e+000  0.000000e+000 -1.000000e+000
    outer loop
      vertex  4.182224e+001  1.361561e+001  0.000000e+000
      vertex  2.667911e+001  1.350697e+001  0.000000e+000
      vertex  2.675000e+001  1.400000e+001  0.000000e+000
    endloop
  endfacet
  facet normal  0.000000e+000  -0.000000e+000 -1.000000e+000
    outer loop
      vertex  1.600000e+001 -1.450000e+001  0.000000e+000
      vertex  1.678036e+001 -1.442314e+001  0.000000e+000
      vertex  2.332089e+001 -1.449303e+001  0.000000e+000
    endloop
  endfacet
  facet normal  0.000000e+000  -0.000000e+000 -9.999999e-001
    outer loop
      vertex  1.600000e+001 -1.450000e+001  0.000000e+000
      vertex  2.332089e+001 -1.449303e+001  0.000000e+000
      vertex  2.352781e+001 -1.494612e+001  0.000000e+000
    endloop
  endfacet
  facet normal  -0.000000e+000  0.000000e+000 -9.999999e-001
    outer loop
      vertex  1.600000e+001 -1.450000e+001  0.000000e+000
      vertex  2.352781e+001 -1.494612e+001  0.000000e+000
      vertex -3.500000e+001 -1.800000e+001  0.000000e+000
    endloop
  endfacet
  facet normal  0.000000e+000  0.000000e+000 -1.000000e+000
    outer loop
      vertex  1.600000e+001 -1.450000e+001  0.000000e+000
      vertex -3.500000e+001 -1.800000e+001  0.000000e+000
      vertex -1.600000e+001 -1.450000e+001  0.000000e+000
    endloop
  endfacet
  facet normal  -0.000000e+000  0.000000e+000 -1.000000e+000
    outer loop
      vertex -1.600000e+001  1.450000e+001  0.000000e+000
      vertex -1.678036e+001  1.442314e+001  0.000000e+000
      vertex -2.325000e+001  1.400000e+001  0.000000e+000
    endloop
  endfacet
  facet normal  0.000000e+000  0.000000e+000 -1.000000e+000
    outer loop
      vertex -1.600000e+001  1.450000e+001  0.000000e+000
      vertex -2.325000e+001  1.400000e+001  0.000000e+000
      vertex -2.332089e+001  1.449303e+001  0.000000e+000
    endloop
  endfacet
  facet normal  0.000000e+000  0.000000e+000 -9.999999e-001
    outer loop
      vertex -1.600000e+001  1.450000e+001  0.000000e+000
      vertex -2.332089e+001  1.449303e+001  0.000000e+000
      vertex -2.352781e+001  1.494612e+001  0.000000e+000
    endloop
  endfacet
  facet normal  0.000000e+000  0.000000e+000 -1.000000e+000
    outer loop
      vertex -1.600000e+001  1.450000e+001  0.000000e+000
      vertex -2.352781e+001  1.494612e+001  0.000000e+000
      vertex -2.385399e+001  1.532256e+001  0.000000e+000
    endloop
  endfacet
  facet normal  0.000000e+000  0.000000e+000 -9.999999e-001
    outer loop
      vertex -1.600000e+001  1.450000e+001  0.000000e+000
      vertex -2.385399e+001  1.532256e+001  0.000000e+000
      vertex -2.427302e+001  1.559186e+001  0.000000e+000
    endloop
  endfacet
  facet normal  0.000000e+000  0.000000e+000 -1.000000e+000
    outer loop
      vertex -1.600000e+001  1.450000e+001  0.000000e+000
      vertex -2.427302e+001  1.559186e+001  0.000000e+000
      vertex -2.475095e+001  1.573219e+001  0.000000e+000
    endloop
  endfacet
  facet normal  0.000000e+000  0.000000e+000 -9.999999e-001
    outer loop
      vertex -1.600000e+001 -1.450000e+001  0.000000e+000
      vertex -3.500000e+001 -1.800000e+001  0.000000e+000
      vertex -2.475095e+001 -1.573219e+001  0.000000e+000
    endloop
  endfacet
  facet normal  0.000000e+000  0.000000e+000 -1.000000e+000
    outer loop
      vertex -1.600000e+001 -1.450000e+001  0.000000e+000
      vertex -2.475095e+001 -1.573219e+001  0.000000e+000
      vertex -2.427302e+001 -1.559186e+001  0.000000e+000
    endloop
  endfacet
  facet normal  0.000000e+000  0.000000e+000 -9.999999e-001
    outer loop
      vertex -1.600000e+001 -1.450000e+001  0.000000e+000
      vertex -2.427302e+001 -1.559186e+001  0.000000e+000
      vertex -2.385399e+001 -1.532256e+001  0.000000e+000
    endloop
  endfacet
  facet normal  0.000000e+000  0.000000e+000 -1.000000e+000
    outer loop
      vertex -1.600000e+001 -1.450000e+001  0.000000e+000
      vertex -2.385399e+001 -1.532256e+001  0.000000e+000
      vertex -2.352781e+001 -1.494612e+001  0.000000e+000
    endloop
  endfacet
  facet normal  0.000000e+000  0.000000e+000 -9.999999e-001
    outer loop
      vertex -1.600000e+001 -1.450000e+001  0.000000e+000
      vertex -2.352781e+001 -1.494612e+001  0.000000e+000
      vertex -2.332089e+001 -1.449303e+001  0.000000e+000
    endloop
  endfacet
  facet normal  0.000000e+000  0.000000e+000 -1.000000e+000
    outer loop
      vertex -1.600000e+001 -1.450000e+001  0.000000e+000
      vertex -2.332089e+001 -1.449303e+001  0.000000e+000
      vertex -1.678036e+001 -1.442314e+001  0.000000e+000
    endloop
  endfacet
  facet normal  -0.000000e+000  0.000000e+000 -1.000000e+000
    outer loop
      vertex  2.325000e+001  1.400000e+001  0.000000e+000
      vertex  2.332089e+001  1.350697e+001  0.000000e+000
      vertex  1.882843e+001  1.332843e+001  0.000000e+000
    endloop
  endfacet
  facet normal  0.000000e+000  0.000000e+000 -1.000000e+000
    outer loop
      vertex  2.325000e+001  1.400000e+001  0.000000e+000
      vertex  1.882843e+001  1.332843e+001  0.000000e+000
      vertex  1.822228e+001  1.382588e+001  0.000000e+000
    endloop
  endfacet
  facet normal  0.000000e+000  0.000000e+000 -1.000000e+000
    outer loop
      vertex  2.325000e+001  1.400000e+001  0.000000e+000
      vertex  1.822228e+001  1.382588e+001  0.000000e+000
      vertex  1.753073e+001  1.419552e+001  0.000000e+000
    endloop
  endfacet
  facet normal  0.000000e+000  0.000000e+000 -1.000000e+000
    outer loop
      vertex  2.325000e+001  1.400000e+001  0.000000e+000
      vertex  1.753073e+001  1.419552e+001  0.000000e+000
      vertex  1.678036e+001  1.442314e+001  0.000000e+000
    endloop
  endfacet
  facet normal  0.000000e+000  0.000000e+000 -1.000000e+000
    outer loop
      vertex  2.325000e+001  1.400000e+001  0.000000e+000
      vertex  1.678036e+001  1.442314e+001  0.000000e+000
      vertex  1.600000e+001  1.450000e+001  0.000000e+000
    endloop
  endfacet
  facet normal  0.000000e+000  0.000000e+000 -1.000000e+000
    outer loop
      vertex  2.325000e+001  1.400000e+001  0.000000e+000
      vertex  1.600000e+001  1.450000e+001  0.000000e+000
      vertex  2.332089e+001  1.449303e+001  0.000000e+000
    endloop
  endfacet
  facet normal  0.000000e+000  0.000000e+000 -1.000000e+000
    outer loop
      vertex -2.325000e+001  1.400000e+001  0.000000e+000
      vertex -1.678036e+001  1.442314e+001  0.000000e+000
      vertex -1.753073e+001  1.419552e+001  0.000000e+000
    endloop
  endfacet
  facet normal  0.000000e+000  0.000000e+000 -1.000000e+000
    outer loop
      vertex -2.325000e+001  1.400000e+001  0.000000e+000
      vertex -1.753073e+001  1.419552e+001  0.000000e+000
      vertex -1.822228e+001  1.382588e+001  0.000000e+000
    endloop
  endfacet
  facet normal  -0.000000e+000  0.000000e+000 -1.000000e+000
    outer loop
      vertex -2.325000e+001  1.400000e+001  0.000000e+000
      vertex -1.822228e+001  1.382588e+001  0.000000e+000
      vertex -1.882843e+001  1.332843e+001  0.000000e+000
    endloop
  endfacet
  facet normal  0.000000e+000  0.000000e+000 -1.000000e+000
    outer loop
      vertex -2.325000e+001  1.400000e+001  0.000000e+000
      vertex -1.882843e+001  1.332843e+001  0.000000e+000
      vertex -2.332089e+001  1.350697e+001  0.000000e+000
    endloop
  endfacet
  facet normal  0.000000e+000  0.000000e+000 -1.000000e+000
    outer loop
      vertex -2.750000e+001  8.000000e+000  0.000000e+000
      vertex -2.750000e+001  1.200000e+001  0.000000e+000
      vertex -2.524905e+001  1.226781e+001  0.000000e+000
    endloop
  endfacet
  facet normal  0.000000e+000  -0.000000e+000 -1.000000e+000
    outer loop
      vertex -2.750000e+001  8.000000e+000  0.000000e+000
      vertex -2.524905e+001  1.226781e+001  0.000000e+000
      vertex -2.475095e+001  1.226781e+001  0.000000e+000
    endloop
  endfacet
  facet normal  0.000000e+000  -0.000000e+000 -1.000000e+000
    outer loop
      vertex -2.750000e+001  8.000000e+000  0.000000e+000
      vertex -2.475095e+001  1.226781e+001  0.000000e+000
      vertex -2.450000e+001  5.500000e+000  0.000000e+000
    endloop
  endfacet
  facet normal  0.000000e+000  0.000000e+000 -1.000000e+000
    outer loop
      vertex -2.750000e+001  8.000000e+000  0.000000e+000
      vertex -2.450000e+001  5.500000e+000  0.000000e+000
      vertex -3.450000e+001  5.500000e+000  0.000000e+000
    endloop
  endfacet
  facet normal  0.000000e+000  0.000000e+000 -1.000000e+000
    outer loop
      vertex -2.750000e+001  8.000000e+000  0.000000e+000
      vertex -3.450000e+001  5.500000e+000  0.000000e+000
      vertex -3.450000e+001  8.000000e+000  0.000000e+000
    endloop
  endfacet
  facet normal  0.000000e+000  0.000000e+000 -1.000000e+000
    outer loop
      vertex -3.950000e+001  1.200000e+001  0.000000e+000
      vertex -3.950000e+001  1.000000e+001  0.000000e+000
      vertex -4.250000e+001  1.000000e+001  0.000000e+000
    endloop
  endfacet
  facet normal  0.000000e+000  0.000000e+000 -1.000000e+000
    outer loop
      vertex -3.950000e+001  1.200000e+001  0.000000e+000
      vertex -4.250000e+001  1.000000e+001  0.000000e+000
      vertex -4.250000e+001  1.050000e+001  0.000000e+000
    endloop
  endfacet
  facet normal  0.000000e+000  0.000000e+000 -1.000000e+000
    outer loop
      vertex -3.950000e+001  1.200000e+001  0.000000e+000
      vertex -4.250000e+001  1.050000e+001  0.000000e+000
      vertex -4.242366e+001  1.156736e+001  0.000000e+000
    endloop
  endfacet
  facet normal  0.000000e+000  0.000000e+000 -1.000000e+000
    outer loop
      vertex -3.950000e+001  1.200000e+001  0.000000e+000
      vertex -4.242366e+001  1.156736e+001  0.000000e+000
      vertex -4.219620e+001  1.261299e+001  0.000000e+000
    endloop
  endfacet
  facet normal  0.000000e+000  0.000000e+000 -1.000000e+000
    outer loop
      vertex -3.950000e+001  1.200000e+001  0.000000e+000
      vertex -4.219620e+001  1.261299e+001  0.000000e+000
      vertex -2.614601e+001  1.267744e+001  0.000000e+000
    endloop
  endfacet
  facet normal  0.000000e+000  -0.000000e+000 -9.999999e-001
    outer loop
      vertex -3.950000e+001  1.200000e+001  0.000000e+000
      vertex -2.614601e+001  1.267744e+001  0.000000e+000
      vertex -2.572698e+001  1.240814e+001  0.000000e+000
    endloop
  endfacet
  facet normal  0.000000e+000  -0.000000e+000 -1.000000e+000
    outer loop
      vertex -3.950000e+001  1.200000e+001  0.000000e+000
      vertex -2.572698e+001  1.240814e+001  0.000000e+000
      vertex -2.524905e+001  1.226781e+001  0.000000e+000
    endloop
  endfacet
  facet normal  0.000000e+000  0.000000e+000 -1.000000e+000
    outer loop
      vertex -3.950000e+001  1.200000e+001  0.000000e+000
      vertex -2.524905e+001  1.226781e+001  0.000000e+000
      vertex -2.750000e+001  1.200000e+001  0.000000e+000
    endloop
  endfacet
  facet normal  0.000000e+000  0.000000e+000 -1.000000e+000
    outer loop
      vertex  3.950000e+001  1.200000e+001  0.000000e+000
      vertex  2.750000e+001  1.200000e+001  0.000000e+000
      vertex  2.524905e+001  1.226781e+001  0.000000e+000
    endloop
  endfacet
  facet normal  0.000000e+000  0.000000e+000 -1.000000e+000
    outer loop
      vertex  3.950000e+001  1.200000e+001  0.000000e+000
      vertex  2.524905e+001  1.226781e+001  0.000000e+000
      vertex  2.572698e+001  1.240814e+001  0.000000e+000
    endloop
  endfacet
  facet normal  0.000000e+000  0.000000e+000 -9.999999e-001
    outer loop
      vertex  3.950000e+001  1.200000e+001  0.000000e+000
      vertex  2.572698e+001  1.240814e+001  0.000000e+000
      vertex  2.614601e+001  1.267744e+001  0.000000e+000
    endloop
  endfacet
  facet normal  0.000000e+000  0.000000e+000 -1.000000e+000
    outer loop
      vertex  3.950000e+001  1.200000e+001  0.000000e+000
      vertex  2.614601e+001  1.267744e+001  0.000000e+000
      vertex  4.219620e+001  1.261299e+001  0.000000e+000
    endloop
  endfacet
  facet normal  0.000000e+000  -0.000000e+000 -1.000000e+000
    outer loop
      vertex  3.950000e+001  1.200000e+001  0.000000e+000
      vertex  4.219620e+001  1.261299e+001  0.000000e+000
      vertex  4.242366e+001  1.156736e+001  0.000000e+000
    endloop
  endfacet
  facet normal  -0.000000e+000  -0.000000e+000 -1.000000e+000
    outer loop
      vertex  3.950000e+001  1.200000e+001  0.000000e+000
      vertex  4.242366e+001  1.156736e+001  0.000000e+000
      vertex  4.250000e+001  1.050000e+001  0.000000e+000
    endloop
  endfacet
  facet normal  -0.000000e+000  -0.000000e+000 -1.000000e+000
    outer loop
      vertex  3.950000e+001  1.200000e+001  0.000000e+000
      vertex  4.250000e+001  1.050000e+001  0.000000e+000
      vertex  4.250000e+001  1.000000e+001  0.000000e+000
    endloop
  endfacet
  facet normal  0.000000e+000  0.000000e+000 -1.000000e+000
    outer loop
      vertex  3.950000e+001  1.200000e+001  0.000000e+000
      vertex  4.250000e+001  1.000000e+001  0.000000e+000
      vertex  3.950000e+001  1.000000e+001  0.000000e+000
    endloop
  endfacet
  facet normal  0.000000e+000  0.000000e+000 -9.999999e-001
    outer loop
      vertex  2.450000e+001  5.500000e+000  0.000000e+000
      vertex  2.000000e+001 -1.050000e+001  0.000000e+000
      vertex  2.000000e+001  1.050000e+001  0.000000e+000
    endloop
  endfacet
  facet normal  0.000000e+000  0.000000e+000 -1.000000e+000
    outer loop
      vertex  2.450000e+001  5.500000e+000  0.000000e+000
      vertex  2.000000e+001  1.050000e+001  0.000000e+000
      vertex  1.992314e+001  1.128036e+001  0.000000e+000
    endloop
  endfacet
  facet normal  0.000000e+000  0.000000e+000 -1.000000e+000
    outer loop
      vertex  2.450000e+001  5.500000e+000  0.000000e+000
      vertex  1.992314e+001  1.128036e+001  0.000000e+000
      vertex  1.969552e+001  1.203073e+001  0.000000e+000
    endloop
  endfacet
  facet normal  0.000000e+000  0.000000e+000 -1.000000e+000
    outer loop
      vertex  2.450000e+001  5.500000e+000  0.000000e+000
      vertex  1.969552e+001  1.203073e+001  0.000000e+000
      vertex  2.475095e+001  1.226781e+001  0.000000e+000
    endloop
  endfacet
  facet normal  0.000000e+000  -0.000000e+000 -1.000000e+000
    outer loop
      vertex  2.450000e+001  5.500000e+000  0.000000e+000
      vertex  2.475095e+001  1.226781e+001  0.000000e+000
      vertex  2.524905e+001  1.226781e+001  0.000000e+000
    endloop
  endfacet
  facet normal  0.000000e+000  -0.000000e+000 -9.999999e-001
    outer loop
      vertex  2.450000e+001  5.500000e+000  0.000000e+000
      vertex  2.524905e+001  1.226781e+001  0.000000e+000
      vertex  2.750000e+001  1.200000e+001  0.000000e+000
    endloop
  endfacet
  facet normal  0.000000e+000  -0.000000e+000 -1.000000e+000
    outer loop
      vertex  2.450000e+001  5.500000e+000  0.000000e+000
      vertex  2.750000e+001  1.200000e+001  0.000000e+000
      vertex  2.750000e+001  8.000000e+000  0.000000e+000
    endloop
  endfacet
  facet normal  0.000000e+000  -0.000000e+000 -1.000000e+000
    outer loop
      vertex  2.450000e+001  5.500000e+000  0.000000e+000
      vertex  2.750000e+001  8.000000e+000  0.000000e+000
      vertex  3.450000e+001  8.000000e+000  0.000000e+000
    endloop
  endfacet
  facet normal  0.000000e+000  -0.000000e+000 -1.000000e+000
    outer loop
      vertex  2.450000e+001  5.500000e+000  0.000000e+000
      vertex  3.450000e+001  8.000000e+000  0.000000e+000
      vertex  3.450000e+001  5.500000e+000  0.000000e+000
    endloop
  endfacet
  facet normal  0.000000e+000  0.000000e+000 -1.000000e+000
    outer loop
      vertex  3.950000e+001 -1.200000e+001  0.000000e+000
      vertex  3.950000e+001 -1.000000e+001  0.000000e+000
      vertex  4.250000e+001 -1.000000e+001  0.000000e+000
    endloop
  endfacet
  facet normal  0.000000e+000  -0.000000e+000 -1.000000e+000
    outer loop
      vertex  3.950000e+001 -1.200000e+001  0.000000e+000
      vertex  4.250000e+001 -1.000000e+001  0.000000e+000
      vertex  4.250000e+001 -1.050000e+001  0.000000e+000
    endloop
  endfacet
  facet normal  0.000000e+000  0.000000e+000 -1.000000e+000
    outer loop
      vertex  3.950000e+001 -1.200000e+001  0.000000e+000
      vertex  4.250000e+001 -1.050000e+001  0.000000e+000
      vertex  4.242366e+001 -1.156736e+001  0.000000e+000
    endloop
  endfacet
  facet normal  0.000000e+000  0.000000e+000 -1.000000e+000
    outer loop
      vertex  3.950000e+001 -1.200000e+001  0.000000e+000
      vertex  4.242366e+001 -1.156736e+001  0.000000e+000
      vertex  4.219620e+001 -1.261299e+001  0.000000e+000
    endloop
  endfacet
  facet normal  0.000000e+000  0.000000e+000 -1.000000e+000
    outer loop
      vertex  3.950000e+001 -1.200000e+001  0.000000e+000
      vertex  4.219620e+001 -1.261299e+001  0.000000e+000
      vertex  2.524905e+001 -1.226781e+001  0.000000e+000
    endloop
  endfacet
  facet normal  0.000000e+000  0.000000e+000 -1.000000e+000
    outer loop
      vertex  3.950000e+001 -1.200000e+001  0.000000e+000
      vertex  2.524905e+001 -1.226781e+001  0.000000e+000
      vertex  2.750000e+001 -1.200000e+001  0.000000e+000
    endloop
  endfacet
  facet normal  -0.000000e+000  0.000000e+000 -1.000000e+000
    outer loop
      vertex -3.500000e+001  1.800000e+001  0.000000e+000
      vertex  3.500000e+001  1.800000e+001  0.000000e+000
      vertex  2.524905e+001  1.573219e+001  0.000000e+000
    endloop
  endfacet
  facet normal  0.000000e+000  0.000000e+000 -1.000000e+000
    outer loop
      vertex -3.500000e+001  1.800000e+001  0.000000e+000
      vertex  2.524905e+001  1.573219e+001  0.000000e+000
      vertex  2.475095e+001  1.573219e+001  0.000000e+000
    endloop
  endfacet
  facet normal  -0.000000e+000  0.000000e+000 -1.000000e+000
    outer loop
      vertex -3.500000e+001  1.800000e+001  0.000000e+000
      vertex  2.475095e+001  1.573219e+001  0.000000e+000
      vertex  2.427302e+001  1.559186e+001  0.000000e+000
    endloop
  endfacet
  facet normal  -0.000000e+000  0.000000e+000 -1.000000e+000
    outer loop
      vertex -3.500000e+001  1.800000e+001  0.000000e+000
      vertex  2.427302e+001  1.559186e+001  0.000000e+000
      vertex  2.385399e+001  1.532256e+001  0.000000e+000
    endloop
  endfacet
  facet normal  -0.000000e+000  0.000000e+000 -1.000000e+000
    outer loop
      vertex -3.500000e+001  1.800000e+001  0.000000e+000
      vertex  2.385399e+001  1.532256e+001  0.000000e+000
      vertex  2.352781e+001  1.494612e+001  0.000000e+000
    endloop
  endfacet
  facet normal  -0.000000e+000  0.000000e+000 -9.999999e-001
    outer loop
      vertex -3.500000e+001  1.800000e+001  0.000000e+000
      vertex  2.352781e+001  1.494612e+001  0.000000e+000
      vertex  1.600000e+001  1.450000e+001  0.000000e+000
    endloop
  endfacet
  facet normal  0.000000e+000  0.000000e+000 -1.000000e+000
    outer loop
      vertex -3.500000e+001  1.800000e+001  0.000000e+000
      vertex  1.600000e+001  1.450000e+001  0.000000e+000
      vertex -1.600000e+001  1.450000e+001  0.000000e+000
    endloop
  endfacet
  facet normal  0.000000e+000  0.000000e+000 -9.999999e-001
    outer loop
      vertex -3.500000e+001  1.800000e+001  0.000000e+000
      vertex -1.600000e+001  1.450000e+001  0.000000e+000
      vertex -2.475095e+001  1.573219e+001  0.000000e+000
    endloop
  endfacet
  facet normal  0.000000e+000  0.000000e+000 -1.000000e+000
    outer loop
      vertex -3.500000e+001  1.800000e+001  0.000000e+000
      vertex -2.475095e+001  1.573219e+001  0.000000e+000
      vertex -2.524905e+001  1.573219e+001  0.000000e+000
    endloop
  endfacet
  facet normal  0.000000e+000  0.000000e+000 -1.000000e+000
    outer loop
      vertex -3.500000e+001  1.800000e+001  0.000000e+000
      vertex -2.524905e+001  1.573219e+001  0.000000e+000
      vertex -3.991146e+001  1.616812e+001  0.000000e+000
    endloop
  endfacet
  facet normal  0.000000e+000  -0.000000e+000 -1.000000e+000
    outer loop
      vertex  2.524905e+001 -1.573219e+001  0.000000e+000
      vertex  2.572698e+001 -1.559186e+001  0.000000e+000
      vertex  3.991146e+001 -1.616812e+001  0.000000e+000
    endloop
  endfacet
  facet normal  -0.000000e+000  0.000000e+000 -9.999999e-001
    outer loop
      vertex  2.524905e+001 -1.573219e+001  0.000000e+000
      vertex  3.991146e+001 -1.616812e+001  0.000000e+000
      vertex  3.905481e+001 -1.680940e+001  0.000000e+000
    endloop
  endfacet
  facet normal  -0.000000e+000  0.000000e+000 -1.000000e+000
    outer loop
      vertex  2.524905e+001 -1.573219e+001  0.000000e+000
      vertex  3.905481e+001 -1.680940e+001  0.000000e+000
      vertex  3.811561e+001 -1.732224e+001  0.000000e+000
    endloop
  endfacet
  facet normal  -0.000000e+000  0.000000e+000 -1.000000e+000
    outer loop
      vertex  2.524905e+001 -1.573219e+001  0.000000e+000
      vertex  3.811561e+001 -1.732224e+001  0.000000e+000
      vertex  3.711300e+001 -1.769620e+001  0.000000e+000
    endloop
  endfacet
  facet normal  -0.000000e+000  0.000000e+000 -1.000000e+000
    outer loop
      vertex  2.524905e+001 -1.573219e+001  0.000000e+000
      vertex  3.711300e+001 -1.769620e+001  0.000000e+000
      vertex  3.606736e+001 -1.792366e+001  0.000000e+000
    endloop
  endfacet
  facet normal  -0.000000e+000  0.000000e+000 -1.000000e+000
    outer loop
      vertex  2.524905e+001 -1.573219e+001  0.000000e+000
      vertex  3.606736e+001 -1.792366e+001  0.000000e+000
      vertex  3.500000e+001 -1.800000e+001  0.000000e+000
    endloop
  endfacet
  facet normal  0.000000e+000  0.000000e+000 -1.000000e+000
    outer loop
      vertex  2.524905e+001 -1.573219e+001  0.000000e+000
      vertex  3.500000e+001 -1.800000e+001  0.000000e+000
      vertex -3.500000e+001 -1.800000e+001  0.000000e+000
    endloop
  endfacet
  facet normal  0.000000e+000  0.000000e+000 -1.000000e+000
    outer loop
      vertex  2.524905e+001 -1.573219e+001  0.000000e+000
      vertex -3.500000e+001 -1.800000e+001  0.000000e+000
      vertex  2.475095e+001 -1.573219e+001  0.000000e+000
    endloop
  endfacet
  facet normal  -0.000000e+000  -0.000000e+000 -1.000000e+000
    outer loop
      vertex  2.450000e+001 -5.500000e+000  0.000000e+000
      vertex  3.450000e+001 -5.500000e+000  0.000000e+000
      vertex  3.450000e+001 -8.000000e+000  0.000000e+000
    endloop
  endfacet
  facet normal  0.000000e+000  0.000000e+000 -1.000000e+000
    outer loop
      vertex  2.450000e+001 -5.500000e+000  0.000000e+000
      vertex  3.450000e+001 -8.000000e+000  0.000000e+000
      vertex  2.750000e+001 -8.000000e+000  0.000000e+000
    endloop
  endfacet
  facet normal  -0.000000e+000  -0.000000e+000 -1.000000e+000
    outer loop
      vertex  2.450000e+001 -5.500000e+000  0.000000e+000
      vertex  2.750000e+001 -8.000000e+000  0.000000e+000
      vertex  2.750000e+001 -1.200000e+001  0.000000e+000
    endloop
  endfacet
  facet normal  -0.000000e+000  0.000000e+000 -9.999999e-001
    outer loop
      vertex  2.450000e+001 -5.500000e+000  0.000000e+000
      vertex  2.750000e+001 -1.200000e+001  0.000000e+000
      vertex  2.524905e+001 -1.226781e+001  0.000000e+000
    endloop
  endfacet
  facet normal  0.000000e+000  0.000000e+000 -1.000000e+000
    outer loop
      vertex  2.450000e+001 -5.500000e+000  0.000000e+000
      vertex  2.524905e+001 -1.226781e+001  0.000000e+000
      vertex  2.475095e+001 -1.226781e+001  0.000000e+000
    endloop
  endfacet
  facet normal  0.000000e+000  0.000000e+000 -1.000000e+000
    outer loop
      vertex  2.450000e+001 -5.500000e+000  0.000000e+000
      vertex  2.475095e+001 -1.226781e+001  0.000000e+000
      vertex  1.969552e+001 -1.203073e+001  0.000000e+000
    endloop
  endfacet
  facet normal  0.000000e+000  0.000000e+000 -1.000000e+000
    outer loop
      vertex  2.450000e+001 -5.500000e+000  0.000000e+000
      vertex  1.969552e+001 -1.203073e+001  0.000000e+000
      vertex  1.992314e+001 -1.128036e+001  0.000000e+000
    endloop
  endfacet
  facet normal  0.000000e+000  0.000000e+000 -1.000000e+000
    outer loop
      vertex  2.450000e+001 -5.500000e+000  0.000000e+000
      vertex  1.992314e+001 -1.128036e+001  0.000000e+000
      vertex  2.000000e+001 -1.050000e+001  0.000000e+000
    endloop
  endfacet
  facet normal  0.000000e+000  -0.000000e+000 -9.999999e-001
    outer loop
      vertex  2.524905e+001  1.573219e+001  0.000000e+000
      vertex  3.500000e+001  1.800000e+001  0.000000e+000
      vertex  3.606736e+001  1.792366e+001  0.000000e+000
    endloop
  endfacet
  facet normal  0.000000e+000  -0.000000e+000 -1.000000e+000
    outer loop
      vertex  2.524905e+001  1.573219e+001  0.000000e+000
      vertex  3.606736e+001  1.792366e+001  0.000000e+000
      vertex  3.711300e+001  1.769620e+001  0.000000e+000
    endloop
  endfacet
  facet normal  0.000000e+000  -0.000000e+000 -1.000000e+000
    outer loop
      vertex  2.524905e+001  1.573219e+001  0.000000e+000
      vertex  3.711300e+001  1.769620e+001  0.000000e+000
      vertex  3.811561e+001  1.732224e+001  0.000000e+000
    endloop
  endfacet
  facet normal  0.000000e+000  -0.000000e+000 -1.000000e+000
    outer loop
      vertex  2.524905e+001  1.573219e+001  0.000000e+000
      vertex  3.811561e+001  1.732224e+001  0.000000e+000
      vertex  3.905481e+001  1.680940e+001  0.000000e+000
    endloop
  endfacet
  facet normal  0.000000e+000  -0.000000e+000 -9.999999e-001
    outer loop
      vertex  2.524905e+001  1.573219e+001  0.000000e+000
      vertex  3.905481e+001  1.680940e+001  0.000000e+000
      vertex  3.991146e+001  1.616812e+001  0.000000e+000
    endloop
  endfacet
  facet normal  0.000000e+000  -0.000000e+000 -1.000000e+000
    outer loop
      vertex  2.524905e+001  1.573219e+001  0.000000e+000
      vertex  3.991146e+001  1.616812e+001  0.000000e+000
      vertex  4.066812e+001  1.541146e+001  0.000000e+000
    endloop
  endfacet
  facet normal  0.000000e+000  0.000000e+000 -1.000000e+000
    outer loop
      vertex  2.524905e+001  1.573219e+001  0.000000e+000
      vertex  4.066812e+001  1.541146e+001  0.000000e+000
      vertex  2.572698e+001  1.559186e+001  0.000000e+000
    endloop
  endfacet
  facet normal  0.000000e+000  0.000000e+000 -1.000000e+000
    outer loop
      vertex -3.991146e+001 -1.616812e+001  0.000000e+000
      vertex -4.066812e+001 -1.541146e+001  0.000000e+000
      vertex -2.614601e+001 -1.532256e+001  0.000000e+000
    endloop
  endfacet
  facet normal  0.000000e+000  -0.000000e+000 -1.000000e+000
    outer loop
      vertex -3.991146e+001 -1.616812e+001  0.000000e+000
      vertex -2.614601e+001 -1.532256e+001  0.000000e+000
      vertex -2.572698e+001 -1.559186e+001  0.000000e+000
    endloop
  endfacet
  facet normal  0.000000e+000  -0.000000e+000 -1.000000e+000
    outer loop
      vertex -3.991146e+001 -1.616812e+001  0.000000e+000
      vertex -2.572698e+001 -1.559186e+001  0.000000e+000
      vertex -2.524905e+001 -1.573219e+001  0.000000e+000
    endloop
  endfacet
  facet normal  0.000000e+000  -0.000000e+000 -9.999999e-001
    outer loop
      vertex -3.991146e+001 -1.616812e+001  0.000000e+000
      vertex -2.524905e+001 -1.573219e+001  0.000000e+000
      vertex -2.475095e+001 -1.573219e+001  0.000000e+000
    endloop
  endfacet
  facet normal  0.000000e+000  0.000000e+000 -1.000000e+000
    outer loop
      vertex -3.991146e+001 -1.616812e+001  0.000000e+000
      vertex -2.475095e+001 -1.573219e+001  0.000000e+000
      vertex -3.500000e+001 -1.800000e+001  0.000000e+000
    endloop
  endfacet
  facet normal  0.000000e+000  0.000000e+000 -9.999999e-001
    outer loop
      vertex -3.991146e+001 -1.616812e+001  0.000000e+000
      vertex -3.500000e+001 -1.800000e+001  0.000000e+000
      vertex -3.606736e+001 -1.792366e+001  0.000000e+000
    endloop
  endfacet
  facet normal  0.000000e+000  0.000000e+000 -9.999999e-001
    outer loop
      vertex -3.991146e+001 -1.616812e+001  0.000000e+000
      vertex -3.606736e+001 -1.792366e+001  0.000000e+000
      vertex -3.711300e+001 -1.769620e+001  0.000000e+000
    endloop
  endfacet
  facet normal  0.000000e+000  0.000000e+000 -1.000000e+000
    outer loop
      vertex -3.991146e+001 -1.616812e+001  0.000000e+000
      vertex -3.711300e+001 -1.769620e+001  0.000000e+000
      vertex -3.811561e+001 -1.732224e+001  0.000000e+000
    endloop
  endfacet
  facet normal  0.000000e+000  0.000000e+000 -1.000000e+000
    outer loop
      vertex -3.991146e+001 -1.616812e+001  0.000000e+000
      vertex -3.811561e+001 -1.732224e+001  0.000000e+000
      vertex -3.905481e+001 -1.680940e+001  0.000000e+000
    endloop
  endfacet
  facet normal  0.000000e+000  -0.000000e+000 -1.000000e+000
    outer loop
      vertex -3.500000e+001 -1.800000e+001  0.000000e+000
      vertex  2.352781e+001 -1.494612e+001  0.000000e+000
      vertex  2.385399e+001 -1.532256e+001  0.000000e+000
    endloop
  endfacet
  facet normal  0.000000e+000  -0.000000e+000 -1.000000e+000
    outer loop
      vertex -3.500000e+001 -1.800000e+001  0.000000e+000
      vertex  2.385399e+001 -1.532256e+001  0.000000e+000
      vertex  2.427302e+001 -1.559186e+001  0.000000e+000
    endloop
  endfacet
  facet normal  0.000000e+000  -0.000000e+000 -1.000000e+000
    outer loop
      vertex -3.500000e+001 -1.800000e+001  0.000000e+000
      vertex  2.427302e+001 -1.559186e+001  0.000000e+000
      vertex  2.475095e+001 -1.573219e+001  0.000000e+000
    endloop
  endfacet
  facet normal  -0.000000e+000  0.000000e+000 -1.000000e+000
    outer loop
      vertex -2.475095e+001  1.226781e+001  0.000000e+000
      vertex -1.969552e+001  1.203073e+001  0.000000e+000
      vertex -1.992314e+001  1.128036e+001  0.000000e+000
    endloop
  endfacet
  facet normal  -0.000000e+000  0.000000e+000 -9.999999e-001
    outer loop
      vertex -2.475095e+001  1.226781e+001  0.000000e+000
      vertex -1.992314e+001  1.128036e+001  0.000000e+000
      vertex -2.000000e+001  1.050000e+001  0.000000e+000
    endloop
  endfacet
  facet normal  -0.000000e+000  0.000000e+000 -1.000000e+000
    outer loop
      vertex -2.475095e+001  1.226781e+001  0.000000e+000
      vertex -2.000000e+001  1.050000e+001  0.000000e+000
      vertex -2.450000e+001  5.500000e+000  0.000000e+000
    endloop
  endfacet
  facet normal  0.000000e+000  -0.000000e+000 -1.000000e+000
    outer loop
      vertex -3.991146e+001  1.616812e+001  0.000000e+000
      vertex -3.905481e+001  1.680940e+001  0.000000e+000
      vertex -3.811561e+001  1.732224e+001  0.000000e+000
    endloop
  endfacet
  facet normal  0.000000e+000  -0.000000e+000 -1.000000e+000
    outer loop
      vertex -3.991146e+001  1.616812e+001  0.000000e+000
      vertex -3.811561e+001  1.732224e+001  0.000000e+000
      vertex -3.711300e+001  1.769620e+001  0.000000e+000
    endloop
  endfacet
  facet normal  0.000000e+000  -0.000000e+000 -1.000000e+000
    outer loop
      vertex -3.991146e+001  1.616812e+001  0.000000e+000
      vertex -3.711300e+001  1.769620e+001  0.000000e+000
      vertex -3.606736e+001  1.792366e+001  0.000000e+000
    endloop
  endfacet
  facet normal  0.000000e+000  -0.000000e+000 -9.999999e-001
    outer loop
      vertex -3.991146e+001  1.616812e+001  0.000000e+000
      vertex -3.606736e+001  1.792366e+001  0.000000e+000
      vertex -3.500000e+001  1.800000e+001  0.000000e+000
    endloop
  endfacet
  facet normal  0.000000e+000  -0.000000e+000 -1.000000e+000
    outer loop
      vertex -4.219620e+001  1.261299e+001  0.000000e+000
      vertex -4.182224e+001  1.361561e+001  0.000000e+000
      vertex -2.667911e+001  1.350697e+001  0.000000e+000
    endloop
  endfacet
  facet normal  0.000000e+000  -0.000000e+000 -1.000000e+000
    outer loop
      vertex -4.219620e+001  1.261299e+001  0.000000e+000
      vertex -2.667911e+001  1.350697e+001  0.000000e+000
      vertex -2.647219e+001  1.305388e+001  0.000000e+000
    endloop
  endfacet
  facet normal  0.000000e+000  -0.000000e+000 -1.000000e+000
    outer loop
      vertex -4.219620e+001  1.261299e+001  0.000000e+000
      vertex -2.647219e+001  1.305388e+001  0.000000e+000
      vertex -2.614601e+001  1.267744e+001  0.000000e+000
    endloop
  endfacet
  facet normal  0.000000e+000  0.000000e+000 -1.000000e+000
    outer loop
      vertex -4.219620e+001 -1.261299e+001  0.000000e+000
      vertex -4.242366e+001 -1.156736e+001  0.000000e+000
      vertex -3.950000e+001 -1.200000e+001  0.000000e+000
    endloop
  endfacet
  facet normal  0.000000e+000  -0.000000e+000 -1.000000e+000
    outer loop
      vertex -4.219620e+001 -1.261299e+001  0.000000e+000
      vertex -3.950000e+001 -1.200000e+001  0.000000e+000
      vertex -2.750000e+001 -1.200000e+001  0.000000e+000
    endloop
  endfacet
  facet normal  0.000000e+000  -0.000000e+000 -1.000000e+000
    outer loop
      vertex -4.219620e+001 -1.261299e+001  0.000000e+000
      vertex -2.750000e+001 -1.200000e+001  0.000000e+000
      vertex -2.524905e+001 -1.226781e+001  0.000000e+000
    endloop
  endfacet
  facet normal  0.000000e+000  0.000000e+000 -1.000000e+000
    outer loop
      vertex -4.219620e+001 -1.261299e+001  0.000000e+000
      vertex -2.524905e+001 -1.226781e+001  0.000000e+000
      vertex -2.572698e+001 -1.240814e+001  0.000000e+000
    endloop
  endfacet
  facet normal  0.000000e+000  0.000000e+000 -1.000000e+000
    outer loop
      vertex -4.219620e+001 -1.261299e+001  0.000000e+000
      vertex -2.572698e+001 -1.240814e+001  0.000000e+000
      vertex -2.614601e+001 -1.267744e+001  0.000000e+000
    endloop
  endfacet
  facet normal  0.000000e+000  0.000000e+000 -1.000000e+000
    outer loop
      vertex -4.182224e+001 -1.361561e+001  0.000000e+000
      vertex -4.219620e+001 -1.261299e+001  0.000000e+000
      vertex -2.614601e+001 -1.267744e+001  0.000000e+000
    endloop
  endfacet
  facet normal  0.000000e+000  0.000000e+000 -1.000000e+000
    outer loop
      vertex -4.182224e+001 -1.361561e+001  0.000000e+000
      vertex -2.614601e+001 -1.267744e+001  0.000000e+000
      vertex -2.647219e+001 -1.305388e+001  0.000000e+000
    endloop
  endfacet
  facet normal  0.000000e+000  0.000000e+000 -1.000000e+000
    outer loop
      vertex -4.182224e+001 -1.361561e+001  0.000000e+000
      vertex -2.647219e+001 -1.305388e+001  0.000000e+000
      vertex -2.667911e+001 -1.350697e+001  0.000000e+000
    endloop
  endfacet
  facet normal  0.000000e+000  0.000000e+000 -1.000000e+000
    outer loop
      vertex -4.182224e+001 -1.361561e+001  0.000000e+000
      vertex -2.667911e+001 -1.350697e+001  0.000000e+000
      vertex -2.675000e+001 -1.400000e+001  0.000000e+000
    endloop
  endfacet
  facet normal  -0.000000e+000  0.000000e+000 -1.000000e+000
    outer loop
      vertex -4.182224e+001 -1.361561e+001  0.000000e+000
      vertex -2.675000e+001 -1.400000e+001  0.000000e+000
      vertex -4.130940e+001 -1.455481e+001  0.000000e+000
    endloop
  endfacet
  facet normal  0.000000e+000  0.000000e+000 -1.000000e+000
    outer loop
      vertex -2.000000e+001 -1.050000e+001  0.000000e+000
      vertex -2.450000e+001 -5.500000e+000  0.000000e+000
      vertex -2.450000e+001  2.664535e-015  0.000000e+000
    endloop
  endfacet
  facet normal  0.000000e+000  0.000000e+000 -1.000000e+000
    outer loop
      vertex -2.000000e+001 -1.050000e+001  0.000000e+000
      vertex -2.450000e+001  2.664535e-015  0.000000e+000
      vertex -2.450000e+001  5.500000e+000  0.000000e+000
    endloop
  endfacet
  facet normal  0.000000e+000  0.000000e+000 -9.999999e-001
    outer loop
      vertex -2.000000e+001 -1.050000e+001  0.000000e+000
      vertex -2.450000e+001  5.500000e+000  0.000000e+000
      vertex -2.000000e+001  1.050000e+001  0.000000e+000
    endloop
  endfacet
  facet normal  0.000000e+000  0.000000e+000 -9.999999e-001
    outer loop
      vertex -1.969552e+001  1.203073e+001  0.000000e+000
      vertex -2.475095e+001  1.226781e+001  0.000000e+000
      vertex -2.427302e+001  1.240814e+001  0.000000e+000
    endloop
  endfacet
  facet normal  0.000000e+000  0.000000e+000 -1.000000e+000
    outer loop
      vertex -1.969552e+001  1.203073e+001  0.000000e+000
      vertex -2.427302e+001  1.240814e+001  0.000000e+000
      vertex -2.385399e+001  1.267744e+001  0.000000e+000
    endloop
  endfacet
  facet normal  0.000000e+000  0.000000e+000 -1.000000e+000
    outer loop
      vertex -1.969552e+001  1.203073e+001  0.000000e+000
      vertex -2.385399e+001  1.267744e+001  0.000000e+000
      vertex -1.932588e+001  1.272228e+001  0.000000e+000
    endloop
  endfacet
  facet normal  0.000000e+000  0.000000e+000 -1.000000e+000
    outer loop
      vertex  1.969552e+001  1.203073e+001  0.000000e+000
      vertex  1.932588e+001  1.272228e+001  0.000000e+000
      vertex  2.385399e+001  1.267744e+001  0.000000e+000
    endloop
  endfacet
  facet normal  0.000000e+000  -0.000000e+000 -1.000000e+000
    outer loop
      vertex  1.969552e+001  1.203073e+001  0.000000e+000
      vertex  2.385399e+001  1.267744e+001  0.000000e+000
      vertex  2.427302e+001  1.240814e+001  0.000000e+000
    endloop
  endfacet
  facet normal  0.000000e+000  -0.000000e+000 -1.000000e+000
    outer loop
      vertex  1.969552e+001  1.203073e+001  0.000000e+000
      vertex  2.427302e+001  1.240814e+001  0.000000e+000
      vertex  2.475095e+001  1.226781e+001  0.000000e+000
    endloop
  endfacet
  facet normal  0.000000e+000  0.000000e+000 -1.000000e+000
    outer loop
      vertex -2.750000e+001 -1.200000e+001  0.000000e+000
      vertex -2.750000e+001 -8.000000e+000  0.000000e+000
      vertex -2.524905e+001 -1.226781e+001  0.000000e+000
    endloop
  endfacet
  facet normal  0.000000e+000  0.000000e+000 -1.000000e+000
    outer loop
      vertex -2.524905e+001 -1.226781e+001  0.000000e+000
      vertex -2.750000e+001 -8.000000e+000  0.000000e+000
      vertex -2.450000e+001 -5.500000e+000  0.000000e+000
    endloop
  endfacet
  facet normal  0.000000e+000  0.000000e+000 -1.000000e+000
    outer loop
      vertex -2.524905e+001 -1.226781e+001  0.000000e+000
      vertex -2.450000e+001 -5.500000e+000  0.000000e+000
      vertex -2.475095e+001 -1.226781e+001  0.000000e+000
    endloop
  endfacet
  facet normal  0.000000e+000  0.000000e+000 -1.000000e+000
    outer loop
      vertex -2.475095e+001 -1.226781e+001  0.000000e+000
      vertex -2.450000e+001 -5.500000e+000  0.000000e+000
      vertex -2.000000e+001 -1.050000e+001  0.000000e+000
    endloop
  endfacet
  facet normal  0.000000e+000  -0.000000e+000 -9.999999e-001
    outer loop
      vertex -2.475095e+001 -1.226781e+001  0.000000e+000
      vertex -2.000000e+001 -1.050000e+001  0.000000e+000
      vertex -1.992314e+001 -1.128036e+001  0.000000e+000
    endloop
  endfacet
  facet normal  0.000000e+000  0.000000e+000 -1.000000e+000
    outer loop
      vertex -3.450000e+001 -8.000000e+000  0.000000e+000
      vertex -3.450000e+001 -5.500000e+000  0.000000e+000
      vertex -2.750000e+001 -8.000000e+000  0.000000e+000
    endloop
  endfacet
  facet normal  0.000000e+000  0.000000e+000 -1.000000e+000
    outer loop
      vertex -2.750000e+001 -8.000000e+000  0.000000e+000
      vertex -3.450000e+001 -5.500000e+000  0.000000e+000
      vertex -2.450000e+001 -5.500000e+000  0.000000e+000
    endloop
  endfacet
  facet normal  0.000000e+000  0.000000e+000 -9.999999e-001
    outer loop
      vertex -2.614601e+001  1.532256e+001  0.000000e+000
      vertex -4.066812e+001  1.541146e+001  0.000000e+000
      vertex -2.572698e+001  1.559186e+001  0.000000e+000
    endloop
  endfacet
  facet normal  -0.000000e+000  0.000000e+000 -1.000000e+000
    outer loop
      vertex -2.572698e+001  1.559186e+001  0.000000e+000
      vertex -4.066812e+001  1.541146e+001  0.000000e+000
      vertex -3.991146e+001  1.616812e+001  0.000000e+000
    endloop
  endfacet
  facet normal  0.000000e+000  0.000000e+000 -1.000000e+000
    outer loop
      vertex -2.572698e+001  1.559186e+001  0.000000e+000
      vertex -3.991146e+001  1.616812e+001  0.000000e+000
      vertex -2.524905e+001  1.573219e+001  0.000000e+000
    endloop
  endfacet
  facet normal  0.000000e+000  0.000000e+000 -1.000000e+000
    outer loop
      vertex -2.667911e+001  1.449303e+001  0.000000e+000
      vertex -4.130940e+001  1.455481e+001  0.000000e+000
      vertex -2.647219e+001  1.494612e+001  0.000000e+000
    endloop
  endfacet
  facet normal  -0.000000e+000  0.000000e+000 -9.999999e-001
    outer loop
      vertex -2.647219e+001  1.494612e+001  0.000000e+000
      vertex -4.130940e+001  1.455481e+001  0.000000e+000
      vertex -4.066812e+001  1.541146e+001  0.000000e+000
    endloop
  endfacet
  facet normal  0.000000e+000  0.000000e+000 -1.000000e+000
    outer loop
      vertex -2.647219e+001  1.494612e+001  0.000000e+000
      vertex -4.066812e+001  1.541146e+001  0.000000e+000
      vertex -2.614601e+001  1.532256e+001  0.000000e+000
    endloop
  endfacet
  facet normal  0.000000e+000  0.000000e+000 -1.000000e+000
    outer loop
      vertex -2.667911e+001  1.350697e+001  0.000000e+000
      vertex -4.182224e+001  1.361561e+001  0.000000e+000
      vertex -2.675000e+001  1.400000e+001  0.000000e+000
    endloop
  endfacet
  facet normal  -0.000000e+000  0.000000e+000 -1.000000e+000
    outer loop
      vertex -2.675000e+001  1.400000e+001  0.000000e+000
      vertex -4.182224e+001  1.361561e+001  0.000000e+000
      vertex -4.130940e+001  1.455481e+001  0.000000e+000
    endloop
  endfacet
  facet normal  0.000000e+000  0.000000e+000 -1.000000e+000
    outer loop
      vertex -2.675000e+001  1.400000e+001  0.000000e+000
      vertex -4.130940e+001  1.455481e+001  0.000000e+000
      vertex -2.667911e+001  1.449303e+001  0.000000e+000
    endloop
  endfacet
  facet normal  0.000000e+000  0.000000e+000 -1.000000e+000
    outer loop
      vertex -4.242366e+001 -1.156736e+001  0.000000e+000
      vertex -4.250000e+001 -1.050000e+001  0.000000e+000
      vertex -3.950000e+001 -1.200000e+001  0.000000e+000
    endloop
  endfacet
  facet normal  0.000000e+000  0.000000e+000 -1.000000e+000
    outer loop
      vertex -3.950000e+001 -1.200000e+001  0.000000e+000
      vertex -4.250000e+001 -1.050000e+001  0.000000e+000
      vertex -4.250000e+001 -1.000000e+001  0.000000e+000
    endloop
  endfacet
  facet normal  0.000000e+000  0.000000e+000 -1.000000e+000
    outer loop
      vertex -3.950000e+001 -1.200000e+001  0.000000e+000
      vertex -4.250000e+001 -1.000000e+001  0.000000e+000
      vertex -3.950000e+001 -1.000000e+001  0.000000e+000
    endloop
  endfacet
  facet normal  -0.000000e+000  0.000000e+000 -1.000000e+000
    outer loop
      vertex -2.675000e+001 -1.400000e+001  0.000000e+000
      vertex -2.667911e+001 -1.449303e+001  0.000000e+000
      vertex -4.130940e+001 -1.455481e+001  0.000000e+000
    endloop
  endfacet
  facet normal  0.000000e+000  0.000000e+000 -1.000000e+000
    outer loop
      vertex -4.130940e+001 -1.455481e+001  0.000000e+000
      vertex -2.667911e+001 -1.449303e+001  0.000000e+000
      vertex -2.647219e+001 -1.494612e+001  0.000000e+000
    endloop
  endfacet
  facet normal  -0.000000e+000  0.000000e+000 -9.999999e-001
    outer loop
      vertex -4.130940e+001 -1.455481e+001  0.000000e+000
      vertex -2.647219e+001 -1.494612e+001  0.000000e+000
      vertex -4.066812e+001 -1.541146e+001  0.000000e+000
    endloop
  endfacet
  facet normal  0.000000e+000  -0.000000e+000 -1.000000e+000
    outer loop
      vertex -2.385399e+001  1.267744e+001  0.000000e+000
      vertex -2.352781e+001  1.305388e+001  0.000000e+000
      vertex -1.932588e+001  1.272228e+001  0.000000e+000
    endloop
  endfacet
  facet normal  0.000000e+000  0.000000e+000 -1.000000e+000
    outer loop
      vertex -1.932588e+001  1.272228e+001  0.000000e+000
      vertex -2.352781e+001  1.305388e+001  0.000000e+000
      vertex -2.332089e+001  1.350697e+001  0.000000e+000
    endloop
  endfacet
  facet normal  0.000000e+000  0.000000e+000 -1.000000e+000
    outer loop
      vertex -1.932588e+001  1.272228e+001  0.000000e+000
      vertex -2.332089e+001  1.350697e+001  0.000000e+000
      vertex -1.882843e+001  1.332843e+001  0.000000e+000
    endloop
  endfacet
  facet normal  -0.000000e+000  0.000000e+000 -1.000000e+000
    outer loop
      vertex -1.992314e+001 -1.128036e+001  0.000000e+000
      vertex -1.969552e+001 -1.203073e+001  0.000000e+000
      vertex -2.475095e+001 -1.226781e+001  0.000000e+000
    endloop
  endfacet
  facet normal  0.000000e+000  0.000000e+000 -1.000000e+000
    outer loop
      vertex -2.475095e+001 -1.226781e+001  0.000000e+000
      vertex -1.969552e+001 -1.203073e+001  0.000000e+000
      vertex -1.932588e+001 -1.272228e+001  0.000000e+000
    endloop
  endfacet
  facet normal  0.000000e+000  0.000000e+000 -1.000000e+000
    outer loop
      vertex -2.475095e+001 -1.226781e+001  0.000000e+000
      vertex -1.932588e+001 -1.272228e+001  0.000000e+000
      vertex -2.427302e+001 -1.240814e+001  0.000000e+000
    endloop
  endfacet
  facet normal  0.000000e+000  0.000000e+000 -1.000000e+000
    outer loop
      vertex -2.427302e+001 -1.240814e+001  0.000000e+000
      vertex -1.932588e+001 -1.272228e+001  0.000000e+000
      vertex -2.385399e+001 -1.267744e+001  0.000000e+000
    endloop
  endfacet
  facet normal  0.000000e+000  0.000000e+000 -9.999999e-001
    outer loop
      vertex -2.385399e+001 -1.267744e+001  0.000000e+000
      vertex -1.932588e+001 -1.272228e+001  0.000000e+000
      vertex -1.882843e+001 -1.332843e+001  0.000000e+000
    endloop
  endfacet
  facet normal  0.000000e+000  0.000000e+000 -1.000000e+000
    outer loop
      vertex -2.385399e+001 -1.267744e+001  0.000000e+000
      vertex -1.882843e+001 -1.332843e+001  0.000000e+000
      vertex -2.352781e+001 -1.305388e+001  0.000000e+000
    endloop
  endfacet
  facet normal  0.000000e+000  0.000000e+000 -9.999999e-001
    outer loop
      vertex -1.678036e+001 -1.442314e+001  0.000000e+000
      vertex -2.332089e+001 -1.449303e+001  0.000000e+000
      vertex -1.753073e+001 -1.419552e+001  0.000000e+000
    endloop
  endfacet
  facet normal  -0.000000e+000  0.000000e+000 -1.000000e+000
    outer loop
      vertex -1.753073e+001 -1.419552e+001  0.000000e+000
      vertex -2.332089e+001 -1.449303e+001  0.000000e+000
      vertex -2.325000e+001 -1.400000e+001  0.000000e+000
    endloop
  endfacet
  facet normal  0.000000e+000  0.000000e+000 -1.000000e+000
    outer loop
      vertex -1.753073e+001 -1.419552e+001  0.000000e+000
      vertex -2.325000e+001 -1.400000e+001  0.000000e+000
      vertex -1.822228e+001 -1.382588e+001  0.000000e+000
    endloop
  endfacet
  facet normal  -0.000000e+000  0.000000e+000 -1.000000e+000
    outer loop
      vertex -1.822228e+001 -1.382588e+001  0.000000e+000
      vertex -2.325000e+001 -1.400000e+001  0.000000e+000
      vertex -2.332089e+001 -1.350697e+001  0.000000e+000
    endloop
  endfacet
  facet normal  0.000000e+000  0.000000e+000 -1.000000e+000
    outer loop
      vertex -1.822228e+001 -1.382588e+001  0.000000e+000
      vertex -2.332089e+001 -1.350697e+001  0.000000e+000
      vertex -1.882843e+001 -1.332843e+001  0.000000e+000
    endloop
  endfacet
  facet normal  0.000000e+000  0.000000e+000 -1.000000e+000
    outer loop
      vertex  2.667911e+001 -1.350697e+001  0.000000e+000
      vertex  2.647219e+001 -1.305388e+001  0.000000e+000
      vertex  4.182224e+001 -1.361561e+001  0.000000e+000
    endloop
  endfacet
  facet normal  0.000000e+000  0.000000e+000 -1.000000e+000
    outer loop
      vertex  4.182224e+001 -1.361561e+001  0.000000e+000
      vertex  2.647219e+001 -1.305388e+001  0.000000e+000
      vertex  2.614601e+001 -1.267744e+001  0.000000e+000
    endloop
  endfacet
  facet normal  0.000000e+000  0.000000e+000 -1.000000e+000
    outer loop
      vertex  4.182224e+001 -1.361561e+001  0.000000e+000
      vertex  2.614601e+001 -1.267744e+001  0.000000e+000
      vertex  4.219620e+001 -1.261299e+001  0.000000e+000
    endloop
  endfacet
  facet normal  0.000000e+000  -0.000000e+000 -1.000000e+000
    outer loop
      vertex  2.667911e+001 -1.449303e+001  0.000000e+000
      vertex  2.675000e+001 -1.400000e+001  0.000000e+000
      vertex  4.130940e+001 -1.455481e+001  0.000000e+000
    endloop
  endfacet
  facet normal  0.000000e+000  0.000000e+000 -1.000000e+000
    outer loop
      vertex  4.130940e+001 -1.455481e+001  0.000000e+000
      vertex  2.675000e+001 -1.400000e+001  0.000000e+000
      vertex  2.667911e+001 -1.350697e+001  0.000000e+000
    endloop
  endfacet
  facet normal  0.000000e+000  0.000000e+000 -1.000000e+000
    outer loop
      vertex  4.130940e+001 -1.455481e+001  0.000000e+000
      vertex  2.667911e+001 -1.350697e+001  0.000000e+000
      vertex  4.182224e+001 -1.361561e+001  0.000000e+000
    endloop
  endfacet
  facet normal  0.000000e+000  -0.000000e+000 -1.000000e+000
    outer loop
      vertex  2.614601e+001 -1.532256e+001  0.000000e+000
      vertex  2.647219e+001 -1.494612e+001  0.000000e+000
      vertex  4.066812e+001 -1.541146e+001  0.000000e+000
    endloop
  endfacet
  facet normal  0.000000e+000  0.000000e+000 -1.000000e+000
    outer loop
      vertex  4.066812e+001 -1.541146e+001  0.000000e+000
      vertex  2.647219e+001 -1.494612e+001  0.000000e+000
      vertex  2.667911e+001 -1.449303e+001  0.000000e+000
    endloop
  endfacet
  facet normal  0.000000e+000  0.000000e+000 -1.000000e+000
    outer loop
      vertex  4.066812e+001 -1.541146e+001  0.000000e+000
      vertex  2.667911e+001 -1.449303e+001  0.000000e+000
      vertex  4.130940e+001 -1.455481e+001  0.000000e+000
    endloop
  endfacet
  facet normal  0.000000e+000  -0.000000e+000 -1.000000e+000
    outer loop
      vertex  2.572698e+001 -1.559186e+001  0.000000e+000
      vertex  2.614601e+001 -1.532256e+001  0.000000e+000
      vertex  3.991146e+001 -1.616812e+001  0.000000e+000
    endloop
  endfacet
  facet normal  0.000000e+000  0.000000e+000 -1.000000e+000
    outer loop
      vertex  3.991146e+001 -1.616812e+001  0.000000e+000
      vertex  2.614601e+001 -1.532256e+001  0.000000e+000
      vertex  4.066812e+001 -1.541146e+001  0.000000e+000
    endloop
  endfacet
  facet normal  0.000000e+000  0.000000e+000 -1.000000e+000
    outer loop
      vertex  2.385399e+001  1.267744e+001  0.000000e+000
      vertex  1.932588e+001  1.272228e+001  0.000000e+000
      vertex  2.352781e+001  1.305388e+001  0.000000e+000
    endloop
  endfacet
  facet normal  -0.000000e+000  0.000000e+000 -1.000000e+000
    outer loop
      vertex  2.352781e+001  1.305388e+001  0.000000e+000
      vertex  1.932588e+001  1.272228e+001  0.000000e+000
      vertex  1.882843e+001  1.332843e+001  0.000000e+000
    endloop
  endfacet
  facet normal  0.000000e+000  0.000000e+000 -1.000000e+000
    outer loop
      vertex  2.352781e+001  1.305388e+001  0.000000e+000
      vertex  1.882843e+001  1.332843e+001  0.000000e+000
      vertex  2.332089e+001  1.350697e+001  0.000000e+000
    endloop
  endfacet
  facet normal  0.000000e+000  0.000000e+000 -1.000000e+000
    outer loop
      vertex  2.385399e+001 -1.267744e+001  0.000000e+000
      vertex  1.932588e+001 -1.272228e+001  0.000000e+000
      vertex  2.427302e+001 -1.240814e+001  0.000000e+000
    endloop
  endfacet
  facet normal  -0.000000e+000  0.000000e+000 -1.000000e+000
    outer loop
      vertex  2.427302e+001 -1.240814e+001  0.000000e+000
      vertex  1.932588e+001 -1.272228e+001  0.000000e+000
      vertex  1.969552e+001 -1.203073e+001  0.000000e+000
    endloop
  endfacet
  facet normal  0.000000e+000  0.000000e+000 -1.000000e+000
    outer loop
      vertex  2.427302e+001 -1.240814e+001  0.000000e+000
      vertex  1.969552e+001 -1.203073e+001  0.000000e+000
      vertex  2.475095e+001 -1.226781e+001  0.000000e+000
    endloop
  endfacet
  facet normal  0.000000e+000  0.000000e+000 -1.000000e+000
    outer loop
      vertex  2.332089e+001 -1.350697e+001  0.000000e+000
      vertex  1.882843e+001 -1.332843e+001  0.000000e+000
      vertex  2.352781e+001 -1.305388e+001  0.000000e+000
    endloop
  endfacet
  facet normal  -0.000000e+000  0.000000e+000 -1.000000e+000
    outer loop
      vertex  2.352781e+001 -1.305388e+001  0.000000e+000
      vertex  1.882843e+001 -1.332843e+001  0.000000e+000
      vertex  1.932588e+001 -1.272228e+001  0.000000e+000
    endloop
  endfacet
  facet normal  0.000000e+000  0.000000e+000 -1.000000e+000
    outer loop
      vertex  2.352781e+001 -1.305388e+001  0.000000e+000
      vertex  1.932588e+001 -1.272228e+001  0.000000e+000
      vertex  2.385399e+001 -1.267744e+001  0.000000e+000
    endloop
  endfacet
  facet normal  0.000000e+000  -0.000000e+000 -9.999999e-001
    outer loop
      vertex  1.678036e+001 -1.442314e+001  0.000000e+000
      vertex  1.753073e+001 -1.419552e+001  0.000000e+000
      vertex  2.332089e+001 -1.449303e+001  0.000000e+000
    endloop
  endfacet
  facet normal  0.000000e+000  0.000000e+000 -1.000000e+000
    outer loop
      vertex  2.332089e+001 -1.449303e+001  0.000000e+000
      vertex  1.753073e+001 -1.419552e+001  0.000000e+000
      vertex  1.822228e+001 -1.382588e+001  0.000000e+000
    endloop
  endfacet
  facet normal  0.000000e+000  0.000000e+000 -1.000000e+000
    outer loop
      vertex  2.332089e+001 -1.449303e+001  0.000000e+000
      vertex  1.822228e+001 -1.382588e+001  0.000000e+000
      vertex  2.325000e+001 -1.400000e+001  0.000000e+000
    endloop
  endfacet
  facet normal  0.000000e+000  0.000000e+000 -1.000000e+000
    outer loop
      vertex  2.325000e+001 -1.400000e+001  0.000000e+000
      vertex  1.822228e+001 -1.382588e+001  0.000000e+000
      vertex  1.882843e+001 -1.332843e+001  0.000000e+000
    endloop
  endfacet
  facet normal  0.000000e+000  0.000000e+000 -1.000000e+000
    outer loop
      vertex  2.325000e+001 -1.400000e+001  0.000000e+000
      vertex  1.882843e+001 -1.332843e+001  0.000000e+000
      vertex  2.332089e+001 -1.350697e+001  0.000000e+000
    endloop
  endfacet
  facet normal  -0.000000e+000  0.000000e+000 -9.999999e-001
    outer loop
      vertex  2.572698e+001  1.559186e+001  0.000000e+000
      vertex  4.066812e+001  1.541146e+001  0.000000e+000
      vertex  2.614601e+001  1.532256e+001  0.000000e+000
    endloop
  endfacet
  facet normal  0.000000e+000  0.000000e+000 -1.000000e+000
    outer loop
      vertex  2.614601e+001  1.532256e+001  0.000000e+000
      vertex  4.066812e+001  1.541146e+001  0.000000e+000
      vertex  4.130940e+001  1.455481e+001  0.000000e+000
    endloop
  endfacet
  facet normal  0.000000e+000  0.000000e+000 -1.000000e+000
    outer loop
      vertex  2.614601e+001  1.532256e+001  0.000000e+000
      vertex  4.130940e+001  1.455481e+001  0.000000e+000
      vertex  2.647219e+001  1.494612e+001  0.000000e+000
    endloop
  endfacet
  facet normal  -0.000000e+000  0.000000e+000 -1.000000e+000
    outer loop
      vertex  2.647219e+001  1.494612e+001  0.000000e+000
      vertex  4.130940e+001  1.455481e+001  0.000000e+000
      vertex  2.667911e+001  1.449303e+001  0.000000e+000
    endloop
  endfacet
  facet normal  0.000000e+000  0.000000e+000 -9.999999e-001
    outer loop
      vertex  2.667911e+001  1.449303e+001  0.000000e+000
      vertex  4.130940e+001  1.455481e+001  0.000000e+000
      vertex  4.182224e+001  1.361561e+001  0.000000e+000
    endloop
  endfacet
  facet normal  0.000000e+000  0.000000e+000 -1.000000e+000
    outer loop
      vertex  2.667911e+001  1.449303e+001  0.000000e+000
      vertex  4.182224e+001  1.361561e+001  0.000000e+000
      vertex  2.675000e+001  1.400000e+001  0.000000e+000
    endloop
  endfacet
  facet normal  0.000000e+000  -0.000000e+000 -1.000000e+000
    outer loop
      vertex  2.614601e+001  1.267744e+001  0.000000e+000
      vertex  2.647219e+001  1.305388e+001  0.000000e+000
      vertex  4.219620e+001  1.261299e+001  0.000000e+000
    endloop
  endfacet
  facet normal  0.000000e+000  0.000000e+000 -1.000000e+000
    outer loop
      vertex  4.219620e+001  1.261299e+001  0.000000e+000
      vertex  2.647219e+001  1.305388e+001  0.000000e+000
      vertex  2.667911e+001  1.350697e+001  0.000000e+000
    endloop
  endfacet
  facet normal  0.000000e+000  0.000000e+000 -1.000000e+000
    outer loop
      vertex  4.219620e+001  1.261299e+001  0.000000e+000
      vertex  2.667911e+001  1.350697e+001  0.000000e+000
      vertex  4.182224e+001  1.361561e+001  0.000000e+000
    endloop
  endfacet
  facet normal -1.119646e-001  9.937122e-001  0.000000e+000
    outer loop
      vertex  2.500000e+001 -1.700000e+001  3.000000e+000
      vertex  2.566756e+001 -1.692478e+001  4.000000e+000
      vertex  2.566756e+001 -1.692478e+001  3.000000e+000
    endloop
  endfacet
  facet normal -3.302802e-001  9.438829e-001  0.000000e+000
    outer loop
      vertex  2.566756e+001 -1.692478e+001  3.000000e+000
      vertex  2.566756e+001 -1.692478e+001  4.000000e+000
      vertex  2.630165e+001 -1.670291e+001  4.000000e+000
    endloop
  endfacet
  facet normal -3.302802e-001  9.438829e-001  0.000000e+000
    outer loop
      vertex  2.566756e+001 -1.692478e+001  3.000000e+000
      vertex  2.630165e+001 -1.670291e+001  4.000000e+000
      vertex  2.630165e+001 -1.670291e+001  3.000000e+000
    endloop
  endfacet
  facet normal -5.320297e-001  8.467258e-001  0.000000e+000
    outer loop
      vertex  2.630165e+001 -1.670291e+001  3.000000e+000
      vertex  2.630165e+001 -1.670291e+001  4.000000e+000
      vertex  2.687047e+001 -1.634550e+001  4.000000e+000
    endloop
  endfacet
  facet normal -5.320297e-001  8.467258e-001  0.000000e+000
    outer loop
      vertex  2.630165e+001 -1.670291e+001  3.000000e+000
      vertex  2.687047e+001 -1.634550e+001  4.000000e+000
      vertex  2.687047e+001 -1.634550e+001  3.000000e+000
    endloop
  endfacet
  facet normal -7.071075e-001  7.071061e-001  0.000000e+000
    outer loop
      vertex  2.687047e+001 -1.634550e+001  3.000000e+000
      vertex  2.687047e+001 -1.634550e+001  4.000000e+000
      vertex  2.734550e+001 -1.587047e+001  4.000000e+000
    endloop
  endfacet
  facet normal -7.071075e-001  7.071061e-001  0.000000e+000
    outer loop
      vertex  2.687047e+001 -1.634550e+001  3.000000e+000
      vertex  2.734550e+001 -1.587047e+001  4.000000e+000
      vertex  2.734550e+001 -1.587047e+001  3.000000e+000
    endloop
  endfacet
  facet normal -8.467253e-001  5.320303e-001  0.000000e+000
    outer loop
      vertex  2.734550e+001 -1.587047e+001  3.000000e+000
      vertex  2.734550e+001 -1.587047e+001  4.000000e+000
      vertex  2.770291e+001 -1.530165e+001  4.000000e+000
    endloop
  endfacet
  facet normal -8.467253e-001  5.320303e-001  0.000000e+000
    outer loop
      vertex  2.734550e+001 -1.587047e+001  3.000000e+000
      vertex  2.770291e+001 -1.530165e+001  4.000000e+000
      vertex  2.770291e+001 -1.530165e+001  3.000000e+000
    endloop
  endfacet
  facet normal -9.438829e-001  3.302802e-001  0.000000e+000
    outer loop
      vertex  2.770291e+001 -1.530165e+001  3.000000e+000
      vertex  2.770291e+001 -1.530165e+001  4.000000e+000
      vertex  2.792478e+001 -1.466756e+001  4.000000e+000
    endloop
  endfacet
  facet normal -9.438829e-001  3.302802e-001  0.000000e+000
    outer loop
      vertex  2.770291e+001 -1.530165e+001  3.000000e+000
      vertex  2.792478e+001 -1.466756e+001  4.000000e+000
      vertex  2.792478e+001 -1.466756e+001  3.000000e+000
    endloop
  endfacet
  facet normal -9.937122e-001  1.119646e-001  0.000000e+000
    outer loop
      vertex  2.792478e+001 -1.466756e+001  3.000000e+000
      vertex  2.792478e+001 -1.466756e+001  4.000000e+000
      vertex  2.800000e+001 -1.400000e+001  4.000000e+000
    endloop
  endfacet
  facet normal -9.937122e-001  1.119646e-001  0.000000e+000
    outer loop
      vertex  2.792478e+001 -1.466756e+001  3.000000e+000
      vertex  2.800000e+001 -1.400000e+001  4.000000e+000
      vertex  2.800000e+001 -1.400000e+001  3.000000e+000
    endloop
  endfacet
  facet normal -1.119646e-001  9.937122e-001  0.000000e+000
    outer loop
      vertex  2.566756e+001 -1.692478e+001  4.000000e+000
      vertex  2.500000e+001 -1.700000e+001  3.000000e+000
      vertex  2.500000e+001 -1.700000e+001  4.000000e+000
    endloop
  endfacet
  facet normal  1.119646e-001  9.937122e-001  0.000000e+000
    outer loop
      vertex  2.500000e+001 -1.700000e+001  4.000000e+000
      vertex  2.500000e+001 -1.700000e+001  3.000000e+000
      vertex  2.433244e+001 -1.692478e+001  3.000000e+000
    endloop
  endfacet
  facet normal  1.119646e-001  9.937122e-001  -0.000000e+000
    outer loop
      vertex  2.500000e+001 -1.700000e+001  4.000000e+000
      vertex  2.433244e+001 -1.692478e+001  3.000000e+000
      vertex  2.433244e+001 -1.692478e+001  4.000000e+000
    endloop
  endfacet
  facet normal  3.302802e-001  9.438829e-001  0.000000e+000
    outer loop
      vertex  2.433244e+001 -1.692478e+001  4.000000e+000
      vertex  2.433244e+001 -1.692478e+001  3.000000e+000
      vertex  2.369835e+001 -1.670291e+001  3.000000e+000
    endloop
  endfacet
  facet normal  3.302802e-001  9.438829e-001  -0.000000e+000
    outer loop
      vertex  2.433244e+001 -1.692478e+001  4.000000e+000
      vertex  2.369835e+001 -1.670291e+001  3.000000e+000
      vertex  2.369835e+001 -1.670291e+001  4.000000e+000
    endloop
  endfacet
  facet normal  5.320297e-001  8.467258e-001  0.000000e+000
    outer loop
      vertex  2.369835e+001 -1.670291e+001  4.000000e+000
      vertex  2.369835e+001 -1.670291e+001  3.000000e+000
      vertex  2.312953e+001 -1.634550e+001  3.000000e+000
    endloop
  endfacet
  facet normal  5.320297e-001  8.467258e-001  -0.000000e+000
    outer loop
      vertex  2.369835e+001 -1.670291e+001  4.000000e+000
      vertex  2.312953e+001 -1.634550e+001  3.000000e+000
      vertex  2.312953e+001 -1.634550e+001  4.000000e+000
    endloop
  endfacet
  facet normal  7.071075e-001  7.071061e-001  0.000000e+000
    outer loop
      vertex  2.312953e+001 -1.634550e+001  4.000000e+000
      vertex  2.312953e+001 -1.634550e+001  3.000000e+000
      vertex  2.265450e+001 -1.587047e+001  3.000000e+000
    endloop
  endfacet
  facet normal  7.071075e-001  7.071061e-001  -0.000000e+000
    outer loop
      vertex  2.312953e+001 -1.634550e+001  4.000000e+000
      vertex  2.265450e+001 -1.587047e+001  3.000000e+000
      vertex  2.265450e+001 -1.587047e+001  4.000000e+000
    endloop
  endfacet
  facet normal  8.467253e-001  5.320303e-001  0.000000e+000
    outer loop
      vertex  2.265450e+001 -1.587047e+001  4.000000e+000
      vertex  2.265450e+001 -1.587047e+001  3.000000e+000
      vertex  2.229709e+001 -1.530165e+001  3.000000e+000
    endloop
  endfacet
  facet normal  8.467253e-001  5.320303e-001  -0.000000e+000
    outer loop
      vertex  2.265450e+001 -1.587047e+001  4.000000e+000
      vertex  2.229709e+001 -1.530165e+001  3.000000e+000
      vertex  2.229709e+001 -1.530165e+001  4.000000e+000
    endloop
  endfacet
  facet normal  9.438829e-001  3.302802e-001  0.000000e+000
    outer loop
      vertex  2.229709e+001 -1.530165e+001  4.000000e+000
      vertex  2.229709e+001 -1.530165e+001  3.000000e+000
      vertex  2.207522e+001 -1.466756e+001  3.000000e+000
    endloop
  endfacet
  facet normal  9.438829e-001  3.302802e-001  -0.000000e+000
    outer loop
      vertex  2.229709e+001 -1.530165e+001  4.000000e+000
      vertex  2.207522e+001 -1.466756e+001  3.000000e+000
      vertex  2.207522e+001 -1.466756e+001  4.000000e+000
    endloop
  endfacet
  facet normal  9.937122e-001  1.119646e-001  0.000000e+000
    outer loop
      vertex  2.207522e+001 -1.466756e+001  4.000000e+000
      vertex  2.207522e+001 -1.466756e+001  3.000000e+000
      vertex  2.200000e+001 -1.400000e+001  3.000000e+000
    endloop
  endfacet
  facet normal  9.937122e-001  1.119646e-001  -0.000000e+000
    outer loop
      vertex  2.207522e+001 -1.466756e+001  4.000000e+000
      vertex  2.200000e+001 -1.400000e+001  3.000000e+000
      vertex  2.200000e+001 -1.400000e+001  4.000000e+000
    endloop
  endfacet
  facet normal  1.119646e-001 -9.937122e-001  0.000000e+000
    outer loop
      vertex  2.500000e+001 -1.100000e+001  3.000000e+000
      vertex  2.433244e+001 -1.107522e+001  4.000000e+000
      vertex  2.433244e+001 -1.107522e+001  3.000000e+000
    endloop
  endfacet
  facet normal  3.302790e-001 -9.438833e-001  0.000000e+000
    outer loop
      vertex  2.433244e+001 -1.107522e+001  3.000000e+000
      vertex  2.433244e+001 -1.107522e+001  4.000000e+000
      vertex  2.369835e+001 -1.129709e+001  4.000000e+000
    endloop
  endfacet
  facet normal  3.302790e-001 -9.438833e-001  0.000000e+000
    outer loop
      vertex  2.433244e+001 -1.107522e+001  3.000000e+000
      vertex  2.369835e+001 -1.129709e+001  4.000000e+000
      vertex  2.369835e+001 -1.129709e+001  3.000000e+000
    endloop
  endfacet
  facet normal  5.320317e-001 -8.467245e-001  0.000000e+000
    outer loop
      vertex  2.369835e+001 -1.129709e+001  3.000000e+000
      vertex  2.369835e+001 -1.129709e+001  4.000000e+000
      vertex  2.312953e+001 -1.165451e+001  4.000000e+000
    endloop
  endfacet
  facet normal  5.320317e-001 -8.467245e-001  0.000000e+000
    outer loop
      vertex  2.369835e+001 -1.129709e+001  3.000000e+000
      vertex  2.312953e+001 -1.165451e+001  4.000000e+000
      vertex  2.312953e+001 -1.165451e+001  3.000000e+000
    endloop
  endfacet
  facet normal  7.071068e-001 -7.071068e-001  0.000000e+000
    outer loop
      vertex  2.312953e+001 -1.165451e+001  3.000000e+000
      vertex  2.312953e+001 -1.165451e+001  4.000000e+000
      vertex  2.265450e+001 -1.212953e+001  4.000000e+000
    endloop
  endfacet
  facet normal  7.071068e-001 -7.071068e-001  0.000000e+000
    outer loop
      vertex  2.312953e+001 -1.165451e+001  3.000000e+000
      vertex  2.265450e+001 -1.212953e+001  4.000000e+000
      vertex  2.265450e+001 -1.212953e+001  3.000000e+000
    endloop
  endfacet
  facet normal  8.467253e-001 -5.320303e-001  0.000000e+000
    outer loop
      vertex  2.265450e+001 -1.212953e+001  3.000000e+000
      vertex  2.265450e+001 -1.212953e+001  4.000000e+000
      vertex  2.229709e+001 -1.269835e+001  4.000000e+000
    endloop
  endfacet
  facet normal  8.467253e-001 -5.320303e-001  0.000000e+000
    outer loop
      vertex  2.265450e+001 -1.212953e+001  3.000000e+000
      vertex  2.229709e+001 -1.269835e+001  4.000000e+000
      vertex  2.229709e+001 -1.269835e+001  3.000000e+000
    endloop
  endfacet
  facet normal  9.438829e-001 -3.302802e-001  0.000000e+000
    outer loop
      vertex  2.229709e+001 -1.269835e+001  3.000000e+000
      vertex  2.229709e+001 -1.269835e+001  4.000000e+000
      vertex  2.207522e+001 -1.333244e+001  4.000000e+000
    endloop
  endfacet
  facet normal  9.438829e-001 -3.302802e-001  0.000000e+000
    outer loop
      vertex  2.229709e+001 -1.269835e+001  3.000000e+000
      vertex  2.207522e+001 -1.333244e+001  4.000000e+000
      vertex  2.207522e+001 -1.333244e+001  3.000000e+000
    endloop
  endfacet
  facet normal  9.937122e-001 -1.119646e-001  0.000000e+000
    outer loop
      vertex  2.207522e+001 -1.333244e+001  3.000000e+000
      vertex  2.207522e+001 -1.333244e+001  4.000000e+000
      vertex  2.200000e+001 -1.400000e+001  4.000000e+000
    endloop
  endfacet
  facet normal  9.937122e-001 -1.119646e-001  0.000000e+000
    outer loop
      vertex  2.207522e+001 -1.333244e+001  3.000000e+000
      vertex  2.200000e+001 -1.400000e+001  4.000000e+000
      vertex  2.200000e+001 -1.400000e+001  3.000000e+000
    endloop
  endfacet
  facet normal  1.119646e-001 -9.937122e-001  0.000000e+000
    outer loop
      vertex  2.433244e+001 -1.107522e+001  4.000000e+000
      vertex  2.500000e+001 -1.100000e+001  3.000000e+000
      vertex  2.500000e+001 -1.100000e+001  4.000000e+000
    endloop
  endfacet
  facet normal -1.119646e-001 -9.937122e-001  -0.000000e+000
    outer loop
      vertex  2.500000e+001 -1.100000e+001  4.000000e+000
      vertex  2.500000e+001 -1.100000e+001  3.000000e+000
      vertex  2.566756e+001 -1.107522e+001  3.000000e+000
    endloop
  endfacet
  facet normal -1.119646e-001 -9.937122e-001  0.000000e+000
    outer loop
      vertex  2.500000e+001 -1.100000e+001  4.000000e+000
      vertex  2.566756e+001 -1.107522e+001  3.000000e+000
      vertex  2.566756e+001 -1.107522e+001  4.000000e+000
    endloop
  endfacet
  facet normal -3.302790e-001 -9.438833e-001  -0.000000e+000
    outer loop
      vertex  2.566756e+001 -1.107522e+001  4.000000e+000
      vertex  2.566756e+001 -1.107522e+001  3.000000e+000
      vertex  2.630165e+001 -1.129709e+001  3.000000e+000
    endloop
  endfacet
  facet normal -3.302790e-001 -9.438833e-001  0.000000e+000
    outer loop
      vertex  2.566756e+001 -1.107522e+001  4.000000e+000
      vertex  2.630165e+001 -1.129709e+001  3.000000e+000
      vertex  2.630165e+001 -1.129709e+001  4.000000e+000
    endloop
  endfacet
  facet normal -5.320317e-001 -8.467245e-001  -0.000000e+000
    outer loop
      vertex  2.630165e+001 -1.129709e+001  4.000000e+000
      vertex  2.630165e+001 -1.129709e+001  3.000000e+000
      vertex  2.687047e+001 -1.165451e+001  3.000000e+000
    endloop
  endfacet
  facet normal -5.320317e-001 -8.467245e-001  0.000000e+000
    outer loop
      vertex  2.630165e+001 -1.129709e+001  4.000000e+000
      vertex  2.687047e+001 -1.165451e+001  3.000000e+000
      vertex  2.687047e+001 -1.165451e+001  4.000000e+000
    endloop
  endfacet
  facet normal -7.071068e-001 -7.071068e-001  -0.000000e+000
    outer loop
      vertex  2.687047e+001 -1.165451e+001  4.000000e+000
      vertex  2.687047e+001 -1.165451e+001  3.000000e+000
      vertex  2.734550e+001 -1.212953e+001  3.000000e+000
    endloop
  endfacet
  facet normal -7.071068e-001 -7.071068e-001  0.000000e+000
    outer loop
      vertex  2.687047e+001 -1.165451e+001  4.000000e+000
      vertex  2.734550e+001 -1.212953e+001  3.000000e+000
      vertex  2.734550e+001 -1.212953e+001  4.000000e+000
    endloop
  endfacet
  facet normal -8.467253e-001 -5.320303e-001  -0.000000e+000
    outer loop
      vertex  2.734550e+001 -1.212953e+001  4.000000e+000
      vertex  2.734550e+001 -1.212953e+001  3.000000e+000
      vertex  2.770291e+001 -1.269835e+001  3.000000e+000
    endloop
  endfacet
  facet normal -8.467253e-001 -5.320303e-001  0.000000e+000
    outer loop
      vertex  2.734550e+001 -1.212953e+001  4.000000e+000
      vertex  2.770291e+001 -1.269835e+001  3.000000e+000
      vertex  2.770291e+001 -1.269835e+001  4.000000e+000
    endloop
  endfacet
  facet normal -9.438829e-001 -3.302802e-001  -0.000000e+000
    outer loop
      vertex  2.770291e+001 -1.269835e+001  4.000000e+000
      vertex  2.770291e+001 -1.269835e+001  3.000000e+000
      vertex  2.792478e+001 -1.333244e+001  3.000000e+000
    endloop
  endfacet
  facet normal -9.438829e-001 -3.302802e-001  0.000000e+000
    outer loop
      vertex  2.770291e+001 -1.269835e+001  4.000000e+000
      vertex  2.792478e+001 -1.333244e+001  3.000000e+000
      vertex  2.792478e+001 -1.333244e+001  4.000000e+000
    endloop
  endfacet
  facet normal -9.937122e-001 -1.119646e-001  -0.000000e+000
    outer loop
      vertex  2.792478e+001 -1.333244e+001  4.000000e+000
      vertex  2.792478e+001 -1.333244e+001  3.000000e+000
      vertex  2.800000e+001 -1.400000e+001  3.000000e+000
    endloop
  endfacet
  facet normal -9.937122e-001 -1.119646e-001  0.000000e+000
    outer loop
      vertex  2.792478e+001 -1.333244e+001  4.000000e+000
      vertex  2.800000e+001 -1.400000e+001  3.000000e+000
      vertex  2.800000e+001 -1.400000e+001  4.000000e+000
    endloop
  endfacet
  facet normal  6.977210e-001 -1.003163e-001  7.093109e-001
    outer loop
      vertex  2.332089e+001 -1.350697e+001  1.750000e+000
      vertex  2.207522e+001 -1.333244e+001  3.000000e+000
      vertex  2.325000e+001 -1.400000e+001  1.750000e+000
    endloop
  endfacet
  facet normal  7.048731e-001 -7.942020e-002  7.048731e-001
    outer loop
      vertex  2.207522e+001 -1.333244e+001  3.000000e+000
      vertex  2.200000e+001 -1.400000e+001  3.000000e+000
      vertex  2.325000e+001 -1.400000e+001  1.750000e+000
    endloop
  endfacet
  facet normal -7.048731e-001 -7.942020e-002  7.048731e-001
    outer loop
      vertex  2.800000e+001 -1.400000e+001  3.000000e+000
      vertex  2.792478e+001 -1.333244e+001  3.000000e+000
      vertex  2.675000e+001 -1.400000e+001  1.750000e+000
    endloop
  endfacet
  facet normal -6.977210e-001 -1.003163e-001  7.093109e-001
    outer loop
      vertex  2.792478e+001 -1.333244e+001  3.000000e+000
      vertex  2.667911e+001 -1.350697e+001  1.750000e+000
      vertex  2.675000e+001 -1.400000e+001  1.750000e+000
    endloop
  endfacet
  facet normal -6.718693e-001 -2.350982e-001  7.023677e-001
    outer loop
      vertex  2.792478e+001 -1.333244e+001  3.000000e+000
      vertex  2.770291e+001 -1.269835e+001  3.000000e+000
      vertex  2.667911e+001 -1.350697e+001  1.750000e+000
    endloop
  endfacet
  facet normal -6.032376e-001 -3.790375e-001  7.017371e-001
    outer loop
      vertex  2.770291e+001 -1.269835e+001  3.000000e+000
      vertex  2.734550e+001 -1.212953e+001  3.000000e+000
      vertex  2.647219e+001 -1.305388e+001  1.750000e+000
    endloop
  endfacet
  facet normal -6.387993e-001 -2.917320e-001  7.119184e-001
    outer loop
      vertex  2.667911e+001 -1.350697e+001  1.750000e+000
      vertex  2.770291e+001 -1.269835e+001  3.000000e+000
      vertex  2.647219e+001 -1.305388e+001  1.750000e+000
    endloop
  endfacet
  facet normal -5.028890e-001 -5.028890e-001  7.029973e-001
    outer loop
      vertex  2.734550e+001 -1.212953e+001  3.000000e+000
      vertex  2.687047e+001 -1.165451e+001  3.000000e+000
      vertex  2.614601e+001 -1.267744e+001  1.750000e+000
    endloop
  endfacet
  facet normal -5.311322e-001 -4.602275e-001  7.113996e-001
    outer loop
      vertex  2.647219e+001 -1.305388e+001  1.750000e+000
      vertex  2.734550e+001 -1.212953e+001  3.000000e+000
      vertex  2.614601e+001 -1.267744e+001  1.750000e+000
    endloop
  endfacet
  facet normal -2.346188e-001 -6.705022e-001  7.038330e-001
    outer loop
      vertex  2.630165e+001 -1.129709e+001  3.000000e+000
      vertex  2.566756e+001 -1.107522e+001  3.000000e+000
      vertex  2.572698e+001 -1.240814e+001  1.750000e+000
    endloop
  endfacet
  facet normal -3.829998e-001 -5.959592e-001  7.057930e-001
    outer loop
      vertex  2.614601e+001 -1.267744e+001  1.750000e+000
      vertex  2.630165e+001 -1.129709e+001  3.000000e+000
      vertex  2.572698e+001 -1.240814e+001  1.750000e+000
    endloop
  endfacet
  facet normal -3.759656e-001 -5.983464e-001  7.075531e-001
    outer loop
      vertex  2.687047e+001 -1.165451e+001  3.000000e+000
      vertex  2.630165e+001 -1.129709e+001  3.000000e+000
      vertex  2.614601e+001 -1.267744e+001  1.750000e+000
    endloop
  endfacet
  facet normal -7.974438e-002 -7.077503e-001  7.019476e-001
    outer loop
      vertex  2.566756e+001 -1.107522e+001  3.000000e+000
      vertex  2.500000e+001 -1.100000e+001  3.000000e+000
      vertex  2.524905e+001 -1.226781e+001  1.750000e+000
    endloop
  endfacet
  facet normal -1.982448e-001 -6.751623e-001  7.105313e-001
    outer loop
      vertex  2.572698e+001 -1.240814e+001  1.750000e+000
      vertex  2.566756e+001 -1.107522e+001  3.000000e+000
      vertex  2.524905e+001 -1.226781e+001  1.750000e+000
    endloop
  endfacet
  facet normal  7.974438e-002 -7.077503e-001  7.019476e-001
    outer loop
      vertex  2.500000e+001 -1.100000e+001  3.000000e+000
      vertex  2.433244e+001 -1.107522e+001  3.000000e+000
      vertex  2.475095e+001 -1.226781e+001  1.750000e+000
    endloop
  endfacet
  facet normal  0.000000e+000 -7.020866e-001  7.120915e-001
    outer loop
      vertex  2.524905e+001 -1.226781e+001  1.750000e+000
      vertex  2.500000e+001 -1.100000e+001  3.000000e+000
      vertex  2.475095e+001 -1.226781e+001  1.750000e+000
    endloop
  endfacet
  facet normal  2.346188e-001 -6.705022e-001  7.038330e-001
    outer loop
      vertex  2.433244e+001 -1.107522e+001  3.000000e+000
      vertex  2.369835e+001 -1.129709e+001  3.000000e+000
      vertex  2.427302e+001 -1.240814e+001  1.750000e+000
    endloop
  endfacet
  facet normal  1.982448e-001 -6.751623e-001  7.105313e-001
    outer loop
      vertex  2.475095e+001 -1.226781e+001  1.750000e+000
      vertex  2.433244e+001 -1.107522e+001  3.000000e+000
      vertex  2.427302e+001 -1.240814e+001  1.750000e+000
    endloop
  endfacet
  facet normal  5.028892e-001 -5.028892e-001  7.029973e-001
    outer loop
      vertex  2.312953e+001 -1.165451e+001  3.000000e+000
      vertex  2.265450e+001 -1.212953e+001  3.000000e+000
      vertex  2.385399e+001 -1.267744e+001  1.750000e+000
    endloop
  endfacet
  facet normal  3.819515e-001 -5.943279e-001  7.077339e-001
    outer loop
      vertex  2.427302e+001 -1.240814e+001  1.750000e+000
      vertex  2.312953e+001 -1.165451e+001  3.000000e+000
      vertex  2.385399e+001 -1.267744e+001  1.750000e+000
    endloop
  endfacet
  facet normal  3.767304e-001 -5.995637e-001  7.061144e-001
    outer loop
      vertex  2.369835e+001 -1.129709e+001  3.000000e+000
      vertex  2.312953e+001 -1.165451e+001  3.000000e+000
      vertex  2.427302e+001 -1.240814e+001  1.750000e+000
    endloop
  endfacet
  facet normal  6.032376e-001 -3.790375e-001  7.017372e-001
    outer loop
      vertex  2.265450e+001 -1.212953e+001  3.000000e+000
      vertex  2.229709e+001 -1.269835e+001  3.000000e+000
      vertex  2.352781e+001 -1.305388e+001  1.750000e+000
    endloop
  endfacet
  facet normal  5.311322e-001 -4.602275e-001  7.113996e-001
    outer loop
      vertex  2.385399e+001 -1.267744e+001  1.750000e+000
      vertex  2.265450e+001 -1.212953e+001  3.000000e+000
      vertex  2.352781e+001 -1.305388e+001  1.750000e+000
    endloop
  endfacet
  facet normal  6.718693e-001 -2.350982e-001  7.023677e-001
    outer loop
      vertex  2.229709e+001 -1.269835e+001  3.000000e+000
      vertex  2.207522e+001 -1.333244e+001  3.000000e+000
      vertex  2.332089e+001 -1.350697e+001  1.750000e+000
    endloop
  endfacet
  facet normal  6.387993e-001 -2.917320e-001  7.119184e-001
    outer loop
      vertex  2.352781e+001 -1.305388e+001  1.750000e+000
      vertex  2.229709e+001 -1.269835e+001  3.000000e+000
      vertex  2.332089e+001 -1.350697e+001  1.750000e+000
    endloop
  endfacet
  facet normal -6.977210e-001  1.003163e-001  7.093109e-001
    outer loop
      vertex  2.667911e+001 -1.449303e+001  1.750000e+000
      vertex  2.792478e+001 -1.466756e+001  3.000000e+000
      vertex  2.675000e+001 -1.400000e+001  1.750000e+000
    endloop
  endfacet
  facet normal -7.048731e-001  7.942020e-002  7.048731e-001
    outer loop
      vertex  2.792478e+001 -1.466756e+001  3.000000e+000
      vertex  2.800000e+001 -1.400000e+001  3.000000e+000
      vertex  2.675000e+001 -1.400000e+001  1.750000e+000
    endloop
  endfacet
  facet normal  7.048731e-001  7.942020e-002  7.048731e-001
    outer loop
      vertex  2.200000e+001 -1.400000e+001  3.000000e+000
      vertex  2.207522e+001 -1.466756e+001  3.000000e+000
      vertex  2.325000e+001 -1.400000e+001  1.750000e+000
    endloop
  endfacet
  facet normal  6.977210e-001  1.003163e-001  7.093109e-001
    outer loop
      vertex  2.207522e+001 -1.466756e+001  3.000000e+000
      vertex  2.332089e+001 -1.449303e+001  1.750000e+000
      vertex  2.325000e+001 -1.400000e+001  1.750000e+000
    endloop
  endfacet
  facet normal  6.718693e-001  2.350982e-001  7.023677e-001
    outer loop
      vertex  2.207522e+001 -1.466756e+001  3.000000e+000
      vertex  2.229709e+001 -1.530165e+001  3.000000e+000
      vertex  2.332089e+001 -1.449303e+001  1.750000e+000
    endloop
  endfacet
  facet normal  6.032376e-001  3.790375e-001  7.017371e-001
    outer loop
      vertex  2.229709e+001 -1.530165e+001  3.000000e+000
      vertex  2.265450e+001 -1.587047e+001  3.000000e+000
      vertex  2.352781e+001 -1.494612e+001  1.750000e+000
    endloop
  endfacet
  facet normal  6.387993e-001  2.917320e-001  7.119184e-001
    outer loop
      vertex  2.332089e+001 -1.449303e+001  1.750000e+000
      vertex  2.229709e+001 -1.530165e+001  3.000000e+000
      vertex  2.352781e+001 -1.494612e+001  1.750000e+000
    endloop
  endfacet
  facet normal  5.028895e-001  5.028884e-001  7.029974e-001
    outer loop
      vertex  2.265450e+001 -1.587047e+001  3.000000e+000
      vertex  2.312953e+001 -1.634550e+001  3.000000e+000
      vertex  2.385399e+001 -1.532256e+001  1.750000e+000
    endloop
  endfacet
  facet normal  5.311322e-001  4.602275e-001  7.113996e-001
    outer loop
      vertex  2.352781e+001 -1.494612e+001  1.750000e+000
      vertex  2.265450e+001 -1.587047e+001  3.000000e+000
      vertex  2.385399e+001 -1.532256e+001  1.750000e+000
    endloop
  endfacet
  facet normal  2.346197e-001  6.705020e-001  7.038328e-001
    outer loop
      vertex  2.369835e+001 -1.670291e+001  3.000000e+000
      vertex  2.433244e+001 -1.692478e+001  3.000000e+000
      vertex  2.427302e+001 -1.559186e+001  1.750000e+000
    endloop
  endfacet
  facet normal  3.830000e-001  5.959595e-001  7.057927e-001
    outer loop
      vertex  2.385399e+001 -1.532256e+001  1.750000e+000
      vertex  2.369835e+001 -1.670291e+001  3.000000e+000
      vertex  2.427302e+001 -1.559186e+001  1.750000e+000
    endloop
  endfacet
  facet normal  3.759640e-001  5.983472e-001  7.075533e-001
    outer loop
      vertex  2.312953e+001 -1.634550e+001  3.000000e+000
      vertex  2.369835e+001 -1.670291e+001  3.000000e+000
      vertex  2.385399e+001 -1.532256e+001  1.750000e+000
    endloop
  endfacet
  facet normal  7.974438e-002  7.077503e-001  7.019476e-001
    outer loop
      vertex  2.433244e+001 -1.692478e+001  3.000000e+000
      vertex  2.500000e+001 -1.700000e+001  3.000000e+000
      vertex  2.475095e+001 -1.573219e+001  1.750000e+000
    endloop
  endfacet
  facet normal  1.982448e-001  6.751623e-001  7.105313e-001
    outer loop
      vertex  2.427302e+001 -1.559186e+001  1.750000e+000
      vertex  2.433244e+001 -1.692478e+001  3.000000e+000
      vertex  2.475095e+001 -1.573219e+001  1.750000e+000
    endloop
  endfacet
  facet normal -7.974438e-002  7.077503e-001  7.019476e-001
    outer loop
      vertex  2.500000e+001 -1.700000e+001  3.000000e+000
      vertex  2.566756e+001 -1.692478e+001  3.000000e+000
      vertex  2.524905e+001 -1.573219e+001  1.750000e+000
    endloop
  endfacet
  facet normal  0.000000e+000  7.020866e-001  7.120915e-001
    outer loop
      vertex  2.475095e+001 -1.573219e+001  1.750000e+000
      vertex  2.500000e+001 -1.700000e+001  3.000000e+000
      vertex  2.524905e+001 -1.573219e+001  1.750000e+000
    endloop
  endfacet
  facet normal -2.346197e-001  6.705020e-001  7.038328e-001
    outer loop
      vertex  2.566756e+001 -1.692478e+001  3.000000e+000
      vertex  2.630165e+001 -1.670291e+001  3.000000e+000
      vertex  2.572698e+001 -1.559186e+001  1.750000e+000
    endloop
  endfacet
  facet normal -1.982448e-001  6.751623e-001  7.105313e-001
    outer loop
      vertex  2.524905e+001 -1.573219e+001  1.750000e+000
      vertex  2.566756e+001 -1.692478e+001  3.000000e+000
      vertex  2.572698e+001 -1.559186e+001  1.750000e+000
    endloop
  endfacet
  facet normal -5.028895e-001  5.028884e-001  7.029974e-001
    outer loop
      vertex  2.687047e+001 -1.634550e+001  3.000000e+000
      vertex  2.734550e+001 -1.587047e+001  3.000000e+000
      vertex  2.614601e+001 -1.532256e+001  1.750000e+000
    endloop
  endfacet
  facet normal -3.819514e-001  5.943278e-001  7.077342e-001
    outer loop
      vertex  2.572698e+001 -1.559186e+001  1.750000e+000
      vertex  2.687047e+001 -1.634550e+001  3.000000e+000
      vertex  2.614601e+001 -1.532256e+001  1.750000e+000
    endloop
  endfacet
  facet normal -3.767291e-001  5.995647e-001  7.061143e-001
    outer loop
      vertex  2.630165e+001 -1.670291e+001  3.000000e+000
      vertex  2.687047e+001 -1.634550e+001  3.000000e+000
      vertex  2.572698e+001 -1.559186e+001  1.750000e+000
    endloop
  endfacet
  facet normal -6.032376e-001  3.790375e-001  7.017372e-001
    outer loop
      vertex  2.734550e+001 -1.587047e+001  3.000000e+000
      vertex  2.770291e+001 -1.530165e+001  3.000000e+000
      vertex  2.647219e+001 -1.494612e+001  1.750000e+000
    endloop
  endfacet
  facet normal -5.311322e-001  4.602275e-001  7.113996e-001
    outer loop
      vertex  2.614601e+001 -1.532256e+001  1.750000e+000
      vertex  2.734550e+001 -1.587047e+001  3.000000e+000
      vertex  2.647219e+001 -1.494612e+001  1.750000e+000
    endloop
  endfacet
  facet normal -6.718693e-001  2.350982e-001  7.023677e-001
    outer loop
      vertex  2.770291e+001 -1.530165e+001  3.000000e+000
      vertex  2.792478e+001 -1.466756e+001  3.000000e+000
      vertex  2.667911e+001 -1.449303e+001  1.750000e+000
    endloop
  endfacet
  facet normal -6.387993e-001  2.917320e-001  7.119184e-001
    outer loop
      vertex  2.647219e+001 -1.494612e+001  1.750000e+000
      vertex  2.770291e+001 -1.530165e+001  3.000000e+000
      vertex  2.667911e+001 -1.449303e+001  1.750000e+000
    endloop
  endfacet
  facet normal -1.119646e-001  9.937122e-001  0.000000e+000
    outer loop
      vertex  2.500000e+001  1.100000e+001  3.000000e+000
      vertex  2.566756e+001  1.107522e+001  4.000000e+000
      vertex  2.566756e+001  1.107522e+001  3.000000e+000
    endloop
  endfacet
  facet normal -3.302790e-001  9.438833e-001  0.000000e+000
    outer loop
      vertex  2.566756e+001  1.107522e+001  3.000000e+000
      vertex  2.566756e+001  1.107522e+001  4.000000e+000
      vertex  2.630165e+001  1.129709e+001  4.000000e+000
    endloop
  endfacet
  facet normal -3.302790e-001  9.438833e-001  0.000000e+000
    outer loop
      vertex  2.566756e+001  1.107522e+001  3.000000e+000
      vertex  2.630165e+001  1.129709e+001  4.000000e+000
      vertex  2.630165e+001  1.129709e+001  3.000000e+000
    endloop
  endfacet
  facet normal -5.320317e-001  8.467245e-001  0.000000e+000
    outer loop
      vertex  2.630165e+001  1.129709e+001  3.000000e+000
      vertex  2.630165e+001  1.129709e+001  4.000000e+000
      vertex  2.687047e+001  1.165451e+001  4.000000e+000
    endloop
  endfacet
  facet normal -5.320317e-001  8.467245e-001  0.000000e+000
    outer loop
      vertex  2.630165e+001  1.129709e+001  3.000000e+000
      vertex  2.687047e+001  1.165451e+001  4.000000e+000
      vertex  2.687047e+001  1.165451e+001  3.000000e+000
    endloop
  endfacet
  facet normal -7.071068e-001  7.071068e-001  0.000000e+000
    outer loop
      vertex  2.687047e+001  1.165451e+001  3.000000e+000
      vertex  2.687047e+001  1.165451e+001  4.000000e+000
      vertex  2.734550e+001  1.212953e+001  4.000000e+000
    endloop
  endfacet
  facet normal -7.071068e-001  7.071068e-001  0.000000e+000
    outer loop
      vertex  2.687047e+001  1.165451e+001  3.000000e+000
      vertex  2.734550e+001  1.212953e+001  4.000000e+000
      vertex  2.734550e+001  1.212953e+001  3.000000e+000
    endloop
  endfacet
  facet normal -8.467253e-001  5.320303e-001  0.000000e+000
    outer loop
      vertex  2.734550e+001  1.212953e+001  3.000000e+000
      vertex  2.734550e+001  1.212953e+001  4.000000e+000
      vertex  2.770291e+001  1.269835e+001  4.000000e+000
    endloop
  endfacet
  facet normal -8.467253e-001  5.320303e-001  0.000000e+000
    outer loop
      vertex  2.734550e+001  1.212953e+001  3.000000e+000
      vertex  2.770291e+001  1.269835e+001  4.000000e+000
      vertex  2.770291e+001  1.269835e+001  3.000000e+000
    endloop
  endfacet
  facet normal -9.438829e-001  3.302802e-001  0.000000e+000
    outer loop
      vertex  2.770291e+001  1.269835e+001  3.000000e+000
      vertex  2.770291e+001  1.269835e+001  4.000000e+000
      vertex  2.792478e+001  1.333244e+001  4.000000e+000
    endloop
  endfacet
  facet normal -9.438829e-001  3.302802e-001  0.000000e+000
    outer loop
      vertex  2.770291e+001  1.269835e+001  3.000000e+000
      vertex  2.792478e+001  1.333244e+001  4.000000e+000
      vertex  2.792478e+001  1.333244e+001  3.000000e+000
    endloop
  endfacet
  facet normal -9.937122e-001  1.119646e-001  0.000000e+000
    outer loop
      vertex  2.792478e+001  1.333244e+001  3.000000e+000
      vertex  2.792478e+001  1.333244e+001  4.000000e+000
      vertex  2.800000e+001  1.400000e+001  4.000000e+000
    endloop
  endfacet
  facet normal -9.937122e-001  1.119646e-001  0.000000e+000
    outer loop
      vertex  2.792478e+001  1.333244e+001  3.000000e+000
      vertex  2.800000e+001  1.400000e+001  4.000000e+000
      vertex  2.800000e+001  1.400000e+001  3.000000e+000
    endloop
  endfacet
  facet normal -1.119646e-001  9.937122e-001  0.000000e+000
    outer loop
      vertex  2.566756e+001  1.107522e+001  4.000000e+000
      vertex  2.500000e+001  1.100000e+001  3.000000e+000
      vertex  2.500000e+001  1.100000e+001  4.000000e+000
    endloop
  endfacet
  facet normal  1.119646e-001  9.937122e-001  0.000000e+000
    outer loop
      vertex  2.500000e+001  1.100000e+001  4.000000e+000
      vertex  2.500000e+001  1.100000e+001  3.000000e+000
      vertex  2.433244e+001  1.107522e+001  3.000000e+000
    endloop
  endfacet
  facet normal  1.119646e-001  9.937122e-001  -0.000000e+000
    outer loop
      vertex  2.500000e+001  1.100000e+001  4.000000e+000
      vertex  2.433244e+001  1.107522e+001  3.000000e+000
      vertex  2.433244e+001  1.107522e+001  4.000000e+000
    endloop
  endfacet
  facet normal  3.302790e-001  9.438833e-001  0.000000e+000
    outer loop
      vertex  2.433244e+001  1.107522e+001  4.000000e+000
      vertex  2.433244e+001  1.107522e+001  3.000000e+000
      vertex  2.369835e+001  1.129709e+001  3.000000e+000
    endloop
  endfacet
  facet normal  3.302790e-001  9.438833e-001  -0.000000e+000
    outer loop
      vertex  2.433244e+001  1.107522e+001  4.000000e+000
      vertex  2.369835e+001  1.129709e+001  3.000000e+000
      vertex  2.369835e+001  1.129709e+001  4.000000e+000
    endloop
  endfacet
  facet normal  5.320317e-001  8.467245e-001  0.000000e+000
    outer loop
      vertex  2.369835e+001  1.129709e+001  4.000000e+000
      vertex  2.369835e+001  1.129709e+001  3.000000e+000
      vertex  2.312953e+001  1.165451e+001  3.000000e+000
    endloop
  endfacet
  facet normal  5.320317e-001  8.467245e-001  -0.000000e+000
    outer loop
      vertex  2.369835e+001  1.129709e+001  4.000000e+000
      vertex  2.312953e+001  1.165451e+001  3.000000e+000
      vertex  2.312953e+001  1.165451e+001  4.000000e+000
    endloop
  endfacet
  facet normal  7.071068e-001  7.071068e-001  0.000000e+000
    outer loop
      vertex  2.312953e+001  1.165451e+001  4.000000e+000
      vertex  2.312953e+001  1.165451e+001  3.000000e+000
      vertex  2.265450e+001  1.212953e+001  3.000000e+000
    endloop
  endfacet
  facet normal  7.071068e-001  7.071068e-001  -0.000000e+000
    outer loop
      vertex  2.312953e+001  1.165451e+001  4.000000e+000
      vertex  2.265450e+001  1.212953e+001  3.000000e+000
      vertex  2.265450e+001  1.212953e+001  4.000000e+000
    endloop
  endfacet
  facet normal  8.467253e-001  5.320303e-001  0.000000e+000
    outer loop
      vertex  2.265450e+001  1.212953e+001  4.000000e+000
      vertex  2.265450e+001  1.212953e+001  3.000000e+000
      vertex  2.229709e+001  1.269835e+001  3.000000e+000
    endloop
  endfacet
  facet normal  8.467253e-001  5.320303e-001  -0.000000e+000
    outer loop
      vertex  2.265450e+001  1.212953e+001  4.000000e+000
      vertex  2.229709e+001  1.269835e+001  3.000000e+000
      vertex  2.229709e+001  1.269835e+001  4.000000e+000
    endloop
  endfacet
  facet normal  9.438829e-001  3.302802e-001  0.000000e+000
    outer loop
      vertex  2.229709e+001  1.269835e+001  4.000000e+000
      vertex  2.229709e+001  1.269835e+001  3.000000e+000
      vertex  2.207522e+001  1.333244e+001  3.000000e+000
    endloop
  endfacet
  facet normal  9.438829e-001  3.302802e-001  -0.000000e+000
    outer loop
      vertex  2.229709e+001  1.269835e+001  4.000000e+000
      vertex  2.207522e+001  1.333244e+001  3.000000e+000
      vertex  2.207522e+001  1.333244e+001  4.000000e+000
    endloop
  endfacet
  facet normal  9.937122e-001  1.119646e-001  0.000000e+000
    outer loop
      vertex  2.207522e+001  1.333244e+001  4.000000e+000
      vertex  2.207522e+001  1.333244e+001  3.000000e+000
      vertex  2.200000e+001  1.400000e+001  3.000000e+000
    endloop
  endfacet
  facet normal  9.937122e-001  1.119646e-001  -0.000000e+000
    outer loop
      vertex  2.207522e+001  1.333244e+001  4.000000e+000
      vertex  2.200000e+001  1.400000e+001  3.000000e+000
      vertex  2.200000e+001  1.400000e+001  4.000000e+000
    endloop
  endfacet
  facet normal  1.119646e-001 -9.937122e-001  0.000000e+000
    outer loop
      vertex  2.500000e+001  1.700000e+001  3.000000e+000
      vertex  2.433244e+001  1.692478e+001  4.000000e+000
      vertex  2.433244e+001  1.692478e+001  3.000000e+000
    endloop
  endfacet
  facet normal  3.302802e-001 -9.438829e-001  0.000000e+000
    outer loop
      vertex  2.433244e+001  1.692478e+001  3.000000e+000
      vertex  2.433244e+001  1.692478e+001  4.000000e+000
      vertex  2.369835e+001  1.670291e+001  4.000000e+000
    endloop
  endfacet
  facet normal  3.302802e-001 -9.438829e-001  0.000000e+000
    outer loop
      vertex  2.433244e+001  1.692478e+001  3.000000e+000
      vertex  2.369835e+001  1.670291e+001  4.000000e+000
      vertex  2.369835e+001  1.670291e+001  3.000000e+000
    endloop
  endfacet
  facet normal  5.320297e-001 -8.467258e-001  0.000000e+000
    outer loop
      vertex  2.369835e+001  1.670291e+001  3.000000e+000
      vertex  2.369835e+001  1.670291e+001  4.000000e+000
      vertex  2.312953e+001  1.634550e+001  4.000000e+000
    endloop
  endfacet
  facet normal  5.320297e-001 -8.467258e-001  0.000000e+000
    outer loop
      vertex  2.369835e+001  1.670291e+001  3.000000e+000
      vertex  2.312953e+001  1.634550e+001  4.000000e+000
      vertex  2.312953e+001  1.634550e+001  3.000000e+000
    endloop
  endfacet
  facet normal  7.071075e-001 -7.071061e-001  0.000000e+000
    outer loop
      vertex  2.312953e+001  1.634550e+001  3.000000e+000
      vertex  2.312953e+001  1.634550e+001  4.000000e+000
      vertex  2.265450e+001  1.587047e+001  4.000000e+000
    endloop
  endfacet
  facet normal  7.071075e-001 -7.071061e-001  0.000000e+000
    outer loop
      vertex  2.312953e+001  1.634550e+001  3.000000e+000
      vertex  2.265450e+001  1.587047e+001  4.000000e+000
      vertex  2.265450e+001  1.587047e+001  3.000000e+000
    endloop
  endfacet
  facet normal  8.467253e-001 -5.320303e-001  0.000000e+000
    outer loop
      vertex  2.265450e+001  1.587047e+001  3.000000e+000
      vertex  2.265450e+001  1.587047e+001  4.000000e+000
      vertex  2.229709e+001  1.530165e+001  4.000000e+000
    endloop
  endfacet
  facet normal  8.467253e-001 -5.320303e-001  0.000000e+000
    outer loop
      vertex  2.265450e+001  1.587047e+001  3.000000e+000
      vertex  2.229709e+001  1.530165e+001  4.000000e+000
      vertex  2.229709e+001  1.530165e+001  3.000000e+000
    endloop
  endfacet
  facet normal  9.438829e-001 -3.302802e-001  0.000000e+000
    outer loop
      vertex  2.229709e+001  1.530165e+001  3.000000e+000
      vertex  2.229709e+001  1.530165e+001  4.000000e+000
      vertex  2.207522e+001  1.466756e+001  4.000000e+000
    endloop
  endfacet
  facet normal  9.438829e-001 -3.302802e-001  0.000000e+000
    outer loop
      vertex  2.229709e+001  1.530165e+001  3.000000e+000
      vertex  2.207522e+001  1.466756e+001  4.000000e+000
      vertex  2.207522e+001  1.466756e+001  3.000000e+000
    endloop
  endfacet
  facet normal  9.937122e-001 -1.119646e-001  0.000000e+000
    outer loop
      vertex  2.207522e+001  1.466756e+001  3.000000e+000
      vertex  2.207522e+001  1.466756e+001  4.000000e+000
      vertex  2.200000e+001  1.400000e+001  4.000000e+000
    endloop
  endfacet
  facet normal  9.937122e-001 -1.119646e-001  0.000000e+000
    outer loop
      vertex  2.207522e+001  1.466756e+001  3.000000e+000
      vertex  2.200000e+001  1.400000e+001  4.000000e+000
      vertex  2.200000e+001  1.400000e+001  3.000000e+000
    endloop
  endfacet
  facet normal  1.119646e-001 -9.937122e-001  0.000000e+000
    outer loop
      vertex  2.433244e+001  1.692478e+001  4.000000e+000
      vertex  2.500000e+001  1.700000e+001  3.000000e+000
      vertex  2.500000e+001  1.700000e+001  4.000000e+000
    endloop
  endfacet
  facet normal -1.119646e-001 -9.937122e-001  -0.000000e+000
    outer loop
      vertex  2.500000e+001  1.700000e+001  4.000000e+000
      vertex  2.500000e+001  1.700000e+001  3.000000e+000
      vertex  2.566756e+001  1.692478e+001  3.000000e+000
    endloop
  endfacet
  facet normal -1.119646e-001 -9.937122e-001  0.000000e+000
    outer loop
      vertex  2.500000e+001  1.700000e+001  4.000000e+000
      vertex  2.566756e+001  1.692478e+001  3.000000e+000
      vertex  2.566756e+001  1.692478e+001  4.000000e+000
    endloop
  endfacet
  facet normal -3.302802e-001 -9.438829e-001  -0.000000e+000
    outer loop
      vertex  2.566756e+001  1.692478e+001  4.000000e+000
      vertex  2.566756e+001  1.692478e+001  3.000000e+000
      vertex  2.630165e+001  1.670291e+001  3.000000e+000
    endloop
  endfacet
  facet normal -3.302802e-001 -9.438829e-001  0.000000e+000
    outer loop
      vertex  2.566756e+001  1.692478e+001  4.000000e+000
      vertex  2.630165e+001  1.670291e+001  3.000000e+000
      vertex  2.630165e+001  1.670291e+001  4.000000e+000
    endloop
  endfacet
  facet normal -5.320297e-001 -8.467258e-001  -0.000000e+000
    outer loop
      vertex  2.630165e+001  1.670291e+001  4.000000e+000
      vertex  2.630165e+001  1.670291e+001  3.000000e+000
      vertex  2.687047e+001  1.634550e+001  3.000000e+000
    endloop
  endfacet
  facet normal -5.320297e-001 -8.467258e-001  0.000000e+000
    outer loop
      vertex  2.630165e+001  1.670291e+001  4.000000e+000
      vertex  2.687047e+001  1.634550e+001  3.000000e+000
      vertex  2.687047e+001  1.634550e+001  4.000000e+000
    endloop
  endfacet
  facet normal -7.071075e-001 -7.071061e-001  -0.000000e+000
    outer loop
      vertex  2.687047e+001  1.634550e+001  4.000000e+000
      vertex  2.687047e+001  1.634550e+001  3.000000e+000
      vertex  2.734550e+001  1.587047e+001  3.000000e+000
    endloop
  endfacet
  facet normal -7.071075e-001 -7.071061e-001  0.000000e+000
    outer loop
      vertex  2.687047e+001  1.634550e+001  4.000000e+000
      vertex  2.734550e+001  1.587047e+001  3.000000e+000
      vertex  2.734550e+001  1.587047e+001  4.000000e+000
    endloop
  endfacet
  facet normal -8.467253e-001 -5.320303e-001  -0.000000e+000
    outer loop
      vertex  2.734550e+001  1.587047e+001  4.000000e+000
      vertex  2.734550e+001  1.587047e+001  3.000000e+000
      vertex  2.770291e+001  1.530165e+001  3.000000e+000
    endloop
  endfacet
  facet normal -8.467253e-001 -5.320303e-001  0.000000e+000
    outer loop
      vertex  2.734550e+001  1.587047e+001  4.000000e+000
      vertex  2.770291e+001  1.530165e+001  3.000000e+000
      vertex  2.770291e+001  1.530165e+001  4.000000e+000
    endloop
  endfacet
  facet normal -9.438829e-001 -3.302802e-001  -0.000000e+000
    outer loop
      vertex  2.770291e+001  1.530165e+001  4.000000e+000
      vertex  2.770291e+001  1.530165e+001  3.000000e+000
      vertex  2.792478e+001  1.466756e+001  3.000000e+000
    endloop
  endfacet
  facet normal -9.438829e-001 -3.302802e-001  0.000000e+000
    outer loop
      vertex  2.770291e+001  1.530165e+001  4.000000e+000
      vertex  2.792478e+001  1.466756e+001  3.000000e+000
      vertex  2.792478e+001  1.466756e+001  4.000000e+000
    endloop
  endfacet
  facet normal -9.937122e-001 -1.119646e-001  -0.000000e+000
    outer loop
      vertex  2.792478e+001  1.466756e+001  4.000000e+000
      vertex  2.792478e+001  1.466756e+001  3.000000e+000
      vertex  2.800000e+001  1.400000e+001  3.000000e+000
    endloop
  endfacet
  facet normal -9.937122e-001 -1.119646e-001  0.000000e+000
    outer loop
      vertex  2.792478e+001  1.466756e+001  4.000000e+000
      vertex  2.800000e+001  1.400000e+001  3.000000e+000
      vertex  2.800000e+001  1.400000e+001  4.000000e+000
    endloop
  endfacet
  facet normal  6.977210e-001 -1.003163e-001  7.093109e-001
    outer loop
      vertex  2.332089e+001  1.449303e+001  1.750000e+000
      vertex  2.207522e+001  1.466756e+001  3.000000e+000
      vertex  2.325000e+001  1.400000e+001  1.750000e+000
    endloop
  endfacet
  facet normal  7.048731e-001 -7.942020e-002  7.048731e-001
    outer loop
      vertex  2.207522e+001  1.466756e+001  3.000000e+000
      vertex  2.200000e+001  1.400000e+001  3.000000e+000
      vertex  2.325000e+001  1.400000e+001  1.750000e+000
    endloop
  endfacet
  facet normal -7.048731e-001 -7.942020e-002  7.048731e-001
    outer loop
      vertex  2.800000e+001  1.400000e+001  3.000000e+000
      vertex  2.792478e+001  1.466756e+001  3.000000e+000
      vertex  2.675000e+001  1.400000e+001  1.750000e+000
    endloop
  endfacet
  facet normal -6.977210e-001 -1.003163e-001  7.093109e-001
    outer loop
      vertex  2.792478e+001  1.466756e+001  3.000000e+000
      vertex  2.667911e+001  1.449303e+001  1.750000e+000
      vertex  2.675000e+001  1.400000e+001  1.750000e+000
    endloop
  endfacet
  facet normal -6.718693e-001 -2.350982e-001  7.023677e-001
    outer loop
      vertex  2.792478e+001  1.466756e+001  3.000000e+000
      vertex  2.770291e+001  1.530165e+001  3.000000e+000
      vertex  2.667911e+001  1.449303e+001  1.750000e+000
    endloop
  endfacet
  facet normal -6.032376e-001 -3.790375e-001  7.017371e-001
    outer loop
      vertex  2.770291e+001  1.530165e+001  3.000000e+000
      vertex  2.734550e+001  1.587047e+001  3.000000e+000
      vertex  2.647219e+001  1.494612e+001  1.750000e+000
    endloop
  endfacet
  facet normal -6.387993e-001 -2.917320e-001  7.119184e-001
    outer loop
      vertex  2.667911e+001  1.449303e+001  1.750000e+000
      vertex  2.770291e+001  1.530165e+001  3.000000e+000
      vertex  2.647219e+001  1.494612e+001  1.750000e+000
    endloop
  endfacet
  facet normal -5.028895e-001 -5.028884e-001  7.029974e-001
    outer loop
      vertex  2.734550e+001  1.587047e+001  3.000000e+000
      vertex  2.687047e+001  1.634550e+001  3.000000e+000
      vertex  2.614601e+001  1.532256e+001  1.750000e+000
    endloop
  endfacet
  facet normal -5.311322e-001 -4.602275e-001  7.113996e-001
    outer loop
      vertex  2.647219e+001  1.494612e+001  1.750000e+000
      vertex  2.734550e+001  1.587047e+001  3.000000e+000
      vertex  2.614601e+001  1.532256e+001  1.750000e+000
    endloop
  endfacet
  facet normal -2.346197e-001 -6.705020e-001  7.038328e-001
    outer loop
      vertex  2.630165e+001  1.670291e+001  3.000000e+000
      vertex  2.566756e+001  1.692478e+001  3.000000e+000
      vertex  2.572698e+001  1.559186e+001  1.750000e+000
    endloop
  endfacet
  facet normal -3.830000e-001 -5.959595e-001  7.057927e-001
    outer loop
      vertex  2.614601e+001  1.532256e+001  1.750000e+000
      vertex  2.630165e+001  1.670291e+001  3.000000e+000
      vertex  2.572698e+001  1.559186e+001  1.750000e+000
    endloop
  endfacet
  facet normal -3.759640e-001 -5.983472e-001  7.075533e-001
    outer loop
      vertex  2.687047e+001  1.634550e+001  3.000000e+000
      vertex  2.630165e+001  1.670291e+001  3.000000e+000
      vertex  2.614601e+001  1.532256e+001  1.750000e+000
    endloop
  endfacet
  facet normal -7.974438e-002 -7.077503e-001  7.019476e-001
    outer loop
      vertex  2.566756e+001  1.692478e+001  3.000000e+000
      vertex  2.500000e+001  1.700000e+001  3.000000e+000
      vertex  2.524905e+001  1.573219e+001  1.750000e+000
    endloop
  endfacet
  facet normal -1.982448e-001 -6.751623e-001  7.105313e-001
    outer loop
      vertex  2.572698e+001  1.559186e+001  1.750000e+000
      vertex  2.566756e+001  1.692478e+001  3.000000e+000
      vertex  2.524905e+001  1.573219e+001  1.750000e+000
    endloop
  endfacet
  facet normal  7.974438e-002 -7.077503e-001  7.019476e-001
    outer loop
      vertex  2.500000e+001  1.700000e+001  3.000000e+000
      vertex  2.433244e+001  1.692478e+001  3.000000e+000
      vertex  2.475095e+001  1.573219e+001  1.750000e+000
    endloop
  endfacet
  facet normal  0.000000e+000 -7.020866e-001  7.120915e-001
    outer loop
      vertex  2.524905e+001  1.573219e+001  1.750000e+000
      vertex  2.500000e+001  1.700000e+001  3.000000e+000
      vertex  2.475095e+001  1.573219e+001  1.750000e+000
    endloop
  endfacet
  facet normal  2.346197e-001 -6.705020e-001  7.038328e-001
    outer loop
      vertex  2.433244e+001  1.692478e+001  3.000000e+000
      vertex  2.369835e+001  1.670291e+001  3.000000e+000
      vertex  2.427302e+001  1.559186e+001  1.750000e+000
    endloop
  endfacet
  facet normal  1.982448e-001 -6.751623e-001  7.105313e-001
    outer loop
      vertex  2.475095e+001  1.573219e+001  1.750000e+000
      vertex  2.433244e+001  1.692478e+001  3.000000e+000
      vertex  2.427302e+001  1.559186e+001  1.750000e+000
    endloop
  endfacet
  facet normal  5.028895e-001 -5.028884e-001  7.029974e-001
    outer loop
      vertex  2.312953e+001  1.634550e+001  3.000000e+000
      vertex  2.265450e+001  1.587047e+001  3.000000e+000
      vertex  2.385399e+001  1.532256e+001  1.750000e+000
    endloop
  endfacet
  facet normal  3.819514e-001 -5.943278e-001  7.077342e-001
    outer loop
      vertex  2.427302e+001  1.559186e+001  1.750000e+000
      vertex  2.312953e+001  1.634550e+001  3.000000e+000
      vertex  2.385399e+001  1.532256e+001  1.750000e+000
    endloop
  endfacet
  facet normal  3.767291e-001 -5.995647e-001  7.061143e-001
    outer loop
      vertex  2.369835e+001  1.670291e+001  3.000000e+000
      vertex  2.312953e+001  1.634550e+001  3.000000e+000
      vertex  2.427302e+001  1.559186e+001  1.750000e+000
    endloop
  endfacet
  facet normal  6.032376e-001 -3.790375e-001  7.017372e-001
    outer loop
      vertex  2.265450e+001  1.587047e+001  3.000000e+000
      vertex  2.229709e+001  1.530165e+001  3.000000e+000
      vertex  2.352781e+001  1.494612e+001  1.750000e+000
    endloop
  endfacet
  facet normal  5.311322e-001 -4.602275e-001  7.113996e-001
    outer loop
      vertex  2.385399e+001  1.532256e+001  1.750000e+000
      vertex  2.265450e+001  1.587047e+001  3.000000e+000
      vertex  2.352781e+001  1.494612e+001  1.750000e+000
    endloop
  endfacet
  facet normal  6.718693e-001 -2.350982e-001  7.023677e-001
    outer loop
      vertex  2.229709e+001  1.530165e+001  3.000000e+000
      vertex  2.207522e+001  1.466756e+001  3.000000e+000
      vertex  2.332089e+001  1.449303e+001  1.750000e+000
    endloop
  endfacet
  facet normal  6.387993e-001 -2.917320e-001  7.119184e-001
    outer loop
      vertex  2.352781e+001  1.494612e+001  1.750000e+000
      vertex  2.229709e+001  1.530165e+001  3.000000e+000
      vertex  2.332089e+001  1.449303e+001  1.750000e+000
    endloop
  endfacet
  facet normal -6.977210e-001  1.003163e-001  7.093109e-001
    outer loop
      vertex  2.667911e+001  1.350697e+001  1.750000e+000
      vertex  2.792478e+001  1.333244e+001  3.000000e+000
      vertex  2.675000e+001  1.400000e+001  1.750000e+000
    endloop
  endfacet
  facet normal -7.048731e-001  7.942020e-002  7.048731e-001
    outer loop
      vertex  2.792478e+001  1.333244e+001  3.000000e+000
      vertex  2.800000e+001  1.400000e+001  3.000000e+000
      vertex  2.675000e+001  1.400000e+001  1.750000e+000
    endloop
  endfacet
  facet normal  7.048731e-001  7.942020e-002  7.048731e-001
    outer loop
      vertex  2.200000e+001  1.400000e+001  3.000000e+000
      vertex  2.207522e+001  1.333244e+001  3.000000e+000
      vertex  2.325000e+001  1.400000e+001  1.750000e+000
    endloop
  endfacet
  facet normal  6.977210e-001  1.003163e-001  7.093109e-001
    outer loop
      vertex  2.207522e+001  1.333244e+001  3.000000e+000
      vertex  2.332089e+001  1.350697e+001  1.750000e+000
      vertex  2.325000e+001  1.400000e+001  1.750000e+000
    endloop
  endfacet
  facet normal  6.718693e-001  2.350982e-001  7.023677e-001
    outer loop
      vertex  2.207522e+001  1.333244e+001  3.000000e+000
      vertex  2.229709e+001  1.269835e+001  3.000000e+000
      vertex  2.332089e+001  1.350697e+001  1.750000e+000
    endloop
  endfacet
  facet normal  6.032376e-001  3.790375e-001  7.017371e-001
    outer loop
      vertex  2.229709e+001  1.269835e+001  3.000000e+000
      vertex  2.265450e+001  1.212953e+001  3.000000e+000
      vertex  2.352781e+001  1.305388e+001  1.750000e+000
    endloop
  endfacet
  facet normal  6.387993e-001  2.917320e-001  7.119184e-001
    outer loop
      vertex  2.332089e+001  1.350697e+001  1.750000e+000
      vertex  2.229709e+001  1.269835e+001  3.000000e+000
      vertex  2.352781e+001  1.305388e+001  1.750000e+000
    endloop
  endfacet
  facet normal  5.028890e-001  5.028890e-001  7.029973e-001
    outer loop
      vertex  2.265450e+001  1.212953e+001  3.000000e+000
      vertex  2.312953e+001  1.165451e+001  3.000000e+000
      vertex  2.385399e+001  1.267744e+001  1.750000e+000
    endloop
  endfacet
  facet normal  5.311322e-001  4.602275e-001  7.113996e-001
    outer loop
      vertex  2.352781e+001  1.305388e+001  1.750000e+000
      vertex  2.265450e+001  1.212953e+001  3.000000e+000
      vertex  2.385399e+001  1.267744e+001  1.750000e+000
    endloop
  endfacet
  facet normal  2.346188e-001  6.705022e-001  7.038330e-001
    outer loop
      vertex  2.369835e+001  1.129709e+001  3.000000e+000
      vertex  2.433244e+001  1.107522e+001  3.000000e+000
      vertex  2.427302e+001  1.240814e+001  1.750000e+000
    endloop
  endfacet
  facet normal  3.829998e-001  5.959592e-001  7.057930e-001
    outer loop
      vertex  2.385399e+001  1.267744e+001  1.750000e+000
      vertex  2.369835e+001  1.129709e+001  3.000000e+000
      vertex  2.427302e+001  1.240814e+001  1.750000e+000
    endloop
  endfacet
  facet normal  3.759656e-001  5.983464e-001  7.075531e-001
    outer loop
      vertex  2.312953e+001  1.165451e+001  3.000000e+000
      vertex  2.369835e+001  1.129709e+001  3.000000e+000
      vertex  2.385399e+001  1.267744e+001  1.750000e+000
    endloop
  endfacet
  facet normal  7.974438e-002  7.077503e-001  7.019476e-001
    outer loop
      vertex  2.433244e+001  1.107522e+001  3.000000e+000
      vertex  2.500000e+001  1.100000e+001  3.000000e+000
      vertex  2.475095e+001  1.226781e+001  1.750000e+000
    endloop
  endfacet
  facet normal  1.982448e-001  6.751623e-001  7.105313e-001
    outer loop
      vertex  2.427302e+001  1.240814e+001  1.750000e+000
      vertex  2.433244e+001  1.107522e+001  3.000000e+000
      vertex  2.475095e+001  1.226781e+001  1.750000e+000
    endloop
  endfacet
  facet normal -7.974438e-002  7.077503e-001  7.019476e-001
    outer loop
      vertex  2.500000e+001  1.100000e+001  3.000000e+000
      vertex  2.566756e+001  1.107522e+001  3.000000e+000
      vertex  2.524905e+001  1.226781e+001  1.750000e+000
    endloop
  endfacet
  facet normal  0.000000e+000  7.020866e-001  7.120915e-001
    outer loop
      vertex  2.475095e+001  1.226781e+001  1.750000e+000
      vertex  2.500000e+001  1.100000e+001  3.000000e+000
      vertex  2.524905e+001  1.226781e+001  1.750000e+000
    endloop
  endfacet
  facet normal -2.346188e-001  6.705022e-001  7.038330e-001
    outer loop
      vertex  2.566756e+001  1.107522e+001  3.000000e+000
      vertex  2.630165e+001  1.129709e+001  3.000000e+000
      vertex  2.572698e+001  1.240814e+001  1.750000e+000
    endloop
  endfacet
  facet normal -1.982448e-001  6.751623e-001  7.105313e-001
    outer loop
      vertex  2.524905e+001  1.226781e+001  1.750000e+000
      vertex  2.566756e+001  1.107522e+001  3.000000e+000
      vertex  2.572698e+001  1.240814e+001  1.750000e+000
    endloop
  endfacet
  facet normal -5.028892e-001  5.028892e-001  7.029973e-001
    outer loop
      vertex  2.687047e+001  1.165451e+001  3.000000e+000
      vertex  2.734550e+001  1.212953e+001  3.000000e+000
      vertex  2.614601e+001  1.267744e+001  1.750000e+000
    endloop
  endfacet
  facet normal -3.819515e-001  5.943279e-001  7.077339e-001
    outer loop
      vertex  2.572698e+001  1.240814e+001  1.750000e+000
      vertex  2.687047e+001  1.165451e+001  3.000000e+000
      vertex  2.614601e+001  1.267744e+001  1.750000e+000
    endloop
  endfacet
  facet normal -3.767304e-001  5.995637e-001  7.061144e-001
    outer loop
      vertex  2.630165e+001  1.129709e+001  3.000000e+000
      vertex  2.687047e+001  1.165451e+001  3.000000e+000
      vertex  2.572698e+001  1.240814e+001  1.750000e+000
    endloop
  endfacet
  facet normal -6.032376e-001  3.790375e-001  7.017372e-001
    outer loop
      vertex  2.734550e+001  1.212953e+001  3.000000e+000
      vertex  2.770291e+001  1.269835e+001  3.000000e+000
      vertex  2.647219e+001  1.305388e+001  1.750000e+000
    endloop
  endfacet
  facet normal -5.311322e-001  4.602275e-001  7.113996e-001
    outer loop
      vertex  2.614601e+001  1.267744e+001  1.750000e+000
      vertex  2.734550e+001  1.212953e+001  3.000000e+000
      vertex  2.647219e+001  1.305388e+001  1.750000e+000
    endloop
  endfacet
  facet normal -6.718693e-001  2.350982e-001  7.023677e-001
    outer loop
      vertex  2.770291e+001  1.269835e+001  3.000000e+000
      vertex  2.792478e+001  1.333244e+001  3.000000e+000
      vertex  2.667911e+001  1.350697e+001  1.750000e+000
    endloop
  endfacet
  facet normal -6.387993e-001  2.917320e-001  7.119184e-001
    outer loop
      vertex  2.647219e+001  1.305388e+001  1.750000e+000
      vertex  2.770291e+001  1.269835e+001  3.000000e+000
      vertex  2.667911e+001  1.350697e+001  1.750000e+000
    endloop
  endfacet
  facet normal  1.119646e-001 -9.937122e-001  0.000000e+000
    outer loop
      vertex -2.500000e+001  1.700000e+001  3.000000e+000
      vertex -2.566756e+001  1.692478e+001  4.000000e+000
      vertex -2.566756e+001  1.692478e+001  3.000000e+000
    endloop
  endfacet
  facet normal  3.302802e-001 -9.438829e-001  0.000000e+000
    outer loop
      vertex -2.566756e+001  1.692478e+001  3.000000e+000
      vertex -2.566756e+001  1.692478e+001  4.000000e+000
      vertex -2.630165e+001  1.670291e+001  4.000000e+000
    endloop
  endfacet
  facet normal  3.302802e-001 -9.438829e-001  0.000000e+000
    outer loop
      vertex -2.566756e+001  1.692478e+001  3.000000e+000
      vertex -2.630165e+001  1.670291e+001  4.000000e+000
      vertex -2.630165e+001  1.670291e+001  3.000000e+000
    endloop
  endfacet
  facet normal  5.320297e-001 -8.467258e-001  0.000000e+000
    outer loop
      vertex -2.630165e+001  1.670291e+001  3.000000e+000
      vertex -2.630165e+001  1.670291e+001  4.000000e+000
      vertex -2.687047e+001  1.634550e+001  4.000000e+000
    endloop
  endfacet
  facet normal  5.320297e-001 -8.467258e-001  0.000000e+000
    outer loop
      vertex -2.630165e+001  1.670291e+001  3.000000e+000
      vertex -2.687047e+001  1.634550e+001  4.000000e+000
      vertex -2.687047e+001  1.634550e+001  3.000000e+000
    endloop
  endfacet
  facet normal  7.071075e-001 -7.071061e-001  0.000000e+000
    outer loop
      vertex -2.687047e+001  1.634550e+001  3.000000e+000
      vertex -2.687047e+001  1.634550e+001  4.000000e+000
      vertex -2.734550e+001  1.587047e+001  4.000000e+000
    endloop
  endfacet
  facet normal  7.071075e-001 -7.071061e-001  0.000000e+000
    outer loop
      vertex -2.687047e+001  1.634550e+001  3.000000e+000
      vertex -2.734550e+001  1.587047e+001  4.000000e+000
      vertex -2.734550e+001  1.587047e+001  3.000000e+000
    endloop
  endfacet
  facet normal  8.467253e-001 -5.320303e-001  0.000000e+000
    outer loop
      vertex -2.734550e+001  1.587047e+001  3.000000e+000
      vertex -2.734550e+001  1.587047e+001  4.000000e+000
      vertex -2.770291e+001  1.530165e+001  4.000000e+000
    endloop
  endfacet
  facet normal  8.467253e-001 -5.320303e-001  0.000000e+000
    outer loop
      vertex -2.734550e+001  1.587047e+001  3.000000e+000
      vertex -2.770291e+001  1.530165e+001  4.000000e+000
      vertex -2.770291e+001  1.530165e+001  3.000000e+000
    endloop
  endfacet
  facet normal  9.438829e-001 -3.302802e-001  0.000000e+000
    outer loop
      vertex -2.770291e+001  1.530165e+001  3.000000e+000
      vertex -2.770291e+001  1.530165e+001  4.000000e+000
      vertex -2.792478e+001  1.466756e+001  4.000000e+000
    endloop
  endfacet
  facet normal  9.438829e-001 -3.302802e-001  0.000000e+000
    outer loop
      vertex -2.770291e+001  1.530165e+001  3.000000e+000
      vertex -2.792478e+001  1.466756e+001  4.000000e+000
      vertex -2.792478e+001  1.466756e+001  3.000000e+000
    endloop
  endfacet
  facet normal  9.937122e-001 -1.119646e-001  0.000000e+000
    outer loop
      vertex -2.792478e+001  1.466756e+001  3.000000e+000
      vertex -2.792478e+001  1.466756e+001  4.000000e+000
      vertex -2.800000e+001  1.400000e+001  4.000000e+000
    endloop
  endfacet
  facet normal  9.937122e-001 -1.119646e-001  0.000000e+000
    outer loop
      vertex -2.792478e+001  1.466756e+001  3.000000e+000
      vertex -2.800000e+001  1.400000e+001  4.000000e+000
      vertex -2.800000e+001  1.400000e+001  3.000000e+000
    endloop
  endfacet
  facet normal  1.119646e-001 -9.937122e-001  0.000000e+000
    outer loop
      vertex -2.566756e+001  1.692478e+001  4.000000e+000
      vertex -2.500000e+001  1.700000e+001  3.000000e+000
      vertex -2.500000e+001  1.700000e+001  4.000000e+000
    endloop
  endfacet
  facet normal -1.119646e-001 -9.937122e-001  -0.000000e+000
    outer loop
      vertex -2.500000e+001  1.700000e+001  4.000000e+000
      vertex -2.500000e+001  1.700000e+001  3.000000e+000
      vertex -2.433244e+001  1.692478e+001  3.000000e+000
    endloop
  endfacet
  facet normal -1.119646e-001 -9.937122e-001  0.000000e+000
    outer loop
      vertex -2.500000e+001  1.700000e+001  4.000000e+000
      vertex -2.433244e+001  1.692478e+001  3.000000e+000
      vertex -2.433244e+001  1.692478e+001  4.000000e+000
    endloop
  endfacet
  facet normal -3.302802e-001 -9.438829e-001  -0.000000e+000
    outer loop
      vertex -2.433244e+001  1.692478e+001  4.000000e+000
      vertex -2.433244e+001  1.692478e+001  3.000000e+000
      vertex -2.369835e+001  1.670291e+001  3.000000e+000
    endloop
  endfacet
  facet normal -3.302802e-001 -9.438829e-001  0.000000e+000
    outer loop
      vertex -2.433244e+001  1.692478e+001  4.000000e+000
      vertex -2.369835e+001  1.670291e+001  3.000000e+000
      vertex -2.369835e+001  1.670291e+001  4.000000e+000
    endloop
  endfacet
  facet normal -5.320297e-001 -8.467258e-001  -0.000000e+000
    outer loop
      vertex -2.369835e+001  1.670291e+001  4.000000e+000
      vertex -2.369835e+001  1.670291e+001  3.000000e+000
      vertex -2.312953e+001  1.634550e+001  3.000000e+000
    endloop
  endfacet
  facet normal -5.320297e-001 -8.467258e-001  0.000000e+000
    outer loop
      vertex -2.369835e+001  1.670291e+001  4.000000e+000
      vertex -2.312953e+001  1.634550e+001  3.000000e+000
      vertex -2.312953e+001  1.634550e+001  4.000000e+000
    endloop
  endfacet
  facet normal -7.071075e-001 -7.071061e-001  -0.000000e+000
    outer loop
      vertex -2.312953e+001  1.634550e+001  4.000000e+000
      vertex -2.312953e+001  1.634550e+001  3.000000e+000
      vertex -2.265450e+001  1.587047e+001  3.000000e+000
    endloop
  endfacet
  facet normal -7.071075e-001 -7.071061e-001  0.000000e+000
    outer loop
      vertex -2.312953e+001  1.634550e+001  4.000000e+000
      vertex -2.265450e+001  1.587047e+001  3.000000e+000
      vertex -2.265450e+001  1.587047e+001  4.000000e+000
    endloop
  endfacet
  facet normal -8.467253e-001 -5.320303e-001  -0.000000e+000
    outer loop
      vertex -2.265450e+001  1.587047e+001  4.000000e+000
      vertex -2.265450e+001  1.587047e+001  3.000000e+000
      vertex -2.229709e+001  1.530165e+001  3.000000e+000
    endloop
  endfacet
  facet normal -8.467253e-001 -5.320303e-001  0.000000e+000
    outer loop
      vertex -2.265450e+001  1.587047e+001  4.000000e+000
      vertex -2.229709e+001  1.530165e+001  3.000000e+000
      vertex -2.229709e+001  1.530165e+001  4.000000e+000
    endloop
  endfacet
  facet normal -9.438829e-001 -3.302802e-001  -0.000000e+000
    outer loop
      vertex -2.229709e+001  1.530165e+001  4.000000e+000
      vertex -2.229709e+001  1.530165e+001  3.000000e+000
      vertex -2.207522e+001  1.466756e+001  3.000000e+000
    endloop
  endfacet
  facet normal -9.438829e-001 -3.302802e-001  0.000000e+000
    outer loop
      vertex -2.229709e+001  1.530165e+001  4.000000e+000
      vertex -2.207522e+001  1.466756e+001  3.000000e+000
      vertex -2.207522e+001  1.466756e+001  4.000000e+000
    endloop
  endfacet
  facet normal -9.937122e-001 -1.119646e-001  -0.000000e+000
    outer loop
      vertex -2.207522e+001  1.466756e+001  4.000000e+000
      vertex -2.207522e+001  1.466756e+001  3.000000e+000
      vertex -2.200000e+001  1.400000e+001  3.000000e+000
    endloop
  endfacet
  facet normal -9.937122e-001 -1.119646e-001  0.000000e+000
    outer loop
      vertex -2.207522e+001  1.466756e+001  4.000000e+000
      vertex -2.200000e+001  1.400000e+001  3.000000e+000
      vertex -2.200000e+001  1.400000e+001  4.000000e+000
    endloop
  endfacet
  facet normal -1.119646e-001  9.937122e-001  0.000000e+000
    outer loop
      vertex -2.500000e+001  1.100000e+001  3.000000e+000
      vertex -2.433244e+001  1.107522e+001  4.000000e+000
      vertex -2.433244e+001  1.107522e+001  3.000000e+000
    endloop
  endfacet
  facet normal -3.302790e-001  9.438833e-001  0.000000e+000
    outer loop
      vertex -2.433244e+001  1.107522e+001  3.000000e+000
      vertex -2.433244e+001  1.107522e+001  4.000000e+000
      vertex -2.369835e+001  1.129709e+001  4.000000e+000
    endloop
  endfacet
  facet normal -3.302790e-001  9.438833e-001  0.000000e+000
    outer loop
      vertex -2.433244e+001  1.107522e+001  3.000000e+000
      vertex -2.369835e+001  1.129709e+001  4.000000e+000
      vertex -2.369835e+001  1.129709e+001  3.000000e+000
    endloop
  endfacet
  facet normal -5.320317e-001  8.467245e-001  0.000000e+000
    outer loop
      vertex -2.369835e+001  1.129709e+001  3.000000e+000
      vertex -2.369835e+001  1.129709e+001  4.000000e+000
      vertex -2.312953e+001  1.165451e+001  4.000000e+000
    endloop
  endfacet
  facet normal -5.320317e-001  8.467245e-001  0.000000e+000
    outer loop
      vertex -2.369835e+001  1.129709e+001  3.000000e+000
      vertex -2.312953e+001  1.165451e+001  4.000000e+000
      vertex -2.312953e+001  1.165451e+001  3.000000e+000
    endloop
  endfacet
  facet normal -7.071068e-001  7.071068e-001  0.000000e+000
    outer loop
      vertex -2.312953e+001  1.165451e+001  3.000000e+000
      vertex -2.312953e+001  1.165451e+001  4.000000e+000
      vertex -2.265450e+001  1.212953e+001  4.000000e+000
    endloop
  endfacet
  facet normal -7.071068e-001  7.071068e-001  0.000000e+000
    outer loop
      vertex -2.312953e+001  1.165451e+001  3.000000e+000
      vertex -2.265450e+001  1.212953e+001  4.000000e+000
      vertex -2.265450e+001  1.212953e+001  3.000000e+000
    endloop
  endfacet
  facet normal -8.467253e-001  5.320303e-001  0.000000e+000
    outer loop
      vertex -2.265450e+001  1.212953e+001  3.000000e+000
      vertex -2.265450e+001  1.212953e+001  4.000000e+000
      vertex -2.229709e+001  1.269835e+001  4.000000e+000
    endloop
  endfacet
  facet normal -8.467253e-001  5.320303e-001  0.000000e+000
    outer loop
      vertex -2.265450e+001  1.212953e+001  3.000000e+000
      vertex -2.229709e+001  1.269835e+001  4.000000e+000
      vertex -2.229709e+001  1.269835e+001  3.000000e+000
    endloop
  endfacet
  facet normal -9.438829e-001  3.302802e-001  0.000000e+000
    outer loop
      vertex -2.229709e+001  1.269835e+001  3.000000e+000
      vertex -2.229709e+001  1.269835e+001  4.000000e+000
      vertex -2.207522e+001  1.333244e+001  4.000000e+000
    endloop
  endfacet
  facet normal -9.438829e-001  3.302802e-001  0.000000e+000
    outer loop
      vertex -2.229709e+001  1.269835e+001  3.000000e+000
      vertex -2.207522e+001  1.333244e+001  4.000000e+000
      vertex -2.207522e+001  1.333244e+001  3.000000e+000
    endloop
  endfacet
  facet normal -9.937122e-001  1.119646e-001  0.000000e+000
    outer loop
      vertex -2.207522e+001  1.333244e+001  3.000000e+000
      vertex -2.207522e+001  1.333244e+001  4.000000e+000
      vertex -2.200000e+001  1.400000e+001  4.000000e+000
    endloop
  endfacet
  facet normal -9.937122e-001  1.119646e-001  0.000000e+000
    outer loop
      vertex -2.207522e+001  1.333244e+001  3.000000e+000
      vertex -2.200000e+001  1.400000e+001  4.000000e+000
      vertex -2.200000e+001  1.400000e+001  3.000000e+000
    endloop
  endfacet
  facet normal -1.119646e-001  9.937122e-001  0.000000e+000
    outer loop
      vertex -2.433244e+001  1.107522e+001  4.000000e+000
      vertex -2.500000e+001  1.100000e+001  3.000000e+000
      vertex -2.500000e+001  1.100000e+001  4.000000e+000
    endloop
  endfacet
  facet normal  1.119646e-001  9.937122e-001  0.000000e+000
    outer loop
      vertex -2.500000e+001  1.100000e+001  4.000000e+000
      vertex -2.500000e+001  1.100000e+001  3.000000e+000
      vertex -2.566756e+001  1.107522e+001  3.000000e+000
    endloop
  endfacet
  facet normal  1.119646e-001  9.937122e-001  -0.000000e+000
    outer loop
      vertex -2.500000e+001  1.100000e+001  4.000000e+000
      vertex -2.566756e+001  1.107522e+001  3.000000e+000
      vertex -2.566756e+001  1.107522e+001  4.000000e+000
    endloop
  endfacet
  facet normal  3.302790e-001  9.438833e-001  0.000000e+000
    outer loop
      vertex -2.566756e+001  1.107522e+001  4.000000e+000
      vertex -2.566756e+001  1.107522e+001  3.000000e+000
      vertex -2.630165e+001  1.129709e+001  3.000000e+000
    endloop
  endfacet
  facet normal  3.302790e-001  9.438833e-001  -0.000000e+000
    outer loop
      vertex -2.566756e+001  1.107522e+001  4.000000e+000
      vertex -2.630165e+001  1.129709e+001  3.000000e+000
      vertex -2.630165e+001  1.129709e+001  4.000000e+000
    endloop
  endfacet
  facet normal  5.320317e-001  8.467245e-001  0.000000e+000
    outer loop
      vertex -2.630165e+001  1.129709e+001  4.000000e+000
      vertex -2.630165e+001  1.129709e+001  3.000000e+000
      vertex -2.687047e+001  1.165451e+001  3.000000e+000
    endloop
  endfacet
  facet normal  5.320317e-001  8.467245e-001  -0.000000e+000
    outer loop
      vertex -2.630165e+001  1.129709e+001  4.000000e+000
      vertex -2.687047e+001  1.165451e+001  3.000000e+000
      vertex -2.687047e+001  1.165451e+001  4.000000e+000
    endloop
  endfacet
  facet normal  7.071068e-001  7.071068e-001  0.000000e+000
    outer loop
      vertex -2.687047e+001  1.165451e+001  4.000000e+000
      vertex -2.687047e+001  1.165451e+001  3.000000e+000
      vertex -2.734550e+001  1.212953e+001  3.000000e+000
    endloop
  endfacet
  facet normal  7.071068e-001  7.071068e-001  -0.000000e+000
    outer loop
      vertex -2.687047e+001  1.165451e+001  4.000000e+000
      vertex -2.734550e+001  1.212953e+001  3.000000e+000
      vertex -2.734550e+001  1.212953e+001  4.000000e+000
    endloop
  endfacet
  facet normal  8.467253e-001  5.320303e-001  0.000000e+000
    outer loop
      vertex -2.734550e+001  1.212953e+001  4.000000e+000
      vertex -2.734550e+001  1.212953e+001  3.000000e+000
      vertex -2.770291e+001  1.269835e+001  3.000000e+000
    endloop
  endfacet
  facet normal  8.467253e-001  5.320303e-001  -0.000000e+000
    outer loop
      vertex -2.734550e+001  1.212953e+001  4.000000e+000
      vertex -2.770291e+001  1.269835e+001  3.000000e+000
      vertex -2.770291e+001  1.269835e+001  4.000000e+000
    endloop
  endfacet
  facet normal  9.438829e-001  3.302802e-001  0.000000e+000
    outer loop
      vertex -2.770291e+001  1.269835e+001  4.000000e+000
      vertex -2.770291e+001  1.269835e+001  3.000000e+000
      vertex -2.792478e+001  1.333244e+001  3.000000e+000
    endloop
  endfacet
  facet normal  9.438829e-001  3.302802e-001  -0.000000e+000
    outer loop
      vertex -2.770291e+001  1.269835e+001  4.000000e+000
      vertex -2.792478e+001  1.333244e+001  3.000000e+000
      vertex -2.792478e+001  1.333244e+001  4.000000e+000
    endloop
  endfacet
  facet normal  9.937122e-001  1.119646e-001  0.000000e+000
    outer loop
      vertex -2.792478e+001  1.333244e+001  4.000000e+000
      vertex -2.792478e+001  1.333244e+001  3.000000e+000
      vertex -2.800000e+001  1.400000e+001  3.000000e+000
    endloop
  endfacet
  facet normal  9.937122e-001  1.119646e-001  -0.000000e+000
    outer loop
      vertex -2.792478e+001  1.333244e+001  4.000000e+000
      vertex -2.800000e+001  1.400000e+001  3.000000e+000
      vertex -2.800000e+001  1.400000e+001  4.000000e+000
    endloop
  endfacet
  facet normal -6.977210e-001  1.003163e-001  7.093109e-001
    outer loop
      vertex -2.332089e+001  1.350697e+001  1.750000e+000
      vertex -2.207522e+001  1.333244e+001  3.000000e+000
      vertex -2.325000e+001  1.400000e+001  1.750000e+000
    endloop
  endfacet
  facet normal -7.048731e-001  7.942020e-002  7.048731e-001
    outer loop
      vertex -2.207522e+001  1.333244e+001  3.000000e+000
      vertex -2.200000e+001  1.400000e+001  3.000000e+000
      vertex -2.325000e+001  1.400000e+001  1.750000e+000
    endloop
  endfacet
  facet normal  7.048731e-001  7.942020e-002  7.048731e-001
    outer loop
      vertex -2.800000e+001  1.400000e+001  3.000000e+000
      vertex -2.792478e+001  1.333244e+001  3.000000e+000
      vertex -2.675000e+001  1.400000e+001  1.750000e+000
    endloop
  endfacet
  facet normal  6.977210e-001  1.003163e-001  7.093109e-001
    outer loop
      vertex -2.792478e+001  1.333244e+001  3.000000e+000
      vertex -2.667911e+001  1.350697e+001  1.750000e+000
      vertex -2.675000e+001  1.400000e+001  1.750000e+000
    endloop
  endfacet
  facet normal  6.718693e-001  2.350982e-001  7.023677e-001
    outer loop
      vertex -2.792478e+001  1.333244e+001  3.000000e+000
      vertex -2.770291e+001  1.269835e+001  3.000000e+000
      vertex -2.667911e+001  1.350697e+001  1.750000e+000
    endloop
  endfacet
  facet normal  6.032376e-001  3.790375e-001  7.017371e-001
    outer loop
      vertex -2.770291e+001  1.269835e+001  3.000000e+000
      vertex -2.734550e+001  1.212953e+001  3.000000e+000
      vertex -2.647219e+001  1.305388e+001  1.750000e+000
    endloop
  endfacet
  facet normal  6.387993e-001  2.917320e-001  7.119184e-001
    outer loop
      vertex -2.667911e+001  1.350697e+001  1.750000e+000
      vertex -2.770291e+001  1.269835e+001  3.000000e+000
      vertex -2.647219e+001  1.305388e+001  1.750000e+000
    endloop
  endfacet
  facet normal  5.028890e-001  5.028890e-001  7.029973e-001
    outer loop
      vertex -2.734550e+001  1.212953e+001  3.000000e+000
      vertex -2.687047e+001  1.165451e+001  3.000000e+000
      vertex -2.614601e+001  1.267744e+001  1.750000e+000
    endloop
  endfacet
  facet normal  5.311322e-001  4.602275e-001  7.113996e-001
    outer loop
      vertex -2.647219e+001  1.305388e+001  1.750000e+000
      vertex -2.734550e+001  1.212953e+001  3.000000e+000
      vertex -2.614601e+001  1.267744e+001  1.750000e+000
    endloop
  endfacet
  facet normal  2.346188e-001  6.705022e-001  7.038330e-001
    outer loop
      vertex -2.630165e+001  1.129709e+001  3.000000e+000
      vertex -2.566756e+001  1.107522e+001  3.000000e+000
      vertex -2.572698e+001  1.240814e+001  1.750000e+000
    endloop
  endfacet
  facet normal  3.829998e-001  5.959592e-001  7.057930e-001
    outer loop
      vertex -2.614601e+001  1.267744e+001  1.750000e+000
      vertex -2.630165e+001  1.129709e+001  3.000000e+000
      vertex -2.572698e+001  1.240814e+001  1.750000e+000
    endloop
  endfacet
  facet normal  3.759656e-001  5.983464e-001  7.075531e-001
    outer loop
      vertex -2.687047e+001  1.165451e+001  3.000000e+000
      vertex -2.630165e+001  1.129709e+001  3.000000e+000
      vertex -2.614601e+001  1.267744e+001  1.750000e+000
    endloop
  endfacet
  facet normal  7.974438e-002  7.077503e-001  7.019476e-001
    outer loop
      vertex -2.566756e+001  1.107522e+001  3.000000e+000
      vertex -2.500000e+001  1.100000e+001  3.000000e+000
      vertex -2.524905e+001  1.226781e+001  1.750000e+000
    endloop
  endfacet
  facet normal  1.982448e-001  6.751623e-001  7.105313e-001
    outer loop
      vertex -2.572698e+001  1.240814e+001  1.750000e+000
      vertex -2.566756e+001  1.107522e+001  3.000000e+000
      vertex -2.524905e+001  1.226781e+001  1.750000e+000
    endloop
  endfacet
  facet normal -7.974438e-002  7.077503e-001  7.019476e-001
    outer loop
      vertex -2.500000e+001  1.100000e+001  3.000000e+000
      vertex -2.433244e+001  1.107522e+001  3.000000e+000
      vertex -2.475095e+001  1.226781e+001  1.750000e+000
    endloop
  endfacet
  facet normal  0.000000e+000  7.020866e-001  7.120915e-001
    outer loop
      vertex -2.524905e+001  1.226781e+001  1.750000e+000
      vertex -2.500000e+001  1.100000e+001  3.000000e+000
      vertex -2.475095e+001  1.226781e+001  1.750000e+000
    endloop
  endfacet
  facet normal -2.346188e-001  6.705022e-001  7.038330e-001
    outer loop
      vertex -2.433244e+001  1.107522e+001  3.000000e+000
      vertex -2.369835e+001  1.129709e+001  3.000000e+000
      vertex -2.427302e+001  1.240814e+001  1.750000e+000
    endloop
  endfacet
  facet normal -1.982448e-001  6.751623e-001  7.105313e-001
    outer loop
      vertex -2.475095e+001  1.226781e+001  1.750000e+000
      vertex -2.433244e+001  1.107522e+001  3.000000e+000
      vertex -2.427302e+001  1.240814e+001  1.750000e+000
    endloop
  endfacet
  facet normal -5.028892e-001  5.028892e-001  7.029973e-001
    outer loop
      vertex -2.312953e+001  1.165451e+001  3.000000e+000
      vertex -2.265450e+001  1.212953e+001  3.000000e+000
      vertex -2.385399e+001  1.267744e+001  1.750000e+000
    endloop
  endfacet
  facet normal -3.819515e-001  5.943279e-001  7.077339e-001
    outer loop
      vertex -2.427302e+001  1.240814e+001  1.750000e+000
      vertex -2.312953e+001  1.165451e+001  3.000000e+000
      vertex -2.385399e+001  1.267744e+001  1.750000e+000
    endloop
  endfacet
  facet normal -3.767304e-001  5.995637e-001  7.061144e-001
    outer loop
      vertex -2.369835e+001  1.129709e+001  3.000000e+000
      vertex -2.312953e+001  1.165451e+001  3.000000e+000
      vertex -2.427302e+001  1.240814e+001  1.750000e+000
    endloop
  endfacet
  facet normal -6.032376e-001  3.790375e-001  7.017372e-001
    outer loop
      vertex -2.265450e+001  1.212953e+001  3.000000e+000
      vertex -2.229709e+001  1.269835e+001  3.000000e+000
      vertex -2.352781e+001  1.305388e+001  1.750000e+000
    endloop
  endfacet
  facet normal -5.311322e-001  4.602275e-001  7.113996e-001
    outer loop
      vertex -2.385399e+001  1.267744e+001  1.750000e+000
      vertex -2.265450e+001  1.212953e+001  3.000000e+000
      vertex -2.352781e+001  1.305388e+001  1.750000e+000
    endloop
  endfacet
  facet normal -6.718693e-001  2.350982e-001  7.023677e-001
    outer loop
      vertex -2.229709e+001  1.269835e+001  3.000000e+000
      vertex -2.207522e+001  1.333244e+001  3.000000e+000
      vertex -2.332089e+001  1.350697e+001  1.750000e+000
    endloop
  endfacet
  facet normal -6.387993e-001  2.917320e-001  7.119184e-001
    outer loop
      vertex -2.352781e+001  1.305388e+001  1.750000e+000
      vertex -2.229709e+001  1.269835e+001  3.000000e+000
      vertex -2.332089e+001  1.350697e+001  1.750000e+000
    endloop
  endfacet
  facet normal  6.977210e-001 -1.003163e-001  7.093109e-001
    outer loop
      vertex -2.667911e+001  1.449303e+001  1.750000e+000
      vertex -2.792478e+001  1.466756e+001  3.000000e+000
      vertex -2.675000e+001  1.400000e+001  1.750000e+000
    endloop
  endfacet
  facet normal  7.048731e-001 -7.942020e-002  7.048731e-001
    outer loop
      vertex -2.792478e+001  1.466756e+001  3.000000e+000
      vertex -2.800000e+001  1.400000e+001  3.000000e+000
      vertex -2.675000e+001  1.400000e+001  1.750000e+000
    endloop
  endfacet
  facet normal -7.048731e-001 -7.942020e-002  7.048731e-001
    outer loop
      vertex -2.200000e+001  1.400000e+001  3.000000e+000
      vertex -2.207522e+001  1.466756e+001  3.000000e+000
      vertex -2.325000e+001  1.400000e+001  1.750000e+000
    endloop
  endfacet
  facet normal -6.977210e-001 -1.003163e-001  7.093109e-001
    outer loop
      vertex -2.207522e+001  1.466756e+001  3.000000e+000
      vertex -2.332089e+001  1.449303e+001  1.750000e+000
      vertex -2.325000e+001  1.400000e+001  1.750000e+000
    endloop
  endfacet
  facet normal -6.718693e-001 -2.350982e-001  7.023677e-001
    outer loop
      vertex -2.207522e+001  1.466756e+001  3.000000e+000
      vertex -2.229709e+001  1.530165e+001  3.000000e+000
      vertex -2.332089e+001  1.449303e+001  1.750000e+000
    endloop
  endfacet
  facet normal -6.032376e-001 -3.790375e-001  7.017371e-001
    outer loop
      vertex -2.229709e+001  1.530165e+001  3.000000e+000
      vertex -2.265450e+001  1.587047e+001  3.000000e+000
      vertex -2.352781e+001  1.494612e+001  1.750000e+000
    endloop
  endfacet
  facet normal -6.387993e-001 -2.917320e-001  7.119184e-001
    outer loop
      vertex -2.332089e+001  1.449303e+001  1.750000e+000
      vertex -2.229709e+001  1.530165e+001  3.000000e+000
      vertex -2.352781e+001  1.494612e+001  1.750000e+000
    endloop
  endfacet
  facet normal -5.028895e-001 -5.028884e-001  7.029974e-001
    outer loop
      vertex -2.265450e+001  1.587047e+001  3.000000e+000
      vertex -2.312953e+001  1.634550e+001  3.000000e+000
      vertex -2.385399e+001  1.532256e+001  1.750000e+000
    endloop
  endfacet
  facet normal -5.311322e-001 -4.602275e-001  7.113996e-001
    outer loop
      vertex -2.352781e+001  1.494612e+001  1.750000e+000
      vertex -2.265450e+001  1.587047e+001  3.000000e+000
      vertex -2.385399e+001  1.532256e+001  1.750000e+000
    endloop
  endfacet
  facet normal -2.346197e-001 -6.705020e-001  7.038328e-001
    outer loop
      vertex -2.369835e+001  1.670291e+001  3.000000e+000
      vertex -2.433244e+001  1.692478e+001  3.000000e+000
      vertex -2.427302e+001  1.559186e+001  1.750000e+000
    endloop
  endfacet
  facet normal -3.830000e-001 -5.959595e-001  7.057927e-001
    outer loop
      vertex -2.385399e+001  1.532256e+001  1.750000e+000
      vertex -2.369835e+001  1.670291e+001  3.000000e+000
      vertex -2.427302e+001  1.559186e+001  1.750000e+000
    endloop
  endfacet
  facet normal -3.759640e-001 -5.983472e-001  7.075533e-001
    outer loop
      vertex -2.312953e+001  1.634550e+001  3.000000e+000
      vertex -2.369835e+001  1.670291e+001  3.000000e+000
      vertex -2.385399e+001  1.532256e+001  1.750000e+000
    endloop
  endfacet
  facet normal -7.974438e-002 -7.077503e-001  7.019476e-001
    outer loop
      vertex -2.433244e+001  1.692478e+001  3.000000e+000
      vertex -2.500000e+001  1.700000e+001  3.000000e+000
      vertex -2.475095e+001  1.573219e+001  1.750000e+000
    endloop
  endfacet
  facet normal -1.982448e-001 -6.751623e-001  7.105313e-001
    outer loop
      vertex -2.427302e+001  1.559186e+001  1.750000e+000
      vertex -2.433244e+001  1.692478e+001  3.000000e+000
      vertex -2.475095e+001  1.573219e+001  1.750000e+000
    endloop
  endfacet
  facet normal  7.974438e-002 -7.077503e-001  7.019476e-001
    outer loop
      vertex -2.500000e+001  1.700000e+001  3.000000e+000
      vertex -2.566756e+001  1.692478e+001  3.000000e+000
      vertex -2.524905e+001  1.573219e+001  1.750000e+000
    endloop
  endfacet
  facet normal  0.000000e+000 -7.020866e-001  7.120915e-001
    outer loop
      vertex -2.475095e+001  1.573219e+001  1.750000e+000
      vertex -2.500000e+001  1.700000e+001  3.000000e+000
      vertex -2.524905e+001  1.573219e+001  1.750000e+000
    endloop
  endfacet
  facet normal  2.346197e-001 -6.705020e-001  7.038328e-001
    outer loop
      vertex -2.566756e+001  1.692478e+001  3.000000e+000
      vertex -2.630165e+001  1.670291e+001  3.000000e+000
      vertex -2.572698e+001  1.559186e+001  1.750000e+000
    endloop
  endfacet
  facet normal  1.982448e-001 -6.751623e-001  7.105313e-001
    outer loop
      vertex -2.524905e+001  1.573219e+001  1.750000e+000
      vertex -2.566756e+001  1.692478e+001  3.000000e+000
      vertex -2.572698e+001  1.559186e+001  1.750000e+000
    endloop
  endfacet
  facet normal  5.028895e-001 -5.028884e-001  7.029974e-001
    outer loop
      vertex -2.687047e+001  1.634550e+001  3.000000e+000
      vertex -2.734550e+001  1.587047e+001  3.000000e+000
      vertex -2.614601e+001  1.532256e+001  1.750000e+000
    endloop
  endfacet
  facet normal  3.819514e-001 -5.943278e-001  7.077342e-001
    outer loop
      vertex -2.572698e+001  1.559186e+001  1.750000e+000
      vertex -2.687047e+001  1.634550e+001  3.000000e+000
      vertex -2.614601e+001  1.532256e+001  1.750000e+000
    endloop
  endfacet
  facet normal  3.767291e-001 -5.995647e-001  7.061143e-001
    outer loop
      vertex -2.630165e+001  1.670291e+001  3.000000e+000
      vertex -2.687047e+001  1.634550e+001  3.000000e+000
      vertex -2.572698e+001  1.559186e+001  1.750000e+000
    endloop
  endfacet
  facet normal  6.032376e-001 -3.790375e-001  7.017372e-001
    outer loop
      vertex -2.734550e+001  1.587047e+001  3.000000e+000
      vertex -2.770291e+001  1.530165e+001  3.000000e+000
      vertex -2.647219e+001  1.494612e+001  1.750000e+000
    endloop
  endfacet
  facet normal  5.311322e-001 -4.602275e-001  7.113996e-001
    outer loop
      vertex -2.614601e+001  1.532256e+001  1.750000e+000
      vertex -2.734550e+001  1.587047e+001  3.000000e+000
      vertex -2.647219e+001  1.494612e+001  1.750000e+000
    endloop
  endfacet
  facet normal  6.718693e-001 -2.350982e-001  7.023677e-001
    outer loop
      vertex -2.770291e+001  1.530165e+001  3.000000e+000
      vertex -2.792478e+001  1.466756e+001  3.000000e+000
      vertex -2.667911e+001  1.449303e+001  1.750000e+000
    endloop
  endfacet
  facet normal  6.387993e-001 -2.917320e-001  7.119184e-001
    outer loop
      vertex -2.647219e+001  1.494612e+001  1.750000e+000
      vertex -2.770291e+001  1.530165e+001  3.000000e+000
      vertex -2.667911e+001  1.449303e+001  1.750000e+000
    endloop
  endfacet
  facet normal  1.119646e-001 -9.937122e-001  0.000000e+000
    outer loop
      vertex -2.500000e+001 -1.100000e+001  3.000000e+000
      vertex -2.566756e+001 -1.107522e+001  4.000000e+000
      vertex -2.566756e+001 -1.107522e+001  3.000000e+000
    endloop
  endfacet
  facet normal  3.302790e-001 -9.438833e-001  0.000000e+000
    outer loop
      vertex -2.566756e+001 -1.107522e+001  3.000000e+000
      vertex -2.566756e+001 -1.107522e+001  4.000000e+000
      vertex -2.630165e+001 -1.129709e+001  4.000000e+000
    endloop
  endfacet
  facet normal  3.302790e-001 -9.438833e-001  0.000000e+000
    outer loop
      vertex -2.566756e+001 -1.107522e+001  3.000000e+000
      vertex -2.630165e+001 -1.129709e+001  4.000000e+000
      vertex -2.630165e+001 -1.129709e+001  3.000000e+000
    endloop
  endfacet
  facet normal  5.320317e-001 -8.467245e-001  0.000000e+000
    outer loop
      vertex -2.630165e+001 -1.129709e+001  3.000000e+000
      vertex -2.630165e+001 -1.129709e+001  4.000000e+000
      vertex -2.687047e+001 -1.165451e+001  4.000000e+000
    endloop
  endfacet
  facet normal  5.320317e-001 -8.467245e-001  0.000000e+000
    outer loop
      vertex -2.630165e+001 -1.129709e+001  3.000000e+000
      vertex -2.687047e+001 -1.165451e+001  4.000000e+000
      vertex -2.687047e+001 -1.165451e+001  3.000000e+000
    endloop
  endfacet
  facet normal  7.071068e-001 -7.071068e-001  0.000000e+000
    outer loop
      vertex -2.687047e+001 -1.165451e+001  3.000000e+000
      vertex -2.687047e+001 -1.165451e+001  4.000000e+000
      vertex -2.734550e+001 -1.212953e+001  4.000000e+000
    endloop
  endfacet
  facet normal  7.071068e-001 -7.071068e-001  0.000000e+000
    outer loop
      vertex -2.687047e+001 -1.165451e+001  3.000000e+000
      vertex -2.734550e+001 -1.212953e+001  4.000000e+000
      vertex -2.734550e+001 -1.212953e+001  3.000000e+000
    endloop
  endfacet
  facet normal  8.467253e-001 -5.320303e-001  0.000000e+000
    outer loop
      vertex -2.734550e+001 -1.212953e+001  3.000000e+000
      vertex -2.734550e+001 -1.212953e+001  4.000000e+000
      vertex -2.770291e+001 -1.269835e+001  4.000000e+000
    endloop
  endfacet
  facet normal  8.467253e-001 -5.320303e-001  0.000000e+000
    outer loop
      vertex -2.734550e+001 -1.212953e+001  3.000000e+000
      vertex -2.770291e+001 -1.269835e+001  4.000000e+000
      vertex -2.770291e+001 -1.269835e+001  3.000000e+000
    endloop
  endfacet
  facet normal  9.438829e-001 -3.302802e-001  0.000000e+000
    outer loop
      vertex -2.770291e+001 -1.269835e+001  3.000000e+000
      vertex -2.770291e+001 -1.269835e+001  4.000000e+000
      vertex -2.792478e+001 -1.333244e+001  4.000000e+000
    endloop
  endfacet
  facet normal  9.438829e-001 -3.302802e-001  0.000000e+000
    outer loop
      vertex -2.770291e+001 -1.269835e+001  3.000000e+000
      vertex -2.792478e+001 -1.333244e+001  4.000000e+000
      vertex -2.792478e+001 -1.333244e+001  3.000000e+000
    endloop
  endfacet
  facet normal  9.937122e-001 -1.119646e-001  0.000000e+000
    outer loop
      vertex -2.792478e+001 -1.333244e+001  3.000000e+000
      vertex -2.792478e+001 -1.333244e+001  4.000000e+000
      vertex -2.800000e+001 -1.400000e+001  4.000000e+000
    endloop
  endfacet
  facet normal  9.937122e-001 -1.119646e-001  0.000000e+000
    outer loop
      vertex -2.792478e+001 -1.333244e+001  3.000000e+000
      vertex -2.800000e+001 -1.400000e+001  4.000000e+000
      vertex -2.800000e+001 -1.400000e+001  3.000000e+000
    endloop
  endfacet
  facet normal  1.119646e-001 -9.937122e-001  0.000000e+000
    outer loop
      vertex -2.566756e+001 -1.107522e+001  4.000000e+000
      vertex -2.500000e+001 -1.100000e+001  3.000000e+000
      vertex -2.500000e+001 -1.100000e+001  4.000000e+000
    endloop
  endfacet
  facet normal -1.119646e-001 -9.937122e-001  -0.000000e+000
    outer loop
      vertex -2.500000e+001 -1.100000e+001  4.000000e+000
      vertex -2.500000e+001 -1.100000e+001  3.000000e+000
      vertex -2.433244e+001 -1.107522e+001  3.000000e+000
    endloop
  endfacet
  facet normal -1.119646e-001 -9.937122e-001  0.000000e+000
    outer loop
      vertex -2.500000e+001 -1.100000e+001  4.000000e+000
      vertex -2.433244e+001 -1.107522e+001  3.000000e+000
      vertex -2.433244e+001 -1.107522e+001  4.000000e+000
    endloop
  endfacet
  facet normal -3.302790e-001 -9.438833e-001  -0.000000e+000
    outer loop
      vertex -2.433244e+001 -1.107522e+001  4.000000e+000
      vertex -2.433244e+001 -1.107522e+001  3.000000e+000
      vertex -2.369835e+001 -1.129709e+001  3.000000e+000
    endloop
  endfacet
  facet normal -3.302790e-001 -9.438833e-001  0.000000e+000
    outer loop
      vertex -2.433244e+001 -1.107522e+001  4.000000e+000
      vertex -2.369835e+001 -1.129709e+001  3.000000e+000
      vertex -2.369835e+001 -1.129709e+001  4.000000e+000
    endloop
  endfacet
  facet normal -5.320317e-001 -8.467245e-001  -0.000000e+000
    outer loop
      vertex -2.369835e+001 -1.129709e+001  4.000000e+000
      vertex -2.369835e+001 -1.129709e+001  3.000000e+000
      vertex -2.312953e+001 -1.165451e+001  3.000000e+000
    endloop
  endfacet
  facet normal -5.320317e-001 -8.467245e-001  0.000000e+000
    outer loop
      vertex -2.369835e+001 -1.129709e+001  4.000000e+000
      vertex -2.312953e+001 -1.165451e+001  3.000000e+000
      vertex -2.312953e+001 -1.165451e+001  4.000000e+000
    endloop
  endfacet
  facet normal -7.071068e-001 -7.071068e-001  -0.000000e+000
    outer loop
      vertex -2.312953e+001 -1.165451e+001  4.000000e+000
      vertex -2.312953e+001 -1.165451e+001  3.000000e+000
      vertex -2.265450e+001 -1.212953e+001  3.000000e+000
    endloop
  endfacet
  facet normal -7.071068e-001 -7.071068e-001  0.000000e+000
    outer loop
      vertex -2.312953e+001 -1.165451e+001  4.000000e+000
      vertex -2.265450e+001 -1.212953e+001  3.000000e+000
      vertex -2.265450e+001 -1.212953e+001  4.000000e+000
    endloop
  endfacet
  facet normal -8.467253e-001 -5.320303e-001  -0.000000e+000
    outer loop
      vertex -2.265450e+001 -1.212953e+001  4.000000e+000
      vertex -2.265450e+001 -1.212953e+001  3.000000e+000
      vertex -2.229709e+001 -1.269835e+001  3.000000e+000
    endloop
  endfacet
  facet normal -8.467253e-001 -5.320303e-001  0.000000e+000
    outer loop
      vertex -2.265450e+001 -1.212953e+001  4.000000e+000
      vertex -2.229709e+001 -1.269835e+001  3.000000e+000
      vertex -2.229709e+001 -1.269835e+001  4.000000e+000
    endloop
  endfacet
  facet normal -9.438829e-001 -3.302802e-001  -0.000000e+000
    outer loop
      vertex -2.229709e+001 -1.269835e+001  4.000000e+000
      vertex -2.229709e+001 -1.269835e+001  3.000000e+000
      vertex -2.207522e+001 -1.333244e+001  3.000000e+000
    endloop
  endfacet
  facet normal -9.438829e-001 -3.302802e-001  0.000000e+000
    outer loop
      vertex -2.229709e+001 -1.269835e+001  4.000000e+000
      vertex -2.207522e+001 -1.333244e+001  3.000000e+000
      vertex -2.207522e+001 -1.333244e+001  4.000000e+000
    endloop
  endfacet
  facet normal -9.937122e-001 -1.119646e-001  -0.000000e+000
    outer loop
      vertex -2.207522e+001 -1.333244e+001  4.000000e+000
      vertex -2.207522e+001 -1.333244e+001  3.000000e+000
      vertex -2.200000e+001 -1.400000e+001  3.000000e+000
    endloop
  endfacet
  facet normal -9.937122e-001 -1.119646e-001  0.000000e+000
    outer loop
      vertex -2.207522e+001 -1.333244e+001  4.000000e+000
      vertex -2.200000e+001 -1.400000e+001  3.000000e+000
      vertex -2.200000e+001 -1.400000e+001  4.000000e+000
    endloop
  endfacet
  facet normal -1.119646e-001  9.937122e-001  0.000000e+000
    outer loop
      vertex -2.500000e+001 -1.700000e+001  3.000000e+000
      vertex -2.433244e+001 -1.692478e+001  4.000000e+000
      vertex -2.433244e+001 -1.692478e+001  3.000000e+000
    endloop
  endfacet
  facet normal -3.302802e-001  9.438829e-001  0.000000e+000
    outer loop
      vertex -2.433244e+001 -1.692478e+001  3.000000e+000
      vertex -2.433244e+001 -1.692478e+001  4.000000e+000
      vertex -2.369835e+001 -1.670291e+001  4.000000e+000
    endloop
  endfacet
  facet normal -3.302802e-001  9.438829e-001  0.000000e+000
    outer loop
      vertex -2.433244e+001 -1.692478e+001  3.000000e+000
      vertex -2.369835e+001 -1.670291e+001  4.000000e+000
      vertex -2.369835e+001 -1.670291e+001  3.000000e+000
    endloop
  endfacet
  facet normal -5.320297e-001  8.467258e-001  0.000000e+000
    outer loop
      vertex -2.369835e+001 -1.670291e+001  3.000000e+000
      vertex -2.369835e+001 -1.670291e+001  4.000000e+000
      vertex -2.312953e+001 -1.634550e+001  4.000000e+000
    endloop
  endfacet
  facet normal -5.320297e-001  8.467258e-001  0.000000e+000
    outer loop
      vertex -2.369835e+001 -1.670291e+001  3.000000e+000
      vertex -2.312953e+001 -1.634550e+001  4.000000e+000
      vertex -2.312953e+001 -1.634550e+001  3.000000e+000
    endloop
  endfacet
  facet normal -7.071075e-001  7.071061e-001  0.000000e+000
    outer loop
      vertex -2.312953e+001 -1.634550e+001  3.000000e+000
      vertex -2.312953e+001 -1.634550e+001  4.000000e+000
      vertex -2.265450e+001 -1.587047e+001  4.000000e+000
    endloop
  endfacet
  facet normal -7.071075e-001  7.071061e-001  0.000000e+000
    outer loop
      vertex -2.312953e+001 -1.634550e+001  3.000000e+000
      vertex -2.265450e+001 -1.587047e+001  4.000000e+000
      vertex -2.265450e+001 -1.587047e+001  3.000000e+000
    endloop
  endfacet
  facet normal -8.467253e-001  5.320303e-001  0.000000e+000
    outer loop
      vertex -2.265450e+001 -1.587047e+001  3.000000e+000
      vertex -2.265450e+001 -1.587047e+001  4.000000e+000
      vertex -2.229709e+001 -1.530165e+001  4.000000e+000
    endloop
  endfacet
  facet normal -8.467253e-001  5.320303e-001  0.000000e+000
    outer loop
      vertex -2.265450e+001 -1.587047e+001  3.000000e+000
      vertex -2.229709e+001 -1.530165e+001  4.000000e+000
      vertex -2.229709e+001 -1.530165e+001  3.000000e+000
    endloop
  endfacet
  facet normal -9.438829e-001  3.302802e-001  0.000000e+000
    outer loop
      vertex -2.229709e+001 -1.530165e+001  3.000000e+000
      vertex -2.229709e+001 -1.530165e+001  4.000000e+000
      vertex -2.207522e+001 -1.466756e+001  4.000000e+000
    endloop
  endfacet
  facet normal -9.438829e-001  3.302802e-001  0.000000e+000
    outer loop
      vertex -2.229709e+001 -1.530165e+001  3.000000e+000
      vertex -2.207522e+001 -1.466756e+001  4.000000e+000
      vertex -2.207522e+001 -1.466756e+001  3.000000e+000
    endloop
  endfacet
  facet normal -9.937122e-001  1.119646e-001  0.000000e+000
    outer loop
      vertex -2.207522e+001 -1.466756e+001  3.000000e+000
      vertex -2.207522e+001 -1.466756e+001  4.000000e+000
      vertex -2.200000e+001 -1.400000e+001  4.000000e+000
    endloop
  endfacet
  facet normal -9.937122e-001  1.119646e-001  0.000000e+000
    outer loop
      vertex -2.207522e+001 -1.466756e+001  3.000000e+000
      vertex -2.200000e+001 -1.400000e+001  4.000000e+000
      vertex -2.200000e+001 -1.400000e+001  3.000000e+000
    endloop
  endfacet
  facet normal -1.119646e-001  9.937122e-001  0.000000e+000
    outer loop
      vertex -2.433244e+001 -1.692478e+001  4.000000e+000
      vertex -2.500000e+001 -1.700000e+001  3.000000e+000
      vertex -2.500000e+001 -1.700000e+001  4.000000e+000
    endloop
  endfacet
  facet normal  1.119646e-001  9.937122e-001  0.000000e+000
    outer loop
      vertex -2.500000e+001 -1.700000e+001  4.000000e+000
      vertex -2.500000e+001 -1.700000e+001  3.000000e+000
      vertex -2.566756e+001 -1.692478e+001  3.000000e+000
    endloop
  endfacet
  facet normal  1.119646e-001  9.937122e-001  -0.000000e+000
    outer loop
      vertex -2.500000e+001 -1.700000e+001  4.000000e+000
      vertex -2.566756e+001 -1.692478e+001  3.000000e+000
      vertex -2.566756e+001 -1.692478e+001  4.000000e+000
    endloop
  endfacet
  facet normal  3.302802e-001  9.438829e-001  0.000000e+000
    outer loop
      vertex -2.566756e+001 -1.692478e+001  4.000000e+000
      vertex -2.566756e+001 -1.692478e+001  3.000000e+000
      vertex -2.630165e+001 -1.670291e+001  3.000000e+000
    endloop
  endfacet
  facet normal  3.302802e-001  9.438829e-001  -0.000000e+000
    outer loop
      vertex -2.566756e+001 -1.692478e+001  4.000000e+000
      vertex -2.630165e+001 -1.670291e+001  3.000000e+000
      vertex -2.630165e+001 -1.670291e+001  4.000000e+000
    endloop
  endfacet
  facet normal  5.320297e-001  8.467258e-001  0.000000e+000
    outer loop
      vertex -2.630165e+001 -1.670291e+001  4.000000e+000
      vertex -2.630165e+001 -1.670291e+001  3.000000e+000
      vertex -2.687047e+001 -1.634550e+001  3.000000e+000
    endloop
  endfacet
  facet normal  5.320297e-001  8.467258e-001  -0.000000e+000
    outer loop
      vertex -2.630165e+001 -1.670291e+001  4.000000e+000
      vertex -2.687047e+001 -1.634550e+001  3.000000e+000
      vertex -2.687047e+001 -1.634550e+001  4.000000e+000
    endloop
  endfacet
  facet normal  7.071075e-001  7.071061e-001  0.000000e+000
    outer loop
      vertex -2.687047e+001 -1.634550e+001  4.000000e+000
      vertex -2.687047e+001 -1.634550e+001  3.000000e+000
      vertex -2.734550e+001 -1.587047e+001  3.000000e+000
    endloop
  endfacet
  facet normal  7.071075e-001  7.071061e-001  -0.000000e+000
    outer loop
      vertex -2.687047e+001 -1.634550e+001  4.000000e+000
      vertex -2.734550e+001 -1.587047e+001  3.000000e+000
      vertex -2.734550e+001 -1.587047e+001  4.000000e+000
    endloop
  endfacet
  facet normal  8.467253e-001  5.320303e-001  0.000000e+000
    outer loop
      vertex -2.734550e+001 -1.587047e+001  4.000000e+000
      vertex -2.734550e+001 -1.587047e+001  3.000000e+000
      vertex -2.770291e+001 -1.530165e+001  3.000000e+000
    endloop
  endfacet
  facet normal  8.467253e-001  5.320303e-001  -0.000000e+000
    outer loop
      vertex -2.734550e+001 -1.587047e+001  4.000000e+000
      vertex -2.770291e+001 -1.530165e+001  3.000000e+000
      vertex -2.770291e+001 -1.530165e+001  4.000000e+000
    endloop
  endfacet
  facet normal  9.438829e-001  3.302802e-001  0.000000e+000
    outer loop
      vertex -2.770291e+001 -1.530165e+001  4.000000e+000
      vertex -2.770291e+001 -1.530165e+001  3.000000e+000
      vertex -2.792478e+001 -1.466756e+001  3.000000e+000
    endloop
  endfacet
  facet normal  9.438829e-001  3.302802e-001  -0.000000e+000
    outer loop
      vertex -2.770291e+001 -1.530165e+001  4.000000e+000
      vertex -2.792478e+001 -1.466756e+001  3.000000e+000
      vertex -2.792478e+001 -1.466756e+001  4.000000e+000
    endloop
  endfacet
  facet normal  9.937122e-001  1.119646e-001  0.000000e+000
    outer loop
      vertex -2.792478e+001 -1.466756e+001  4.000000e+000
      vertex -2.792478e+001 -1.466756e+001  3.000000e+000
      vertex -2.800000e+001 -1.400000e+001  3.000000e+000
    endloop
  endfacet
  facet normal  9.937122e-001  1.119646e-001  -0.000000e+000
    outer loop
      vertex -2.792478e+001 -1.466756e+001  4.000000e+000
      vertex -2.800000e+001 -1.400000e+001  3.000000e+000
      vertex -2.800000e+001 -1.400000e+001  4.000000e+000
    endloop
  endfacet
  facet normal -6.977210e-001  1.003163e-001  7.093109e-001
    outer loop
      vertex -2.332089e+001 -1.449303e+001  1.750000e+000
      vertex -2.207522e+001 -1.466756e+001  3.000000e+000
      vertex -2.325000e+001 -1.400000e+001  1.750000e+000
    endloop
  endfacet
  facet normal -7.048731e-001  7.942020e-002  7.048731e-001
    outer loop
      vertex -2.207522e+001 -1.466756e+001  3.000000e+000
      vertex -2.200000e+001 -1.400000e+001  3.000000e+000
      vertex -2.325000e+001 -1.400000e+001  1.750000e+000
    endloop
  endfacet
  facet normal  7.048731e-001  7.942020e-002  7.048731e-001
    outer loop
      vertex -2.800000e+001 -1.400000e+001  3.000000e+000
      vertex -2.792478e+001 -1.466756e+001  3.000000e+000
      vertex -2.675000e+001 -1.400000e+001  1.750000e+000
    endloop
  endfacet
  facet normal  6.977210e-001  1.003163e-001  7.093109e-001
    outer loop
      vertex -2.792478e+001 -1.466756e+001  3.000000e+000
      vertex -2.667911e+001 -1.449303e+001  1.750000e+000
      vertex -2.675000e+001 -1.400000e+001  1.750000e+000
    endloop
  endfacet
  facet normal  6.718693e-001  2.350982e-001  7.023677e-001
    outer loop
      vertex -2.792478e+001 -1.466756e+001  3.000000e+000
      vertex -2.770291e+001 -1.530165e+001  3.000000e+000
      vertex -2.667911e+001 -1.449303e+001  1.750000e+000
    endloop
  endfacet
  facet normal  6.032376e-001  3.790375e-001  7.017371e-001
    outer loop
      vertex -2.770291e+001 -1.530165e+001  3.000000e+000
      vertex -2.734550e+001 -1.587047e+001  3.000000e+000
      vertex -2.647219e+001 -1.494612e+001  1.750000e+000
    endloop
  endfacet
  facet normal  6.387993e-001  2.917320e-001  7.119184e-001
    outer loop
      vertex -2.667911e+001 -1.449303e+001  1.750000e+000
      vertex -2.770291e+001 -1.530165e+001  3.000000e+000
      vertex -2.647219e+001 -1.494612e+001  1.750000e+000
    endloop
  endfacet
  facet normal  5.028895e-001  5.028884e-001  7.029974e-001
    outer loop
      vertex -2.734550e+001 -1.587047e+001  3.000000e+000
      vertex -2.687047e+001 -1.634550e+001  3.000000e+000
      vertex -2.614601e+001 -1.532256e+001  1.750000e+000
    endloop
  endfacet
  facet normal  5.311322e-001  4.602275e-001  7.113996e-001
    outer loop
      vertex -2.647219e+001 -1.494612e+001  1.750000e+000
      vertex -2.734550e+001 -1.587047e+001  3.000000e+000
      vertex -2.614601e+001 -1.532256e+001  1.750000e+000
    endloop
  endfacet
  facet normal  2.346197e-001  6.705020e-001  7.038328e-001
    outer loop
      vertex -2.630165e+001 -1.670291e+001  3.000000e+000
      vertex -2.566756e+001 -1.692478e+001  3.000000e+000
      vertex -2.572698e+001 -1.559186e+001  1.750000e+000
    endloop
  endfacet
  facet normal  3.830000e-001  5.959595e-001  7.057927e-001
    outer loop
      vertex -2.614601e+001 -1.532256e+001  1.750000e+000
      vertex -2.630165e+001 -1.670291e+001  3.000000e+000
      vertex -2.572698e+001 -1.559186e+001  1.750000e+000
    endloop
  endfacet
  facet normal  3.759640e-001  5.983472e-001  7.075533e-001
    outer loop
      vertex -2.687047e+001 -1.634550e+001  3.000000e+000
      vertex -2.630165e+001 -1.670291e+001  3.000000e+000
      vertex -2.614601e+001 -1.532256e+001  1.750000e+000
    endloop
  endfacet
  facet normal  7.974438e-002  7.077503e-001  7.019476e-001
    outer loop
      vertex -2.566756e+001 -1.692478e+001  3.000000e+000
      vertex -2.500000e+001 -1.700000e+001  3.000000e+000
      vertex -2.524905e+001 -1.573219e+001  1.750000e+000
    endloop
  endfacet
  facet normal  1.982448e-001  6.751623e-001  7.105313e-001
    outer loop
      vertex -2.572698e+001 -1.559186e+001  1.750000e+000
      vertex -2.566756e+001 -1.692478e+001  3.000000e+000
      vertex -2.524905e+001 -1.573219e+001  1.750000e+000
    endloop
  endfacet
  facet normal -7.974438e-002  7.077503e-001  7.019476e-001
    outer loop
      vertex -2.500000e+001 -1.700000e+001  3.000000e+000
      vertex -2.433244e+001 -1.692478e+001  3.000000e+000
      vertex -2.475095e+001 -1.573219e+001  1.750000e+000
    endloop
  endfacet
  facet normal  0.000000e+000  7.020866e-001  7.120915e-001
    outer loop
      vertex -2.524905e+001 -1.573219e+001  1.750000e+000
      vertex -2.500000e+001 -1.700000e+001  3.000000e+000
      vertex -2.475095e+001 -1.573219e+001  1.750000e+000
    endloop
  endfacet
  facet normal -2.346197e-001  6.705020e-001  7.038328e-001
    outer loop
      vertex -2.433244e+001 -1.692478e+001  3.000000e+000
      vertex -2.369835e+001 -1.670291e+001  3.000000e+000
      vertex -2.427302e+001 -1.559186e+001  1.750000e+000
    endloop
  endfacet
  facet normal -1.982448e-001  6.751623e-001  7.105313e-001
    outer loop
      vertex -2.475095e+001 -1.573219e+001  1.750000e+000
      vertex -2.433244e+001 -1.692478e+001  3.000000e+000
      vertex -2.427302e+001 -1.559186e+001  1.750000e+000
    endloop
  endfacet
  facet normal -5.028895e-001  5.028884e-001  7.029974e-001
    outer loop
      vertex -2.312953e+001 -1.634550e+001  3.000000e+000
      vertex -2.265450e+001 -1.587047e+001  3.000000e+000
      vertex -2.385399e+001 -1.532256e+001  1.750000e+000
    endloop
  endfacet
  facet normal -3.819514e-001  5.943278e-001  7.077342e-001
    outer loop
      vertex -2.427302e+001 -1.559186e+001  1.750000e+000
      vertex -2.312953e+001 -1.634550e+001  3.000000e+000
      vertex -2.385399e+001 -1.532256e+001  1.750000e+000
    endloop
  endfacet
  facet normal -3.767291e-001  5.995647e-001  7.061143e-001
    outer loop
      vertex -2.369835e+001 -1.670291e+001  3.000000e+000
      vertex -2.312953e+001 -1.634550e+001  3.000000e+000
      vertex -2.427302e+001 -1.559186e+001  1.750000e+000
    endloop
  endfacet
  facet normal -6.032376e-001  3.790375e-001  7.017372e-001
    outer loop
      vertex -2.265450e+001 -1.587047e+001  3.000000e+000
      vertex -2.229709e+001 -1.530165e+001  3.000000e+000
      vertex -2.352781e+001 -1.494612e+001  1.750000e+000
    endloop
  endfacet
  facet normal -5.311322e-001  4.602275e-001  7.113996e-001
    outer loop
      vertex -2.385399e+001 -1.532256e+001  1.750000e+000
      vertex -2.265450e+001 -1.587047e+001  3.000000e+000
      vertex -2.352781e+001 -1.494612e+001  1.750000e+000
    endloop
  endfacet
  facet normal -6.718693e-001  2.350982e-001  7.023677e-001
    outer loop
      vertex -2.229709e+001 -1.530165e+001  3.000000e+000
      vertex -2.207522e+001 -1.466756e+001  3.000000e+000
      vertex -2.332089e+001 -1.449303e+001  1.750000e+000
    endloop
  endfacet
  facet normal -6.387993e-001  2.917320e-001  7.119184e-001
    outer loop
      vertex -2.352781e+001 -1.494612e+001  1.750000e+000
      vertex -2.229709e+001 -1.530165e+001  3.000000e+000
      vertex -2.332089e+001 -1.449303e+001  1.750000e+000
    endloop
  endfacet
  facet normal  6.977210e-001 -1.003163e-001  7.093109e-001
    outer loop
      vertex -2.667911e+001 -1.350697e+001  1.750000e+000
      vertex -2.792478e+001 -1.333244e+001  3.000000e+000
      vertex -2.675000e+001 -1.400000e+001  1.750000e+000
    endloop
  endfacet
  facet normal  7.048731e-001 -7.942020e-002  7.048731e-001
    outer loop
      vertex -2.792478e+001 -1.333244e+001  3.000000e+000
      vertex -2.800000e+001 -1.400000e+001  3.000000e+000
      vertex -2.675000e+001 -1.400000e+001  1.750000e+000
    endloop
  endfacet
  facet normal -7.048731e-001 -7.942020e-002  7.048731e-001
    outer loop
      vertex -2.200000e+001 -1.400000e+001  3.000000e+000
      vertex -2.207522e+001 -1.333244e+001  3.000000e+000
      vertex -2.325000e+001 -1.400000e+001  1.750000e+000
    endloop
  endfacet
  facet normal -6.977210e-001 -1.003163e-001  7.093109e-001
    outer loop
      vertex -2.207522e+001 -1.333244e+001  3.000000e+000
      vertex -2.332089e+001 -1.350697e+001  1.750000e+000
      vertex -2.325000e+001 -1.400000e+001  1.750000e+000
    endloop
  endfacet
  facet normal -6.718693e-001 -2.350982e-001  7.023677e-001
    outer loop
      vertex -2.207522e+001 -1.333244e+001  3.000000e+000
      vertex -2.229709e+001 -1.269835e+001  3.000000e+000
      vertex -2.332089e+001 -1.350697e+001  1.750000e+000
    endloop
  endfacet
  facet normal -6.032376e-001 -3.790375e-001  7.017371e-001
    outer loop
      vertex -2.229709e+001 -1.269835e+001  3.000000e+000
      vertex -2.265450e+001 -1.212953e+001  3.000000e+000
      vertex -2.352781e+001 -1.305388e+001  1.750000e+000
    endloop
  endfacet
  facet normal -6.387993e-001 -2.917320e-001  7.119184e-001
    outer loop
      vertex -2.332089e+001 -1.350697e+001  1.750000e+000
      vertex -2.229709e+001 -1.269835e+001  3.000000e+000
      vertex -2.352781e+001 -1.305388e+001  1.750000e+000
    endloop
  endfacet
  facet normal -5.028890e-001 -5.028890e-001  7.029973e-001
    outer loop
      vertex -2.265450e+001 -1.212953e+001  3.000000e+000
      vertex -2.312953e+001 -1.165451e+001  3.000000e+000
      vertex -2.385399e+001 -1.267744e+001  1.750000e+000
    endloop
  endfacet
  facet normal -5.311322e-001 -4.602275e-001  7.113996e-001
    outer loop
      vertex -2.352781e+001 -1.305388e+001  1.750000e+000
      vertex -2.265450e+001 -1.212953e+001  3.000000e+000
      vertex -2.385399e+001 -1.267744e+001  1.750000e+000
    endloop
  endfacet
  facet normal -2.346188e-001 -6.705022e-001  7.038330e-001
    outer loop
      vertex -2.369835e+001 -1.129709e+001  3.000000e+000
      vertex -2.433244e+001 -1.107522e+001  3.000000e+000
      vertex -2.427302e+001 -1.240814e+001  1.750000e+000
    endloop
  endfacet
  facet normal -3.829998e-001 -5.959592e-001  7.057930e-001
    outer loop
      vertex -2.385399e+001 -1.267744e+001  1.750000e+000
      vertex -2.369835e+001 -1.129709e+001  3.000000e+000
      vertex -2.427302e+001 -1.240814e+001  1.750000e+000
    endloop
  endfacet
  facet normal -3.759656e-001 -5.983464e-001  7.075531e-001
    outer loop
      vertex -2.312953e+001 -1.165451e+001  3.000000e+000
      vertex -2.369835e+001 -1.129709e+001  3.000000e+000
      vertex -2.385399e+001 -1.267744e+001  1.750000e+000
    endloop
  endfacet
  facet normal -7.974438e-002 -7.077503e-001  7.019476e-001
    outer loop
      vertex -2.433244e+001 -1.107522e+001  3.000000e+000
      vertex -2.500000e+001 -1.100000e+001  3.000000e+000
      vertex -2.475095e+001 -1.226781e+001  1.750000e+000
    endloop
  endfacet
  facet normal -1.982448e-001 -6.751623e-001  7.105313e-001
    outer loop
      vertex -2.427302e+001 -1.240814e+001  1.750000e+000
      vertex -2.433244e+001 -1.107522e+001  3.000000e+000
      vertex -2.475095e+001 -1.226781e+001  1.750000e+000
    endloop
  endfacet
  facet normal  7.974438e-002 -7.077503e-001  7.019476e-001
    outer loop
      vertex -2.500000e+001 -1.100000e+001  3.000000e+000
      vertex -2.566756e+001 -1.107522e+001  3.000000e+000
      vertex -2.524905e+001 -1.226781e+001  1.750000e+000
    endloop
  endfacet
  facet normal  0.000000e+000 -7.020866e-001  7.120915e-001
    outer loop
      vertex -2.475095e+001 -1.226781e+001  1.750000e+000
      vertex -2.500000e+001 -1.100000e+001  3.000000e+000
      vertex -2.524905e+001 -1.226781e+001  1.750000e+000
    endloop
  endfacet
  facet normal  2.346188e-001 -6.705022e-001  7.038330e-001
    outer loop
      vertex -2.566756e+001 -1.107522e+001  3.000000e+000
      vertex -2.630165e+001 -1.129709e+001  3.000000e+000
      vertex -2.572698e+001 -1.240814e+001  1.750000e+000
    endloop
  endfacet
  facet normal  1.982448e-001 -6.751623e-001  7.105313e-001
    outer loop
      vertex -2.524905e+001 -1.226781e+001  1.750000e+000
      vertex -2.566756e+001 -1.107522e+001  3.000000e+000
      vertex -2.572698e+001 -1.240814e+001  1.750000e+000
    endloop
  endfacet
  facet normal  5.028892e-001 -5.028892e-001  7.029973e-001
    outer loop
      vertex -2.687047e+001 -1.165451e+001  3.000000e+000
      vertex -2.734550e+001 -1.212953e+001  3.000000e+000
      vertex -2.614601e+001 -1.267744e+001  1.750000e+000
    endloop
  endfacet
  facet normal  3.819515e-001 -5.943279e-001  7.077339e-001
    outer loop
      vertex -2.572698e+001 -1.240814e+001  1.750000e+000
      vertex -2.687047e+001 -1.165451e+001  3.000000e+000
      vertex -2.614601e+001 -1.267744e+001  1.750000e+000
    endloop
  endfacet
  facet normal  3.767304e-001 -5.995637e-001  7.061144e-001
    outer loop
      vertex -2.630165e+001 -1.129709e+001  3.000000e+000
      vertex -2.687047e+001 -1.165451e+001  3.000000e+000
      vertex -2.572698e+001 -1.240814e+001  1.750000e+000
    endloop
  endfacet
  facet normal  6.032376e-001 -3.790375e-001  7.017372e-001
    outer loop
      vertex -2.734550e+001 -1.212953e+001  3.000000e+000
      vertex -2.770291e+001 -1.269835e+001  3.000000e+000
      vertex -2.647219e+001 -1.305388e+001  1.750000e+000
    endloop
  endfacet
  facet normal  5.311322e-001 -4.602275e-001  7.113996e-001
    outer loop
      vertex -2.614601e+001 -1.267744e+001  1.750000e+000
      vertex -2.734550e+001 -1.212953e+001  3.000000e+000
      vertex -2.647219e+001 -1.305388e+001  1.750000e+000
    endloop
  endfacet
  facet normal  6.718693e-001 -2.350982e-001  7.023677e-001
    outer loop
      vertex -2.770291e+001 -1.269835e+001  3.000000e+000
      vertex -2.792478e+001 -1.333244e+001  3.000000e+000
      vertex -2.667911e+001 -1.350697e+001  1.750000e+000
    endloop
  endfacet
  facet normal  6.387993e-001 -2.917320e-001  7.119184e-001
    outer loop
      vertex -2.647219e+001 -1.305388e+001  1.750000e+000
      vertex -2.770291e+001 -1.269835e+001  3.000000e+000
      vertex -2.667911e+001 -1.350697e+001  1.750000e+000
    endloop
  endfacet
  facet normal  0.000000e+000  0.000000e+000  9.999999e-001
    outer loop
      vertex  4.130940e+001 -1.455481e+001  4.000000e+000
      vertex  4.083590e+001 -6.084350e+000  4.000000e+000
      vertex  4.066812e+001 -1.541146e+001  4.000000e+000
    endloop
  endfacet
  facet normal  0.000000e+000  0.000000e+000  1.000000e+000
    outer loop
      vertex -2.500000e+001 -1.700000e+001  4.000000e+000
      vertex  2.207522e+001 -1.466756e+001  4.000000e+000
      vertex -2.433244e+001 -1.692478e+001  4.000000e+000
    endloop
  endfacet
  facet normal  -0.000000e+000  0.000000e+000  1.000000e+000
    outer loop
      vertex -4.250000e+001 -8.046739e+000  4.000000e+000
      vertex -4.250000e+001 -1.050000e+001  4.000000e+000
      vertex -4.242366e+001 -1.156736e+001  4.000000e+000
    endloop
  endfacet
  facet normal  0.000000e+000  0.000000e+000  1.000000e+000
    outer loop
      vertex  1.600000e+001 -1.450000e+001  4.000000e+000
      vertex  2.207522e+001 -1.466756e+001  4.000000e+000
      vertex  1.678036e+001 -1.442314e+001  4.000000e+000
    endloop
  endfacet
  facet normal  -0.000000e+000  0.000000e+000  1.000000e+000
    outer loop
      vertex -2.200000e+001  1.400000e+001  4.000000e+000
      vertex -2.207522e+001  1.333244e+001  4.000000e+000
      vertex -1.882843e+001  1.332843e+001  4.000000e+000
    endloop
  endfacet
  facet normal  0.000000e+000  -0.000000e+000  1.000000e+000
    outer loop
      vertex -2.200000e+001  1.400000e+001  4.000000e+000
      vertex -1.882843e+001  1.332843e+001  4.000000e+000
      vertex -1.822228e+001  1.382588e+001  4.000000e+000
    endloop
  endfacet
  facet normal  0.000000e+000  -0.000000e+000  1.000000e+000
    outer loop
      vertex -2.200000e+001  1.400000e+001  4.000000e+000
      vertex -1.822228e+001  1.382588e+001  4.000000e+000
      vertex -1.753073e+001  1.419552e+001  4.000000e+000
    endloop
  endfacet
  facet normal  0.000000e+000  -0.000000e+000  1.000000e+000
    outer loop
      vertex -2.200000e+001  1.400000e+001  4.000000e+000
      vertex -1.753073e+001  1.419552e+001  4.000000e+000
      vertex -1.678036e+001  1.442314e+001  4.000000e+000
    endloop
  endfacet
  facet normal  0.000000e+000  -0.000000e+000  1.000000e+000
    outer loop
      vertex -2.200000e+001  1.400000e+001  4.000000e+000
      vertex -1.678036e+001  1.442314e+001  4.000000e+000
      vertex -1.600000e+001  1.450000e+001  4.000000e+000
    endloop
  endfacet
  facet normal  0.000000e+000  0.000000e+000  1.000000e+000
    outer loop
      vertex -2.200000e+001  1.400000e+001  4.000000e+000
      vertex -1.600000e+001  1.450000e+001  4.000000e+000
      vertex -2.207522e+001  1.466756e+001  4.000000e+000
    endloop
  endfacet
  facet normal  0.000000e+000  0.000000e+000  1.000000e+000
    outer loop
      vertex  2.200000e+001  1.400000e+001  4.000000e+000
      vertex  2.207522e+001  1.466756e+001  4.000000e+000
      vertex  1.600000e+001  1.450000e+001  4.000000e+000
    endloop
  endfacet
  facet normal  0.000000e+000  0.000000e+000  1.000000e+000
    outer loop
      vertex  2.200000e+001  1.400000e+001  4.000000e+000
      vertex  1.600000e+001  1.450000e+001  4.000000e+000
      vertex  1.678036e+001  1.442314e+001  4.000000e+000
    endloop
  endfacet
  facet normal  0.000000e+000  0.000000e+000  1.000000e+000
    outer loop
      vertex  2.200000e+001  1.400000e+001  4.000000e+000
      vertex  1.678036e+001  1.442314e+001  4.000000e+000
      vertex  1.753073e+001  1.419552e+001  4.000000e+000
    endloop
  endfacet
  facet normal  0.000000e+000  0.000000e+000  1.000000e+000
    outer loop
      vertex  2.200000e+001  1.400000e+001  4.000000e+000
      vertex  1.753073e+001  1.419552e+001  4.000000e+000
      vertex  1.822228e+001  1.382588e+001  4.000000e+000
    endloop
  endfacet
  facet normal  -0.000000e+000  0.000000e+000  1.000000e+000
    outer loop
      vertex  2.200000e+001  1.400000e+001  4.000000e+000
      vertex  1.822228e+001  1.382588e+001  4.000000e+000
      vertex  1.882843e+001  1.332843e+001  4.000000e+000
    endloop
  endfacet
  facet normal  0.000000e+000  0.000000e+000  1.000000e+000
    outer loop
      vertex  2.200000e+001  1.400000e+001  4.000000e+000
      vertex  1.882843e+001  1.332843e+001  4.000000e+000
      vertex  2.207522e+001  1.333244e+001  4.000000e+000
    endloop
  endfacet
  facet normal  0.000000e+000  -0.000000e+000  1.000000e+000
    outer loop
      vertex -3.350000e+001  5.000000e+000  4.000000e+000
      vertex -2.950000e+001  5.000000e+000  4.000000e+000
      vertex -2.800000e+001  1.400000e+001  4.000000e+000
    endloop
  endfacet
  facet normal  0.000000e+000  0.000000e+000  1.000000e+000
    outer loop
      vertex -3.350000e+001  5.000000e+000  4.000000e+000
      vertex -2.800000e+001  1.400000e+001  4.000000e+000
      vertex -3.500000e+001  1.800000e+001  4.000000e+000
    endloop
  endfacet
  facet normal  0.000000e+000  0.000000e+000  1.000000e+000
    outer loop
      vertex -3.350000e+001  5.000000e+000  4.000000e+000
      vertex -3.500000e+001  1.800000e+001  4.000000e+000
      vertex -4.083590e+001  6.084350e+000  4.000000e+000
    endloop
  endfacet
  facet normal  0.000000e+000  0.000000e+000  1.000000e+000
    outer loop
      vertex -3.350000e+001  5.000000e+000  4.000000e+000
      vertex -4.083590e+001  6.084350e+000  4.000000e+000
      vertex -4.018721e+001  4.970824e+000  4.000000e+000
    endloop
  endfacet
  facet normal  -0.000000e+000  0.000000e+000  1.000000e+000
    outer loop
      vertex -3.350000e+001  5.000000e+000  4.000000e+000
      vertex -4.018721e+001  4.970824e+000  4.000000e+000
      vertex -3.350000e+001 -5.000000e+000  4.000000e+000
    endloop
  endfacet
  facet normal  0.000000e+000  0.000000e+000  1.000000e+000
    outer loop
      vertex -3.350000e+001 -5.000000e+000  4.000000e+000
      vertex -4.018721e+001  4.970824e+000  4.000000e+000
      vertex -3.967319e+001  3.789073e+000  4.000000e+000
    endloop
  endfacet
  facet normal  0.000000e+000  0.000000e+000  1.000000e+000
    outer loop
      vertex -3.350000e+001 -5.000000e+000  4.000000e+000
      vertex -3.967319e+001  3.789073e+000  4.000000e+000
      vertex -3.930092e+001  2.555316e+000  4.000000e+000
    endloop
  endfacet
  facet normal  0.000000e+000  0.000000e+000  9.999999e-001
    outer loop
      vertex -3.350000e+001 -5.000000e+000  4.000000e+000
      vertex -3.930092e+001  2.555316e+000  4.000000e+000
      vertex -3.907549e+001  1.286486e+000  4.000000e+000
    endloop
  endfacet
  facet normal  0.000000e+000  0.000000e+000  9.999999e-001
    outer loop
      vertex -3.350000e+001 -5.000000e+000  4.000000e+000
      vertex -3.907549e+001  1.286486e+000  4.000000e+000
      vertex -3.900000e+001 -2.694223e-015  4.000000e+000
    endloop
  endfacet
  facet normal  0.000000e+000  0.000000e+000  1.000000e+000
    outer loop
      vertex -3.350000e+001 -5.000000e+000  4.000000e+000
      vertex -3.900000e+001 -2.694223e-015  4.000000e+000
      vertex -3.907549e+001 -1.286486e+000  4.000000e+000
    endloop
  endfacet
  facet normal  0.000000e+000  0.000000e+000  1.000000e+000
    outer loop
      vertex -3.350000e+001 -5.000000e+000  4.000000e+000
      vertex -3.907549e+001 -1.286486e+000  4.000000e+000
      vertex -3.930092e+001 -2.555316e+000  4.000000e+000
    endloop
  endfacet
  facet normal  0.000000e+000  0.000000e+000  1.000000e+000
    outer loop
      vertex -3.350000e+001 -5.000000e+000  4.000000e+000
      vertex -3.930092e+001 -2.555316e+000  4.000000e+000
      vertex -3.967319e+001 -3.789073e+000  4.000000e+000
    endloop
  endfacet
  facet normal  0.000000e+000  0.000000e+000  9.999999e-001
    outer loop
      vertex -3.350000e+001 -5.000000e+000  4.000000e+000
      vertex -3.967319e+001 -3.789073e+000  4.000000e+000
      vertex -4.018721e+001 -4.970824e+000  4.000000e+000
    endloop
  endfacet
  facet normal  0.000000e+000  0.000000e+000  1.000000e+000
    outer loop
      vertex -3.350000e+001 -5.000000e+000  4.000000e+000
      vertex -4.018721e+001 -4.970824e+000  4.000000e+000
      vertex -4.083590e+001 -6.084350e+000  4.000000e+000
    endloop
  endfacet
  facet normal  -0.000000e+000  0.000000e+000  1.000000e+000
    outer loop
      vertex -3.350000e+001 -5.000000e+000  4.000000e+000
      vertex -4.083590e+001 -6.084350e+000  4.000000e+000
      vertex -3.500000e+001 -1.800000e+001  4.000000e+000
    endloop
  endfacet
  facet normal  0.000000e+000  0.000000e+000  1.000000e+000
    outer loop
      vertex -3.350000e+001 -5.000000e+000  4.000000e+000
      vertex -3.500000e+001 -1.800000e+001  4.000000e+000
      vertex -2.800000e+001 -1.400000e+001  4.000000e+000
    endloop
  endfacet
  facet normal  0.000000e+000  0.000000e+000  1.000000e+000
    outer loop
      vertex -3.350000e+001 -5.000000e+000  4.000000e+000
      vertex -2.800000e+001 -1.400000e+001  4.000000e+000
      vertex -2.950000e+001 -5.000000e+000  4.000000e+000
    endloop
  endfacet
  facet normal  0.000000e+000  -0.000000e+000  1.000000e+000
    outer loop
      vertex  3.350000e+001  5.000000e+000  4.000000e+000
      vertex  4.018721e+001  4.970824e+000  4.000000e+000
      vertex  4.083590e+001  6.084350e+000  4.000000e+000
    endloop
  endfacet
  facet normal  0.000000e+000  0.000000e+000  1.000000e+000
    outer loop
      vertex  3.350000e+001  5.000000e+000  4.000000e+000
      vertex  4.083590e+001  6.084350e+000  4.000000e+000
      vertex  4.066812e+001  1.541146e+001  4.000000e+000
    endloop
  endfacet
  facet normal  0.000000e+000  0.000000e+000  1.000000e+000
    outer loop
      vertex  3.350000e+001  5.000000e+000  4.000000e+000
      vertex  4.066812e+001  1.541146e+001  4.000000e+000
      vertex  3.991146e+001  1.616812e+001  4.000000e+000
    endloop
  endfacet
  facet normal  0.000000e+000  0.000000e+000  1.000000e+000
    outer loop
      vertex  3.350000e+001  5.000000e+000  4.000000e+000
      vertex  3.991146e+001  1.616812e+001  4.000000e+000
      vertex  3.905481e+001  1.680940e+001  4.000000e+000
    endloop
  endfacet
  facet normal  0.000000e+000  0.000000e+000  9.999999e-001
    outer loop
      vertex  3.350000e+001  5.000000e+000  4.000000e+000
      vertex  3.905481e+001  1.680940e+001  4.000000e+000
      vertex  3.811561e+001  1.732224e+001  4.000000e+000
    endloop
  endfacet
  facet normal  0.000000e+000  0.000000e+000  9.999999e-001
    outer loop
      vertex  3.350000e+001  5.000000e+000  4.000000e+000
      vertex  3.811561e+001  1.732224e+001  4.000000e+000
      vertex  3.711300e+001  1.769620e+001  4.000000e+000
    endloop
  endfacet
  facet normal  0.000000e+000  0.000000e+000  1.000000e+000
    outer loop
      vertex  3.350000e+001  5.000000e+000  4.000000e+000
      vertex  3.711300e+001  1.769620e+001  4.000000e+000
      vertex  3.606736e+001  1.792366e+001  4.000000e+000
    endloop
  endfacet
  facet normal  0.000000e+000  0.000000e+000  1.000000e+000
    outer loop
      vertex  3.350000e+001  5.000000e+000  4.000000e+000
      vertex  3.606736e+001  1.792366e+001  4.000000e+000
      vertex  3.500000e+001  1.800000e+001  4.000000e+000
    endloop
  endfacet
  facet normal  0.000000e+000  0.000000e+000  1.000000e+000
    outer loop
      vertex  3.350000e+001  5.000000e+000  4.000000e+000
      vertex  3.500000e+001  1.800000e+001  4.000000e+000
      vertex  2.800000e+001  1.400000e+001  4.000000e+000
    endloop
  endfacet
  facet normal  0.000000e+000  0.000000e+000  1.000000e+000
    outer loop
      vertex  3.350000e+001  5.000000e+000  4.000000e+000
      vertex  2.800000e+001  1.400000e+001  4.000000e+000
      vertex  2.950000e+001  5.000000e+000  4.000000e+000
    endloop
  endfacet
  facet normal  0.000000e+000  0.000000e+000  9.999999e-001
    outer loop
      vertex -1.600000e+001  1.450000e+001  4.000000e+000
      vertex -2.369835e+001  1.670291e+001  4.000000e+000
      vertex -2.312953e+001  1.634550e+001  4.000000e+000
    endloop
  endfacet
  facet normal  0.000000e+000  0.000000e+000  1.000000e+000
    outer loop
      vertex -1.600000e+001  1.450000e+001  4.000000e+000
      vertex -2.312953e+001  1.634550e+001  4.000000e+000
      vertex -2.265450e+001  1.587047e+001  4.000000e+000
    endloop
  endfacet
  facet normal  0.000000e+000  0.000000e+000  9.999999e-001
    outer loop
      vertex -1.600000e+001  1.450000e+001  4.000000e+000
      vertex -2.265450e+001  1.587047e+001  4.000000e+000
      vertex -2.229709e+001  1.530165e+001  4.000000e+000
    endloop
  endfacet
  facet normal  0.000000e+000  0.000000e+000  1.000000e+000
    outer loop
      vertex -1.600000e+001  1.450000e+001  4.000000e+000
      vertex -2.229709e+001  1.530165e+001  4.000000e+000
      vertex -2.207522e+001  1.466756e+001  4.000000e+000
    endloop
  endfacet
  facet normal  0.000000e+000  0.000000e+000  1.000000e+000
    outer loop
      vertex -1.600000e+001 -1.450000e+001  4.000000e+000
      vertex -1.678036e+001 -1.442314e+001  4.000000e+000
      vertex -2.207522e+001 -1.466756e+001  4.000000e+000
    endloop
  endfacet
  facet normal  -0.000000e+000  0.000000e+000  1.000000e+000
    outer loop
      vertex -1.600000e+001 -1.450000e+001  4.000000e+000
      vertex -2.207522e+001 -1.466756e+001  4.000000e+000
      vertex -2.229709e+001 -1.530165e+001  4.000000e+000
    endloop
  endfacet
  facet normal  -0.000000e+000  0.000000e+000  1.000000e+000
    outer loop
      vertex -1.600000e+001 -1.450000e+001  4.000000e+000
      vertex -2.229709e+001 -1.530165e+001  4.000000e+000
      vertex -2.265450e+001 -1.587047e+001  4.000000e+000
    endloop
  endfacet
  facet normal  -0.000000e+000  0.000000e+000  1.000000e+000
    outer loop
      vertex -1.600000e+001 -1.450000e+001  4.000000e+000
      vertex -2.265450e+001 -1.587047e+001  4.000000e+000
      vertex -2.312953e+001 -1.634550e+001  4.000000e+000
    endloop
  endfacet
  facet normal  -0.000000e+000  0.000000e+000  9.999999e-001
    outer loop
      vertex -1.600000e+001 -1.450000e+001  4.000000e+000
      vertex -2.312953e+001 -1.634550e+001  4.000000e+000
      vertex -2.369835e+001 -1.670291e+001  4.000000e+000
    endloop
  endfacet
  facet normal  -0.000000e+000  0.000000e+000  1.000000e+000
    outer loop
      vertex -1.600000e+001 -1.450000e+001  4.000000e+000
      vertex -2.369835e+001 -1.670291e+001  4.000000e+000
      vertex -2.433244e+001 -1.692478e+001  4.000000e+000
    endloop
  endfacet
  facet normal  0.000000e+000  0.000000e+000  9.999999e-001
    outer loop
      vertex -1.600000e+001 -1.450000e+001  4.000000e+000
      vertex -2.433244e+001 -1.692478e+001  4.000000e+000
      vertex  2.207522e+001 -1.466756e+001  4.000000e+000
    endloop
  endfacet
  facet normal  0.000000e+000  0.000000e+000  9.999999e-001
    outer loop
      vertex -1.600000e+001 -1.450000e+001  4.000000e+000
      vertex  2.207522e+001 -1.466756e+001  4.000000e+000
      vertex  1.600000e+001 -1.450000e+001  4.000000e+000
    endloop
  endfacet
  facet normal  0.000000e+000  -0.000000e+000  1.000000e+000
    outer loop
      vertex -3.500000e+001  1.800000e+001  4.000000e+000
      vertex -2.800000e+001  1.400000e+001  4.000000e+000
      vertex -2.792478e+001  1.466756e+001  4.000000e+000
    endloop
  endfacet
  facet normal  0.000000e+000  -0.000000e+000  1.000000e+000
    outer loop
      vertex -3.500000e+001  1.800000e+001  4.000000e+000
      vertex -2.792478e+001  1.466756e+001  4.000000e+000
      vertex -2.770291e+001  1.530165e+001  4.000000e+000
    endloop
  endfacet
  facet normal  0.000000e+000  -0.000000e+000  1.000000e+000
    outer loop
      vertex -3.500000e+001  1.800000e+001  4.000000e+000
      vertex -2.770291e+001  1.530165e+001  4.000000e+000
      vertex -2.734550e+001  1.587047e+001  4.000000e+000
    endloop
  endfacet
  facet normal  0.000000e+000  -0.000000e+000  1.000000e+000
    outer loop
      vertex -3.500000e+001  1.800000e+001  4.000000e+000
      vertex -2.734550e+001  1.587047e+001  4.000000e+000
      vertex -2.687047e+001  1.634550e+001  4.000000e+000
    endloop
  endfacet
  facet normal  0.000000e+000  -0.000000e+000  1.000000e+000
    outer loop
      vertex -3.500000e+001  1.800000e+001  4.000000e+000
      vertex -2.687047e+001  1.634550e+001  4.000000e+000
      vertex -2.630165e+001  1.670291e+001  4.000000e+000
    endloop
  endfacet
  facet normal  0.000000e+000  -0.000000e+000  1.000000e+000
    outer loop
      vertex -3.500000e+001  1.800000e+001  4.000000e+000
      vertex -2.630165e+001  1.670291e+001  4.000000e+000
      vertex -2.566756e+001  1.692478e+001  4.000000e+000
    endloop
  endfacet
  facet normal  0.000000e+000  -0.000000e+000  1.000000e+000
    outer loop
      vertex -3.500000e+001  1.800000e+001  4.000000e+000
      vertex -2.566756e+001  1.692478e+001  4.000000e+000
      vertex -2.500000e+001  1.700000e+001  4.000000e+000
    endloop
  endfacet
  facet normal  -0.000000e+000  -0.000000e+000  9.999999e-001
    outer loop
      vertex -3.500000e+001  1.800000e+001  4.000000e+000
      vertex -2.500000e+001  1.700000e+001  4.000000e+000
      vertex  2.433244e+001  1.692478e+001  4.000000e+000
    endloop
  endfacet
  facet normal  0.000000e+000  -0.000000e+000  1.000000e+000
    outer loop
      vertex -3.500000e+001  1.800000e+001  4.000000e+000
      vertex  2.433244e+001  1.692478e+001  4.000000e+000
      vertex  2.500000e+001  1.700000e+001  4.000000e+000
    endloop
  endfacet
  facet normal  -0.000000e+000  0.000000e+000  1.000000e+000
    outer loop
      vertex  3.500000e+001  1.800000e+001  4.000000e+000
      vertex -3.500000e+001  1.800000e+001  4.000000e+000
      vertex  2.500000e+001  1.700000e+001  4.000000e+000
    endloop
  endfacet
  facet normal  -0.000000e+000  0.000000e+000  1.000000e+000
    outer loop
      vertex  3.500000e+001  1.800000e+001  4.000000e+000
      vertex  2.500000e+001  1.700000e+001  4.000000e+000
      vertex  2.566756e+001  1.692478e+001  4.000000e+000
    endloop
  endfacet
  facet normal  -0.000000e+000  0.000000e+000  1.000000e+000
    outer loop
      vertex  3.500000e+001  1.800000e+001  4.000000e+000
      vertex  2.566756e+001  1.692478e+001  4.000000e+000
      vertex  2.630165e+001  1.670291e+001  4.000000e+000
    endloop
  endfacet
  facet normal  -0.000000e+000  0.000000e+000  1.000000e+000
    outer loop
      vertex  3.500000e+001  1.800000e+001  4.000000e+000
      vertex  2.630165e+001  1.670291e+001  4.000000e+000
      vertex  2.687047e+001  1.634550e+001  4.000000e+000
    endloop
  endfacet
  facet normal  -0.000000e+000  0.000000e+000  1.000000e+000
    outer loop
      vertex  3.500000e+001  1.800000e+001  4.000000e+000
      vertex  2.687047e+001  1.634550e+001  4.000000e+000
      vertex  2.734550e+001  1.587047e+001  4.000000e+000
    endloop
  endfacet
  facet normal  -0.000000e+000  0.000000e+000  1.000000e+000
    outer loop
      vertex  3.500000e+001  1.800000e+001  4.000000e+000
      vertex  2.734550e+001  1.587047e+001  4.000000e+000
      vertex  2.770291e+001  1.530165e+001  4.000000e+000
    endloop
  endfacet
  facet normal  -0.000000e+000  0.000000e+000  1.000000e+000
    outer loop
      vertex  3.500000e+001  1.800000e+001  4.000000e+000
      vertex  2.770291e+001  1.530165e+001  4.000000e+000
      vertex  2.792478e+001  1.466756e+001  4.000000e+000
    endloop
  endfacet
  facet normal  -0.000000e+000  0.000000e+000  1.000000e+000
    outer loop
      vertex  3.500000e+001  1.800000e+001  4.000000e+000
      vertex  2.792478e+001  1.466756e+001  4.000000e+000
      vertex  2.800000e+001  1.400000e+001  4.000000e+000
    endloop
  endfacet
  facet normal  0.000000e+000  0.000000e+000  1.000000e+000
    outer loop
      vertex  2.950000e+001 -5.000000e+000  4.000000e+000
      vertex  2.950000e+001  5.000000e+000  4.000000e+000
      vertex  2.500000e+001  1.100000e+001  4.000000e+000
    endloop
  endfacet
  facet normal  0.000000e+000  0.000000e+000  1.000000e+000
    outer loop
      vertex  2.950000e+001 -5.000000e+000  4.000000e+000
      vertex  2.500000e+001  1.100000e+001  4.000000e+000
      vertex  2.500000e+001 -1.100000e+001  4.000000e+000
    endloop
  endfacet
  facet normal  -0.000000e+000  0.000000e+000  1.000000e+000
    outer loop
      vertex  2.950000e+001 -5.000000e+000  4.000000e+000
      vertex  2.500000e+001 -1.100000e+001  4.000000e+000
      vertex  2.566756e+001 -1.107522e+001  4.000000e+000
    endloop
  endfacet
  facet normal  -0.000000e+000  0.000000e+000  1.000000e+000
    outer loop
      vertex  2.950000e+001 -5.000000e+000  4.000000e+000
      vertex  2.566756e+001 -1.107522e+001  4.000000e+000
      vertex  2.630165e+001 -1.129709e+001  4.000000e+000
    endloop
  endfacet
  facet normal  -0.000000e+000  0.000000e+000  1.000000e+000
    outer loop
      vertex  2.950000e+001 -5.000000e+000  4.000000e+000
      vertex  2.630165e+001 -1.129709e+001  4.000000e+000
      vertex  2.687047e+001 -1.165451e+001  4.000000e+000
    endloop
  endfacet
  facet normal  -0.000000e+000  0.000000e+000  1.000000e+000
    outer loop
      vertex  2.950000e+001 -5.000000e+000  4.000000e+000
      vertex  2.687047e+001 -1.165451e+001  4.000000e+000
      vertex  2.734550e+001 -1.212953e+001  4.000000e+000
    endloop
  endfacet
  facet normal  -0.000000e+000  0.000000e+000  1.000000e+000
    outer loop
      vertex  2.950000e+001 -5.000000e+000  4.000000e+000
      vertex  2.734550e+001 -1.212953e+001  4.000000e+000
      vertex  2.770291e+001 -1.269835e+001  4.000000e+000
    endloop
  endfacet
  facet normal  -0.000000e+000  0.000000e+000  9.999999e-001
    outer loop
      vertex  2.950000e+001 -5.000000e+000  4.000000e+000
      vertex  2.770291e+001 -1.269835e+001  4.000000e+000
      vertex  2.792478e+001 -1.333244e+001  4.000000e+000
    endloop
  endfacet
  facet normal  -0.000000e+000  0.000000e+000  1.000000e+000
    outer loop
      vertex  2.950000e+001 -5.000000e+000  4.000000e+000
      vertex  2.792478e+001 -1.333244e+001  4.000000e+000
      vertex  2.800000e+001 -1.400000e+001  4.000000e+000
    endloop
  endfacet
  facet normal  -0.000000e+000  0.000000e+000  1.000000e+000
    outer loop
      vertex  2.950000e+001 -5.000000e+000  4.000000e+000
      vertex  2.800000e+001 -1.400000e+001  4.000000e+000
      vertex  3.500000e+001 -1.800000e+001  4.000000e+000
    endloop
  endfacet
  facet normal  0.000000e+000  0.000000e+000  1.000000e+000
    outer loop
      vertex  2.950000e+001 -5.000000e+000  4.000000e+000
      vertex  3.500000e+001 -1.800000e+001  4.000000e+000
      vertex  3.350000e+001 -5.000000e+000  4.000000e+000
    endloop
  endfacet
  facet normal  0.000000e+000  -0.000000e+000  1.000000e+000
    outer loop
      vertex  3.350000e+001 -5.000000e+000  4.000000e+000
      vertex  3.500000e+001 -1.800000e+001  4.000000e+000
      vertex  3.606736e+001 -1.792366e+001  4.000000e+000
    endloop
  endfacet
  facet normal  0.000000e+000  -0.000000e+000  1.000000e+000
    outer loop
      vertex  3.350000e+001 -5.000000e+000  4.000000e+000
      vertex  3.606736e+001 -1.792366e+001  4.000000e+000
      vertex  3.711300e+001 -1.769620e+001  4.000000e+000
    endloop
  endfacet
  facet normal  0.000000e+000  -0.000000e+000  9.999999e-001
    outer loop
      vertex  3.350000e+001 -5.000000e+000  4.000000e+000
      vertex  3.711300e+001 -1.769620e+001  4.000000e+000
      vertex  3.811561e+001 -1.732224e+001  4.000000e+000
    endloop
  endfacet
  facet normal  0.000000e+000  -0.000000e+000  1.000000e+000
    outer loop
      vertex  3.350000e+001 -5.000000e+000  4.000000e+000
      vertex  3.811561e+001 -1.732224e+001  4.000000e+000
      vertex  3.905481e+001 -1.680940e+001  4.000000e+000
    endloop
  endfacet
  facet normal  0.000000e+000  -0.000000e+000  1.000000e+000
    outer loop
      vertex  3.350000e+001 -5.000000e+000  4.000000e+000
      vertex  3.905481e+001 -1.680940e+001  4.000000e+000
      vertex  3.991146e+001 -1.616812e+001  4.000000e+000
    endloop
  endfacet
  facet normal  0.000000e+000  -0.000000e+000  1.000000e+000
    outer loop
      vertex  3.350000e+001 -5.000000e+000  4.000000e+000
      vertex  3.991146e+001 -1.616812e+001  4.000000e+000
      vertex  4.066812e+001 -1.541146e+001  4.000000e+000
    endloop
  endfacet
  facet normal  0.000000e+000  -0.000000e+000  1.000000e+000
    outer loop
      vertex  3.350000e+001 -5.000000e+000  4.000000e+000
      vertex  4.066812e+001 -1.541146e+001  4.000000e+000
      vertex  4.083590e+001 -6.084350e+000  4.000000e+000
    endloop
  endfacet
  facet normal  0.000000e+000  0.000000e+000  1.000000e+000
    outer loop
      vertex  3.350000e+001 -5.000000e+000  4.000000e+000
      vertex  4.083590e+001 -6.084350e+000  4.000000e+000
      vertex  4.018721e+001 -4.970824e+000  4.000000e+000
    endloop
  endfacet
  facet normal  0.000000e+000  0.000000e+000  9.999999e-001
    outer loop
      vertex  3.350000e+001 -5.000000e+000  4.000000e+000
      vertex  4.018721e+001 -4.970824e+000  4.000000e+000
      vertex  3.967319e+001 -3.789073e+000  4.000000e+000
    endloop
  endfacet
  facet normal  0.000000e+000  0.000000e+000  1.000000e+000
    outer loop
      vertex  3.350000e+001 -5.000000e+000  4.000000e+000
      vertex  3.967319e+001 -3.789073e+000  4.000000e+000
      vertex  3.930092e+001 -2.555316e+000  4.000000e+000
    endloop
  endfacet
  facet normal  0.000000e+000  0.000000e+000  1.000000e+000
    outer loop
      vertex  3.350000e+001 -5.000000e+000  4.000000e+000
      vertex  3.930092e+001 -2.555316e+000  4.000000e+000
      vertex  3.907549e+001 -1.286486e+000  4.000000e+000
    endloop
  endfacet
  facet normal  0.000000e+000  0.000000e+000  1.000000e+000
    outer loop
      vertex  3.350000e+001 -5.000000e+000  4.000000e+000
      vertex  3.907549e+001 -1.286486e+000  4.000000e+000
      vertex  3.900000e+001  1.347111e-015  4.000000e+000
    endloop
  endfacet
  facet normal  0.000000e+000  -0.000000e+000  9.999999e-001
    outer loop
      vertex  3.350000e+001 -5.000000e+000  4.000000e+000
      vertex  3.900000e+001  1.347111e-015  4.000000e+000
      vertex  3.907549e+001  1.286486e+000  4.000000e+000
    endloop
  endfacet
  facet normal  0.000000e+000  -0.000000e+000  9.999999e-001
    outer loop
      vertex  3.350000e+001 -5.000000e+000  4.000000e+000
      vertex  3.907549e+001  1.286486e+000  4.000000e+000
      vertex  3.930092e+001  2.555316e+000  4.000000e+000
    endloop
  endfacet
  facet normal  0.000000e+000  -0.000000e+000  1.000000e+000
    outer loop
      vertex  3.350000e+001 -5.000000e+000  4.000000e+000
      vertex  3.930092e+001  2.555316e+000  4.000000e+000
      vertex  3.967319e+001  3.789073e+000  4.000000e+000
    endloop
  endfacet
  facet normal  0.000000e+000  -0.000000e+000  1.000000e+000
    outer loop
      vertex  3.350000e+001 -5.000000e+000  4.000000e+000
      vertex  3.967319e+001  3.789073e+000  4.000000e+000
      vertex  4.018721e+001  4.970824e+000  4.000000e+000
    endloop
  endfacet
  facet normal  0.000000e+000  0.000000e+000  1.000000e+000
    outer loop
      vertex  3.350000e+001 -5.000000e+000  4.000000e+000
      vertex  4.018721e+001  4.970824e+000  4.000000e+000
      vertex  3.350000e+001  5.000000e+000  4.000000e+000
    endloop
  endfacet
  facet normal  0.000000e+000  0.000000e+000  1.000000e+000
    outer loop
      vertex  2.950000e+001  5.000000e+000  4.000000e+000
      vertex  2.800000e+001  1.400000e+001  4.000000e+000
      vertex  2.792478e+001  1.333244e+001  4.000000e+000
    endloop
  endfacet
  facet normal  0.000000e+000  0.000000e+000  1.000000e+000
    outer loop
      vertex  2.950000e+001  5.000000e+000  4.000000e+000
      vertex  2.792478e+001  1.333244e+001  4.000000e+000
      vertex  2.770291e+001  1.269835e+001  4.000000e+000
    endloop
  endfacet
  facet normal  0.000000e+000  0.000000e+000  9.999999e-001
    outer loop
      vertex  2.950000e+001  5.000000e+000  4.000000e+000
      vertex  2.770291e+001  1.269835e+001  4.000000e+000
      vertex  2.734550e+001  1.212953e+001  4.000000e+000
    endloop
  endfacet
  facet normal  0.000000e+000  0.000000e+000  1.000000e+000
    outer loop
      vertex  2.950000e+001  5.000000e+000  4.000000e+000
      vertex  2.734550e+001  1.212953e+001  4.000000e+000
      vertex  2.687047e+001  1.165451e+001  4.000000e+000
    endloop
  endfacet
  facet normal  0.000000e+000  0.000000e+000  1.000000e+000
    outer loop
      vertex  2.950000e+001  5.000000e+000  4.000000e+000
      vertex  2.687047e+001  1.165451e+001  4.000000e+000
      vertex  2.630165e+001  1.129709e+001  4.000000e+000
    endloop
  endfacet
  facet normal  0.000000e+000  0.000000e+000  1.000000e+000
    outer loop
      vertex  2.950000e+001  5.000000e+000  4.000000e+000
      vertex  2.630165e+001  1.129709e+001  4.000000e+000
      vertex  2.566756e+001  1.107522e+001  4.000000e+000
    endloop
  endfacet
  facet normal  0.000000e+000  0.000000e+000  1.000000e+000
    outer loop
      vertex  2.950000e+001  5.000000e+000  4.000000e+000
      vertex  2.566756e+001  1.107522e+001  4.000000e+000
      vertex  2.500000e+001  1.100000e+001  4.000000e+000
    endloop
  endfacet
  facet normal  -0.000000e+000  -0.000000e+000  1.000000e+000
    outer loop
      vertex -2.433244e+001  1.692478e+001  4.000000e+000
      vertex -2.369835e+001  1.670291e+001  4.000000e+000
      vertex -1.600000e+001  1.450000e+001  4.000000e+000
    endloop
  endfacet
  facet normal  0.000000e+000  -0.000000e+000  9.999999e-001
    outer loop
      vertex -2.433244e+001  1.692478e+001  4.000000e+000
      vertex -1.600000e+001  1.450000e+001  4.000000e+000
      vertex  1.600000e+001  1.450000e+001  4.000000e+000
    endloop
  endfacet
  facet normal  0.000000e+000  -0.000000e+000  1.000000e+000
    outer loop
      vertex -2.433244e+001  1.692478e+001  4.000000e+000
      vertex  1.600000e+001  1.450000e+001  4.000000e+000
      vertex  2.207522e+001  1.466756e+001  4.000000e+000
    endloop
  endfacet
  facet normal  0.000000e+000  -0.000000e+000  1.000000e+000
    outer loop
      vertex -2.433244e+001  1.692478e+001  4.000000e+000
      vertex  2.207522e+001  1.466756e+001  4.000000e+000
      vertex  2.229709e+001  1.530165e+001  4.000000e+000
    endloop
  endfacet
  facet normal  0.000000e+000  -0.000000e+000  1.000000e+000
    outer loop
      vertex -2.433244e+001  1.692478e+001  4.000000e+000
      vertex  2.229709e+001  1.530165e+001  4.000000e+000
      vertex  2.265450e+001  1.587047e+001  4.000000e+000
    endloop
  endfacet
  facet normal  0.000000e+000  -0.000000e+000  1.000000e+000
    outer loop
      vertex -2.433244e+001  1.692478e+001  4.000000e+000
      vertex  2.265450e+001  1.587047e+001  4.000000e+000
      vertex  2.312953e+001  1.634550e+001  4.000000e+000
    endloop
  endfacet
  facet normal  0.000000e+000  -0.000000e+000  1.000000e+000
    outer loop
      vertex -2.433244e+001  1.692478e+001  4.000000e+000
      vertex  2.312953e+001  1.634550e+001  4.000000e+000
      vertex  2.369835e+001  1.670291e+001  4.000000e+000
    endloop
  endfacet
  facet normal  0.000000e+000  -0.000000e+000  1.000000e+000
    outer loop
      vertex -2.433244e+001  1.692478e+001  4.000000e+000
      vertex  2.369835e+001  1.670291e+001  4.000000e+000
      vertex  2.433244e+001  1.692478e+001  4.000000e+000
    endloop
  endfacet
  facet normal  0.000000e+000  0.000000e+000  1.000000e+000
    outer loop
      vertex -2.433244e+001  1.692478e+001  4.000000e+000
      vertex  2.433244e+001  1.692478e+001  4.000000e+000
      vertex -2.500000e+001  1.700000e+001  4.000000e+000
    endloop
  endfacet
  facet normal  0.000000e+000  0.000000e+000  1.000000e+000
    outer loop
      vertex  4.161038e+001 -7.114367e+000  4.000000e+000
      vertex  4.083590e+001 -6.084350e+000  4.000000e+000
      vertex  4.130940e+001 -1.455481e+001  4.000000e+000
    endloop
  endfacet
  facet normal  0.000000e+000  0.000000e+000  1.000000e+000
    outer loop
      vertex  4.161038e+001 -7.114367e+000  4.000000e+000
      vertex  4.130940e+001 -1.455481e+001  4.000000e+000
      vertex  4.182224e+001 -1.361561e+001  4.000000e+000
    endloop
  endfacet
  facet normal  0.000000e+000  -0.000000e+000  1.000000e+000
    outer loop
      vertex  4.161038e+001 -7.114367e+000  4.000000e+000
      vertex  4.182224e+001 -1.361561e+001  4.000000e+000
      vertex  4.219620e+001 -1.261299e+001  4.000000e+000
    endloop
  endfacet
  facet normal  0.000000e+000  -0.000000e+000  1.000000e+000
    outer loop
      vertex  4.161038e+001 -7.114367e+000  4.000000e+000
      vertex  4.219620e+001 -1.261299e+001  4.000000e+000
      vertex  4.242366e+001 -1.156736e+001  4.000000e+000
    endloop
  endfacet
  facet normal  0.000000e+000  -0.000000e+000  1.000000e+000
    outer loop
      vertex  4.161038e+001 -7.114367e+000  4.000000e+000
      vertex  4.242366e+001 -1.156736e+001  4.000000e+000
      vertex  4.250000e+001 -1.050000e+001  4.000000e+000
    endloop
  endfacet
  facet normal  0.000000e+000  -0.000000e+000  1.000000e+000
    outer loop
      vertex  4.161038e+001 -7.114367e+000  4.000000e+000
      vertex  4.250000e+001 -1.050000e+001  4.000000e+000
      vertex  4.250000e+001 -8.046739e+000  4.000000e+000
    endloop
  endfacet
  facet normal  0.000000e+000  0.000000e+000  1.000000e+000
    outer loop
      vertex -3.500000e+001 -1.800000e+001  4.000000e+000
      vertex  2.500000e+001 -1.700000e+001  4.000000e+000
      vertex  2.433244e+001 -1.692478e+001  4.000000e+000
    endloop
  endfacet
  facet normal  0.000000e+000  0.000000e+000  1.000000e+000
    outer loop
      vertex -3.500000e+001 -1.800000e+001  4.000000e+000
      vertex  2.433244e+001 -1.692478e+001  4.000000e+000
      vertex  2.369835e+001 -1.670291e+001  4.000000e+000
    endloop
  endfacet
  facet normal  0.000000e+000  0.000000e+000  1.000000e+000
    outer loop
      vertex -3.500000e+001 -1.800000e+001  4.000000e+000
      vertex  2.369835e+001 -1.670291e+001  4.000000e+000
      vertex  2.312953e+001 -1.634550e+001  4.000000e+000
    endloop
  endfacet
  facet normal  0.000000e+000  0.000000e+000  1.000000e+000
    outer loop
      vertex -3.500000e+001 -1.800000e+001  4.000000e+000
      vertex  2.312953e+001 -1.634550e+001  4.000000e+000
      vertex  2.265450e+001 -1.587047e+001  4.000000e+000
    endloop
  endfacet
  facet normal  0.000000e+000  0.000000e+000  1.000000e+000
    outer loop
      vertex -3.500000e+001 -1.800000e+001  4.000000e+000
      vertex  2.265450e+001 -1.587047e+001  4.000000e+000
      vertex  2.229709e+001 -1.530165e+001  4.000000e+000
    endloop
  endfacet
  facet normal  0.000000e+000  0.000000e+000  1.000000e+000
    outer loop
      vertex -3.500000e+001 -1.800000e+001  4.000000e+000
      vertex  2.229709e+001 -1.530165e+001  4.000000e+000
      vertex  2.207522e+001 -1.466756e+001  4.000000e+000
    endloop
  endfacet
  facet normal  0.000000e+000  0.000000e+000  1.000000e+000
    outer loop
      vertex -3.500000e+001 -1.800000e+001  4.000000e+000
      vertex  2.207522e+001 -1.466756e+001  4.000000e+000
      vertex -2.500000e+001 -1.700000e+001  4.000000e+000
    endloop
  endfacet
  facet normal  0.000000e+000  0.000000e+000  1.000000e+000
    outer loop
      vertex -3.500000e+001 -1.800000e+001  4.000000e+000
      vertex -2.500000e+001 -1.700000e+001  4.000000e+000
      vertex -2.566756e+001 -1.692478e+001  4.000000e+000
    endloop
  endfacet
  facet normal  0.000000e+000  0.000000e+000  1.000000e+000
    outer loop
      vertex -3.500000e+001 -1.800000e+001  4.000000e+000
      vertex -2.566756e+001 -1.692478e+001  4.000000e+000
      vertex -2.630165e+001 -1.670291e+001  4.000000e+000
    endloop
  endfacet
  facet normal  0.000000e+000  0.000000e+000  1.000000e+000
    outer loop
      vertex -3.500000e+001 -1.800000e+001  4.000000e+000
      vertex -2.630165e+001 -1.670291e+001  4.000000e+000
      vertex -2.687047e+001 -1.634550e+001  4.000000e+000
    endloop
  endfacet
  facet normal  0.000000e+000  0.000000e+000  1.000000e+000
    outer loop
      vertex -3.500000e+001 -1.800000e+001  4.000000e+000
      vertex -2.687047e+001 -1.634550e+001  4.000000e+000
      vertex -2.734550e+001 -1.587047e+001  4.000000e+000
    endloop
  endfacet
  facet normal  0.000000e+000  0.000000e+000  1.000000e+000
    outer loop
      vertex -3.500000e+001 -1.800000e+001  4.000000e+000
      vertex -2.734550e+001 -1.587047e+001  4.000000e+000
      vertex -2.770291e+001 -1.530165e+001  4.000000e+000
    endloop
  endfacet
  facet normal  0.000000e+000  0.000000e+000  1.000000e+000
    outer loop
      vertex -3.500000e+001 -1.800000e+001  4.000000e+000
      vertex -2.770291e+001 -1.530165e+001  4.000000e+000
      vertex -2.792478e+001 -1.466756e+001  4.000000e+000
    endloop
  endfacet
  facet normal  0.000000e+000  0.000000e+000  1.000000e+000
    outer loop
      vertex -3.500000e+001 -1.800000e+001  4.000000e+000
      vertex -2.792478e+001 -1.466756e+001  4.000000e+000
      vertex -2.800000e+001 -1.400000e+001  4.000000e+000
    endloop
  endfacet
  facet normal  0.000000e+000  0.000000e+000  1.000000e+000
    outer loop
      vertex  3.500000e+001 -1.800000e+001  4.000000e+000
      vertex  2.800000e+001 -1.400000e+001  4.000000e+000
      vertex  2.792478e+001 -1.466756e+001  4.000000e+000
    endloop
  endfacet
  facet normal  0.000000e+000  0.000000e+000  1.000000e+000
    outer loop
      vertex  3.500000e+001 -1.800000e+001  4.000000e+000
      vertex  2.792478e+001 -1.466756e+001  4.000000e+000
      vertex  2.770291e+001 -1.530165e+001  4.000000e+000
    endloop
  endfacet
  facet normal  0.000000e+000  0.000000e+000  1.000000e+000
    outer loop
      vertex  3.500000e+001 -1.800000e+001  4.000000e+000
      vertex  2.770291e+001 -1.530165e+001  4.000000e+000
      vertex  2.734550e+001 -1.587047e+001  4.000000e+000
    endloop
  endfacet
  facet normal  0.000000e+000  0.000000e+000  1.000000e+000
    outer loop
      vertex  3.500000e+001 -1.800000e+001  4.000000e+000
      vertex  2.734550e+001 -1.587047e+001  4.000000e+000
      vertex  2.687047e+001 -1.634550e+001  4.000000e+000
    endloop
  endfacet
  facet normal  0.000000e+000  0.000000e+000  1.000000e+000
    outer loop
      vertex  3.500000e+001 -1.800000e+001  4.000000e+000
      vertex  2.687047e+001 -1.634550e+001  4.000000e+000
      vertex  2.630165e+001 -1.670291e+001  4.000000e+000
    endloop
  endfacet
  facet normal  0.000000e+000  0.000000e+000  1.000000e+000
    outer loop
      vertex  3.500000e+001 -1.800000e+001  4.000000e+000
      vertex  2.630165e+001 -1.670291e+001  4.000000e+000
      vertex  2.566756e+001 -1.692478e+001  4.000000e+000
    endloop
  endfacet
  facet normal  0.000000e+000  0.000000e+000  1.000000e+000
    outer loop
      vertex  3.500000e+001 -1.800000e+001  4.000000e+000
      vertex  2.566756e+001 -1.692478e+001  4.000000e+000
      vertex  2.500000e+001 -1.700000e+001  4.000000e+000
    endloop
  endfacet
  facet normal  0.000000e+000  0.000000e+000  1.000000e+000
    outer loop
      vertex  3.500000e+001 -1.800000e+001  4.000000e+000
      vertex  2.500000e+001 -1.700000e+001  4.000000e+000
      vertex -3.500000e+001 -1.800000e+001  4.000000e+000
    endloop
  endfacet
  facet normal  -0.000000e+000  -0.000000e+000  9.999999e-001
    outer loop
      vertex -4.083590e+001 -6.084350e+000  4.000000e+000
      vertex -4.066812e+001 -1.541146e+001  4.000000e+000
      vertex -3.991146e+001 -1.616812e+001  4.000000e+000
    endloop
  endfacet
  facet normal  -0.000000e+000  -0.000000e+000  1.000000e+000
    outer loop
      vertex -4.083590e+001 -6.084350e+000  4.000000e+000
      vertex -3.991146e+001 -1.616812e+001  4.000000e+000
      vertex -3.905481e+001 -1.680940e+001  4.000000e+000
    endloop
  endfacet
  facet normal  -0.000000e+000  -0.000000e+000  1.000000e+000
    outer loop
      vertex -4.083590e+001 -6.084350e+000  4.000000e+000
      vertex -3.905481e+001 -1.680940e+001  4.000000e+000
      vertex -3.811561e+001 -1.732224e+001  4.000000e+000
    endloop
  endfacet
  facet normal  -0.000000e+000  -0.000000e+000  1.000000e+000
    outer loop
      vertex -4.083590e+001 -6.084350e+000  4.000000e+000
      vertex -3.811561e+001 -1.732224e+001  4.000000e+000
      vertex -3.711300e+001 -1.769620e+001  4.000000e+000
    endloop
  endfacet
  facet normal  -0.000000e+000  -0.000000e+000  1.000000e+000
    outer loop
      vertex -4.083590e+001 -6.084350e+000  4.000000e+000
      vertex -3.711300e+001 -1.769620e+001  4.000000e+000
      vertex -3.606736e+001 -1.792366e+001  4.000000e+000
    endloop
  endfacet
  facet normal  -0.000000e+000  -0.000000e+000  1.000000e+000
    outer loop
      vertex -4.083590e+001 -6.084350e+000  4.000000e+000
      vertex -3.606736e+001 -1.792366e+001  4.000000e+000
      vertex -3.500000e+001 -1.800000e+001  4.000000e+000
    endloop
  endfacet
  facet normal  0.000000e+000  -0.000000e+000  1.000000e+000
    outer loop
      vertex -2.950000e+001 -5.000000e+000  4.000000e+000
      vertex -2.800000e+001 -1.400000e+001  4.000000e+000
      vertex -2.792478e+001 -1.333244e+001  4.000000e+000
    endloop
  endfacet
  facet normal  0.000000e+000  -0.000000e+000  1.000000e+000
    outer loop
      vertex -2.950000e+001 -5.000000e+000  4.000000e+000
      vertex -2.792478e+001 -1.333244e+001  4.000000e+000
      vertex -2.770291e+001 -1.269835e+001  4.000000e+000
    endloop
  endfacet
  facet normal  0.000000e+000  -0.000000e+000  9.999999e-001
    outer loop
      vertex -2.950000e+001 -5.000000e+000  4.000000e+000
      vertex -2.770291e+001 -1.269835e+001  4.000000e+000
      vertex -2.734550e+001 -1.212953e+001  4.000000e+000
    endloop
  endfacet
  facet normal  0.000000e+000  -0.000000e+000  1.000000e+000
    outer loop
      vertex -2.950000e+001 -5.000000e+000  4.000000e+000
      vertex -2.734550e+001 -1.212953e+001  4.000000e+000
      vertex -2.687047e+001 -1.165451e+001  4.000000e+000
    endloop
  endfacet
  facet normal  0.000000e+000  -0.000000e+000  1.000000e+000
    outer loop
      vertex -2.950000e+001 -5.000000e+000  4.000000e+000
      vertex -2.687047e+001 -1.165451e+001  4.000000e+000
      vertex -2.630165e+001 -1.129709e+001  4.000000e+000
    endloop
  endfacet
  facet normal  0.000000e+000  -0.000000e+000  1.000000e+000
    outer loop
      vertex -2.950000e+001 -5.000000e+000  4.000000e+000
      vertex -2.630165e+001 -1.129709e+001  4.000000e+000
      vertex -2.566756e+001 -1.107522e+001  4.000000e+000
    endloop
  endfacet
  facet normal  0.000000e+000  -0.000000e+000  1.000000e+000
    outer loop
      vertex -2.950000e+001 -5.000000e+000  4.000000e+000
      vertex -2.566756e+001 -1.107522e+001  4.000000e+000
      vertex -2.500000e+001 -1.100000e+001  4.000000e+000
    endloop
  endfacet
  facet normal  0.000000e+000  -0.000000e+000  1.000000e+000
    outer loop
      vertex -2.950000e+001 -5.000000e+000  4.000000e+000
      vertex -2.500000e+001 -1.100000e+001  4.000000e+000
      vertex -2.500000e+001  1.100000e+001  4.000000e+000
    endloop
  endfacet
  facet normal  0.000000e+000  0.000000e+000  1.000000e+000
    outer loop
      vertex -2.950000e+001 -5.000000e+000  4.000000e+000
      vertex -2.500000e+001  1.100000e+001  4.000000e+000
      vertex -2.950000e+001  5.000000e+000  4.000000e+000
    endloop
  endfacet
  facet normal  0.000000e+000  0.000000e+000  1.000000e+000
    outer loop
      vertex -4.250000e+001  8.046739e+000  4.000000e+000
      vertex -4.182224e+001  1.361561e+001  4.000000e+000
      vertex -4.219620e+001  1.261299e+001  4.000000e+000
    endloop
  endfacet
  facet normal  0.000000e+000  0.000000e+000  1.000000e+000
    outer loop
      vertex -4.250000e+001  8.046739e+000  4.000000e+000
      vertex -4.219620e+001  1.261299e+001  4.000000e+000
      vertex -4.242366e+001  1.156736e+001  4.000000e+000
    endloop
  endfacet
  facet normal  0.000000e+000  0.000000e+000  1.000000e+000
    outer loop
      vertex -4.250000e+001  8.046739e+000  4.000000e+000
      vertex -4.242366e+001  1.156736e+001  4.000000e+000
      vertex -4.250000e+001  1.050000e+001  4.000000e+000
    endloop
  endfacet
  facet normal  0.000000e+000  0.000000e+000  1.000000e+000
    outer loop
      vertex -4.083590e+001  6.084350e+000  4.000000e+000
      vertex -3.500000e+001  1.800000e+001  4.000000e+000
      vertex -3.606736e+001  1.792366e+001  4.000000e+000
    endloop
  endfacet
  facet normal  0.000000e+000  0.000000e+000  1.000000e+000
    outer loop
      vertex -4.083590e+001  6.084350e+000  4.000000e+000
      vertex -3.606736e+001  1.792366e+001  4.000000e+000
      vertex -3.711300e+001  1.769620e+001  4.000000e+000
    endloop
  endfacet
  facet normal  0.000000e+000  0.000000e+000  1.000000e+000
    outer loop
      vertex -4.083590e+001  6.084350e+000  4.000000e+000
      vertex -3.711300e+001  1.769620e+001  4.000000e+000
      vertex -3.811561e+001  1.732224e+001  4.000000e+000
    endloop
  endfacet
  facet normal  0.000000e+000  0.000000e+000  1.000000e+000
    outer loop
      vertex -4.083590e+001  6.084350e+000  4.000000e+000
      vertex -3.811561e+001  1.732224e+001  4.000000e+000
      vertex -3.905481e+001  1.680940e+001  4.000000e+000
    endloop
  endfacet
  facet normal  0.000000e+000  0.000000e+000  1.000000e+000
    outer loop
      vertex -4.083590e+001  6.084350e+000  4.000000e+000
      vertex -3.905481e+001  1.680940e+001  4.000000e+000
      vertex -3.991146e+001  1.616812e+001  4.000000e+000
    endloop
  endfacet
  facet normal  0.000000e+000  0.000000e+000  9.999999e-001
    outer loop
      vertex -4.083590e+001  6.084350e+000  4.000000e+000
      vertex -3.991146e+001  1.616812e+001  4.000000e+000
      vertex -4.066812e+001  1.541146e+001  4.000000e+000
    endloop
  endfacet
  facet normal  0.000000e+000  0.000000e+000  1.000000e+000
    outer loop
      vertex -2.950000e+001  5.000000e+000  4.000000e+000
      vertex -2.500000e+001  1.100000e+001  4.000000e+000
      vertex -2.566756e+001  1.107522e+001  4.000000e+000
    endloop
  endfacet
  facet normal  0.000000e+000  0.000000e+000  1.000000e+000
    outer loop
      vertex -2.950000e+001  5.000000e+000  4.000000e+000
      vertex -2.566756e+001  1.107522e+001  4.000000e+000
      vertex -2.630165e+001  1.129709e+001  4.000000e+000
    endloop
  endfacet
  facet normal  0.000000e+000  0.000000e+000  1.000000e+000
    outer loop
      vertex -2.950000e+001  5.000000e+000  4.000000e+000
      vertex -2.630165e+001  1.129709e+001  4.000000e+000
      vertex -2.687047e+001  1.165451e+001  4.000000e+000
    endloop
  endfacet
  facet normal  0.000000e+000  0.000000e+000  1.000000e+000
    outer loop
      vertex -2.950000e+001  5.000000e+000  4.000000e+000
      vertex -2.687047e+001  1.165451e+001  4.000000e+000
      vertex -2.734550e+001  1.212953e+001  4.000000e+000
    endloop
  endfacet
  facet normal  0.000000e+000  0.000000e+000  1.000000e+000
    outer loop
      vertex -2.950000e+001  5.000000e+000  4.000000e+000
      vertex -2.734550e+001  1.212953e+001  4.000000e+000
      vertex -2.770291e+001  1.269835e+001  4.000000e+000
    endloop
  endfacet
  facet normal  0.000000e+000  0.000000e+000  9.999999e-001
    outer loop
      vertex -2.950000e+001  5.000000e+000  4.000000e+000
      vertex -2.770291e+001  1.269835e+001  4.000000e+000
      vertex -2.792478e+001  1.333244e+001  4.000000e+000
    endloop
  endfacet
  facet normal  0.000000e+000  0.000000e+000  1.000000e+000
    outer loop
      vertex -2.950000e+001  5.000000e+000  4.000000e+000
      vertex -2.792478e+001  1.333244e+001  4.000000e+000
      vertex -2.800000e+001  1.400000e+001  4.000000e+000
    endloop
  endfacet
  facet normal  0.000000e+000  -0.000000e+000  9.999999e-001
    outer loop
      vertex  4.066812e+001  1.541146e+001  4.000000e+000
      vertex  4.083590e+001  6.084350e+000  4.000000e+000
      vertex  4.130940e+001  1.455481e+001  4.000000e+000
    endloop
  endfacet
  facet normal  0.000000e+000  0.000000e+000  1.000000e+000
    outer loop
      vertex  4.130940e+001  1.455481e+001  4.000000e+000
      vertex  4.083590e+001  6.084350e+000  4.000000e+000
      vertex  4.161038e+001  7.114367e+000  4.000000e+000
    endloop
  endfacet
  facet normal  0.000000e+000  -0.000000e+000  1.000000e+000
    outer loop
      vertex  4.130940e+001  1.455481e+001  4.000000e+000
      vertex  4.161038e+001  7.114367e+000  4.000000e+000
      vertex  4.182224e+001  1.361561e+001  4.000000e+000
    endloop
  endfacet
  facet normal  0.000000e+000  0.000000e+000  1.000000e+000
    outer loop
      vertex  4.250000e+001  8.046739e+000  4.000000e+000
      vertex  4.250000e+001  1.050000e+001  4.000000e+000
      vertex  4.161038e+001  7.114367e+000  4.000000e+000
    endloop
  endfacet
  facet normal  0.000000e+000  0.000000e+000  1.000000e+000
    outer loop
      vertex  4.161038e+001  7.114367e+000  4.000000e+000
      vertex  4.250000e+001  1.050000e+001  4.000000e+000
      vertex  4.242366e+001  1.156736e+001  4.000000e+000
    endloop
  endfacet
  facet normal  0.000000e+000  0.000000e+000  1.000000e+000
    outer loop
      vertex  4.161038e+001  7.114367e+000  4.000000e+000
      vertex  4.242366e+001  1.156736e+001  4.000000e+000
      vertex  4.182224e+001  1.361561e+001  4.000000e+000
    endloop
  endfacet
  facet normal  0.000000e+000  0.000000e+000  1.000000e+000
    outer loop
      vertex  4.182224e+001  1.361561e+001  4.000000e+000
      vertex  4.242366e+001  1.156736e+001  4.000000e+000
      vertex  4.219620e+001  1.261299e+001  4.000000e+000
    endloop
  endfacet
  facet normal  0.000000e+000  0.000000e+000  9.999999e-001
    outer loop
      vertex -4.066812e+001 -1.541146e+001  4.000000e+000
      vertex -4.083590e+001 -6.084350e+000  4.000000e+000
      vertex -4.130940e+001 -1.455481e+001  4.000000e+000
    endloop
  endfacet
  facet normal  0.000000e+000  -0.000000e+000  1.000000e+000
    outer loop
      vertex -4.130940e+001 -1.455481e+001  4.000000e+000
      vertex -4.083590e+001 -6.084350e+000  4.000000e+000
      vertex -4.161038e+001 -7.114367e+000  4.000000e+000
    endloop
  endfacet
  facet normal  0.000000e+000  0.000000e+000  1.000000e+000
    outer loop
      vertex -4.130940e+001 -1.455481e+001  4.000000e+000
      vertex -4.161038e+001 -7.114367e+000  4.000000e+000
      vertex -4.182224e+001 -1.361561e+001  4.000000e+000
    endloop
  endfacet
  facet normal  0.000000e+000  -0.000000e+000  1.000000e+000
    outer loop
      vertex -4.182224e+001 -1.361561e+001  4.000000e+000
      vertex -4.161038e+001 -7.114367e+000  4.000000e+000
      vertex -4.250000e+001 -8.046739e+000  4.000000e+000
    endloop
  endfacet
  facet normal  0.000000e+000  0.000000e+000  1.000000e+000
    outer loop
      vertex -4.182224e+001 -1.361561e+001  4.000000e+000
      vertex -4.250000e+001 -8.046739e+000  4.000000e+000
      vertex -4.219620e+001 -1.261299e+001  4.000000e+000
    endloop
  endfacet
  facet normal  0.000000e+000  0.000000e+000  1.000000e+000
    outer loop
      vertex -4.219620e+001 -1.261299e+001  4.000000e+000
      vertex -4.250000e+001 -8.046739e+000  4.000000e+000
      vertex -4.242366e+001 -1.156736e+001  4.000000e+000
    endloop
  endfacet
  facet normal  0.000000e+000  0.000000e+000  9.999999e-001
    outer loop
      vertex -4.083590e+001  6.084350e+000  4.000000e+000
      vertex -4.066812e+001  1.541146e+001  4.000000e+000
      vertex -4.161038e+001  7.114367e+000  4.000000e+000
    endloop
  endfacet
  facet normal  0.000000e+000  0.000000e+000  1.000000e+000
    outer loop
      vertex -4.161038e+001  7.114367e+000  4.000000e+000
      vertex -4.066812e+001  1.541146e+001  4.000000e+000
      vertex -4.130940e+001  1.455481e+001  4.000000e+000
    endloop
  endfacet
  facet normal  0.000000e+000  0.000000e+000  1.000000e+000
    outer loop
      vertex -4.161038e+001  7.114367e+000  4.000000e+000
      vertex -4.130940e+001  1.455481e+001  4.000000e+000
      vertex -4.250000e+001  8.046739e+000  4.000000e+000
    endloop
  endfacet
  facet normal  0.000000e+000  0.000000e+000  1.000000e+000
    outer loop
      vertex -4.250000e+001  8.046739e+000  4.000000e+000
      vertex -4.130940e+001  1.455481e+001  4.000000e+000
      vertex -4.182224e+001  1.361561e+001  4.000000e+000
    endloop
  endfacet
  facet normal  0.000000e+000  0.000000e+000  1.000000e+000
    outer loop
      vertex -1.882843e+001  1.332843e+001  4.000000e+000
      vertex -2.207522e+001  1.333244e+001  4.000000e+000
      vertex -1.932588e+001  1.272228e+001  4.000000e+000
    endloop
  endfacet
  facet normal  0.000000e+000  0.000000e+000  9.999999e-001
    outer loop
      vertex -1.932588e+001  1.272228e+001  4.000000e+000
      vertex -2.207522e+001  1.333244e+001  4.000000e+000
      vertex -2.229709e+001  1.269835e+001  4.000000e+000
    endloop
  endfacet
  facet normal  -0.000000e+000  0.000000e+000  1.000000e+000
    outer loop
      vertex -1.932588e+001  1.272228e+001  4.000000e+000
      vertex -2.229709e+001  1.269835e+001  4.000000e+000
      vertex -1.969552e+001  1.203073e+001  4.000000e+000
    endloop
  endfacet
  facet normal  0.000000e+000  0.000000e+000  1.000000e+000
    outer loop
      vertex -1.969552e+001  1.203073e+001  4.000000e+000
      vertex -2.229709e+001  1.269835e+001  4.000000e+000
      vertex -2.265450e+001  1.212953e+001  4.000000e+000
    endloop
  endfacet
  facet normal  0.000000e+000  0.000000e+000  1.000000e+000
    outer loop
      vertex -1.969552e+001  1.203073e+001  4.000000e+000
      vertex -2.265450e+001  1.212953e+001  4.000000e+000
      vertex -1.992314e+001  1.128036e+001  4.000000e+000
    endloop
  endfacet
  facet normal  0.000000e+000  0.000000e+000  1.000000e+000
    outer loop
      vertex -1.992314e+001  1.128036e+001  4.000000e+000
      vertex -2.265450e+001  1.212953e+001  4.000000e+000
      vertex -2.312953e+001  1.165451e+001  4.000000e+000
    endloop
  endfacet
  facet normal  0.000000e+000  0.000000e+000  1.000000e+000
    outer loop
      vertex -1.992314e+001  1.128036e+001  4.000000e+000
      vertex -2.312953e+001  1.165451e+001  4.000000e+000
      vertex -2.369835e+001  1.129709e+001  4.000000e+000
    endloop
  endfacet
  facet normal  0.000000e+000  0.000000e+000  1.000000e+000
    outer loop
      vertex -1.992314e+001  1.128036e+001  4.000000e+000
      vertex -2.369835e+001  1.129709e+001  4.000000e+000
      vertex -2.000000e+001  1.050000e+001  4.000000e+000
    endloop
  endfacet
  facet normal  0.000000e+000  0.000000e+000  1.000000e+000
    outer loop
      vertex -2.000000e+001  1.050000e+001  4.000000e+000
      vertex -2.369835e+001  1.129709e+001  4.000000e+000
      vertex -2.433244e+001  1.107522e+001  4.000000e+000
    endloop
  endfacet
  facet normal  0.000000e+000  0.000000e+000  1.000000e+000
    outer loop
      vertex -2.000000e+001  1.050000e+001  4.000000e+000
      vertex -2.433244e+001  1.107522e+001  4.000000e+000
      vertex -2.500000e+001  1.100000e+001  4.000000e+000
    endloop
  endfacet
  facet normal  0.000000e+000  0.000000e+000  1.000000e+000
    outer loop
      vertex -2.000000e+001  1.050000e+001  4.000000e+000
      vertex -2.500000e+001  1.100000e+001  4.000000e+000
      vertex -2.000000e+001 -1.050000e+001  4.000000e+000
    endloop
  endfacet
  facet normal  0.000000e+000  0.000000e+000  9.999999e-001
    outer loop
      vertex -2.000000e+001 -1.050000e+001  4.000000e+000
      vertex -2.500000e+001  1.100000e+001  4.000000e+000
      vertex -2.500000e+001 -1.100000e+001  4.000000e+000
    endloop
  endfacet
  facet normal  -0.000000e+000  0.000000e+000  1.000000e+000
    outer loop
      vertex -2.000000e+001 -1.050000e+001  4.000000e+000
      vertex -2.500000e+001 -1.100000e+001  4.000000e+000
      vertex -1.992314e+001 -1.128036e+001  4.000000e+000
    endloop
  endfacet
  facet normal  0.000000e+000  0.000000e+000  1.000000e+000
    outer loop
      vertex -1.992314e+001 -1.128036e+001  4.000000e+000
      vertex -2.500000e+001 -1.100000e+001  4.000000e+000
      vertex -2.433244e+001 -1.107522e+001  4.000000e+000
    endloop
  endfacet
  facet normal  0.000000e+000  0.000000e+000  9.999999e-001
    outer loop
      vertex -1.992314e+001 -1.128036e+001  4.000000e+000
      vertex -2.433244e+001 -1.107522e+001  4.000000e+000
      vertex -2.369835e+001 -1.129709e+001  4.000000e+000
    endloop
  endfacet
  facet normal  -0.000000e+000  0.000000e+000  1.000000e+000
    outer loop
      vertex -1.992314e+001 -1.128036e+001  4.000000e+000
      vertex -2.369835e+001 -1.129709e+001  4.000000e+000
      vertex -1.969552e+001 -1.203073e+001  4.000000e+000
    endloop
  endfacet
  facet normal  0.000000e+000  0.000000e+000  1.000000e+000
    outer loop
      vertex -1.969552e+001 -1.203073e+001  4.000000e+000
      vertex -2.369835e+001 -1.129709e+001  4.000000e+000
      vertex -2.312953e+001 -1.165451e+001  4.000000e+000
    endloop
  endfacet
  facet normal  0.000000e+000  0.000000e+000  1.000000e+000
    outer loop
      vertex -1.969552e+001 -1.203073e+001  4.000000e+000
      vertex -2.312953e+001 -1.165451e+001  4.000000e+000
      vertex -2.265450e+001 -1.212953e+001  4.000000e+000
    endloop
  endfacet
  facet normal  -0.000000e+000  0.000000e+000  1.000000e+000
    outer loop
      vertex -1.969552e+001 -1.203073e+001  4.000000e+000
      vertex -2.265450e+001 -1.212953e+001  4.000000e+000
      vertex -1.932588e+001 -1.272228e+001  4.000000e+000
    endloop
  endfacet
  facet normal  0.000000e+000  0.000000e+000  1.000000e+000
    outer loop
      vertex -1.932588e+001 -1.272228e+001  4.000000e+000
      vertex -2.265450e+001 -1.212953e+001  4.000000e+000
      vertex -2.229709e+001 -1.269835e+001  4.000000e+000
    endloop
  endfacet
  facet normal  0.000000e+000  0.000000e+000  1.000000e+000
    outer loop
      vertex -1.932588e+001 -1.272228e+001  4.000000e+000
      vertex -2.229709e+001 -1.269835e+001  4.000000e+000
      vertex -1.882843e+001 -1.332843e+001  4.000000e+000
    endloop
  endfacet
  facet normal  0.000000e+000  0.000000e+000  1.000000e+000
    outer loop
      vertex -1.882843e+001 -1.332843e+001  4.000000e+000
      vertex -2.229709e+001 -1.269835e+001  4.000000e+000
      vertex -2.207522e+001 -1.333244e+001  4.000000e+000
    endloop
  endfacet
  facet normal  -0.000000e+000  0.000000e+000  9.999999e-001
    outer loop
      vertex -1.882843e+001 -1.332843e+001  4.000000e+000
      vertex -2.207522e+001 -1.333244e+001  4.000000e+000
      vertex -1.822228e+001 -1.382588e+001  4.000000e+000
    endloop
  endfacet
  facet normal  0.000000e+000  0.000000e+000  1.000000e+000
    outer loop
      vertex -1.822228e+001 -1.382588e+001  4.000000e+000
      vertex -2.207522e+001 -1.333244e+001  4.000000e+000
      vertex -2.200000e+001 -1.400000e+001  4.000000e+000
    endloop
  endfacet
  facet normal  -0.000000e+000  0.000000e+000  1.000000e+000
    outer loop
      vertex -1.822228e+001 -1.382588e+001  4.000000e+000
      vertex -2.200000e+001 -1.400000e+001  4.000000e+000
      vertex -1.753073e+001 -1.419552e+001  4.000000e+000
    endloop
  endfacet
  facet normal  0.000000e+000  0.000000e+000  1.000000e+000
    outer loop
      vertex -1.753073e+001 -1.419552e+001  4.000000e+000
      vertex -2.200000e+001 -1.400000e+001  4.000000e+000
      vertex -2.207522e+001 -1.466756e+001  4.000000e+000
    endloop
  endfacet
  facet normal  0.000000e+000  0.000000e+000  1.000000e+000
    outer loop
      vertex -1.753073e+001 -1.419552e+001  4.000000e+000
      vertex -2.207522e+001 -1.466756e+001  4.000000e+000
      vertex -1.678036e+001 -1.442314e+001  4.000000e+000
    endloop
  endfacet
  facet normal  -0.000000e+000  0.000000e+000  1.000000e+000
    outer loop
      vertex  2.207522e+001  1.333244e+001  4.000000e+000
      vertex  1.882843e+001  1.332843e+001  4.000000e+000
      vertex  2.229709e+001  1.269835e+001  4.000000e+000
    endloop
  endfacet
  facet normal  0.000000e+000  0.000000e+000  1.000000e+000
    outer loop
      vertex  2.229709e+001  1.269835e+001  4.000000e+000
      vertex  1.882843e+001  1.332843e+001  4.000000e+000
      vertex  1.932588e+001  1.272228e+001  4.000000e+000
    endloop
  endfacet
  facet normal  0.000000e+000  0.000000e+000  1.000000e+000
    outer loop
      vertex  2.229709e+001  1.269835e+001  4.000000e+000
      vertex  1.932588e+001  1.272228e+001  4.000000e+000
      vertex  2.265450e+001  1.212953e+001  4.000000e+000
    endloop
  endfacet
  facet normal  0.000000e+000  0.000000e+000  1.000000e+000
    outer loop
      vertex  2.265450e+001  1.212953e+001  4.000000e+000
      vertex  1.932588e+001  1.272228e+001  4.000000e+000
      vertex  1.969552e+001  1.203073e+001  4.000000e+000
    endloop
  endfacet
  facet normal  -0.000000e+000  0.000000e+000  1.000000e+000
    outer loop
      vertex  2.265450e+001  1.212953e+001  4.000000e+000
      vertex  1.969552e+001  1.203073e+001  4.000000e+000
      vertex  2.312953e+001  1.165451e+001  4.000000e+000
    endloop
  endfacet
  facet normal  0.000000e+000  0.000000e+000  1.000000e+000
    outer loop
      vertex  2.312953e+001  1.165451e+001  4.000000e+000
      vertex  1.969552e+001  1.203073e+001  4.000000e+000
      vertex  1.992314e+001  1.128036e+001  4.000000e+000
    endloop
  endfacet
  facet normal  0.000000e+000  0.000000e+000  1.000000e+000
    outer loop
      vertex  2.312953e+001  1.165451e+001  4.000000e+000
      vertex  1.992314e+001  1.128036e+001  4.000000e+000
      vertex  2.369835e+001  1.129709e+001  4.000000e+000
    endloop
  endfacet
  facet normal  -0.000000e+000  0.000000e+000  9.999999e-001
    outer loop
      vertex  2.369835e+001  1.129709e+001  4.000000e+000
      vertex  1.992314e+001  1.128036e+001  4.000000e+000
      vertex  2.433244e+001  1.107522e+001  4.000000e+000
    endloop
  endfacet
  facet normal  0.000000e+000  0.000000e+000  1.000000e+000
    outer loop
      vertex  2.433244e+001  1.107522e+001  4.000000e+000
      vertex  1.992314e+001  1.128036e+001  4.000000e+000
      vertex  2.000000e+001  1.050000e+001  4.000000e+000
    endloop
  endfacet
  facet normal  0.000000e+000  0.000000e+000  1.000000e+000
    outer loop
      vertex  2.433244e+001  1.107522e+001  4.000000e+000
      vertex  2.000000e+001  1.050000e+001  4.000000e+000
      vertex  2.500000e+001  1.100000e+001  4.000000e+000
    endloop
  endfacet
  facet normal  -0.000000e+000  0.000000e+000  9.999999e-001
    outer loop
      vertex  2.500000e+001  1.100000e+001  4.000000e+000
      vertex  2.000000e+001  1.050000e+001  4.000000e+000
      vertex  2.500000e+001 -1.100000e+001  4.000000e+000
    endloop
  endfacet
  facet normal  0.000000e+000  0.000000e+000  1.000000e+000
    outer loop
      vertex  2.500000e+001 -1.100000e+001  4.000000e+000
      vertex  2.000000e+001  1.050000e+001  4.000000e+000
      vertex  2.000000e+001 -1.050000e+001  4.000000e+000
    endloop
  endfacet
  facet normal  0.000000e+000  0.000000e+000  1.000000e+000
    outer loop
      vertex  2.500000e+001 -1.100000e+001  4.000000e+000
      vertex  2.000000e+001 -1.050000e+001  4.000000e+000
      vertex  2.433244e+001 -1.107522e+001  4.000000e+000
    endloop
  endfacet
  facet normal  0.000000e+000  0.000000e+000  1.000000e+000
    outer loop
      vertex  2.433244e+001 -1.107522e+001  4.000000e+000
      vertex  2.000000e+001 -1.050000e+001  4.000000e+000
      vertex  1.992314e+001 -1.128036e+001  4.000000e+000
    endloop
  endfacet
  facet normal  -0.000000e+000  0.000000e+000  9.999999e-001
    outer loop
      vertex  2.433244e+001 -1.107522e+001  4.000000e+000
      vertex  1.992314e+001 -1.128036e+001  4.000000e+000
      vertex  2.369835e+001 -1.129709e+001  4.000000e+000
    endloop
  endfacet
  facet normal  0.000000e+000  0.000000e+000  1.000000e+000
    outer loop
      vertex  2.369835e+001 -1.129709e+001  4.000000e+000
      vertex  1.992314e+001 -1.128036e+001  4.000000e+000
      vertex  2.312953e+001 -1.165451e+001  4.000000e+000
    endloop
  endfacet
  facet normal  0.000000e+000  0.000000e+000  1.000000e+000
    outer loop
      vertex  2.312953e+001 -1.165451e+001  4.000000e+000
      vertex  1.992314e+001 -1.128036e+001  4.000000e+000
      vertex  1.969552e+001 -1.203073e+001  4.000000e+000
    endloop
  endfacet
  facet normal  -0.000000e+000  0.000000e+000  1.000000e+000
    outer loop
      vertex  2.312953e+001 -1.165451e+001  4.000000e+000
      vertex  1.969552e+001 -1.203073e+001  4.000000e+000
      vertex  2.265450e+001 -1.212953e+001  4.000000e+000
    endloop
  endfacet
  facet normal  0.000000e+000  0.000000e+000  1.000000e+000
    outer loop
      vertex  2.265450e+001 -1.212953e+001  4.000000e+000
      vertex  1.969552e+001 -1.203073e+001  4.000000e+000
      vertex  2.229709e+001 -1.269835e+001  4.000000e+000
    endloop
  endfacet
  facet normal  0.000000e+000  0.000000e+000  1.000000e+000
    outer loop
      vertex  2.229709e+001 -1.269835e+001  4.000000e+000
      vertex  1.969552e+001 -1.203073e+001  4.000000e+000
      vertex  1.932588e+001 -1.272228e+001  4.000000e+000
    endloop
  endfacet
  facet normal  -0.000000e+000  0.000000e+000  9.999999e-001
    outer loop
      vertex  2.229709e+001 -1.269835e+001  4.000000e+000
      vertex  1.932588e+001 -1.272228e+001  4.000000e+000
      vertex  2.207522e+001 -1.333244e+001  4.000000e+000
    endloop
  endfacet
  facet normal  0.000000e+000  0.000000e+000  1.000000e+000
    outer loop
      vertex  2.207522e+001 -1.333244e+001  4.000000e+000
      vertex  1.932588e+001 -1.272228e+001  4.000000e+000
      vertex  1.882843e+001 -1.332843e+001  4.000000e+000
    endloop
  endfacet
  facet normal  0.000000e+000  0.000000e+000  1.000000e+000
    outer loop
      vertex  2.207522e+001 -1.333244e+001  4.000000e+000
      vertex  1.882843e+001 -1.332843e+001  4.000000e+000
      vertex  2.200000e+001 -1.400000e+001  4.000000e+000
    endloop
  endfacet
  facet normal  0.000000e+000  0.000000e+000  1.000000e+000
    outer loop
      vertex  2.200000e+001 -1.400000e+001  4.000000e+000
      vertex  1.882843e+001 -1.332843e+001  4.000000e+000
      vertex  1.822228e+001 -1.382588e+001  4.000000e+000
    endloop
  endfacet
  facet normal  0.000000e+000  0.000000e+000  1.000000e+000
    outer loop
      vertex  2.200000e+001 -1.400000e+001  4.000000e+000
      vertex  1.822228e+001 -1.382588e+001  4.000000e+000
      vertex  2.207522e+001 -1.466756e+001  4.000000e+000
    endloop
  endfacet
  facet normal  0.000000e+000  0.000000e+000  1.000000e+000
    outer loop
      vertex  2.207522e+001 -1.466756e+001  4.000000e+000
      vertex  1.822228e+001 -1.382588e+001  4.000000e+000
      vertex  1.753073e+001 -1.419552e+001  4.000000e+000
    endloop
  endfacet
  facet normal  0.000000e+000  0.000000e+000  1.000000e+000
    outer loop
      vertex  2.207522e+001 -1.466756e+001  4.000000e+000
      vertex  1.753073e+001 -1.419552e+001  4.000000e+000
      vertex  1.678036e+001 -1.442314e+001  4.000000e+000
    endloop
  endfacet
  facet normal  0.000000e+000  0.000000e+000 -1.000000e+000
    outer loop
      vertex  2.750000e+001  8.000000e+000  2.000000e+000
      vertex  2.750000e+001  1.200000e+001  2.000000e+000
      vertex  3.450000e+001  8.000000e+000  2.000000e+000
    endloop
  endfacet
  facet normal  0.000000e+000  0.000000e+000 -9.999999e-001
    outer loop
      vertex  2.450000e+001 -5.500000e+000  2.000000e+000
      vertex  2.450000e+001 -2.664535e-015  2.000000e+000
      vertex  2.950000e+001 -5.000000e+000  2.000000e+000
    endloop
  endfacet
  facet normal  0.000000e+000  0.000000e+000 -9.999999e-001
    outer loop
      vertex  4.250000e+001 -1.000000e+001  2.000000e+000
      vertex  3.950000e+001 -1.000000e+001  2.000000e+000
      vertex  4.250000e+001 -8.046739e+000  2.000000e+000
    endloop
  endfacet
  facet normal  0.000000e+000  0.000000e+000 -1.000000e+000
    outer loop
      vertex  3.350000e+001 -5.000000e+000  2.000000e+000
      vertex  3.350000e+001  5.000000e+000  2.000000e+000
      vertex  4.018721e+001  4.970824e+000  2.000000e+000
    endloop
  endfacet
  facet normal  0.000000e+000  0.000000e+000 -1.000000e+000
    outer loop
      vertex  3.350000e+001 -5.000000e+000  2.000000e+000
      vertex  4.018721e+001  4.970824e+000  2.000000e+000
      vertex  3.967319e+001  3.789073e+000  2.000000e+000
    endloop
  endfacet
  facet normal  0.000000e+000  0.000000e+000 -1.000000e+000
    outer loop
      vertex  3.350000e+001 -5.000000e+000  2.000000e+000
      vertex  3.967319e+001  3.789073e+000  2.000000e+000
      vertex  3.930092e+001  2.555316e+000  2.000000e+000
    endloop
  endfacet
  facet normal  0.000000e+000  0.000000e+000 -9.999999e-001
    outer loop
      vertex  3.350000e+001 -5.000000e+000  2.000000e+000
      vertex  3.930092e+001  2.555316e+000  2.000000e+000
      vertex  3.907549e+001  1.286486e+000  2.000000e+000
    endloop
  endfacet
  facet normal  0.000000e+000  0.000000e+000 -9.999999e-001
    outer loop
      vertex  3.350000e+001 -5.000000e+000  2.000000e+000
      vertex  3.907549e+001  1.286486e+000  2.000000e+000
      vertex  3.900000e+001  1.347111e-015  2.000000e+000
    endloop
  endfacet
  facet normal  0.000000e+000  -0.000000e+000 -1.000000e+000
    outer loop
      vertex  3.350000e+001 -5.000000e+000  2.000000e+000
      vertex  3.900000e+001  1.347111e-015  2.000000e+000
      vertex  3.907549e+001 -1.286486e+000  2.000000e+000
    endloop
  endfacet
  facet normal  0.000000e+000  -0.000000e+000 -1.000000e+000
    outer loop
      vertex  3.350000e+001 -5.000000e+000  2.000000e+000
      vertex  3.907549e+001 -1.286486e+000  2.000000e+000
      vertex  3.930092e+001 -2.555316e+000  2.000000e+000
    endloop
  endfacet
  facet normal  0.000000e+000  -0.000000e+000 -1.000000e+000
    outer loop
      vertex  3.350000e+001 -5.000000e+000  2.000000e+000
      vertex  3.930092e+001 -2.555316e+000  2.000000e+000
      vertex  3.967319e+001 -3.789073e+000  2.000000e+000
    endloop
  endfacet
  facet normal  0.000000e+000  -0.000000e+000 -9.999999e-001
    outer loop
      vertex  3.350000e+001 -5.000000e+000  2.000000e+000
      vertex  3.967319e+001 -3.789073e+000  2.000000e+000
      vertex  4.018721e+001 -4.970824e+000  2.000000e+000
    endloop
  endfacet
  facet normal  0.000000e+000  -0.000000e+000 -1.000000e+000
    outer loop
      vertex  3.350000e+001 -5.000000e+000  2.000000e+000
      vertex  4.018721e+001 -4.970824e+000  2.000000e+000
      vertex  4.083590e+001 -6.084350e+000  2.000000e+000
    endloop
  endfacet
  facet normal  0.000000e+000  0.000000e+000 -1.000000e+000
    outer loop
      vertex  3.350000e+001 -5.000000e+000  2.000000e+000
      vertex  4.083590e+001 -6.084350e+000  2.000000e+000
      vertex  3.450000e+001 -5.500000e+000  2.000000e+000
    endloop
  endfacet
  facet normal  0.000000e+000  0.000000e+000 -1.000000e+000
    outer loop
      vertex  3.350000e+001 -5.000000e+000  2.000000e+000
      vertex  3.450000e+001 -5.500000e+000  2.000000e+000
      vertex  2.450000e+001 -5.500000e+000  2.000000e+000
    endloop
  endfacet
  facet normal  0.000000e+000  0.000000e+000 -1.000000e+000
    outer loop
      vertex  3.350000e+001 -5.000000e+000  2.000000e+000
      vertex  2.450000e+001 -5.500000e+000  2.000000e+000
      vertex  2.950000e+001 -5.000000e+000  2.000000e+000
    endloop
  endfacet
  facet normal  0.000000e+000  0.000000e+000 -1.000000e+000
    outer loop
      vertex  3.450000e+001 -8.000000e+000  2.000000e+000
      vertex  3.450000e+001 -5.500000e+000  2.000000e+000
      vertex  4.083590e+001 -6.084350e+000  2.000000e+000
    endloop
  endfacet
  facet normal  0.000000e+000  -0.000000e+000 -1.000000e+000
    outer loop
      vertex  3.450000e+001 -8.000000e+000  2.000000e+000
      vertex  4.083590e+001 -6.084350e+000  2.000000e+000
      vertex  4.161038e+001 -7.114367e+000  2.000000e+000
    endloop
  endfacet
  facet normal  0.000000e+000  -0.000000e+000 -1.000000e+000
    outer loop
      vertex  3.450000e+001 -8.000000e+000  2.000000e+000
      vertex  4.161038e+001 -7.114367e+000  2.000000e+000
      vertex  4.250000e+001 -8.046739e+000  2.000000e+000
    endloop
  endfacet
  facet normal  -0.000000e+000  0.000000e+000 -1.000000e+000
    outer loop
      vertex  3.450000e+001 -8.000000e+000  2.000000e+000
      vertex  4.250000e+001 -8.046739e+000  2.000000e+000
      vertex  3.950000e+001 -1.000000e+001  2.000000e+000
    endloop
  endfacet
  facet normal  -0.000000e+000  -0.000000e+000 -1.000000e+000
    outer loop
      vertex  3.450000e+001 -8.000000e+000  2.000000e+000
      vertex  3.950000e+001 -1.000000e+001  2.000000e+000
      vertex  3.950000e+001 -1.200000e+001  2.000000e+000
    endloop
  endfacet
  facet normal  0.000000e+000  0.000000e+000 -1.000000e+000
    outer loop
      vertex  3.450000e+001 -8.000000e+000  2.000000e+000
      vertex  3.950000e+001 -1.200000e+001  2.000000e+000
      vertex  2.750000e+001 -1.200000e+001  2.000000e+000
    endloop
  endfacet
  facet normal  0.000000e+000  0.000000e+000 -1.000000e+000
    outer loop
      vertex  3.450000e+001 -8.000000e+000  2.000000e+000
      vertex  2.750000e+001 -1.200000e+001  2.000000e+000
      vertex  2.750000e+001 -8.000000e+000  2.000000e+000
    endloop
  endfacet
  facet normal  0.000000e+000  0.000000e+000 -1.000000e+000
    outer loop
      vertex  3.450000e+001  5.500000e+000  2.000000e+000
      vertex  3.450000e+001  8.000000e+000  2.000000e+000
      vertex  4.250000e+001  8.046739e+000  2.000000e+000
    endloop
  endfacet
  facet normal  0.000000e+000  0.000000e+000 -1.000000e+000
    outer loop
      vertex  3.450000e+001  5.500000e+000  2.000000e+000
      vertex  4.250000e+001  8.046739e+000  2.000000e+000
      vertex  4.161038e+001  7.114367e+000  2.000000e+000
    endloop
  endfacet
  facet normal  0.000000e+000  0.000000e+000 -1.000000e+000
    outer loop
      vertex  3.450000e+001  5.500000e+000  2.000000e+000
      vertex  4.161038e+001  7.114367e+000  2.000000e+000
      vertex  4.083590e+001  6.084350e+000  2.000000e+000
    endloop
  endfacet
  facet normal  0.000000e+000  0.000000e+000 -1.000000e+000
    outer loop
      vertex  3.450000e+001  5.500000e+000  2.000000e+000
      vertex  4.083590e+001  6.084350e+000  2.000000e+000
      vertex  4.018721e+001  4.970824e+000  2.000000e+000
    endloop
  endfacet
  facet normal  0.000000e+000  0.000000e+000 -1.000000e+000
    outer loop
      vertex  3.450000e+001  5.500000e+000  2.000000e+000
      vertex  4.018721e+001  4.970824e+000  2.000000e+000
      vertex  3.350000e+001  5.000000e+000  2.000000e+000
    endloop
  endfacet
  facet normal  0.000000e+000  0.000000e+000 -1.000000e+000
    outer loop
      vertex  3.450000e+001  5.500000e+000  2.000000e+000
      vertex  3.350000e+001  5.000000e+000  2.000000e+000
      vertex  2.450000e+001  5.500000e+000  2.000000e+000
    endloop
  endfacet
  facet normal  0.000000e+000  0.000000e+000 -1.000000e+000
    outer loop
      vertex  4.250000e+001  8.046739e+000  2.000000e+000
      vertex  3.450000e+001  8.000000e+000  2.000000e+000
      vertex  4.250000e+001  1.000000e+001  2.000000e+000
    endloop
  endfacet
  facet normal  -0.000000e+000  0.000000e+000 -1.000000e+000
    outer loop
      vertex  4.250000e+001  1.000000e+001  2.000000e+000
      vertex  3.450000e+001  8.000000e+000  2.000000e+000
      vertex  3.950000e+001  1.000000e+001  2.000000e+000
    endloop
  endfacet
  facet normal  0.000000e+000  0.000000e+000 -1.000000e+000
    outer loop
      vertex  3.450000e+001  8.000000e+000  2.000000e+000
      vertex  2.750000e+001  1.200000e+001  2.000000e+000
      vertex  3.950000e+001  1.000000e+001  2.000000e+000
    endloop
  endfacet
  facet normal  0.000000e+000  0.000000e+000 -1.000000e+000
    outer loop
      vertex  3.950000e+001  1.000000e+001  2.000000e+000
      vertex  2.750000e+001  1.200000e+001  2.000000e+000
      vertex  3.950000e+001  1.200000e+001  2.000000e+000
    endloop
  endfacet
  facet normal  0.000000e+000  0.000000e+000 -1.000000e+000
    outer loop
      vertex  3.350000e+001  5.000000e+000  2.000000e+000
      vertex  2.950000e+001  5.000000e+000  2.000000e+000
      vertex  2.450000e+001  5.500000e+000  2.000000e+000
    endloop
  endfacet
  facet normal  0.000000e+000  0.000000e+000 -1.000000e+000
    outer loop
      vertex  2.450000e+001  5.500000e+000  2.000000e+000
      vertex  2.950000e+001  5.000000e+000  2.000000e+000
      vertex  2.950000e+001 -5.000000e+000  2.000000e+000
    endloop
  endfacet
  facet normal  0.000000e+000  0.000000e+000 -9.999999e-001
    outer loop
      vertex  2.450000e+001  5.500000e+000  2.000000e+000
      vertex  2.950000e+001 -5.000000e+000  2.000000e+000
      vertex  2.450000e+001 -2.664535e-015  2.000000e+000
    endloop
  endfacet
  facet normal  -0.000000e+000  0.000000e+000 -1.000000e+000
    outer loop
      vertex -4.161038e+001 -7.114367e+000  2.000000e+000
      vertex -3.450000e+001 -8.000000e+000  2.000000e+000
      vertex -4.250000e+001 -8.046739e+000  2.000000e+000
    endloop
  endfacet
  facet normal  -0.000000e+000  0.000000e+000 -1.000000e+000
    outer loop
      vertex -3.450000e+001  5.500000e+000  2.000000e+000
      vertex -2.450000e+001  5.500000e+000  2.000000e+000
      vertex -2.950000e+001  5.000000e+000  2.000000e+000
    endloop
  endfacet
  facet normal  0.000000e+000  0.000000e+000 -1.000000e+000
    outer loop
      vertex -3.450000e+001  5.500000e+000  2.000000e+000
      vertex -2.950000e+001  5.000000e+000  2.000000e+000
      vertex -3.350000e+001  5.000000e+000  2.000000e+000
    endloop
  endfacet
  facet normal  -0.000000e+000  0.000000e+000 -1.000000e+000
    outer loop
      vertex -3.450000e+001  5.500000e+000  2.000000e+000
      vertex -3.350000e+001  5.000000e+000  2.000000e+000
      vertex -4.018721e+001  4.970824e+000  2.000000e+000
    endloop
  endfacet
  facet normal  0.000000e+000  0.000000e+000 -1.000000e+000
    outer loop
      vertex -3.450000e+001  5.500000e+000  2.000000e+000
      vertex -4.018721e+001  4.970824e+000  2.000000e+000
      vertex -4.083590e+001  6.084350e+000  2.000000e+000
    endloop
  endfacet
  facet normal  0.000000e+000  0.000000e+000 -1.000000e+000
    outer loop
      vertex -3.450000e+001  5.500000e+000  2.000000e+000
      vertex -4.083590e+001  6.084350e+000  2.000000e+000
      vertex -4.161038e+001  7.114367e+000  2.000000e+000
    endloop
  endfacet
  facet normal  0.000000e+000  0.000000e+000 -1.000000e+000
    outer loop
      vertex -3.450000e+001  5.500000e+000  2.000000e+000
      vertex -4.161038e+001  7.114367e+000  2.000000e+000
      vertex -4.250000e+001  8.046739e+000  2.000000e+000
    endloop
  endfacet
  facet normal  0.000000e+000  0.000000e+000 -1.000000e+000
    outer loop
      vertex -3.450000e+001  5.500000e+000  2.000000e+000
      vertex -4.250000e+001  8.046739e+000  2.000000e+000
      vertex -3.450000e+001  8.000000e+000  2.000000e+000
    endloop
  endfacet
  facet normal  0.000000e+000  0.000000e+000 -9.999999e-001
    outer loop
      vertex -3.950000e+001 -1.000000e+001  2.000000e+000
      vertex -4.250000e+001 -1.000000e+001  2.000000e+000
      vertex -4.250000e+001 -8.046739e+000  2.000000e+000
    endloop
  endfacet
  facet normal  0.000000e+000  0.000000e+000 -1.000000e+000
    outer loop
      vertex -3.950000e+001 -1.000000e+001  2.000000e+000
      vertex -4.250000e+001 -8.046739e+000  2.000000e+000
      vertex -3.450000e+001 -8.000000e+000  2.000000e+000
    endloop
  endfacet
  facet normal  0.000000e+000  0.000000e+000 -1.000000e+000
    outer loop
      vertex -3.950000e+001 -1.000000e+001  2.000000e+000
      vertex -3.450000e+001 -8.000000e+000  2.000000e+000
      vertex -3.950000e+001 -1.200000e+001  2.000000e+000
    endloop
  endfacet
  facet normal  0.000000e+000  -0.000000e+000 -1.000000e+000
    outer loop
      vertex -4.083590e+001 -6.084350e+000  2.000000e+000
      vertex -4.018721e+001 -4.970824e+000  2.000000e+000
      vertex -3.350000e+001 -5.000000e+000  2.000000e+000
    endloop
  endfacet
  facet normal  0.000000e+000  0.000000e+000 -1.000000e+000
    outer loop
      vertex -4.083590e+001 -6.084350e+000  2.000000e+000
      vertex -3.350000e+001 -5.000000e+000  2.000000e+000
      vertex -3.450000e+001 -5.500000e+000  2.000000e+000
    endloop
  endfacet
  facet normal  0.000000e+000  -0.000000e+000 -1.000000e+000
    outer loop
      vertex -4.083590e+001 -6.084350e+000  2.000000e+000
      vertex -3.450000e+001 -5.500000e+000  2.000000e+000
      vertex -3.450000e+001 -8.000000e+000  2.000000e+000
    endloop
  endfacet
  facet normal  0.000000e+000  0.000000e+000 -1.000000e+000
    outer loop
      vertex -4.083590e+001 -6.084350e+000  2.000000e+000
      vertex -3.450000e+001 -8.000000e+000  2.000000e+000
      vertex -4.161038e+001 -7.114367e+000  2.000000e+000
    endloop
  endfacet
  facet normal  0.000000e+000  0.000000e+000 -9.999999e-001
    outer loop
      vertex -3.350000e+001 -5.000000e+000  2.000000e+000
      vertex -4.018721e+001 -4.970824e+000  2.000000e+000
      vertex -3.967319e+001 -3.789073e+000  2.000000e+000
    endloop
  endfacet
  facet normal  0.000000e+000  0.000000e+000 -1.000000e+000
    outer loop
      vertex -3.350000e+001 -5.000000e+000  2.000000e+000
      vertex -3.967319e+001 -3.789073e+000  2.000000e+000
      vertex -3.930092e+001 -2.555316e+000  2.000000e+000
    endloop
  endfacet
  facet normal  0.000000e+000  0.000000e+000 -1.000000e+000
    outer loop
      vertex -3.350000e+001 -5.000000e+000  2.000000e+000
      vertex -3.930092e+001 -2.555316e+000  2.000000e+000
      vertex -3.907549e+001 -1.286486e+000  2.000000e+000
    endloop
  endfacet
  facet normal  0.000000e+000  0.000000e+000 -1.000000e+000
    outer loop
      vertex -3.350000e+001 -5.000000e+000  2.000000e+000
      vertex -3.907549e+001 -1.286486e+000  2.000000e+000
      vertex -3.900000e+001 -2.694223e-015  2.000000e+000
    endloop
  endfacet
  facet normal  0.000000e+000  0.000000e+000 -9.999999e-001
    outer loop
      vertex -3.350000e+001 -5.000000e+000  2.000000e+000
      vertex -3.900000e+001 -2.694223e-015  2.000000e+000
      vertex -3.907549e+001  1.286486e+000  2.000000e+000
    endloop
  endfacet
  facet normal  0.000000e+000  0.000000e+000 -9.999999e-001
    outer loop
      vertex -3.350000e+001 -5.000000e+000  2.000000e+000
      vertex -3.907549e+001  1.286486e+000  2.000000e+000
      vertex -3.930092e+001  2.555316e+000  2.000000e+000
    endloop
  endfacet
  facet normal  0.000000e+000  0.000000e+000 -1.000000e+000
    outer loop
      vertex -3.350000e+001 -5.000000e+000  2.000000e+000
      vertex -3.930092e+001  2.555316e+000  2.000000e+000
      vertex -3.967319e+001  3.789073e+000  2.000000e+000
    endloop
  endfacet
  facet normal  0.000000e+000  0.000000e+000 -1.000000e+000
    outer loop
      vertex -3.350000e+001 -5.000000e+000  2.000000e+000
      vertex -3.967319e+001  3.789073e+000  2.000000e+000
      vertex -4.018721e+001  4.970824e+000  2.000000e+000
    endloop
  endfacet
  facet normal  0.000000e+000  0.000000e+000 -1.000000e+000
    outer loop
      vertex -3.350000e+001 -5.000000e+000  2.000000e+000
      vertex -4.018721e+001  4.970824e+000  2.000000e+000
      vertex -3.350000e+001  5.000000e+000  2.000000e+000
    endloop
  endfacet
  facet normal  -0.000000e+000  0.000000e+000 -1.000000e+000
    outer loop
      vertex -3.450000e+001 -8.000000e+000  2.000000e+000
      vertex -2.750000e+001 -8.000000e+000  2.000000e+000
      vertex -3.950000e+001 -1.200000e+001  2.000000e+000
    endloop
  endfacet
  facet normal  0.000000e+000  0.000000e+000 -1.000000e+000
    outer loop
      vertex -3.950000e+001 -1.200000e+001  2.000000e+000
      vertex -2.750000e+001 -8.000000e+000  2.000000e+000
      vertex -2.750000e+001 -1.200000e+001  2.000000e+000
    endloop
  endfacet
  facet normal  0.000000e+000  0.000000e+000 -9.999999e-001
    outer loop
      vertex -2.450000e+001  2.664535e-015  2.000000e+000
      vertex -2.450000e+001 -5.500000e+000  2.000000e+000
      vertex -2.950000e+001 -5.000000e+000  2.000000e+000
    endloop
  endfacet
  facet normal  0.000000e+000  -0.000000e+000 -1.000000e+000
    outer loop
      vertex -2.950000e+001 -5.000000e+000  2.000000e+000
      vertex -2.450000e+001 -5.500000e+000  2.000000e+000
      vertex -3.450000e+001 -5.500000e+000  2.000000e+000
    endloop
  endfacet
  facet normal  0.000000e+000  0.000000e+000 -1.000000e+000
    outer loop
      vertex -2.950000e+001 -5.000000e+000  2.000000e+000
      vertex -3.450000e+001 -5.500000e+000  2.000000e+000
      vertex -3.350000e+001 -5.000000e+000  2.000000e+000
    endloop
  endfacet
  facet normal  0.000000e+000  0.000000e+000 -1.000000e+000
    outer loop
      vertex -3.950000e+001  1.200000e+001  2.000000e+000
      vertex -3.450000e+001  8.000000e+000  2.000000e+000
      vertex -3.950000e+001  1.000000e+001  2.000000e+000
    endloop
  endfacet
  facet normal  0.000000e+000  -0.000000e+000 -1.000000e+000
    outer loop
      vertex -3.950000e+001  1.000000e+001  2.000000e+000
      vertex -3.450000e+001  8.000000e+000  2.000000e+000
      vertex -4.250000e+001  8.046739e+000  2.000000e+000
    endloop
  endfacet
  facet normal  0.000000e+000  0.000000e+000 -9.999999e-001
    outer loop
      vertex -3.950000e+001  1.000000e+001  2.000000e+000
      vertex -4.250000e+001  8.046739e+000  2.000000e+000
      vertex -4.250000e+001  1.000000e+001  2.000000e+000
    endloop
  endfacet
  facet normal  0.000000e+000  0.000000e+000 -1.000000e+000
    outer loop
      vertex -2.750000e+001  1.200000e+001  2.000000e+000
      vertex -2.750000e+001  8.000000e+000  2.000000e+000
      vertex -3.950000e+001  1.200000e+001  2.000000e+000
    endloop
  endfacet
  facet normal  0.000000e+000  0.000000e+000 -1.000000e+000
    outer loop
      vertex -3.950000e+001  1.200000e+001  2.000000e+000
      vertex -2.750000e+001  8.000000e+000  2.000000e+000
      vertex -3.450000e+001  8.000000e+000  2.000000e+000
    endloop
  endfacet
  facet normal  0.000000e+000  0.000000e+000 -1.000000e+000
    outer loop
      vertex -2.950000e+001  5.000000e+000  2.000000e+000
      vertex -2.450000e+001  5.500000e+000  2.000000e+000
      vertex -2.950000e+001 -5.000000e+000  2.000000e+000
    endloop
  endfacet
  facet normal  0.000000e+000  0.000000e+000 -9.999999e-001
    outer loop
      vertex -2.950000e+001 -5.000000e+000  2.000000e+000
      vertex -2.450000e+001  5.500000e+000  2.000000e+000
      vertex -2.450000e+001  2.664535e-015  2.000000e+000
    endloop
  endfacet
  facet normal  0.000000e+000 -1.000000e+000  0.000000e+000
    outer loop
      vertex -3.350000e+001  5.000000e+000  2.000000e+000
      vertex -2.950000e+001  5.000000e+000  2.000000e+000
      vertex -3.350000e+001  5.000000e+000  4.000000e+000
    endloop
  endfacet
  facet normal  0.000000e+000 -1.000000e+000  0.000000e+000
    outer loop
      vertex -3.350000e+001  5.000000e+000  4.000000e+000
      vertex -2.950000e+001  5.000000e+000  2.000000e+000
      vertex -2.950000e+001  5.000000e+000  4.000000e+000
    endloop
  endfacet
  facet normal -1.000000e+000  0.000000e+000  0.000000e+000
    outer loop
      vertex -2.950000e+001 -5.000000e+000  2.000000e+000
      vertex -2.950000e+001 -5.000000e+000  4.000000e+000
      vertex -2.950000e+001  5.000000e+000  2.000000e+000
    endloop
  endfacet
  facet normal -1.000000e+000  0.000000e+000  0.000000e+000
    outer loop
      vertex -2.950000e+001  5.000000e+000  2.000000e+000
      vertex -2.950000e+001 -5.000000e+000  4.000000e+000
      vertex -2.950000e+001  5.000000e+000  4.000000e+000
    endloop
  endfacet
  facet normal  0.000000e+000  1.000000e+000  0.000000e+000
    outer loop
      vertex -2.950000e+001 -5.000000e+000  2.000000e+000
      vertex -3.350000e+001 -5.000000e+000  2.000000e+000
      vertex -2.950000e+001 -5.000000e+000  4.000000e+000
    endloop
  endfacet
  facet normal  0.000000e+000  1.000000e+000  0.000000e+000
    outer loop
      vertex -2.950000e+001 -5.000000e+000  4.000000e+000
      vertex -3.350000e+001 -5.000000e+000  2.000000e+000
      vertex -3.350000e+001 -5.000000e+000  4.000000e+000
    endloop
  endfacet
  facet normal  1.000000e+000  0.000000e+000  0.000000e+000
    outer loop
      vertex -3.350000e+001  5.000000e+000  2.000000e+000
      vertex -3.350000e+001  5.000000e+000  4.000000e+000
      vertex -3.350000e+001 -5.000000e+000  2.000000e+000
    endloop
  endfacet
  facet normal  1.000000e+000  0.000000e+000  0.000000e+000
    outer loop
      vertex -3.350000e+001 -5.000000e+000  2.000000e+000
      vertex -3.350000e+001  5.000000e+000  4.000000e+000
      vertex -3.350000e+001 -5.000000e+000  4.000000e+000
    endloop
  endfacet
  facet normal -1.000000e+000  0.000000e+000  0.000000e+000
    outer loop
      vertex  3.350000e+001  5.000000e+000  2.000000e+000
      vertex  3.350000e+001 -5.000000e+000  2.000000e+000
      vertex  3.350000e+001  5.000000e+000  4.000000e+000
    endloop
  endfacet
  facet normal -1.000000e+000  -0.000000e+000  0.000000e+000
    outer loop
      vertex  3.350000e+001  5.000000e+000  4.000000e+000
      vertex  3.350000e+001 -5.000000e+000  2.000000e+000
      vertex  3.350000e+001 -5.000000e+000  4.000000e+000
    endloop
  endfacet
  facet normal  0.000000e+000  1.000000e+000  0.000000e+000
    outer loop
      vertex  3.350000e+001 -5.000000e+000  2.000000e+000
      vertex  2.950000e+001 -5.000000e+000  2.000000e+000
      vertex  3.350000e+001 -5.000000e+000  4.000000e+000
    endloop
  endfacet
  facet normal  0.000000e+000  1.000000e+000  0.000000e+000
    outer loop
      vertex  3.350000e+001 -5.000000e+000  4.000000e+000
      vertex  2.950000e+001 -5.000000e+000  2.000000e+000
      vertex  2.950000e+001 -5.000000e+000  4.000000e+000
    endloop
  endfacet
  facet normal  1.000000e+000  0.000000e+000  0.000000e+000
    outer loop
      vertex  2.950000e+001 -5.000000e+000  2.000000e+000
      vertex  2.950000e+001  5.000000e+000  2.000000e+000
      vertex  2.950000e+001 -5.000000e+000  4.000000e+000
    endloop
  endfacet
  facet normal  1.000000e+000  -0.000000e+000  0.000000e+000
    outer loop
      vertex  2.950000e+001 -5.000000e+000  4.000000e+000
      vertex  2.950000e+001  5.000000e+000  2.000000e+000
      vertex  2.950000e+001  5.000000e+000  4.000000e+000
    endloop
  endfacet
  facet normal  0.000000e+000 -1.000000e+000  0.000000e+000
    outer loop
      vertex  2.950000e+001  5.000000e+000  2.000000e+000
      vertex  3.350000e+001  5.000000e+000  2.000000e+000
      vertex  2.950000e+001  5.000000e+000  4.000000e+000
    endloop
  endfacet
  facet normal  0.000000e+000 -1.000000e+000  0.000000e+000
    outer loop
      vertex  2.950000e+001  5.000000e+000  4.000000e+000
      vertex  3.350000e+001  5.000000e+000  2.000000e+000
      vertex  3.350000e+001  5.000000e+000  4.000000e+000
    endloop
  endfacet
  facet normal -9.573660e-001  2.888775e-001  0.000000e+000
    outer loop
      vertex -3.967319e+001 -3.789073e+000  2.000000e+000
      vertex -3.930092e+001 -2.555316e+000  4.000000e+000
      vertex -3.930092e+001 -2.555316e+000  2.000000e+000
    endloop
  endfacet
  facet normal -9.845812e-001  1.749279e-001  0.000000e+000
    outer loop
      vertex -3.930092e+001 -2.555316e+000  2.000000e+000
      vertex -3.930092e+001 -2.555316e+000  4.000000e+000
      vertex -3.907549e+001 -1.286486e+000  4.000000e+000
    endloop
  endfacet
  facet normal -9.845812e-001  1.749279e-001  0.000000e+000
    outer loop
      vertex -3.930092e+001 -2.555316e+000  2.000000e+000
      vertex -3.907549e+001 -1.286486e+000  4.000000e+000
      vertex -3.907549e+001 -1.286486e+000  2.000000e+000
    endloop
  endfacet
  facet normal -9.982828e-001  5.857771e-002  0.000000e+000
    outer loop
      vertex -3.907549e+001 -1.286486e+000  2.000000e+000
      vertex -3.907549e+001 -1.286486e+000  4.000000e+000
      vertex -3.900000e+001 -2.694223e-015  4.000000e+000
    endloop
  endfacet
  facet normal -9.982828e-001  5.857771e-002  0.000000e+000
    outer loop
      vertex -3.907549e+001 -1.286486e+000  2.000000e+000
      vertex -3.900000e+001 -2.694223e-015  4.000000e+000
      vertex -3.900000e+001 -2.694223e-015  2.000000e+000
    endloop
  endfacet
  facet normal -9.573660e-001  2.888775e-001  0.000000e+000
    outer loop
      vertex -3.930092e+001 -2.555316e+000  4.000000e+000
      vertex -3.967319e+001 -3.789073e+000  2.000000e+000
      vertex -3.967319e+001 -3.789073e+000  4.000000e+000
    endloop
  endfacet
  facet normal -9.170115e-001  3.988608e-001  0.000000e+000
    outer loop
      vertex -3.967319e+001 -3.789073e+000  4.000000e+000
      vertex -3.967319e+001 -3.789073e+000  2.000000e+000
      vertex -4.018721e+001 -4.970824e+000  2.000000e+000
    endloop
  endfacet
  facet normal -9.170115e-001  3.988608e-001  0.000000e+000
    outer loop
      vertex -3.967319e+001 -3.789073e+000  4.000000e+000
      vertex -4.018721e+001 -4.970824e+000  2.000000e+000
      vertex -4.018721e+001 -4.970824e+000  4.000000e+000
    endloop
  endfacet
  facet normal -8.640692e-001  5.033731e-001  0.000000e+000
    outer loop
      vertex -4.018721e+001 -4.970824e+000  4.000000e+000
      vertex -4.018721e+001 -4.970824e+000  2.000000e+000
      vertex -4.083590e+001 -6.084350e+000  2.000000e+000
    endloop
  endfacet
  facet normal -8.640692e-001  5.033731e-001  0.000000e+000
    outer loop
      vertex -4.018721e+001 -4.970824e+000  4.000000e+000
      vertex -4.083590e+001 -6.084350e+000  2.000000e+000
      vertex -4.083590e+001 -6.084350e+000  4.000000e+000
    endloop
  endfacet
  facet normal -7.992685e-001  6.009741e-001  0.000000e+000
    outer loop
      vertex -4.083590e+001 -6.084350e+000  4.000000e+000
      vertex -4.083590e+001 -6.084350e+000  2.000000e+000
      vertex -4.161038e+001 -7.114367e+000  2.000000e+000
    endloop
  endfacet
  facet normal -7.992685e-001  6.009741e-001  0.000000e+000
    outer loop
      vertex -4.083590e+001 -6.084350e+000  4.000000e+000
      vertex -4.161038e+001 -7.114367e+000  2.000000e+000
      vertex -4.161038e+001 -7.114367e+000  4.000000e+000
    endloop
  endfacet
  facet normal -7.234986e-001  6.903257e-001  0.000000e+000
    outer loop
      vertex -4.161038e+001 -7.114367e+000  4.000000e+000
      vertex -4.161038e+001 -7.114367e+000  2.000000e+000
      vertex -4.250000e+001 -8.046739e+000  2.000000e+000
    endloop
  endfacet
  facet normal -7.234986e-001  6.903257e-001  0.000000e+000
    outer loop
      vertex -4.161038e+001 -7.114367e+000  4.000000e+000
      vertex -4.250000e+001 -8.046739e+000  2.000000e+000
      vertex -4.250000e+001 -8.046739e+000  4.000000e+000
    endloop
  endfacet
  facet normal -8.640692e-001 -5.033731e-001  -0.000000e+000
    outer loop
      vertex -4.018721e+001  4.970824e+000  2.000000e+000
      vertex -4.083590e+001  6.084350e+000  4.000000e+000
      vertex -4.083590e+001  6.084350e+000  2.000000e+000
    endloop
  endfacet
  facet normal -7.992685e-001 -6.009741e-001  0.000000e+000
    outer loop
      vertex -4.083590e+001  6.084350e+000  2.000000e+000
      vertex -4.083590e+001  6.084350e+000  4.000000e+000
      vertex -4.161038e+001  7.114367e+000  4.000000e+000
    endloop
  endfacet
  facet normal -7.992685e-001 -6.009741e-001  -0.000000e+000
    outer loop
      vertex -4.083590e+001  6.084350e+000  2.000000e+000
      vertex -4.161038e+001  7.114367e+000  4.000000e+000
      vertex -4.161038e+001  7.114367e+000  2.000000e+000
    endloop
  endfacet
  facet normal -7.234986e-001 -6.903257e-001  0.000000e+000
    outer loop
      vertex -4.161038e+001  7.114367e+000  2.000000e+000
      vertex -4.161038e+001  7.114367e+000  4.000000e+000
      vertex -4.250000e+001  8.046739e+000  4.000000e+000
    endloop
  endfacet
  facet normal -7.234986e-001 -6.903257e-001  -0.000000e+000
    outer loop
      vertex -4.161038e+001  7.114367e+000  2.000000e+000
      vertex -4.250000e+001  8.046739e+000  4.000000e+000
      vertex -4.250000e+001  8.046739e+000  2.000000e+000
    endloop
  endfacet
  facet normal -8.640692e-001 -5.033731e-001  0.000000e+000
    outer loop
      vertex -4.083590e+001  6.084350e+000  4.000000e+000
      vertex -4.018721e+001  4.970824e+000  2.000000e+000
      vertex -4.018721e+001  4.970824e+000  4.000000e+000
    endloop
  endfacet
  facet normal -9.170115e-001 -3.988608e-001  -0.000000e+000
    outer loop
      vertex -4.018721e+001  4.970824e+000  4.000000e+000
      vertex -4.018721e+001  4.970824e+000  2.000000e+000
      vertex -3.967319e+001  3.789073e+000  2.000000e+000
    endloop
  endfacet
  facet normal -9.170115e-001 -3.988608e-001  0.000000e+000
    outer loop
      vertex -4.018721e+001  4.970824e+000  4.000000e+000
      vertex -3.967319e+001  3.789073e+000  2.000000e+000
      vertex -3.967319e+001  3.789073e+000  4.000000e+000
    endloop
  endfacet
  facet normal -9.573660e-001 -2.888775e-001  -0.000000e+000
    outer loop
      vertex -3.967319e+001  3.789073e+000  4.000000e+000
      vertex -3.967319e+001  3.789073e+000  2.000000e+000
      vertex -3.930092e+001  2.555316e+000  2.000000e+000
    endloop
  endfacet
  facet normal -9.573660e-001 -2.888775e-001  0.000000e+000
    outer loop
      vertex -3.967319e+001  3.789073e+000  4.000000e+000
      vertex -3.930092e+001  2.555316e+000  2.000000e+000
      vertex -3.930092e+001  2.555316e+000  4.000000e+000
    endloop
  endfacet
  facet normal -9.845812e-001 -1.749279e-001  -0.000000e+000
    outer loop
      vertex -3.930092e+001  2.555316e+000  4.000000e+000
      vertex -3.930092e+001  2.555316e+000  2.000000e+000
      vertex -3.907549e+001  1.286486e+000  2.000000e+000
    endloop
  endfacet
  facet normal -9.845812e-001 -1.749279e-001  0.000000e+000
    outer loop
      vertex -3.930092e+001  2.555316e+000  4.000000e+000
      vertex -3.907549e+001  1.286486e+000  2.000000e+000
      vertex -3.907549e+001  1.286486e+000  4.000000e+000
    endloop
  endfacet
  facet normal -9.982828e-001 -5.857771e-002  -0.000000e+000
    outer loop
      vertex -3.907549e+001  1.286486e+000  4.000000e+000
      vertex -3.907549e+001  1.286486e+000  2.000000e+000
      vertex -3.900000e+001 -2.694223e-015  2.000000e+000
    endloop
  endfacet
  facet normal -9.982828e-001 -5.857771e-002  0.000000e+000
    outer loop
      vertex -3.907549e+001  1.286486e+000  4.000000e+000
      vertex -3.900000e+001 -2.694223e-015  2.000000e+000
      vertex -3.900000e+001 -2.694223e-015  4.000000e+000
    endloop
  endfacet
  facet normal  9.573660e-001 -2.888775e-001  0.000000e+000
    outer loop
      vertex  3.967319e+001  3.789073e+000  2.000000e+000
      vertex  3.930092e+001  2.555316e+000  4.000000e+000
      vertex  3.930092e+001  2.555316e+000  2.000000e+000
    endloop
  endfacet
  facet normal  9.845812e-001 -1.749279e-001  0.000000e+000
    outer loop
      vertex  3.930092e+001  2.555316e+000  2.000000e+000
      vertex  3.930092e+001  2.555316e+000  4.000000e+000
      vertex  3.907549e+001  1.286486e+000  4.000000e+000
    endloop
  endfacet
  facet normal  9.845812e-001 -1.749279e-001  0.000000e+000
    outer loop
      vertex  3.930092e+001  2.555316e+000  2.000000e+000
      vertex  3.907549e+001  1.286486e+000  4.000000e+000
      vertex  3.907549e+001  1.286486e+000  2.000000e+000
    endloop
  endfacet
  facet normal  9.982828e-001 -5.857771e-002  0.000000e+000
    outer loop
      vertex  3.907549e+001  1.286486e+000  2.000000e+000
      vertex  3.907549e+001  1.286486e+000  4.000000e+000
      vertex  3.900000e+001  1.347111e-015  4.000000e+000
    endloop
  endfacet
  facet normal  9.982828e-001 -5.857771e-002  0.000000e+000
    outer loop
      vertex  3.907549e+001  1.286486e+000  2.000000e+000
      vertex  3.900000e+001  1.347111e-015  4.000000e+000
      vertex  3.900000e+001  1.347111e-015  2.000000e+000
    endloop
  endfacet
  facet normal  9.573660e-001 -2.888775e-001  0.000000e+000
    outer loop
      vertex  3.930092e+001  2.555316e+000  4.000000e+000
      vertex  3.967319e+001  3.789073e+000  2.000000e+000
      vertex  3.967319e+001  3.789073e+000  4.000000e+000
    endloop
  endfacet
  facet normal  9.170115e-001 -3.988608e-001  0.000000e+000
    outer loop
      vertex  3.967319e+001  3.789073e+000  4.000000e+000
      vertex  3.967319e+001  3.789073e+000  2.000000e+000
      vertex  4.018721e+001  4.970824e+000  2.000000e+000
    endloop
  endfacet
  facet normal  9.170115e-001 -3.988608e-001  0.000000e+000
    outer loop
      vertex  3.967319e+001  3.789073e+000  4.000000e+000
      vertex  4.018721e+001  4.970824e+000  2.000000e+000
      vertex  4.018721e+001  4.970824e+000  4.000000e+000
    endloop
  endfacet
  facet normal  8.640692e-001 -5.033731e-001  0.000000e+000
    outer loop
      vertex  4.018721e+001  4.970824e+000  4.000000e+000
      vertex  4.018721e+001  4.970824e+000  2.000000e+000
      vertex  4.083590e+001  6.084350e+000  2.000000e+000
    endloop
  endfacet
  facet normal  8.640692e-001 -5.033731e-001  0.000000e+000
    outer loop
      vertex  4.018721e+001  4.970824e+000  4.000000e+000
      vertex  4.083590e+001  6.084350e+000  2.000000e+000
      vertex  4.083590e+001  6.084350e+000  4.000000e+000
    endloop
  endfacet
  facet normal  7.992685e-001 -6.009741e-001  0.000000e+000
    outer loop
      vertex  4.083590e+001  6.084350e+000  4.000000e+000
      vertex  4.083590e+001  6.084350e+000  2.000000e+000
      vertex  4.161038e+001  7.114367e+000  2.000000e+000
    endloop
  endfacet
  facet normal  7.992685e-001 -6.009741e-001  0.000000e+000
    outer loop
      vertex  4.083590e+001  6.084350e+000  4.000000e+000
      vertex  4.161038e+001  7.114367e+000  2.000000e+000
      vertex  4.161038e+001  7.114367e+000  4.000000e+000
    endloop
  endfacet
  facet normal  7.234986e-001 -6.903257e-001  0.000000e+000
    outer loop
      vertex  4.161038e+001  7.114367e+000  4.000000e+000
      vertex  4.161038e+001  7.114367e+000  2.000000e+000
      vertex  4.250000e+001  8.046739e+000  2.000000e+000
    endloop
  endfacet
  facet normal  7.234986e-001 -6.903257e-001  0.000000e+000
    outer loop
      vertex  4.161038e+001  7.114367e+000  4.000000e+000
      vertex  4.250000e+001  8.046739e+000  2.000000e+000
      vertex  4.250000e+001  8.046739e+000  4.000000e+000
    endloop
  endfacet
  facet normal  8.640692e-001  5.033731e-001  0.000000e+000
    outer loop
      vertex  4.018721e+001 -4.970824e+000  2.000000e+000
      vertex  4.083590e+001 -6.084350e+000  4.000000e+000
      vertex  4.083590e+001 -6.084350e+000  2.000000e+000
    endloop
  endfacet
  facet normal  7.992685e-001  6.009741e-001  -0.000000e+000
    outer loop
      vertex  4.083590e+001 -6.084350e+000  2.000000e+000
      vertex  4.083590e+001 -6.084350e+000  4.000000e+000
      vertex  4.161038e+001 -7.114367e+000  4.000000e+000
    endloop
  endfacet
  facet normal  7.992685e-001  6.009741e-001  0.000000e+000
    outer loop
      vertex  4.083590e+001 -6.084350e+000  2.000000e+000
      vertex  4.161038e+001 -7.114367e+000  4.000000e+000
      vertex  4.161038e+001 -7.114367e+000  2.000000e+000
    endloop
  endfacet
  facet normal  7.234986e-001  6.903257e-001  -0.000000e+000
    outer loop
      vertex  4.161038e+001 -7.114367e+000  2.000000e+000
      vertex  4.161038e+001 -7.114367e+000  4.000000e+000
      vertex  4.250000e+001 -8.046739e+000  4.000000e+000
    endloop
  endfacet
  facet normal  7.234986e-001  6.903257e-001  0.000000e+000
    outer loop
      vertex  4.161038e+001 -7.114367e+000  2.000000e+000
      vertex  4.250000e+001 -8.046739e+000  4.000000e+000
      vertex  4.250000e+001 -8.046739e+000  2.000000e+000
    endloop
  endfacet
  facet normal  8.640692e-001  5.033731e-001  -0.000000e+000
    outer loop
      vertex  4.083590e+001 -6.084350e+000  4.000000e+000
      vertex  4.018721e+001 -4.970824e+000  2.000000e+000
      vertex  4.018721e+001 -4.970824e+000  4.000000e+000
    endloop
  endfacet
  facet normal  9.170115e-001  3.988608e-001  0.000000e+000
    outer loop
      vertex  4.018721e+001 -4.970824e+000  4.000000e+000
      vertex  4.018721e+001 -4.970824e+000  2.000000e+000
      vertex  3.967319e+001 -3.789073e+000  2.000000e+000
    endloop
  endfacet
  facet normal  9.170115e-001  3.988608e-001  -0.000000e+000
    outer loop
      vertex  4.018721e+001 -4.970824e+000  4.000000e+000
      vertex  3.967319e+001 -3.789073e+000  2.000000e+000
      vertex  3.967319e+001 -3.789073e+000  4.000000e+000
    endloop
  endfacet
  facet normal  9.573660e-001  2.888775e-001  0.000000e+000
    outer loop
      vertex  3.967319e+001 -3.789073e+000  4.000000e+000
      vertex  3.967319e+001 -3.789073e+000  2.000000e+000
      vertex  3.930092e+001 -2.555316e+000  2.000000e+000
    endloop
  endfacet
  facet normal  9.573660e-001  2.888775e-001  -0.000000e+000
    outer loop
      vertex  3.967319e+001 -3.789073e+000  4.000000e+000
      vertex  3.930092e+001 -2.555316e+000  2.000000e+000
      vertex  3.930092e+001 -2.555316e+000  4.000000e+000
    endloop
  endfacet
  facet normal  9.845812e-001  1.749279e-001  0.000000e+000
    outer loop
      vertex  3.930092e+001 -2.555316e+000  4.000000e+000
      vertex  3.930092e+001 -2.555316e+000  2.000000e+000
      vertex  3.907549e+001 -1.286486e+000  2.000000e+000
    endloop
  endfacet
  facet normal  9.845812e-001  1.749279e-001  -0.000000e+000
    outer loop
      vertex  3.930092e+001 -2.555316e+000  4.000000e+000
      vertex  3.907549e+001 -1.286486e+000  2.000000e+000
      vertex  3.907549e+001 -1.286486e+000  4.000000e+000
    endloop
  endfacet
  facet normal  9.982828e-001  5.857771e-002  0.000000e+000
    outer loop
      vertex  3.907549e+001 -1.286486e+000  4.000000e+000
      vertex  3.907549e+001 -1.286486e+000  2.000000e+000
      vertex  3.900000e+001  1.347111e-015  2.000000e+000
    endloop
  endfacet
  facet normal  9.982828e-001  5.857771e-002  -0.000000e+000
    outer loop
      vertex  3.907549e+001 -1.286486e+000  4.000000e+000
      vertex  3.900000e+001  1.347111e-015  2.000000e+000
      vertex  3.900000e+001  1.347111e-015  4.000000e+000
    endloop
  endfacet
endsolid CATIA STL
