solid CATIA STL
  facet normal  5.416380e-003  9.762474e-001  2.165910e-001
    outer loop
      vertex  3.981388e+001  1.468531e+001  6.782820e-001
      vertex  3.986180e+001  1.463546e+001  9.017634e-001
      vertex  4.128322e+001  1.459526e+001  1.047418e+000
    endloop
  endfacet
  facet normal -1.138401e-003  3.064461e-001  9.518873e-001
    outer loop
      vertex  4.087662e+001  8.311470e+000  5.989394e+000
      vertex  4.050839e+001  7.817297e+000  6.148045e+000
      vertex  4.208094e+001  8.028100e+000  6.082061e+000
    endloop
  endfacet
  facet normal -2.787200e-003 -7.365342e-001  6.763946e-001
    outer loop
      vertex  4.065762e+001 -1.359062e+001  2.817502e+000
      vertex  4.188027e+001 -1.348529e+001  2.937234e+000
      vertex  4.082201e+001 -1.329894e+001  3.135792e+000
    endloop
  endfacet
  facet normal -2.688030e-016  9.972740e-001  7.378769e-002
    outer loop
      vertex  4.120622e+001  1.471104e+001  5.266197e-001
      vertex  4.117960e+001  1.475000e+001  1.509018e-013
      vertex  3.975000e+001  1.475000e+001  1.456939e-013
    endloop
  endfacet
  facet normal  1.541215e-002  9.993904e-001  3.132619e-002
    outer loop
      vertex  4.120622e+001  1.471104e+001  5.266197e-001
      vertex  3.975000e+001  1.475000e+001  1.456939e-013
      vertex  3.975723e+001  1.474278e+001  2.268486e-001
    endloop
  endfacet
  facet normal  2.176872e-003  9.954857e-001  9.488752e-002
    outer loop
      vertex  4.120622e+001  1.471104e+001  5.266197e-001
      vertex  3.975723e+001  1.474278e+001  2.268486e-001
      vertex  3.977872e+001  1.472116e+001  4.531335e-001
    endloop
  endfacet
  facet normal -1.099581e-003  9.875284e-001  1.574373e-001
    outer loop
      vertex  4.120622e+001  1.471104e+001  5.266197e-001
      vertex  3.977872e+001  1.472116e+001  4.531335e-001
      vertex  3.981388e+001  1.468531e+001  6.782820e-001
    endloop
  endfacet
  facet normal  5.511618e-003  9.763267e-001  2.162312e-001
    outer loop
      vertex  4.120622e+001  1.471104e+001  5.266197e-001
      vertex  3.981388e+001  1.468531e+001  6.782820e-001
      vertex  4.128322e+001  1.459526e+001  1.047418e+000
    endloop
  endfacet
  facet normal -4.461533e-003  9.140542e-001  4.055677e-001
    outer loop
      vertex  4.014522e+001  1.431557e+001  1.746616e+000
      vertex  4.140287e+001  1.440553e+001  1.557683e+000
      vertex  3.998686e+001  1.449990e+001  1.329431e+000
    endloop
  endfacet
  facet normal  6.536835e-003  9.377874e-001  3.471484e-001
    outer loop
      vertex  3.998686e+001  1.449990e+001  1.329431e+000
      vertex  4.140287e+001  1.440553e+001  1.557683e+000
      vertex  4.128322e+001  1.459526e+001  1.047418e+000
    endloop
  endfacet
  facet normal -4.124182e-003  9.529014e-001  3.032522e-001
    outer loop
      vertex  3.998686e+001  1.449990e+001  1.329431e+000
      vertex  4.128322e+001  1.459526e+001  1.047418e+000
      vertex  3.986180e+001  1.463546e+001  9.017634e-001
    endloop
  endfacet
  facet normal  2.442346e-003  6.949241e-001  7.190790e-001
    outer loop
      vertex  4.097895e+001  1.297849e+001  3.444936e+000
      vertex  4.209882e+001  1.292006e+001  3.497593e+000
      vertex  4.082193e+001  1.329907e+001  3.135653e+000
    endloop
  endfacet
  facet normal  8.653633e-003  7.057038e-001  7.084542e-001
    outer loop
      vertex  4.082193e+001  1.329907e+001  3.135653e+000
      vertex  4.209882e+001  1.292006e+001  3.497593e+000
      vertex  4.188027e+001  1.348529e+001  2.937234e+000
    endloop
  endfacet
  facet normal -2.789236e-003  7.365543e-001  6.763728e-001
    outer loop
      vertex  4.082193e+001  1.329907e+001  3.135653e+000
      vertex  4.188027e+001  1.348529e+001  2.937234e+000
      vertex  4.065754e+001  1.359075e+001  2.817346e+000
    endloop
  endfacet
  facet normal  6.594785e-003  7.832169e-001  6.217135e-001
    outer loop
      vertex  4.065754e+001  1.359075e+001  2.817346e+000
      vertex  4.188027e+001  1.348529e+001  2.937234e+000
      vertex  4.165628e+001  1.395600e+001  2.346626e+000
    endloop
  endfacet
  facet normal  7.297643e-003  7.824800e-001  6.226331e-001
    outer loop
      vertex  4.065754e+001  1.359075e+001  2.817346e+000
      vertex  4.165628e+001  1.395600e+001  2.346626e+000
      vertex  4.049063e+001  1.385278e+001  2.490007e+000
    endloop
  endfacet
  facet normal -8.685873e-003  8.436919e-001  5.367573e-001
    outer loop
      vertex  4.049063e+001  1.385278e+001  2.490007e+000
      vertex  4.165628e+001  1.395600e+001  2.346626e+000
      vertex  4.152251e+001  1.420227e+001  1.957361e+000
    endloop
  endfacet
  facet normal  9.193874e-003  8.277906e-001  5.609619e-001
    outer loop
      vertex  4.049063e+001  1.385278e+001  2.490007e+000
      vertex  4.152251e+001  1.420227e+001  1.957361e+000
      vertex  4.031236e+001  1.410316e+001  2.123446e+000
    endloop
  endfacet
  facet normal -1.034427e-002  8.900473e-001  4.557509e-001
    outer loop
      vertex  4.031236e+001  1.410316e+001  2.123446e+000
      vertex  4.152251e+001  1.420227e+001  1.957361e+000
      vertex  4.140287e+001  1.440553e+001  1.557683e+000
    endloop
  endfacet
  facet normal  1.075659e-002  8.731245e-001  4.873785e-001
    outer loop
      vertex  4.031236e+001  1.410316e+001  2.123446e+000
      vertex  4.140287e+001  1.440553e+001  1.557683e+000
      vertex  4.014522e+001  1.431557e+001  1.746616e+000
    endloop
  endfacet
  facet normal  4.875235e-004  6.130928e-001  7.900108e-001
    outer loop
      vertex  4.124329e+001  1.228425e+001  4.013081e+000
      vertex  4.228880e+001  1.226734e+001  4.025559e+000
      vertex  4.112406e+001  1.262966e+001  3.745093e+000
    endloop
  endfacet
  facet normal  9.235519e-003  6.304833e-001  7.761478e-001
    outer loop
      vertex  4.112406e+001  1.262966e+001  3.745093e+000
      vertex  4.228880e+001  1.226734e+001  4.025559e+000
      vertex  4.209882e+001  1.292006e+001  3.497593e+000
    endloop
  endfacet
  facet normal -1.650996e-003  6.518517e-001  7.583446e-001
    outer loop
      vertex  4.112406e+001  1.262966e+001  3.745093e+000
      vertex  4.209882e+001  1.292006e+001  3.497593e+000
      vertex  4.097895e+001  1.297849e+001  3.444936e+000
    endloop
  endfacet
  facet normal  7.099677e-004  5.415120e-001  8.406928e-001
    outer loop
      vertex  4.142614e+001  1.152746e+001  4.523105e+000
      vertex  4.243310e+001  1.149951e+001  4.540263e+000
      vertex  4.134515e+001  1.191645e+001  4.272615e+000
    endloop
  endfacet
  facet normal  9.736348e-003  5.580433e-001  8.297547e-001
    outer loop
      vertex  4.134515e+001  1.191645e+001  4.272615e+000
      vertex  4.243310e+001  1.149951e+001  4.540263e+000
      vertex  4.228880e+001  1.226734e+001  4.025559e+000
    endloop
  endfacet
  facet normal -4.281724e-004  5.764781e-001  8.171126e-001
    outer loop
      vertex  4.134515e+001  1.191645e+001  4.272615e+000
      vertex  4.228880e+001  1.226734e+001  4.025559e+000
      vertex  4.124329e+001  1.228425e+001  4.013081e+000
    endloop
  endfacet
  facet normal  2.246790e-003  4.775585e-001  8.785971e-001
    outer loop
      vertex  4.150940e+001  1.075457e+001  4.961772e+000
      vertex  4.249842e+001  1.065377e+001  5.014030e+000
      vertex  4.148281e+001  1.111875e+001  4.763890e+000
    endloop
  endfacet
  facet normal  9.198907e-003  4.892466e-001  8.720970e-001
    outer loop
      vertex  4.148281e+001  1.111875e+001  4.763890e+000
      vertex  4.249842e+001  1.065377e+001  5.014030e+000
      vertex  4.243310e+001  1.149951e+001  4.540263e+000
    endloop
  endfacet
  facet normal -5.902566e-004  5.075325e-001  8.616324e-001
    outer loop
      vertex  4.148281e+001  1.111875e+001  4.763890e+000
      vertex  4.243310e+001  1.149951e+001  4.540263e+000
      vertex  4.142614e+001  1.152746e+001  4.523105e+000
    endloop
  endfacet
  facet normal  6.141019e-003  4.246029e-001  9.053589e-001
    outer loop
      vertex  4.149316e+001  9.991154e+000  5.333433e+000
      vertex  4.246177e+001  9.743695e+000  5.442918e+000
      vertex  4.151357e+001  1.037821e+001  5.151772e+000
    endloop
  endfacet
  facet normal  7.317211e-003  4.260455e-001  9.046721e-001
    outer loop
      vertex  4.151357e+001  1.037821e+001  5.151772e+000
      vertex  4.246177e+001  9.743695e+000  5.442918e+000
      vertex  4.249842e+001  1.065377e+001  5.014030e+000
    endloop
  endfacet
  facet normal -1.240984e-003  4.506482e-001  8.927009e-001
    outer loop
      vertex  4.151357e+001  1.037821e+001  5.151772e+000
      vertex  4.249842e+001  1.065377e+001  5.014030e+000
      vertex  4.150940e+001  1.075457e+001  4.961772e+000
    endloop
  endfacet
  facet normal -1.339603e-003  4.002160e-001  9.164199e-001
    outer loop
      vertex  4.149316e+001  9.991154e+000  5.333433e+000
      vertex  4.144614e+001  9.595207e+000  5.506280e+000
      vertex  4.246177e+001  9.743695e+000  5.442918e+000
    endloop
  endfacet
  facet normal  2.866972e-003  3.758247e-001  9.266863e-001
    outer loop
      vertex  4.246177e+001  9.743695e+000  5.442918e+000
      vertex  4.144614e+001  9.595207e+000  5.506280e+000
      vertex  4.137053e+001  9.192478e+000  5.669844e+000
    endloop
  endfacet
  facet normal  5.373035e-003  3.715654e-001  9.283913e-001
    outer loop
      vertex  4.246177e+001  9.743695e+000  5.442918e+000
      vertex  4.137053e+001  9.192478e+000  5.669844e+000
      vertex  4.232645e+001  8.895882e+000  5.783017e+000
    endloop
  endfacet
  facet normal -9.859019e-004  3.537256e-001  9.353487e-001
    outer loop
      vertex  4.137053e+001  9.192478e+000  5.669844e+000
      vertex  4.126453e+001  8.785407e+000  5.823677e+000
      vertex  4.232645e+001  8.895882e+000  5.783017e+000
    endloop
  endfacet
  facet normal  1.974288e-003  3.286241e-001  9.444587e-001
    outer loop
      vertex  4.232645e+001  8.895882e+000  5.783017e+000
      vertex  4.126453e+001  8.785407e+000  5.823677e+000
      vertex  4.087662e+001  8.311470e+000  5.989394e+000
    endloop
  endfacet
  facet normal  3.669781e-003  3.248740e-001  9.457502e-001
    outer loop
      vertex  4.232645e+001  8.895882e+000  5.783017e+000
      vertex  4.087662e+001  8.311470e+000  5.989394e+000
      vertex  4.208094e+001  8.028100e+000  6.082061e+000
    endloop
  endfacet
  facet normal -1.210161e-003  1.236657e-001  9.923232e-001
    outer loop
      vertex  3.843146e+001  3.328285e+000  7.063017e+000
      vertex  3.952263e+001  3.502853e+000  7.042593e+000
      vertex  3.859093e+001  3.901848e+000  6.991733e+000
    endloop
  endfacet
  facet normal  4.450731e-003  1.366658e-001  9.906073e-001
    outer loop
      vertex  3.859093e+001  3.901848e+000  6.991733e+000
      vertex  3.952263e+001  3.502853e+000  7.042593e+000
      vertex  3.989579e+001  4.549359e+000  6.896538e+000
    endloop
  endfacet
  facet normal  9.415380e-004  1.435948e-001  9.896362e-001
    outer loop
      vertex  3.859093e+001  3.901848e+000  6.991733e+000
      vertex  3.989579e+001  4.549359e+000  6.896538e+000
      vertex  3.877455e+001  4.465023e+000  6.909842e+000
    endloop
  endfacet
  facet normal -1.084630e-003  1.698748e-001  9.854651e-001
    outer loop
      vertex  3.877455e+001  4.465023e+000  6.909842e+000
      vertex  3.989579e+001  4.549359e+000  6.896538e+000
      vertex  4.017862e+001  5.186307e+000  6.787052e+000
    endloop
  endfacet
  facet normal  1.511839e-003  1.649623e-001  9.862987e-001
    outer loop
      vertex  3.877455e+001  4.465023e+000  6.909842e+000
      vertex  4.017862e+001  5.186307e+000  6.787052e+000
      vertex  3.900106e+001  5.065228e+000  6.809108e+000
    endloop
  endfacet
  facet normal -1.617006e-003  1.944118e-001  9.809186e-001
    outer loop
      vertex  3.900106e+001  5.065228e+000  6.809108e+000
      vertex  4.017862e+001  5.186307e+000  6.787052e+000
      vertex  4.049608e+001  5.802384e+000  6.665473e+000
    endloop
  endfacet
  facet normal  1.951877e-003  1.874380e-001  9.822745e-001
    outer loop
      vertex  3.900106e+001  5.065228e+000  6.809108e+000
      vertex  4.049608e+001  5.802384e+000  6.665473e+000
      vertex  3.925413e+001  5.650304e+000  6.696961e+000
    endloop
  endfacet
  facet normal -2.091583e-003  2.190974e-001  9.757007e-001
    outer loop
      vertex  3.925413e+001  5.650304e+000  6.696961e+000
      vertex  4.049608e+001  5.802384e+000  6.665473e+000
      vertex  4.084657e+001  6.395924e+000  6.532943e+000
    endloop
  endfacet
  facet normal  2.313719e-003  2.101226e-001  9.776723e-001
    outer loop
      vertex  3.925413e+001  5.650304e+000  6.696961e+000
      vertex  4.084657e+001  6.395924e+000  6.532943e+000
      vertex  3.953258e+001  6.219042e+000  6.574068e+000
    endloop
  endfacet
  facet normal -2.480037e-003  2.439025e-001  9.697965e-001
    outer loop
      vertex  3.953258e+001  6.219042e+000  6.574068e+000
      vertex  4.084657e+001  6.395924e+000  6.532943e+000
      vertex  4.122852e+001  6.965495e+000  6.390673e+000
    endloop
  endfacet
  facet normal  2.578713e-003  2.330630e-001  9.724582e-001
    outer loop
      vertex  3.953258e+001  6.219042e+000  6.574068e+000
      vertex  4.122852e+001  6.965495e+000  6.390673e+000
      vertex  3.983522e+001  6.770376e+000  6.441131e+000
    endloop
  endfacet
  facet normal -2.759441e-003  2.687862e-001  9.631959e-001
    outer loop
      vertex  3.983522e+001  6.770376e+000  6.441131e+000
      vertex  4.122852e+001  6.965495e+000  6.390673e+000
      vertex  4.164043e+001  7.509889e+000  6.239936e+000
    endloop
  endfacet
  facet normal  2.732330e-003  2.563044e-001  9.665922e-001
    outer loop
      vertex  3.983522e+001  6.770376e+000  6.441131e+000
      vertex  4.164043e+001  7.509889e+000  6.239936e+000
      vertex  4.016088e+001  7.303387e+000  6.298875e+000
    endloop
  endfacet
  facet normal -2.912304e-003  2.936939e-001  9.558951e-001
    outer loop
      vertex  4.016088e+001  7.303387e+000  6.298875e+000
      vertex  4.164043e+001  7.509889e+000  6.239936e+000
      vertex  4.208094e+001  8.028100e+000  6.082061e+000
    endloop
  endfacet
  facet normal  2.762234e-003  2.798957e-001  9.600265e-001
    outer loop
      vertex  4.016088e+001  7.303387e+000  6.298875e+000
      vertex  4.208094e+001  8.028100e+000  6.082061e+000
      vertex  4.050839e+001  7.817297e+000  6.148045e+000
    endloop
  endfacet
  facet normal -1.475201e-003  8.281633e-002  9.965637e-001
    outer loop
      vertex  3.818791e+001  2.155391e+000  7.172176e+000
      vertex  3.924620e+001  2.418307e+000  7.151894e+000
      vertex  3.829690e+001  2.745659e+000  7.123285e+000
    endloop
  endfacet
  facet normal  4.222002e-003  9.920633e-002  9.950581e-001
    outer loop
      vertex  3.829690e+001  2.745659e+000  7.123285e+000
      vertex  3.924620e+001  2.418307e+000  7.151894e+000
      vertex  3.952263e+001  3.502853e+000  7.042593e+000
    endloop
  endfacet
  facet normal  2.240378e-003  1.023806e-001  9.947428e-001
    outer loop
      vertex  3.829690e+001  2.745659e+000  7.123285e+000
      vertex  3.952263e+001  3.502853e+000  7.042593e+000
      vertex  3.843146e+001  3.328285e+000  7.063017e+000
    endloop
  endfacet
  facet normal  2.296869e-003  2.177659e-002  9.997603e-001
    outer loop
      vertex  3.801938e+001  3.543228e-001  7.247908e+000
      vertex  3.900134e+001  1.793411e-001  7.249464e+000
      vertex  3.804877e+001  9.580782e-001  7.234690e+000
    endloop
  endfacet
  facet normal  4.538424e-003  2.451717e-002  9.996891e-001
    outer loop
      vertex  3.804877e+001  9.580782e-001  7.234690e+000
      vertex  3.900134e+001  1.793411e-001  7.249464e+000
      vertex  3.907133e+001  1.306487e+000  7.221503e+000
    endloop
  endfacet
  facet normal -1.495346e-003  4.220400e-002  9.991078e-001
    outer loop
      vertex  3.804877e+001  9.580782e-001  7.234690e+000
      vertex  3.907133e+001  1.306487e+000  7.221503e+000
      vertex  3.810505e+001  1.558996e+000  7.209390e+000
    endloop
  endfacet
  facet normal  3.667428e-003  6.191096e-002  9.980749e-001
    outer loop
      vertex  3.810505e+001  1.558996e+000  7.209390e+000
      vertex  3.907133e+001  1.306487e+000  7.221503e+000
      vertex  3.924620e+001  2.418307e+000  7.151894e+000
    endloop
  endfacet
  facet normal  3.786776e-003  6.175311e-002  9.980843e-001
    outer loop
      vertex  3.810505e+001  1.558996e+000  7.209390e+000
      vertex  3.924620e+001  2.418307e+000  7.151894e+000
      vertex  3.818791e+001  2.155391e+000  7.172176e+000
    endloop
  endfacet
  facet normal  2.629465e-005 -1.998588e-002  9.998003e-001
    outer loop
      vertex  3.804805e+001 -9.479583e-001  7.235012e+000
      vertex  3.903768e+001 -9.502105e-001  7.234941e+000
      vertex  3.801705e+001 -2.505101e-001  7.248954e+000
    endloop
  endfacet
  facet normal  5.026483e-003 -1.269444e-002  9.999068e-001
    outer loop
      vertex  3.801705e+001 -2.505101e-001  7.248954e+000
      vertex  3.903768e+001 -9.502105e-001  7.234941e+000
      vertex  3.900134e+001  1.793411e-001  7.249464e+000
    endloop
  endfacet
  facet normal -1.274914e-003  1.734603e-003  9.999977e-001
    outer loop
      vertex  3.801705e+001 -2.505101e-001  7.248954e+000
      vertex  3.900134e+001  1.793411e-001  7.249464e+000
      vertex  3.801938e+001  3.543228e-001  7.247908e+000
    endloop
  endfacet
  facet normal -1.323509e-003 -6.683397e-002  9.977632e-001
    outer loop
      vertex  3.821716e+001 -2.329062e+000  7.159047e+000
      vertex  3.920090e+001 -2.186614e+000  7.169893e+000
      vertex  3.811492e+001 -1.641677e+000  7.204955e+000
    endloop
  endfacet
  facet normal  6.295167e-003 -5.170760e-002  9.986424e-001
    outer loop
      vertex  3.811492e+001 -1.641677e+000  7.204955e+000
      vertex  3.920090e+001 -2.186614e+000  7.169893e+000
      vertex  3.903768e+001 -9.502105e-001  7.234941e+000
    endloop
  endfacet
  facet normal -2.679268e-005 -4.328923e-002  9.990625e-001
    outer loop
      vertex  3.811492e+001 -1.641677e+000  7.204955e+000
      vertex  3.903768e+001 -9.502105e-001  7.234941e+000
      vertex  3.804805e+001 -9.479583e-001  7.235012e+000
    endloop
  endfacet
  facet normal -1.883573e-003 -1.140887e-001  9.934688e-001
    outer loop
      vertex  3.852465e+001 -3.675192e+000  7.021341e+000
      vertex  3.948949e+001 -3.392385e+000  7.055648e+000
      vertex  3.835405e+001 -3.007661e+000  7.097676e+000
    endloop
  endfacet
  facet normal  5.321248e-003 -9.306268e-002  9.956461e-001
    outer loop
      vertex  3.835405e+001 -3.007661e+000  7.097676e+000
      vertex  3.948949e+001 -3.392385e+000  7.055648e+000
      vertex  3.920090e+001 -2.186614e+000  7.169893e+000
    endloop
  endfacet
  facet normal  2.002729e-003 -8.966831e-002  9.959697e-001
    outer loop
      vertex  3.835405e+001 -3.007661e+000  7.097676e+000
      vertex  3.920090e+001 -2.186614e+000  7.169893e+000
      vertex  3.821716e+001 -2.329062e+000  7.159047e+000
    endloop
  endfacet
  facet normal  1.243879e-003 -1.836173e-001  9.829971e-001
    outer loop
      vertex  3.921009e+001 -5.553765e+000  6.716443e+000
      vertex  4.041588e+001 -5.654768e+000  6.696050e+000
      vertex  3.895484e+001 -4.949509e+000  6.829637e+000
    endloop
  endfacet
  facet normal  4.905682e-003 -1.762833e-001  9.843273e-001
    outer loop
      vertex  3.895484e+001 -4.949509e+000  6.829637e+000
      vertex  4.041588e+001 -5.654768e+000  6.696050e+000
      vertex  3.989712e+001 -4.552590e+000  6.896025e+000
    endloop
  endfacet
  facet normal -1.563436e-003 -1.613553e-001  9.868951e-001
    outer loop
      vertex  3.895484e+001 -4.949509e+000  6.829637e+000
      vertex  3.989712e+001 -4.552590e+000  6.896025e+000
      vertex  3.872787e+001 -4.329545e+000  6.930640e+000
    endloop
  endfacet
  facet normal  3.567834e-003 -1.350667e-001  9.908301e-001
    outer loop
      vertex  3.872787e+001 -4.329545e+000  6.930640e+000
      vertex  3.989712e+001 -4.552590e+000  6.896025e+000
      vertex  3.948949e+001 -3.392385e+000  7.055648e+000
    endloop
  endfacet
  facet normal  4.606064e-003 -1.358948e-001  9.907126e-001
    outer loop
      vertex  3.872787e+001 -4.329545e+000  6.930640e+000
      vertex  3.948949e+001 -3.392385e+000  7.055648e+000
      vertex  3.852465e+001 -3.675192e+000  7.021341e+000
    endloop
  endfacet
  facet normal -1.383215e-003 -2.321903e-001  9.726694e-001
    outer loop
      vertex  3.980040e+001 -6.709933e+000  6.456394e+000
      vertex  4.090983e+001 -6.495273e+000  6.509214e+000
      vertex  3.949238e+001 -6.140968e+000  6.591776e+000
    endloop
  endfacet
  facet normal  3.071507e-003 -2.152726e-001  9.765491e-001
    outer loop
      vertex  3.949238e+001 -6.140968e+000  6.591776e+000
      vertex  4.090983e+001 -6.495273e+000  6.509214e+000
      vertex  4.041588e+001 -5.654768e+000  6.696050e+000
    endloop
  endfacet
  facet normal -8.883842e-004 -2.080858e-001  9.781101e-001
    outer loop
      vertex  3.949238e+001 -6.140968e+000  6.591776e+000
      vertex  4.041588e+001 -5.654768e+000  6.696050e+000
      vertex  3.921009e+001 -5.553765e+000  6.716443e+000
    endloop
  endfacet
  facet normal  2.018372e-003 -3.282484e-001  9.445893e-001
    outer loop
      vertex  4.126453e+001 -8.785407e+000  5.823677e+000
      vertex  4.232645e+001 -8.895882e+000  5.783017e+000
      vertex  4.086611e+001 -8.298000e+000  5.993904e+000
    endloop
  endfacet
  facet normal  3.554148e-003 -3.249033e-001  9.457405e-001
    outer loop
      vertex  4.086611e+001 -8.298000e+000  5.993904e+000
      vertex  4.232645e+001 -8.895882e+000  5.783017e+000
      vertex  4.208094e+001 -8.028100e+000  6.082061e+000
    endloop
  endfacet
  facet normal -1.226837e-003 -3.054917e-001  9.521939e-001
    outer loop
      vertex  4.086611e+001 -8.298000e+000  5.993904e+000
      vertex  4.208094e+001 -8.028100e+000  6.082061e+000
      vertex  4.048851e+001 -7.789229e+000  6.156646e+000
    endloop
  endfacet
  facet normal  2.214897e-003 -2.845646e-001  9.586543e-001
    outer loop
      vertex  4.048851e+001 -7.789229e+000  6.156646e+000
      vertex  4.208094e+001 -8.028100e+000  6.082061e+000
      vertex  4.146621e+001 -7.287447e+000  6.303335e+000
    endloop
  endfacet
  facet normal -2.642021e-004 -2.801175e-001  9.599658e-001
    outer loop
      vertex  4.048851e+001 -7.789229e+000  6.156646e+000
      vertex  4.146621e+001 -7.287447e+000  6.303335e+000
      vertex  4.013286e+001 -7.259640e+000  6.311082e+000
    endloop
  endfacet
  facet normal  3.833257e-004 -2.512831e-001  9.679136e-001
    outer loop
      vertex  4.013286e+001 -7.259640e+000  6.311082e+000
      vertex  4.146621e+001 -7.287447e+000  6.303335e+000
      vertex  4.090983e+001 -6.495273e+000  6.509214e+000
    endloop
  endfacet
  facet normal  3.062658e-003 -2.538328e-001  9.672433e-001
    outer loop
      vertex  4.013286e+001 -7.259640e+000  6.311082e+000
      vertex  4.090983e+001 -6.495273e+000  6.509214e+000
      vertex  3.980040e+001 -6.709933e+000  6.456394e+000
    endloop
  endfacet
  facet normal  2.867873e-003 -3.758234e-001  9.266868e-001
    outer loop
      vertex  4.144613e+001 -9.595174e+000  5.506295e+000
      vertex  4.246177e+001 -9.743695e+000  5.442918e+000
      vertex  4.137053e+001 -9.192461e+000  5.669851e+000
    endloop
  endfacet
  facet normal  5.373276e-003 -3.715653e-001  9.283913e-001
    outer loop
      vertex  4.137053e+001 -9.192461e+000  5.669851e+000
      vertex  4.246177e+001 -9.743695e+000  5.442918e+000
      vertex  4.232645e+001 -8.895882e+000  5.783017e+000
    endloop
  endfacet
  facet normal -9.857391e-004 -3.537242e-001  9.353492e-001
    outer loop
      vertex  4.137053e+001 -9.192461e+000  5.669851e+000
      vertex  4.232645e+001 -8.895882e+000  5.783017e+000
      vertex  4.126453e+001 -8.785407e+000  5.823677e+000
    endloop
  endfacet
  facet normal  7.844462e-003 -4.245206e-001  9.053844e-001
    outer loop
      vertex  4.151356e+001 -1.037814e+001  5.151803e+000
      vertex  4.249842e+001 -1.065377e+001  5.014030e+000
      vertex  4.149316e+001 -9.991104e+000  5.333455e+000
    endloop
  endfacet
  facet normal  6.593659e-003 -4.260714e-001  9.046654e-001
    outer loop
      vertex  4.149316e+001 -9.991104e+000  5.333455e+000
      vertex  4.249842e+001 -1.065377e+001  5.014030e+000
      vertex  4.246177e+001 -9.743695e+000  5.442918e+000
    endloop
  endfacet
  facet normal -1.339491e-003 -4.002140e-001  9.164208e-001
    outer loop
      vertex  4.149316e+001 -9.991104e+000  5.333455e+000
      vertex  4.246177e+001 -9.743695e+000  5.442918e+000
      vertex  4.144613e+001 -9.595174e+000  5.506295e+000
    endloop
  endfacet
  facet normal -1.240276e-003 -4.506429e-001  8.927035e-001
    outer loop
      vertex  4.151356e+001 -1.037814e+001  5.151803e+000
      vertex  4.150940e+001 -1.075449e+001  4.961813e+000
      vertex  4.249842e+001 -1.065377e+001  5.014030e+000
    endloop
  endfacet
  facet normal  2.244527e-003 -4.775513e-001  8.786010e-001
    outer loop
      vertex  4.249842e+001 -1.065377e+001  5.014030e+000
      vertex  4.150940e+001 -1.075449e+001  4.961813e+000
      vertex  4.148281e+001 -1.111866e+001  4.763941e+000
    endloop
  endfacet
  facet normal  9.199543e-003 -4.892467e-001  8.720970e-001
    outer loop
      vertex  4.249842e+001 -1.065377e+001  5.014030e+000
      vertex  4.148281e+001 -1.111866e+001  4.763941e+000
      vertex  4.243310e+001 -1.149951e+001  4.540263e+000
    endloop
  endfacet
  facet normal -5.883249e-004 -5.075258e-001  8.616364e-001
    outer loop
      vertex  4.148281e+001 -1.111866e+001  4.763941e+000
      vertex  4.142615e+001 -1.152737e+001  4.523163e+000
      vertex  4.243310e+001 -1.149951e+001  4.540263e+000
    endloop
  endfacet
  facet normal  7.073751e-004 -5.415016e-001  8.406994e-001
    outer loop
      vertex  4.243310e+001 -1.149951e+001  4.540263e+000
      vertex  4.142615e+001 -1.152737e+001  4.523163e+000
      vertex  4.134517e+001 -1.191634e+001  4.272691e+000
    endloop
  endfacet
  facet normal  9.737110e-003 -5.580434e-001  8.297546e-001
    outer loop
      vertex  4.243310e+001 -1.149951e+001  4.540263e+000
      vertex  4.134517e+001 -1.191634e+001  4.272691e+000
      vertex  4.228880e+001 -1.226734e+001  4.025559e+000
    endloop
  endfacet
  facet normal -4.249065e-004 -5.764673e-001  8.171201e-001
    outer loop
      vertex  4.134517e+001 -1.191634e+001  4.272691e+000
      vertex  4.124334e+001 -1.228412e+001  4.013176e+000
      vertex  4.228880e+001 -1.226734e+001  4.025559e+000
    endloop
  endfacet
  facet normal  4.837664e-004 -6.130794e-001  7.900212e-001
    outer loop
      vertex  4.228880e+001 -1.226734e+001  4.025559e+000
      vertex  4.124334e+001 -1.228412e+001  4.013176e+000
      vertex  4.112411e+001 -1.262953e+001  3.745196e+000
    endloop
  endfacet
  facet normal  9.235747e-003 -6.304834e-001  7.761478e-001
    outer loop
      vertex  4.228880e+001 -1.226734e+001  4.025559e+000
      vertex  4.112411e+001 -1.262953e+001  3.745196e+000
      vertex  4.209882e+001 -1.292006e+001  3.497593e+000
    endloop
  endfacet
  facet normal -1.647966e-003 -6.518363e-001  7.583579e-001
    outer loop
      vertex  4.112411e+001 -1.262953e+001  3.745196e+000
      vertex  4.097902e+001 -1.297835e+001  3.445058e+000
      vertex  4.209882e+001 -1.292006e+001  3.497593e+000
    endloop
  endfacet
  facet normal  2.435626e-003 -6.949041e-001  7.190984e-001
    outer loop
      vertex  4.209882e+001 -1.292006e+001  3.497593e+000
      vertex  4.097902e+001 -1.297835e+001  3.445058e+000
      vertex  4.082201e+001 -1.329894e+001  3.135792e+000
    endloop
  endfacet
  facet normal  8.656746e-003 -7.057044e-001  7.084535e-001
    outer loop
      vertex  4.209882e+001 -1.292006e+001  3.497593e+000
      vertex  4.082201e+001 -1.329894e+001  3.135792e+000
      vertex  4.188027e+001 -1.348529e+001  2.937234e+000
    endloop
  endfacet
  facet normal -4.125318e-003 -9.528999e-001  3.032569e-001
    outer loop
      vertex  3.986180e+001 -1.463546e+001  9.017424e-001
      vertex  4.128322e+001 -1.459526e+001  1.047418e+000
      vertex  3.998687e+001 -1.449988e+001  1.329481e+000
    endloop
  endfacet
  facet normal  6.536609e-003 -9.377874e-001  3.471485e-001
    outer loop
      vertex  3.998687e+001 -1.449988e+001  1.329481e+000
      vertex  4.128322e+001 -1.459526e+001  1.047418e+000
      vertex  4.140287e+001 -1.440553e+001  1.557683e+000
    endloop
  endfacet
  facet normal -4.463313e-003 -9.140452e-001  4.055880e-001
    outer loop
      vertex  3.998687e+001 -1.449988e+001  1.329481e+000
      vertex  4.140287e+001 -1.440553e+001  1.557683e+000
      vertex  4.014527e+001 -1.431551e+001  1.746735e+000
    endloop
  endfacet
  facet normal  4.151901e-003 -8.918434e-001  4.523252e-001
    outer loop
      vertex  4.014527e+001 -1.431551e+001  1.746735e+000
      vertex  4.140287e+001 -1.440553e+001  1.557683e+000
      vertex  4.152251e+001 -1.420227e+001  1.957361e+000
    endloop
  endfacet
  facet normal -3.725485e-003 -8.704112e-001  4.923114e-001
    outer loop
      vertex  4.014527e+001 -1.431551e+001  1.746735e+000
      vertex  4.152251e+001 -1.420227e+001  1.957361e+000
      vertex  4.031244e+001 -1.410306e+001  2.123598e+000
    endloop
  endfacet
  facet normal  3.982596e-003 -8.456863e-001  5.336655e-001
    outer loop
      vertex  4.031244e+001 -1.410306e+001  2.123598e+000
      vertex  4.152251e+001 -1.420227e+001  1.957361e+000
      vertex  4.165628e+001 -1.395600e+001  2.346626e+000
    endloop
  endfacet
  facet normal -3.528631e-003 -8.249237e-001  5.652331e-001
    outer loop
      vertex  4.031244e+001 -1.410306e+001  2.123598e+000
      vertex  4.165628e+001 -1.395600e+001  2.346626e+000
      vertex  4.049071e+001 -1.385264e+001  2.490186e+000
    endloop
  endfacet
  facet normal  7.103222e-003 -7.833080e-001  6.215934e-001
    outer loop
      vertex  4.049071e+001 -1.385264e+001  2.490186e+000
      vertex  4.165628e+001 -1.395600e+001  2.346626e+000
      vertex  4.188027e+001 -1.348529e+001  2.937234e+000
    endloop
  endfacet
  facet normal  6.383765e-003 -7.822364e-001  6.229491e-001
    outer loop
      vertex  4.049071e+001 -1.385264e+001  2.490186e+000
      vertex  4.188027e+001 -1.348529e+001  2.937234e+000
      vertex  4.065762e+001 -1.359062e+001  2.817502e+000
    endloop
  endfacet
  facet normal -1.099618e-003 -9.875292e-001  1.574322e-001
    outer loop
      vertex  3.977872e+001 -1.472116e+001  4.531187e-001
      vertex  4.120622e+001 -1.471104e+001  5.266197e-001
      vertex  3.981388e+001 -1.468531e+001  6.782628e-001
    endloop
  endfacet
  facet normal  5.511278e-003 -9.763266e-001  2.162312e-001
    outer loop
      vertex  3.981388e+001 -1.468531e+001  6.782628e-001
      vertex  4.120622e+001 -1.471104e+001  5.266197e-001
      vertex  4.128322e+001 -1.459526e+001  1.047418e+000
    endloop
  endfacet
  facet normal  5.417805e-003 -9.762489e-001  2.165843e-001
    outer loop
      vertex  3.981388e+001 -1.468531e+001  6.782628e-001
      vertex  4.128322e+001 -1.459526e+001  1.047418e+000
      vertex  3.986180e+001 -1.463546e+001  9.017424e-001
    endloop
  endfacet
  facet normal -1.159099e-016 -9.994937e-001  3.181780e-002
    outer loop
      vertex  3.975000e+001 -1.475000e+001  1.448060e-013
      vertex  4.117960e+001 -1.475000e+001  1.500140e-013
      vertex  3.975723e+001 -1.474278e+001  2.268405e-001
    endloop
  endfacet
  facet normal  6.651052e-003 -9.972766e-001  7.345170e-002
    outer loop
      vertex  3.975723e+001 -1.474278e+001  2.268405e-001
      vertex  4.117960e+001 -1.475000e+001  1.500140e-013
      vertex  4.120622e+001 -1.471104e+001  5.266197e-001
    endloop
  endfacet
  facet normal  2.177284e-003 -9.954857e-001  9.488612e-002
    outer loop
      vertex  3.975723e+001 -1.474278e+001  2.268405e-001
      vertex  4.120622e+001 -1.471104e+001  5.266197e-001
      vertex  3.977872e+001 -1.472116e+001  4.531187e-001
    endloop
  endfacet
  facet normal -7.821546e-001 -6.230844e-001  1.590298e-006
    outer loop
      vertex  3.968375e+001  1.425000e+001 -1.110223e-016
      vertex  3.970194e+001  1.422716e+001 -3.736559e-001
      vertex  3.970194e+001  1.422716e+001  3.736503e-001
    endloop
  endfacet
  facet normal -7.880120e-001 -6.156599e-001  1.571348e-006
    outer loop
      vertex  3.970194e+001  1.422716e+001  3.736503e-001
      vertex  3.970194e+001  1.422716e+001 -3.736559e-001
      vertex  3.975407e+001  1.416044e+001 -7.396418e-001
    endloop
  endfacet
  facet normal -7.880291e-001 -6.156380e-001 -5.398828e-007
    outer loop
      vertex  3.970194e+001  1.422716e+001  3.736503e-001
      vertex  3.975407e+001  1.416044e+001 -7.396418e-001
      vertex  3.975406e+001  1.416045e+001  7.396108e-001
    endloop
  endfacet
  facet normal -7.993429e-001 -6.008752e-001 -7.606571e-007
    outer loop
      vertex  3.975406e+001  1.416045e+001  7.396108e-001
      vertex  3.975407e+001  1.416044e+001 -7.396418e-001
      vertex  3.983738e+001  1.404961e+001 -1.105552e+000
    endloop
  endfacet
  facet normal -7.993318e-001 -6.008899e-001  6.207464e-007
    outer loop
      vertex  3.975406e+001  1.416045e+001  7.396108e-001
      vertex  3.983738e+001  1.404961e+001 -1.105552e+000
      vertex  3.983736e+001  1.404964e+001  1.105495e+000
    endloop
  endfacet
  facet normal -8.150389e-001 -5.794063e-001  2.165253e-007
    outer loop
      vertex  3.983736e+001  1.404964e+001  1.105495e+000
      vertex  3.983738e+001  1.404961e+001 -1.105552e+000
      vertex  3.994199e+001  1.390246e+001 -1.453889e+000
    endloop
  endfacet
  facet normal -8.150407e-001 -5.794037e-001 -2.668251e-009
    outer loop
      vertex  3.983736e+001  1.404964e+001  1.105495e+000
      vertex  3.994199e+001  1.390246e+001 -1.453889e+000
      vertex  3.994196e+001  1.390250e+001  1.453805e+000
    endloop
  endfacet
  facet normal -8.338443e-001 -5.519997e-001 -6.044830e-007
    outer loop
      vertex  3.994196e+001  1.390250e+001  1.453805e+000
      vertex  3.994199e+001  1.390246e+001 -1.453889e+000
      vertex  4.006245e+001  1.372050e+001 -1.790782e+000
    endloop
  endfacet
  facet normal -8.338339e-001 -5.520155e-001  6.668777e-007
    outer loop
      vertex  3.994196e+001  1.390250e+001  1.453805e+000
      vertex  4.006245e+001  1.372050e+001 -1.790782e+000
      vertex  4.006240e+001  1.372057e+001  1.790668e+000
    endloop
  endfacet
  facet normal -8.545667e-001 -5.193417e-001 -1.937652e-007
    outer loop
      vertex  4.006240e+001  1.372057e+001  1.790668e+000
      vertex  4.006245e+001  1.372050e+001 -1.790782e+000
      vertex  4.019025e+001  1.351020e+001 -2.111172e+000
    endloop
  endfacet
  facet normal -8.545642e-001 -5.193458e-001  1.001856e-007
    outer loop
      vertex  4.006240e+001  1.372057e+001  1.790668e+000
      vertex  4.019025e+001  1.351020e+001 -2.111172e+000
      vertex  4.019020e+001  1.351029e+001  2.111047e+000
    endloop
  endfacet
  facet normal -8.876006e-001 -4.606138e-001 -1.551402e-006
    outer loop
      vertex  4.019020e+001  1.351029e+001  2.111047e+000
      vertex  4.019025e+001  1.351020e+001 -2.111172e+000
      vertex  4.044923e+001  1.301116e+001 -2.713597e+000
    endloop
  endfacet
  facet normal -8.875894e-001 -4.606355e-001  1.289030e-006
    outer loop
      vertex  4.019020e+001  1.351029e+001  2.111047e+000
      vertex  4.044923e+001  1.301116e+001 -2.713597e+000
      vertex  4.044919e+001  1.301125e+001  2.713505e+000
    endloop
  endfacet
  facet normal -9.288753e-001 -3.703927e-001 -4.759478e-007
    outer loop
      vertex  4.044919e+001  1.301125e+001  2.713505e+000
      vertex  4.044923e+001  1.301116e+001 -2.713597e+000
      vertex  4.068200e+001  1.242742e+001 -3.263217e+000
    endloop
  endfacet
  facet normal -9.288710e-001 -3.704035e-001  7.460489e-007
    outer loop
      vertex  4.044919e+001  1.301125e+001  2.713505e+000
      vertex  4.068200e+001  1.242742e+001 -3.263217e+000
      vertex  4.068197e+001  1.242750e+001  3.263151e+000
    endloop
  endfacet
  facet normal -9.631643e-001 -2.689135e-001 -6.400136e-007
    outer loop
      vertex  4.068197e+001  1.242750e+001  3.263151e+000
      vertex  4.068200e+001  1.242742e+001 -3.263217e+000
      vertex  4.085865e+001  1.179471e+001 -3.749544e+000
    endloop
  endfacet
  facet normal -9.631609e-001 -2.689255e-001  5.256443e-007
    outer loop
      vertex  4.068197e+001  1.242750e+001  3.263151e+000
      vertex  4.085865e+001  1.179471e+001 -3.749544e+000
      vertex  4.085863e+001  1.179480e+001  3.749485e+000
    endloop
  endfacet
  facet normal -9.872962e-001 -1.588911e-001 -7.531690e-007
    outer loop
      vertex  4.085863e+001  1.179480e+001  3.749485e+000
      vertex  4.085865e+001  1.179471e+001 -3.749544e+000
      vertex  4.096903e+001  1.110881e+001 -4.191913e+000
    endloop
  endfacet
  facet normal -9.872935e-001 -1.589072e-001  6.741629e-007
    outer loop
      vertex  4.085863e+001  1.179480e+001  3.749485e+000
      vertex  4.096903e+001  1.110881e+001 -4.191913e+000
      vertex  4.096902e+001  1.110890e+001  4.191860e+000
    endloop
  endfacet
  facet normal -9.992523e-001 -3.866565e-002 -5.266858e-007
    outer loop
      vertex  4.096902e+001  1.110890e+001  4.191860e+000
      vertex  4.096903e+001  1.110881e+001 -4.191913e+000
      vertex  4.099823e+001  1.035425e+001 -4.605396e+000
    endloop
  endfacet
  facet normal -9.992519e-001 -3.867457e-002  2.402600e-007
    outer loop
      vertex  4.096902e+001  1.110890e+001  4.191860e+000
      vertex  4.099823e+001  1.035425e+001 -4.605396e+000
      vertex  4.099823e+001  1.035431e+001  4.605363e+000
    endloop
  endfacet
  facet normal -9.983931e-001  5.666886e-002 -3.520468e-007
    outer loop
      vertex  4.099823e+001  1.035431e+001  4.605363e+000
      vertex  4.099823e+001  1.035425e+001 -4.605396e+000
      vertex  4.097620e+001  9.966060e+000 -4.794448e+000
    endloop
  endfacet
  facet normal -9.983937e-001  5.665703e-002  1.379809e-007
    outer loop
      vertex  4.099823e+001  1.035431e+001  4.605363e+000
      vertex  4.097620e+001  9.966060e+000 -4.794448e+000
      vertex  4.097620e+001  9.966104e+000  4.794425e+000
    endloop
  endfacet
  facet normal -9.925587e-001  1.217675e-001 -1.622204e-007
    outer loop
      vertex  4.097620e+001  9.966104e+000  4.794425e+000
      vertex  4.097620e+001  9.966060e+000 -4.794448e+000
      vertex  4.092805e+001  9.573584e+000 -4.971657e+000
    endloop
  endfacet
  facet normal -9.925592e-001  1.217631e-001  1.875840e-008
    outer loop
      vertex  4.097620e+001  9.966104e+000  4.794425e+000
      vertex  4.092805e+001  9.573584e+000 -4.971657e+000
      vertex  4.092805e+001  9.573613e+000  4.971642e+000
    endloop
  endfacet
  facet normal -9.822884e-001  1.873754e-001 -1.802638e-007
    outer loop
      vertex  4.092805e+001  9.573613e+000  4.971642e+000
      vertex  4.092805e+001  9.573584e+000 -4.971657e+000
      vertex  4.085282e+001  9.179203e+000 -5.137005e+000
    endloop
  endfacet
  facet normal -9.822896e-001  1.873688e-001  8.644300e-008
    outer loop
      vertex  4.092805e+001  9.573613e+000  4.971642e+000
      vertex  4.085282e+001  9.179203e+000 -5.137005e+000
      vertex  4.085282e+001  9.179218e+000  5.136999e+000
    endloop
  endfacet
  facet normal -9.674428e-001  2.530896e-001 -1.667706e-008
    outer loop
      vertex  4.085282e+001  9.179218e+000  5.136999e+000
      vertex  4.085282e+001  9.179203e+000 -5.137005e+000
      vertex  4.074980e+001  8.785407e+000 -5.290523e+000
    endloop
  endfacet
  facet normal -9.674430e-001  2.530892e-001  0.000000e+000
    outer loop
      vertex  4.085282e+001  9.179218e+000  5.136999e+000
      vertex  4.074980e+001  8.785407e+000 -5.290523e+000
      vertex  4.074980e+001  8.785407e+000  5.290523e+000
    endloop
  endfacet
  facet normal  5.416370e-003 -9.762474e-001 -2.165909e-001
    outer loop
      vertex  3.981388e+001 -1.468531e+001 -6.782819e-001
      vertex  3.986180e+001 -1.463546e+001 -9.017633e-001
      vertex  4.128322e+001 -1.459526e+001 -1.047418e+000
    endloop
  endfacet
  facet normal -1.137201e-003 -3.064589e-001 -9.518832e-001
    outer loop
      vertex  4.087676e+001 -8.311650e+000 -5.989333e+000
      vertex  4.050864e+001 -7.817659e+000 -6.147934e+000
      vertex  4.208094e+001 -8.028100e+000 -6.082061e+000
    endloop
  endfacet
  facet normal -2.787290e-003  7.365342e-001 -6.763947e-001
    outer loop
      vertex  4.065762e+001  1.359062e+001 -2.817501e+000
      vertex  4.188027e+001  1.348529e+001 -2.937234e+000
      vertex  4.082201e+001  1.329894e+001 -3.135791e+000
    endloop
  endfacet
  facet normal  2.688030e-016 -9.972740e-001 -7.378769e-002
    outer loop
      vertex  4.120622e+001 -1.471104e+001 -5.266197e-001
      vertex  4.117960e+001 -1.475000e+001  1.500140e-013
      vertex  3.975000e+001 -1.475000e+001  1.448060e-013
    endloop
  endfacet
  facet normal  1.541215e-002 -9.993904e-001 -3.132620e-002
    outer loop
      vertex  4.120622e+001 -1.471104e+001 -5.266197e-001
      vertex  3.975000e+001 -1.475000e+001  1.448060e-013
      vertex  3.975723e+001 -1.474278e+001 -2.268485e-001
    endloop
  endfacet
  facet normal  2.176864e-003 -9.954856e-001 -9.488753e-002
    outer loop
      vertex  4.120622e+001 -1.471104e+001 -5.266197e-001
      vertex  3.975723e+001 -1.474278e+001 -2.268485e-001
      vertex  3.977872e+001 -1.472116e+001 -4.531334e-001
    endloop
  endfacet
  facet normal -1.099590e-003 -9.875284e-001 -1.574373e-001
    outer loop
      vertex  4.120622e+001 -1.471104e+001 -5.266197e-001
      vertex  3.977872e+001 -1.472116e+001 -4.531334e-001
      vertex  3.981388e+001 -1.468531e+001 -6.782819e-001
    endloop
  endfacet
  facet normal  5.511584e-003 -9.763266e-001 -2.162312e-001
    outer loop
      vertex  4.120622e+001 -1.471104e+001 -5.266197e-001
      vertex  3.981388e+001 -1.468531e+001 -6.782819e-001
      vertex  4.128322e+001 -1.459526e+001 -1.047418e+000
    endloop
  endfacet
  facet normal -4.461440e-003 -9.140542e-001 -4.055676e-001
    outer loop
      vertex  4.014522e+001 -1.431557e+001 -1.746616e+000
      vertex  4.140287e+001 -1.440553e+001 -1.557683e+000
      vertex  3.998686e+001 -1.449990e+001 -1.329431e+000
    endloop
  endfacet
  facet normal  6.536895e-003 -9.377874e-001 -3.471484e-001
    outer loop
      vertex  3.998686e+001 -1.449990e+001 -1.329431e+000
      vertex  4.140287e+001 -1.440553e+001 -1.557683e+000
      vertex  4.128322e+001 -1.459526e+001 -1.047418e+000
    endloop
  endfacet
  facet normal -4.124182e-003 -9.529015e-001 -3.032521e-001
    outer loop
      vertex  3.998686e+001 -1.449990e+001 -1.329431e+000
      vertex  4.128322e+001 -1.459526e+001 -1.047418e+000
      vertex  3.986180e+001 -1.463546e+001 -9.017633e-001
    endloop
  endfacet
  facet normal  2.442316e-003 -6.949238e-001 -7.190793e-001
    outer loop
      vertex  4.097895e+001 -1.297849e+001 -3.444936e+000
      vertex  4.209882e+001 -1.292006e+001 -3.497593e+000
      vertex  4.082193e+001 -1.329907e+001 -3.135653e+000
    endloop
  endfacet
  facet normal  8.653782e-003 -7.057039e-001 -7.084542e-001
    outer loop
      vertex  4.082193e+001 -1.329907e+001 -3.135653e+000
      vertex  4.209882e+001 -1.292006e+001 -3.497593e+000
      vertex  4.188027e+001 -1.348529e+001 -2.937234e+000
    endloop
  endfacet
  facet normal -2.789183e-003 -7.365545e-001 -6.763725e-001
    outer loop
      vertex  4.082193e+001 -1.329907e+001 -3.135653e+000
      vertex  4.188027e+001 -1.348529e+001 -2.937234e+000
      vertex  4.065754e+001 -1.359075e+001 -2.817346e+000
    endloop
  endfacet
  facet normal  6.594785e-003 -7.832169e-001 -6.217135e-001
    outer loop
      vertex  4.065754e+001 -1.359075e+001 -2.817346e+000
      vertex  4.188027e+001 -1.348529e+001 -2.937234e+000
      vertex  4.165628e+001 -1.395600e+001 -2.346626e+000
    endloop
  endfacet
  facet normal  7.297816e-003 -7.824796e-001 -6.226332e-001
    outer loop
      vertex  4.065754e+001 -1.359075e+001 -2.817346e+000
      vertex  4.165628e+001 -1.395600e+001 -2.346626e+000
      vertex  4.049063e+001 -1.385278e+001 -2.490008e+000
    endloop
  endfacet
  facet normal -8.685767e-003 -8.436919e-001 -5.367573e-001
    outer loop
      vertex  4.049063e+001 -1.385278e+001 -2.490008e+000
      vertex  4.165628e+001 -1.395600e+001 -2.346626e+000
      vertex  4.152251e+001 -1.420227e+001 -1.957361e+000
    endloop
  endfacet
  facet normal  9.193241e-003 -8.277913e-001 -5.609608e-001
    outer loop
      vertex  4.049063e+001 -1.385278e+001 -2.490008e+000
      vertex  4.152251e+001 -1.420227e+001 -1.957361e+000
      vertex  4.031236e+001 -1.410316e+001 -2.123447e+000
    endloop
  endfacet
  facet normal -1.034476e-002 -8.900472e-001 -4.557511e-001
    outer loop
      vertex  4.031236e+001 -1.410316e+001 -2.123447e+000
      vertex  4.152251e+001 -1.420227e+001 -1.957361e+000
      vertex  4.140287e+001 -1.440553e+001 -1.557683e+000
    endloop
  endfacet
  facet normal  1.075699e-002 -8.731238e-001 -4.873800e-001
    outer loop
      vertex  4.031236e+001 -1.410316e+001 -2.123447e+000
      vertex  4.140287e+001 -1.440553e+001 -1.557683e+000
      vertex  4.014522e+001 -1.431557e+001 -1.746616e+000
    endloop
  endfacet
  facet normal  4.875315e-004 -6.130931e-001 -7.900105e-001
    outer loop
      vertex  4.124329e+001 -1.228425e+001 -4.013081e+000
      vertex  4.228880e+001 -1.226734e+001 -4.025559e+000
      vertex  4.112406e+001 -1.262966e+001 -3.745093e+000
    endloop
  endfacet
  facet normal  9.235343e-003 -6.304833e-001 -7.761478e-001
    outer loop
      vertex  4.112406e+001 -1.262966e+001 -3.745093e+000
      vertex  4.228880e+001 -1.226734e+001 -4.025559e+000
      vertex  4.209882e+001 -1.292006e+001 -3.497593e+000
    endloop
  endfacet
  facet normal -1.651024e-003 -6.518515e-001 -7.583449e-001
    outer loop
      vertex  4.112406e+001 -1.262966e+001 -3.745093e+000
      vertex  4.209882e+001 -1.292006e+001 -3.497593e+000
      vertex  4.097895e+001 -1.297849e+001 -3.444936e+000
    endloop
  endfacet
  facet normal  7.099303e-004 -5.415110e-001 -8.406934e-001
    outer loop
      vertex  4.142614e+001 -1.152746e+001 -4.523105e+000
      vertex  4.243310e+001 -1.149951e+001 -4.540263e+000
      vertex  4.134515e+001 -1.191645e+001 -4.272615e+000
    endloop
  endfacet
  facet normal  9.736883e-003 -5.580434e-001 -8.297546e-001
    outer loop
      vertex  4.134515e+001 -1.191645e+001 -4.272615e+000
      vertex  4.243310e+001 -1.149951e+001 -4.540263e+000
      vertex  4.228880e+001 -1.226734e+001 -4.025559e+000
    endloop
  endfacet
  facet normal -4.281483e-004 -5.764790e-001 -8.171118e-001
    outer loop
      vertex  4.134515e+001 -1.191645e+001 -4.272615e+000
      vertex  4.228880e+001 -1.226734e+001 -4.025559e+000
      vertex  4.124329e+001 -1.228425e+001 -4.013081e+000
    endloop
  endfacet
  facet normal  2.246364e-003 -4.775585e-001 -8.785971e-001
    outer loop
      vertex  4.150940e+001 -1.075457e+001 -4.961772e+000
      vertex  4.249842e+001 -1.065377e+001 -5.014030e+000
      vertex  4.148281e+001 -1.111875e+001 -4.763889e+000
    endloop
  endfacet
  facet normal  9.198485e-003 -4.892466e-001 -8.720971e-001
    outer loop
      vertex  4.148281e+001 -1.111875e+001 -4.763889e+000
      vertex  4.249842e+001 -1.065377e+001 -5.014030e+000
      vertex  4.243310e+001 -1.149951e+001 -4.540263e+000
    endloop
  endfacet
  facet normal -5.902843e-004 -5.075317e-001 -8.616329e-001
    outer loop
      vertex  4.148281e+001 -1.111875e+001 -4.763889e+000
      vertex  4.243310e+001 -1.149951e+001 -4.540263e+000
      vertex  4.142614e+001 -1.152746e+001 -4.523105e+000
    endloop
  endfacet
  facet normal  6.140311e-003 -4.246020e-001 -9.053592e-001
    outer loop
      vertex  4.149316e+001 -9.991154e+000 -5.333432e+000
      vertex  4.246177e+001 -9.743695e+000 -5.442918e+000
      vertex  4.151357e+001 -1.037821e+001 -5.151772e+000
    endloop
  endfacet
  facet normal  7.317211e-003 -4.260455e-001 -9.046721e-001
    outer loop
      vertex  4.151357e+001 -1.037821e+001 -5.151772e+000
      vertex  4.246177e+001 -9.743695e+000 -5.442918e+000
      vertex  4.249842e+001 -1.065377e+001 -5.014030e+000
    endloop
  endfacet
  facet normal -1.241299e-003 -4.506491e-001 -8.927004e-001
    outer loop
      vertex  4.151357e+001 -1.037821e+001 -5.151772e+000
      vertex  4.249842e+001 -1.065377e+001 -5.014030e+000
      vertex  4.150940e+001 -1.075457e+001 -4.961772e+000
    endloop
  endfacet
  facet normal -1.339766e-003 -4.002169e-001 -9.164194e-001
    outer loop
      vertex  4.149316e+001 -9.991154e+000 -5.333432e+000
      vertex  4.144614e+001 -9.595207e+000 -5.506280e+000
      vertex  4.246177e+001 -9.743695e+000 -5.442918e+000
    endloop
  endfacet
  facet normal  2.866972e-003 -3.758247e-001 -9.266863e-001
    outer loop
      vertex  4.246177e+001 -9.743695e+000 -5.442918e+000
      vertex  4.144614e+001 -9.595207e+000 -5.506280e+000
      vertex  4.137053e+001 -9.192478e+000 -5.669844e+000
    endloop
  endfacet
  facet normal  5.373035e-003 -3.715654e-001 -9.283913e-001
    outer loop
      vertex  4.246177e+001 -9.743695e+000 -5.442918e+000
      vertex  4.137053e+001 -9.192478e+000 -5.669844e+000
      vertex  4.232645e+001 -8.895882e+000 -5.783017e+000
    endloop
  endfacet
  facet normal -9.859019e-004 -3.537256e-001 -9.353487e-001
    outer loop
      vertex  4.137053e+001 -9.192478e+000 -5.669844e+000
      vertex  4.126453e+001 -8.785407e+000 -5.823677e+000
      vertex  4.232645e+001 -8.895882e+000 -5.783017e+000
    endloop
  endfacet
  facet normal  1.973728e-003 -3.286289e-001 -9.444571e-001
    outer loop
      vertex  4.232645e+001 -8.895882e+000 -5.783017e+000
      vertex  4.126453e+001 -8.785407e+000 -5.823677e+000
      vertex  4.087676e+001 -8.311650e+000 -5.989333e+000
    endloop
  endfacet
  facet normal  3.671186e-003 -3.248736e-001 -9.457504e-001
    outer loop
      vertex  4.232645e+001 -8.895882e+000 -5.783017e+000
      vertex  4.087676e+001 -8.311650e+000 -5.989333e+000
      vertex  4.208094e+001 -8.028100e+000 -6.082061e+000
    endloop
  endfacet
  facet normal -1.387596e-003 -2.351524e-001 -9.719575e-001
    outer loop
      vertex  3.953296e+001 -6.219854e+000 -6.573882e+000
      vertex  4.090983e+001 -6.495273e+000 -6.509214e+000
      vertex  3.983560e+001 -6.771060e+000 -6.440957e+000
    endloop
  endfacet
  facet normal  2.610248e-003 -2.498168e-001 -9.682897e-001
    outer loop
      vertex  3.983560e+001 -6.771060e+000 -6.440957e+000
      vertex  4.090983e+001 -6.495273e+000 -6.509214e+000
      vertex  4.146621e+001 -7.287447e+000 -6.303335e+000
    endloop
  endfacet
  facet normal -1.552843e-004 -2.579794e-001 -9.661503e-001
    outer loop
      vertex  3.983560e+001 -6.771060e+000 -6.440957e+000
      vertex  4.146621e+001 -7.287447e+000 -6.303335e+000
      vertex  4.016121e+001 -7.303919e+000 -6.298727e+000
    endloop
  endfacet
  facet normal  2.274707e-004 -2.860801e-001 -9.582056e-001
    outer loop
      vertex  4.016121e+001 -7.303919e+000 -6.298727e+000
      vertex  4.146621e+001 -7.287447e+000 -6.303335e+000
      vertex  4.208094e+001 -8.028100e+000 -6.082061e+000
    endloop
  endfacet
  facet normal  2.755598e-003 -2.799208e-001 -9.600192e-001
    outer loop
      vertex  4.016121e+001 -7.303919e+000 -6.298727e+000
      vertex  4.208094e+001 -8.028100e+000 -6.082061e+000
      vertex  4.050864e+001 -7.817659e+000 -6.147934e+000
    endloop
  endfacet
  facet normal -7.879608e-004 -1.658454e-001 -9.861514e-001
    outer loop
      vertex  3.877488e+001 -4.466087e+000 -6.909676e+000
      vertex  3.989712e+001 -4.552590e+000 -6.896025e+000
      vertex  3.900142e+001 -5.066227e+000 -6.808928e+000
    endloop
  endfacet
  facet normal  5.275400e-003 -1.761144e-001 -9.843555e-001
    outer loop
      vertex  3.900142e+001 -5.066227e+000 -6.808928e+000
      vertex  3.989712e+001 -4.552590e+000 -6.896025e+000
      vertex  4.041588e+001 -5.654768e+000 -6.696050e+000
    endloop
  endfacet
  facet normal  3.666070e-005 -1.882754e-001 -9.821163e-001
    outer loop
      vertex  3.900142e+001 -5.066227e+000 -6.808928e+000
      vertex  4.041588e+001 -5.654768e+000 -6.696050e+000
      vertex  3.925451e+001 -5.651221e+000 -6.696774e+000
    endloop
  endfacet
  facet normal -5.485479e-005 -2.170247e-001 -9.761661e-001
    outer loop
      vertex  3.925451e+001 -5.651221e+000 -6.696774e+000
      vertex  4.041588e+001 -5.654768e+000 -6.696050e+000
      vertex  4.090983e+001 -6.495273e+000 -6.509214e+000
    endloop
  endfacet
  facet normal  4.051154e-003 -2.093428e-001 -9.778339e-001
    outer loop
      vertex  3.925451e+001 -5.651221e+000 -6.696774e+000
      vertex  4.090983e+001 -6.495273e+000 -6.509214e+000
      vertex  3.953296e+001 -6.219854e+000 -6.573882e+000
    endloop
  endfacet
  facet normal -3.175990e-003 -7.765563e-002 -9.969752e-001
    outer loop
      vertex  3.814200e+001 -1.849397e+000 -7.192786e+000
      vertex  3.920090e+001 -2.186614e+000 -7.169893e+000
      vertex  3.829446e+001 -2.733938e+000 -7.124374e+000
    endloop
  endfacet
  facet normal  6.083656e-003 -9.288139e-002 -9.956586e-001
    outer loop
      vertex  3.829446e+001 -2.733938e+000 -7.124374e+000
      vertex  3.920090e+001 -2.186614e+000 -7.169893e+000
      vertex  3.948949e+001 -3.392385e+000 -7.055648e+000
    endloop
  endfacet
  facet normal -2.484315e-003 -1.082709e-001 -9.941183e-001
    outer loop
      vertex  3.829446e+001 -2.733938e+000 -7.124374e+000
      vertex  3.948949e+001 -3.392385e+000 -7.055648e+000
      vertex  3.850666e+001 -3.611121e+000 -7.029369e+000
    endloop
  endfacet
  facet normal  3.567222e-003 -1.350669e-001 -9.908301e-001
    outer loop
      vertex  3.850666e+001 -3.611121e+000 -7.029369e+000
      vertex  3.948949e+001 -3.392385e+000 -7.055648e+000
      vertex  3.989712e+001 -4.552590e+000 -6.896025e+000
    endloop
  endfacet
  facet normal  1.393369e-003 -1.382167e-001 -9.904011e-001
    outer loop
      vertex  3.850666e+001 -3.611121e+000 -7.029369e+000
      vertex  3.989712e+001 -4.552590e+000 -6.896025e+000
      vertex  3.877488e+001 -4.466087e+000 -6.909676e+000
    endloop
  endfacet
  facet normal -1.678667e-003  1.927199e-003 -9.999967e-001
    outer loop
      vertex  3.802052e+001  3.948702e-001 -7.247402e+000
      vertex  3.900134e+001  1.793411e-001 -7.249464e+000
      vertex  3.801762e+001 -2.796558e-001 -7.248697e+000
    endloop
  endfacet
  facet normal  5.142053e-003 -1.269071e-002 -9.999062e-001
    outer loop
      vertex  3.801762e+001 -2.796558e-001 -7.248697e+000
      vertex  3.900134e+001  1.793411e-001 -7.249464e+000
      vertex  3.903768e+001 -9.502105e-001 -7.234941e+000
    endloop
  endfacet
  facet normal -3.663072e-005 -2.056616e-002 -9.997885e-001
    outer loop
      vertex  3.801762e+001 -2.796558e-001 -7.248697e+000
      vertex  3.903768e+001 -9.502105e-001 -7.234941e+000
      vertex  3.804843e+001 -9.534092e-001 -7.234838e+000
    endloop
  endfacet
  facet normal  6.683866e-005 -5.252862e-002 -9.986194e-001
    outer loop
      vertex  3.804843e+001 -9.534092e-001 -7.234838e+000
      vertex  3.903768e+001 -9.502105e-001 -7.234941e+000
      vertex  3.920090e+001 -2.186614e+000 -7.169893e+000
    endloop
  endfacet
  facet normal  6.895018e-003 -4.616276e-002 -9.989102e-001
    outer loop
      vertex  3.804843e+001 -9.534092e-001 -7.234838e+000
      vertex  3.920090e+001 -2.186614e+000 -7.169893e+000
      vertex  3.814200e+001 -1.849397e+000 -7.192786e+000
    endloop
  endfacet
  facet normal  2.190904e-004  6.941871e-002 -9.975876e-001
    outer loop
      vertex  3.822981e+001  2.399395e+000 -7.153433e+000
      vertex  3.924620e+001  2.418307e+000 -7.151894e+000
      vertex  3.812700e+001  1.736679e+000 -7.199572e+000
    endloop
  endfacet
  facet normal  4.933599e-003  6.171225e-002 -9.980818e-001
    outer loop
      vertex  3.812700e+001  1.736679e+000 -7.199572e+000
      vertex  3.924620e+001  2.418307e+000 -7.151894e+000
      vertex  3.907133e+001  1.306487e+000 -7.221503e+000
    endloop
  endfacet
  facet normal -1.749785e-003  4.708236e-002 -9.988894e-001
    outer loop
      vertex  3.812700e+001  1.736679e+000 -7.199572e+000
      vertex  3.907133e+001  1.306487e+000 -7.221503e+000
      vertex  3.805707e+001  1.067758e+000 -7.230978e+000
    endloop
  endfacet
  facet normal  3.554544e-003  2.457833e-002 -9.996917e-001
    outer loop
      vertex  3.805707e+001  1.067758e+000 -7.230978e+000
      vertex  3.907133e+001  1.306487e+000 -7.221503e+000
      vertex  3.900134e+001  1.793411e-001 -7.249464e+000
    endloop
  endfacet
  facet normal  3.221709e-003  2.422477e-002 -9.997014e-001
    outer loop
      vertex  3.805707e+001  1.067758e+000 -7.230978e+000
      vertex  3.900134e+001  1.793411e-001 -7.249464e+000
      vertex  3.802052e+001  3.948702e-001 -7.247402e+000
    endloop
  endfacet
  facet normal -1.511399e-003  1.152127e-001 -9.933398e-001
    outer loop
      vertex  3.853127e+001  3.697813e+000 -7.018472e+000
      vertex  3.952263e+001  3.502853e+000 -7.042593e+000
      vertex  3.836485e+001  3.053778e+000 -7.092917e+000
    endloop
  endfacet
  facet normal  4.832140e-003  9.905209e-002 -9.950705e-001
    outer loop
      vertex  3.836485e+001  3.053778e+000 -7.092917e+000
      vertex  3.952263e+001  3.502853e+000 -7.042593e+000
      vertex  3.924620e+001  2.418307e+000 -7.151894e+000
    endloop
  endfacet
  facet normal -2.062271e-004  9.212705e-002 -9.957472e-001
    outer loop
      vertex  3.836485e+001  3.053778e+000 -7.092917e+000
      vertex  3.924620e+001  2.418307e+000 -7.151894e+000
      vertex  3.822981e+001  2.399395e+000 -7.153433e+000
    endloop
  endfacet
  facet normal  2.018756e-003  3.282452e-001 -9.445904e-001
    outer loop
      vertex  4.126453e+001  8.785407e+000 -5.823677e+000
      vertex  4.232645e+001  8.895882e+000 -5.783017e+000
      vertex  4.086599e+001  8.297841e+000 -5.993958e+000
    endloop
  endfacet
  facet normal  3.553206e-003  3.249036e-001 -9.457405e-001
    outer loop
      vertex  4.086599e+001  8.297841e+000 -5.993958e+000
      vertex  4.232645e+001  8.895882e+000 -5.783017e+000
      vertex  4.208094e+001  8.028100e+000 -6.082061e+000
    endloop
  endfacet
  facet normal -1.227367e-003  3.054802e-001 -9.521977e-001
    outer loop
      vertex  4.086599e+001  8.297841e+000 -5.993958e+000
      vertex  4.208094e+001  8.028100e+000 -6.082061e+000
      vertex  4.048830e+001  7.788916e+000 -6.156742e+000
    endloop
  endfacet
  facet normal  1.248397e-003  2.904591e-001 -9.568866e-001
    outer loop
      vertex  4.048830e+001  7.788916e+000 -6.156742e+000
      vertex  4.208094e+001  8.028100e+000 -6.082061e+000
      vertex  4.164043e+001  7.509889e+000 -6.239936e+000
    endloop
  endfacet
  facet normal -1.312550e-003  2.807476e-001 -9.597807e-001
    outer loop
      vertex  4.048830e+001  7.788916e+000 -6.156742e+000
      vertex  4.164043e+001  7.509889e+000 -6.239936e+000
      vertex  4.013263e+001  7.259200e+000 -6.311204e+000
    endloop
  endfacet
  facet normal  1.356346e-003  2.658950e-001 -9.640011e-001
    outer loop
      vertex  4.013263e+001  7.259200e+000 -6.311204e+000
      vertex  4.164043e+001  7.509889e+000 -6.239936e+000
      vertex  4.122852e+001  6.965495e+000 -6.390673e+000
    endloop
  endfacet
  facet normal -1.393972e-003  2.563327e-001 -9.665877e-001
    outer loop
      vertex  4.013263e+001  7.259200e+000 -6.311204e+000
      vertex  4.122852e+001  6.965495e+000 -6.390673e+000
      vertex  3.980018e+001  6.709417e+000 -6.456523e+000
    endloop
  endfacet
  facet normal  1.456607e-003  2.414184e-001 -9.704200e-001
    outer loop
      vertex  3.980018e+001  6.709417e+000 -6.456523e+000
      vertex  4.122852e+001  6.965495e+000 -6.390673e+000
      vertex  4.084657e+001  6.395924e+000 -6.532943e+000
    endloop
  endfacet
  facet normal -1.465986e-003  2.322104e-001 -9.726645e-001
    outer loop
      vertex  3.980018e+001  6.709417e+000 -6.456523e+000
      vertex  4.084657e+001  6.395924e+000 -6.532943e+000
      vertex  3.949224e+001  6.140447e+000 -6.591893e+000
    endloop
  endfacet
  facet normal  1.545571e-003  2.170519e-001 -9.761588e-001
    outer loop
      vertex  3.949224e+001  6.140447e+000 -6.591893e+000
      vertex  4.084657e+001  6.395924e+000 -6.532943e+000
      vertex  4.049608e+001  5.802384e+000 -6.665473e+000
    endloop
  endfacet
  facet normal -1.521287e-003  2.083572e-001 -9.780517e-001
    outer loop
      vertex  3.949224e+001  6.140447e+000 -6.591893e+000
      vertex  4.049608e+001  5.802384e+000 -6.665473e+000
      vertex  3.921006e+001  5.553330e+000 -6.716529e+000
    endloop
  endfacet
  facet normal  1.616393e-003  1.928081e-001 -9.812352e-001
    outer loop
      vertex  3.921006e+001  5.553330e+000 -6.716529e+000
      vertex  4.049608e+001  5.802384e+000 -6.665473e+000
      vertex  4.017862e+001  5.186307e+000 -6.787052e+000
    endloop
  endfacet
  facet normal -1.551770e-003  1.847453e-001 -9.827853e-001
    outer loop
      vertex  3.921006e+001  5.553330e+000 -6.716529e+000
      vertex  4.017862e+001  5.186307e+000 -6.787052e+000
      vertex  3.895494e+001  4.949265e+000 -6.829679e+000
    endloop
  endfacet
  facet normal  1.658441e-003  1.686916e-001 -9.856676e-001
    outer loop
      vertex  3.895494e+001  4.949265e+000 -6.829679e+000
      vertex  4.017862e+001  5.186307e+000 -6.787052e+000
      vertex  3.989579e+001  4.549359e+000 -6.896538e+000
    endloop
  endfacet
  facet normal -1.550555e-003  1.613472e-001 -9.868965e-001
    outer loop
      vertex  3.895494e+001  4.949265e+000 -6.829679e+000
      vertex  3.989579e+001  4.549359e+000 -6.896538e+000
      vertex  3.872810e+001  4.329607e+000 -6.930631e+000
    endloop
  endfacet
  facet normal  3.112662e-003  1.371346e-001 -9.905475e-001
    outer loop
      vertex  3.872810e+001  4.329607e+000 -6.930631e+000
      vertex  3.989579e+001  4.549359e+000 -6.896538e+000
      vertex  3.952263e+001  3.502853e+000 -7.042593e+000
    endloop
  endfacet
  facet normal  2.810726e-003  1.368499e-001 -9.905878e-001
    outer loop
      vertex  3.872810e+001  4.329607e+000 -6.930631e+000
      vertex  3.952263e+001  3.502853e+000 -7.042593e+000
      vertex  3.853127e+001  3.697813e+000 -7.018472e+000
    endloop
  endfacet
  facet normal  2.867431e-003  3.758234e-001 -9.266868e-001
    outer loop
      vertex  4.144613e+001  9.595174e+000 -5.506294e+000
      vertex  4.246177e+001  9.743695e+000 -5.442918e+000
      vertex  4.137053e+001  9.192461e+000 -5.669851e+000
    endloop
  endfacet
  facet normal  5.372833e-003  3.715653e-001 -9.283913e-001
    outer loop
      vertex  4.137053e+001  9.192461e+000 -5.669851e+000
      vertex  4.246177e+001  9.743695e+000 -5.442918e+000
      vertex  4.232645e+001  8.895882e+000 -5.783017e+000
    endloop
  endfacet
  facet normal -9.858548e-004  3.537252e-001 -9.353489e-001
    outer loop
      vertex  4.137053e+001  9.192461e+000 -5.669851e+000
      vertex  4.232645e+001  8.895882e+000 -5.783017e+000
      vertex  4.126453e+001  8.785407e+000 -5.823677e+000
    endloop
  endfacet
  facet normal  7.845122e-003  4.245197e-001 -9.053847e-001
    outer loop
      vertex  4.151356e+001  1.037814e+001 -5.151803e+000
      vertex  4.249842e+001  1.065377e+001 -5.014030e+000
      vertex  4.149316e+001  9.991105e+000 -5.333455e+000
    endloop
  endfacet
  facet normal  6.593662e-003  4.260715e-001 -9.046654e-001
    outer loop
      vertex  4.149316e+001  9.991105e+000 -5.333455e+000
      vertex  4.249842e+001  1.065377e+001 -5.014030e+000
      vertex  4.246177e+001  9.743695e+000 -5.442918e+000
    endloop
  endfacet
  facet normal -1.339788e-003  4.002132e-001 -9.164212e-001
    outer loop
      vertex  4.149316e+001  9.991105e+000 -5.333455e+000
      vertex  4.246177e+001  9.743695e+000 -5.442918e+000
      vertex  4.144613e+001  9.595174e+000 -5.506294e+000
    endloop
  endfacet
  facet normal -1.240155e-003  4.506437e-001 -8.927031e-001
    outer loop
      vertex  4.151356e+001  1.037814e+001 -5.151803e+000
      vertex  4.150940e+001  1.075449e+001 -4.961812e+000
      vertex  4.249842e+001  1.065377e+001 -5.014030e+000
    endloop
  endfacet
  facet normal  2.244718e-003  4.775522e-001 -8.786005e-001
    outer loop
      vertex  4.249842e+001  1.065377e+001 -5.014030e+000
      vertex  4.150940e+001  1.075449e+001 -4.961812e+000
      vertex  4.148281e+001  1.111866e+001 -4.763940e+000
    endloop
  endfacet
  facet normal  9.199223e-003  4.892466e-001 -8.720970e-001
    outer loop
      vertex  4.249842e+001  1.065377e+001 -5.014030e+000
      vertex  4.148281e+001  1.111866e+001 -4.763940e+000
      vertex  4.243310e+001  1.149951e+001 -4.540263e+000
    endloop
  endfacet
  facet normal -5.885882e-004  5.075257e-001 -8.616364e-001
    outer loop
      vertex  4.148281e+001  1.111866e+001 -4.763940e+000
      vertex  4.142615e+001  1.152737e+001 -4.523161e+000
      vertex  4.243310e+001  1.149951e+001 -4.540263e+000
    endloop
  endfacet
  facet normal  7.071778e-004  5.415009e-001 -8.406999e-001
    outer loop
      vertex  4.243310e+001  1.149951e+001 -4.540263e+000
      vertex  4.142615e+001  1.152737e+001 -4.523161e+000
      vertex  4.134517e+001  1.191634e+001 -4.272690e+000
    endloop
  endfacet
  facet normal  9.737385e-003  5.580435e-001 -8.297547e-001
    outer loop
      vertex  4.243310e+001  1.149951e+001 -4.540263e+000
      vertex  4.134517e+001  1.191634e+001 -4.272690e+000
      vertex  4.228880e+001  1.226734e+001 -4.025559e+000
    endloop
  endfacet
  facet normal -4.249546e-004  5.764680e-001 -8.171197e-001
    outer loop
      vertex  4.134517e+001  1.191634e+001 -4.272690e+000
      vertex  4.124333e+001  1.228412e+001 -4.013175e+000
      vertex  4.228880e+001  1.226734e+001 -4.025559e+000
    endloop
  endfacet
  facet normal  4.838027e-004  6.130793e-001 -7.900212e-001
    outer loop
      vertex  4.228880e+001  1.226734e+001 -4.025559e+000
      vertex  4.124333e+001  1.228412e+001 -4.013175e+000
      vertex  4.112411e+001  1.262954e+001 -3.745195e+000
    endloop
  endfacet
  facet normal  9.235835e-003  6.304834e-001 -7.761478e-001
    outer loop
      vertex  4.228880e+001  1.226734e+001 -4.025559e+000
      vertex  4.112411e+001  1.262954e+001 -3.745195e+000
      vertex  4.209882e+001  1.292006e+001 -3.497593e+000
    endloop
  endfacet
  facet normal -1.648291e-003  6.518372e-001 -7.583570e-001
    outer loop
      vertex  4.112411e+001  1.262954e+001 -3.745195e+000
      vertex  4.097902e+001  1.297835e+001 -3.445057e+000
      vertex  4.209882e+001  1.292006e+001 -3.497593e+000
    endloop
  endfacet
  facet normal  2.435268e-003  6.949037e-001 -7.190987e-001
    outer loop
      vertex  4.209882e+001  1.292006e+001 -3.497593e+000
      vertex  4.097902e+001  1.297835e+001 -3.445057e+000
      vertex  4.082201e+001  1.329894e+001 -3.135791e+000
    endloop
  endfacet
  facet normal  8.656600e-003  7.057043e-001 -7.084536e-001
    outer loop
      vertex  4.209882e+001  1.292006e+001 -3.497593e+000
      vertex  4.082201e+001  1.329894e+001 -3.135791e+000
      vertex  4.188027e+001  1.348529e+001 -2.937234e+000
    endloop
  endfacet
  facet normal -4.125416e-003  9.528999e-001 -3.032571e-001
    outer loop
      vertex  3.986180e+001  1.463546e+001 -9.017420e-001
      vertex  4.128322e+001  1.459526e+001 -1.047418e+000
      vertex  3.998687e+001  1.449988e+001 -1.329481e+000
    endloop
  endfacet
  facet normal  6.536456e-003  9.377874e-001 -3.471485e-001
    outer loop
      vertex  3.998687e+001  1.449988e+001 -1.329481e+000
      vertex  4.128322e+001  1.459526e+001 -1.047418e+000
      vertex  4.140287e+001  1.440553e+001 -1.557683e+000
    endloop
  endfacet
  facet normal -4.463514e-003  9.140451e-001 -4.055882e-001
    outer loop
      vertex  3.998687e+001  1.449988e+001 -1.329481e+000
      vertex  4.140287e+001  1.440553e+001 -1.557683e+000
      vertex  4.014527e+001  1.431551e+001 -1.746734e+000
    endloop
  endfacet
  facet normal  4.151659e-003  8.918434e-001 -4.523253e-001
    outer loop
      vertex  4.014527e+001  1.431551e+001 -1.746734e+000
      vertex  4.140287e+001  1.440553e+001 -1.557683e+000
      vertex  4.152251e+001  1.420227e+001 -1.957361e+000
    endloop
  endfacet
  facet normal -3.725403e-003  8.704121e-001 -4.923097e-001
    outer loop
      vertex  4.014527e+001  1.431551e+001 -1.746734e+000
      vertex  4.152251e+001  1.420227e+001 -1.957361e+000
      vertex  4.031244e+001  1.410307e+001 -2.123597e+000
    endloop
  endfacet
  facet normal  3.982929e-003  8.456863e-001 -5.336655e-001
    outer loop
      vertex  4.031244e+001  1.410307e+001 -2.123597e+000
      vertex  4.152251e+001  1.420227e+001 -1.957361e+000
      vertex  4.165628e+001  1.395600e+001 -2.346626e+000
    endloop
  endfacet
  facet normal -3.528835e-003  8.249223e-001 -5.652350e-001
    outer loop
      vertex  4.031244e+001  1.410307e+001 -2.123597e+000
      vertex  4.165628e+001  1.395600e+001 -2.346626e+000
      vertex  4.049071e+001  1.385264e+001 -2.490185e+000
    endloop
  endfacet
  facet normal  7.102617e-003  7.833078e-001 -6.215935e-001
    outer loop
      vertex  4.049071e+001  1.385264e+001 -2.490185e+000
      vertex  4.165628e+001  1.395600e+001 -2.346626e+000
      vertex  4.188027e+001  1.348529e+001 -2.937234e+000
    endloop
  endfacet
  facet normal  6.384008e-003  7.822375e-001 -6.229476e-001
    outer loop
      vertex  4.049071e+001  1.385264e+001 -2.490185e+000
      vertex  4.188027e+001  1.348529e+001 -2.937234e+000
      vertex  4.065762e+001  1.359062e+001 -2.817501e+000
    endloop
  endfacet
  facet normal -1.099645e-003  9.875292e-001 -1.574323e-001
    outer loop
      vertex  3.977872e+001  1.472116e+001 -4.531185e-001
      vertex  4.120622e+001  1.471104e+001 -5.266197e-001
      vertex  3.981388e+001  1.468531e+001 -6.782625e-001
    endloop
  endfacet
  facet normal  5.511232e-003  9.763266e-001 -2.162312e-001
    outer loop
      vertex  3.981388e+001  1.468531e+001 -6.782625e-001
      vertex  4.120622e+001  1.471104e+001 -5.266197e-001
      vertex  4.128322e+001  1.459526e+001 -1.047418e+000
    endloop
  endfacet
  facet normal  5.417746e-003  9.762489e-001 -2.165844e-001
    outer loop
      vertex  3.981388e+001  1.468531e+001 -6.782625e-001
      vertex  4.128322e+001  1.459526e+001 -1.047418e+000
      vertex  3.986180e+001  1.463546e+001 -9.017420e-001
    endloop
  endfacet
  facet normal  1.159099e-016  9.994937e-001 -3.181782e-002
    outer loop
      vertex  3.975000e+001  1.475000e+001  1.456939e-013
      vertex  4.117960e+001  1.475000e+001  1.509018e-013
      vertex  3.975723e+001  1.474278e+001 -2.268404e-001
    endloop
  endfacet
  facet normal  6.651047e-003  9.972767e-001 -7.345170e-002
    outer loop
      vertex  3.975723e+001  1.474278e+001 -2.268404e-001
      vertex  4.117960e+001  1.475000e+001  1.509018e-013
      vertex  4.120622e+001  1.471104e+001 -5.266197e-001
    endloop
  endfacet
  facet normal  2.177268e-003  9.954857e-001 -9.488617e-002
    outer loop
      vertex  3.975723e+001  1.474278e+001 -2.268404e-001
      vertex  4.120622e+001  1.471104e+001 -5.266197e-001
      vertex  3.977872e+001  1.472116e+001 -4.531185e-001
    endloop
  endfacet
  facet normal -7.646461e-001 -6.444505e-001  -0.000000e+000
    outer loop
      vertex  4.074980e+001 -8.785407e+000 -5.290523e+000
      vertex  4.074980e+001 -8.785407e+000  5.290523e+000
      vertex  4.060550e+001 -8.614191e+000 -5.353905e+000
    endloop
  endfacet
  facet normal -7.646461e-001 -6.444504e-001  0.000000e+000
    outer loop
      vertex  4.060550e+001 -8.614191e+000 -5.353905e+000
      vertex  4.074980e+001 -8.785407e+000  5.290523e+000
      vertex  4.060550e+001 -8.614191e+000  5.353905e+000
    endloop
  endfacet
  facet normal -7.857909e-001 -6.184924e-001  -0.000000e+000
    outer loop
      vertex  4.060550e+001 -8.614191e+000 -5.353905e+000
      vertex  4.060550e+001 -8.614191e+000  5.353905e+000
      vertex  4.018483e+001 -8.079733e+000 -5.539575e+000
    endloop
  endfacet
  facet normal -7.857526e-001 -6.185409e-001 -3.858766e-006
    outer loop
      vertex  4.018483e+001 -8.079733e+000 -5.539575e+000
      vertex  4.060550e+001 -8.614191e+000  5.353905e+000
      vertex  4.018588e+001 -8.081144e+000  5.539110e+000
    endloop
  endfacet
  facet normal -8.160383e-001 -5.779977e-001  4.195101e-006
    outer loop
      vertex  4.018483e+001 -8.079733e+000 -5.539575e+000
      vertex  4.018588e+001 -8.081144e+000  5.539110e+000
      vertex  3.978925e+001 -7.521250e+000 -5.715312e+000
    endloop
  endfacet
  facet normal -8.159232e-001 -5.781602e-001 -7.944452e-006
    outer loop
      vertex  3.978925e+001 -7.521250e+000 -5.715312e+000
      vertex  4.018588e+001 -8.081144e+000  5.539110e+000
      vertex  3.979125e+001 -7.524223e+000  5.714436e+000
    endloop
  endfacet
  facet normal -8.443617e-001 -5.357736e-001  8.043242e-006
    outer loop
      vertex  3.978925e+001 -7.521250e+000 -5.715312e+000
      vertex  3.979125e+001 -7.524223e+000  5.714436e+000
      vertex  3.942040e+001 -6.939956e+000 -5.880096e+000
    endloop
  endfacet
  facet normal -8.441828e-001 -5.360554e-001 -1.187636e-005
    outer loop
      vertex  3.942040e+001 -6.939956e+000 -5.880096e+000
      vertex  3.979125e+001 -7.524223e+000  5.714436e+000
      vertex  3.942322e+001 -6.944650e+000  5.878868e+000
    endloop
  endfacet
  facet normal -8.706499e-001 -4.919033e-001  1.208504e-005
    outer loop
      vertex  3.942040e+001 -6.939956e+000 -5.880096e+000
      vertex  3.942322e+001 -6.944650e+000  5.878868e+000
      vertex  3.907986e+001 -6.337214e+000 -6.032961e+000
    endloop
  endfacet
  facet normal -8.704131e-001 -4.923221e-001 -1.609778e-005
    outer loop
      vertex  3.907986e+001 -6.337214e+000 -6.032961e+000
      vertex  3.942322e+001 -6.944650e+000  5.878868e+000
      vertex  3.908335e+001 -6.343786e+000  6.031446e+000
    endloop
  endfacet
  facet normal -8.947802e-001 -4.465067e-001  1.591828e-005
    outer loop
      vertex  3.907986e+001 -6.337214e+000 -6.032961e+000
      vertex  3.908335e+001 -6.343786e+000  6.031446e+000
      vertex  3.876913e+001 -5.714537e+000 -6.173008e+000
    endloop
  endfacet
  facet normal -8.945013e-001 -4.470654e-001 -2.006727e-005
    outer loop
      vertex  3.876913e+001 -5.714537e+000 -6.173008e+000
      vertex  3.908335e+001 -6.343786e+000  6.031446e+000
      vertex  3.877315e+001 -5.723128e+000  6.171278e+000
    endloop
  endfacet
  facet normal -9.166487e-001 -3.996938e-001  2.010850e-005
    outer loop
      vertex  3.876913e+001 -5.714537e+000 -6.173008e+000
      vertex  3.877315e+001 -5.723128e+000  6.171278e+000
      vertex  3.848965e+001 -5.073582e+000 -6.299408e+000
    endloop
  endfacet
  facet normal -9.163379e-001 -4.004058e-001 -2.403932e-005
    outer loop
      vertex  3.848965e+001 -5.073582e+000 -6.299408e+000
      vertex  3.877315e+001 -5.723128e+000  6.171278e+000
      vertex  3.849401e+001 -5.084308e+000  6.297537e+000
    endloop
  endfacet
  facet normal -9.361558e-001 -3.515853e-001  2.438359e-005
    outer loop
      vertex  3.848965e+001 -5.073582e+000 -6.299408e+000
      vertex  3.849401e+001 -5.084308e+000  6.297537e+000
      vertex  3.824274e+001 -4.416139e+000 -6.411404e+000
    endloop
  endfacet
  facet normal -9.358265e-001 -3.524610e-001 -2.816271e-005
    outer loop
      vertex  3.824274e+001 -4.416139e+000 -6.411404e+000
      vertex  3.849401e+001 -5.084308e+000  6.297537e+000
      vertex  3.824723e+001 -4.429085e+000  6.409472e+000
    endloop
  endfacet
  facet normal -9.532034e-001 -3.023297e-001  2.854187e-005
    outer loop
      vertex  3.824274e+001 -4.416139e+000 -6.411404e+000
      vertex  3.824723e+001 -4.429085e+000  6.409472e+000
      vertex  3.802959e+001 -3.744128e+000 -6.508318e+000
    endloop
  endfacet
  facet normal -9.528704e-001 -3.033774e-001 -3.262401e-005
    outer loop
      vertex  3.802959e+001 -3.744128e+000 -6.508318e+000
      vertex  3.824723e+001 -4.429085e+000  6.409472e+000
      vertex  3.803399e+001 -3.759342e+000  6.506413e+000
    endloop
  endfacet
  facet normal -9.699202e-001 -2.434232e-001  4.322433e-005
    outer loop
      vertex  3.802959e+001 -3.744128e+000 -6.508318e+000
      vertex  3.803399e+001 -3.759342e+000  6.506413e+000
      vertex  3.779875e+001 -2.824354e+000 -6.613513e+000
    endloop
  endfacet
  facet normal -9.667159e-001 -2.558509e-001 -8.998852e-004
    outer loop
      vertex  3.779875e+001 -2.824354e+000 -6.613513e+000
      vertex  3.803399e+001 -3.759342e+000  6.506413e+000
      vertex  3.787255e+001 -3.149632e+000  6.579932e+000
    endloop
  endfacet
  facet normal -9.775946e-001 -2.104965e-001  2.791660e-004
    outer loop
      vertex  3.779875e+001 -2.824354e+000 -6.613513e+000
      vertex  3.787255e+001 -3.149632e+000  6.579932e+000
      vertex  3.773946e+001 -2.531429e+000  6.640623e+000
    endloop
  endfacet
  facet normal -9.846280e-001 -1.746639e-001 -5.442189e-004
    outer loop
      vertex  3.779875e+001 -2.824354e+000 -6.613513e+000
      vertex  3.773946e+001 -2.531429e+000  6.640623e+000
      vertex  3.763260e+001 -1.887490e+000 -6.689395e+000
    endloop
  endfacet
  facet normal -9.863930e-001 -1.644046e-001 -3.446436e-005
    outer loop
      vertex  3.763260e+001 -1.887490e+000 -6.689395e+000
      vertex  3.773946e+001 -2.531429e+000  6.640623e+000
      vertex  3.763527e+001 -1.906316e+000  6.688182e+000
    endloop
  endfacet
  facet normal -9.944955e-001 -1.047788e-001  5.106096e-005
    outer loop
      vertex  3.763260e+001 -1.887490e+000 -6.689395e+000
      vertex  3.763527e+001 -1.906316e+000  6.688182e+000
      vertex  3.753275e+001 -9.398012e-001 -6.735105e+000
    endloop
  endfacet
  facet normal -9.930314e-001 -1.178466e-001 -9.010336e-004
    outer loop
      vertex  3.753275e+001 -9.398012e-001 -6.735105e+000
      vertex  3.763527e+001 -1.906316e+000  6.688182e+000
      vertex  3.756043e+001 -1.275935e+000  6.722372e+000
    endloop
  endfacet
  facet normal -9.974719e-001 -7.106224e-002  2.766532e-004
    outer loop
      vertex  3.753275e+001 -9.398012e-001 -6.735105e+000
      vertex  3.756043e+001 -1.275935e+000  6.722372e+000
      vertex  3.751527e+001 -6.419845e-001  6.743015e+000
    endloop
  endfacet
  facet normal -9.994099e-001 -3.434518e-002 -5.371716e-004
    outer loop
      vertex  3.753275e+001 -9.398012e-001 -6.735105e+000
      vertex  3.751527e+001 -6.419845e-001  6.743015e+000
      vertex  3.750000e+001  1.329153e-002 -6.750184e+000
    endloop
  endfacet
  facet normal -9.997118e-001 -2.401126e-002 -3.497948e-005
    outer loop
      vertex  3.750000e+001  1.329153e-002 -6.750184e+000
      vertex  3.751527e+001 -6.419845e-001  6.743015e+000
      vertex  3.750000e+001 -6.216642e-003  6.750000e+000
    endloop
  endfacet
  facet normal -9.996998e-001  2.449871e-002  3.511889e-005
    outer loop
      vertex  3.750000e+001  1.329153e-002 -6.750184e+000
      vertex  3.750000e+001 -6.216642e-003  6.750000e+000
      vertex  3.751556e+001  6.479211e-001 -6.743142e+000
    endloop
  endfacet
  facet normal -9.997329e-001  2.311332e-002 -3.208169e-005
    outer loop
      vertex  3.751556e+001  6.479211e-001 -6.743142e+000
      vertex  3.750000e+001 -6.216642e-003  6.750000e+000
      vertex  3.751471e+001  6.301757e-001  6.743269e+000
    endloop
  endfacet
  facet normal -9.974448e-001  7.144197e-002  3.165223e-005
    outer loop
      vertex  3.751556e+001  6.479211e-001 -6.743142e+000
      vertex  3.751471e+001  6.301757e-001  6.743269e+000
      vertex  3.756087e+001  1.280632e+000 -6.722481e+000
    endloop
  endfacet
  facet normal -9.975327e-001  7.020351e-002 -2.847185e-005
    outer loop
      vertex  3.756087e+001  1.280632e+000 -6.722481e+000
      vertex  3.751471e+001  6.301757e-001  6.743269e+000
      vertex  3.755938e+001  1.264783e+000  6.722854e+000
    endloop
  endfacet
  facet normal -9.929906e-001  1.181933e-001  2.860408e-005
    outer loop
      vertex  3.756087e+001  1.280632e+000 -6.722481e+000
      vertex  3.755938e+001  1.264783e+000  6.722854e+000
      vertex  3.763576e+001  1.909743e+000 -6.688305e+000
    endloop
  endfacet
  facet normal -9.931210e-001  1.170926e-001 -2.507472e-005
    outer loop
      vertex  3.763576e+001  1.909743e+000 -6.688305e+000
      vertex  3.755938e+001  1.264783e+000  6.722854e+000
      vertex  3.763378e+001  1.895848e+000  6.688863e+000
    endloop
  endfacet
  facet normal -9.863582e-001  1.646135e-001  2.528446e-005
    outer loop
      vertex  3.763576e+001  1.909743e+000 -6.688305e+000
      vertex  3.763378e+001  1.895848e+000  6.688863e+000
      vertex  3.773988e+001  2.533609e+000 -6.640786e+000
    endloop
  endfacet
  facet normal -9.865180e-001  1.636526e-001 -2.196627e-005
    outer loop
      vertex  3.773988e+001  2.533609e+000 -6.640786e+000
      vertex  3.763378e+001  1.895848e+000  6.688863e+000
      vertex  3.773760e+001  2.521663e+000  6.641472e+000
    endloop
  endfacet
  facet normal -9.775761e-001  2.105821e-001  2.177332e-005
    outer loop
      vertex  3.773988e+001  2.533609e+000 -6.640786e+000
      vertex  3.773760e+001  2.521663e+000  6.641472e+000
      vertex  3.787279e+001  3.150630e+000 -6.580159e+000
    endloop
  endfacet
  facet normal -9.777508e-001  2.097701e-001 -1.863954e-005
    outer loop
      vertex  3.787279e+001  3.150630e+000 -6.580159e+000
      vertex  3.773760e+001  2.521663e+000  6.641472e+000
      vertex  3.787038e+001  3.140580e+000  6.580921e+000
    endloop
  endfacet
  facet normal -9.666791e-001  2.559915e-001  1.868093e-005
    outer loop
      vertex  3.787279e+001  3.150630e+000 -6.580159e+000
      vertex  3.787038e+001  3.140580e+000  6.580921e+000
      vertex  3.803397e+001  3.759256e+000 -6.506724e+000
    endloop
  endfacet
  facet normal -9.668582e-001  2.553137e-001 -1.559888e-005
    outer loop
      vertex  3.803397e+001  3.759256e+000 -6.506724e+000
      vertex  3.787038e+001  3.140580e+000  6.580921e+000
      vertex  3.803158e+001  3.751008e+000  6.507512e+000
    endloop
  endfacet
  facet normal -9.528780e-001  3.033538e-001  1.741294e-005
    outer loop
      vertex  3.803397e+001  3.759256e+000 -6.506724e+000
      vertex  3.803158e+001  3.751008e+000  6.507512e+000
      vertex  3.824706e+001  4.428594e+000 -6.409794e+000
    endloop
  endfacet
  facet normal -9.530533e-001  3.028028e-001 -1.441133e-005
    outer loop
      vertex  3.824706e+001  4.428594e+000 -6.409794e+000
      vertex  3.803158e+001  3.751008e+000  6.507512e+000
      vertex  3.824475e+001  4.421940e+000  6.410599e+000
    endloop
  endfacet
  facet normal -9.358423e-001  3.524191e-001  1.443779e-005
    outer loop
      vertex  3.824706e+001  4.428594e+000 -6.409794e+000
      vertex  3.824475e+001  4.421940e+000  6.410599e+000
      vertex  3.849370e+001  5.083555e+000 -6.297857e+000
    endloop
  endfacet
  facet normal -9.360086e-001  3.519771e-001 -1.182889e-005
    outer loop
      vertex  3.849370e+001  5.083555e+000 -6.297857e+000
      vertex  3.824475e+001  4.421940e+000  6.410599e+000
      vertex  3.849158e+001  5.078328e+000  6.298638e+000
    endloop
  endfacet
  facet normal -9.163643e-001  4.003455e-001  1.155585e-005
    outer loop
      vertex  3.849370e+001  5.083555e+000 -6.297857e+000
      vertex  3.849158e+001  5.078328e+000  6.298638e+000
      vertex  3.877274e+001  5.722259e+000 -6.171583e+000
    endloop
  endfacet
  facet normal -9.165124e-001  4.000063e-001 -9.302436e-006
    outer loop
      vertex  3.877274e+001  5.722259e+000 -6.171583e+000
      vertex  3.849158e+001  5.078328e+000  6.298638e+000
      vertex  3.877088e+001  5.718280e+000  6.172303e+000
    endloop
  endfacet
  facet normal -8.945311e-001  4.470058e-001  9.159805e-006
    outer loop
      vertex  3.877274e+001  5.722259e+000 -6.171583e+000
      vertex  3.877088e+001  5.718280e+000  6.172303e+000
      vertex  3.908290e+001  6.342932e+000 -6.031721e+000
    endloop
  endfacet
  facet normal -8.946572e-001  4.467534e-001 -6.981004e-006
    outer loop
      vertex  3.908290e+001  6.342932e+000 -6.031721e+000
      vertex  3.877088e+001  5.718280e+000  6.172303e+000
      vertex  3.908136e+001  6.340026e+000  6.032347e+000
    endloop
  endfacet
  facet normal -8.704447e-001  4.922664e-001  7.080506e-006
    outer loop
      vertex  3.908290e+001  6.342932e+000 -6.031721e+000
      vertex  3.908136e+001  6.340026e+000  6.032347e+000
      vertex  3.942278e+001  6.943922e+000 -5.879096e+000
    endloop
  endfacet
  facet normal -8.705481e-001  4.920832e-001 -5.168280e-006
    outer loop
      vertex  3.942278e+001  6.943922e+000 -5.879096e+000
      vertex  3.908136e+001  6.340026e+000  6.032347e+000
      vertex  3.942159e+001  6.941926e+000  5.879600e+000
    endloop
  endfacet
  facet normal -8.442135e-001  5.360069e-001  4.968602e-006
    outer loop
      vertex  3.942278e+001  6.943922e+000 -5.879096e+000
      vertex  3.942159e+001  6.941926e+000  5.879600e+000
      vertex  3.979090e+001  7.523703e+000 -5.714602e+000
    endloop
  endfacet
  facet normal -8.442858e-001  5.358932e-001 -3.036453e-006
    outer loop
      vertex  3.979090e+001  7.523703e+000 -5.714602e+000
      vertex  3.942159e+001  6.941926e+000  5.879600e+000
      vertex  3.979008e+001  7.522475e+000  5.714959e+000
    endloop
  endfacet
  facet normal -8.159416e-001  5.781344e-001  3.533583e-006
    outer loop
      vertex  3.979090e+001  7.523703e+000 -5.714602e+000
      vertex  3.979008e+001  7.522475e+000  5.714959e+000
      vertex  4.018568e+001  8.080878e+000 -5.539199e+000
    endloop
  endfacet
  facet normal -8.159905e-001  5.780653e-001 -1.611860e-006
    outer loop
      vertex  4.018568e+001  8.080878e+000 -5.539199e+000
      vertex  3.979008e+001  7.522475e+000  5.714959e+000
      vertex  4.018526e+001  8.080306e+000  5.539387e+000
    endloop
  endfacet
  facet normal -7.857601e-001  6.185313e-001  1.644026e-006
    outer loop
      vertex  4.018568e+001  8.080878e+000 -5.539199e+000
      vertex  4.018526e+001  8.080306e+000  5.539387e+000
      vertex  4.060550e+001  8.614191e+000 -5.353905e+000
    endloop
  endfacet
  facet normal -7.857765e-001  6.185106e-001  0.000000e+000
    outer loop
      vertex  4.060550e+001  8.614191e+000 -5.353905e+000
      vertex  4.018526e+001  8.080306e+000  5.539387e+000
      vertex  4.060550e+001  8.614191e+000  5.353905e+000
    endloop
  endfacet
  facet normal -7.646461e-001  6.444504e-001  0.000000e+000
    outer loop
      vertex  4.060550e+001  8.614191e+000 -5.353905e+000
      vertex  4.060550e+001  8.614191e+000  5.353905e+000
      vertex  4.074980e+001  8.785407e+000 -5.290523e+000
    endloop
  endfacet
  facet normal -7.646461e-001  6.444505e-001  0.000000e+000
    outer loop
      vertex  4.074980e+001  8.785407e+000 -5.290523e+000
      vertex  4.060550e+001  8.614191e+000  5.353905e+000
      vertex  4.074980e+001  8.785407e+000  5.290523e+000
    endloop
  endfacet
  facet normal -7.821545e-001  6.230844e-001 -1.590297e-006
    outer loop
      vertex  3.968375e+001 -1.425000e+001  2.852163e-013
      vertex  3.970194e+001 -1.422716e+001  3.736558e-001
      vertex  3.970194e+001 -1.422716e+001 -3.736507e-001
    endloop
  endfacet
  facet normal -7.880120e-001  6.156599e-001 -1.571347e-006
    outer loop
      vertex  3.970194e+001 -1.422716e+001 -3.736507e-001
      vertex  3.970194e+001 -1.422716e+001  3.736558e-001
      vertex  3.975407e+001 -1.416044e+001  7.396417e-001
    endloop
  endfacet
  facet normal -7.880291e-001  6.156380e-001  5.398824e-007
    outer loop
      vertex  3.970194e+001 -1.422716e+001 -3.736507e-001
      vertex  3.975407e+001 -1.416044e+001  7.396417e-001
      vertex  3.975406e+001 -1.416045e+001 -7.396117e-001
    endloop
  endfacet
  facet normal -7.993429e-001  6.008752e-001  7.606567e-007
    outer loop
      vertex  3.975406e+001 -1.416045e+001 -7.396117e-001
      vertex  3.975407e+001 -1.416044e+001  7.396417e-001
      vertex  3.983738e+001 -1.404961e+001  1.105552e+000
    endloop
  endfacet
  facet normal -7.993318e-001  6.008899e-001 -6.207462e-007
    outer loop
      vertex  3.975406e+001 -1.416045e+001 -7.396117e-001
      vertex  3.983738e+001 -1.404961e+001  1.105552e+000
      vertex  3.983736e+001 -1.404964e+001 -1.105496e+000
    endloop
  endfacet
  facet normal -8.150371e-001  5.794087e-001 -2.165717e-007
    outer loop
      vertex  3.983736e+001 -1.404964e+001 -1.105496e+000
      vertex  3.983738e+001 -1.404961e+001  1.105552e+000
      vertex  3.994199e+001 -1.390246e+001  1.453889e+000
    endloop
  endfacet
  facet normal -8.150405e-001  5.794040e-001  1.926963e-007
    outer loop
      vertex  3.983736e+001 -1.404964e+001 -1.105496e+000
      vertex  3.994199e+001 -1.390246e+001  1.453889e+000
      vertex  3.994196e+001 -1.390250e+001 -1.453806e+000
    endloop
  endfacet
  facet normal -8.338458e-001  5.519974e-001  7.855772e-007
    outer loop
      vertex  3.994196e+001 -1.390250e+001 -1.453806e+000
      vertex  3.994199e+001 -1.390246e+001  1.453889e+000
      vertex  4.006245e+001 -1.372050e+001  1.790782e+000
    endloop
  endfacet
  facet normal -8.338350e-001  5.520136e-001 -5.198379e-007
    outer loop
      vertex  3.994196e+001 -1.390250e+001 -1.453806e+000
      vertex  4.006245e+001 -1.372050e+001  1.790782e+000
      vertex  4.006240e+001 -1.372057e+001 -1.790669e+000
    endloop
  endfacet
  facet normal -8.545668e-001  5.193416e-001  3.320602e-007
    outer loop
      vertex  4.006240e+001 -1.372057e+001 -1.790669e+000
      vertex  4.006245e+001 -1.372050e+001  1.790782e+000
      vertex  4.019025e+001 -1.351020e+001  2.111173e+000
    endloop
  endfacet
  facet normal -8.545632e-001  5.193475e-001 -1.002350e-007
    outer loop
      vertex  4.006240e+001 -1.372057e+001 -1.790669e+000
      vertex  4.019025e+001 -1.351020e+001  2.111173e+000
      vertex  4.019020e+001 -1.351029e+001 -2.111048e+000
    endloop
  endfacet
  facet normal -8.876010e-001  4.606132e-001  1.551421e-006
    outer loop
      vertex  4.019020e+001 -1.351029e+001 -2.111048e+000
      vertex  4.019025e+001 -1.351020e+001  2.111173e+000
      vertex  4.044923e+001 -1.301116e+001  2.713597e+000
    endloop
  endfacet
  facet normal -8.875896e-001  4.606354e-001 -1.369973e-006
    outer loop
      vertex  4.019020e+001 -1.351029e+001 -2.111048e+000
      vertex  4.044923e+001 -1.301116e+001  2.713597e+000
      vertex  4.044919e+001 -1.301125e+001 -2.713506e+000
    endloop
  endfacet
  facet normal -9.288750e-001  3.703932e-001  4.108497e-007
    outer loop
      vertex  4.044919e+001 -1.301125e+001 -2.713506e+000
      vertex  4.044923e+001 -1.301116e+001  2.713597e+000
      vertex  4.068200e+001 -1.242742e+001  3.263218e+000
    endloop
  endfacet
  facet normal -9.288712e-001  3.704030e-001 -6.919165e-007
    outer loop
      vertex  4.044919e+001 -1.301125e+001 -2.713506e+000
      vertex  4.068200e+001 -1.242742e+001  3.263218e+000
      vertex  4.068197e+001 -1.242750e+001 -3.263152e+000
    endloop
  endfacet
  facet normal -9.631644e-001  2.689131e-001  6.793143e-007
    outer loop
      vertex  4.068197e+001 -1.242750e+001 -3.263152e+000
      vertex  4.068200e+001 -1.242742e+001  3.263218e+000
      vertex  4.085865e+001 -1.179471e+001  3.749544e+000
    endloop
  endfacet
  facet normal -9.631609e-001  2.689255e-001 -5.256442e-007
    outer loop
      vertex  4.068197e+001 -1.242750e+001 -3.263152e+000
      vertex  4.085865e+001 -1.179471e+001  3.749544e+000
      vertex  4.085863e+001 -1.179479e+001 -3.749485e+000
    endloop
  endfacet
  facet normal -9.872961e-001  1.588911e-001  7.531689e-007
    outer loop
      vertex  4.085863e+001 -1.179479e+001 -3.749485e+000
      vertex  4.085865e+001 -1.179471e+001  3.749544e+000
      vertex  4.096903e+001 -1.110881e+001  4.191913e+000
    endloop
  endfacet
  facet normal -9.872934e-001  1.589074e-001 -6.922410e-007
    outer loop
      vertex  4.085863e+001 -1.179479e+001 -3.749485e+000
      vertex  4.096903e+001 -1.110881e+001  4.191913e+000
      vertex  4.096902e+001 -1.110890e+001 -4.191860e+000
    endloop
  endfacet
  facet normal -9.992523e-001  3.866565e-002  5.222875e-007
    outer loop
      vertex  4.096902e+001 -1.110890e+001 -4.191860e+000
      vertex  4.096903e+001 -1.110881e+001  4.191913e+000
      vertex  4.099823e+001 -1.035425e+001  4.605396e+000
    endloop
  endfacet
  facet normal -9.992519e-001  3.867457e-002 -2.442643e-007
    outer loop
      vertex  4.096902e+001 -1.110890e+001 -4.191860e+000
      vertex  4.099823e+001 -1.035425e+001  4.605396e+000
      vertex  4.099823e+001 -1.035431e+001 -4.605363e+000
    endloop
  endfacet
  facet normal -9.983931e-001 -5.666886e-002  3.579142e-007
    outer loop
      vertex  4.099823e+001 -1.035431e+001 -4.605363e+000
      vertex  4.099823e+001 -1.035425e+001  4.605396e+000
      vertex  4.097620e+001 -9.966059e+000  4.794448e+000
    endloop
  endfacet
  facet normal -9.983937e-001 -5.665702e-002 -1.323460e-007
    outer loop
      vertex  4.099823e+001 -1.035431e+001 -4.605363e+000
      vertex  4.097620e+001 -9.966059e+000  4.794448e+000
      vertex  4.097620e+001 -9.966104e+000 -4.794426e+000
    endloop
  endfacet
  facet normal -9.925586e-001 -1.217678e-001  1.743324e-007
    outer loop
      vertex  4.097620e+001 -9.966104e+000 -4.794426e+000
      vertex  4.097620e+001 -9.966059e+000  4.794448e+000
      vertex  4.092805e+001 -9.573584e+000  4.971657e+000
    endloop
  endfacet
  facet normal -9.925593e-001 -1.217631e-001 -1.875840e-008
    outer loop
      vertex  4.097620e+001 -9.966104e+000 -4.794426e+000
      vertex  4.092805e+001 -9.573584e+000  4.971657e+000
      vertex  4.092805e+001 -9.573613e+000 -4.971643e+000
    endloop
  endfacet
  facet normal -9.822884e-001 -1.873754e-001  1.802638e-007
    outer loop
      vertex  4.092805e+001 -9.573613e+000 -4.971643e+000
      vertex  4.092805e+001 -9.573584e+000  4.971657e+000
      vertex  4.085282e+001 -9.179203e+000  5.137005e+000
    endloop
  endfacet
  facet normal -9.822896e-001 -1.873688e-001 -8.644300e-008
    outer loop
      vertex  4.092805e+001 -9.573613e+000 -4.971643e+000
      vertex  4.085282e+001 -9.179203e+000  5.137005e+000
      vertex  4.085282e+001 -9.179218e+000 -5.136999e+000
    endloop
  endfacet
  facet normal -9.674428e-001 -2.530896e-001  1.667706e-008
    outer loop
      vertex  4.085282e+001 -9.179218e+000 -5.136999e+000
      vertex  4.085282e+001 -9.179203e+000  5.137005e+000
      vertex  4.074980e+001 -8.785407e+000  5.290523e+000
    endloop
  endfacet
  facet normal -9.674430e-001 -2.530892e-001  -0.000000e+000
    outer loop
      vertex  4.085282e+001 -9.179218e+000 -5.136999e+000
      vertex  4.074980e+001 -8.785407e+000  5.290523e+000
      vertex  4.074980e+001 -8.785407e+000 -5.290523e+000
    endloop
  endfacet
  facet normal  1.234722e-003 -1.060331e-002 -9.999431e-001
    outer loop
      vertex  3.750000e+001 -6.216642e-003  6.750000e+000
      vertex  3.703252e+001  6.813650e-001  6.742131e+000
      vertex  3.751471e+001  6.301757e-001  6.743269e+000
    endloop
  endfacet
  facet normal -1.309091e-003 -3.455329e-002 -9.994020e-001
    outer loop
      vertex  3.751471e+001  6.301757e-001  6.743269e+000
      vertex  3.703252e+001  6.813650e-001  6.742131e+000
      vertex  3.708581e+001  1.360426e+000  6.718584e+000
    endloop
  endfacet
  facet normal  2.482940e-003 -3.232855e-002 -9.994742e-001
    outer loop
      vertex  3.751471e+001  6.301757e-001  6.743269e+000
      vertex  3.708581e+001  1.360426e+000  6.718584e+000
      vertex  3.755938e+001  1.264783e+000  6.722854e+000
    endloop
  endfacet
  facet normal -2.607287e-003 -5.748164e-002 -9.983431e-001
    outer loop
      vertex  3.755938e+001  1.264783e+000  6.722854e+000
      vertex  3.708581e+001  1.360426e+000  6.718584e+000
      vertex  3.717433e+001  2.034958e+000  6.679515e+000
    endloop
  endfacet
  facet normal  3.892644e-003 -5.424197e-002 -9.985202e-001
    outer loop
      vertex  3.755938e+001  1.264783e+000  6.722854e+000
      vertex  3.717433e+001  2.034958e+000  6.679515e+000
      vertex  3.763378e+001  1.895848e+000  6.688863e+000
    endloop
  endfacet
  facet normal -4.049927e-003 -8.035637e-002 -9.967579e-001
    outer loop
      vertex  3.763378e+001  1.895848e+000  6.688863e+000
      vertex  3.717433e+001  2.034958e+000  6.679515e+000
      vertex  3.729764e+001  2.702822e+000  6.625172e+000
    endloop
  endfacet
  facet normal  5.476903e-003 -7.641197e-002 -9.970613e-001
    outer loop
      vertex  3.763378e+001  1.895848e+000  6.688863e+000
      vertex  3.729764e+001  2.702822e+000  6.625172e+000
      vertex  3.773760e+001  2.521663e+000  6.641472e+000
    endloop
  endfacet
  facet normal -5.641891e-003 -1.031973e-001 -9.946449e-001
    outer loop
      vertex  3.773760e+001  2.521663e+000  6.641472e+000
      vertex  3.729764e+001  2.702822e+000  6.625172e+000
      vertex  3.745518e+001  3.361974e+000  6.555890e+000
    endloop
  endfacet
  facet normal  7.251017e-003 -9.890743e-002 -9.950702e-001
    outer loop
      vertex  3.773760e+001  2.521663e+000  6.641472e+000
      vertex  3.745518e+001  3.361974e+000  6.555890e+000
      vertex  3.787038e+001  3.140580e+000  6.580921e+000
    endloop
  endfacet
  facet normal -7.390519e-003 -1.260194e-001 -9.920002e-001
    outer loop
      vertex  3.787038e+001  3.140580e+000  6.580921e+000
      vertex  3.745518e+001  3.361974e+000  6.555890e+000
      vertex  3.764622e+001  4.010464e+000  6.472085e+000
    endloop
  endfacet
  facet normal  9.238391e-003 -1.217983e-001 -9.925119e-001
    outer loop
      vertex  3.787038e+001  3.140580e+000  6.580921e+000
      vertex  3.764622e+001  4.010464e+000  6.472085e+000
      vertex  3.803158e+001  3.751008e+000  6.507512e+000
    endloop
  endfacet
  facet normal -9.302953e-003 -1.488323e-001 -9.888186e-001
    outer loop
      vertex  3.803158e+001  3.751008e+000  6.507512e+000
      vertex  3.764622e+001  4.010464e+000  6.472085e+000
      vertex  3.786996e+001  4.646439e+000  6.374256e+000
    endloop
  endfacet
  facet normal  8.682976e-003 -1.456572e-001 -9.892971e-001
    outer loop
      vertex  3.803158e+001  3.751008e+000  6.507512e+000
      vertex  3.786996e+001  4.646439e+000  6.374256e+000
      vertex  3.824475e+001  4.421940e+000  6.410599e+000
    endloop
  endfacet
  facet normal -8.097013e-003 -1.729579e-001 -9.848959e-001
    outer loop
      vertex  3.824475e+001  4.421940e+000  6.410599e+000
      vertex  3.786996e+001  4.646439e+000  6.374256e+000
      vertex  3.812547e+001  5.268147e+000  6.262977e+000
    endloop
  endfacet
  facet normal  7.394785e-003 -1.708395e-001 -9.852711e-001
    outer loop
      vertex  3.824475e+001  4.421940e+000  6.410599e+000
      vertex  3.812547e+001  5.268147e+000  6.262977e+000
      vertex  3.849158e+001  5.078328e+000  6.298638e+000
    endloop
  endfacet
  facet normal -6.920637e-003 -1.975119e-001 -9.802760e-001
    outer loop
      vertex  3.849158e+001  5.078328e+000  6.298638e+000
      vertex  3.812547e+001  5.268147e+000  6.262977e+000
      vertex  3.841172e+001  5.873943e+000  6.138897e+000
    endloop
  endfacet
  facet normal  6.143073e-003 -1.962525e-001 -9.805342e-001
    outer loop
      vertex  3.849158e+001  5.078328e+000  6.298638e+000
      vertex  3.841172e+001  5.873943e+000  6.138897e+000
      vertex  3.877088e+001  5.718280e+000  6.172303e+000
    endloop
  endfacet
  facet normal -5.769344e-003 -2.225308e-001 -9.749085e-001
    outer loop
      vertex  3.877088e+001  5.718280e+000  6.172303e+000
      vertex  3.841172e+001  5.873943e+000  6.138897e+000
      vertex  3.872764e+001  6.462284e+000  6.002734e+000
    endloop
  endfacet
  facet normal  4.919428e-003 -2.219413e-001 -9.750476e-001
    outer loop
      vertex  3.877088e+001  5.718280e+000  6.172303e+000
      vertex  3.872764e+001  6.462284e+000  6.002734e+000
      vertex  3.908136e+001  6.340026e+000  6.032347e+000
    endloop
  endfacet
  facet normal -4.633308e-003 -2.480503e-001 -9.687361e-001
    outer loop
      vertex  3.908136e+001  6.340026e+000  6.032347e+000
      vertex  3.872764e+001  6.462284e+000  6.002734e+000
      vertex  3.907209e+001  7.031741e+000  5.855274e+000
    endloop
  endfacet
  facet normal  3.710954e-003 -2.479463e-001 -9.687667e-001
    outer loop
      vertex  3.908136e+001  6.340026e+000  6.032347e+000
      vertex  3.907209e+001  7.031741e+000  5.855274e+000
      vertex  3.942159e+001  6.941926e+000  5.879600e+000
    endloop
  endfacet
  facet normal -3.505118e-003 -2.741104e-001 -9.616919e-001
    outer loop
      vertex  3.942159e+001  6.941926e+000  5.879600e+000
      vertex  3.907209e+001  7.031741e+000  5.855274e+000
      vertex  3.944386e+001  7.580993e+000  5.697366e+000
    endloop
  endfacet
  facet normal  2.502503e-003 -2.743049e-001 -9.616395e-001
    outer loop
      vertex  3.942159e+001  6.941926e+000  5.879600e+000
      vertex  3.944386e+001  7.580993e+000  5.697366e+000
      vertex  3.979008e+001  7.522475e+000  5.714959e+000
    endloop
  endfacet
  facet normal -2.370588e-003 -3.007496e-001 -9.537002e-001
    outer loop
      vertex  3.979008e+001  7.522475e+000  5.714959e+000
      vertex  3.944386e+001  7.580993e+000  5.697366e+000
      vertex  3.984175e+001  8.108838e+000  5.529921e+000
    endloop
  endfacet
  facet normal  1.274178e-003 -3.010423e-001 -9.536099e-001
    outer loop
      vertex  3.979008e+001  7.522475e+000  5.714959e+000
      vertex  3.984175e+001  8.108838e+000  5.529921e+000
      vertex  4.018526e+001  8.080306e+000  5.539387e+000
    endloop
  endfacet
  facet normal -1.212639e-003 -3.280163e-001 -9.446712e-001
    outer loop
      vertex  4.018526e+001  8.080306e+000  5.539387e+000
      vertex  3.984175e+001  8.108838e+000  5.529921e+000
      vertex  4.026453e+001  8.614191e+000  5.353905e+000
    endloop
  endfacet
  facet normal  0.000000e+000 -3.281772e-001 -9.446162e-001
    outer loop
      vertex  4.018526e+001  8.080306e+000  5.539387e+000
      vertex  4.026453e+001  8.614191e+000  5.353905e+000
      vertex  4.060550e+001  8.614191e+000  5.353905e+000
    endloop
  endfacet
  facet normal -1.488705e-004 -1.154388e-002 -9.999334e-001
    outer loop
      vertex  3.703252e+001  6.813650e-001  6.742131e+000
      vertex  3.750000e+001 -6.216642e-003  6.750000e+000
      vertex  3.701473e+001  1.430055e-007  6.750000e+000
    endloop
  endfacet
  facet normal  1.397963e-004  1.098895e-002 -9.999396e-001
    outer loop
      vertex  3.701473e+001  1.430055e-007  6.750000e+000
      vertex  3.750000e+001 -6.216642e-003  6.750000e+000
      vertex  3.751527e+001 -6.419845e-001  6.743015e+000
    endloop
  endfacet
  facet normal  8.862193e-004  1.157085e-002 -9.999326e-001
    outer loop
      vertex  3.701473e+001  1.430055e-007  6.750000e+000
      vertex  3.751527e+001 -6.419845e-001  6.743015e+000
      vertex  3.703252e+001 -6.813681e-001  6.742131e+000
    endloop
  endfacet
  facet normal -8.210261e-004  3.248718e-002 -9.994718e-001
    outer loop
      vertex  3.703252e+001 -6.813681e-001  6.742131e+000
      vertex  3.751527e+001 -6.419845e-001  6.743015e+000
      vertex  3.756043e+001 -1.275935e+000  6.722372e+000
    endloop
  endfacet
  facet normal  1.782642e-003  3.479630e-002 -9.993929e-001
    outer loop
      vertex  3.703252e+001 -6.813681e-001  6.742131e+000
      vertex  3.756043e+001 -1.275935e+000  6.722372e+000
      vertex  3.708581e+001 -1.360429e+000  6.718583e+000
    endloop
  endfacet
  facet normal -1.636248e-003  5.396248e-002 -9.985417e-001
    outer loop
      vertex  3.708581e+001 -1.360429e+000  6.718583e+000
      vertex  3.756043e+001 -1.275935e+000  6.722372e+000
      vertex  3.763527e+001 -1.906316e+000  6.688182e+000
    endloop
  endfacet
  facet normal  2.542516e-003  5.815536e-002 -9.983042e-001
    outer loop
      vertex  3.708581e+001 -1.360429e+000  6.718583e+000
      vertex  3.763527e+001 -1.906316e+000  6.688182e+000
      vertex  3.717433e+001 -2.034959e+000  6.679514e+000
    endloop
  endfacet
  facet normal -2.314072e-003  7.547887e-002 -9.971448e-001
    outer loop
      vertex  3.717433e+001 -2.034959e+000  6.679514e+000
      vertex  3.763527e+001 -1.906316e+000  6.688182e+000
      vertex  3.773946e+001 -2.531429e+000  6.640623e+000
    endloop
  endfacet
  facet normal  3.168380e-003  8.168106e-002 -9.966535e-001
    outer loop
      vertex  3.717433e+001 -2.034959e+000  6.679514e+000
      vertex  3.773946e+001 -2.531429e+000  6.640623e+000
      vertex  3.729764e+001 -2.702820e+000  6.625172e+000
    endloop
  endfacet
  facet normal -2.858418e-003  9.709255e-002 -9.952712e-001
    outer loop
      vertex  3.729764e+001 -2.702820e+000  6.625172e+000
      vertex  3.773946e+001 -2.531429e+000  6.640623e+000
      vertex  3.787255e+001 -3.149632e+000  6.579932e+000
    endloop
  endfacet
  facet normal  3.662903e-003  1.053977e-001 -9.944234e-001
    outer loop
      vertex  3.729764e+001 -2.702820e+000  6.625172e+000
      vertex  3.787255e+001 -3.149632e+000  6.579932e+000
      vertex  3.745517e+001 -3.361968e+000  6.555890e+000
    endloop
  endfacet
  facet normal -3.272976e-003  1.188594e-001 -9.929057e-001
    outer loop
      vertex  3.745517e+001 -3.361968e+000  6.555890e+000
      vertex  3.787255e+001 -3.149632e+000  6.579932e+000
      vertex  3.803399e+001 -3.759342e+000  6.506413e+000
    endloop
  endfacet
  facet normal  4.027981e-003  1.293306e-001 -9.915934e-001
    outer loop
      vertex  3.745517e+001 -3.361968e+000  6.555890e+000
      vertex  3.803399e+001 -3.759342e+000  6.506413e+000
      vertex  3.764622e+001 -4.010455e+000  6.472085e+000
    endloop
  endfacet
  facet normal -4.274126e-003  1.419151e-001 -9.898696e-001
    outer loop
      vertex  3.764622e+001 -4.010455e+000  6.472085e+000
      vertex  3.803399e+001 -3.759342e+000  6.506413e+000
      vertex  3.824723e+001 -4.429085e+000  6.409472e+000
    endloop
  endfacet
  facet normal  3.882498e-003  1.533697e-001 -9.881614e-001
    outer loop
      vertex  3.764622e+001 -4.010455e+000  6.472085e+000
      vertex  3.824723e+001 -4.429085e+000  6.409472e+000
      vertex  3.786996e+001 -4.646427e+000  6.374257e+000
    endloop
  endfacet
  facet normal -4.111364e-003  1.668901e-001 -9.859669e-001
    outer loop
      vertex  3.786996e+001 -4.646427e+000  6.374257e+000
      vertex  3.824723e+001 -4.429085e+000  6.409472e+000
      vertex  3.849401e+001 -5.084308e+000  6.297537e+000
    endloop
  endfacet
  facet normal  3.667481e-003  1.776469e-001 -9.840875e-001
    outer loop
      vertex  3.786996e+001 -4.646427e+000  6.374257e+000
      vertex  3.849401e+001 -5.084308e+000  6.297537e+000
      vertex  3.812546e+001 -5.268135e+000  6.262979e+000
    endloop
  endfacet
  facet normal -3.879256e-003  1.922598e-001 -9.813364e-001
    outer loop
      vertex  3.812546e+001 -5.268135e+000  6.262979e+000
      vertex  3.849401e+001 -5.084308e+000  6.297537e+000
      vertex  3.877315e+001 -5.723128e+000  6.171278e+000
    endloop
  endfacet
  facet normal  3.375344e-003  2.021848e-001 -9.793416e-001
    outer loop
      vertex  3.812546e+001 -5.268135e+000  6.262979e+000
      vertex  3.877315e+001 -5.723128e+000  6.171278e+000
      vertex  3.841171e+001 -5.873930e+000  6.138899e+000
    endloop
  endfacet
  facet normal -3.566696e-003  2.180892e-001 -9.759223e-001
    outer loop
      vertex  3.841171e+001 -5.873930e+000  6.138899e+000
      vertex  3.877315e+001 -5.723128e+000  6.171278e+000
      vertex  3.908335e+001 -6.343786e+000  6.031446e+000
    endloop
  endfacet
  facet normal  2.990491e-003  2.269979e-001 -9.738907e-001
    outer loop
      vertex  3.841171e+001 -5.873930e+000  6.138899e+000
      vertex  3.908335e+001 -6.343786e+000  6.031446e+000
      vertex  3.872763e+001 -6.462272e+000  6.002737e+000
    endloop
  endfacet
  facet normal -3.160591e-003  2.444395e-001 -9.696593e-001
    outer loop
      vertex  3.872763e+001 -6.462272e+000  6.002737e+000
      vertex  3.908335e+001 -6.343786e+000  6.031446e+000
      vertex  3.942322e+001 -6.944650e+000  5.878868e+000
    endloop
  endfacet
  facet normal  2.497688e-003  2.520953e-001 -9.676992e-001
    outer loop
      vertex  3.872763e+001 -6.462272e+000  6.002737e+000
      vertex  3.942322e+001 -6.944650e+000  5.878868e+000
      vertex  3.907208e+001 -7.031730e+000  5.855276e+000
    endloop
  endfacet
  facet normal -2.638269e-003  2.713877e-001 -9.624665e-001
    outer loop
      vertex  3.907208e+001 -7.031730e+000  5.855276e+000
      vertex  3.942322e+001 -6.944650e+000  5.878868e+000
      vertex  3.979125e+001 -7.524223e+000  5.714436e+000
    endloop
  endfacet
  facet normal  1.864970e-003  2.774679e-001 -9.607331e-001
    outer loop
      vertex  3.907208e+001 -7.031730e+000  5.855276e+000
      vertex  3.979125e+001 -7.524223e+000  5.714436e+000
      vertex  3.944386e+001 -7.580986e+000  5.697368e+000
    endloop
  endfacet
  facet normal -1.973777e-003  2.990113e-001 -9.542476e-001
    outer loop
      vertex  3.944386e+001 -7.580986e+000  5.697368e+000
      vertex  3.979125e+001 -7.524223e+000  5.714436e+000
      vertex  4.018588e+001 -8.081144e+000  5.539110e+000
    endloop
  endfacet
  facet normal  1.054224e-003  3.030960e-001 -9.529595e-001
    outer loop
      vertex  3.944386e+001 -7.580986e+000  5.697368e+000
      vertex  4.018588e+001 -8.081144e+000  5.539110e+000
      vertex  3.984175e+001 -8.108834e+000  5.529922e+000
    endloop
  endfacet
  facet normal -1.118146e-003  3.274139e-001 -9.448803e-001
    outer loop
      vertex  3.984175e+001 -8.108834e+000  5.529922e+000
      vertex  4.018588e+001 -8.081144e+000  5.539110e+000
      vertex  4.060550e+001 -8.614191e+000  5.353905e+000
    endloop
  endfacet
  facet normal  0.000000e+000  3.289216e-001 -9.443573e-001
    outer loop
      vertex  3.984175e+001 -8.108834e+000  5.529922e+000
      vertex  4.060550e+001 -8.614191e+000  5.353905e+000
      vertex  4.026453e+001 -8.614191e+000  5.353905e+000
    endloop
  endfacet
  facet normal  3.394196e-003 -9.733690e-001 -2.292186e-001
    outer loop
      vertex  3.888442e+001  1.413002e+001  8.559405e-001
      vertex  3.881202e+001  1.419577e+001  5.756830e-001
      vertex  3.975406e+001  1.416045e+001  7.396108e-001
    endloop
  endfacet
  facet normal -1.309237e-002 -9.903278e-001 -1.381287e-001
    outer loop
      vertex  3.975406e+001  1.416045e+001  7.396108e-001
      vertex  3.881202e+001  1.419577e+001  5.756830e-001
      vertex  3.876588e+001  1.423630e+001  2.894359e-001
    endloop
  endfacet
  facet normal  6.614679e-003 -9.835979e-001 -1.802537e-001
    outer loop
      vertex  3.975406e+001  1.416045e+001  7.396108e-001
      vertex  3.876588e+001  1.423630e+001  2.894359e-001
      vertex  3.970194e+001  1.422716e+001  3.736503e-001
    endloop
  endfacet
  facet normal -5.525742e-003 -9.988810e-001 -4.696904e-002
    outer loop
      vertex  3.970194e+001  1.422716e+001  3.736503e-001
      vertex  3.876588e+001  1.423630e+001  2.894359e-001
      vertex  3.875000e+001  1.425000e+001  0.000000e+000
    endloop
  endfacet
  facet normal -7.253033e-018 -9.981377e-001 -6.100144e-002
    outer loop
      vertex  3.970194e+001  1.422716e+001  3.736503e-001
      vertex  3.875000e+001  1.425000e+001  0.000000e+000
      vertex  3.968375e+001  1.425000e+001 -1.110223e-016
    endloop
  endfacet
  facet normal  5.080536e-003 -8.058266e-001 -5.921298e-001
    outer loop
      vertex  3.956290e+001  1.335119e+001  2.322180e+000
      vertex  3.938177e+001  1.359357e+001  1.990773e+000
      vertex  4.019020e+001  1.351029e+001  2.111047e+000
    endloop
  endfacet
  facet normal -1.156896e-002 -8.568019e-001 -5.155159e-001
    outer loop
      vertex  4.019020e+001  1.351029e+001  2.111047e+000
      vertex  3.938177e+001  1.359357e+001  1.990773e+000
      vertex  3.920374e+001  1.380483e+001  1.643651e+000
    endloop
  endfacet
  facet normal  1.274496e-002 -8.336054e-001 -5.522134e-001
    outer loop
      vertex  4.019020e+001  1.351029e+001  2.111047e+000
      vertex  3.920374e+001  1.380483e+001  1.643651e+000
      vertex  4.006240e+001  1.372057e+001  1.790668e+000
    endloop
  endfacet
  facet normal -1.158350e-002 -8.952347e-001 -4.454442e-001
    outer loop
      vertex  4.006240e+001  1.372057e+001  1.790668e+000
      vertex  3.920374e+001  1.380483e+001  1.643651e+000
      vertex  3.908585e+001  1.393224e+001  1.390658e+000
    endloop
  endfacet
  facet normal  4.609239e-003 -8.791745e-001 -4.764775e-001
    outer loop
      vertex  4.006240e+001  1.372057e+001  1.790668e+000
      vertex  3.908585e+001  1.393224e+001  1.390658e+000
      vertex  3.994196e+001  1.390250e+001  1.453805e+000
    endloop
  endfacet
  facet normal -3.893909e-003 -9.240239e-001 -3.823148e-001
    outer loop
      vertex  3.994196e+001  1.390250e+001  1.453805e+000
      vertex  3.908585e+001  1.393224e+001  1.390658e+000
      vertex  3.897765e+001  1.404136e+001  1.128032e+000
    endloop
  endfacet
  facet normal -1.317661e-003 -9.213253e-001 -3.887904e-001
    outer loop
      vertex  3.994196e+001  1.390250e+001  1.453805e+000
      vertex  3.897765e+001  1.404136e+001  1.128032e+000
      vertex  3.983736e+001  1.404964e+001  1.105495e+000
    endloop
  endfacet
  facet normal  1.026731e-003 -9.506879e-001 -3.101476e-001
    outer loop
      vertex  3.983736e+001  1.404964e+001  1.105495e+000
      vertex  3.897765e+001  1.404136e+001  1.128032e+000
      vertex  3.888442e+001  1.413002e+001  8.559405e-001
    endloop
  endfacet
  facet normal -5.132882e-003 -9.573810e-001 -2.887825e-001
    outer loop
      vertex  3.983736e+001  1.404964e+001  1.105495e+000
      vertex  3.888442e+001  1.413002e+001  8.559405e-001
      vertex  3.975406e+001  1.416045e+001  7.396108e-001
    endloop
  endfacet
  facet normal  3.726868e-003 -7.138840e-001 -7.002540e-001
    outer loop
      vertex  3.990771e+001  1.278365e+001  2.942656e+000
      vertex  3.974006e+001  1.308045e+001  2.639186e+000
      vertex  4.044919e+001  1.301125e+001  2.713505e+000
    endloop
  endfacet
  facet normal -6.534814e-003 -7.621916e-001 -6.473185e-001
    outer loop
      vertex  4.044919e+001  1.301125e+001  2.713505e+000
      vertex  3.974006e+001  1.308045e+001  2.639186e+000
      vertex  3.956290e+001  1.335119e+001  2.322180e+000
    endloop
  endfacet
  facet normal -1.701441e-002 -7.735766e-001 -6.334743e-001
    outer loop
      vertex  4.044919e+001  1.301125e+001  2.713505e+000
      vertex  3.956290e+001  1.335119e+001  2.322180e+000
      vertex  4.019020e+001  1.351029e+001  2.111047e+000
    endloop
  endfacet
  facet normal  2.967375e-003 -5.877849e-001 -8.090118e-001
    outer loop
      vertex  4.032048e+001  1.173038e+001  3.794315e+000
      vertex  4.019764e+001  1.212012e+001  3.510700e+000
      vertex  4.085863e+001  1.179480e+001  3.749485e+000
    endloop
  endfacet
  facet normal -3.576616e-002 -6.375439e-001 -7.695834e-001
    outer loop
      vertex  4.085863e+001  1.179480e+001  3.749485e+000
      vertex  4.019764e+001  1.212012e+001  3.510700e+000
      vertex  4.006146e+001  1.246286e+001  3.233088e+000
    endloop
  endfacet
  facet normal  3.744221e-003 -6.087636e-001 -7.933428e-001
    outer loop
      vertex  4.085863e+001  1.179480e+001  3.749485e+000
      vertex  4.006146e+001  1.246286e+001  3.233088e+000
      vertex  4.068197e+001  1.242750e+001  3.263151e+000
    endloop
  endfacet
  facet normal -2.396769e-003 -6.717950e-001 -7.407334e-001
    outer loop
      vertex  4.068197e+001  1.242750e+001  3.263151e+000
      vertex  4.006146e+001  1.246286e+001  3.233088e+000
      vertex  3.990771e+001  1.278365e+001  2.942656e+000
    endloop
  endfacet
  facet normal -1.701233e-002 -6.890088e-001 -7.245532e-001
    outer loop
      vertex  4.068197e+001  1.242750e+001  3.263151e+000
      vertex  3.990771e+001  1.278365e+001  2.942656e+000
      vertex  4.044919e+001  1.301125e+001  2.713505e+000
    endloop
  endfacet
  facet normal  5.051394e-003 -5.101762e-001 -8.600550e-001
    outer loop
      vertex  4.048062e+001  1.089306e+001  4.317023e+000
      vertex  4.041584e+001  1.132041e+001  4.063145e+000
      vertex  4.096902e+001  1.110890e+001  4.191860e+000
    endloop
  endfacet
  facet normal -1.652117e-002 -5.509641e-001 -8.343655e-001
    outer loop
      vertex  4.096902e+001  1.110890e+001  4.191860e+000
      vertex  4.041584e+001  1.132041e+001  4.063145e+000
      vertex  4.032048e+001  1.173038e+001  3.794315e+000
    endloop
  endfacet
  facet normal -5.026236e-003 -5.425699e-001 -8.399956e-001
    outer loop
      vertex  4.096902e+001  1.110890e+001  4.191860e+000
      vertex  4.032048e+001  1.173038e+001  3.794315e+000
      vertex  4.085863e+001  1.179480e+001  3.749485e+000
    endloop
  endfacet
  facet normal  1.935622e-003 -4.267612e-001 -9.043623e-001
    outer loop
      vertex  4.049823e+001  9.846410e+000  4.849885e+000
      vertex  4.051338e+001  1.015082e+001  4.706269e+000
      vertex  4.097620e+001  9.966104e+000  4.794425e+000
    endloop
  endfacet
  facet normal -8.408297e-003 -4.477826e-001 -8.941029e-001
    outer loop
      vertex  4.097620e+001  9.966104e+000  4.794425e+000
      vertex  4.051338e+001  1.015082e+001  4.706269e+000
      vertex  4.051208e+001  1.045147e+001  4.555712e+000
    endloop
  endfacet
  facet normal  4.266031e-003 -4.380437e-001 -8.989435e-001
    outer loop
      vertex  4.097620e+001  9.966104e+000  4.794425e+000
      vertex  4.051208e+001  1.045147e+001  4.555712e+000
      vertex  4.099823e+001  1.035431e+001  4.605363e+000
    endloop
  endfacet
  facet normal -5.257460e-003 -4.757841e-001 -8.795464e-001
    outer loop
      vertex  4.099823e+001  1.035431e+001  4.605363e+000
      vertex  4.051208e+001  1.045147e+001  4.555712e+000
      vertex  4.048062e+001  1.089306e+001  4.317023e+000
    endloop
  endfacet
  facet normal -1.215672e-002 -4.808879e-001 -8.766977e-001
    outer loop
      vertex  4.099823e+001  1.035431e+001  4.605363e+000
      vertex  4.048062e+001  1.089306e+001  4.317023e+000
      vertex  4.096902e+001  1.110890e+001  4.191860e+000
    endloop
  endfacet
  facet normal -9.874330e-004 -3.864962e-001 -9.222904e-001
    outer loop
      vertex  4.085282e+001  9.179218e+000  5.136999e+000
      vertex  4.046614e+001  9.539354e+000  4.986494e+000
      vertex  4.092805e+001  9.573613e+000  4.971642e+000
    endloop
  endfacet
  facet normal  7.786569e-004 -4.065529e-001 -9.136269e-001
    outer loop
      vertex  4.092805e+001  9.573613e+000  4.971642e+000
      vertex  4.046614e+001  9.539354e+000  4.986494e+000
      vertex  4.049823e+001  9.846410e+000  4.849885e+000
    endloop
  endfacet
  facet normal -2.784936e-003 -4.112305e-001 -9.115272e-001
    outer loop
      vertex  4.092805e+001  9.573613e+000  4.971642e+000
      vertex  4.049823e+001  9.846410e+000  4.849885e+000
      vertex  4.097620e+001  9.966104e+000  4.794425e+000
    endloop
  endfacet
  facet normal -1.483865e-003 -3.869495e-001 -9.220996e-001
    outer loop
      vertex  4.046614e+001  9.539354e+000  4.986494e+000
      vertex  4.085282e+001  9.179218e+000  5.136999e+000
      vertex  4.041668e+001  9.230819e+000  5.116047e+000
    endloop
  endfacet
  facet normal  1.731367e-003 -3.636106e-001 -9.315494e-001
    outer loop
      vertex  4.041668e+001  9.230819e+000  5.116047e+000
      vertex  4.085282e+001  9.179218e+000  5.136999e+000
      vertex  4.074980e+001  8.785407e+000  5.290523e+000
    endloop
  endfacet
  facet normal -4.696872e-003 -3.677734e-001 -9.299036e-001
    outer loop
      vertex  4.041668e+001  9.230819e+000  5.116047e+000
      vertex  4.074980e+001  8.785407e+000  5.290523e+000
      vertex  4.034956e+001  8.922012e+000  5.238518e+000
    endloop
  endfacet
  facet normal  2.610338e-003 -3.490971e-001 -9.370829e-001
    outer loop
      vertex  4.034956e+001  8.922012e+000  5.238518e+000
      vertex  4.074980e+001  8.785407e+000  5.290523e+000
      vertex  4.060550e+001  8.614191e+000  5.353905e+000
    endloop
  endfacet
  facet normal  -0.000000e+000 -3.510020e-001 -9.363747e-001
    outer loop
      vertex  4.034956e+001  8.922012e+000  5.238518e+000
      vertex  4.060550e+001  8.614191e+000  5.353905e+000
      vertex  4.026453e+001  8.614191e+000  5.353905e+000
    endloop
  endfacet
  facet normal -2.311820e-003 -3.626904e-001  9.319068e-001
    outer loop
      vertex  4.085282e+001  9.179203e+000 -5.137005e+000
      vertex  4.038478e+001  9.073808e+000 -5.179185e+000
      vertex  4.074980e+001  8.785407e+000 -5.290523e+000
    endloop
  endfacet
  facet normal  3.615558e-003 -3.561582e-001  9.344187e-001
    outer loop
      vertex  4.074980e+001  8.785407e+000 -5.290523e+000
      vertex  4.038478e+001  9.073808e+000 -5.179185e+000
      vertex  4.026453e+001  8.614191e+000 -5.353905e+000
    endloop
  endfacet
  facet normal  0.000000e+000 -3.471642e-001  9.378045e-001
    outer loop
      vertex  4.074980e+001  8.785407e+000 -5.290523e+000
      vertex  4.026453e+001  8.614191e+000 -5.353905e+000
      vertex  4.060550e+001  8.614191e+000 -5.353905e+000
    endloop
  endfacet
  facet normal  4.977277e-003 -5.091789e-001  8.606464e-001
    outer loop
      vertex  4.041827e+001  1.130764e+001 -4.071095e+000
      vertex  4.048183e+001  1.088203e+001 -4.323268e+000
      vertex  4.096903e+001  1.110881e+001 -4.191913e+000
    endloop
  endfacet
  facet normal -1.579671e-002 -4.755104e-001  8.795682e-001
    outer loop
      vertex  4.096903e+001  1.110881e+001 -4.191913e+000
      vertex  4.048183e+001  1.088203e+001 -4.323268e+000
      vertex  4.051236e+001  1.044239e+001 -4.560398e+000
    endloop
  endfacet
  facet normal -5.993267e-003 -4.807256e-001  8.768505e-001
    outer loop
      vertex  4.096903e+001  1.110881e+001 -4.191913e+000
      vertex  4.051236e+001  1.044239e+001 -4.560398e+000
      vertex  4.099823e+001  1.035425e+001 -4.605396e+000
    endloop
  endfacet
  facet normal  2.917674e-003 -4.419151e-001  8.970522e-001
    outer loop
      vertex  4.099823e+001  1.035425e+001 -4.605396e+000
      vertex  4.051236e+001  1.044239e+001 -4.560398e+000
      vertex  4.050753e+001  9.991856e+000 -4.782327e+000
    endloop
  endfacet
  facet normal -8.436939e-004 -4.378066e-001  8.990688e-001
    outer loop
      vertex  4.099823e+001  1.035425e+001 -4.605396e+000
      vertex  4.050753e+001  9.991856e+000 -4.782327e+000
      vertex  4.097620e+001  9.966060e+000 -4.794448e+000
    endloop
  endfacet
  facet normal  9.446587e-004 -4.111818e-001  9.115528e-001
    outer loop
      vertex  4.097620e+001  9.966060e+000 -4.794448e+000
      vertex  4.050753e+001  9.991856e+000 -4.782327e+000
      vertex  4.046546e+001  9.534240e+000 -4.988704e+000
    endloop
  endfacet
  facet normal  1.428161e-003 -4.116569e-001  9.113377e-001
    outer loop
      vertex  4.097620e+001  9.966060e+000 -4.794448e+000
      vertex  4.046546e+001  9.534240e+000 -4.988704e+000
      vertex  4.092805e+001  9.573584e+000 -4.971657e+000
    endloop
  endfacet
  facet normal -1.562166e-003 -3.820457e-001  9.241421e-001
    outer loop
      vertex  4.092805e+001  9.573584e+000 -4.971657e+000
      vertex  4.046546e+001  9.534240e+000 -4.988704e+000
      vertex  4.038478e+001  9.073808e+000 -5.179185e+000
    endloop
  endfacet
  facet normal  4.133155e-003 -3.873205e-001  9.219359e-001
    outer loop
      vertex  4.092805e+001  9.573584e+000 -4.971657e+000
      vertex  4.038478e+001  9.073808e+000 -5.179185e+000
      vertex  4.085282e+001  9.179203e+000 -5.137005e+000
    endloop
  endfacet
  facet normal  3.430492e-003 -5.861272e-001  8.102118e-001
    outer loop
      vertex  4.020311e+001  1.210473e+001 -3.522490e+000
      vertex  4.032435e+001  1.171615e+001 -3.804112e+000
      vertex  4.085865e+001  1.179471e+001 -3.749544e+000
    endloop
  endfacet
  facet normal -4.887010e-003 -5.478578e-001  8.365572e-001
    outer loop
      vertex  4.085865e+001  1.179471e+001 -3.749544e+000
      vertex  4.032435e+001  1.171615e+001 -3.804112e+000
      vertex  4.041827e+001  1.130764e+001 -4.071095e+000
    endloop
  endfacet
  facet normal -1.200275e-002 -5.433251e-001  8.394366e-001
    outer loop
      vertex  4.085865e+001  1.179471e+001 -3.749544e+000
      vertex  4.041827e+001  1.130764e+001 -4.071095e+000
      vertex  4.096903e+001  1.110881e+001 -4.191913e+000
    endloop
  endfacet
  facet normal  3.287641e-003 -7.122345e-001  7.019339e-001
    outer loop
      vertex  3.974680e+001  1.306936e+001 -2.651257e+000
      vertex  3.991423e+001  1.277111e+001 -2.954661e+000
      vertex  4.044923e+001  1.301116e+001 -2.713597e+000
    endloop
  endfacet
  facet normal -2.807123e-002 -6.764804e-001  7.359255e-001
    outer loop
      vertex  4.044923e+001  1.301116e+001 -2.713597e+000
      vertex  3.991423e+001  1.277111e+001 -2.954661e+000
      vertex  4.006755e+001  1.244890e+001 -3.245002e+000
    endloop
  endfacet
  facet normal -2.408454e-003 -6.860157e-001  7.275828e-001
    outer loop
      vertex  4.044923e+001  1.301116e+001 -2.713597e+000
      vertex  4.006755e+001  1.244890e+001 -3.245002e+000
      vertex  4.068200e+001  1.242742e+001 -3.263217e+000
    endloop
  endfacet
  facet normal  1.155977e-003 -6.273921e-001  7.787026e-001
    outer loop
      vertex  4.068200e+001  1.242742e+001 -3.263217e+000
      vertex  4.006755e+001  1.244890e+001 -3.245002e+000
      vertex  4.020311e+001  1.210473e+001 -3.522490e+000
    endloop
  endfacet
  facet normal -1.562329e-002 -6.120821e-001  7.906399e-001
    outer loop
      vertex  4.068200e+001  1.242742e+001 -3.263217e+000
      vertex  4.020311e+001  1.210473e+001 -3.522490e+000
      vertex  4.085865e+001  1.179471e+001 -3.749544e+000
    endloop
  endfacet
  facet normal  4.827209e-003 -8.041608e-001  5.943921e-001
    outer loop
      vertex  3.938827e+001  1.358539e+001 -2.002942e+000
      vertex  3.956964e+001  1.334155e+001 -2.334302e+000
      vertex  4.019025e+001  1.351020e+001 -2.111172e+000
    endloop
  endfacet
  facet normal -2.357354e-002 -7.649035e-001  6.437133e-001
    outer loop
      vertex  4.019025e+001  1.351020e+001 -2.111172e+000
      vertex  3.956964e+001  1.334155e+001 -2.334302e+000
      vertex  3.974680e+001  1.306936e+001 -2.651257e+000
    endloop
  endfacet
  facet normal -7.485555e-003 -7.716464e-001  6.360077e-001
    outer loop
      vertex  4.019025e+001  1.351020e+001 -2.111172e+000
      vertex  3.974680e+001  1.306936e+001 -2.651257e+000
      vertex  4.044923e+001  1.301116e+001 -2.713597e+000
    endloop
  endfacet
  facet normal  2.974633e-003 -9.898919e-001  1.417931e-001
    outer loop
      vertex  3.876614e+001  1.423608e+001 -2.917598e-001
      vertex  3.881299e+001  1.419489e+001 -5.802744e-001
      vertex  3.970194e+001  1.422716e+001 -3.736559e-001
    endloop
  endfacet
  facet normal -1.714155e-002 -9.740089e-001  2.258604e-001
    outer loop
      vertex  3.970194e+001  1.422716e+001 -3.736559e-001
      vertex  3.881299e+001  1.419489e+001 -5.802744e-001
      vertex  3.888646e+001  1.412811e+001 -8.626871e-001
    endloop
  endfacet
  facet normal  1.098653e-002 -9.834462e-001  1.808672e-001
    outer loop
      vertex  3.970194e+001  1.422716e+001 -3.736559e-001
      vertex  3.888646e+001  1.412811e+001 -8.626871e-001
      vertex  3.975407e+001  1.416044e+001 -7.396418e-001
    endloop
  endfacet
  facet normal -8.454804e-003 -9.508944e-001  3.094002e-001
    outer loop
      vertex  3.975407e+001  1.416044e+001 -7.396418e-001
      vertex  3.888646e+001  1.412811e+001 -8.626871e-001
      vertex  3.898098e+001  1.403809e+001 -1.136777e+000
    endloop
  endfacet
  facet normal  2.285209e-003 -9.569183e-001  2.903484e-001
    outer loop
      vertex  3.975407e+001  1.416044e+001 -7.396418e-001
      vertex  3.898098e+001  1.403809e+001 -1.136777e+000
      vertex  3.983738e+001  1.404961e+001 -1.105552e+000
    endloop
  endfacet
  facet normal -1.651047e-003 -9.226387e-001  3.856621e-001
    outer loop
      vertex  3.983738e+001  1.404961e+001 -1.105552e+000
      vertex  3.898098e+001  1.403809e+001 -1.136777e+000
      vertex  3.909052e+001  1.392736e+001 -1.401222e+000
    endloop
  endfacet
  facet normal -2.918587e-003 -9.214908e-001  3.883893e-001
    outer loop
      vertex  3.983738e+001  1.404961e+001 -1.105552e+000
      vertex  3.909052e+001  1.392736e+001 -1.401222e+000
      vertex  3.994199e+001  1.390246e+001 -1.453889e+000
    endloop
  endfacet
  facet normal  1.978057e-003 -8.913519e-001  4.533077e-001
    outer loop
      vertex  3.994199e+001  1.390246e+001 -1.453889e+000
      vertex  3.909052e+001  1.392736e+001 -1.401222e+000
      vertex  3.920972e+001  1.379812e+001 -1.655869e+000
    endloop
  endfacet
  facet normal -5.196760e-003 -8.806281e-001  4.737796e-001
    outer loop
      vertex  3.994199e+001  1.390246e+001 -1.453889e+000
      vertex  3.920972e+001  1.379812e+001 -1.655869e+000
      vertex  4.006245e+001  1.372050e+001 -1.790782e+000
    endloop
  endfacet
  facet normal  5.516776e-003 -8.513126e-001  5.246298e-001
    outer loop
      vertex  4.006245e+001  1.372050e+001 -1.790782e+000
      vertex  3.920972e+001  1.379812e+001 -1.655869e+000
      vertex  3.938827e+001  1.358539e+001 -2.002942e+000
    endloop
  endfacet
  facet normal -4.569395e-003 -8.368238e-001  5.474533e-001
    outer loop
      vertex  4.006245e+001  1.372050e+001 -1.790782e+000
      vertex  3.938827e+001  1.358539e+001 -2.002942e+000
      vertex  4.019025e+001  1.351020e+001 -2.111172e+000
    endloop
  endfacet
  facet normal -5.375506e-003 -9.988636e-001  4.735511e-002
    outer loop
      vertex  3.876614e+001  1.423608e+001 -2.917598e-001
      vertex  3.970194e+001  1.422716e+001 -3.736559e-001
      vertex  3.875000e+001  1.425000e+001  0.000000e+000
    endloop
  endfacet
  facet normal  7.253528e-018 -9.981374e-001  6.100561e-002
    outer loop
      vertex  3.875000e+001  1.425000e+001  0.000000e+000
      vertex  3.970194e+001  1.422716e+001 -3.736559e-001
      vertex  3.968375e+001  1.425000e+001 -1.110223e-016
    endloop
  endfacet
  facet normal  4.023145e-003  2.350996e-001  9.719630e-001
    outer loop
      vertex  3.851405e+001 -6.072614e+000 -6.094621e+000
      vertex  3.881706e+001 -6.616590e+000 -5.964297e+000
      vertex  3.907986e+001 -6.337214e+000 -6.032961e+000
    endloop
  endfacet
  facet normal -1.222880e-002  2.494873e-001  9.683009e-001
    outer loop
      vertex  3.907986e+001 -6.337214e+000 -6.032961e+000
      vertex  3.881706e+001 -6.616590e+000 -5.964297e+000
      vertex  3.914460e+001 -7.143729e+000 -5.824341e+000
    endloop
  endfacet
  facet normal  1.008931e-002  2.511725e-001  9.678897e-001
    outer loop
      vertex  3.907986e+001 -6.337214e+000 -6.032961e+000
      vertex  3.914460e+001 -7.143729e+000 -5.824341e+000
      vertex  3.942040e+001 -6.939956e+000 -5.880096e+000
    endloop
  endfacet
  facet normal -8.822858e-003  2.749954e-001  9.614051e-001
    outer loop
      vertex  3.942040e+001 -6.939956e+000 -5.880096e+000
      vertex  3.914460e+001 -7.143729e+000 -5.824341e+000
      vertex  3.949569e+001 -7.652989e+000 -5.675453e+000
    endloop
  endfacet
  facet normal  6.407551e-003  2.764862e-001  9.609966e-001
    outer loop
      vertex  3.942040e+001 -6.939956e+000 -5.880096e+000
      vertex  3.949569e+001 -7.652989e+000 -5.675453e+000
      vertex  3.978925e+001 -7.521250e+000 -5.715312e+000
    endloop
  endfacet
  facet normal -5.647450e-003  3.011039e-001  9.535745e-001
    outer loop
      vertex  3.978925e+001 -7.521250e+000 -5.715312e+000
      vertex  3.949569e+001 -7.652989e+000 -5.675453e+000
      vertex  3.986932e+001 -8.143425e+000 -5.518378e+000
    endloop
  endfacet
  facet normal  3.051479e-003  3.021249e-001  9.532635e-001
    outer loop
      vertex  3.978925e+001 -7.521250e+000 -5.715312e+000
      vertex  3.986932e+001 -8.143425e+000 -5.518378e+000
      vertex  4.018483e+001 -8.079733e+000 -5.539575e+000
    endloop
  endfacet
  facet normal -2.703732e-003  3.277984e-001  9.447438e-001
    outer loop
      vertex  4.018483e+001 -8.079733e+000 -5.539575e+000
      vertex  3.986932e+001 -8.143425e+000 -5.518378e+000
      vertex  4.026453e+001 -8.614191e+000 -5.353905e+000
    endloop
  endfacet
  facet normal  -0.000000e+000  3.281594e-001  9.446224e-001
    outer loop
      vertex  4.018483e+001 -8.079733e+000 -5.539575e+000
      vertex  4.026453e+001 -8.614191e+000 -5.353905e+000
      vertex  4.060550e+001 -8.614191e+000 -5.353905e+000
    endloop
  endfacet
  facet normal  3.072438e-003  9.899577e-002  9.950832e-001
    outer loop
      vertex  3.727027e+001 -2.570164e+000 -6.637169e+000
      vertex  3.739883e+001 -3.143114e+000 -6.580566e+000
      vertex  3.779875e+001 -2.824354e+000 -6.613513e+000
    endloop
  endfacet
  facet normal -1.104851e-002  1.165101e-001  9.931280e-001
    outer loop
      vertex  3.779875e+001 -2.824354e+000 -6.613513e+000
      vertex  3.739883e+001 -3.143114e+000 -6.580566e+000
      vertex  3.756579e+001 -3.752424e+000 -6.507226e+000
    endloop
  endfacet
  facet normal  3.041796e-004  1.137046e-001  9.935145e-001
    outer loop
      vertex  3.779875e+001 -2.824354e+000 -6.613513e+000
      vertex  3.756579e+001 -3.752424e+000 -6.507226e+000
      vertex  3.802959e+001 -3.744128e+000 -6.508318e+000
    endloop
  endfacet
  facet normal -2.035107e-004  1.416144e-001  9.899219e-001
    outer loop
      vertex  3.802959e+001 -3.744128e+000 -6.508318e+000
      vertex  3.756579e+001 -3.752424e+000 -6.507226e+000
      vertex  3.776155e+001 -4.351479e+000 -6.421488e+000
    endloop
  endfacet
  facet normal -1.630148e-003  1.422312e-001  9.898321e-001
    outer loop
      vertex  3.802959e+001 -3.744128e+000 -6.508318e+000
      vertex  3.776155e+001 -4.351479e+000 -6.421488e+000
      vertex  3.824274e+001 -4.416139e+000 -6.411404e+000
    endloop
  endfacet
  facet normal  1.451329e-003  1.646204e-001  9.863559e-001
    outer loop
      vertex  3.824274e+001 -4.416139e+000 -6.411404e+000
      vertex  3.776155e+001 -4.351479e+000 -6.421488e+000
      vertex  3.798540e+001 -4.938785e+000 -6.323797e+000
    endloop
  endfacet
  facet normal -3.100413e-003  1.667995e-001  9.859859e-001
    outer loop
      vertex  3.824274e+001 -4.416139e+000 -6.411404e+000
      vertex  3.798540e+001 -4.938785e+000 -6.323797e+000
      vertex  3.848965e+001 -5.073582e+000 -6.299408e+000
    endloop
  endfacet
  facet normal  2.722795e-003  1.878953e-001  9.821853e-001
    outer loop
      vertex  3.848965e+001 -5.073582e+000 -6.299408e+000
      vertex  3.798540e+001 -4.938785e+000 -6.323797e+000
      vertex  3.823652e+001 -5.512936e+000 -6.214656e+000
    endloop
  endfacet
  facet normal -4.173593e-003  1.917248e-001  9.814399e-001
    outer loop
      vertex  3.848965e+001 -5.073582e+000 -6.299408e+000
      vertex  3.823652e+001 -5.512936e+000 -6.214656e+000
      vertex  3.876913e+001 -5.714537e+000 -6.173008e+000
    endloop
  endfacet
  facet normal  3.592208e-003  2.114051e-001  9.773920e-001
    outer loop
      vertex  3.876913e+001 -5.714537e+000 -6.173008e+000
      vertex  3.823652e+001 -5.512936e+000 -6.214656e+000
      vertex  3.851405e+001 -6.072614e+000 -6.094621e+000
    endloop
  endfacet
  facet normal -4.833709e-003  2.171314e-001  9.761305e-001
    outer loop
      vertex  3.876913e+001 -5.714537e+000 -6.173008e+000
      vertex  3.851405e+001 -6.072614e+000 -6.094621e+000
      vertex  3.907986e+001 -6.337214e+000 -6.032961e+000
    endloop
  endfacet
  facet normal  1.962821e-003  3.811105e-002  9.992715e-001
    outer loop
      vertex  3.704057e+001 -8.211076e-001 -6.738665e+000
      vertex  3.709085e+001 -1.407709e+000 -6.716392e+000
      vertex  3.753275e+001 -9.398012e-001 -6.735105e+000
    endloop
  endfacet
  facet normal -1.676861e-002  5.576267e-002  9.983032e-001
    outer loop
      vertex  3.753275e+001 -9.398012e-001 -6.735105e+000
      vertex  3.709085e+001 -1.407709e+000 -6.716392e+000
      vertex  3.716749e+001 -1.991209e+000 -6.682511e+000
    endloop
  endfacet
  facet normal  3.946500e-003  4.859168e-002  9.988109e-001
    outer loop
      vertex  3.753275e+001 -9.398012e-001 -6.735105e+000
      vertex  3.716749e+001 -1.991209e+000 -6.682511e+000
      vertex  3.763260e+001 -1.887490e+000 -6.689395e+000
    endloop
  endfacet
  facet normal -2.555635e-003  7.762754e-002  9.969791e-001
    outer loop
      vertex  3.763260e+001 -1.887490e+000 -6.689395e+000
      vertex  3.716749e+001 -1.991209e+000 -6.682511e+000
      vertex  3.727027e+001 -2.570164e+000 -6.637169e+000
    endloop
  endfacet
  facet normal -6.326237e-003  7.961553e-002  9.968057e-001
    outer loop
      vertex  3.763260e+001 -1.887490e+000 -6.689395e+000
      vertex  3.727027e+001 -2.570164e+000 -6.637169e+000
      vertex  3.779875e+001 -2.824354e+000 -6.613513e+000
    endloop
  endfacet
  facet normal  2.983435e-003 -4.218731e-002  9.991052e-001
    outer loop
      vertex  3.710456e+001  1.528106e+000 -6.710669e+000
      vertex  3.704889e+001  9.431462e-001 -6.735202e+000
      vertex  3.756087e+001  1.280632e+000 -6.722481e+000
    endloop
  endfacet
  facet normal -1.074538e-002 -2.138271e-002  9.997137e-001
    outer loop
      vertex  3.756087e+001  1.280632e+000 -6.722481e+000
      vertex  3.704889e+001  9.431462e-001 -6.735202e+000
      vertex  3.701959e+001  3.557147e-001 -6.748082e+000
    endloop
  endfacet
  facet normal  9.682893e-003 -3.332913e-002  9.993975e-001
    outer loop
      vertex  3.756087e+001  1.280632e+000 -6.722481e+000
      vertex  3.701959e+001  3.557147e-001 -6.748082e+000
      vertex  3.751556e+001  6.479211e-001 -6.743142e+000
    endloop
  endfacet
  facet normal -8.823255e-003 -1.927758e-003  9.999592e-001
    outer loop
      vertex  3.751556e+001  6.479211e-001 -6.743142e+000
      vertex  3.701959e+001  3.557147e-001 -6.748082e+000
      vertex  3.701680e+001 -2.328309e-001 -6.749241e+000
    endloop
  endfacet
  facet normal  7.699266e-003 -1.128377e-002  9.999067e-001
    outer loop
      vertex  3.751556e+001  6.479211e-001 -6.743142e+000
      vertex  3.701680e+001 -2.328309e-001 -6.749241e+000
      vertex  3.750000e+001  1.329153e-002 -6.750184e+000
    endloop
  endfacet
  facet normal -7.058522e-003  1.768913e-002  9.998186e-001
    outer loop
      vertex  3.750000e+001  1.329153e-002 -6.750184e+000
      vertex  3.701680e+001 -2.328309e-001 -6.749241e+000
      vertex  3.704057e+001 -8.211076e-001 -6.738665e+000
    endloop
  endfacet
  facet normal -3.445962e-003  1.570071e-002  9.998708e-001
    outer loop
      vertex  3.750000e+001  1.329153e-002 -6.750184e+000
      vertex  3.704057e+001 -8.211076e-001 -6.738665e+000
      vertex  3.753275e+001 -9.398012e-001 -6.735105e+000
    endloop
  endfacet
  facet normal -1.337088e-003 -1.679735e-001  9.857906e-001
    outer loop
      vertex  3.849370e+001  5.083555e+000 -6.297857e+000
      vertex  3.780801e+001  4.480014e+000 -6.401628e+000
      vertex  3.824706e+001  4.428594e+000 -6.409794e+000
    endloop
  endfacet
  facet normal  1.325695e-003 -1.457974e-001  9.893135e-001
    outer loop
      vertex  3.824706e+001  4.428594e+000 -6.409794e+000
      vertex  3.780801e+001  4.480014e+000 -6.401628e+000
      vertex  3.758562e+001  3.817151e+000 -6.499017e+000
    endloop
  endfacet
  facet normal -1.436434e-003 -1.428718e-001  9.897402e-001
    outer loop
      vertex  3.824706e+001  4.428594e+000 -6.409794e+000
      vertex  3.758562e+001  3.817151e+000 -6.499017e+000
      vertex  3.803397e+001  3.759256e+000 -6.506724e+000
    endloop
  endfacet
  facet normal  1.167439e-003 -1.230612e-001  9.923984e-001
    outer loop
      vertex  3.803397e+001  3.759256e+000 -6.506724e+000
      vertex  3.758562e+001  3.817151e+000 -6.499017e+000
      vertex  3.742732e+001  3.255033e+000 -6.568536e+000
    endloop
  endfacet
  facet normal -2.043040e-003 -1.192553e-001  9.928615e-001
    outer loop
      vertex  3.803397e+001  3.759256e+000 -6.506724e+000
      vertex  3.742732e+001  3.255033e+000 -6.568536e+000
      vertex  3.787279e+001  3.150630e+000 -6.580159e+000
    endloop
  endfacet
  facet normal  1.867812e-003 -1.027732e-001  9.947031e-001
    outer loop
      vertex  3.787279e+001  3.150630e+000 -6.580159e+000
      vertex  3.742732e+001  3.255033e+000 -6.568536e+000
      vertex  3.729410e+001  2.685329e+000 -6.627148e+000
    endloop
  endfacet
  facet normal -2.640755e-003 -9.722203e-002  9.952592e-001
    outer loop
      vertex  3.787279e+001  3.150630e+000 -6.580159e+000
      vertex  3.729410e+001  2.685329e+000 -6.627148e+000
      vertex  3.773988e+001  2.533609e+000 -6.640786e+000
    endloop
  endfacet
  facet normal  2.399290e-003 -8.253282e-002  9.965855e-001
    outer loop
      vertex  3.773988e+001  2.533609e+000 -6.640786e+000
      vertex  3.729410e+001  2.685329e+000 -6.627148e+000
      vertex  3.718639e+001  2.109266e+000 -6.674595e+000
    endloop
  endfacet
  facet normal -3.073939e-003 -7.543851e-002  9.971457e-001
    outer loop
      vertex  3.773988e+001  2.533609e+000 -6.640786e+000
      vertex  3.718639e+001  2.109266e+000 -6.674595e+000
      vertex  3.763576e+001  1.909743e+000 -6.688305e+000
    endloop
  endfacet
  facet normal  2.769528e-003 -6.234003e-002  9.980511e-001
    outer loop
      vertex  3.763576e+001  1.909743e+000 -6.688305e+000
      vertex  3.718639e+001  2.109266e+000 -6.674595e+000
      vertex  3.710456e+001  1.528106e+000 -6.710669e+000
    endloop
  endfacet
  facet normal -3.353819e-003 -5.384580e-002  9.985436e-001
    outer loop
      vertex  3.763576e+001  1.909743e+000 -6.688305e+000
      vertex  3.710456e+001  1.528106e+000 -6.710669e+000
      vertex  3.756087e+001  1.280632e+000 -6.722481e+000
    endloop
  endfacet
  facet normal  1.214848e-003 -1.707897e-001  9.853067e-001
    outer loop
      vertex  3.780801e+001  4.480014e+000 -6.401628e+000
      vertex  3.849370e+001  5.083555e+000 -6.297857e+000
      vertex  3.806486e+001  5.128283e+000 -6.289576e+000
    endloop
  endfacet
  facet normal -1.227866e-003 -1.934333e-001  9.811127e-001
    outer loop
      vertex  3.806486e+001  5.128283e+000 -6.289576e+000
      vertex  3.849370e+001  5.083555e+000 -6.297857e+000
      vertex  3.877274e+001  5.722259e+000 -6.171583e+000
    endloop
  endfacet
  facet normal  1.091582e-003 -1.960927e-001  9.805847e-001
    outer loop
      vertex  3.806486e+001  5.128283e+000 -6.289576e+000
      vertex  3.877274e+001  5.722259e+000 -6.171583e+000
      vertex  3.835512e+001  5.760086e+000 -6.163554e+000
    endloop
  endfacet
  facet normal -1.105360e-003 -2.193014e-001  9.756566e-001
    outer loop
      vertex  3.835512e+001  5.760086e+000 -6.163554e+000
      vertex  3.877274e+001  5.722259e+000 -6.171583e+000
      vertex  3.908290e+001  6.342932e+000 -6.031721e+000
    endloop
  endfacet
  facet normal  9.513531e-004 -2.217447e-001  9.751043e-001
    outer loop
      vertex  3.835512e+001  5.760086e+000 -6.163554e+000
      vertex  3.908290e+001  6.342932e+000 -6.031721e+000
      vertex  3.867762e+001  6.373654e+000 -6.024339e+000
    endloop
  endfacet
  facet normal -9.639167e-004 -2.456304e-001  9.693631e-001
    outer loop
      vertex  3.867762e+001  6.373654e+000 -6.024339e+000
      vertex  3.908290e+001  6.342932e+000 -6.031721e+000
      vertex  3.942278e+001  6.943922e+000 -5.879096e+000
    endloop
  endfacet
  facet normal  7.851933e-004 -2.477768e-001  9.688168e-001
    outer loop
      vertex  3.867762e+001  6.373654e+000 -6.024339e+000
      vertex  3.942278e+001  6.943922e+000 -5.879096e+000
      vertex  3.903115e+001  6.967329e+000 -5.872792e+000
    endloop
  endfacet
  facet normal -7.980748e-004 -2.724751e-001  9.621626e-001
    outer loop
      vertex  3.903115e+001  6.967329e+000 -5.872792e+000
      vertex  3.942278e+001  6.943922e+000 -5.879096e+000
      vertex  3.979090e+001  7.523703e+000 -5.714602e+000
    endloop
  endfacet
  facet normal  5.853862e-004 -2.742231e-001  9.616660e-001
    outer loop
      vertex  3.903115e+001  6.967329e+000 -5.872792e+000
      vertex  3.979090e+001  7.523703e+000 -5.714602e+000
      vertex  3.941439e+001  7.539567e+000 -5.709849e+000
    endloop
  endfacet
  facet normal -5.936133e-004 -2.998976e-001  9.539712e-001
    outer loop
      vertex  3.941439e+001  7.539567e+000 -5.709849e+000
      vertex  3.979090e+001  7.523703e+000 -5.714602e+000
      vertex  4.018568e+001  8.080878e+000 -5.539199e+000
    endloop
  endfacet
  facet normal  3.304341e-004 -3.010953e-001  9.535940e-001
    outer loop
      vertex  3.941439e+001  7.539567e+000 -5.709849e+000
      vertex  4.018568e+001  8.080878e+000 -5.539199e+000
      vertex  3.982599e+001  8.088951e+000 -5.536525e+000
    endloop
  endfacet
  facet normal -3.385929e-004 -3.279565e-001  9.446927e-001
    outer loop
      vertex  3.982599e+001  8.088951e+000 -5.536525e+000
      vertex  4.018568e+001  8.080878e+000 -5.539199e+000
      vertex  4.060550e+001  8.614191e+000 -5.353905e+000
    endloop
  endfacet
  facet normal  0.000000e+000 -3.284049e-001  9.445370e-001
    outer loop
      vertex  3.982599e+001  8.088951e+000 -5.536525e+000
      vertex  4.060550e+001  8.614191e+000 -5.353905e+000
      vertex  4.026453e+001  8.614191e+000 -5.353905e+000
    endloop
  endfacet
  facet normal  3.394447e-003  9.733690e-001  2.292186e-001
    outer loop
      vertex  3.888442e+001 -1.413002e+001 -8.559405e-001
      vertex  3.881202e+001 -1.419577e+001 -5.756829e-001
      vertex  3.975406e+001 -1.416045e+001 -7.396117e-001
    endloop
  endfacet
  facet normal -1.309221e-002  9.903278e-001  1.381287e-001
    outer loop
      vertex  3.975406e+001 -1.416045e+001 -7.396117e-001
      vertex  3.881202e+001 -1.419577e+001 -5.756829e-001
      vertex  3.876588e+001 -1.423630e+001 -2.894358e-001
    endloop
  endfacet
  facet normal  6.614767e-003  9.835979e-001  1.802534e-001
    outer loop
      vertex  3.975406e+001 -1.416045e+001 -7.396117e-001
      vertex  3.876588e+001 -1.423630e+001 -2.894358e-001
      vertex  3.970194e+001 -1.422716e+001 -3.736507e-001
    endloop
  endfacet
  facet normal -5.525712e-003  9.988811e-001  4.696906e-002
    outer loop
      vertex  3.970194e+001 -1.422716e+001 -3.736507e-001
      vertex  3.876588e+001 -1.423630e+001 -2.894358e-001
      vertex  3.875000e+001 -1.425000e+001  2.906564e-013
    endloop
  endfacet
  facet normal  3.553982e-016  9.981377e-001  6.100137e-002
    outer loop
      vertex  3.970194e+001 -1.422716e+001 -3.736507e-001
      vertex  3.875000e+001 -1.425000e+001  2.906564e-013
      vertex  3.968375e+001 -1.425000e+001  2.852163e-013
    endloop
  endfacet
  facet normal  5.081295e-003  8.058264e-001  5.921301e-001
    outer loop
      vertex  3.956290e+001 -1.335119e+001 -2.322180e+000
      vertex  3.938177e+001 -1.359357e+001 -1.990773e+000
      vertex  4.019020e+001 -1.351029e+001 -2.111048e+000
    endloop
  endfacet
  facet normal -1.156830e-002  8.568017e-001  5.155162e-001
    outer loop
      vertex  4.019020e+001 -1.351029e+001 -2.111048e+000
      vertex  3.938177e+001 -1.359357e+001 -1.990773e+000
      vertex  3.920374e+001 -1.380483e+001 -1.643651e+000
    endloop
  endfacet
  facet normal  1.274417e-002  8.336066e-001  5.522115e-001
    outer loop
      vertex  4.019020e+001 -1.351029e+001 -2.111048e+000
      vertex  3.920374e+001 -1.380483e+001 -1.643651e+000
      vertex  4.006240e+001 -1.372057e+001 -1.790669e+000
    endloop
  endfacet
  facet normal -1.158400e-002  8.952347e-001  4.454442e-001
    outer loop
      vertex  4.006240e+001 -1.372057e+001 -1.790669e+000
      vertex  3.920374e+001 -1.380483e+001 -1.643651e+000
      vertex  3.908585e+001 -1.393224e+001 -1.390658e+000
    endloop
  endfacet
  facet normal  4.609903e-003  8.791735e-001  4.764796e-001
    outer loop
      vertex  4.006240e+001 -1.372057e+001 -1.790669e+000
      vertex  3.908585e+001 -1.393224e+001 -1.390658e+000
      vertex  3.994196e+001 -1.390250e+001 -1.453806e+000
    endloop
  endfacet
  facet normal -3.893523e-003  9.240239e-001  3.823150e-001
    outer loop
      vertex  3.994196e+001 -1.390250e+001 -1.453806e+000
      vertex  3.908585e+001 -1.393224e+001 -1.390658e+000
      vertex  3.897765e+001 -1.404136e+001 -1.128032e+000
    endloop
  endfacet
  facet normal -1.317236e-003  9.213252e-001  3.887906e-001
    outer loop
      vertex  3.994196e+001 -1.390250e+001 -1.453806e+000
      vertex  3.897765e+001 -1.404136e+001 -1.128032e+000
      vertex  3.983736e+001 -1.404964e+001 -1.105496e+000
    endloop
  endfacet
  facet normal  1.027075e-003  9.506879e-001  3.101476e-001
    outer loop
      vertex  3.983736e+001 -1.404964e+001 -1.105496e+000
      vertex  3.897765e+001 -1.404136e+001 -1.128032e+000
      vertex  3.888442e+001 -1.413002e+001 -8.559405e-001
    endloop
  endfacet
  facet normal -5.132564e-003  9.573810e-001  2.887825e-001
    outer loop
      vertex  3.983736e+001 -1.404964e+001 -1.105496e+000
      vertex  3.888442e+001 -1.413002e+001 -8.559405e-001
      vertex  3.975406e+001 -1.416045e+001 -7.396117e-001
    endloop
  endfacet
  facet normal  3.727617e-003  7.138838e-001  7.002542e-001
    outer loop
      vertex  3.990771e+001 -1.278365e+001 -2.942656e+000
      vertex  3.974006e+001 -1.308045e+001 -2.639186e+000
      vertex  4.044919e+001 -1.301125e+001 -2.713506e+000
    endloop
  endfacet
  facet normal -6.534112e-003  7.621914e-001  6.473187e-001
    outer loop
      vertex  4.044919e+001 -1.301125e+001 -2.713506e+000
      vertex  3.974006e+001 -1.308045e+001 -2.639186e+000
      vertex  3.956290e+001 -1.335119e+001 -2.322180e+000
    endloop
  endfacet
  facet normal -1.701364e-002  7.735764e-001  6.334746e-001
    outer loop
      vertex  4.044919e+001 -1.301125e+001 -2.713506e+000
      vertex  3.956290e+001 -1.335119e+001 -2.322180e+000
      vertex  4.019020e+001 -1.351029e+001 -2.111048e+000
    endloop
  endfacet
  facet normal  2.966219e-003  5.877860e-001  8.090109e-001
    outer loop
      vertex  4.032048e+001 -1.173038e+001 -3.794315e+000
      vertex  4.019764e+001 -1.212012e+001 -3.510700e+000
      vertex  4.085863e+001 -1.179479e+001 -3.749485e+000
    endloop
  endfacet
  facet normal -3.576656e-002  6.375440e-001  7.695832e-001
    outer loop
      vertex  4.085863e+001 -1.179479e+001 -3.749485e+000
      vertex  4.019764e+001 -1.212012e+001 -3.510700e+000
      vertex  4.006146e+001 -1.246286e+001 -3.233088e+000
    endloop
  endfacet
  facet normal  3.743889e-003  6.087636e-001  7.933427e-001
    outer loop
      vertex  4.085863e+001 -1.179479e+001 -3.749485e+000
      vertex  4.006146e+001 -1.246286e+001 -3.233088e+000
      vertex  4.068197e+001 -1.242750e+001 -3.263152e+000
    endloop
  endfacet
  facet normal -2.397248e-003  6.717950e-001  7.407333e-001
    outer loop
      vertex  4.068197e+001 -1.242750e+001 -3.263152e+000
      vertex  4.006146e+001 -1.246286e+001 -3.233088e+000
      vertex  3.990771e+001 -1.278365e+001 -2.942656e+000
    endloop
  endfacet
  facet normal -1.701204e-002  6.890080e-001  7.245541e-001
    outer loop
      vertex  4.068197e+001 -1.242750e+001 -3.263152e+000
      vertex  3.990771e+001 -1.278365e+001 -2.942656e+000
      vertex  4.044919e+001 -1.301125e+001 -2.713506e+000
    endloop
  endfacet
  facet normal  5.051394e-003  5.101762e-001  8.600550e-001
    outer loop
      vertex  4.048062e+001 -1.089306e+001 -4.317023e+000
      vertex  4.041584e+001 -1.132041e+001 -4.063145e+000
      vertex  4.096902e+001 -1.110890e+001 -4.191860e+000
    endloop
  endfacet
  facet normal -1.652066e-002  5.509631e-001  8.343661e-001
    outer loop
      vertex  4.096902e+001 -1.110890e+001 -4.191860e+000
      vertex  4.041584e+001 -1.132041e+001 -4.063145e+000
      vertex  4.032048e+001 -1.173038e+001 -3.794315e+000
    endloop
  endfacet
  facet normal -5.027368e-003  5.425702e-001  8.399954e-001
    outer loop
      vertex  4.096902e+001 -1.110890e+001 -4.191860e+000
      vertex  4.032048e+001 -1.173038e+001 -3.794315e+000
      vertex  4.085863e+001 -1.179479e+001 -3.749485e+000
    endloop
  endfacet
  facet normal  1.936536e-003  4.267612e-001  9.043623e-001
    outer loop
      vertex  4.049823e+001 -9.846410e+000 -4.849885e+000
      vertex  4.051338e+001 -1.015082e+001 -4.706269e+000
      vertex  4.097620e+001 -9.966104e+000 -4.794426e+000
    endloop
  endfacet
  facet normal -8.407931e-003  4.477838e-001  8.941023e-001
    outer loop
      vertex  4.097620e+001 -9.966104e+000 -4.794426e+000
      vertex  4.051338e+001 -1.015082e+001 -4.706269e+000
      vertex  4.051208e+001 -1.045147e+001 -4.555712e+000
    endloop
  endfacet
  facet normal  4.267768e-003  4.380438e-001  8.989435e-001
    outer loop
      vertex  4.097620e+001 -9.966104e+000 -4.794426e+000
      vertex  4.051208e+001 -1.045147e+001 -4.555712e+000
      vertex  4.099823e+001 -1.035431e+001 -4.605363e+000
    endloop
  endfacet
  facet normal -5.255512e-003  4.757833e-001  8.795469e-001
    outer loop
      vertex  4.099823e+001 -1.035431e+001 -4.605363e+000
      vertex  4.051208e+001 -1.045147e+001 -4.555712e+000
      vertex  4.048062e+001 -1.089306e+001 -4.317023e+000
    endloop
  endfacet
  facet normal -1.215647e-002  4.808884e-001  8.766975e-001
    outer loop
      vertex  4.099823e+001 -1.035431e+001 -4.605363e+000
      vertex  4.048062e+001 -1.089306e+001 -4.317023e+000
      vertex  4.096902e+001 -1.110890e+001 -4.191860e+000
    endloop
  endfacet
  facet normal -9.864644e-004  3.864964e-001  9.222903e-001
    outer loop
      vertex  4.085282e+001 -9.179218e+000 -5.136999e+000
      vertex  4.046614e+001 -9.539354e+000 -4.986494e+000
      vertex  4.092805e+001 -9.573613e+000 -4.971643e+000
    endloop
  endfacet
  facet normal  7.796061e-004  4.065530e-001  9.136269e-001
    outer loop
      vertex  4.092805e+001 -9.573613e+000 -4.971643e+000
      vertex  4.046614e+001 -9.539354e+000 -4.986494e+000
      vertex  4.049823e+001 -9.846410e+000 -4.849885e+000
    endloop
  endfacet
  facet normal -2.783993e-003  4.112306e-001  9.115270e-001
    outer loop
      vertex  4.092805e+001 -9.573613e+000 -4.971643e+000
      vertex  4.049823e+001 -9.846410e+000 -4.849885e+000
      vertex  4.097620e+001 -9.966104e+000 -4.794426e+000
    endloop
  endfacet
  facet normal -1.482879e-003  3.869497e-001  9.220996e-001
    outer loop
      vertex  4.046614e+001 -9.539354e+000 -4.986494e+000
      vertex  4.085282e+001 -9.179218e+000 -5.136999e+000
      vertex  4.041668e+001 -9.230819e+000 -5.116047e+000
    endloop
  endfacet
  facet normal  1.732484e-003  3.636099e-001  9.315497e-001
    outer loop
      vertex  4.041668e+001 -9.230819e+000 -5.116047e+000
      vertex  4.085282e+001 -9.179218e+000 -5.136999e+000
      vertex  4.074980e+001 -8.785407e+000 -5.290523e+000
    endloop
  endfacet
  facet normal -4.696872e-003  3.677734e-001  9.299036e-001
    outer loop
      vertex  4.041668e+001 -9.230819e+000 -5.116047e+000
      vertex  4.074980e+001 -8.785407e+000 -5.290523e+000
      vertex  4.034956e+001 -8.922012e+000 -5.238518e+000
    endloop
  endfacet
  facet normal  2.610338e-003  3.490971e-001  9.370829e-001
    outer loop
      vertex  4.034956e+001 -8.922012e+000 -5.238518e+000
      vertex  4.074980e+001 -8.785407e+000 -5.290523e+000
      vertex  4.060550e+001 -8.614191e+000 -5.353905e+000
    endloop
  endfacet
  facet normal  0.000000e+000  3.510020e-001  9.363747e-001
    outer loop
      vertex  4.034956e+001 -8.922012e+000 -5.238518e+000
      vertex  4.060550e+001 -8.614191e+000 -5.353905e+000
      vertex  4.026453e+001 -8.614191e+000 -5.353905e+000
    endloop
  endfacet
  facet normal -2.311820e-003  3.626904e-001 -9.319068e-001
    outer loop
      vertex  4.085282e+001 -9.179203e+000  5.137005e+000
      vertex  4.038478e+001 -9.073808e+000  5.179185e+000
      vertex  4.074980e+001 -8.785407e+000  5.290523e+000
    endloop
  endfacet
  facet normal  3.615558e-003  3.561582e-001 -9.344187e-001
    outer loop
      vertex  4.074980e+001 -8.785407e+000  5.290523e+000
      vertex  4.038478e+001 -9.073808e+000  5.179185e+000
      vertex  4.026453e+001 -8.614191e+000  5.353905e+000
    endloop
  endfacet
  facet normal  0.000000e+000  3.471642e-001 -9.378045e-001
    outer loop
      vertex  4.074980e+001 -8.785407e+000  5.290523e+000
      vertex  4.026453e+001 -8.614191e+000  5.353905e+000
      vertex  4.060550e+001 -8.614191e+000  5.353905e+000
    endloop
  endfacet
  facet normal  4.976777e-003  5.091781e-001 -8.606468e-001
    outer loop
      vertex  4.041827e+001 -1.130764e+001  4.071095e+000
      vertex  4.048183e+001 -1.088203e+001  4.323268e+000
      vertex  4.096903e+001 -1.110881e+001  4.191913e+000
    endloop
  endfacet
  facet normal -1.579671e-002  4.755104e-001 -8.795682e-001
    outer loop
      vertex  4.096903e+001 -1.110881e+001  4.191913e+000
      vertex  4.048183e+001 -1.088203e+001  4.323268e+000
      vertex  4.051236e+001 -1.044238e+001  4.560398e+000
    endloop
  endfacet
  facet normal -5.993267e-003  4.807256e-001 -8.768505e-001
    outer loop
      vertex  4.096903e+001 -1.110881e+001  4.191913e+000
      vertex  4.051236e+001 -1.044238e+001  4.560398e+000
      vertex  4.099823e+001 -1.035425e+001  4.605396e+000
    endloop
  endfacet
  facet normal  2.917504e-003  4.419158e-001 -8.970518e-001
    outer loop
      vertex  4.099823e+001 -1.035425e+001  4.605396e+000
      vertex  4.051236e+001 -1.044238e+001  4.560398e+000
      vertex  4.050753e+001 -9.991856e+000  4.782327e+000
    endloop
  endfacet
  facet normal -8.445793e-004  4.378066e-001 -8.990688e-001
    outer loop
      vertex  4.099823e+001 -1.035425e+001  4.605396e+000
      vertex  4.050753e+001 -9.991856e+000  4.782327e+000
      vertex  4.097620e+001 -9.966059e+000  4.794448e+000
    endloop
  endfacet
  facet normal  9.438256e-004  4.111817e-001 -9.115528e-001
    outer loop
      vertex  4.097620e+001 -9.966059e+000  4.794448e+000
      vertex  4.050753e+001 -9.991856e+000  4.782327e+000
      vertex  4.046546e+001 -9.534240e+000  4.988704e+000
    endloop
  endfacet
  facet normal  1.428244e-003  4.116578e-001 -9.113374e-001
    outer loop
      vertex  4.097620e+001 -9.966059e+000  4.794448e+000
      vertex  4.046546e+001 -9.534240e+000  4.988704e+000
      vertex  4.092805e+001 -9.573584e+000  4.971657e+000
    endloop
  endfacet
  facet normal -1.562166e-003  3.820457e-001 -9.241421e-001
    outer loop
      vertex  4.092805e+001 -9.573584e+000  4.971657e+000
      vertex  4.046546e+001 -9.534240e+000  4.988704e+000
      vertex  4.038478e+001 -9.073808e+000  5.179185e+000
    endloop
  endfacet
  facet normal  4.133155e-003  3.873205e-001 -9.219359e-001
    outer loop
      vertex  4.092805e+001 -9.573584e+000  4.971657e+000
      vertex  4.038478e+001 -9.073808e+000  5.179185e+000
      vertex  4.085282e+001 -9.179203e+000  5.137005e+000
    endloop
  endfacet
  facet normal  3.430733e-003  5.861264e-001 -8.102123e-001
    outer loop
      vertex  4.020311e+001 -1.210473e+001  3.522490e+000
      vertex  4.032436e+001 -1.171615e+001  3.804112e+000
      vertex  4.085865e+001 -1.179471e+001  3.749544e+000
    endloop
  endfacet
  facet normal -4.886576e-003  5.478582e-001 -8.365569e-001
    outer loop
      vertex  4.085865e+001 -1.179471e+001  3.749544e+000
      vertex  4.032436e+001 -1.171615e+001  3.804112e+000
      vertex  4.041827e+001 -1.130764e+001  4.071095e+000
    endloop
  endfacet
  facet normal -1.200354e-002  5.433248e-001 -8.394368e-001
    outer loop
      vertex  4.085865e+001 -1.179471e+001  3.749544e+000
      vertex  4.041827e+001 -1.130764e+001  4.071095e+000
      vertex  4.096903e+001 -1.110881e+001  4.191913e+000
    endloop
  endfacet
  facet normal  3.287120e-003  7.122346e-001 -7.019338e-001
    outer loop
      vertex  3.974680e+001 -1.306936e+001  2.651257e+000
      vertex  3.991423e+001 -1.277111e+001  2.954661e+000
      vertex  4.044923e+001 -1.301116e+001  2.713597e+000
    endloop
  endfacet
  facet normal -2.807172e-002  6.764804e-001 -7.359254e-001
    outer loop
      vertex  4.044923e+001 -1.301116e+001  2.713597e+000
      vertex  3.991423e+001 -1.277111e+001  2.954661e+000
      vertex  4.006755e+001 -1.244890e+001  3.245002e+000
    endloop
  endfacet
  facet normal -2.407920e-003  6.860161e-001 -7.275823e-001
    outer loop
      vertex  4.044923e+001 -1.301116e+001  2.713597e+000
      vertex  4.006755e+001 -1.244890e+001  3.245002e+000
      vertex  4.068200e+001 -1.242742e+001  3.263218e+000
    endloop
  endfacet
  facet normal  1.156589e-003  6.273919e-001 -7.787028e-001
    outer loop
      vertex  4.068200e+001 -1.242742e+001  3.263218e+000
      vertex  4.006755e+001 -1.244890e+001  3.245002e+000
      vertex  4.020311e+001 -1.210473e+001  3.522490e+000
    endloop
  endfacet
  facet normal -1.562317e-002  6.120815e-001 -7.906404e-001
    outer loop
      vertex  4.068200e+001 -1.242742e+001  3.263218e+000
      vertex  4.020311e+001 -1.210473e+001  3.522490e+000
      vertex  4.085865e+001 -1.179471e+001  3.749544e+000
    endloop
  endfacet
  facet normal  4.827405e-003  8.041608e-001 -5.943922e-001
    outer loop
      vertex  3.938827e+001 -1.358539e+001  2.002942e+000
      vertex  3.956964e+001 -1.334155e+001  2.334302e+000
      vertex  4.019025e+001 -1.351020e+001  2.111173e+000
    endloop
  endfacet
  facet normal -2.357334e-002  7.649034e-001 -6.437134e-001
    outer loop
      vertex  4.019025e+001 -1.351020e+001  2.111173e+000
      vertex  3.956964e+001 -1.334155e+001  2.334302e+000
      vertex  3.974680e+001 -1.306936e+001  2.651257e+000
    endloop
  endfacet
  facet normal -7.486105e-003  7.716461e-001 -6.360081e-001
    outer loop
      vertex  4.019025e+001 -1.351020e+001  2.111173e+000
      vertex  3.974680e+001 -1.306936e+001  2.651257e+000
      vertex  4.044923e+001 -1.301116e+001  2.713597e+000
    endloop
  endfacet
  facet normal  2.974626e-003  9.898919e-001 -1.417931e-001
    outer loop
      vertex  3.876614e+001 -1.423608e+001  2.917598e-001
      vertex  3.881299e+001 -1.419489e+001  5.802744e-001
      vertex  3.970194e+001 -1.422716e+001  3.736558e-001
    endloop
  endfacet
  facet normal -1.714156e-002  9.740089e-001 -2.258604e-001
    outer loop
      vertex  3.970194e+001 -1.422716e+001  3.736558e-001
      vertex  3.881299e+001 -1.419489e+001  5.802744e-001
      vertex  3.888646e+001 -1.412811e+001  8.626871e-001
    endloop
  endfacet
  facet normal  1.098650e-002  9.834462e-001 -1.808672e-001
    outer loop
      vertex  3.970194e+001 -1.422716e+001  3.736558e-001
      vertex  3.888646e+001 -1.412811e+001  8.626871e-001
      vertex  3.975407e+001 -1.416044e+001  7.396417e-001
    endloop
  endfacet
  facet normal -8.454842e-003  9.508944e-001 -3.094001e-001
    outer loop
      vertex  3.975407e+001 -1.416044e+001  7.396417e-001
      vertex  3.888646e+001 -1.412811e+001  8.626871e-001
      vertex  3.898098e+001 -1.403809e+001  1.136777e+000
    endloop
  endfacet
  facet normal  2.285169e-003  9.569183e-001 -2.903485e-001
    outer loop
      vertex  3.975407e+001 -1.416044e+001  7.396417e-001
      vertex  3.898098e+001 -1.403809e+001  1.136777e+000
      vertex  3.983738e+001 -1.404961e+001  1.105552e+000
    endloop
  endfacet
  facet normal -1.651099e-003  9.226387e-001 -3.856621e-001
    outer loop
      vertex  3.983738e+001 -1.404961e+001  1.105552e+000
      vertex  3.898098e+001 -1.403809e+001  1.136777e+000
      vertex  3.909052e+001 -1.392736e+001  1.401222e+000
    endloop
  endfacet
  facet normal -2.917752e-003  9.214916e-001 -3.883874e-001
    outer loop
      vertex  3.983738e+001 -1.404961e+001  1.105552e+000
      vertex  3.909052e+001 -1.392736e+001  1.401222e+000
      vertex  3.994199e+001 -1.390246e+001  1.453889e+000
    endloop
  endfacet
  facet normal  1.979020e-003  8.913517e-001 -4.533080e-001
    outer loop
      vertex  3.994199e+001 -1.390246e+001  1.453889e+000
      vertex  3.909052e+001 -1.392736e+001  1.401222e+000
      vertex  3.920972e+001 -1.379812e+001  1.655869e+000
    endloop
  endfacet
  facet normal -5.196365e-003  8.806270e-001 -4.737815e-001
    outer loop
      vertex  3.994199e+001 -1.390246e+001  1.453889e+000
      vertex  3.920972e+001 -1.379812e+001  1.655869e+000
      vertex  4.006245e+001 -1.372050e+001  1.790782e+000
    endloop
  endfacet
  facet normal  5.516776e-003  8.513126e-001 -5.246298e-001
    outer loop
      vertex  4.006245e+001 -1.372050e+001  1.790782e+000
      vertex  3.920972e+001 -1.379812e+001  1.655869e+000
      vertex  3.938827e+001 -1.358539e+001  2.002942e+000
    endloop
  endfacet
  facet normal -4.569284e-003  8.368239e-001 -5.474531e-001
    outer loop
      vertex  4.006245e+001 -1.372050e+001  1.790782e+000
      vertex  3.938827e+001 -1.358539e+001  2.002942e+000
      vertex  4.019025e+001 -1.351020e+001  2.111173e+000
    endloop
  endfacet
  facet normal -5.375510e-003  9.988636e-001 -4.735511e-002
    outer loop
      vertex  3.876614e+001 -1.423608e+001  2.917598e-001
      vertex  3.970194e+001 -1.422716e+001  3.736558e-001
      vertex  3.875000e+001 -1.425000e+001  2.906564e-013
    endloop
  endfacet
  facet normal -3.554229e-016  9.981374e-001 -6.100562e-002
    outer loop
      vertex  3.875000e+001 -1.425000e+001  2.906564e-013
      vertex  3.970194e+001 -1.422716e+001  3.736558e-001
      vertex  3.968375e+001 -1.425000e+001  2.852163e-013
    endloop
  endfacet
  facet normal  9.136466e-001 -3.998828e-001  7.309963e-002
    outer loop
      vertex  3.912547e+001  5.456535e+000  7.245076e+000
      vertex  3.925413e+001  5.650304e+000  6.696961e+000
      vertex  3.941172e+001  6.086962e+000  7.115949e+000
    endloop
  endfacet
  facet normal  9.203715e-001 -3.826097e-001  8.078451e-002
    outer loop
      vertex  3.900106e+001  5.065228e+000  6.809108e+000
      vertex  3.925413e+001  5.650304e+000  6.696961e+000
      vertex  3.912547e+001  5.456535e+000  7.245076e+000
    endloop
  endfacet
  facet normal  9.318349e-001 -3.585486e-001  5.591701e-002
    outer loop
      vertex  3.886996e+001  4.810535e+000  7.360705e+000
      vertex  3.900106e+001  5.065228e+000  6.809108e+000
      vertex  3.912547e+001  5.456535e+000  7.245076e+000
    endloop
  endfacet
  facet normal  9.371713e-001 -3.428692e-001  6.442507e-002
    outer loop
      vertex  3.886996e+001  4.810535e+000  7.360705e+000
      vertex  3.877455e+001  4.465023e+000  6.909842e+000
      vertex  3.900106e+001  5.065228e+000  6.809108e+000
    endloop
  endfacet
  facet normal  9.996413e-001 -2.535137e-002 -8.632124e-003
    outer loop
      vertex  3.801473e+001  4.974714e-008  7.750000e+000
      vertex  3.801938e+001  3.543228e-001  7.247908e+000
      vertex  3.803252e+001  7.044751e-001  7.741864e+000
    endloop
  endfacet
  facet normal  9.999712e-001 -3.835839e-003  6.554293e-003
    outer loop
      vertex  3.801473e+001  4.974714e-008  7.750000e+000
      vertex  3.801705e+001 -2.505101e-001  7.248954e+000
      vertex  3.801938e+001  3.543228e-001  7.247908e+000
    endloop
  endfacet
  facet normal  9.996465e-001  2.534449e-002 -8.036638e-003
    outer loop
      vertex  3.801705e+001 -2.505101e-001  7.248954e+000
      vertex  3.801473e+001  4.974714e-008  7.750000e+000
      vertex  3.803252e+001 -7.044787e-001  7.741864e+000
    endloop
  endfacet
  facet normal  9.989783e-001  4.421265e-002  9.361856e-003
    outer loop
      vertex  3.803252e+001 -7.044787e-001  7.741864e+000
      vertex  3.804805e+001 -9.479583e-001  7.235012e+000
      vertex  3.801705e+001 -2.505101e-001  7.248954e+000
    endloop
  endfacet
  facet normal  9.971002e-001  7.586993e-002 -5.903062e-003
    outer loop
      vertex  3.804805e+001 -9.479583e-001  7.235012e+000
      vertex  3.803252e+001 -7.044787e-001  7.741864e+000
      vertex  3.808581e+001 -1.406690e+000  7.717514e+000
    endloop
  endfacet
  facet normal  9.953575e-001  9.539392e-002  1.279547e-002
    outer loop
      vertex  3.808581e+001 -1.406690e+000  7.717514e+000
      vertex  3.811492e+001 -1.641677e+000  7.204955e+000
      vertex  3.804805e+001 -9.479583e-001  7.235012e+000
    endloop
  endfacet
  facet normal  9.920384e-001  1.259283e-001 -1.391824e-003
    outer loop
      vertex  3.811492e+001 -1.641677e+000  7.204955e+000
      vertex  3.808581e+001 -1.406690e+000  7.717514e+000
      vertex  3.817433e+001 -2.104450e+000  7.677099e+000
    endloop
  endfacet
  facet normal  9.891287e-001  1.458800e-001  1.852991e-002
    outer loop
      vertex  3.817433e+001 -2.104450e+000  7.677099e+000
      vertex  3.821716e+001 -2.329062e+000  7.159047e+000
      vertex  3.811492e+001 -1.641677e+000  7.204955e+000
    endloop
  endfacet
  facet normal  9.845183e-001  1.751972e-001  5.437709e-003
    outer loop
      vertex  3.821716e+001 -2.329062e+000  7.159047e+000
      vertex  3.817433e+001 -2.104450e+000  7.677099e+000
      vertex  3.829764e+001 -2.795665e+000  7.620855e+000
    endloop
  endfacet
  facet normal  9.803725e-001  1.953605e-001  2.653286e-002
    outer loop
      vertex  3.829764e+001 -2.795665e+000  7.620855e+000
      vertex  3.835405e+001 -3.007661e+000  7.097676e+000
      vertex  3.821716e+001 -2.329062e+000  7.159047e+000
    endloop
  endfacet
  facet normal  9.746246e-001  2.233716e-001  1.456286e-002
    outer loop
      vertex  3.835405e+001 -3.007661e+000  7.097676e+000
      vertex  3.829764e+001 -2.795665e+000  7.620855e+000
      vertex  3.845517e+001 -3.478336e+000  7.549100e+000
    endloop
  endfacet
  facet normal  9.692037e-001  2.435006e-001  3.676468e-002
    outer loop
      vertex  3.845517e+001 -3.478336e+000  7.549100e+000
      vertex  3.852465e+001 -3.675192e+000  7.021341e+000
      vertex  3.835405e+001 -3.007661e+000  7.097676e+000
    endloop
  endfacet
  facet normal  9.624596e-001  2.701843e-001  2.592373e-002
    outer loop
      vertex  3.852465e+001 -3.675192e+000  7.021341e+000
      vertex  3.845517e+001 -3.478336e+000  7.549100e+000
      vertex  3.864622e+001 -4.150558e+000  7.462228e+000
    endloop
  endfacet
  facet normal  9.020062e-001 -4.202808e-001  9.873624e-002
    outer loop
      vertex  3.925413e+001  5.650304e+000  6.696961e+000
      vertex  3.953258e+001  6.219042e+000  6.574068e+000
      vertex  3.941172e+001  6.086962e+000  7.115949e+000
    endloop
  endfacet
  facet normal  8.819072e-001 -4.639496e-001  8.360948e-002
    outer loop
      vertex  3.941172e+001  6.086962e+000  7.115949e+000
      vertex  3.953258e+001  6.219042e+000  6.574068e+000
      vertex  3.983522e+001  6.770376e+000  6.441131e+000
    endloop
  endfacet
  facet normal  8.935390e-001 -4.316243e-001  1.236466e-001
    outer loop
      vertex  3.941172e+001  6.086962e+000  7.115949e+000
      vertex  3.983522e+001  6.770376e+000  6.441131e+000
      vertex  3.972764e+001  6.700311e+000  6.973995e+000
    endloop
  endfacet
  facet normal  8.609130e-001 -4.970576e-001  1.084559e-001
    outer loop
      vertex  3.972764e+001  6.700311e+000  6.973995e+000
      vertex  3.983522e+001  6.770376e+000  6.441131e+000
      vertex  4.016088e+001  7.303387e+000  6.298875e+000
    endloop
  endfacet
  facet normal  8.721456e-001 -4.684119e-001  1.412530e-001
    outer loop
      vertex  3.972764e+001  6.700311e+000  6.973995e+000
      vertex  4.016088e+001  7.303387e+000  6.298875e+000
      vertex  4.007209e+001  7.295185e+000  6.819950e+000
    endloop
  endfacet
  facet normal  8.387344e-001 -5.276363e-001  1.346270e-001
    outer loop
      vertex  4.007209e+001  7.295185e+000  6.819950e+000
      vertex  4.016088e+001  7.303387e+000  6.298875e+000
      vertex  4.050839e+001  7.817297e+000  6.148045e+000
    endloop
  endfacet
  facet normal  8.493155e-001 -5.027994e-001  1.607976e-001
    outer loop
      vertex  4.007209e+001  7.295185e+000  6.819950e+000
      vertex  4.050839e+001  7.817297e+000  6.148045e+000
      vertex  4.044386e+001  7.870296e+000  6.654604e+000
    endloop
  endfacet
  facet normal  8.154858e-001 -5.556380e-001  1.620164e-001
    outer loop
      vertex  4.044386e+001  7.870296e+000  6.654604e+000
      vertex  4.050839e+001  7.817297e+000  6.148045e+000
      vertex  4.087662e+001  8.311470e+000  5.989394e+000
    endloop
  endfacet
  facet normal  8.251795e-001 -5.346693e-001  1.822293e-001
    outer loop
      vertex  4.044386e+001  7.870296e+000  6.654604e+000
      vertex  4.087662e+001  8.311470e+000  5.989394e+000
      vertex  4.084175e+001  8.424463e+000  6.478805e+000
    endloop
  endfacet
  facet normal  7.912725e-001 -5.810262e-001  1.905164e-001
    outer loop
      vertex  4.084175e+001  8.424463e+000  6.478805e+000
      vertex  4.087662e+001  8.311470e+000  5.989394e+000
      vertex  4.126453e+001  8.785407e+000  5.823677e+000
    endloop
  endfacet
  facet normal  7.998762e-001 -5.638811e-001  2.055147e-001
    outer loop
      vertex  4.084175e+001  8.424463e+000  6.478805e+000
      vertex  4.126453e+001  8.785407e+000  5.823677e+000
      vertex  4.126453e+001  8.956622e+000  6.293448e+000
    endloop
  endfacet
  facet normal  9.987956e-001 -4.844747e-002  7.762589e-003
    outer loop
      vertex  3.801938e+001  3.543228e-001  7.247908e+000
      vertex  3.804877e+001  9.580782e-001  7.234690e+000
      vertex  3.803252e+001  7.044751e-001  7.741864e+000
    endloop
  endfacet
  facet normal  9.954706e-001 -9.386981e-002 -1.505648e-002
    outer loop
      vertex  3.803252e+001  7.044751e-001  7.741864e+000
      vertex  3.804877e+001  9.580782e-001  7.234690e+000
      vertex  3.810505e+001  1.558996e+000  7.209390e+000
    endloop
  endfacet
  facet normal  9.970571e-001 -7.513399e-002  1.522708e-002
    outer loop
      vertex  3.803252e+001  7.044751e-001  7.741864e+000
      vertex  3.810505e+001  1.558996e+000  7.209390e+000
      vertex  3.808581e+001  1.406686e+000  7.717514e+000
    endloop
  endfacet
  facet normal  9.904466e-001 -1.378444e-001 -3.820642e-003
    outer loop
      vertex  3.808581e+001  1.406686e+000  7.717514e+000
      vertex  3.810505e+001  1.558996e+000  7.209390e+000
      vertex  3.818791e+001  2.155391e+000  7.172176e+000
    endloop
  endfacet
  facet normal  9.920526e-001 -1.250344e-001  1.406706e-002
    outer loop
      vertex  3.808581e+001  1.406686e+000  7.717514e+000
      vertex  3.818791e+001  2.155391e+000  7.172176e+000
      vertex  3.817433e+001  2.104448e+000  7.677099e+000
    endloop
  endfacet
  facet normal  9.834650e-001 -1.809123e-001  8.198434e-003
    outer loop
      vertex  3.817433e+001  2.104448e+000  7.677099e+000
      vertex  3.818791e+001  2.155391e+000  7.172176e+000
      vertex  3.829690e+001  2.745659e+000  7.123285e+000
    endloop
  endfacet
  facet normal  9.845549e-001 -1.743392e-001  1.604997e-002
    outer loop
      vertex  3.817433e+001  2.104448e+000  7.677099e+000
      vertex  3.829690e+001  2.745659e+000  7.123285e+000
      vertex  3.829764e+001  2.795667e+000  7.620855e+000
    endloop
  endfacet
  facet normal  9.746096e-001 -2.229290e-001  2.094832e-002
    outer loop
      vertex  3.829764e+001  2.795667e+000  7.620855e+000
      vertex  3.829690e+001  2.745659e+000  7.123285e+000
      vertex  3.843146e+001  3.328285e+000  7.063017e+000
    endloop
  endfacet
  facet normal  9.746596e-001 -2.226871e-001  2.119130e-002
    outer loop
      vertex  3.829764e+001  2.795667e+000  7.620855e+000
      vertex  3.843146e+001  3.328285e+000  7.063017e+000
      vertex  3.845518e+001  3.478342e+000  7.549099e+000
    endloop
  endfacet
  facet normal  9.639811e-001 -2.637390e-001  3.438529e-002
    outer loop
      vertex  3.845518e+001  3.478342e+000  7.549099e+000
      vertex  3.843146e+001  3.328285e+000  7.063017e+000
      vertex  3.859093e+001  3.901848e+000  6.991733e+000
    endloop
  endfacet
  facet normal  9.624845e-001 -2.697317e-001  2.946734e-002
    outer loop
      vertex  3.845518e+001  3.478342e+000  7.549099e+000
      vertex  3.859093e+001  3.901848e+000  6.991733e+000
      vertex  3.864622e+001  4.150568e+000  7.462226e+000
    endloop
  endfacet
  facet normal  9.516799e-001 -3.032450e-001  4.845357e-002
    outer loop
      vertex  3.864622e+001  4.150568e+000  7.462226e+000
      vertex  3.859093e+001  3.901848e+000  6.991733e+000
      vertex  3.877455e+001  4.465023e+000  6.909842e+000
    endloop
  endfacet
  facet normal  9.481614e-001 -3.151515e-001  4.085822e-002
    outer loop
      vertex  3.864622e+001  4.150568e+000  7.462226e+000
      vertex  3.877455e+001  4.465023e+000  6.909842e+000
      vertex  3.886996e+001  4.810535e+000  7.360705e+000
    endloop
  endfacet
  facet normal  9.557610e-001  2.900097e-001  4.914664e-002
    outer loop
      vertex  3.852465e+001 -3.675192e+000  7.021341e+000
      vertex  3.864622e+001 -4.150558e+000  7.462228e+000
      vertex  3.872787e+001 -4.329545e+000  6.930640e+000
    endloop
  endfacet
  facet normal  9.481498e-001  3.153674e-001  3.943964e-002
    outer loop
      vertex  3.872787e+001 -4.329545e+000  6.930640e+000
      vertex  3.864622e+001 -4.150558e+000  7.462228e+000
      vertex  3.886996e+001 -4.810522e+000  7.360707e+000
    endloop
  endfacet
  facet normal  9.404507e-001  3.340618e-001  6.289069e-002
    outer loop
      vertex  3.872787e+001 -4.329545e+000  6.930640e+000
      vertex  3.886996e+001 -4.810522e+000  7.360707e+000
      vertex  3.895484e+001 -4.949509e+000  6.829637e+000
    endloop
  endfacet
  facet normal  9.318277e-001  3.586994e-001  5.506444e-002
    outer loop
      vertex  3.895484e+001 -4.949509e+000  6.829637e+000
      vertex  3.886996e+001 -4.810522e+000  7.360707e+000
      vertex  3.912546e+001 -5.456520e+000  7.245080e+000
    endloop
  endfacet
  facet normal  9.235241e-001  3.753573e-001  7.880416e-002
    outer loop
      vertex  3.895484e+001 -4.949509e+000  6.829637e+000
      vertex  3.912546e+001 -5.456520e+000  7.245080e+000
      vertex  3.921009e+001 -5.553765e+000  6.716443e+000
    endloop
  endfacet
  facet normal  9.136451e-001  3.999597e-001  7.269686e-002
    outer loop
      vertex  3.921009e+001 -5.553765e+000  6.716443e+000
      vertex  3.912546e+001 -5.456520e+000  7.245080e+000
      vertex  3.941171e+001 -6.086946e+000  7.115952e+000
    endloop
  endfacet
  facet normal  9.049067e-001  4.145175e-001  9.653547e-002
    outer loop
      vertex  3.921009e+001 -5.553765e+000  6.716443e+000
      vertex  3.941171e+001 -6.086946e+000  7.115952e+000
      vertex  3.949238e+001 -6.140968e+000  6.591776e+000
    endloop
  endfacet
  facet normal  8.937418e-001  4.389840e-001  9.229577e-002
    outer loop
      vertex  3.949238e+001 -6.140968e+000  6.591776e+000
      vertex  3.941171e+001 -6.086946e+000  7.115952e+000
      vertex  3.972763e+001 -6.700295e+000  6.973999e+000
    endloop
  endfacet
  facet normal  8.847592e-001  4.513878e-001  1.159757e-001
    outer loop
      vertex  3.949238e+001 -6.140968e+000  6.591776e+000
      vertex  3.972763e+001 -6.700295e+000  6.973999e+000
      vertex  3.980040e+001 -6.709933e+000  6.456394e+000
    endloop
  endfacet
  facet normal  8.722731e-001  4.756007e-001  1.137696e-001
    outer loop
      vertex  3.980040e+001 -6.709933e+000  6.456394e+000
      vertex  3.972763e+001 -6.700295e+000  6.973999e+000
      vertex  4.007208e+001 -7.295172e+000  6.819953e+000
    endloop
  endfacet
  facet normal  8.632295e-001  4.858559e-001  1.370359e-001
    outer loop
      vertex  3.980040e+001 -6.709933e+000  6.456394e+000
      vertex  4.007208e+001 -7.295172e+000  6.819953e+000
      vertex  4.013286e+001 -7.259640e+000  6.311082e+000
    endloop
  endfacet
  facet normal  8.493828e-001  5.096739e-001  1.370451e-001
    outer loop
      vertex  4.013286e+001 -7.259640e+000  6.311082e+000
      vertex  4.007208e+001 -7.295172e+000  6.819953e+000
      vertex  4.044386e+001 -7.870286e+000  6.654607e+000
    endloop
  endfacet
  facet normal  8.404466e-001  5.178417e-001  1.596541e-001
    outer loop
      vertex  4.013286e+001 -7.259640e+000  6.311082e+000
      vertex  4.044386e+001 -7.870286e+000  6.654607e+000
      vertex  4.048851e+001 -7.789229e+000  6.156646e+000
    endloop
  endfacet
  facet normal  8.252068e-001  5.410795e-001  1.620702e-001
    outer loop
      vertex  4.048851e+001 -7.789229e+000  6.156646e+000
      vertex  4.044386e+001 -7.870286e+000  6.654607e+000
      vertex  4.084175e+001 -8.424459e+000  6.478806e+000
    endloop
  endfacet
  facet normal  8.165482e-001  5.472552e-001  1.837412e-001
    outer loop
      vertex  4.048851e+001 -7.789229e+000  6.156646e+000
      vertex  4.084175e+001 -8.424459e+000  6.478806e+000
      vertex  4.086611e+001 -8.298000e+000  5.993904e+000
    endloop
  endfacet
  facet normal  7.998723e-001  5.697139e-001  1.887604e-001
    outer loop
      vertex  4.086611e+001 -8.298000e+000  5.993904e+000
      vertex  4.084175e+001 -8.424459e+000  6.478806e+000
      vertex  4.126453e+001 -8.956622e+000  6.293448e+000
    endloop
  endfacet
  facet normal  7.916462e-001  5.740419e-001  2.092180e-001
    outer loop
      vertex  4.086611e+001 -8.298000e+000  5.993904e+000
      vertex  4.126453e+001 -8.956622e+000  6.293448e+000
      vertex  4.126453e+001 -8.785407e+000  5.823677e+000
    endloop
  endfacet
  facet normal  9.446295e-001  1.418042e-001 -2.959166e-001
    outer loop
      vertex  4.008585e+001  1.484066e+001  1.808726e+000
      vertex  4.014522e+001  1.431557e+001  1.746616e+000
      vertex  3.998686e+001  1.449990e+001  1.329431e+000
    endloop
  endfacet
  facet normal  9.484417e-001  1.408198e-001 -2.839507e-001
    outer loop
      vertex  4.020374e+001  1.468200e+001  2.123827e+000
      vertex  4.014522e+001  1.431557e+001  1.746616e+000
      vertex  4.008585e+001  1.484066e+001  1.808726e+000
    endloop
  endfacet
  facet normal  9.327854e-001  1.752436e-001 -3.149622e-001
    outer loop
      vertex  4.031236e+001  1.410316e+001  2.123446e+000
      vertex  4.014522e+001  1.431557e+001  1.746616e+000
      vertex  4.020374e+001  1.468200e+001  2.123827e+000
    endloop
  endfacet
  facet normal  9.412356e-001  1.768114e-001 -2.877727e-001
    outer loop
      vertex  4.038177e+001  1.442415e+001  2.547673e+000
      vertex  4.031236e+001  1.410316e+001  2.123446e+000
      vertex  4.020374e+001  1.468200e+001  2.123827e+000
    endloop
  endfacet
  facet normal  9.279687e-001  2.080056e-001 -3.092052e-001
    outer loop
      vertex  4.049063e+001  1.385278e+001  2.490007e+000
      vertex  4.031236e+001  1.410316e+001  2.123446e+000
      vertex  4.038177e+001  1.442415e+001  2.547673e+000
    endloop
  endfacet
  facet normal  9.345398e-001  2.386898e-001 -2.639368e-001
    outer loop
      vertex  4.082193e+001  1.329907e+001  3.135653e+000
      vertex  4.065754e+001  1.359075e+001  2.817346e+000
      vertex  4.074006e+001  1.381771e+001  3.314780e+000
    endloop
  endfacet
  facet normal  9.458249e-001  2.288556e-001 -2.303052e-001
    outer loop
      vertex  4.090771e+001  1.347625e+001  3.663971e+000
      vertex  4.082193e+001  1.329907e+001  3.135653e+000
      vertex  4.074006e+001  1.381771e+001  3.314780e+000
    endloop
  endfacet
  facet normal  9.431217e-001  2.373976e-001 -2.327310e-001
    outer loop
      vertex  4.090771e+001  1.347625e+001  3.663971e+000
      vertex  4.097895e+001  1.297849e+001  3.444936e+000
      vertex  4.082193e+001  1.329907e+001  3.135653e+000
    endloop
  endfacet
  facet normal  9.955545e-001  1.230250e-002 -9.338021e-002
    outer loop
      vertex  3.977872e+001  1.472116e+001  4.531335e-001
      vertex  3.975723e+001  1.474278e+001  2.268486e-001
      vertex  3.976588e+001  1.523187e+001  3.835236e-001
    endloop
  endfacet
  facet normal  9.994573e-001 -7.396429e-003 -3.210141e-002
    outer loop
      vertex  3.976588e+001  1.523187e+001  3.835236e-001
      vertex  3.975723e+001  1.474278e+001  2.268486e-001
      vertex  3.975000e+001  1.475000e+001  1.456939e-013
    endloop
  endfacet
  facet normal  9.991434e-001 -1.203969e-014 -4.138152e-002
    outer loop
      vertex  3.976588e+001  1.523187e+001  3.835236e-001
      vertex  3.975000e+001  1.475000e+001  1.456939e-013
      vertex  3.975000e+001  1.525000e+001  2.220446e-016
    endloop
  endfacet
  facet normal  9.576696e-001  1.009725e-001 -2.695800e-001
    outer loop
      vertex  4.008585e+001  1.484066e+001  1.808726e+000
      vertex  3.998686e+001  1.449990e+001  1.329431e+000
      vertex  3.997765e+001  1.497884e+001  1.476119e+000
    endloop
  endfacet
  facet normal  9.631689e-001  9.549997e-002 -2.513673e-001
    outer loop
      vertex  3.997765e+001  1.497884e+001  1.476119e+000
      vertex  3.998686e+001  1.449990e+001  1.329431e+000
      vertex  3.986180e+001  1.463546e+001  9.017634e-001
    endloop
  endfacet
  facet normal  9.693592e-001  6.785692e-002 -2.360895e-001
    outer loop
      vertex  3.997765e+001  1.497884e+001  1.476119e+000
      vertex  3.986180e+001  1.463546e+001  9.017634e-001
      vertex  3.988442e+001  1.509287e+001  1.126081e+000
    endloop
  endfacet
  facet normal  9.787837e-001  4.915877e-002 -1.989119e-001
    outer loop
      vertex  3.988442e+001  1.509287e+001  1.126081e+000
      vertex  3.986180e+001  1.463546e+001  9.017634e-001
      vertex  3.981388e+001  1.468531e+001  6.782820e-001
    endloop
  endfacet
  facet normal  9.818633e-001  3.483681e-002 -1.863618e-001
    outer loop
      vertex  3.988442e+001  1.509287e+001  1.126081e+000
      vertex  3.981388e+001  1.468531e+001  6.782820e-001
      vertex  3.981202e+001  1.517854e+001  7.606338e-001
    endloop
  endfacet
  facet normal  9.883044e-001  2.874984e-002 -1.497590e-001
    outer loop
      vertex  3.981202e+001  1.517854e+001  7.606338e-001
      vertex  3.981388e+001  1.468531e+001  6.782820e-001
      vertex  3.977872e+001  1.472116e+001  4.531335e-001
    endloop
  endfacet
  facet normal  9.927098e-001  8.572181e-003 -1.202238e-001
    outer loop
      vertex  3.981202e+001  1.517854e+001  7.606338e-001
      vertex  3.977872e+001  1.472116e+001  4.531335e-001
      vertex  3.976588e+001  1.523187e+001  3.835236e-001
    endloop
  endfacet
  facet normal  9.380565e-001  2.067797e-001 -2.780147e-001
    outer loop
      vertex  4.038177e+001  1.442415e+001  2.547673e+000
      vertex  4.056290e+001  1.413470e+001  2.943554e+000
      vertex  4.049063e+001  1.385278e+001  2.490007e+000
    endloop
  endfacet
  facet normal  9.397165e-001  2.024478e-001 -2.755865e-001
    outer loop
      vertex  4.049063e+001  1.385278e+001  2.490007e+000
      vertex  4.056290e+001  1.413470e+001  2.943554e+000
      vertex  4.074006e+001  1.381771e+001  3.314780e+000
    endloop
  endfacet
  facet normal  9.286812e-001  2.542148e-001 -2.700484e-001
    outer loop
      vertex  4.049063e+001  1.385278e+001  2.490007e+000
      vertex  4.074006e+001  1.381771e+001  3.314780e+000
      vertex  4.065754e+001  1.359075e+001  2.817346e+000
    endloop
  endfacet
  facet normal  9.822568e-001 -1.732291e-001  7.185709e-002
    outer loop
      vertex  4.134956e+001  9.281667e+000  6.171602e+000
      vertex  4.137053e+001  9.192478e+000  5.669844e+000
      vertex  4.141668e+001  9.608522e+000  6.041966e+000
    endloop
  endfacet
  facet normal  9.851847e-001 -1.613249e-001  5.818474e-002
    outer loop
      vertex  4.141668e+001  9.608522e+000  6.041966e+000
      vertex  4.137053e+001  9.192478e+000  5.669844e+000
      vertex  4.144614e+001  9.595207e+000  5.506280e+000
    endloop
  endfacet
  facet normal  9.904326e-001 -1.254109e-001  5.758062e-002
    outer loop
      vertex  4.141668e+001  9.608522e+000  6.041966e+000
      vertex  4.144614e+001  9.595207e+000  5.506280e+000
      vertex  4.146614e+001  9.935953e+000  5.904469e+000
    endloop
  endfacet
  facet normal  9.941068e-001 -1.018200e-001  3.720840e-002
    outer loop
      vertex  4.146614e+001  9.935953e+000  5.904469e+000
      vertex  4.144614e+001  9.595207e+000  5.506280e+000
      vertex  4.149316e+001  9.991154e+000  5.333433e+000
    endloop
  endfacet
  facet normal  9.959938e-001 -8.028419e-002  3.937952e-002
    outer loop
      vertex  4.146614e+001  9.935953e+000  5.904469e+000
      vertex  4.149316e+001  9.991154e+000  5.333433e+000
      vertex  4.149823e+001  1.026277e+001  5.759054e+000
    endloop
  endfacet
  facet normal  9.988560e-001 -4.480767e-002  1.670572e-002
    outer loop
      vertex  4.149823e+001  1.026277e+001  5.759054e+000
      vertex  4.149316e+001  9.991154e+000  5.333433e+000
      vertex  4.151357e+001  1.037821e+001  5.151772e+000
    endloop
  endfacet
  facet normal  9.991131e-001 -3.806935e-002  1.799309e-002
    outer loop
      vertex  4.149823e+001  1.026277e+001  5.759054e+000
      vertex  4.151357e+001  1.037821e+001  5.151772e+000
      vertex  4.151338e+001  1.058784e+001  5.605681e+000
    endloop
  endfacet
  facet normal  9.999510e-001  9.135473e-003 -3.807276e-003
    outer loop
      vertex  4.151338e+001  1.058784e+001  5.605681e+000
      vertex  4.151357e+001  1.037821e+001  5.151772e+000
      vertex  4.150940e+001  1.075457e+001  4.961772e+000
    endloop
  endfacet
  facet normal  9.999821e-001  1.072656e-003 -5.895242e-003
    outer loop
      vertex  4.151338e+001  1.058784e+001  5.605681e+000
      vertex  4.150940e+001  1.075457e+001  4.961772e+000
      vertex  4.151208e+001  1.091006e+001  5.444308e+000
    endloop
  endfacet
  facet normal  9.979252e-001  5.945775e-002 -2.469826e-002
    outer loop
      vertex  4.151208e+001  1.091006e+001  5.444308e+000
      vertex  4.150940e+001  1.075457e+001  4.961772e+000
      vertex  4.148281e+001  1.111875e+001  4.763890e+000
    endloop
  endfacet
  facet normal  9.983119e-001  5.131043e-002 -2.721373e-002
    outer loop
      vertex  4.151208e+001  1.091006e+001  5.444308e+000
      vertex  4.148281e+001  1.111875e+001  4.763890e+000
      vertex  4.148062e+001  1.138583e+001  5.187138e+000
    endloop
  endfacet
  facet normal  9.929399e-001  1.025660e-001 -5.958531e-002
    outer loop
      vertex  4.148062e+001  1.138583e+001  5.187138e+000
      vertex  4.148281e+001  1.111875e+001  4.763890e+000
      vertex  4.142614e+001  1.152746e+001  4.523105e+000
    endloop
  endfacet
  facet normal  9.928660e-001  1.033840e-001 -5.940476e-002
    outer loop
      vertex  4.148062e+001  1.138583e+001  5.187138e+000
      vertex  4.142614e+001  1.152746e+001  4.523105e+000
      vertex  4.141584e+001  1.184962e+001  4.911612e+000
    endloop
  endfacet
  facet normal  9.850203e-001  1.446658e-001 -9.384381e-002
    outer loop
      vertex  4.141584e+001  1.184962e+001  4.911612e+000
      vertex  4.142614e+001  1.152746e+001  4.523105e+000
      vertex  4.134515e+001  1.191645e+001  4.272615e+000
    endloop
  endfacet
  facet normal  9.845720e-001  1.479351e-001 -9.345225e-002
    outer loop
      vertex  4.141584e+001  1.184962e+001  4.911612e+000
      vertex  4.134515e+001  1.191645e+001  4.272615e+000
      vertex  4.132048e+001  1.229838e+001  4.617335e+000
    endloop
  endfacet
  facet normal  9.753429e-001  1.792256e-001 -1.287803e-001
    outer loop
      vertex  4.132048e+001  1.229838e+001  4.617335e+000
      vertex  4.134515e+001  1.191645e+001  4.272615e+000
      vertex  4.124329e+001  1.228425e+001  4.013081e+000
    endloop
  endfacet
  facet normal  9.744463e-001  1.840392e-001 -1.287784e-001
    outer loop
      vertex  4.132048e+001  1.229838e+001  4.617335e+000
      vertex  4.124329e+001  1.228425e+001  4.013081e+000
      vertex  4.119764e+001  1.272935e+001  4.303692e+000
    endloop
  endfacet
  facet normal  9.647585e-001  2.059236e-001 -1.638186e-001
    outer loop
      vertex  4.119764e+001  1.272935e+001  4.303692e+000
      vertex  4.124329e+001  1.228425e+001  4.013081e+000
      vertex  4.112406e+001  1.262966e+001  3.745093e+000
    endloop
  endfacet
  facet normal  9.639510e-001  2.092844e-001 -1.643120e-001
    outer loop
      vertex  4.119764e+001  1.272935e+001  4.303692e+000
      vertex  4.112406e+001  1.262966e+001  3.745093e+000
      vertex  4.106146e+001  1.311274e+001  3.993125e+000
    endloop
  endfacet
  facet normal  9.537027e-001  2.256682e-001 -1.988085e-001
    outer loop
      vertex  4.106146e+001  1.311274e+001  3.993125e+000
      vertex  4.112406e+001  1.262966e+001  3.745093e+000
      vertex  4.097895e+001  1.297849e+001  3.444936e+000
    endloop
  endfacet
  facet normal  9.541950e-001  2.238971e-001 -1.984489e-001
    outer loop
      vertex  4.106146e+001  1.311274e+001  3.993125e+000
      vertex  4.097895e+001  1.297849e+001  3.444936e+000
      vertex  4.090771e+001  1.347625e+001  3.663971e+000
    endloop
  endfacet
  facet normal  9.715843e-001 -2.223839e-001  8.105108e-002
    outer loop
      vertex  4.126453e+001  8.785407e+000  5.823677e+000
      vertex  4.137053e+001  9.192478e+000  5.669844e+000
      vertex  4.126453e+001  8.956622e+000  6.293448e+000
    endloop
  endfacet
  facet normal  9.712805e-001 -2.239377e-001  8.041177e-002
    outer loop
      vertex  4.126453e+001  8.956622e+000  6.293448e+000
      vertex  4.137053e+001  9.192478e+000  5.669844e+000
      vertex  4.134956e+001  9.281667e+000  6.171602e+000
    endloop
  endfacet
  facet normal  9.401677e-001  2.231293e-001  2.574838e-001
    outer loop
      vertex  4.056964e+001  1.412331e+001 -2.957876e+000
      vertex  4.065762e+001  1.359062e+001 -2.817501e+000
      vertex  4.074680e+001  1.380485e+001 -3.328778e+000
    endloop
  endfacet
  facet normal  9.290873e-001  2.298143e-001  2.897964e-001
    outer loop
      vertex  4.056964e+001  1.412331e+001 -2.957876e+000
      vertex  4.049071e+001  1.385264e+001 -2.490185e+000
      vertex  4.065762e+001  1.359062e+001 -2.817501e+000
    endloop
  endfacet
  facet normal  9.380480e-001  2.068290e-001  2.780065e-001
    outer loop
      vertex  4.049071e+001  1.385264e+001 -2.490185e+000
      vertex  4.056964e+001  1.412331e+001 -2.957876e+000
      vertex  4.038827e+001  1.441427e+001 -2.562356e+000
    endloop
  endfacet
  facet normal  9.279751e-001  2.089191e-001  3.085693e-001
    outer loop
      vertex  4.038827e+001  1.441427e+001 -2.562356e+000
      vertex  4.031244e+001  1.410307e+001 -2.123597e+000
      vertex  4.049071e+001  1.385264e+001 -2.490185e+000
    endloop
  endfacet
  facet normal  9.410271e-001  1.771157e-001  2.882674e-001
    outer loop
      vertex  4.031244e+001  1.410307e+001 -2.123597e+000
      vertex  4.038827e+001  1.441427e+001 -2.562356e+000
      vertex  4.020972e+001  1.467372e+001 -2.138909e+000
    endloop
  endfacet
  facet normal  9.327830e-001  1.763320e-001  3.143608e-001
    outer loop
      vertex  4.020972e+001  1.467372e+001 -2.138909e+000
      vertex  4.014527e+001  1.431551e+001 -1.746734e+000
      vertex  4.031244e+001  1.410307e+001 -2.123597e+000
    endloop
  endfacet
  facet normal  9.480899e-001  1.413049e-001  2.848830e-001
    outer loop
      vertex  4.009052e+001  1.483453e+001 -1.821986e+000
      vertex  4.014527e+001  1.431551e+001 -1.746734e+000
      vertex  4.020972e+001  1.467372e+001 -2.138909e+000
    endloop
  endfacet
  facet normal  9.446153e-001  1.424965e-001  2.956291e-001
    outer loop
      vertex  3.998687e+001  1.449988e+001 -1.329481e+000
      vertex  4.014527e+001  1.431551e+001 -1.746734e+000
      vertex  4.009052e+001  1.483453e+001 -1.821986e+000
    endloop
  endfacet
  facet normal  9.572723e-001  1.018355e-001  2.706642e-001
    outer loop
      vertex  3.998098e+001  1.497467e+001 -1.487274e+000
      vertex  3.998687e+001  1.449988e+001 -1.329481e+000
      vertex  4.009052e+001  1.483453e+001 -1.821986e+000
    endloop
  endfacet
  facet normal  9.903461e-001 -1.260127e-001 -5.775221e-002
    outer loop
      vertex  4.146552e+001  9.930974e+000 -5.906621e+000
      vertex  4.144613e+001  9.595174e+000 -5.506294e+000
      vertex  4.141609e+001  9.605203e+000 -6.043321e+000
    endloop
  endfacet
  facet normal  9.851845e-001 -1.613480e-001 -5.812335e-002
    outer loop
      vertex  4.141609e+001  9.605203e+000 -6.043321e+000
      vertex  4.144613e+001  9.595174e+000 -5.506294e+000
      vertex  4.137053e+001  9.192461e+000 -5.669851e+000
    endloop
  endfacet
  facet normal  9.821821e-001 -1.735861e-001 -7.201459e-002
    outer loop
      vertex  4.141609e+001  9.605203e+000 -6.043321e+000
      vertex  4.137053e+001  9.192461e+000 -5.669851e+000
      vertex  4.134917e+001  9.280012e+000 -6.172240e+000
    endloop
  endfacet
  facet normal  9.715808e-001 -2.227332e-001 -8.012865e-002
    outer loop
      vertex  4.134917e+001  9.280012e+000 -6.172240e+000
      vertex  4.137053e+001  9.192461e+000 -5.669851e+000
      vertex  4.126453e+001  8.785407e+000 -5.823677e+000
    endloop
  endfacet
  facet normal  9.712541e-001 -2.236535e-001 -8.151378e-002
    outer loop
      vertex  4.134917e+001  9.280012e+000 -6.172240e+000
      vertex  4.126453e+001  8.785407e+000 -5.823677e+000
      vertex  4.126453e+001  8.956622e+000 -6.293448e+000
    endloop
  endfacet
  facet normal  9.345437e-001  2.393686e-001  2.633073e-001
    outer loop
      vertex  4.065762e+001  1.359062e+001 -2.817501e+000
      vertex  4.082201e+001  1.329894e+001 -3.135791e+000
      vertex  4.074680e+001  1.380485e+001 -3.328778e+000
    endloop
  endfacet
  facet normal  9.430664e-001  2.313491e-001  2.389630e-001
    outer loop
      vertex  4.074680e+001  1.380485e+001 -3.328778e+000
      vertex  4.082201e+001  1.329894e+001 -3.135791e+000
      vertex  4.097902e+001  1.297835e+001 -3.445057e+000
    endloop
  endfacet
  facet normal  9.460683e-001  2.343406e-001  2.236942e-001
    outer loop
      vertex  4.074680e+001  1.380485e+001 -3.328778e+000
      vertex  4.097902e+001  1.297835e+001 -3.445057e+000
      vertex  4.091423e+001  1.346195e+001 -3.677669e+000
    endloop
  endfacet
  facet normal  9.536984e-001  2.241989e-001  2.004849e-001
    outer loop
      vertex  4.091423e+001  1.346195e+001 -3.677669e+000
      vertex  4.097902e+001  1.297835e+001 -3.445057e+000
      vertex  4.112411e+001  1.262954e+001 -3.745195e+000
    endloop
  endfacet
  facet normal  9.545715e-001  2.248172e-001  1.955772e-001
    outer loop
      vertex  4.091423e+001  1.346195e+001 -3.677669e+000
      vertex  4.112411e+001  1.262954e+001 -3.745195e+000
      vertex  4.106755e+001  1.309702e+001 -4.006533e+000
    endloop
  endfacet
  facet normal  9.647689e-001  2.072921e-001  1.620212e-001
    outer loop
      vertex  4.106755e+001  1.309702e+001 -4.006533e+000
      vertex  4.112411e+001  1.262954e+001 -3.745195e+000
      vertex  4.124333e+001  1.228412e+001 -4.013175e+000
    endloop
  endfacet
  facet normal  9.643897e-001  2.071908e-001  1.643920e-001
    outer loop
      vertex  4.106755e+001  1.309702e+001 -4.006533e+000
      vertex  4.124333e+001  1.228412e+001 -4.013175e+000
      vertex  4.120311e+001  1.271225e+001 -4.316801e+000
    endloop
  endfacet
  facet normal  9.753466e-001  1.810828e-001  1.261273e-001
    outer loop
      vertex  4.120311e+001  1.271225e+001 -4.316801e+000
      vertex  4.124333e+001  1.228412e+001 -4.013175e+000
      vertex  4.134517e+001  1.191634e+001 -4.272690e+000
    endloop
  endfacet
  facet normal  9.748599e-001  1.811929e-001  1.296814e-001
    outer loop
      vertex  4.120311e+001  1.271225e+001 -4.316801e+000
      vertex  4.134517e+001  1.191634e+001 -4.272690e+000
      vertex  4.132435e+001  1.228274e+001 -4.628110e+000
    endloop
  endfacet
  facet normal  9.850239e-001  1.455837e-001  9.237701e-002
    outer loop
      vertex  4.132435e+001  1.228274e+001 -4.628110e+000
      vertex  4.134517e+001  1.191634e+001 -4.272690e+000
      vertex  4.142615e+001  1.152737e+001 -4.523161e+000
    endloop
  endfacet
  facet normal  9.848834e-001  1.457379e-001  9.362306e-002
    outer loop
      vertex  4.132435e+001  1.228274e+001 -4.628110e+000
      vertex  4.142615e+001  1.152737e+001 -4.523161e+000
      vertex  4.141827e+001  1.183571e+001 -4.920273e+000
    endloop
  endfacet
  facet normal  9.929418e-001  1.024106e-001  5.982130e-002
    outer loop
      vertex  4.141827e+001  1.183571e+001 -4.920273e+000
      vertex  4.142615e+001  1.152737e+001 -4.523161e+000
      vertex  4.148281e+001  1.111866e+001 -4.763940e+000
    endloop
  endfacet
  facet normal  9.930606e-001  1.021025e-001  5.835902e-002
    outer loop
      vertex  4.141827e+001  1.183571e+001 -4.920273e+000
      vertex  4.148281e+001  1.111866e+001 -4.763940e+000
      vertex  4.148183e+001  1.137391e+001 -5.193889e+000
    endloop
  endfacet
  facet normal  9.979479e-001  5.602971e-002  3.099614e-002
    outer loop
      vertex  4.148183e+001  1.137391e+001 -5.193889e+000
      vertex  4.148281e+001  1.111866e+001 -4.763940e+000
      vertex  4.150940e+001  1.075449e+001 -4.961812e+000
    endloop
  endfacet
  facet normal  9.983783e-001  5.259508e-002  2.177790e-002
    outer loop
      vertex  4.148183e+001  1.137391e+001 -5.193889e+000
      vertex  4.150940e+001  1.075449e+001 -4.961812e+000
      vertex  4.151236e+001  1.090031e+001 -5.449340e+000
    endloop
  endfacet
  facet normal  9.999429e-001  6.942266e-003  8.132347e-003
    outer loop
      vertex  4.151236e+001  1.090031e+001 -5.449340e+000
      vertex  4.150940e+001  1.075449e+001 -4.961812e+000
      vertex  4.151356e+001  1.037814e+001 -5.151803e+000
    endloop
  endfacet
  facet normal  9.999970e-001  2.472806e-003  2.883315e-004
    outer loop
      vertex  4.151236e+001  1.090031e+001 -5.449340e+000
      vertex  4.151356e+001  1.037814e+001 -5.151803e+000
      vertex  4.151320e+001  1.057963e+001 -5.609672e+000
    endloop
  endfacet
  facet normal  9.988634e-001 -4.332739e-002 -1.986489e-002
    outer loop
      vertex  4.151320e+001  1.057963e+001 -5.609672e+000
      vertex  4.151356e+001  1.037814e+001 -5.151803e+000
      vertex  4.149316e+001  9.991105e+000 -5.333455e+000
    endloop
  endfacet
  facet normal  9.990590e-001 -4.085035e-002 -1.457302e-002
    outer loop
      vertex  4.151320e+001  1.057963e+001 -5.609672e+000
      vertex  4.149316e+001  9.991105e+000 -5.333455e+000
      vertex  4.149775e+001  1.025616e+001 -5.762084e+000
    endloop
  endfacet
  facet normal  9.941072e-001 -9.663408e-002 -4.912073e-002
    outer loop
      vertex  4.149775e+001  1.025616e+001 -5.762084e+000
      vertex  4.149316e+001  9.991105e+000 -5.333455e+000
      vertex  4.144613e+001  9.595174e+000 -5.506294e+000
    endloop
  endfacet
  facet normal  9.958453e-001 -8.750804e-002 -2.518762e-002
    outer loop
      vertex  4.149775e+001  1.025616e+001 -5.762084e+000
      vertex  4.144613e+001  9.595174e+000 -5.506294e+000
      vertex  4.146552e+001  9.930974e+000 -5.906621e+000
    endloop
  endfacet
  facet normal  9.955587e-001  1.129483e-002  9.346291e-002
    outer loop
      vertex  3.975723e+001  1.474278e+001 -2.268404e-001
      vertex  3.977872e+001  1.472116e+001 -4.531185e-001
      vertex  3.976331e+001  1.523481e+001 -3.510720e-001
    endloop
  endfacet
  facet normal  9.880011e-001 -1.046836e-003  1.544432e-001
    outer loop
      vertex  3.976331e+001  1.523481e+001 -3.510720e-001
      vertex  3.977872e+001  1.472116e+001 -4.531185e-001
      vertex  3.981388e+001  1.468531e+001 -6.782625e-001
    endloop
  endfacet
  facet normal  9.937726e-001  2.708765e-002  1.080845e-001
    outer loop
      vertex  3.976331e+001  1.523481e+001 -3.510720e-001
      vertex  3.981388e+001  1.468531e+001 -6.782625e-001
      vertex  3.980218e+001  1.518998e+001 -6.972044e-001
    endloop
  endfacet
  facet normal  9.786892e-001  3.030429e-002  2.030990e-001
    outer loop
      vertex  3.980218e+001  1.518998e+001 -6.972044e-001
      vertex  3.981388e+001  1.468531e+001 -6.782625e-001
      vertex  3.986180e+001  1.463546e+001 -9.017420e-001
    endloop
  endfacet
  facet normal  9.833567e-001  4.038079e-002  1.771412e-001
    outer loop
      vertex  3.980218e+001  1.518998e+001 -6.972044e-001
      vertex  3.986180e+001  1.463546e+001 -9.017420e-001
      vertex  3.987870e+001  1.509971e+001 -1.101424e+000
    endloop
  endfacet
  facet normal  9.632641e-001  7.574260e-002  2.576534e-001
    outer loop
      vertex  3.987870e+001  1.509971e+001 -1.101424e+000
      vertex  3.986180e+001  1.463546e+001 -9.017420e-001
      vertex  3.998687e+001  1.449988e+001 -1.329481e+000
    endloop
  endfacet
  facet normal  9.695653e-001  8.796953e-002  2.284830e-001
    outer loop
      vertex  3.987870e+001  1.509971e+001 -1.101424e+000
      vertex  3.998687e+001  1.449988e+001 -1.329481e+000
      vertex  3.998098e+001  1.497467e+001 -1.487274e+000
    endloop
  endfacet
  facet normal  9.994787e-001 -4.271224e-003  3.200373e-002
    outer loop
      vertex  3.975723e+001  1.474278e+001 -2.268404e-001
      vertex  3.976331e+001  1.523481e+001 -3.510720e-001
      vertex  3.975000e+001  1.475000e+001  1.456939e-013
    endloop
  endfacet
  facet normal  9.992818e-001  1.102520e-014  3.789460e-002
    outer loop
      vertex  3.975000e+001  1.475000e+001  1.456939e-013
      vertex  3.976331e+001  1.523481e+001 -3.510720e-001
      vertex  3.975000e+001  1.525000e+001  2.220446e-016
    endloop
  endfacet
  facet normal  9.721661e-001  2.308435e-001 -4.005590e-002
    outer loop
      vertex  3.839883e+001 -3.251612e+000 -7.574663e+000
      vertex  3.829446e+001 -2.733938e+000 -7.124374e+000
      vertex  3.850666e+001 -3.611121e+000 -7.029369e+000
    endloop
  endfacet
  facet normal  9.920480e-001  1.258391e-001 -2.274251e-003
    outer loop
      vertex  3.814200e+001 -1.849397e+000 -7.192786e+000
      vertex  3.816749e+001 -2.059184e+000 -7.680199e+000
      vertex  3.809085e+001 -1.455590e+000 -7.715246e+000
    endloop
  endfacet
  facet normal  9.944920e-001  1.029294e-001 -1.978187e-002
    outer loop
      vertex  3.809085e+001 -1.455590e+000 -7.715246e+000
      vertex  3.804843e+001 -9.534092e-001 -7.234838e+000
      vertex  3.814200e+001 -1.849397e+000 -7.192786e+000
    endloop
  endfacet
  facet normal  9.965766e-001  8.265876e-002  1.591496e-003
    outer loop
      vertex  3.804057e+001 -8.489726e-001 -7.738280e+000
      vertex  3.804843e+001 -9.534092e-001 -7.234838e+000
      vertex  3.809085e+001 -1.455590e+000 -7.715246e+000
    endloop
  endfacet
  facet normal  9.360327e-001 -3.480484e-001 -5.201047e-002
    outer loop
      vertex  3.906486e+001  5.311100e+000 -7.272731e+000
      vertex  3.895494e+001  4.949265e+000 -6.829679e+000
      vertex  3.880801e+001  4.637724e+000 -7.389124e+000
    endloop
  endfacet
  facet normal  9.235567e-001 -3.755371e-001 -7.755555e-002
    outer loop
      vertex  3.921006e+001  5.553330e+000 -6.716529e+000
      vertex  3.895494e+001  4.949265e+000 -6.829679e+000
      vertex  3.906486e+001  5.311100e+000 -7.272731e+000
    endloop
  endfacet
  facet normal  9.176067e-001 -3.914416e-001 -6.907573e-002
    outer loop
      vertex  3.935512e+001  5.968377e+000 -7.141627e+000
      vertex  3.921006e+001  5.553330e+000 -6.716529e+000
      vertex  3.906486e+001  5.311100e+000 -7.272731e+000
    endloop
  endfacet
  facet normal  9.049503e-001 -4.145556e-001 -9.596191e-002
    outer loop
      vertex  3.935512e+001  5.968377e+000 -7.141627e+000
      vertex  3.949224e+001  6.140447e+000 -6.591893e+000
      vertex  3.921006e+001  5.553330e+000 -6.716529e+000
    endloop
  endfacet
  facet normal  8.972939e-001 -4.324833e-001 -8.844074e-002
    outer loop
      vertex  3.949224e+001  6.140447e+000 -6.591893e+000
      vertex  3.935512e+001  5.968377e+000 -7.141627e+000
      vertex  3.967762e+001  6.607825e+000 -6.996539e+000
    endloop
  endfacet
  facet normal  9.672055e-001  2.528009e-001 -2.459850e-002
    outer loop
      vertex  3.839883e+001 -3.251612e+000 -7.574663e+000
      vertex  3.850666e+001 -3.611121e+000 -7.029369e+000
      vertex  3.856579e+001 -3.883006e+000 -7.498664e+000
    endloop
  endfacet
  facet normal  9.549402e-001  2.926835e-001 -4.924968e-002
    outer loop
      vertex  3.856579e+001 -3.883006e+000 -7.498664e+000
      vertex  3.850666e+001 -3.611121e+000 -7.029369e+000
      vertex  3.877488e+001 -4.466087e+000 -6.909676e+000
    endloop
  endfacet
  facet normal  9.546295e-001  2.939149e-001 -4.792040e-002
    outer loop
      vertex  3.856579e+001 -3.883006e+000 -7.498664e+000
      vertex  3.877488e+001 -4.466087e+000 -6.909676e+000
      vertex  3.876155e+001 -4.504352e+000 -7.409734e+000
    endloop
  endfacet
  facet normal  9.371463e-001  3.451340e-001 -5.137393e-002
    outer loop
      vertex  3.876155e+001 -4.504352e+000 -7.409734e+000
      vertex  3.877488e+001 -4.466087e+000 -6.909676e+000
      vertex  3.900142e+001 -5.066227e+000 -6.808928e+000
    endloop
  endfacet
  facet normal  9.402417e-001  3.347574e-001 -6.231389e-002
    outer loop
      vertex  3.876155e+001 -4.504352e+000 -7.409734e+000
      vertex  3.900142e+001 -5.066227e+000 -6.808928e+000
      vertex  3.898540e+001 -5.114192e+000 -7.308293e+000
    endloop
  endfacet
  facet normal  9.203427e-001  3.854110e-001 -6.654098e-002
    outer loop
      vertex  3.898540e+001 -5.114192e+000 -7.308293e+000
      vertex  3.900142e+001 -5.066227e+000 -6.808928e+000
      vertex  3.925451e+001 -5.651221e+000 -6.696774e+000
    endloop
  endfacet
  facet normal  9.241651e-001  3.738699e-001 -7.835826e-002
    outer loop
      vertex  3.898540e+001 -5.114192e+000 -7.308293e+000
      vertex  3.925451e+001 -5.651221e+000 -6.696774e+000
      vertex  3.923652e+001 -5.711153e+000 -7.194815e+000
    endloop
  endfacet
  facet normal  9.019713e-001  4.236363e-001 -8.354561e-002
    outer loop
      vertex  3.923652e+001 -5.711153e+000 -7.194815e+000
      vertex  3.925451e+001 -5.651221e+000 -6.696774e+000
      vertex  3.953296e+001 -6.219854e+000 -6.573882e+000
    endloop
  endfacet
  facet normal  9.065250e-001  4.110925e-001 -9.599605e-002
    outer loop
      vertex  3.923652e+001 -5.711153e+000 -7.194815e+000
      vertex  3.953296e+001 -6.219854e+000 -6.573882e+000
      vertex  3.951405e+001 -6.293948e+000 -7.069819e+000
    endloop
  endfacet
  facet normal  8.821732e-001  4.596739e-001 -1.023253e-001
    outer loop
      vertex  3.951405e+001 -6.293948e+000 -7.069819e+000
      vertex  3.953296e+001 -6.219854e+000 -6.573882e+000
      vertex  3.983560e+001 -6.771060e+000 -6.440957e+000
    endloop
  endfacet
  facet normal  8.874374e-001  4.463117e-001 -1.151548e-001
    outer loop
      vertex  3.951405e+001 -6.293948e+000 -7.069819e+000
      vertex  3.983560e+001 -6.771060e+000 -6.440957e+000
      vertex  3.981706e+001 -6.861377e+000 -6.933875e+000
    endloop
  endfacet
  facet normal  8.610860e-001  4.934093e-001 -1.227932e-001
    outer loop
      vertex  3.981706e+001 -6.861377e+000 -6.933875e+000
      vertex  3.983560e+001 -6.771060e+000 -6.440957e+000
      vertex  4.016121e+001 -7.303919e+000 -6.298727e+000
    endloop
  endfacet
  facet normal  8.670303e-001  4.793989e-001 -1.357760e-001
    outer loop
      vertex  3.981706e+001 -6.861377e+000 -6.933875e+000
      vertex  4.016121e+001 -7.303919e+000 -6.298727e+000
      vertex  4.014460e+001 -7.412331e+000 -6.787592e+000
    endloop
  endfacet
  facet normal  8.388340e-001  5.247555e-001 -1.448761e-001
    outer loop
      vertex  4.014460e+001 -7.412331e+000 -6.787592e+000
      vertex  4.016121e+001 -7.303919e+000 -6.298727e+000
      vertex  4.050864e+001 -7.817659e+000 -6.147934e+000
    endloop
  endfacet
  facet normal  8.454197e-001  5.102556e-001 -1.578121e-001
    outer loop
      vertex  4.014460e+001 -7.412331e+000 -6.787592e+000
      vertex  4.050864e+001 -7.817659e+000 -6.147934e+000
      vertex  4.049569e+001 -7.945791e+000 -6.631626e+000
    endloop
  endfacet
  facet normal  8.155362e-001  5.536315e-001 -1.685022e-001
    outer loop
      vertex  4.049569e+001 -7.945791e+000 -6.631626e+000
      vertex  4.050864e+001 -7.817659e+000 -6.147934e+000
      vertex  4.087676e+001 -8.311650e+000 -5.989333e+000
    endloop
  endfacet
  facet normal  8.227123e-001  5.388029e-001 -1.812065e-001
    outer loop
      vertex  4.049569e+001 -7.945791e+000 -6.631626e+000
      vertex  4.087676e+001 -8.311650e+000 -5.989333e+000
      vertex  4.086932e+001 -8.460832e+000 -6.466668e+000
    endloop
  endfacet
  facet normal  7.912945e-001  5.799805e-001 -1.935863e-001
    outer loop
      vertex  4.086932e+001 -8.460832e+000 -6.466668e+000
      vertex  4.087676e+001 -8.311650e+000 -5.989333e+000
      vertex  4.126453e+001 -8.785407e+000 -5.823677e+000
    endloop
  endfacet
  facet normal  7.990104e-001  5.649634e-001 -2.059092e-001
    outer loop
      vertex  4.086932e+001 -8.460832e+000 -6.466668e+000
      vertex  4.126453e+001 -8.785407e+000 -5.823677e+000
      vertex  4.126453e+001 -8.956622e+000 -6.293448e+000
    endloop
  endfacet
  facet normal  9.775147e-001  2.103176e-001 -1.521860e-002
    outer loop
      vertex  3.839883e+001 -3.251612e+000 -7.574663e+000
      vertex  3.827027e+001 -2.658336e+000 -7.633275e+000
      vertex  3.829446e+001 -2.733938e+000 -7.124374e+000
    endloop
  endfacet
  facet normal  9.856520e-001  1.673517e-001 -2.198834e-002
    outer loop
      vertex  3.829446e+001 -2.733938e+000 -7.124374e+000
      vertex  3.827027e+001 -2.658336e+000 -7.633275e+000
      vertex  3.816749e+001 -2.059184e+000 -7.680199e+000
    endloop
  endfacet
  facet normal  9.855235e-001  1.682494e-001 -2.086927e-002
    outer loop
      vertex  3.829446e+001 -2.733938e+000 -7.124374e+000
      vertex  3.816749e+001 -2.059184e+000 -7.680199e+000
      vertex  3.814200e+001 -1.849397e+000 -7.192786e+000
    endloop
  endfacet
  facet normal  9.756712e-001 -2.186330e-001 -1.628585e-002
    outer loop
      vertex  3.842732e+001  3.367511e+000 -7.562203e+000
      vertex  3.836485e+001  3.053778e+000 -7.092917e+000
      vertex  3.829410e+001  2.777522e+000 -7.622902e+000
    endloop
  endfacet
  facet normal  9.795008e-001 -1.996648e-001 -2.668430e-002
    outer loop
      vertex  3.829410e+001  2.777522e+000 -7.622902e+000
      vertex  3.836485e+001  3.053778e+000 -7.092917e+000
      vertex  3.822981e+001  2.399395e+000 -7.153433e+000
    endloop
  endfacet
  facet normal  9.841542e-001 -1.771382e-001 -7.903355e-003
    outer loop
      vertex  3.829410e+001  2.777522e+000 -7.622902e+000
      vertex  3.822981e+001  2.399395e+000 -7.153433e+000
      vertex  3.818639e+001  2.181304e+000 -7.672010e+000
    endloop
  endfacet
  facet normal  9.882014e-001 -1.519995e-001 -1.881451e-002
    outer loop
      vertex  3.818639e+001  2.181304e+000 -7.672010e+000
      vertex  3.822981e+001  2.399395e+000 -7.153433e+000
      vertex  3.812700e+001  1.736679e+000 -7.199572e+000
    endloop
  endfacet
  facet normal  9.908794e-001 -1.347325e-001 -2.227401e-003
    outer loop
      vertex  3.818639e+001  2.181304e+000 -7.672010e+000
      vertex  3.812700e+001  1.736679e+000 -7.199572e+000
      vertex  3.810456e+001  1.580087e+000 -7.709328e+000
    endloop
  endfacet
  facet normal  9.945673e-001 -1.033997e-001 -1.201482e-002
    outer loop
      vertex  3.810456e+001  1.580087e+000 -7.709328e+000
      vertex  3.812700e+001  1.736679e+000 -7.199572e+000
      vertex  3.805707e+001  1.067758e+000 -7.230978e+000
    endloop
  endfacet
  facet normal  9.957894e-001 -9.166793e-002  6.716849e-004
    outer loop
      vertex  3.810456e+001  1.580087e+000 -7.709328e+000
      vertex  3.805707e+001  1.067758e+000 -7.230978e+000
      vertex  3.804889e+001  9.751391e-001 -7.734700e+000
    endloop
  endfacet
  facet normal  9.985165e-001 -5.408778e-002 -6.282495e-003
    outer loop
      vertex  3.804889e+001  9.751391e-001 -7.734700e+000
      vertex  3.805707e+001  1.067758e+000 -7.230978e+000
      vertex  3.802052e+001  3.948702e-001 -7.247402e+000
    endloop
  endfacet
  facet normal  9.988376e-001 -4.819515e-002  7.530750e-004
    outer loop
      vertex  3.804889e+001  9.751391e-001 -7.734700e+000
      vertex  3.802052e+001  3.948702e-001 -7.247402e+000
      vertex  3.801959e+001  3.677574e-001 -7.748016e+000
    endloop
  endfacet
  facet normal  9.999894e-001 -4.289260e-003 -1.626965e-003
    outer loop
      vertex  3.801959e+001  3.677574e-001 -7.748016e+000
      vertex  3.802052e+001  3.948702e-001 -7.247402e+000
      vertex  3.801762e+001 -2.796558e-001 -7.248697e+000
    endloop
  endfacet
  facet normal  9.999875e-001 -4.572487e-003 -1.994201e-003
    outer loop
      vertex  3.801959e+001  3.677574e-001 -7.748016e+000
      vertex  3.801762e+001 -2.796558e-001 -7.248697e+000
      vertex  3.801680e+001 -2.407310e-001 -7.749215e+000
    endloop
  endfacet
  facet normal  9.989529e-001  4.571110e-002  1.918010e-003
    outer loop
      vertex  3.801680e+001 -2.407310e-001 -7.749215e+000
      vertex  3.801762e+001 -2.796558e-001 -7.248697e+000
      vertex  3.804843e+001 -9.534092e-001 -7.234838e+000
    endloop
  endfacet
  facet normal  9.992145e-001  3.890658e-002 -7.525869e-003
    outer loop
      vertex  3.801680e+001 -2.407310e-001 -7.749215e+000
      vertex  3.804843e+001 -9.534092e-001 -7.234838e+000
      vertex  3.804057e+001 -8.489726e-001 -7.738280e+000
    endloop
  endfacet
  facet normal  9.404756e-001 -3.343808e-001 -6.078845e-002
    outer loop
      vertex  3.895494e+001  4.949265e+000 -6.829679e+000
      vertex  3.872810e+001  4.329607e+000 -6.930631e+000
      vertex  3.880801e+001  4.637724e+000 -7.389124e+000
    endloop
  endfacet
  facet normal  9.554967e-001 -2.934068e-001 -3.063495e-002
    outer loop
      vertex  3.880801e+001  4.637724e+000 -7.389124e+000
      vertex  3.872810e+001  4.329607e+000 -6.930631e+000
      vertex  3.853127e+001  3.697813e+000 -7.018472e+000
    endloop
  endfacet
  facet normal  9.524123e-001 -3.005200e-001 -5.097572e-002
    outer loop
      vertex  3.880801e+001  4.637724e+000 -7.389124e+000
      vertex  3.853127e+001  3.697813e+000 -7.018472e+000
      vertex  3.858562e+001  3.950075e+000 -7.490157e+000
    endloop
  endfacet
  facet normal  9.685682e-001 -2.478639e-001 -2.095307e-002
    outer loop
      vertex  3.858562e+001  3.950075e+000 -7.490157e+000
      vertex  3.853127e+001  3.697813e+000 -7.018472e+000
      vertex  3.836485e+001  3.053778e+000 -7.092917e+000
    endloop
  endfacet
  facet normal  9.654424e-001 -2.569955e-001 -4.329405e-002
    outer loop
      vertex  3.858562e+001  3.950075e+000 -7.490157e+000
      vertex  3.836485e+001  3.053778e+000 -7.092917e+000
      vertex  3.842732e+001  3.367511e+000 -7.562203e+000
    endloop
  endfacet
  facet normal  8.848078e-001 -4.513102e-001 -1.159069e-001
    outer loop
      vertex  3.949224e+001  6.140447e+000 -6.591893e+000
      vertex  3.967762e+001  6.607825e+000 -6.996539e+000
      vertex  3.980018e+001  6.709417e+000 -6.456523e+000
    endloop
  endfacet
  facet normal  8.752522e-001 -4.709833e-001 -1.100372e-001
    outer loop
      vertex  3.980018e+001  6.709417e+000 -6.456523e+000
      vertex  3.967762e+001  6.607825e+000 -6.996539e+000
      vertex  4.003115e+001  7.227826e+000 -6.838269e+000
    endloop
  endfacet
  facet normal  8.632693e-001 -4.857133e-001 -1.372906e-001
    outer loop
      vertex  3.980018e+001  6.709417e+000 -6.456523e+000
      vertex  4.003115e+001  7.227826e+000 -6.838269e+000
      vertex  4.013263e+001  7.259200e+000 -6.311204e+000
    endloop
  endfacet
  facet normal  8.516461e-001 -5.067508e-001 -1.338005e-001
    outer loop
      vertex  4.013263e+001  7.259200e+000 -6.311204e+000
      vertex  4.003115e+001  7.227826e+000 -6.838269e+000
      vertex  4.041439e+001  7.826867e+000 -6.667691e+000
    endloop
  endfacet
  facet normal  8.404798e-001 -5.176746e-001 -1.600212e-001
    outer loop
      vertex  4.013263e+001  7.259200e+000 -6.311204e+000
      vertex  4.041439e+001  7.826867e+000 -6.667691e+000
      vertex  4.048830e+001  7.788916e+000 -6.156742e+000
    endloop
  endfacet
  facet normal  8.266347e-001 -5.396178e-001 -1.596485e-001
    outer loop
      vertex  4.048830e+001  7.788916e+000 -6.156742e+000
      vertex  4.041439e+001  7.826867e+000 -6.667691e+000
      vertex  4.082599e+001  8.403555e+000 -6.485748e+000
    endloop
  endfacet
  facet normal  8.165672e-001 -5.471328e-001 -1.840210e-001
    outer loop
      vertex  4.048830e+001  7.788916e+000 -6.156742e+000
      vertex  4.082599e+001  8.403555e+000 -6.485748e+000
      vertex  4.086599e+001  8.297841e+000 -5.993958e+000
    endloop
  endfacet
  facet normal  8.003680e-001 -5.694346e-001 -1.874975e-001
    outer loop
      vertex  4.086599e+001  8.297841e+000 -5.993958e+000
      vertex  4.082599e+001  8.403555e+000 -6.485748e+000
      vertex  4.126453e+001  8.956622e+000 -6.293448e+000
    endloop
  endfacet
  facet normal  7.916518e-001 -5.740349e-001 -2.092154e-001
    outer loop
      vertex  4.086599e+001  8.297841e+000 -5.993958e+000
      vertex  4.126453e+001  8.956622e+000 -6.293448e+000
      vertex  4.126453e+001  8.785407e+000 -5.823677e+000
    endloop
  endfacet
  facet normal  9.446295e-001 -1.418040e-001  2.959166e-001
    outer loop
      vertex  4.008585e+001 -1.484066e+001 -1.808726e+000
      vertex  4.014522e+001 -1.431557e+001 -1.746616e+000
      vertex  3.998686e+001 -1.449990e+001 -1.329431e+000
    endloop
  endfacet
  facet normal  9.484418e-001 -1.408196e-001  2.839508e-001
    outer loop
      vertex  4.020374e+001 -1.468200e+001 -2.123827e+000
      vertex  4.014522e+001 -1.431557e+001 -1.746616e+000
      vertex  4.008585e+001 -1.484066e+001 -1.808726e+000
    endloop
  endfacet
  facet normal  9.327856e-001 -1.752431e-001  3.149620e-001
    outer loop
      vertex  4.031236e+001 -1.410316e+001 -2.123447e+000
      vertex  4.014522e+001 -1.431557e+001 -1.746616e+000
      vertex  4.020374e+001 -1.468200e+001 -2.123827e+000
    endloop
  endfacet
  facet normal  9.412357e-001 -1.768109e-001  2.877730e-001
    outer loop
      vertex  4.038177e+001 -1.442415e+001 -2.547673e+000
      vertex  4.031236e+001 -1.410316e+001 -2.123447e+000
      vertex  4.020374e+001 -1.468200e+001 -2.123827e+000
    endloop
  endfacet
  facet normal  9.279684e-001 -2.080055e-001  3.092059e-001
    outer loop
      vertex  4.049063e+001 -1.385278e+001 -2.490008e+000
      vertex  4.031236e+001 -1.410316e+001 -2.123447e+000
      vertex  4.038177e+001 -1.442415e+001 -2.547673e+000
    endloop
  endfacet
  facet normal  9.345398e-001 -2.386896e-001  2.639367e-001
    outer loop
      vertex  4.082193e+001 -1.329907e+001 -3.135653e+000
      vertex  4.065754e+001 -1.359075e+001 -2.817346e+000
      vertex  4.074006e+001 -1.381771e+001 -3.314780e+000
    endloop
  endfacet
  facet normal  9.458249e-001 -2.288555e-001  2.303052e-001
    outer loop
      vertex  4.090771e+001 -1.347625e+001 -3.663971e+000
      vertex  4.082193e+001 -1.329907e+001 -3.135653e+000
      vertex  4.074006e+001 -1.381771e+001 -3.314780e+000
    endloop
  endfacet
  facet normal  9.431217e-001 -2.373977e-001  2.327311e-001
    outer loop
      vertex  4.090771e+001 -1.347625e+001 -3.663971e+000
      vertex  4.097895e+001 -1.297849e+001 -3.444936e+000
      vertex  4.082193e+001 -1.329907e+001 -3.135653e+000
    endloop
  endfacet
  facet normal  9.955545e-001 -1.230248e-002  9.338022e-002
    outer loop
      vertex  3.977872e+001 -1.472116e+001 -4.531334e-001
      vertex  3.975723e+001 -1.474278e+001 -2.268485e-001
      vertex  3.976588e+001 -1.523187e+001 -3.835235e-001
    endloop
  endfacet
  facet normal  9.994572e-001  7.396436e-003  3.210142e-002
    outer loop
      vertex  3.976588e+001 -1.523187e+001 -3.835235e-001
      vertex  3.975723e+001 -1.474278e+001 -2.268485e-001
      vertex  3.975000e+001 -1.475000e+001  1.448060e-013
    endloop
  endfacet
  facet normal  9.991434e-001  1.230993e-014  4.138154e-002
    outer loop
      vertex  3.976588e+001 -1.523187e+001 -3.835235e-001
      vertex  3.975000e+001 -1.475000e+001  1.448060e-013
      vertex  3.975000e+001 -1.525000e+001  2.935430e-013
    endloop
  endfacet
  facet normal  9.576697e-001 -1.009724e-001  2.695801e-001
    outer loop
      vertex  4.008585e+001 -1.484066e+001 -1.808726e+000
      vertex  3.998686e+001 -1.449990e+001 -1.329431e+000
      vertex  3.997765e+001 -1.497884e+001 -1.476120e+000
    endloop
  endfacet
  facet normal  9.631689e-001 -9.549987e-002  2.513671e-001
    outer loop
      vertex  3.997765e+001 -1.497884e+001 -1.476120e+000
      vertex  3.998686e+001 -1.449990e+001 -1.329431e+000
      vertex  3.986180e+001 -1.463546e+001 -9.017633e-001
    endloop
  endfacet
  facet normal  9.693592e-001 -6.785685e-002  2.360893e-001
    outer loop
      vertex  3.997765e+001 -1.497884e+001 -1.476120e+000
      vertex  3.986180e+001 -1.463546e+001 -9.017633e-001
      vertex  3.988442e+001 -1.509287e+001 -1.126081e+000
    endloop
  endfacet
  facet normal  9.787803e-001 -4.916599e-002  1.989262e-001
    outer loop
      vertex  3.988442e+001 -1.509287e+001 -1.126081e+000
      vertex  3.986180e+001 -1.463546e+001 -9.017633e-001
      vertex  3.981388e+001 -1.468531e+001 -6.782819e-001
    endloop
  endfacet
  facet normal  9.818633e-001 -3.482950e-002  1.863636e-001
    outer loop
      vertex  3.988442e+001 -1.509287e+001 -1.126081e+000
      vertex  3.981388e+001 -1.468531e+001 -6.782819e-001
      vertex  3.981202e+001 -1.517854e+001 -7.606336e-001
    endloop
  endfacet
  facet normal  9.883069e-001 -2.873975e-002  1.497443e-001
    outer loop
      vertex  3.981202e+001 -1.517854e+001 -7.606336e-001
      vertex  3.981388e+001 -1.468531e+001 -6.782819e-001
      vertex  3.977872e+001 -1.472116e+001 -4.531334e-001
    endloop
  endfacet
  facet normal  9.927098e-001 -8.572169e-003  1.202238e-001
    outer loop
      vertex  3.981202e+001 -1.517854e+001 -7.606336e-001
      vertex  3.977872e+001 -1.472116e+001 -4.531334e-001
      vertex  3.976588e+001 -1.523187e+001 -3.835235e-001
    endloop
  endfacet
  facet normal  9.380564e-001 -2.067796e-001  2.780147e-001
    outer loop
      vertex  4.038177e+001 -1.442415e+001 -2.547673e+000
      vertex  4.056290e+001 -1.413470e+001 -2.943554e+000
      vertex  4.049063e+001 -1.385278e+001 -2.490008e+000
    endloop
  endfacet
  facet normal  9.397164e-001 -2.024477e-001  2.755866e-001
    outer loop
      vertex  4.049063e+001 -1.385278e+001 -2.490008e+000
      vertex  4.056290e+001 -1.413470e+001 -2.943554e+000
      vertex  4.074006e+001 -1.381771e+001 -3.314780e+000
    endloop
  endfacet
  facet normal  9.286811e-001 -2.542149e-001  2.700484e-001
    outer loop
      vertex  4.049063e+001 -1.385278e+001 -2.490008e+000
      vertex  4.074006e+001 -1.381771e+001 -3.314780e+000
      vertex  4.065754e+001 -1.359075e+001 -2.817346e+000
    endloop
  endfacet
  facet normal  9.822568e-001  1.732292e-001 -7.185711e-002
    outer loop
      vertex  4.134956e+001 -9.281667e+000 -6.171602e+000
      vertex  4.137053e+001 -9.192478e+000 -5.669844e+000
      vertex  4.141668e+001 -9.608522e+000 -6.041967e+000
    endloop
  endfacet
  facet normal  9.851846e-001  1.613250e-001 -5.818468e-002
    outer loop
      vertex  4.141668e+001 -9.608522e+000 -6.041967e+000
      vertex  4.137053e+001 -9.192478e+000 -5.669844e+000
      vertex  4.144614e+001 -9.595207e+000 -5.506280e+000
    endloop
  endfacet
  facet normal  9.904326e-001  1.254112e-001 -5.758058e-002
    outer loop
      vertex  4.141668e+001 -9.608522e+000 -6.041967e+000
      vertex  4.144614e+001 -9.595207e+000 -5.506280e+000
      vertex  4.146614e+001 -9.935952e+000 -5.904469e+000
    endloop
  endfacet
  facet normal  9.941067e-001  1.018200e-001 -3.720819e-002
    outer loop
      vertex  4.146614e+001 -9.935952e+000 -5.904469e+000
      vertex  4.144614e+001 -9.595207e+000 -5.506280e+000
      vertex  4.149316e+001 -9.991154e+000 -5.333432e+000
    endloop
  endfacet
  facet normal  9.959938e-001  8.028403e-002 -3.937937e-002
    outer loop
      vertex  4.146614e+001 -9.935952e+000 -5.904469e+000
      vertex  4.149316e+001 -9.991154e+000 -5.333432e+000
      vertex  4.149823e+001 -1.026277e+001 -5.759054e+000
    endloop
  endfacet
  facet normal  9.988560e-001  4.480769e-002 -1.670572e-002
    outer loop
      vertex  4.149823e+001 -1.026277e+001 -5.759054e+000
      vertex  4.149316e+001 -9.991154e+000 -5.333432e+000
      vertex  4.151357e+001 -1.037821e+001 -5.151772e+000
    endloop
  endfacet
  facet normal  9.991131e-001  3.806935e-002 -1.799309e-002
    outer loop
      vertex  4.149823e+001 -1.026277e+001 -5.759054e+000
      vertex  4.151357e+001 -1.037821e+001 -5.151772e+000
      vertex  4.151338e+001 -1.058784e+001 -5.605681e+000
    endloop
  endfacet
  facet normal  9.999510e-001 -9.135469e-003  3.807274e-003
    outer loop
      vertex  4.151338e+001 -1.058784e+001 -5.605681e+000
      vertex  4.151357e+001 -1.037821e+001 -5.151772e+000
      vertex  4.150940e+001 -1.075457e+001 -4.961772e+000
    endloop
  endfacet
  facet normal  9.999821e-001 -1.072658e-003  5.895237e-003
    outer loop
      vertex  4.151338e+001 -1.058784e+001 -5.605681e+000
      vertex  4.150940e+001 -1.075457e+001 -4.961772e+000
      vertex  4.151208e+001 -1.091006e+001 -5.444308e+000
    endloop
  endfacet
  facet normal  9.979253e-001 -5.945777e-002  2.469824e-002
    outer loop
      vertex  4.151208e+001 -1.091006e+001 -5.444308e+000
      vertex  4.150940e+001 -1.075457e+001 -4.961772e+000
      vertex  4.148281e+001 -1.111875e+001 -4.763889e+000
    endloop
  endfacet
  facet normal  9.983118e-001 -5.131032e-002  2.721374e-002
    outer loop
      vertex  4.151208e+001 -1.091006e+001 -5.444308e+000
      vertex  4.148281e+001 -1.111875e+001 -4.763889e+000
      vertex  4.148062e+001 -1.138583e+001 -5.187138e+000
    endloop
  endfacet
  facet normal  9.929400e-001 -1.025660e-001  5.958547e-002
    outer loop
      vertex  4.148062e+001 -1.138583e+001 -5.187138e+000
      vertex  4.148281e+001 -1.111875e+001 -4.763889e+000
      vertex  4.142614e+001 -1.152746e+001 -4.523105e+000
    endloop
  endfacet
  facet normal  9.928659e-001 -1.033842e-001  5.940488e-002
    outer loop
      vertex  4.148062e+001 -1.138583e+001 -5.187138e+000
      vertex  4.142614e+001 -1.152746e+001 -4.523105e+000
      vertex  4.141584e+001 -1.184962e+001 -4.911612e+000
    endloop
  endfacet
  facet normal  9.850204e-001 -1.446656e-001  9.384362e-002
    outer loop
      vertex  4.141584e+001 -1.184962e+001 -4.911612e+000
      vertex  4.142614e+001 -1.152746e+001 -4.523105e+000
      vertex  4.134515e+001 -1.191645e+001 -4.272615e+000
    endloop
  endfacet
  facet normal  9.845719e-001 -1.479349e-001  9.345204e-002
    outer loop
      vertex  4.141584e+001 -1.184962e+001 -4.911612e+000
      vertex  4.134515e+001 -1.191645e+001 -4.272615e+000
      vertex  4.132048e+001 -1.229838e+001 -4.617335e+000
    endloop
  endfacet
  facet normal  9.753428e-001 -1.792258e-001  1.287806e-001
    outer loop
      vertex  4.132048e+001 -1.229838e+001 -4.617335e+000
      vertex  4.134515e+001 -1.191645e+001 -4.272615e+000
      vertex  4.124329e+001 -1.228425e+001 -4.013081e+000
    endloop
  endfacet
  facet normal  9.744464e-001 -1.840394e-001  1.287787e-001
    outer loop
      vertex  4.132048e+001 -1.229838e+001 -4.617335e+000
      vertex  4.124329e+001 -1.228425e+001 -4.013081e+000
      vertex  4.119764e+001 -1.272935e+001 -4.303692e+000
    endloop
  endfacet
  facet normal  9.647585e-001 -2.059236e-001  1.638186e-001
    outer loop
      vertex  4.119764e+001 -1.272935e+001 -4.303692e+000
      vertex  4.124329e+001 -1.228425e+001 -4.013081e+000
      vertex  4.112406e+001 -1.262966e+001 -3.745093e+000
    endloop
  endfacet
  facet normal  9.639510e-001 -2.092844e-001  1.643119e-001
    outer loop
      vertex  4.119764e+001 -1.272935e+001 -4.303692e+000
      vertex  4.112406e+001 -1.262966e+001 -3.745093e+000
      vertex  4.106146e+001 -1.311274e+001 -3.993125e+000
    endloop
  endfacet
  facet normal  9.537027e-001 -2.256683e-001  1.988085e-001
    outer loop
      vertex  4.106146e+001 -1.311274e+001 -3.993125e+000
      vertex  4.112406e+001 -1.262966e+001 -3.745093e+000
      vertex  4.097895e+001 -1.297849e+001 -3.444936e+000
    endloop
  endfacet
  facet normal  9.541950e-001 -2.238971e-001  1.984489e-001
    outer loop
      vertex  4.106146e+001 -1.311274e+001 -3.993125e+000
      vertex  4.097895e+001 -1.297849e+001 -3.444936e+000
      vertex  4.090771e+001 -1.347625e+001 -3.663971e+000
    endloop
  endfacet
  facet normal  9.715843e-001  2.223839e-001 -8.105108e-002
    outer loop
      vertex  4.126453e+001 -8.785407e+000 -5.823677e+000
      vertex  4.137053e+001 -9.192478e+000 -5.669844e+000
      vertex  4.126453e+001 -8.956622e+000 -6.293448e+000
    endloop
  endfacet
  facet normal  9.712805e-001  2.239377e-001 -8.041177e-002
    outer loop
      vertex  4.126453e+001 -8.956622e+000 -6.293448e+000
      vertex  4.137053e+001 -9.192478e+000 -5.669844e+000
      vertex  4.134956e+001 -9.281667e+000 -6.171602e+000
    endloop
  endfacet
  facet normal  9.401677e-001 -2.231285e-001 -2.574845e-001
    outer loop
      vertex  4.056964e+001 -1.412331e+001  2.957876e+000
      vertex  4.065762e+001 -1.359062e+001  2.817502e+000
      vertex  4.074680e+001 -1.380485e+001  3.328778e+000
    endloop
  endfacet
  facet normal  9.290876e-001 -2.298133e-001 -2.897966e-001
    outer loop
      vertex  4.056964e+001 -1.412331e+001  2.957876e+000
      vertex  4.049071e+001 -1.385264e+001  2.490186e+000
      vertex  4.065762e+001 -1.359062e+001  2.817502e+000
    endloop
  endfacet
  facet normal  9.380481e-001 -2.068285e-001 -2.780069e-001
    outer loop
      vertex  4.049071e+001 -1.385264e+001  2.490186e+000
      vertex  4.056964e+001 -1.412331e+001  2.957876e+000
      vertex  4.038827e+001 -1.441427e+001  2.562356e+000
    endloop
  endfacet
  facet normal  9.279750e-001 -2.089185e-001 -3.085698e-001
    outer loop
      vertex  4.038827e+001 -1.441427e+001  2.562356e+000
      vertex  4.031244e+001 -1.410306e+001  2.123598e+000
      vertex  4.049071e+001 -1.385264e+001  2.490186e+000
    endloop
  endfacet
  facet normal  9.410271e-001 -1.771151e-001 -2.882678e-001
    outer loop
      vertex  4.031244e+001 -1.410306e+001  2.123598e+000
      vertex  4.038827e+001 -1.441427e+001  2.562356e+000
      vertex  4.020972e+001 -1.467372e+001  2.138909e+000
    endloop
  endfacet
  facet normal  9.327832e-001 -1.763313e-001 -3.143609e-001
    outer loop
      vertex  4.020972e+001 -1.467372e+001  2.138909e+000
      vertex  4.014527e+001 -1.431551e+001  1.746735e+000
      vertex  4.031244e+001 -1.410306e+001  2.123598e+000
    endloop
  endfacet
  facet normal  9.480899e-001 -1.413045e-001 -2.848832e-001
    outer loop
      vertex  4.009052e+001 -1.483453e+001  1.821986e+000
      vertex  4.014527e+001 -1.431551e+001  1.746735e+000
      vertex  4.020972e+001 -1.467372e+001  2.138909e+000
    endloop
  endfacet
  facet normal  9.446154e-001 -1.424960e-001 -2.956292e-001
    outer loop
      vertex  3.998687e+001 -1.449988e+001  1.329481e+000
      vertex  4.014527e+001 -1.431551e+001  1.746735e+000
      vertex  4.009052e+001 -1.483453e+001  1.821986e+000
    endloop
  endfacet
  facet normal  9.572724e-001 -1.018352e-001 -2.706644e-001
    outer loop
      vertex  3.998098e+001 -1.497467e+001  1.487274e+000
      vertex  3.998687e+001 -1.449988e+001  1.329481e+000
      vertex  4.009052e+001 -1.483453e+001  1.821986e+000
    endloop
  endfacet
  facet normal  9.903462e-001  1.260127e-001  5.775227e-002
    outer loop
      vertex  4.146552e+001 -9.930974e+000  5.906621e+000
      vertex  4.144613e+001 -9.595174e+000  5.506295e+000
      vertex  4.141609e+001 -9.605203e+000  6.043321e+000
    endloop
  endfacet
  facet normal  9.851845e-001  1.613480e-001  5.812341e-002
    outer loop
      vertex  4.141609e+001 -9.605203e+000  6.043321e+000
      vertex  4.144613e+001 -9.595174e+000  5.506295e+000
      vertex  4.137053e+001 -9.192461e+000  5.669851e+000
    endloop
  endfacet
  facet normal  9.821821e-001  1.735864e-001  7.201504e-002
    outer loop
      vertex  4.141609e+001 -9.605203e+000  6.043321e+000
      vertex  4.137053e+001 -9.192461e+000  5.669851e+000
      vertex  4.134917e+001 -9.280013e+000  6.172240e+000
    endloop
  endfacet
  facet normal  9.715808e-001  2.227332e-001  8.012913e-002
    outer loop
      vertex  4.134917e+001 -9.280013e+000  6.172240e+000
      vertex  4.137053e+001 -9.192461e+000  5.669851e+000
      vertex  4.126453e+001 -8.785407e+000  5.823677e+000
    endloop
  endfacet
  facet normal  9.712543e-001  2.236530e-001  8.151360e-002
    outer loop
      vertex  4.134917e+001 -9.280013e+000  6.172240e+000
      vertex  4.126453e+001 -8.785407e+000  5.823677e+000
      vertex  4.126453e+001 -8.956622e+000  6.293448e+000
    endloop
  endfacet
  facet normal  9.345437e-001 -2.393678e-001 -2.633080e-001
    outer loop
      vertex  4.065762e+001 -1.359062e+001  2.817502e+000
      vertex  4.082201e+001 -1.329894e+001  3.135792e+000
      vertex  4.074680e+001 -1.380485e+001  3.328778e+000
    endloop
  endfacet
  facet normal  9.430665e-001 -2.313483e-001 -2.389637e-001
    outer loop
      vertex  4.074680e+001 -1.380485e+001  3.328778e+000
      vertex  4.082201e+001 -1.329894e+001  3.135792e+000
      vertex  4.097902e+001 -1.297835e+001  3.445058e+000
    endloop
  endfacet
  facet normal  9.460684e-001 -2.343399e-001 -2.236950e-001
    outer loop
      vertex  4.074680e+001 -1.380485e+001  3.328778e+000
      vertex  4.097902e+001 -1.297835e+001  3.445058e+000
      vertex  4.091423e+001 -1.346195e+001  3.677669e+000
    endloop
  endfacet
  facet normal  9.536986e-001 -2.241980e-001 -2.004852e-001
    outer loop
      vertex  4.091423e+001 -1.346195e+001  3.677669e+000
      vertex  4.097902e+001 -1.297835e+001  3.445058e+000
      vertex  4.112411e+001 -1.262953e+001  3.745196e+000
    endloop
  endfacet
  facet normal  9.545715e-001 -2.248162e-001 -1.955782e-001
    outer loop
      vertex  4.091423e+001 -1.346195e+001  3.677669e+000
      vertex  4.112411e+001 -1.262953e+001  3.745196e+000
      vertex  4.106755e+001 -1.309702e+001  4.006533e+000
    endloop
  endfacet
  facet normal  9.647669e-001 -2.072954e-001 -1.620299e-001
    outer loop
      vertex  4.106755e+001 -1.309702e+001  4.006533e+000
      vertex  4.112411e+001 -1.262953e+001  3.745196e+000
      vertex  4.124334e+001 -1.228412e+001  4.013176e+000
    endloop
  endfacet
  facet normal  9.643895e-001 -2.071945e-001 -1.643873e-001
    outer loop
      vertex  4.106755e+001 -1.309702e+001  4.006533e+000
      vertex  4.124334e+001 -1.228412e+001  4.013176e+000
      vertex  4.120311e+001 -1.271225e+001  4.316801e+000
    endloop
  endfacet
  facet normal  9.753484e-001 -1.810818e-001 -1.261152e-001
    outer loop
      vertex  4.120311e+001 -1.271225e+001  4.316801e+000
      vertex  4.124334e+001 -1.228412e+001  4.013176e+000
      vertex  4.134517e+001 -1.191634e+001  4.272691e+000
    endloop
  endfacet
  facet normal  9.748585e-001 -1.811927e-001 -1.296929e-001
    outer loop
      vertex  4.120311e+001 -1.271225e+001  4.316801e+000
      vertex  4.134517e+001 -1.191634e+001  4.272691e+000
      vertex  4.132436e+001 -1.228274e+001  4.628110e+000
    endloop
  endfacet
  facet normal  9.850238e-001 -1.455791e-001 -9.238383e-002
    outer loop
      vertex  4.132436e+001 -1.228274e+001  4.628110e+000
      vertex  4.134517e+001 -1.191634e+001  4.272691e+000
      vertex  4.142615e+001 -1.152737e+001  4.523163e+000
    endloop
  endfacet
  facet normal  9.848844e-001 -1.457320e-001 -9.361944e-002
    outer loop
      vertex  4.132436e+001 -1.228274e+001  4.628110e+000
      vertex  4.142615e+001 -1.152737e+001  4.523163e+000
      vertex  4.141827e+001 -1.183571e+001  4.920274e+000
    endloop
  endfacet
  facet normal  9.929418e-001 -1.024104e-001 -5.982173e-002
    outer loop
      vertex  4.141827e+001 -1.183571e+001  4.920274e+000
      vertex  4.142615e+001 -1.152737e+001  4.523163e+000
      vertex  4.148281e+001 -1.111866e+001  4.763941e+000
    endloop
  endfacet
  facet normal  9.930606e-001 -1.021023e-001 -5.835952e-002
    outer loop
      vertex  4.141827e+001 -1.183571e+001  4.920274e+000
      vertex  4.148281e+001 -1.111866e+001  4.763941e+000
      vertex  4.148183e+001 -1.137391e+001  5.193889e+000
    endloop
  endfacet
  facet normal  9.979479e-001 -5.602958e-002 -3.099643e-002
    outer loop
      vertex  4.148183e+001 -1.137391e+001  5.193889e+000
      vertex  4.148281e+001 -1.111866e+001  4.763941e+000
      vertex  4.150940e+001 -1.075449e+001  4.961813e+000
    endloop
  endfacet
  facet normal  9.983785e-001 -5.259493e-002 -2.177801e-002
    outer loop
      vertex  4.148183e+001 -1.137391e+001  5.193889e+000
      vertex  4.150940e+001 -1.075449e+001  4.961813e+000
      vertex  4.151236e+001 -1.090031e+001  5.449340e+000
    endloop
  endfacet
  facet normal  9.999429e-001 -6.942261e-003 -8.132375e-003
    outer loop
      vertex  4.151236e+001 -1.090031e+001  5.449340e+000
      vertex  4.150940e+001 -1.075449e+001  4.961813e+000
      vertex  4.151356e+001 -1.037814e+001  5.151803e+000
    endloop
  endfacet
  facet normal  9.999968e-001 -2.472808e-003 -2.883428e-004
    outer loop
      vertex  4.151236e+001 -1.090031e+001  5.449340e+000
      vertex  4.151356e+001 -1.037814e+001  5.151803e+000
      vertex  4.151320e+001 -1.057963e+001  5.609672e+000
    endloop
  endfacet
  facet normal  9.988630e-001  4.333555e-002  1.986868e-002
    outer loop
      vertex  4.151320e+001 -1.057963e+001  5.609672e+000
      vertex  4.151356e+001 -1.037814e+001  5.151803e+000
      vertex  4.149316e+001 -9.991104e+000  5.333455e+000
    endloop
  endfacet
  facet normal  9.990590e-001  4.085356e-002  1.456622e-002
    outer loop
      vertex  4.151320e+001 -1.057963e+001  5.609672e+000
      vertex  4.149316e+001 -9.991104e+000  5.333455e+000
      vertex  4.149775e+001 -1.025616e+001  5.762084e+000
    endloop
  endfacet
  facet normal  9.941081e-001  9.662977e-002  4.910947e-002
    outer loop
      vertex  4.149775e+001 -1.025616e+001  5.762084e+000
      vertex  4.149316e+001 -9.991104e+000  5.333455e+000
      vertex  4.144613e+001 -9.595174e+000  5.506295e+000
    endloop
  endfacet
  facet normal  9.958453e-001  8.750802e-002  2.518764e-002
    outer loop
      vertex  4.149775e+001 -1.025616e+001  5.762084e+000
      vertex  4.144613e+001 -9.595174e+000  5.506295e+000
      vertex  4.146552e+001 -9.930974e+000  5.906621e+000
    endloop
  endfacet
  facet normal  9.955587e-001 -1.129479e-002 -9.346288e-002
    outer loop
      vertex  3.975723e+001 -1.474278e+001  2.268405e-001
      vertex  3.977872e+001 -1.472116e+001  4.531187e-001
      vertex  3.976331e+001 -1.523481e+001  3.510720e-001
    endloop
  endfacet
  facet normal  9.880010e-001  1.046889e-003 -1.544431e-001
    outer loop
      vertex  3.976331e+001 -1.523481e+001  3.510720e-001
      vertex  3.977872e+001 -1.472116e+001  4.531187e-001
      vertex  3.981388e+001 -1.468531e+001  6.782628e-001
    endloop
  endfacet
  facet normal  9.937726e-001 -2.708759e-002 -1.080845e-001
    outer loop
      vertex  3.976331e+001 -1.523481e+001  3.510720e-001
      vertex  3.981388e+001 -1.468531e+001  6.782628e-001
      vertex  3.980218e+001 -1.518998e+001  6.972044e-001
    endloop
  endfacet
  facet normal  9.786892e-001 -3.030417e-002 -2.030990e-001
    outer loop
      vertex  3.980218e+001 -1.518998e+001  6.972044e-001
      vertex  3.981388e+001 -1.468531e+001  6.782628e-001
      vertex  3.986180e+001 -1.463546e+001  9.017424e-001
    endloop
  endfacet
  facet normal  9.833566e-001 -4.038066e-002 -1.771413e-001
    outer loop
      vertex  3.980218e+001 -1.518998e+001  6.972044e-001
      vertex  3.986180e+001 -1.463546e+001  9.017424e-001
      vertex  3.987870e+001 -1.509971e+001  1.101424e+000
    endloop
  endfacet
  facet normal  9.632642e-001 -7.574238e-002 -2.576534e-001
    outer loop
      vertex  3.987870e+001 -1.509971e+001  1.101424e+000
      vertex  3.986180e+001 -1.463546e+001  9.017424e-001
      vertex  3.998687e+001 -1.449988e+001  1.329481e+000
    endloop
  endfacet
  facet normal  9.695653e-001 -8.796927e-002 -2.284831e-001
    outer loop
      vertex  3.987870e+001 -1.509971e+001  1.101424e+000
      vertex  3.998687e+001 -1.449988e+001  1.329481e+000
      vertex  3.998098e+001 -1.497467e+001  1.487274e+000
    endloop
  endfacet
  facet normal  9.994787e-001  4.271234e-003 -3.200372e-002
    outer loop
      vertex  3.975723e+001 -1.474278e+001  2.268405e-001
      vertex  3.976331e+001 -1.523481e+001  3.510720e-001
      vertex  3.975000e+001 -1.475000e+001  1.448060e-013
    endloop
  endfacet
  facet normal  9.992818e-001 -1.127265e-014 -3.789460e-002
    outer loop
      vertex  3.975000e+001 -1.475000e+001  1.448060e-013
      vertex  3.976331e+001 -1.523481e+001  3.510720e-001
      vertex  3.975000e+001 -1.525000e+001  2.935430e-013
    endloop
  endfacet
  facet normal -9.821839e-001 -1.738587e-001 -7.132927e-002
    outer loop
      vertex  4.041609e+001 -9.605203e+000  6.043321e+000
      vertex  4.034917e+001 -9.280013e+000  6.172240e+000
      vertex  4.038478e+001 -9.073808e+000  5.179185e+000
    endloop
  endfacet
  facet normal -9.712538e-001 -2.237351e-001 -8.129396e-002
    outer loop
      vertex  4.038478e+001 -9.073808e+000  5.179185e+000
      vertex  4.034917e+001 -9.280013e+000  6.172240e+000
      vertex  4.026453e+001 -8.956622e+000  6.293448e+000
    endloop
  endfacet
  facet normal -9.713649e-001 -2.232288e-001 -8.135922e-002
    outer loop
      vertex  4.038478e+001 -9.073808e+000  5.179185e+000
      vertex  4.026453e+001 -8.956622e+000  6.293448e+000
      vertex  4.026453e+001 -8.614191e+000  5.353905e+000
    endloop
  endfacet
  facet normal -9.990658e-001 -3.816500e-002 -2.027291e-002
    outer loop
      vertex  4.051320e+001 -1.057963e+001  5.609672e+000
      vertex  4.049775e+001 -1.025616e+001  5.762084e+000
      vertex  4.050753e+001 -9.991856e+000  4.782327e+000
    endloop
  endfacet
  facet normal -9.959140e-001 -8.419430e-002 -3.265829e-002
    outer loop
      vertex  4.050753e+001 -9.991856e+000  4.782327e+000
      vertex  4.049775e+001 -1.025616e+001  5.762084e+000
      vertex  4.046552e+001 -9.930974e+000  5.906621e+000
    endloop
  endfacet
  facet normal -9.965054e-001 -7.669529e-002 -3.308647e-002
    outer loop
      vertex  4.050753e+001 -9.991856e+000  4.782327e+000
      vertex  4.046552e+001 -9.930974e+000  5.906621e+000
      vertex  4.046546e+001 -9.534240e+000  4.988704e+000
    endloop
  endfacet
  facet normal -9.903552e-001 -1.272037e-001 -5.491719e-002
    outer loop
      vertex  4.046546e+001 -9.534240e+000  4.988704e+000
      vertex  4.046552e+001 -9.930974e+000  5.906621e+000
      vertex  4.041609e+001 -9.605203e+000  6.043321e+000
    endloop
  endfacet
  facet normal -9.871323e-001 -1.496750e-001 -5.627836e-002
    outer loop
      vertex  4.046546e+001 -9.534240e+000  4.988704e+000
      vertex  4.041609e+001 -9.605203e+000  6.043321e+000
      vertex  4.038478e+001 -9.073808e+000  5.179185e+000
    endloop
  endfacet
  facet normal -9.304729e-001  2.648830e-001  2.530954e-001
    outer loop
      vertex  3.974680e+001 -1.306936e+001  2.651257e+000
      vertex  3.991423e+001 -1.346195e+001  3.677669e+000
      vertex  3.991423e+001 -1.277111e+001  2.954661e+000
    endloop
  endfacet
  facet normal -9.545484e-001  2.154977e-001  2.059077e-001
    outer loop
      vertex  3.991423e+001 -1.277111e+001  2.954661e+000
      vertex  3.991423e+001 -1.346195e+001  3.677669e+000
      vertex  4.006755e+001 -1.309702e+001  4.006533e+000
    endloop
  endfacet
  facet normal -9.427826e-001  2.539006e-001  2.160915e-001
    outer loop
      vertex  3.991423e+001 -1.277111e+001  2.954661e+000
      vertex  4.006755e+001 -1.309702e+001  4.006533e+000
      vertex  4.006755e+001 -1.244890e+001  3.245002e+000
    endloop
  endfacet
  facet normal -9.643680e-001  2.014741e-001  1.714720e-001
    outer loop
      vertex  4.006755e+001 -1.244890e+001  3.245002e+000
      vertex  4.006755e+001 -1.309702e+001  4.006533e+000
      vertex  4.020311e+001 -1.271225e+001  4.316801e+000
    endloop
  endfacet
  facet normal -9.560394e-001  2.329225e-001  1.781458e-001
    outer loop
      vertex  4.006755e+001 -1.244890e+001  3.245002e+000
      vertex  4.020311e+001 -1.271225e+001  4.316801e+000
      vertex  4.020311e+001 -1.210473e+001  3.522490e+000
    endloop
  endfacet
  facet normal -9.748433e-001  1.770452e-001  1.354092e-001
    outer loop
      vertex  4.020311e+001 -1.210473e+001  3.522490e+000
      vertex  4.020311e+001 -1.271225e+001  4.316801e+000
      vertex  4.032436e+001 -1.228274e+001  4.628110e+000
    endloop
  endfacet
  facet normal -9.695176e-001  2.018981e-001  1.388265e-001
    outer loop
      vertex  4.020311e+001 -1.210473e+001  3.522490e+000
      vertex  4.032436e+001 -1.228274e+001  4.628110e+000
      vertex  4.032436e+001 -1.171615e+001  3.804112e+000
    endloop
  endfacet
  facet normal -9.848773e-001  1.427608e-001  9.816330e-002
    outer loop
      vertex  4.032436e+001 -1.171615e+001  3.804112e+000
      vertex  4.032436e+001 -1.228274e+001  4.628110e+000
      vertex  4.041827e+001 -1.183571e+001  4.920274e+000
    endloop
  endfacet
  facet normal -9.819719e-001  1.605211e-001  9.982125e-002
    outer loop
      vertex  4.032436e+001 -1.171615e+001  3.804112e+000
      vertex  4.041827e+001 -1.183571e+001  4.920274e+000
      vertex  4.041827e+001 -1.130764e+001  4.071095e+000
    endloop
  endfacet
  facet normal -9.930591e-001  9.987949e-002  6.211081e-002
    outer loop
      vertex  4.041827e+001 -1.130764e+001  4.071095e+000
      vertex  4.041827e+001 -1.183571e+001  4.920274e+000
      vertex  4.048183e+001 -1.137391e+001  5.193889e+000
    endloop
  endfacet
  facet normal -9.918439e-001  1.109716e-001  6.269664e-002
    outer loop
      vertex  4.041827e+001 -1.130764e+001  4.071095e+000
      vertex  4.048183e+001 -1.137391e+001  5.193889e+000
      vertex  4.048183e+001 -1.088203e+001  4.323268e+000
    endloop
  endfacet
  facet normal -9.983946e-001  4.931451e-002  2.786165e-002
    outer loop
      vertex  4.048183e+001 -1.088203e+001  4.323268e+000
      vertex  4.048183e+001 -1.137391e+001  5.193889e+000
      vertex  4.051236e+001 -1.090031e+001  5.449340e+000
    endloop
  endfacet
  facet normal -9.981378e-001  5.422711e-002  2.793448e-002
    outer loop
      vertex  4.048183e+001 -1.088203e+001  4.323268e+000
      vertex  4.051236e+001 -1.090031e+001  5.449340e+000
      vertex  4.051236e+001 -1.044238e+001  4.560398e+000
    endloop
  endfacet
  facet normal -9.999973e-001  2.081008e-003  1.072007e-003
    outer loop
      vertex  4.051236e+001 -1.044238e+001  4.560398e+000
      vertex  4.051236e+001 -1.090031e+001  5.449340e+000
      vertex  4.051320e+001 -1.057963e+001  5.609672e+000
    endloop
  endfacet
  facet normal -9.999454e-001 -1.043219e-002 -5.647048e-004
    outer loop
      vertex  4.051236e+001 -1.044238e+001  4.560398e+000
      vertex  4.051320e+001 -1.057963e+001  5.609672e+000
      vertex  4.050753e+001 -9.991856e+000  4.782327e+000
    endloop
  endfacet
  facet normal -9.460669e-001  2.194991e-001  2.382804e-001
    outer loop
      vertex  3.991423e+001 -1.346195e+001  3.677669e+000
      vertex  3.974680e+001 -1.306936e+001  2.651257e+000
      vertex  3.974680e+001 -1.380485e+001  3.328778e+000
    endloop
  endfacet
  facet normal -9.205659e-001  2.646333e-001  2.872764e-001
    outer loop
      vertex  3.974680e+001 -1.380485e+001  3.328778e+000
      vertex  3.974680e+001 -1.306936e+001  2.651257e+000
      vertex  3.956964e+001 -1.334155e+001  2.334302e+000
    endloop
  endfacet
  facet normal -9.400975e-001  2.125816e-001  2.665065e-001
    outer loop
      vertex  3.974680e+001 -1.380485e+001  3.328778e+000
      vertex  3.956964e+001 -1.334155e+001  2.334302e+000
      vertex  3.956964e+001 -1.412331e+001  2.957876e+000
    endloop
  endfacet
  facet normal -9.149108e-001  2.517115e-001  3.155624e-001
    outer loop
      vertex  3.956964e+001 -1.412331e+001  2.957876e+000
      vertex  3.956964e+001 -1.334155e+001  2.334302e+000
      vertex  3.938827e+001 -1.358539e+001  2.002942e+000
    endloop
  endfacet
  facet normal -9.379569e-001  1.939785e-001  2.874182e-001
    outer loop
      vertex  3.956964e+001 -1.412331e+001  2.957876e+000
      vertex  3.938827e+001 -1.358539e+001  2.002942e+000
      vertex  3.938827e+001 -1.441427e+001  2.562356e+000
    endloop
  endfacet
  facet normal -9.156438e-001  2.248799e-001  3.332049e-001
    outer loop
      vertex  3.938827e+001 -1.441427e+001  2.562356e+000
      vertex  3.938827e+001 -1.358539e+001  2.002942e+000
      vertex  3.920972e+001 -1.379812e+001  1.655869e+000
    endloop
  endfacet
  facet normal -9.409151e-001  1.635781e-001  2.965146e-001
    outer loop
      vertex  3.938827e+001 -1.441427e+001  2.562356e+000
      vertex  3.920972e+001 -1.379812e+001  1.655869e+000
      vertex  3.920972e+001 -1.467372e+001  2.138909e+000
    endloop
  endfacet
  facet normal -9.227518e-001  1.861613e-001  3.374507e-001
    outer loop
      vertex  3.920972e+001 -1.467372e+001  2.138909e+000
      vertex  3.920972e+001 -1.379812e+001  1.655869e+000
      vertex  3.909052e+001 -1.392736e+001  1.401222e+000
    endloop
  endfacet
  facet normal -9.480343e-001  1.338731e-001  2.886332e-001
    outer loop
      vertex  3.920972e+001 -1.467372e+001  2.138909e+000
      vertex  3.909052e+001 -1.392736e+001  1.401222e+000
      vertex  3.909052e+001 -1.483453e+001  1.821986e+000
    endloop
  endfacet
  facet normal -9.340449e-001  1.502775e-001  3.240013e-001
    outer loop
      vertex  3.909052e+001 -1.483453e+001  1.821986e+000
      vertex  3.909052e+001 -1.392736e+001  1.401222e+000
      vertex  3.898098e+001 -1.403809e+001  1.136777e+000
    endloop
  endfacet
  facet normal -9.572671e-001  1.013639e-001  2.708600e-001
    outer loop
      vertex  3.909052e+001 -1.483453e+001  1.821986e+000
      vertex  3.898098e+001 -1.403809e+001  1.136777e+000
      vertex  3.898098e+001 -1.497467e+001  1.487274e+000
    endloop
  endfacet
  facet normal -9.502266e-001  1.091988e-001  2.917963e-001
    outer loop
      vertex  3.898098e+001 -1.497467e+001  1.487274e+000
      vertex  3.898098e+001 -1.403809e+001  1.136777e+000
      vertex  3.888646e+001 -1.412811e+001  8.626871e-001
    endloop
  endfacet
  facet normal -9.696000e-001  6.566353e-002  2.357205e-001
    outer loop
      vertex  3.898098e+001 -1.497467e+001  1.487274e+000
      vertex  3.888646e+001 -1.412811e+001  8.626871e-001
      vertex  3.887870e+001 -1.509971e+001  1.101424e+000
    endloop
  endfacet
  facet normal -9.693661e-001  6.588259e-002  2.366195e-001
    outer loop
      vertex  3.887870e+001 -1.509971e+001  1.101424e+000
      vertex  3.888646e+001 -1.412811e+001  8.626871e-001
      vertex  3.881299e+001 -1.419489e+001  5.802744e-001
    endloop
  endfacet
  facet normal -9.833250e-001  3.172125e-002  1.790691e-001
    outer loop
      vertex  3.887870e+001 -1.509971e+001  1.101424e+000
      vertex  3.881299e+001 -1.419489e+001  5.802744e-001
      vertex  3.880218e+001 -1.518998e+001  6.972044e-001
    endloop
  endfacet
  facet normal -9.873009e-001  2.907456e-002  1.561781e-001
    outer loop
      vertex  3.880218e+001 -1.518998e+001  6.972044e-001
      vertex  3.881299e+001 -1.419489e+001  5.802744e-001
      vertex  3.876614e+001 -1.423608e+001  2.917598e-001
    endloop
  endfacet
  facet normal -9.938444e-001  9.364736e-003  1.103880e-001
    outer loop
      vertex  3.880218e+001 -1.518998e+001  6.972044e-001
      vertex  3.876614e+001 -1.423608e+001  2.917598e-001
      vertex  3.876331e+001 -1.523481e+001  3.510720e-001
    endloop
  endfacet
  facet normal -9.984716e-001  6.084391e-003  5.493155e-002
    outer loop
      vertex  3.876331e+001 -1.523481e+001  3.510720e-001
      vertex  3.876614e+001 -1.423608e+001  2.917598e-001
      vertex  3.875000e+001 -1.425000e+001  2.906564e-013
    endloop
  endfacet
  facet normal -9.992818e-001  1.093858e-016  3.789460e-002
    outer loop
      vertex  3.876331e+001 -1.523481e+001  3.510720e-001
      vertex  3.875000e+001 -1.425000e+001  2.906564e-013
      vertex  3.875000e+001 -1.525000e+001  2.935430e-013
    endloop
  endfacet
  facet normal  0.000000e+000 -6.277077e-001  7.784491e-001
    outer loop
      vertex  4.006755e+001 -1.309702e+001  4.006533e+000
      vertex  4.120311e+001 -1.271225e+001  4.316801e+000
      vertex  4.020311e+001 -1.271225e+001  4.316801e+000
    endloop
  endfacet
  facet normal  0.000000e+000 -5.868653e-001  8.096845e-001
    outer loop
      vertex  4.020311e+001 -1.271225e+001  4.316801e+000
      vertex  4.120311e+001 -1.271225e+001  4.316801e+000
      vertex  4.132436e+001 -1.228274e+001  4.628110e+000
    endloop
  endfacet
  facet normal  0.000000e+000 -5.868653e-001  8.096845e-001
    outer loop
      vertex  4.020311e+001 -1.271225e+001  4.316801e+000
      vertex  4.132436e+001 -1.228274e+001  4.628110e+000
      vertex  4.032436e+001 -1.228274e+001  4.628110e+000
    endloop
  endfacet
  facet normal  0.000000e+000 -5.470880e-001  8.370751e-001
    outer loop
      vertex  4.032436e+001 -1.228274e+001  4.628110e+000
      vertex  4.132436e+001 -1.228274e+001  4.628110e+000
      vertex  4.141827e+001 -1.183571e+001  4.920274e+000
    endloop
  endfacet
  facet normal  0.000000e+000 -5.470880e-001  8.370751e-001
    outer loop
      vertex  4.032436e+001 -1.228274e+001  4.628110e+000
      vertex  4.141827e+001 -1.183571e+001  4.920274e+000
      vertex  4.041827e+001 -1.183571e+001  4.920274e+000
    endloop
  endfacet
  facet normal  0.000000e+000 -5.097369e-001  8.603305e-001
    outer loop
      vertex  4.041827e+001 -1.183571e+001  4.920274e+000
      vertex  4.141827e+001 -1.183571e+001  4.920274e+000
      vertex  4.148183e+001 -1.137391e+001  5.193889e+000
    endloop
  endfacet
  facet normal  0.000000e+000 -5.097369e-001  8.603305e-001
    outer loop
      vertex  4.041827e+001 -1.183571e+001  4.920274e+000
      vertex  4.148183e+001 -1.137391e+001  5.193889e+000
      vertex  4.048183e+001 -1.137391e+001  5.193889e+000
    endloop
  endfacet
  facet normal  0.000000e+000 -4.747324e-001  8.801302e-001
    outer loop
      vertex  4.048183e+001 -1.137391e+001  5.193889e+000
      vertex  4.148183e+001 -1.137391e+001  5.193889e+000
      vertex  4.151236e+001 -1.090031e+001  5.449340e+000
    endloop
  endfacet
  facet normal  0.000000e+000 -4.747324e-001  8.801302e-001
    outer loop
      vertex  4.048183e+001 -1.137391e+001  5.193889e+000
      vertex  4.151236e+001 -1.090031e+001  5.449340e+000
      vertex  4.051236e+001 -1.090031e+001  5.449340e+000
    endloop
  endfacet
  facet normal  0.000000e+000 -4.471849e-001  8.944416e-001
    outer loop
      vertex  4.051236e+001 -1.090031e+001  5.449340e+000
      vertex  4.151236e+001 -1.090031e+001  5.449340e+000
      vertex  4.151320e+001 -1.057963e+001  5.609672e+000
    endloop
  endfacet
  facet normal  0.000000e+000 -4.471849e-001  8.944416e-001
    outer loop
      vertex  4.051236e+001 -1.090031e+001  5.449340e+000
      vertex  4.151320e+001 -1.057963e+001  5.609672e+000
      vertex  4.051320e+001 -1.057963e+001  5.609672e+000
    endloop
  endfacet
  facet normal  0.000000e+000 -4.262358e-001  9.046121e-001
    outer loop
      vertex  4.051320e+001 -1.057963e+001  5.609672e+000
      vertex  4.151320e+001 -1.057963e+001  5.609672e+000
      vertex  4.149775e+001 -1.025616e+001  5.762084e+000
    endloop
  endfacet
  facet normal  0.000000e+000 -4.262358e-001  9.046121e-001
    outer loop
      vertex  4.051320e+001 -1.057963e+001  5.609672e+000
      vertex  4.149775e+001 -1.025616e+001  5.762084e+000
      vertex  4.049775e+001 -1.025616e+001  5.762084e+000
    endloop
  endfacet
  facet normal  0.000000e+000 -4.061646e-001  9.137999e-001
    outer loop
      vertex  4.049775e+001 -1.025616e+001  5.762084e+000
      vertex  4.149775e+001 -1.025616e+001  5.762084e+000
      vertex  4.146552e+001 -9.930974e+000  5.906621e+000
    endloop
  endfacet
  facet normal  0.000000e+000 -4.061646e-001  9.137999e-001
    outer loop
      vertex  4.049775e+001 -1.025616e+001  5.762084e+000
      vertex  4.146552e+001 -9.930974e+000  5.906621e+000
      vertex  4.046552e+001 -9.930974e+000  5.906621e+000
    endloop
  endfacet
  facet normal  0.000000e+000 -3.869357e-001  9.221067e-001
    outer loop
      vertex  4.046552e+001 -9.930974e+000  5.906621e+000
      vertex  4.146552e+001 -9.930974e+000  5.906621e+000
      vertex  4.141609e+001 -9.605203e+000  6.043321e+000
    endloop
  endfacet
  facet normal  0.000000e+000 -3.869357e-001  9.221067e-001
    outer loop
      vertex  4.046552e+001 -9.930974e+000  5.906621e+000
      vertex  4.141609e+001 -9.605203e+000  6.043321e+000
      vertex  4.041609e+001 -9.605203e+000  6.043321e+000
    endloop
  endfacet
  facet normal  0.000000e+000 -3.685372e-001  9.296130e-001
    outer loop
      vertex  4.041609e+001 -9.605203e+000  6.043321e+000
      vertex  4.141609e+001 -9.605203e+000  6.043321e+000
      vertex  4.134917e+001 -9.280013e+000  6.172240e+000
    endloop
  endfacet
  facet normal  0.000000e+000 -3.685372e-001  9.296130e-001
    outer loop
      vertex  4.041609e+001 -9.605203e+000  6.043321e+000
      vertex  4.134917e+001 -9.280013e+000  6.172240e+000
      vertex  4.034917e+001 -9.280013e+000  6.172240e+000
    endloop
  endfacet
  facet normal  0.000000e+000 -3.509624e-001  9.363895e-001
    outer loop
      vertex  4.034917e+001 -9.280013e+000  6.172240e+000
      vertex  4.134917e+001 -9.280013e+000  6.172240e+000
      vertex  4.126453e+001 -8.956622e+000  6.293448e+000
    endloop
  endfacet
  facet normal  0.000000e+000 -3.509624e-001  9.363895e-001
    outer loop
      vertex  4.034917e+001 -9.280013e+000  6.172240e+000
      vertex  4.126453e+001 -8.956622e+000  6.293448e+000
      vertex  4.026453e+001 -8.956622e+000  6.293448e+000
    endloop
  endfacet
  facet normal  0.000000e+000 -6.277077e-001  7.784491e-001
    outer loop
      vertex  4.120311e+001 -1.271225e+001  4.316801e+000
      vertex  4.006755e+001 -1.309702e+001  4.006533e+000
      vertex  4.106755e+001 -1.309702e+001  4.006533e+000
    endloop
  endfacet
  facet normal  0.000000e+000 -6.694530e-001  7.428545e-001
    outer loop
      vertex  4.106755e+001 -1.309702e+001  4.006533e+000
      vertex  4.006755e+001 -1.309702e+001  4.006533e+000
      vertex  3.991423e+001 -1.346195e+001  3.677669e+000
    endloop
  endfacet
  facet normal  0.000000e+000 -6.694530e-001  7.428545e-001
    outer loop
      vertex  4.106755e+001 -1.309702e+001  4.006533e+000
      vertex  3.991423e+001 -1.346195e+001  3.677669e+000
      vertex  4.091423e+001 -1.346195e+001  3.677669e+000
    endloop
  endfacet
  facet normal  0.000000e+000 -7.132005e-001  7.009601e-001
    outer loop
      vertex  4.091423e+001 -1.346195e+001  3.677669e+000
      vertex  3.991423e+001 -1.346195e+001  3.677669e+000
      vertex  3.974680e+001 -1.380485e+001  3.328778e+000
    endloop
  endfacet
  facet normal  0.000000e+000 -7.132005e-001  7.009601e-001
    outer loop
      vertex  4.091423e+001 -1.346195e+001  3.677669e+000
      vertex  3.974680e+001 -1.380485e+001  3.328778e+000
      vertex  4.074680e+001 -1.380485e+001  3.328778e+000
    endloop
  endfacet
  facet normal  0.000000e+000 -7.587076e-001  6.514314e-001
    outer loop
      vertex  4.074680e+001 -1.380485e+001  3.328778e+000
      vertex  3.974680e+001 -1.380485e+001  3.328778e+000
      vertex  3.956964e+001 -1.412331e+001  2.957876e+000
    endloop
  endfacet
  facet normal  0.000000e+000 -7.587076e-001  6.514314e-001
    outer loop
      vertex  4.074680e+001 -1.380485e+001  3.328778e+000
      vertex  3.956964e+001 -1.412331e+001  2.957876e+000
      vertex  4.056964e+001 -1.412331e+001  2.957876e+000
    endloop
  endfacet
  facet normal  0.000000e+000 -8.055134e-001  5.925776e-001
    outer loop
      vertex  4.056964e+001 -1.412331e+001  2.957876e+000
      vertex  3.956964e+001 -1.412331e+001  2.957876e+000
      vertex  3.938827e+001 -1.441427e+001  2.562356e+000
    endloop
  endfacet
  facet normal  0.000000e+000 -8.055134e-001  5.925776e-001
    outer loop
      vertex  4.056964e+001 -1.412331e+001  2.957876e+000
      vertex  3.938827e+001 -1.441427e+001  2.562356e+000
      vertex  4.038827e+001 -1.441427e+001  2.562356e+000
    endloop
  endfacet
  facet normal  0.000000e+000 -8.526809e-001  5.224320e-001
    outer loop
      vertex  4.038827e+001 -1.441427e+001  2.562356e+000
      vertex  3.938827e+001 -1.441427e+001  2.562356e+000
      vertex  3.920972e+001 -1.467372e+001  2.138909e+000
    endloop
  endfacet
  facet normal  0.000000e+000 -8.526809e-001  5.224320e-001
    outer loop
      vertex  4.038827e+001 -1.441427e+001  2.562356e+000
      vertex  3.920972e+001 -1.467372e+001  2.138909e+000
      vertex  4.020972e+001 -1.467372e+001  2.138909e+000
    endloop
  endfacet
  facet normal  0.000000e+000 -8.917616e-001  4.525056e-001
    outer loop
      vertex  4.020972e+001 -1.467372e+001  2.138909e+000
      vertex  3.920972e+001 -1.467372e+001  2.138909e+000
      vertex  3.909052e+001 -1.483453e+001  1.821986e+000
    endloop
  endfacet
  facet normal  0.000000e+000 -8.917616e-001  4.525056e-001
    outer loop
      vertex  4.020972e+001 -1.467372e+001  2.138909e+000
      vertex  3.909052e+001 -1.483453e+001  1.821986e+000
      vertex  4.009052e+001 -1.483453e+001  1.821986e+000
    endloop
  endfacet
  facet normal  0.000000e+000 -9.224110e-001  3.862096e-001
    outer loop
      vertex  4.009052e+001 -1.483453e+001  1.821986e+000
      vertex  3.909052e+001 -1.483453e+001  1.821986e+000
      vertex  3.898098e+001 -1.497467e+001  1.487274e+000
    endloop
  endfacet
  facet normal  0.000000e+000 -9.224110e-001  3.862096e-001
    outer loop
      vertex  4.009052e+001 -1.483453e+001  1.821986e+000
      vertex  3.898098e+001 -1.497467e+001  1.487274e+000
      vertex  3.998098e+001 -1.497467e+001  1.487274e+000
    endloop
  endfacet
  facet normal  0.000000e+000 -9.512989e-001  3.082700e-001
    outer loop
      vertex  3.998098e+001 -1.497467e+001  1.487274e+000
      vertex  3.898098e+001 -1.497467e+001  1.487274e+000
      vertex  3.887870e+001 -1.509971e+001  1.101424e+000
    endloop
  endfacet
  facet normal  0.000000e+000 -9.512989e-001  3.082700e-001
    outer loop
      vertex  3.998098e+001 -1.497467e+001  1.487274e+000
      vertex  3.887870e+001 -1.509971e+001  1.101424e+000
      vertex  3.987870e+001 -1.509971e+001  1.101424e+000
    endloop
  endfacet
  facet normal  0.000000e+000 -9.759588e-001  2.179550e-001
    outer loop
      vertex  3.987870e+001 -1.509971e+001  1.101424e+000
      vertex  3.887870e+001 -1.509971e+001  1.101424e+000
      vertex  3.880218e+001 -1.518998e+001  6.972044e-001
    endloop
  endfacet
  facet normal  0.000000e+000 -9.759588e-001  2.179550e-001
    outer loop
      vertex  3.987870e+001 -1.509971e+001  1.101424e+000
      vertex  3.880218e+001 -1.518998e+001  6.972044e-001
      vertex  3.980218e+001 -1.518998e+001  6.972044e-001
    endloop
  endfacet
  facet normal  0.000000e+000 -9.917166e-001  1.284450e-001
    outer loop
      vertex  3.980218e+001 -1.518998e+001  6.972044e-001
      vertex  3.880218e+001 -1.518998e+001  6.972044e-001
      vertex  3.876331e+001 -1.523481e+001  3.510720e-001
    endloop
  endfacet
  facet normal  0.000000e+000 -9.917166e-001  1.284450e-001
    outer loop
      vertex  3.980218e+001 -1.518998e+001  6.972044e-001
      vertex  3.876331e+001 -1.523481e+001  3.510720e-001
      vertex  3.976331e+001 -1.523481e+001  3.510720e-001
    endloop
  endfacet
  facet normal  0.000000e+000 -9.990655e-001  4.322197e-002
    outer loop
      vertex  3.976331e+001 -1.523481e+001  3.510720e-001
      vertex  3.876331e+001 -1.523481e+001  3.510720e-001
      vertex  3.875000e+001 -1.525000e+001  2.935430e-013
    endloop
  endfacet
  facet normal  0.000000e+000 -9.990655e-001  4.322197e-002
    outer loop
      vertex  3.976331e+001 -1.523481e+001  3.510720e-001
      vertex  3.875000e+001 -1.525000e+001  2.935430e-013
      vertex  3.975000e+001 -1.525000e+001  2.935430e-013
    endloop
  endfacet
  facet normal -9.422428e-001  2.415909e-001 -2.319746e-001
    outer loop
      vertex  4.006146e+001 -1.246286e+001 -3.233088e+000
      vertex  3.990771e+001 -1.347625e+001 -3.663971e+000
      vertex  3.990771e+001 -1.278365e+001 -2.942656e+000
    endloop
  endfacet
  facet normal -9.457786e-001  2.342923e-001 -2.249665e-001
    outer loop
      vertex  3.990771e+001 -1.278365e+001 -2.942656e+000
      vertex  3.990771e+001 -1.347625e+001 -3.663971e+000
      vertex  3.974006e+001 -1.381771e+001 -3.314780e+000
    endloop
  endfacet
  facet normal -9.300216e-001  2.482857e-001 -2.709502e-001
    outer loop
      vertex  3.990771e+001 -1.278365e+001 -2.942656e+000
      vertex  3.974006e+001 -1.381771e+001 -3.314780e+000
      vertex  3.974006e+001 -1.308045e+001 -2.639186e+000
    endloop
  endfacet
  facet normal -9.399431e-001  2.306028e-001 -2.516532e-001
    outer loop
      vertex  3.974006e+001 -1.308045e+001 -2.639186e+000
      vertex  3.974006e+001 -1.381771e+001 -3.314780e+000
      vertex  3.956290e+001 -1.413470e+001 -2.943554e+000
    endloop
  endfacet
  facet normal -9.202538e-001  2.431590e-001 -3.066050e-001
    outer loop
      vertex  3.974006e+001 -1.308045e+001 -2.639186e+000
      vertex  3.956290e+001 -1.413470e+001 -2.943554e+000
      vertex  3.956290e+001 -1.335119e+001 -2.322180e+000
    endloop
  endfacet
  facet normal -9.379737e-001  2.154357e-001 -2.716480e-001
    outer loop
      vertex  3.956290e+001 -1.335119e+001 -2.322180e+000
      vertex  3.956290e+001 -1.413470e+001 -2.943554e+000
      vertex  3.938177e+001 -1.442415e+001 -2.547673e+000
    endloop
  endfacet
  facet normal -9.147986e-001  2.249381e-001 -3.354793e-001
    outer loop
      vertex  3.956290e+001 -1.335119e+001 -2.322180e+000
      vertex  3.938177e+001 -1.442415e+001 -2.547673e+000
      vertex  3.938177e+001 -1.359357e+001 -1.990773e+000
    endloop
  endfacet
  facet normal -9.411321e-001  1.882542e-001 -2.807678e-001
    outer loop
      vertex  3.938177e+001 -1.359357e+001 -1.990773e+000
      vertex  3.938177e+001 -1.442415e+001 -2.547673e+000
      vertex  3.920374e+001 -1.468200e+001 -2.123827e+000
    endloop
  endfacet
  facet normal -9.157994e-001  1.928556e-001 -3.523040e-001
    outer loop
      vertex  3.938177e+001 -1.359357e+001 -1.990773e+000
      vertex  3.920374e+001 -1.468200e+001 -2.123827e+000
      vertex  3.920374e+001 -1.380483e+001 -1.643651e+000
    endloop
  endfacet
  facet normal -9.483870e-001  1.522708e-001 -2.781646e-001
    outer loop
      vertex  3.920374e+001 -1.380483e+001 -1.643651e+000
      vertex  3.920374e+001 -1.468200e+001 -2.123827e+000
      vertex  3.908585e+001 -1.484066e+001 -1.808726e+000
    endloop
  endfacet
  facet normal -9.231466e-001  1.607248e-001 -3.492388e-001
    outer loop
      vertex  3.920374e+001 -1.380483e+001 -1.643651e+000
      vertex  3.908585e+001 -1.484066e+001 -1.808726e+000
      vertex  3.908585e+001 -1.393224e+001 -1.390658e+000
    endloop
  endfacet
  facet normal -9.576633e-001  1.203575e-001 -2.615247e-001
    outer loop
      vertex  3.908585e+001 -1.393224e+001 -1.390658e+000
      vertex  3.908585e+001 -1.484066e+001 -1.808726e+000
      vertex  3.897765e+001 -1.497884e+001 -1.476120e+000
    endloop
  endfacet
  facet normal -9.345583e-001  1.238510e-001 -3.335593e-001
    outer loop
      vertex  3.908585e+001 -1.393224e+001 -1.390658e+000
      vertex  3.897765e+001 -1.497884e+001 -1.476120e+000
      vertex  3.897765e+001 -1.404136e+001 -1.128032e+000
    endloop
  endfacet
  facet normal -9.693469e-001  8.552227e-002 -2.303312e-001
    outer loop
      vertex  3.897765e+001 -1.404136e+001 -1.128032e+000
      vertex  3.897765e+001 -1.497884e+001 -1.476120e+000
      vertex  3.888442e+001 -1.509287e+001 -1.126081e+000
    endloop
  endfacet
  facet normal -9.507319e-001  8.374528e-002 -2.984887e-001
    outer loop
      vertex  3.897765e+001 -1.404136e+001 -1.128032e+000
      vertex  3.888442e+001 -1.509287e+001 -1.126081e+000
      vertex  3.888442e+001 -1.413002e+001 -8.559405e-001
    endloop
  endfacet
  facet normal -9.818668e-001  5.120985e-002 -1.825245e-001
    outer loop
      vertex  3.888442e+001 -1.413002e+001 -8.559405e-001
      vertex  3.888442e+001 -1.509287e+001 -1.126081e+000
      vertex  3.881202e+001 -1.517854e+001 -7.606336e-001
    endloop
  endfacet
  facet normal -9.697385e-001  4.515402e-002 -2.399338e-001
    outer loop
      vertex  3.888442e+001 -1.413002e+001 -8.559405e-001
      vertex  3.881202e+001 -1.517854e+001 -7.606336e-001
      vertex  3.881202e+001 -1.419577e+001 -5.756829e-001
    endloop
  endfacet
  facet normal -9.927295e-001  2.226145e-002 -1.182901e-001
    outer loop
      vertex  3.881202e+001 -1.419577e+001 -5.756829e-001
      vertex  3.881202e+001 -1.517854e+001 -7.606336e-001
      vertex  3.876588e+001 -1.523187e+001 -3.835235e-001
    endloop
  endfacet
  facet normal -9.874808e-001  1.484122e-002 -1.570392e-001
    outer loop
      vertex  3.881202e+001 -1.419577e+001 -5.756829e-001
      vertex  3.876588e+001 -1.523187e+001 -3.835235e-001
      vertex  3.876588e+001 -1.423630e+001 -2.894358e-001
    endloop
  endfacet
  facet normal -9.991434e-001  3.893431e-003 -4.119751e-002
    outer loop
      vertex  3.876588e+001 -1.423630e+001 -2.894358e-001
      vertex  3.876588e+001 -1.523187e+001 -3.835235e-001
      vertex  3.875000e+001 -1.525000e+001  2.935430e-013
    endloop
  endfacet
  facet normal -9.984974e-001 -1.581791e-016 -5.479810e-002
    outer loop
      vertex  3.876588e+001 -1.423630e+001 -2.894358e-001
      vertex  3.875000e+001 -1.525000e+001  2.935430e-013
      vertex  3.875000e+001 -1.425000e+001  2.906564e-013
    endloop
  endfacet
  facet normal -9.541653e-001  2.274641e-001 -1.944957e-001
    outer loop
      vertex  3.990771e+001 -1.347625e+001 -3.663971e+000
      vertex  4.006146e+001 -1.246286e+001 -3.233088e+000
      vertex  4.006146e+001 -1.311274e+001 -3.993125e+000
    endloop
  endfacet
  facet normal -9.554672e-001  2.242851e-001 -1.917775e-001
    outer loop
      vertex  4.006146e+001 -1.311274e+001 -3.993125e+000
      vertex  4.006146e+001 -1.246286e+001 -3.233088e+000
      vertex  4.019764e+001 -1.212012e+001 -3.510700e+000
    endloop
  endfacet
  facet normal -9.639363e-001  2.110413e-001 -1.621366e-001
    outer loop
      vertex  4.006146e+001 -1.311274e+001 -3.993125e+000
      vertex  4.019764e+001 -1.212012e+001 -3.510700e+000
      vertex  4.019764e+001 -1.272935e+001 -4.303692e+000
    endloop
  endfacet
  facet normal -9.690045e-001  1.959033e-001 -1.505066e-001
    outer loop
      vertex  4.019764e+001 -1.272935e+001 -4.303692e+000
      vertex  4.019764e+001 -1.212012e+001 -3.510700e+000
      vertex  4.032048e+001 -1.173038e+001 -3.794315e+000
    endloop
  endfacet
  facet normal -9.744393e-001  1.848931e-001 -1.276030e-001
    outer loop
      vertex  4.019764e+001 -1.272935e+001 -4.303692e+000
      vertex  4.032048e+001 -1.173038e+001 -3.794315e+000
      vertex  4.032048e+001 -1.229838e+001 -4.617335e+000
    endloop
  endfacet
  facet normal -9.815929e-001  1.571858e-001 -1.084810e-001
    outer loop
      vertex  4.032048e+001 -1.229838e+001 -4.617335e+000
      vertex  4.032048e+001 -1.173038e+001 -3.794315e+000
      vertex  4.041584e+001 -1.132041e+001 -4.063145e+000
    endloop
  endfacet
  facet normal -9.845685e-001  1.484842e-001 -9.261330e-002
    outer loop
      vertex  4.032048e+001 -1.229838e+001 -4.617335e+000
      vertex  4.041584e+001 -1.132041e+001 -4.063145e+000
      vertex  4.041584e+001 -1.184962e+001 -4.911612e+000
    endloop
  endfacet
  facet normal -9.916114e-001  1.096711e-001 -6.840463e-002
    outer loop
      vertex  4.041584e+001 -1.184962e+001 -4.911612e+000
      vertex  4.041584e+001 -1.132041e+001 -4.063145e+000
      vertex  4.048062e+001 -1.089306e+001 -4.317023e+000
    endloop
  endfacet
  facet normal -9.928644e-001  1.037641e-001 -5.876505e-002
    outer loop
      vertex  4.041584e+001 -1.184962e+001 -4.911612e+000
      vertex  4.048062e+001 -1.089306e+001 -4.317023e+000
      vertex  4.048062e+001 -1.138583e+001 -5.187138e+000
    endloop
  endfacet
  facet normal -9.980406e-001  5.444441e-002 -3.083368e-002
    outer loop
      vertex  4.048062e+001 -1.138583e+001 -5.187138e+000
      vertex  4.048062e+001 -1.089306e+001 -4.317023e+000
      vertex  4.051208e+001 -1.045147e+001 -4.555712e+000
    endloop
  endfacet
  facet normal -9.983114e-001  5.162002e-002 -2.664073e-002
    outer loop
      vertex  4.048062e+001 -1.138583e+001 -5.187138e+000
      vertex  4.051208e+001 -1.045147e+001 -4.555712e+000
      vertex  4.051208e+001 -1.091006e+001 -5.444308e+000
    endloop
  endfacet
  facet normal -9.999926e-001  3.428024e-003 -1.769179e-003
    outer loop
      vertex  4.051208e+001 -1.091006e+001 -5.444308e+000
      vertex  4.051208e+001 -1.045147e+001 -4.555712e+000
      vertex  4.051338e+001 -1.015082e+001 -4.706269e+000
    endloop
  endfacet
  facet normal -9.999935e-001  3.237306e-003 -1.572979e-003
    outer loop
      vertex  4.051208e+001 -1.091006e+001 -5.444308e+000
      vertex  4.051338e+001 -1.015082e+001 -4.706269e+000
      vertex  4.051338e+001 -1.058784e+001 -5.605681e+000
    endloop
  endfacet
  facet normal -9.989887e-001 -4.044153e-002  1.965020e-002
    outer loop
      vertex  4.051338e+001 -1.058784e+001 -5.605681e+000
      vertex  4.051338e+001 -1.015082e+001 -4.706269e+000
      vertex  4.049823e+001 -9.846410e+000 -4.849885e+000
    endloop
  endfacet
  facet normal -9.991129e-001 -3.828622e-002  1.753338e-002
    outer loop
      vertex  4.051338e+001 -1.058784e+001 -5.605681e+000
      vertex  4.049823e+001 -9.846410e+000 -4.849885e+000
      vertex  4.049823e+001 -1.026277e+001 -5.759054e+000
    endloop
  endfacet
  facet normal -9.954708e-001 -8.643480e-002  3.958328e-002
    outer loop
      vertex  4.049823e+001 -1.026277e+001 -5.759054e+000
      vertex  4.049823e+001 -9.846410e+000 -4.849885e+000
      vertex  4.046614e+001 -9.539354e+000 -4.986494e+000
    endloop
  endfacet
  facet normal -9.959989e-001 -8.203619e-002  3.544255e-002
    outer loop
      vertex  4.049823e+001 -1.026277e+001 -5.759054e+000
      vertex  4.046614e+001 -9.539354e+000 -4.986494e+000
      vertex  4.046614e+001 -9.935952e+000 -5.904469e+000
    endloop
  endfacet
  facet normal -9.892543e-001 -1.342150e-001  5.798564e-002
    outer loop
      vertex  4.046614e+001 -9.935952e+000 -5.904469e+000
      vertex  4.046614e+001 -9.539354e+000 -4.986494e+000
      vertex  4.041668e+001 -9.230819e+000 -5.116047e+000
    endloop
  endfacet
  facet normal -9.904417e-001 -1.277149e-001  5.209781e-002
    outer loop
      vertex  4.046614e+001 -9.935952e+000 -5.904469e+000
      vertex  4.041668e+001 -9.230819e+000 -5.116047e+000
      vertex  4.041668e+001 -9.608522e+000 -6.041967e+000
    endloop
  endfacet
  facet normal -9.801876e-001 -1.833993e-001  7.481273e-002
    outer loop
      vertex  4.041668e+001 -9.608522e+000 -6.041967e+000
      vertex  4.041668e+001 -9.230819e+000 -5.116047e+000
      vertex  4.034956e+001 -8.922012e+000 -5.238518e+000
    endloop
  endfacet
  facet normal -9.822593e-001 -1.749795e-001  6.744530e-002
    outer loop
      vertex  4.041668e+001 -9.608522e+000 -6.041967e+000
      vertex  4.034956e+001 -8.922012e+000 -5.238518e+000
      vertex  4.034956e+001 -9.281667e+000 -6.171602e+000
    endloop
  endfacet
  facet normal -9.681362e-001 -2.336672e-001  9.006627e-002
    outer loop
      vertex  4.034956e+001 -9.281667e+000 -6.171602e+000
      vertex  4.034956e+001 -8.922012e+000 -5.238518e+000
      vertex  4.026453e+001 -8.614191e+000 -5.353905e+000
    endloop
  endfacet
  facet normal -9.712836e-001 -2.235408e-001  8.147293e-002
    outer loop
      vertex  4.034956e+001 -9.281667e+000 -6.171602e+000
      vertex  4.026453e+001 -8.614191e+000 -5.353905e+000
      vertex  4.026453e+001 -8.956622e+000 -6.293448e+000
    endloop
  endfacet
  facet normal  -0.000000e+000 -6.712120e-001 -7.412655e-001
    outer loop
      vertex  4.006146e+001 -1.311274e+001 -3.993125e+000
      vertex  4.090771e+001 -1.347625e+001 -3.663971e+000
      vertex  3.990771e+001 -1.347625e+001 -3.663971e+000
    endloop
  endfacet
  facet normal  0.000000e+000 -7.149747e-001 -6.991503e-001
    outer loop
      vertex  3.990771e+001 -1.347625e+001 -3.663971e+000
      vertex  4.090771e+001 -1.347625e+001 -3.663971e+000
      vertex  4.074006e+001 -1.381771e+001 -3.314780e+000
    endloop
  endfacet
  facet normal  -0.000000e+000 -7.149747e-001 -6.991503e-001
    outer loop
      vertex  3.990771e+001 -1.347625e+001 -3.663971e+000
      vertex  4.074006e+001 -1.381771e+001 -3.314780e+000
      vertex  3.974006e+001 -1.381771e+001 -3.314780e+000
    endloop
  endfacet
  facet normal  0.000000e+000 -7.604749e-001 -6.493675e-001
    outer loop
      vertex  3.974006e+001 -1.381771e+001 -3.314780e+000
      vertex  4.074006e+001 -1.381771e+001 -3.314780e+000
      vertex  4.056290e+001 -1.413470e+001 -2.943554e+000
    endloop
  endfacet
  facet normal  -0.000000e+000 -7.604749e-001 -6.493675e-001
    outer loop
      vertex  3.974006e+001 -1.381771e+001 -3.314780e+000
      vertex  4.056290e+001 -1.413470e+001 -2.943554e+000
      vertex  3.956290e+001 -1.413470e+001 -2.943554e+000
    endloop
  endfacet
  facet normal  0.000000e+000 -8.072425e-001 -5.902200e-001
    outer loop
      vertex  3.956290e+001 -1.413470e+001 -2.943554e+000
      vertex  4.056290e+001 -1.413470e+001 -2.943554e+000
      vertex  4.038177e+001 -1.442415e+001 -2.547673e+000
    endloop
  endfacet
  facet normal  -0.000000e+000 -8.072425e-001 -5.902200e-001
    outer loop
      vertex  3.956290e+001 -1.413470e+001 -2.943554e+000
      vertex  4.038177e+001 -1.442415e+001 -2.547673e+000
      vertex  3.938177e+001 -1.442415e+001 -2.547673e+000
    endloop
  endfacet
  facet normal  0.000000e+000 -8.543237e-001 -5.197412e-001
    outer loop
      vertex  3.938177e+001 -1.442415e+001 -2.547673e+000
      vertex  4.038177e+001 -1.442415e+001 -2.547673e+000
      vertex  4.020374e+001 -1.468200e+001 -2.123827e+000
    endloop
  endfacet
  facet normal  -0.000000e+000 -8.543237e-001 -5.197412e-001
    outer loop
      vertex  3.938177e+001 -1.442415e+001 -2.547673e+000
      vertex  4.020374e+001 -1.468200e+001 -2.123827e+000
      vertex  3.920374e+001 -1.468200e+001 -2.123827e+000
    endloop
  endfacet
  facet normal  0.000000e+000 -8.931710e-001 -4.497172e-001
    outer loop
      vertex  3.920374e+001 -1.468200e+001 -2.123827e+000
      vertex  4.020374e+001 -1.468200e+001 -2.123827e+000
      vertex  4.008585e+001 -1.484066e+001 -1.808726e+000
    endloop
  endfacet
  facet normal  -0.000000e+000 -8.931710e-001 -4.497172e-001
    outer loop
      vertex  3.920374e+001 -1.468200e+001 -2.123827e+000
      vertex  4.008585e+001 -1.484066e+001 -1.808726e+000
      vertex  3.908585e+001 -1.484066e+001 -1.808726e+000
    endloop
  endfacet
  facet normal  0.000000e+000 -9.234788e-001 -3.836495e-001
    outer loop
      vertex  3.908585e+001 -1.484066e+001 -1.808726e+000
      vertex  4.008585e+001 -1.484066e+001 -1.808726e+000
      vertex  3.997765e+001 -1.497884e+001 -1.476120e+000
    endloop
  endfacet
  facet normal  -0.000000e+000 -9.234788e-001 -3.836495e-001
    outer loop
      vertex  3.908585e+001 -1.484066e+001 -1.808726e+000
      vertex  3.997765e+001 -1.497884e+001 -1.476120e+000
      vertex  3.897765e+001 -1.497884e+001 -1.476120e+000
    endloop
  endfacet
  facet normal  0.000000e+000 -9.508180e-001 -3.097501e-001
    outer loop
      vertex  3.897765e+001 -1.497884e+001 -1.476120e+000
      vertex  3.997765e+001 -1.497884e+001 -1.476120e+000
      vertex  3.988442e+001 -1.509287e+001 -1.126081e+000
    endloop
  endfacet
  facet normal  -0.000000e+000 -9.508180e-001 -3.097501e-001
    outer loop
      vertex  3.897765e+001 -1.497884e+001 -1.476120e+000
      vertex  3.988442e+001 -1.509287e+001 -1.126081e+000
      vertex  3.888442e+001 -1.509287e+001 -1.126081e+000
    endloop
  endfacet
  facet normal  0.000000e+000 -9.736080e-001 -2.282265e-001
    outer loop
      vertex  3.888442e+001 -1.509287e+001 -1.126081e+000
      vertex  3.988442e+001 -1.509287e+001 -1.126081e+000
      vertex  3.981202e+001 -1.517854e+001 -7.606336e-001
    endloop
  endfacet
  facet normal  -0.000000e+000 -9.736080e-001 -2.282265e-001
    outer loop
      vertex  3.888442e+001 -1.509287e+001 -1.126081e+000
      vertex  3.981202e+001 -1.517854e+001 -7.606336e-001
      vertex  3.881202e+001 -1.517854e+001 -7.606336e-001
    endloop
  endfacet
  facet normal  0.000000e+000 -9.901459e-001 -1.400401e-001
    outer loop
      vertex  3.881202e+001 -1.517854e+001 -7.606336e-001
      vertex  3.981202e+001 -1.517854e+001 -7.606336e-001
      vertex  3.976588e+001 -1.523187e+001 -3.835235e-001
    endloop
  endfacet
  facet normal  -0.000000e+000 -9.901459e-001 -1.400401e-001
    outer loop
      vertex  3.881202e+001 -1.517854e+001 -7.606336e-001
      vertex  3.976588e+001 -1.523187e+001 -3.835235e-001
      vertex  3.876588e+001 -1.523187e+001 -3.835235e-001
    endloop
  endfacet
  facet normal  0.000000e+000 -9.988847e-001 -4.721530e-002
    outer loop
      vertex  3.876588e+001 -1.523187e+001 -3.835235e-001
      vertex  3.976588e+001 -1.523187e+001 -3.835235e-001
      vertex  3.975000e+001 -1.525000e+001  2.935430e-013
    endloop
  endfacet
  facet normal  -0.000000e+000 -9.988847e-001 -4.721530e-002
    outer loop
      vertex  3.876588e+001 -1.523187e+001 -3.835235e-001
      vertex  3.975000e+001 -1.525000e+001  2.935430e-013
      vertex  3.875000e+001 -1.525000e+001  2.935430e-013
    endloop
  endfacet
  facet normal  0.000000e+000 -6.712120e-001 -7.412655e-001
    outer loop
      vertex  4.090771e+001 -1.347625e+001 -3.663971e+000
      vertex  4.006146e+001 -1.311274e+001 -3.993125e+000
      vertex  4.106146e+001 -1.311274e+001 -3.993125e+000
    endloop
  endfacet
  facet normal  -0.000000e+000 -6.294436e-001 -7.770461e-001
    outer loop
      vertex  4.106146e+001 -1.311274e+001 -3.993125e+000
      vertex  4.006146e+001 -1.311274e+001 -3.993125e+000
      vertex  4.019764e+001 -1.272935e+001 -4.303692e+000
    endloop
  endfacet
  facet normal  0.000000e+000 -6.294436e-001 -7.770461e-001
    outer loop
      vertex  4.106146e+001 -1.311274e+001 -3.993125e+000
      vertex  4.019764e+001 -1.272935e+001 -4.303692e+000
      vertex  4.119764e+001 -1.272935e+001 -4.303692e+000
    endloop
  endfacet
  facet normal  -0.000000e+000 -5.884326e-001 -8.085462e-001
    outer loop
      vertex  4.119764e+001 -1.272935e+001 -4.303692e+000
      vertex  4.019764e+001 -1.272935e+001 -4.303692e+000
      vertex  4.032048e+001 -1.229838e+001 -4.617335e+000
    endloop
  endfacet
  facet normal  0.000000e+000 -5.884326e-001 -8.085462e-001
    outer loop
      vertex  4.119764e+001 -1.272935e+001 -4.303692e+000
      vertex  4.032048e+001 -1.229838e+001 -4.617335e+000
      vertex  4.132048e+001 -1.229838e+001 -4.617335e+000
    endloop
  endfacet
  facet normal  -0.000000e+000 -5.483639e-001 -8.362398e-001
    outer loop
      vertex  4.132048e+001 -1.229838e+001 -4.617335e+000
      vertex  4.032048e+001 -1.229838e+001 -4.617335e+000
      vertex  4.041584e+001 -1.184962e+001 -4.911612e+000
    endloop
  endfacet
  facet normal  0.000000e+000 -5.483639e-001 -8.362398e-001
    outer loop
      vertex  4.132048e+001 -1.229838e+001 -4.617335e+000
      vertex  4.041584e+001 -1.184962e+001 -4.911612e+000
      vertex  4.141584e+001 -1.184962e+001 -4.911612e+000
    endloop
  endfacet
  facet normal  -0.000000e+000 -5.107523e-001 -8.597279e-001
    outer loop
      vertex  4.141584e+001 -1.184962e+001 -4.911612e+000
      vertex  4.041584e+001 -1.184962e+001 -4.911612e+000
      vertex  4.048062e+001 -1.138583e+001 -5.187138e+000
    endloop
  endfacet
  facet normal  0.000000e+000 -5.107523e-001 -8.597279e-001
    outer loop
      vertex  4.141584e+001 -1.184962e+001 -4.911612e+000
      vertex  4.048062e+001 -1.138583e+001 -5.187138e+000
      vertex  4.148062e+001 -1.138583e+001 -5.187138e+000
    endloop
  endfacet
  facet normal  -0.000000e+000 -4.755117e-001 -8.797094e-001
    outer loop
      vertex  4.148062e+001 -1.138583e+001 -5.187138e+000
      vertex  4.048062e+001 -1.138583e+001 -5.187138e+000
      vertex  4.051208e+001 -1.091006e+001 -5.444308e+000
    endloop
  endfacet
  facet normal  0.000000e+000 -4.755117e-001 -8.797094e-001
    outer loop
      vertex  4.148062e+001 -1.138583e+001 -5.187138e+000
      vertex  4.051208e+001 -1.091006e+001 -5.444308e+000
      vertex  4.151208e+001 -1.091006e+001 -5.444308e+000
    endloop
  endfacet
  facet normal  -0.000000e+000 -4.477883e-001 -8.941396e-001
    outer loop
      vertex  4.151208e+001 -1.091006e+001 -5.444308e+000
      vertex  4.051208e+001 -1.091006e+001 -5.444308e+000
      vertex  4.051338e+001 -1.058784e+001 -5.605681e+000
    endloop
  endfacet
  facet normal  0.000000e+000 -4.477883e-001 -8.941396e-001
    outer loop
      vertex  4.151208e+001 -1.091006e+001 -5.444308e+000
      vertex  4.051338e+001 -1.058784e+001 -5.605681e+000
      vertex  4.151338e+001 -1.058784e+001 -5.605681e+000
    endloop
  endfacet
  facet normal  -0.000000e+000 -4.267096e-001 -9.043887e-001
    outer loop
      vertex  4.151338e+001 -1.058784e+001 -5.605681e+000
      vertex  4.051338e+001 -1.058784e+001 -5.605681e+000
      vertex  4.049823e+001 -1.026277e+001 -5.759054e+000
    endloop
  endfacet
  facet normal  0.000000e+000 -4.267096e-001 -9.043887e-001
    outer loop
      vertex  4.151338e+001 -1.058784e+001 -5.605681e+000
      vertex  4.049823e+001 -1.026277e+001 -5.759054e+000
      vertex  4.149823e+001 -1.026277e+001 -5.759054e+000
    endloop
  endfacet
  facet normal  -0.000000e+000 -4.065179e-001 -9.136428e-001
    outer loop
      vertex  4.149823e+001 -1.026277e+001 -5.759054e+000
      vertex  4.049823e+001 -1.026277e+001 -5.759054e+000
      vertex  4.046614e+001 -9.935952e+000 -5.904469e+000
    endloop
  endfacet
  facet normal  0.000000e+000 -4.065179e-001 -9.136428e-001
    outer loop
      vertex  4.149823e+001 -1.026277e+001 -5.759054e+000
      vertex  4.046614e+001 -9.935952e+000 -5.904469e+000
      vertex  4.146614e+001 -9.935952e+000 -5.904469e+000
    endloop
  endfacet
  facet normal  -0.000000e+000 -3.871795e-001 -9.220043e-001
    outer loop
      vertex  4.146614e+001 -9.935952e+000 -5.904469e+000
      vertex  4.046614e+001 -9.935952e+000 -5.904469e+000
      vertex  4.041668e+001 -9.608522e+000 -6.041967e+000
    endloop
  endfacet
  facet normal  0.000000e+000 -3.871795e-001 -9.220043e-001
    outer loop
      vertex  4.146614e+001 -9.935952e+000 -5.904469e+000
      vertex  4.041668e+001 -9.608522e+000 -6.041967e+000
      vertex  4.141668e+001 -9.608522e+000 -6.041967e+000
    endloop
  endfacet
  facet normal  -0.000000e+000 -3.686752e-001 -9.295582e-001
    outer loop
      vertex  4.141668e+001 -9.608522e+000 -6.041967e+000
      vertex  4.041668e+001 -9.608522e+000 -6.041967e+000
      vertex  4.034956e+001 -9.281667e+000 -6.171602e+000
    endloop
  endfacet
  facet normal  0.000000e+000 -3.686752e-001 -9.295582e-001
    outer loop
      vertex  4.141668e+001 -9.608522e+000 -6.041967e+000
      vertex  4.034956e+001 -9.281667e+000 -6.171602e+000
      vertex  4.134956e+001 -9.281667e+000 -6.171602e+000
    endloop
  endfacet
  facet normal  -0.000000e+000 -3.510072e-001 -9.363728e-001
    outer loop
      vertex  4.134956e+001 -9.281667e+000 -6.171602e+000
      vertex  4.034956e+001 -9.281667e+000 -6.171602e+000
      vertex  4.026453e+001 -8.956622e+000 -6.293448e+000
    endloop
  endfacet
  facet normal  0.000000e+000 -3.510072e-001 -9.363728e-001
    outer loop
      vertex  4.134956e+001 -9.281667e+000 -6.171602e+000
      vertex  4.026453e+001 -8.956622e+000 -6.293448e+000
      vertex  4.126453e+001 -8.956622e+000 -6.293448e+000
    endloop
  endfacet
  facet normal -9.991851e-001 -4.034548e-002  1.124660e-003
    outer loop
      vertex  3.701680e+001 -2.328309e-001 -6.749241e+000
      vertex  3.704057e+001 -8.489726e-001 -7.738280e+000
      vertex  3.704057e+001 -8.211076e-001 -6.738665e+000
    endloop
  endfacet
  facet normal -9.965875e-001 -8.251190e-002  2.300080e-003
    outer loop
      vertex  3.704057e+001 -8.211076e-001 -6.738665e+000
      vertex  3.704057e+001 -8.489726e-001 -7.738280e+000
      vertex  3.709085e+001 -1.455590e+000 -7.715246e+000
    endloop
  endfacet
  facet normal -9.963519e-001 -8.524231e-002  4.086148e-003
    outer loop
      vertex  3.704057e+001 -8.211076e-001 -6.738665e+000
      vertex  3.709085e+001 -1.455590e+000 -7.715246e+000
      vertex  3.709085e+001 -1.407709e+000 -6.716392e+000
    endloop
  endfacet
  facet normal -9.920598e-001 -1.256230e-001  6.021823e-003
    outer loop
      vertex  3.709085e+001 -1.407709e+000 -6.716392e+000
      vertex  3.709085e+001 -1.455590e+000 -7.715246e+000
      vertex  3.716749e+001 -2.059184e+000 -7.680199e+000
    endloop
  endfacet
  facet normal -9.915106e-001 -1.297254e-001  8.838468e-003
    outer loop
      vertex  3.709085e+001 -1.407709e+000 -6.716392e+000
      vertex  3.716749e+001 -2.059184e+000 -7.680199e+000
      vertex  3.716749e+001 -1.991209e+000 -6.682511e+000
    endloop
  endfacet
  facet normal -9.856892e-001 -1.681827e-001  1.145865e-002
    outer loop
      vertex  3.716749e+001 -1.991209e+000 -6.682511e+000
      vertex  3.716749e+001 -2.059184e+000 -7.680199e+000
      vertex  3.727027e+001 -2.658336e+000 -7.633275e+000
    endloop
  endfacet
  facet normal -9.846965e-001 -1.735991e-001  1.536650e-002
    outer loop
      vertex  3.716749e+001 -1.991209e+000 -6.682511e+000
      vertex  3.727027e+001 -2.658336e+000 -7.633275e+000
      vertex  3.727027e+001 -2.570164e+000 -6.637169e+000
    endloop
  endfacet
  facet normal -9.775274e-001 -2.099875e-001  1.858750e-002
    outer loop
      vertex  3.727027e+001 -2.570164e+000 -6.637169e+000
      vertex  3.727027e+001 -2.658336e+000 -7.633275e+000
      vertex  3.739883e+001 -3.251612e+000 -7.574663e+000
    endloop
  endfacet
  facet normal -9.759627e-001 -2.166514e-001  2.364596e-002
    outer loop
      vertex  3.727027e+001 -2.570164e+000 -6.637169e+000
      vertex  3.739883e+001 -3.251612e+000 -7.574663e+000
      vertex  3.739883e+001 -3.143114e+000 -6.580566e+000
    endloop
  endfacet
  facet normal -9.672180e-001 -2.524486e-001  2.755297e-002
    outer loop
      vertex  3.739883e+001 -3.143114e+000 -6.580566e+000
      vertex  3.739883e+001 -3.251612e+000 -7.574663e+000
      vertex  3.756579e+001 -3.883006e+000 -7.498664e+000
    endloop
  endfacet
  facet normal -9.649245e-001 -2.602799e-001  3.428122e-002
    outer loop
      vertex  3.739883e+001 -3.143114e+000 -6.580566e+000
      vertex  3.756579e+001 -3.883006e+000 -7.498664e+000
      vertex  3.756579e+001 -3.752424e+000 -6.507226e+000
    endloop
  endfacet
  facet normal -9.546403e-001 -2.952119e-001  3.888209e-002
    outer loop
      vertex  3.756579e+001 -3.752424e+000 -6.507226e+000
      vertex  3.756579e+001 -3.883006e+000 -7.498664e+000
      vertex  3.776155e+001 -4.504352e+000 -7.409734e+000
    endloop
  endfacet
  facet normal -9.514481e-001 -3.041913e-001  4.705574e-002
    outer loop
      vertex  3.756579e+001 -3.752424e+000 -6.507226e+000
      vertex  3.776155e+001 -4.504352e+000 -7.409734e+000
      vertex  3.776155e+001 -4.351479e+000 -6.421488e+000
    endloop
  endfacet
  facet normal -9.402547e-001 -3.364697e-001  5.204893e-002
    outer loop
      vertex  3.776155e+001 -4.351479e+000 -6.421488e+000
      vertex  3.776155e+001 -4.504352e+000 -7.409734e+000
      vertex  3.798540e+001 -5.114192e+000 -7.308293e+000
    endloop
  endfacet
  facet normal -9.360210e-001 -3.464875e-001  6.173358e-002
    outer loop
      vertex  3.776155e+001 -4.351479e+000 -6.421488e+000
      vertex  3.798540e+001 -5.114192e+000 -7.308293e+000
      vertex  3.798540e+001 -4.938785e+000 -6.323797e+000
    endloop
  endfacet
  facet normal -9.241799e-001 -3.760356e-001  6.699816e-002
    outer loop
      vertex  3.798540e+001 -4.938785e+000 -6.323797e+000
      vertex  3.798540e+001 -5.114192e+000 -7.308293e+000
      vertex  3.823652e+001 -5.711153e+000 -7.194815e+000
    endloop
  endfacet
  facet normal -9.187645e-001 -3.869722e-001  7.825737e-002
    outer loop
      vertex  3.798540e+001 -4.938785e+000 -6.323797e+000
      vertex  3.823652e+001 -5.711153e+000 -7.194815e+000
      vertex  3.823652e+001 -5.512936e+000 -6.214656e+000
    endloop
  endfacet
  facet normal -9.065405e-001 -4.137433e-001  8.367129e-002
    outer loop
      vertex  3.823652e+001 -5.512936e+000 -6.214656e+000
      vertex  3.823652e+001 -5.711153e+000 -7.194815e+000
      vertex  3.851405e+001 -6.293948e+000 -7.069819e+000
    endloop
  endfacet
  facet normal -8.998063e-001 -4.254690e-001  9.656568e-002
    outer loop
      vertex  3.823652e+001 -5.512936e+000 -6.214656e+000
      vertex  3.851405e+001 -6.293948e+000 -7.069819e+000
      vertex  3.851405e+001 -6.072614e+000 -6.094621e+000
    endloop
  endfacet
  facet normal -8.874523e-001 -4.494683e-001  1.020126e-001
    outer loop
      vertex  3.851405e+001 -6.072614e+000 -6.094621e+000
      vertex  3.851405e+001 -6.293948e+000 -7.069819e+000
      vertex  3.881706e+001 -6.861377e+000 -6.933875e+000
    endloop
  endfacet
  facet normal -8.792635e-001 -4.618442e-001  1.166006e-001
    outer loop
      vertex  3.851405e+001 -6.072614e+000 -6.094621e+000
      vertex  3.881706e+001 -6.861377e+000 -6.933875e+000
      vertex  3.881706e+001 -6.616590e+000 -5.964297e+000
    endloop
  endfacet
  facet normal -8.670436e-001 -4.830748e-001  1.219607e-001
    outer loop
      vertex  3.881706e+001 -6.616590e+000 -5.964297e+000
      vertex  3.881706e+001 -6.861377e+000 -6.933875e+000
      vertex  3.914460e+001 -7.412331e+000 -6.787592e+000
    endloop
  endfacet
  facet normal -8.572672e-001 -4.959509e-001  1.382952e-001
    outer loop
      vertex  3.881706e+001 -6.616590e+000 -5.964297e+000
      vertex  3.914460e+001 -7.412331e+000 -6.787592e+000
      vertex  3.914460e+001 -7.143729e+000 -5.824341e+000
    endloop
  endfacet
  facet normal -8.454298e-001 -5.144595e-001  1.434564e-001
    outer loop
      vertex  3.914460e+001 -7.143729e+000 -5.824341e+000
      vertex  3.914460e+001 -7.412331e+000 -6.787592e+000
      vertex  3.949569e+001 -7.945791e+000 -6.631626e+000
    endloop
  endfacet
  facet normal -8.339351e-001 -5.276760e-001  1.615864e-001
    outer loop
      vertex  3.914460e+001 -7.143729e+000 -5.824341e+000
      vertex  3.949569e+001 -7.945791e+000 -6.631626e+000
      vertex  3.949569e+001 -7.652989e+000 -5.675453e+000
    endloop
  endfacet
  facet normal -8.227183e-001 -5.435357e-001  1.664430e-001
    outer loop
      vertex  3.949569e+001 -7.652989e+000 -5.675453e+000
      vertex  3.949569e+001 -7.945791e+000 -6.631626e+000
      vertex  3.986932e+001 -8.460832e+000 -6.466668e+000
    endloop
  endfacet
  facet normal -8.093767e-001 -5.569208e-001  1.864097e-001
    outer loop
      vertex  3.949569e+001 -7.652989e+000 -5.675453e+000
      vertex  3.986932e+001 -8.460832e+000 -6.466668e+000
      vertex  3.986932e+001 -8.143425e+000 -5.518378e+000
    endloop
  endfacet
  facet normal -7.990114e-001 -5.702215e-001  1.908617e-001
    outer loop
      vertex  3.986932e+001 -8.143425e+000 -5.518378e+000
      vertex  3.986932e+001 -8.460832e+000 -6.466668e+000
      vertex  4.026453e+001 -8.956622e+000 -6.293448e+000
    endloop
  endfacet
  facet normal -7.836959e-001 -5.835921e-001  2.126993e-001
    outer loop
      vertex  3.986932e+001 -8.143425e+000 -5.518378e+000
      vertex  4.026453e+001 -8.956622e+000 -6.293448e+000
      vertex  4.026453e+001 -8.614191e+000 -5.353905e+000
    endloop
  endfacet
  facet normal -9.992377e-001 -3.903724e-002  3.084051e-004
    outer loop
      vertex  3.704057e+001 -8.489726e-001 -7.738280e+000
      vertex  3.701680e+001 -2.328309e-001 -6.749241e+000
      vertex  3.701680e+001 -2.407310e-001 -7.749215e+000
    endloop
  endfacet
  facet normal -9.999888e-001  4.731563e-003 -3.738068e-005
    outer loop
      vertex  3.701680e+001 -2.407310e-001 -7.749215e+000
      vertex  3.701680e+001 -2.328309e-001 -6.749241e+000
      vertex  3.701959e+001  3.557147e-001 -6.748082e+000
    endloop
  endfacet
  facet normal -9.999895e-001  4.576314e-003  5.511478e-005
    outer loop
      vertex  3.701680e+001 -2.407310e-001 -7.749215e+000
      vertex  3.701959e+001  3.557147e-001 -6.748082e+000
      vertex  3.701959e+001  3.677574e-001 -7.748016e+000
    endloop
  endfacet
  facet normal -9.987592e-001  4.979781e-002  5.997393e-004
    outer loop
      vertex  3.701959e+001  3.677574e-001 -7.748016e+000
      vertex  3.701959e+001  3.557147e-001 -6.748082e+000
      vertex  3.704889e+001  9.431462e-001 -6.735202e+000
    endloop
  endfacet
  facet normal -9.988392e-001  4.814493e-002  1.541071e-003
    outer loop
      vertex  3.701959e+001  3.677574e-001 -7.748016e+000
      vertex  3.704889e+001  9.431462e-001 -6.735202e+000
      vertex  3.704889e+001  9.751391e-001 -7.734700e+000
    endloop
  endfacet
  facet normal -9.955091e-001  9.461738e-002  3.028608e-003
    outer loop
      vertex  3.704889e+001  9.751391e-001 -7.734700e+000
      vertex  3.704889e+001  9.431462e-001 -6.735202e+000
      vertex  3.710456e+001  1.528106e+000 -6.710669e+000
    endloop
  endfacet
  facet normal -9.957991e-001  9.144104e-002  4.759576e-003
    outer loop
      vertex  3.704889e+001  9.751391e-001 -7.734700e+000
      vertex  3.710456e+001  1.528106e+000 -6.710669e+000
      vertex  3.710456e+001  1.580087e+000 -7.709328e+000
    endloop
  endfacet
  facet normal -9.902674e-001  1.389900e-001  7.234537e-003
    outer loop
      vertex  3.710456e+001  1.580087e+000 -7.709328e+000
      vertex  3.710456e+001  1.528106e+000 -6.710669e+000
      vertex  3.718639e+001  2.109266e+000 -6.674595e+000
    endloop
  endfacet
  facet normal -9.908972e-001  1.342712e-001  9.697600e-003
    outer loop
      vertex  3.710456e+001  1.580087e+000 -7.709328e+000
      vertex  3.718639e+001  2.109266e+000 -6.674595e+000
      vertex  3.718639e+001  2.181304e+000 -7.672010e+000
    endloop
  endfacet
  facet normal -9.830762e-001  1.827213e-001  1.319686e-002
    outer loop
      vertex  3.718639e+001  2.181304e+000 -7.672010e+000
      vertex  3.718639e+001  2.109266e+000 -6.674595e+000
      vertex  3.729410e+001  2.685329e+000 -6.627148e+000
    endloop
  endfacet
  facet normal -9.841745e-001  1.764473e-001  1.633659e-002
    outer loop
      vertex  3.718639e+001  2.181304e+000 -7.672010e+000
      vertex  3.729410e+001  2.685329e+000 -6.627148e+000
      vertex  3.729410e+001  2.777522e+000 -7.622902e+000
    endloop
  endfacet
  facet normal -9.739934e-001  2.256116e-001  2.088853e-002
    outer loop
      vertex  3.729410e+001  2.777522e+000 -7.622902e+000
      vertex  3.729410e+001  2.685329e+000 -6.627148e+000
      vertex  3.742732e+001  3.255033e+000 -6.568536e+000
    endloop
  endfacet
  facet normal -9.756874e-001  2.177760e-001  2.465122e-002
    outer loop
      vertex  3.729410e+001  2.777522e+000 -7.622902e+000
      vertex  3.742732e+001  3.255033e+000 -6.568536e+000
      vertex  3.742732e+001  3.367511e+000 -7.562203e+000
    endloop
  endfacet
  facet normal -9.630864e-001  2.674839e-001  3.027792e-002
    outer loop
      vertex  3.742732e+001  3.367511e+000 -7.562203e+000
      vertex  3.742732e+001  3.255033e+000 -6.568536e+000
      vertex  3.758562e+001  3.817151e+000 -6.499017e+000
    endloop
  endfacet
  facet normal -9.655020e-001  2.580854e-001  3.461238e-002
    outer loop
      vertex  3.742732e+001  3.367511e+000 -7.562203e+000
      vertex  3.758562e+001  3.817151e+000 -6.499017e+000
      vertex  3.758562e+001  3.950075e+000 -7.490157e+000
    endloop
  endfacet
  facet normal -9.490750e-001  3.122545e-001  4.187712e-002
    outer loop
      vertex  3.758562e+001  3.950075e+000 -7.490157e+000
      vertex  3.758562e+001  3.817151e+000 -6.499017e+000
      vertex  3.780801e+001  4.480014e+000 -6.401628e+000
    endloop
  endfacet
  facet normal -9.524271e-001  3.009525e-001  4.806420e-002
    outer loop
      vertex  3.758562e+001  3.950075e+000 -7.490157e+000
      vertex  3.780801e+001  4.480014e+000 -6.401628e+000
      vertex  3.780801e+001  4.637724e+000 -7.389124e+000
    endloop
  endfacet
  facet normal -9.315115e-001  3.591605e-001  5.736041e-002
    outer loop
      vertex  3.780801e+001  4.637724e+000 -7.389124e+000
      vertex  3.780801e+001  4.480014e+000 -6.401628e+000
      vertex  3.806486e+001  5.128283e+000 -6.289576e+000
    endloop
  endfacet
  facet normal -9.360535e-001  3.459277e-001  6.432514e-002
    outer loop
      vertex  3.780801e+001  4.637724e+000 -7.389124e+000
      vertex  3.806486e+001  5.128283e+000 -6.289576e+000
      vertex  3.806486e+001  5.311100e+000 -7.272731e+000
    endloop
  endfacet
  facet normal -9.117259e-001  4.038760e-001  7.510059e-002
    outer loop
      vertex  3.806486e+001  5.311100e+000 -7.272731e+000
      vertex  3.806486e+001  5.128283e+000 -6.289576e+000
      vertex  3.835512e+001  5.760086e+000 -6.163554e+000
    endloop
  endfacet
  facet normal -9.176303e-001  3.887182e-001  8.278143e-002
    outer loop
      vertex  3.806486e+001  5.311100e+000 -7.272731e+000
      vertex  3.835512e+001  5.760086e+000 -6.163554e+000
      vertex  3.835512e+001  5.968377e+000 -7.141627e+000
    endloop
  endfacet
  facet normal -8.898827e-001  4.461840e-001  9.501936e-002
    outer loop
      vertex  3.835512e+001  5.968377e+000 -7.141627e+000
      vertex  3.835512e+001  5.760086e+000 -6.163554e+000
      vertex  3.867762e+001  6.373654e+000 -6.024339e+000
    endloop
  endfacet
  facet normal -8.973186e-001  4.291109e-001  1.033587e-001
    outer loop
      vertex  3.835512e+001  5.968377e+000 -7.141627e+000
      vertex  3.867762e+001  6.373654e+000 -6.024339e+000
      vertex  3.867762e+001  6.607825e+000 -6.996539e+000
    endloop
  endfacet
  facet normal -8.661416e-001  4.859022e-001  1.170379e-001
    outer loop
      vertex  3.867762e+001  6.607825e+000 -6.996539e+000
      vertex  3.867762e+001  6.373654e+000 -6.024339e+000
      vertex  3.903115e+001  6.967329e+000 -5.872792e+000
    endloop
  endfacet
  facet normal -8.752760e-001  4.669266e-001  1.259821e-001
    outer loop
      vertex  3.867762e+001  6.607825e+000 -6.996539e+000
      vertex  3.903115e+001  6.967329e+000 -5.872792e+000
      vertex  3.903115e+001  7.227826e+000 -6.838269e+000
    endloop
  endfacet
  facet normal -8.406703e-001  5.228502e-001  1.410710e-001
    outer loop
      vertex  3.903115e+001  7.227826e+000 -6.838269e+000
      vertex  3.903115e+001  6.967329e+000 -5.872792e+000
      vertex  3.941439e+001  7.539567e+000 -5.709849e+000
    endloop
  endfacet
  facet normal -8.516666e-001  5.019892e-001  1.505688e-001
    outer loop
      vertex  3.903115e+001  7.227826e+000 -6.838269e+000
      vertex  3.941439e+001  7.539567e+000 -5.709849e+000
      vertex  3.941439e+001  7.826867e+000 -6.667691e+000
    endloop
  endfacet
  facet normal -8.136312e-001  5.568708e-001  1.670302e-001
    outer loop
      vertex  3.941439e+001  7.826867e+000 -6.667691e+000
      vertex  3.941439e+001  7.539567e+000 -5.709849e+000
      vertex  3.982599e+001  8.088951e+000 -5.536525e+000
    endloop
  endfacet
  facet normal -8.266497e-001  5.341439e-001  1.770329e-001
    outer loop
      vertex  3.941439e+001  7.826867e+000 -6.667691e+000
      vertex  3.982599e+001  8.088951e+000 -5.536525e+000
      vertex  3.982599e+001  8.403555e+000 -6.485748e+000
    endloop
  endfacet
  facet normal -7.851765e-001  5.878273e-001  1.948254e-001
    outer loop
      vertex  3.982599e+001  8.403555e+000 -6.485748e+000
      vertex  3.982599e+001  8.088951e+000 -5.536525e+000
      vertex  4.026453e+001  8.614191e+000 -5.353905e+000
    endloop
  endfacet
  facet normal -8.003755e-001  5.632551e-001  2.052871e-001
    outer loop
      vertex  3.982599e+001  8.403555e+000 -6.485748e+000
      vertex  4.026453e+001  8.614191e+000 -5.353905e+000
      vertex  4.026453e+001  8.956622e+000 -6.293448e+000
    endloop
  endfacet
  facet normal  -0.000000e+000 -1.797487e-002 -9.998384e-001
    outer loop
      vertex  3.701680e+001 -2.407310e-001 -7.749215e+000
      vertex  3.804057e+001 -8.489726e-001 -7.738280e+000
      vertex  3.704057e+001 -8.489726e-001 -7.738280e+000
    endloop
  endfacet
  facet normal  0.000000e+000 -3.794324e-002 -9.992799e-001
    outer loop
      vertex  3.704057e+001 -8.489726e-001 -7.738280e+000
      vertex  3.804057e+001 -8.489726e-001 -7.738280e+000
      vertex  3.809085e+001 -1.455590e+000 -7.715246e+000
    endloop
  endfacet
  facet normal  -0.000000e+000 -3.794324e-002 -9.992799e-001
    outer loop
      vertex  3.704057e+001 -8.489726e-001 -7.738280e+000
      vertex  3.809085e+001 -1.455590e+000 -7.715246e+000
      vertex  3.709085e+001 -1.455590e+000 -7.715246e+000
    endloop
  endfacet
  facet normal  0.000000e+000 -5.796712e-002 -9.983184e-001
    outer loop
      vertex  3.709085e+001 -1.455590e+000 -7.715246e+000
      vertex  3.809085e+001 -1.455590e+000 -7.715246e+000
      vertex  3.816749e+001 -2.059184e+000 -7.680199e+000
    endloop
  endfacet
  facet normal  -0.000000e+000 -5.796712e-002 -9.983184e-001
    outer loop
      vertex  3.709085e+001 -1.455590e+000 -7.715246e+000
      vertex  3.816749e+001 -2.059184e+000 -7.680199e+000
      vertex  3.716749e+001 -2.059184e+000 -7.680199e+000
    endloop
  endfacet
  facet normal  0.000000e+000 -7.807842e-002 -9.969472e-001
    outer loop
      vertex  3.716749e+001 -2.059184e+000 -7.680199e+000
      vertex  3.816749e+001 -2.059184e+000 -7.680199e+000
      vertex  3.827027e+001 -2.658336e+000 -7.633275e+000
    endloop
  endfacet
  facet normal  -0.000000e+000 -7.807842e-002 -9.969472e-001
    outer loop
      vertex  3.716749e+001 -2.059184e+000 -7.680199e+000
      vertex  3.827027e+001 -2.658336e+000 -7.633275e+000
      vertex  3.727027e+001 -2.658336e+000 -7.633275e+000
    endloop
  endfacet
  facet normal  0.000000e+000 -9.831493e-002 -9.951554e-001
    outer loop
      vertex  3.727027e+001 -2.658336e+000 -7.633275e+000
      vertex  3.827027e+001 -2.658336e+000 -7.633275e+000
      vertex  3.839883e+001 -3.251612e+000 -7.574663e+000
    endloop
  endfacet
  facet normal  -0.000000e+000 -9.831493e-002 -9.951554e-001
    outer loop
      vertex  3.727027e+001 -2.658336e+000 -7.633275e+000
      vertex  3.839883e+001 -3.251612e+000 -7.574663e+000
      vertex  3.739883e+001 -3.251612e+000 -7.574663e+000
    endloop
  endfacet
  facet normal  0.000000e+000 -1.195035e-001 -9.928337e-001
    outer loop
      vertex  3.739883e+001 -3.251612e+000 -7.574663e+000
      vertex  3.839883e+001 -3.251612e+000 -7.574663e+000
      vertex  3.856579e+001 -3.883006e+000 -7.498664e+000
    endloop
  endfacet
  facet normal  -0.000000e+000 -1.195035e-001 -9.928337e-001
    outer loop
      vertex  3.739883e+001 -3.251612e+000 -7.574663e+000
      vertex  3.856579e+001 -3.883006e+000 -7.498664e+000
      vertex  3.756579e+001 -3.883006e+000 -7.498664e+000
    endloop
  endfacet
  facet normal  0.000000e+000 -1.416819e-001 -9.899123e-001
    outer loop
      vertex  3.756579e+001 -3.883006e+000 -7.498664e+000
      vertex  3.856579e+001 -3.883006e+000 -7.498664e+000
      vertex  3.876155e+001 -4.504352e+000 -7.409734e+000
    endloop
  endfacet
  facet normal  -0.000000e+000 -1.416819e-001 -9.899123e-001
    outer loop
      vertex  3.756579e+001 -3.883006e+000 -7.498664e+000
      vertex  3.876155e+001 -4.504352e+000 -7.409734e+000
      vertex  3.776155e+001 -4.504352e+000 -7.409734e+000
    endloop
  endfacet
  facet normal  0.000000e+000 -1.640848e-001 -9.864462e-001
    outer loop
      vertex  3.776155e+001 -4.504352e+000 -7.409734e+000
      vertex  3.876155e+001 -4.504352e+000 -7.409734e+000
      vertex  3.898540e+001 -5.114192e+000 -7.308293e+000
    endloop
  endfacet
  facet normal  -0.000000e+000 -1.640848e-001 -9.864462e-001
    outer loop
      vertex  3.776155e+001 -4.504352e+000 -7.409734e+000
      vertex  3.898540e+001 -5.114192e+000 -7.308293e+000
      vertex  3.798540e+001 -5.114192e+000 -7.308293e+000
    endloop
  endfacet
  facet normal  0.000000e+000 -1.867497e-001 -9.824075e-001
    outer loop
      vertex  3.798540e+001 -5.114192e+000 -7.308293e+000
      vertex  3.898540e+001 -5.114192e+000 -7.308293e+000
      vertex  3.923652e+001 -5.711153e+000 -7.194815e+000
    endloop
  endfacet
  facet normal  -0.000000e+000 -1.867497e-001 -9.824075e-001
    outer loop
      vertex  3.798540e+001 -5.114192e+000 -7.308293e+000
      vertex  3.923652e+001 -5.711153e+000 -7.194815e+000
      vertex  3.823652e+001 -5.711153e+000 -7.194815e+000
    endloop
  endfacet
  facet normal  0.000000e+000 -2.097066e-001 -9.777644e-001
    outer loop
      vertex  3.823652e+001 -5.711153e+000 -7.194815e+000
      vertex  3.923652e+001 -5.711153e+000 -7.194815e+000
      vertex  3.951405e+001 -6.293948e+000 -7.069819e+000
    endloop
  endfacet
  facet normal  -0.000000e+000 -2.097066e-001 -9.777644e-001
    outer loop
      vertex  3.823652e+001 -5.711153e+000 -7.194815e+000
      vertex  3.951405e+001 -6.293948e+000 -7.069819e+000
      vertex  3.851405e+001 -6.293948e+000 -7.069819e+000
    endloop
  endfacet
  facet normal  0.000000e+000 -2.329871e-001 -9.724799e-001
    outer loop
      vertex  3.851405e+001 -6.293948e+000 -7.069819e+000
      vertex  3.951405e+001 -6.293948e+000 -7.069819e+000
      vertex  3.981706e+001 -6.861377e+000 -6.933875e+000
    endloop
  endfacet
  facet normal  -0.000000e+000 -2.329871e-001 -9.724799e-001
    outer loop
      vertex  3.851405e+001 -6.293948e+000 -7.069819e+000
      vertex  3.981706e+001 -6.861377e+000 -6.933875e+000
      vertex  3.881706e+001 -6.861377e+000 -6.933875e+000
    endloop
  endfacet
  facet normal  0.000000e+000 -2.566162e-001 -9.665134e-001
    outer loop
      vertex  3.881706e+001 -6.861377e+000 -6.933875e+000
      vertex  3.981706e+001 -6.861377e+000 -6.933875e+000
      vertex  4.014460e+001 -7.412331e+000 -6.787592e+000
    endloop
  endfacet
  facet normal  -0.000000e+000 -2.566162e-001 -9.665134e-001
    outer loop
      vertex  3.881706e+001 -6.861377e+000 -6.933875e+000
      vertex  4.014460e+001 -7.412331e+000 -6.787592e+000
      vertex  3.914460e+001 -7.412331e+000 -6.787592e+000
    endloop
  endfacet
  facet normal  0.000000e+000 -2.806202e-001 -9.598189e-001
    outer loop
      vertex  3.914460e+001 -7.412331e+000 -6.787592e+000
      vertex  4.014460e+001 -7.412331e+000 -6.787592e+000
      vertex  4.049569e+001 -7.945791e+000 -6.631626e+000
    endloop
  endfacet
  facet normal  -0.000000e+000 -2.806202e-001 -9.598189e-001
    outer loop
      vertex  3.914460e+001 -7.412331e+000 -6.787592e+000
      vertex  4.049569e+001 -7.945791e+000 -6.631626e+000
      vertex  3.949569e+001 -7.945791e+000 -6.631626e+000
    endloop
  endfacet
  facet normal  0.000000e+000 -3.050191e-001 -9.523463e-001
    outer loop
      vertex  3.949569e+001 -7.945791e+000 -6.631626e+000
      vertex  4.049569e+001 -7.945791e+000 -6.631626e+000
      vertex  4.086932e+001 -8.460832e+000 -6.466668e+000
    endloop
  endfacet
  facet normal  -0.000000e+000 -3.050191e-001 -9.523463e-001
    outer loop
      vertex  3.949569e+001 -7.945791e+000 -6.631626e+000
      vertex  4.086932e+001 -8.460832e+000 -6.466668e+000
      vertex  3.986932e+001 -8.460832e+000 -6.466668e+000
    endloop
  endfacet
  facet normal  0.000000e+000 -3.298296e-001 -9.440405e-001
    outer loop
      vertex  3.986932e+001 -8.460832e+000 -6.466668e+000
      vertex  4.086932e+001 -8.460832e+000 -6.466668e+000
      vertex  4.126453e+001 -8.956622e+000 -6.293448e+000
    endloop
  endfacet
  facet normal  -0.000000e+000 -3.298296e-001 -9.440405e-001
    outer loop
      vertex  3.986932e+001 -8.460832e+000 -6.466668e+000
      vertex  4.126453e+001 -8.956622e+000 -6.293448e+000
      vertex  4.026453e+001 -8.956622e+000 -6.293448e+000
    endloop
  endfacet
  facet normal  0.000000e+000 -1.797487e-002 -9.998384e-001
    outer loop
      vertex  3.804057e+001 -8.489726e-001 -7.738280e+000
      vertex  3.701680e+001 -2.407310e-001 -7.749215e+000
      vertex  3.801680e+001 -2.407310e-001 -7.749215e+000
    endloop
  endfacet
  facet normal  0.000000e+000  1.969289e-003 -9.999980e-001
    outer loop
      vertex  3.801680e+001 -2.407310e-001 -7.749215e+000
      vertex  3.701680e+001 -2.407310e-001 -7.749215e+000
      vertex  3.701959e+001  3.677574e-001 -7.748016e+000
    endloop
  endfacet
  facet normal  0.000000e+000  1.969289e-003 -9.999980e-001
    outer loop
      vertex  3.801680e+001 -2.407310e-001 -7.749215e+000
      vertex  3.701959e+001  3.677574e-001 -7.748016e+000
      vertex  3.801959e+001  3.677574e-001 -7.748016e+000
    endloop
  endfacet
  facet normal  0.000000e+000  2.191938e-002 -9.997597e-001
    outer loop
      vertex  3.801959e+001  3.677574e-001 -7.748016e+000
      vertex  3.701959e+001  3.677574e-001 -7.748016e+000
      vertex  3.704889e+001  9.751391e-001 -7.734700e+000
    endloop
  endfacet
  facet normal  0.000000e+000  2.191938e-002 -9.997597e-001
    outer loop
      vertex  3.801959e+001  3.677574e-001 -7.748016e+000
      vertex  3.704889e+001  9.751391e-001 -7.734700e+000
      vertex  3.804889e+001  9.751391e-001 -7.734700e+000
    endloop
  endfacet
  facet normal  0.000000e+000  4.190401e-002 -9.991217e-001
    outer loop
      vertex  3.804889e+001  9.751391e-001 -7.734700e+000
      vertex  3.704889e+001  9.751391e-001 -7.734700e+000
      vertex  3.710456e+001  1.580087e+000 -7.709328e+000
    endloop
  endfacet
  facet normal  0.000000e+000  4.190401e-002 -9.991217e-001
    outer loop
      vertex  3.804889e+001  9.751391e-001 -7.734700e+000
      vertex  3.710456e+001  1.580087e+000 -7.709328e+000
      vertex  3.810456e+001  1.580087e+000 -7.709328e+000
    endloop
  endfacet
  facet normal  0.000000e+000  6.195119e-002 -9.980792e-001
    outer loop
      vertex  3.810456e+001  1.580087e+000 -7.709328e+000
      vertex  3.710456e+001  1.580087e+000 -7.709328e+000
      vertex  3.718639e+001  2.181304e+000 -7.672010e+000
    endloop
  endfacet
  facet normal  0.000000e+000  6.195119e-002 -9.980792e-001
    outer loop
      vertex  3.810456e+001  1.580087e+000 -7.709328e+000
      vertex  3.718639e+001  2.181304e+000 -7.672010e+000
      vertex  3.818639e+001  2.181304e+000 -7.672010e+000
    endloop
  endfacet
  facet normal  0.000000e+000  8.208780e-002 -9.966251e-001
    outer loop
      vertex  3.818639e+001  2.181304e+000 -7.672010e+000
      vertex  3.718639e+001  2.181304e+000 -7.672010e+000
      vertex  3.729410e+001  2.777522e+000 -7.622902e+000
    endloop
  endfacet
  facet normal  0.000000e+000  8.208780e-002 -9.966251e-001
    outer loop
      vertex  3.818639e+001  2.181304e+000 -7.672010e+000
      vertex  3.729410e+001  2.777522e+000 -7.622902e+000
      vertex  3.829410e+001  2.777522e+000 -7.622902e+000
    endloop
  endfacet
  facet normal  0.000000e+000  1.023406e-001 -9.947494e-001
    outer loop
      vertex  3.829410e+001  2.777522e+000 -7.622902e+000
      vertex  3.729410e+001  2.777522e+000 -7.622902e+000
      vertex  3.742732e+001  3.367511e+000 -7.562203e+000
    endloop
  endfacet
  facet normal  0.000000e+000  1.023406e-001 -9.947494e-001
    outer loop
      vertex  3.829410e+001  2.777522e+000 -7.622902e+000
      vertex  3.742732e+001  3.367511e+000 -7.562203e+000
      vertex  3.842732e+001  3.367511e+000 -7.562203e+000
    endloop
  endfacet
  facet normal  0.000000e+000  1.227369e-001 -9.924393e-001
    outer loop
      vertex  3.842732e+001  3.367511e+000 -7.562203e+000
      vertex  3.742732e+001  3.367511e+000 -7.562203e+000
      vertex  3.758562e+001  3.950075e+000 -7.490157e+000
    endloop
  endfacet
  facet normal  0.000000e+000  1.227369e-001 -9.924393e-001
    outer loop
      vertex  3.842732e+001  3.367511e+000 -7.562203e+000
      vertex  3.758562e+001  3.950075e+000 -7.490157e+000
      vertex  3.858562e+001  3.950075e+000 -7.490157e+000
    endloop
  endfacet
  facet normal  0.000000e+000  1.453635e-001 -9.893783e-001
    outer loop
      vertex  3.858562e+001  3.950075e+000 -7.490157e+000
      vertex  3.758562e+001  3.950075e+000 -7.490157e+000
      vertex  3.780801e+001  4.637724e+000 -7.389124e+000
    endloop
  endfacet
  facet normal  0.000000e+000  1.453635e-001 -9.893783e-001
    outer loop
      vertex  3.858562e+001  3.950075e+000 -7.490157e+000
      vertex  3.780801e+001  4.637724e+000 -7.389124e+000
      vertex  3.880801e+001  4.637724e+000 -7.389124e+000
    endloop
  endfacet
  facet normal  0.000000e+000  1.703244e-001 -9.853880e-001
    outer loop
      vertex  3.880801e+001  4.637724e+000 -7.389124e+000
      vertex  3.780801e+001  4.637724e+000 -7.389124e+000
      vertex  3.806486e+001  5.311100e+000 -7.272731e+000
    endloop
  endfacet
  facet normal  0.000000e+000  1.703244e-001 -9.853880e-001
    outer loop
      vertex  3.880801e+001  4.637724e+000 -7.389124e+000
      vertex  3.806486e+001  5.311100e+000 -7.272731e+000
      vertex  3.906486e+001  5.311100e+000 -7.272731e+000
    endloop
  endfacet
  facet normal  0.000000e+000  1.956122e-001 -9.806814e-001
    outer loop
      vertex  3.906486e+001  5.311100e+000 -7.272731e+000
      vertex  3.806486e+001  5.311100e+000 -7.272731e+000
      vertex  3.835512e+001  5.968377e+000 -7.141627e+000
    endloop
  endfacet
  facet normal  0.000000e+000  1.956122e-001 -9.806814e-001
    outer loop
      vertex  3.906486e+001  5.311100e+000 -7.272731e+000
      vertex  3.835512e+001  5.968377e+000 -7.141627e+000
      vertex  3.935512e+001  5.968377e+000 -7.141627e+000
    endloop
  endfacet
  facet normal  0.000000e+000  2.212722e-001 -9.752122e-001
    outer loop
      vertex  3.935512e+001  5.968377e+000 -7.141627e+000
      vertex  3.835512e+001  5.968377e+000 -7.141627e+000
      vertex  3.867762e+001  6.607825e+000 -6.996539e+000
    endloop
  endfacet
  facet normal  0.000000e+000  2.212722e-001 -9.752122e-001
    outer loop
      vertex  3.935512e+001  5.968377e+000 -7.141627e+000
      vertex  3.867762e+001  6.607825e+000 -6.996539e+000
      vertex  3.967762e+001  6.607825e+000 -6.996539e+000
    endloop
  endfacet
  facet normal  0.000000e+000  2.473420e-001 -9.689282e-001
    outer loop
      vertex  3.967762e+001  6.607825e+000 -6.996539e+000
      vertex  3.867762e+001  6.607825e+000 -6.996539e+000
      vertex  3.903115e+001  7.227826e+000 -6.838269e+000
    endloop
  endfacet
  facet normal  0.000000e+000  2.473420e-001 -9.689282e-001
    outer loop
      vertex  3.967762e+001  6.607825e+000 -6.996539e+000
      vertex  3.903115e+001  7.227826e+000 -6.838269e+000
      vertex  4.003115e+001  7.227826e+000 -6.838269e+000
    endloop
  endfacet
  facet normal  0.000000e+000  2.738645e-001 -9.617683e-001
    outer loop
      vertex  4.003115e+001  7.227826e+000 -6.838269e+000
      vertex  3.903115e+001  7.227826e+000 -6.838269e+000
      vertex  3.941439e+001  7.826867e+000 -6.667691e+000
    endloop
  endfacet
  facet normal  0.000000e+000  2.738645e-001 -9.617683e-001
    outer loop
      vertex  4.003115e+001  7.227826e+000 -6.838269e+000
      vertex  3.941439e+001  7.826867e+000 -6.667691e+000
      vertex  4.041439e+001  7.826867e+000 -6.667691e+000
    endloop
  endfacet
  facet normal  0.000000e+000  3.008770e-001 -9.536629e-001
    outer loop
      vertex  4.041439e+001  7.826867e+000 -6.667691e+000
      vertex  3.941439e+001  7.826867e+000 -6.667691e+000
      vertex  3.982599e+001  8.403555e+000 -6.485748e+000
    endloop
  endfacet
  facet normal  0.000000e+000  3.008770e-001 -9.536629e-001
    outer loop
      vertex  4.041439e+001  7.826867e+000 -6.667691e+000
      vertex  3.982599e+001  8.403555e+000 -6.485748e+000
      vertex  4.082599e+001  8.403555e+000 -6.485748e+000
    endloop
  endfacet
  facet normal  0.000000e+000  3.284127e-001 -9.445344e-001
    outer loop
      vertex  4.082599e+001  8.403555e+000 -6.485748e+000
      vertex  3.982599e+001  8.403555e+000 -6.485748e+000
      vertex  4.026453e+001  8.956622e+000 -6.293448e+000
    endloop
  endfacet
  facet normal  0.000000e+000  3.284127e-001 -9.445344e-001
    outer loop
      vertex  4.082599e+001  8.403555e+000 -6.485748e+000
      vertex  4.026453e+001  8.956622e+000 -6.293448e+000
      vertex  4.126453e+001  8.956622e+000 -6.293448e+000
    endloop
  endfacet
  facet normal -9.821841e-001  1.738583e-001  7.132903e-002
    outer loop
      vertex  4.041609e+001  9.605203e+000 -6.043321e+000
      vertex  4.034917e+001  9.280012e+000 -6.172240e+000
      vertex  4.038478e+001  9.073808e+000 -5.179185e+000
    endloop
  endfacet
  facet normal -9.712537e-001  2.237358e-001  8.129389e-002
    outer loop
      vertex  4.038478e+001  9.073808e+000 -5.179185e+000
      vertex  4.034917e+001  9.280012e+000 -6.172240e+000
      vertex  4.026453e+001  8.956622e+000 -6.293448e+000
    endloop
  endfacet
  facet normal -9.713649e-001  2.232288e-001  8.135922e-002
    outer loop
      vertex  4.038478e+001  9.073808e+000 -5.179185e+000
      vertex  4.026453e+001  8.956622e+000 -6.293448e+000
      vertex  4.026453e+001  8.614191e+000 -5.353905e+000
    endloop
  endfacet
  facet normal -9.990658e-001  3.816500e-002  2.027291e-002
    outer loop
      vertex  4.051320e+001  1.057963e+001 -5.609672e+000
      vertex  4.049775e+001  1.025616e+001 -5.762084e+000
      vertex  4.050753e+001  9.991856e+000 -4.782327e+000
    endloop
  endfacet
  facet normal -9.959140e-001  8.419430e-002  3.265829e-002
    outer loop
      vertex  4.050753e+001  9.991856e+000 -4.782327e+000
      vertex  4.049775e+001  1.025616e+001 -5.762084e+000
      vertex  4.046552e+001  9.930974e+000 -5.906621e+000
    endloop
  endfacet
  facet normal -9.965054e-001  7.669529e-002  3.308647e-002
    outer loop
      vertex  4.050753e+001  9.991856e+000 -4.782327e+000
      vertex  4.046552e+001  9.930974e+000 -5.906621e+000
      vertex  4.046546e+001  9.534240e+000 -4.988704e+000
    endloop
  endfacet
  facet normal -9.903552e-001  1.272037e-001  5.491719e-002
    outer loop
      vertex  4.046546e+001  9.534240e+000 -4.988704e+000
      vertex  4.046552e+001  9.930974e+000 -5.906621e+000
      vertex  4.041609e+001  9.605203e+000 -6.043321e+000
    endloop
  endfacet
  facet normal -9.871323e-001  1.496750e-001  5.627836e-002
    outer loop
      vertex  4.046546e+001  9.534240e+000 -4.988704e+000
      vertex  4.041609e+001  9.605203e+000 -6.043321e+000
      vertex  4.038478e+001  9.073808e+000 -5.179185e+000
    endloop
  endfacet
  facet normal -9.304729e-001 -2.648830e-001 -2.530954e-001
    outer loop
      vertex  3.974680e+001  1.306936e+001 -2.651257e+000
      vertex  3.991423e+001  1.346195e+001 -3.677669e+000
      vertex  3.991423e+001  1.277111e+001 -2.954661e+000
    endloop
  endfacet
  facet normal -9.545484e-001 -2.154977e-001 -2.059077e-001
    outer loop
      vertex  3.991423e+001  1.277111e+001 -2.954661e+000
      vertex  3.991423e+001  1.346195e+001 -3.677669e+000
      vertex  4.006755e+001  1.309702e+001 -4.006533e+000
    endloop
  endfacet
  facet normal -9.427826e-001 -2.539006e-001 -2.160915e-001
    outer loop
      vertex  3.991423e+001  1.277111e+001 -2.954661e+000
      vertex  4.006755e+001  1.309702e+001 -4.006533e+000
      vertex  4.006755e+001  1.244890e+001 -3.245002e+000
    endloop
  endfacet
  facet normal -9.643680e-001 -2.014741e-001 -1.714720e-001
    outer loop
      vertex  4.006755e+001  1.244890e+001 -3.245002e+000
      vertex  4.006755e+001  1.309702e+001 -4.006533e+000
      vertex  4.020311e+001  1.271225e+001 -4.316801e+000
    endloop
  endfacet
  facet normal -9.560394e-001 -2.329225e-001 -1.781458e-001
    outer loop
      vertex  4.006755e+001  1.244890e+001 -3.245002e+000
      vertex  4.020311e+001  1.271225e+001 -4.316801e+000
      vertex  4.020311e+001  1.210473e+001 -3.522490e+000
    endloop
  endfacet
  facet normal -9.748447e-001 -1.770400e-001 -1.354052e-001
    outer loop
      vertex  4.020311e+001  1.210473e+001 -3.522490e+000
      vertex  4.020311e+001  1.271225e+001 -4.316801e+000
      vertex  4.032435e+001  1.228274e+001 -4.628110e+000
    endloop
  endfacet
  facet normal -9.695193e-001 -2.018926e-001 -1.388225e-001
    outer loop
      vertex  4.020311e+001  1.210473e+001 -3.522490e+000
      vertex  4.032435e+001  1.228274e+001 -4.628110e+000
      vertex  4.032435e+001  1.171615e+001 -3.804112e+000
    endloop
  endfacet
  facet normal -9.848762e-001 -1.427665e-001 -9.816707e-002
    outer loop
      vertex  4.032435e+001  1.171615e+001 -3.804112e+000
      vertex  4.032435e+001  1.228274e+001 -4.628110e+000
      vertex  4.041827e+001  1.183571e+001 -4.920273e+000
    endloop
  endfacet
  facet normal -9.819705e-001 -1.605271e-001 -9.982502e-002
    outer loop
      vertex  4.032435e+001  1.171615e+001 -3.804112e+000
      vertex  4.041827e+001  1.183571e+001 -4.920273e+000
      vertex  4.041827e+001  1.130764e+001 -4.071095e+000
    endloop
  endfacet
  facet normal -9.930592e-001 -9.987942e-002 -6.211080e-002
    outer loop
      vertex  4.041827e+001  1.130764e+001 -4.071095e+000
      vertex  4.041827e+001  1.183571e+001 -4.920273e+000
      vertex  4.048183e+001  1.137391e+001 -5.193889e+000
    endloop
  endfacet
  facet normal -9.918440e-001 -1.109719e-001 -6.269666e-002
    outer loop
      vertex  4.041827e+001  1.130764e+001 -4.071095e+000
      vertex  4.048183e+001  1.137391e+001 -5.193889e+000
      vertex  4.048183e+001  1.088203e+001 -4.323268e+000
    endloop
  endfacet
  facet normal -9.983946e-001 -4.931460e-002 -2.786165e-002
    outer loop
      vertex  4.048183e+001  1.088203e+001 -4.323268e+000
      vertex  4.048183e+001  1.137391e+001 -5.193889e+000
      vertex  4.051236e+001  1.090031e+001 -5.449340e+000
    endloop
  endfacet
  facet normal -9.981378e-001 -5.422711e-002 -2.793448e-002
    outer loop
      vertex  4.048183e+001  1.088203e+001 -4.323268e+000
      vertex  4.051236e+001  1.090031e+001 -5.449340e+000
      vertex  4.051236e+001  1.044239e+001 -4.560398e+000
    endloop
  endfacet
  facet normal -9.999973e-001 -2.081003e-003 -1.072005e-003
    outer loop
      vertex  4.051236e+001  1.044239e+001 -4.560398e+000
      vertex  4.051236e+001  1.090031e+001 -5.449340e+000
      vertex  4.051320e+001  1.057963e+001 -5.609672e+000
    endloop
  endfacet
  facet normal -9.999454e-001  1.043217e-002  5.646933e-004
    outer loop
      vertex  4.051236e+001  1.044239e+001 -4.560398e+000
      vertex  4.051320e+001  1.057963e+001 -5.609672e+000
      vertex  4.050753e+001  9.991856e+000 -4.782327e+000
    endloop
  endfacet
  facet normal -9.460669e-001 -2.194991e-001 -2.382804e-001
    outer loop
      vertex  3.991423e+001  1.346195e+001 -3.677669e+000
      vertex  3.974680e+001  1.306936e+001 -2.651257e+000
      vertex  3.974680e+001  1.380485e+001 -3.328778e+000
    endloop
  endfacet
  facet normal -9.205659e-001 -2.646333e-001 -2.872764e-001
    outer loop
      vertex  3.974680e+001  1.380485e+001 -3.328778e+000
      vertex  3.974680e+001  1.306936e+001 -2.651257e+000
      vertex  3.956964e+001  1.334155e+001 -2.334302e+000
    endloop
  endfacet
  facet normal -9.400975e-001 -2.125816e-001 -2.665065e-001
    outer loop
      vertex  3.974680e+001  1.380485e+001 -3.328778e+000
      vertex  3.956964e+001  1.334155e+001 -2.334302e+000
      vertex  3.956964e+001  1.412331e+001 -2.957876e+000
    endloop
  endfacet
  facet normal -9.149108e-001 -2.517115e-001 -3.155624e-001
    outer loop
      vertex  3.956964e+001  1.412331e+001 -2.957876e+000
      vertex  3.956964e+001  1.334155e+001 -2.334302e+000
      vertex  3.938827e+001  1.358539e+001 -2.002942e+000
    endloop
  endfacet
  facet normal -9.379569e-001 -1.939785e-001 -2.874182e-001
    outer loop
      vertex  3.956964e+001  1.412331e+001 -2.957876e+000
      vertex  3.938827e+001  1.358539e+001 -2.002942e+000
      vertex  3.938827e+001  1.441427e+001 -2.562356e+000
    endloop
  endfacet
  facet normal -9.156438e-001 -2.248799e-001 -3.332049e-001
    outer loop
      vertex  3.938827e+001  1.441427e+001 -2.562356e+000
      vertex  3.938827e+001  1.358539e+001 -2.002942e+000
      vertex  3.920972e+001  1.379812e+001 -1.655869e+000
    endloop
  endfacet
  facet normal -9.409151e-001 -1.635781e-001 -2.965146e-001
    outer loop
      vertex  3.938827e+001  1.441427e+001 -2.562356e+000
      vertex  3.920972e+001  1.379812e+001 -1.655869e+000
      vertex  3.920972e+001  1.467372e+001 -2.138909e+000
    endloop
  endfacet
  facet normal -9.227518e-001 -1.861613e-001 -3.374507e-001
    outer loop
      vertex  3.920972e+001  1.467372e+001 -2.138909e+000
      vertex  3.920972e+001  1.379812e+001 -1.655869e+000
      vertex  3.909052e+001  1.392736e+001 -1.401222e+000
    endloop
  endfacet
  facet normal -9.480343e-001 -1.338731e-001 -2.886332e-001
    outer loop
      vertex  3.920972e+001  1.467372e+001 -2.138909e+000
      vertex  3.909052e+001  1.392736e+001 -1.401222e+000
      vertex  3.909052e+001  1.483453e+001 -1.821986e+000
    endloop
  endfacet
  facet normal -9.340449e-001 -1.502775e-001 -3.240013e-001
    outer loop
      vertex  3.909052e+001  1.483453e+001 -1.821986e+000
      vertex  3.909052e+001  1.392736e+001 -1.401222e+000
      vertex  3.898098e+001  1.403809e+001 -1.136777e+000
    endloop
  endfacet
  facet normal -9.572671e-001 -1.013639e-001 -2.708600e-001
    outer loop
      vertex  3.909052e+001  1.483453e+001 -1.821986e+000
      vertex  3.898098e+001  1.403809e+001 -1.136777e+000
      vertex  3.898098e+001  1.497467e+001 -1.487274e+000
    endloop
  endfacet
  facet normal -9.502266e-001 -1.091988e-001 -2.917963e-001
    outer loop
      vertex  3.898098e+001  1.497467e+001 -1.487274e+000
      vertex  3.898098e+001  1.403809e+001 -1.136777e+000
      vertex  3.888646e+001  1.412811e+001 -8.626871e-001
    endloop
  endfacet
  facet normal -9.696000e-001 -6.566353e-002 -2.357205e-001
    outer loop
      vertex  3.898098e+001  1.497467e+001 -1.487274e+000
      vertex  3.888646e+001  1.412811e+001 -8.626871e-001
      vertex  3.887870e+001  1.509971e+001 -1.101424e+000
    endloop
  endfacet
  facet normal -9.693661e-001 -6.588259e-002 -2.366195e-001
    outer loop
      vertex  3.887870e+001  1.509971e+001 -1.101424e+000
      vertex  3.888646e+001  1.412811e+001 -8.626871e-001
      vertex  3.881299e+001  1.419489e+001 -5.802744e-001
    endloop
  endfacet
  facet normal -9.833250e-001 -3.172125e-002 -1.790691e-001
    outer loop
      vertex  3.887870e+001  1.509971e+001 -1.101424e+000
      vertex  3.881299e+001  1.419489e+001 -5.802744e-001
      vertex  3.880218e+001  1.518998e+001 -6.972044e-001
    endloop
  endfacet
  facet normal -9.873009e-001 -2.907456e-002 -1.561781e-001
    outer loop
      vertex  3.880218e+001  1.518998e+001 -6.972044e-001
      vertex  3.881299e+001  1.419489e+001 -5.802744e-001
      vertex  3.876614e+001  1.423608e+001 -2.917598e-001
    endloop
  endfacet
  facet normal -9.938444e-001 -9.364736e-003 -1.103880e-001
    outer loop
      vertex  3.880218e+001  1.518998e+001 -6.972044e-001
      vertex  3.876614e+001  1.423608e+001 -2.917598e-001
      vertex  3.876331e+001  1.523481e+001 -3.510720e-001
    endloop
  endfacet
  facet normal -9.984716e-001 -6.084391e-003 -5.493155e-002
    outer loop
      vertex  3.876331e+001  1.523481e+001 -3.510720e-001
      vertex  3.876614e+001  1.423608e+001 -2.917598e-001
      vertex  3.875000e+001  1.425000e+001  0.000000e+000
    endloop
  endfacet
  facet normal -9.992818e-001  8.414290e-018 -3.789460e-002
    outer loop
      vertex  3.876331e+001  1.523481e+001 -3.510720e-001
      vertex  3.875000e+001  1.425000e+001  0.000000e+000
      vertex  3.875000e+001  1.525000e+001  2.220446e-016
    endloop
  endfacet
  facet normal  0.000000e+000  6.277077e-001 -7.784491e-001
    outer loop
      vertex  4.006755e+001  1.309702e+001 -4.006533e+000
      vertex  4.120311e+001  1.271225e+001 -4.316801e+000
      vertex  4.020311e+001  1.271225e+001 -4.316801e+000
    endloop
  endfacet
  facet normal  0.000000e+000  5.868647e-001 -8.096850e-001
    outer loop
      vertex  4.020311e+001  1.271225e+001 -4.316801e+000
      vertex  4.120311e+001  1.271225e+001 -4.316801e+000
      vertex  4.132435e+001  1.228274e+001 -4.628110e+000
    endloop
  endfacet
  facet normal  0.000000e+000  5.868647e-001 -8.096850e-001
    outer loop
      vertex  4.020311e+001  1.271225e+001 -4.316801e+000
      vertex  4.132435e+001  1.228274e+001 -4.628110e+000
      vertex  4.032435e+001  1.228274e+001 -4.628110e+000
    endloop
  endfacet
  facet normal  0.000000e+000  5.470880e-001 -8.370751e-001
    outer loop
      vertex  4.032435e+001  1.228274e+001 -4.628110e+000
      vertex  4.132435e+001  1.228274e+001 -4.628110e+000
      vertex  4.141827e+001  1.183571e+001 -4.920273e+000
    endloop
  endfacet
  facet normal  0.000000e+000  5.470880e-001 -8.370751e-001
    outer loop
      vertex  4.032435e+001  1.228274e+001 -4.628110e+000
      vertex  4.141827e+001  1.183571e+001 -4.920273e+000
      vertex  4.041827e+001  1.183571e+001 -4.920273e+000
    endloop
  endfacet
  facet normal  0.000000e+000  5.097375e-001 -8.603299e-001
    outer loop
      vertex  4.041827e+001  1.183571e+001 -4.920273e+000
      vertex  4.141827e+001  1.183571e+001 -4.920273e+000
      vertex  4.148183e+001  1.137391e+001 -5.193889e+000
    endloop
  endfacet
  facet normal  0.000000e+000  5.097375e-001 -8.603299e-001
    outer loop
      vertex  4.041827e+001  1.183571e+001 -4.920273e+000
      vertex  4.148183e+001  1.137391e+001 -5.193889e+000
      vertex  4.048183e+001  1.137391e+001 -5.193889e+000
    endloop
  endfacet
  facet normal  0.000000e+000  4.747332e-001 -8.801298e-001
    outer loop
      vertex  4.048183e+001  1.137391e+001 -5.193889e+000
      vertex  4.148183e+001  1.137391e+001 -5.193889e+000
      vertex  4.151236e+001  1.090031e+001 -5.449340e+000
    endloop
  endfacet
  facet normal  0.000000e+000  4.747332e-001 -8.801298e-001
    outer loop
      vertex  4.048183e+001  1.137391e+001 -5.193889e+000
      vertex  4.151236e+001  1.090031e+001 -5.449340e+000
      vertex  4.051236e+001  1.090031e+001 -5.449340e+000
    endloop
  endfacet
  facet normal  0.000000e+000  4.471838e-001 -8.944421e-001
    outer loop
      vertex  4.051236e+001  1.090031e+001 -5.449340e+000
      vertex  4.151236e+001  1.090031e+001 -5.449340e+000
      vertex  4.151320e+001  1.057963e+001 -5.609672e+000
    endloop
  endfacet
  facet normal  0.000000e+000  4.471838e-001 -8.944421e-001
    outer loop
      vertex  4.051236e+001  1.090031e+001 -5.449340e+000
      vertex  4.151320e+001  1.057963e+001 -5.609672e+000
      vertex  4.051320e+001  1.057963e+001 -5.609672e+000
    endloop
  endfacet
  facet normal  0.000000e+000  4.262358e-001 -9.046121e-001
    outer loop
      vertex  4.051320e+001  1.057963e+001 -5.609672e+000
      vertex  4.151320e+001  1.057963e+001 -5.609672e+000
      vertex  4.149775e+001  1.025616e+001 -5.762084e+000
    endloop
  endfacet
  facet normal  0.000000e+000  4.262358e-001 -9.046121e-001
    outer loop
      vertex  4.051320e+001  1.057963e+001 -5.609672e+000
      vertex  4.149775e+001  1.025616e+001 -5.762084e+000
      vertex  4.049775e+001  1.025616e+001 -5.762084e+000
    endloop
  endfacet
  facet normal  0.000000e+000  4.061646e-001 -9.137999e-001
    outer loop
      vertex  4.049775e+001  1.025616e+001 -5.762084e+000
      vertex  4.149775e+001  1.025616e+001 -5.762084e+000
      vertex  4.146552e+001  9.930974e+000 -5.906621e+000
    endloop
  endfacet
  facet normal  0.000000e+000  4.061646e-001 -9.137999e-001
    outer loop
      vertex  4.049775e+001  1.025616e+001 -5.762084e+000
      vertex  4.146552e+001  9.930974e+000 -5.906621e+000
      vertex  4.046552e+001  9.930974e+000 -5.906621e+000
    endloop
  endfacet
  facet normal  0.000000e+000  3.869357e-001 -9.221067e-001
    outer loop
      vertex  4.046552e+001  9.930974e+000 -5.906621e+000
      vertex  4.146552e+001  9.930974e+000 -5.906621e+000
      vertex  4.141609e+001  9.605203e+000 -6.043321e+000
    endloop
  endfacet
  facet normal  0.000000e+000  3.869357e-001 -9.221067e-001
    outer loop
      vertex  4.046552e+001  9.930974e+000 -5.906621e+000
      vertex  4.141609e+001  9.605203e+000 -6.043321e+000
      vertex  4.041609e+001  9.605203e+000 -6.043321e+000
    endloop
  endfacet
  facet normal  0.000000e+000  3.685362e-001 -9.296134e-001
    outer loop
      vertex  4.041609e+001  9.605203e+000 -6.043321e+000
      vertex  4.141609e+001  9.605203e+000 -6.043321e+000
      vertex  4.134917e+001  9.280012e+000 -6.172240e+000
    endloop
  endfacet
  facet normal  0.000000e+000  3.685362e-001 -9.296134e-001
    outer loop
      vertex  4.041609e+001  9.605203e+000 -6.043321e+000
      vertex  4.134917e+001  9.280012e+000 -6.172240e+000
      vertex  4.034917e+001  9.280012e+000 -6.172240e+000
    endloop
  endfacet
  facet normal  0.000000e+000  3.509633e-001 -9.363891e-001
    outer loop
      vertex  4.034917e+001  9.280012e+000 -6.172240e+000
      vertex  4.134917e+001  9.280012e+000 -6.172240e+000
      vertex  4.126453e+001  8.956622e+000 -6.293448e+000
    endloop
  endfacet
  facet normal  0.000000e+000  3.509633e-001 -9.363891e-001
    outer loop
      vertex  4.034917e+001  9.280012e+000 -6.172240e+000
      vertex  4.126453e+001  8.956622e+000 -6.293448e+000
      vertex  4.026453e+001  8.956622e+000 -6.293448e+000
    endloop
  endfacet
  facet normal  0.000000e+000  6.277077e-001 -7.784491e-001
    outer loop
      vertex  4.120311e+001  1.271225e+001 -4.316801e+000
      vertex  4.006755e+001  1.309702e+001 -4.006533e+000
      vertex  4.106755e+001  1.309702e+001 -4.006533e+000
    endloop
  endfacet
  facet normal  0.000000e+000  6.694530e-001 -7.428545e-001
    outer loop
      vertex  4.106755e+001  1.309702e+001 -4.006533e+000
      vertex  4.006755e+001  1.309702e+001 -4.006533e+000
      vertex  3.991423e+001  1.346195e+001 -3.677669e+000
    endloop
  endfacet
  facet normal  0.000000e+000  6.694530e-001 -7.428545e-001
    outer loop
      vertex  4.106755e+001  1.309702e+001 -4.006533e+000
      vertex  3.991423e+001  1.346195e+001 -3.677669e+000
      vertex  4.091423e+001  1.346195e+001 -3.677669e+000
    endloop
  endfacet
  facet normal  0.000000e+000  7.132005e-001 -7.009601e-001
    outer loop
      vertex  4.091423e+001  1.346195e+001 -3.677669e+000
      vertex  3.991423e+001  1.346195e+001 -3.677669e+000
      vertex  3.974680e+001  1.380485e+001 -3.328778e+000
    endloop
  endfacet
  facet normal  0.000000e+000  7.132005e-001 -7.009601e-001
    outer loop
      vertex  4.091423e+001  1.346195e+001 -3.677669e+000
      vertex  3.974680e+001  1.380485e+001 -3.328778e+000
      vertex  4.074680e+001  1.380485e+001 -3.328778e+000
    endloop
  endfacet
  facet normal  0.000000e+000  7.587076e-001 -6.514314e-001
    outer loop
      vertex  4.074680e+001  1.380485e+001 -3.328778e+000
      vertex  3.974680e+001  1.380485e+001 -3.328778e+000
      vertex  3.956964e+001  1.412331e+001 -2.957876e+000
    endloop
  endfacet
  facet normal  0.000000e+000  7.587076e-001 -6.514314e-001
    outer loop
      vertex  4.074680e+001  1.380485e+001 -3.328778e+000
      vertex  3.956964e+001  1.412331e+001 -2.957876e+000
      vertex  4.056964e+001  1.412331e+001 -2.957876e+000
    endloop
  endfacet
  facet normal  0.000000e+000  8.055134e-001 -5.925776e-001
    outer loop
      vertex  4.056964e+001  1.412331e+001 -2.957876e+000
      vertex  3.956964e+001  1.412331e+001 -2.957876e+000
      vertex  3.938827e+001  1.441427e+001 -2.562356e+000
    endloop
  endfacet
  facet normal  0.000000e+000  8.055134e-001 -5.925776e-001
    outer loop
      vertex  4.056964e+001  1.412331e+001 -2.957876e+000
      vertex  3.938827e+001  1.441427e+001 -2.562356e+000
      vertex  4.038827e+001  1.441427e+001 -2.562356e+000
    endloop
  endfacet
  facet normal  0.000000e+000  8.526809e-001 -5.224320e-001
    outer loop
      vertex  4.038827e+001  1.441427e+001 -2.562356e+000
      vertex  3.938827e+001  1.441427e+001 -2.562356e+000
      vertex  3.920972e+001  1.467372e+001 -2.138909e+000
    endloop
  endfacet
  facet normal  0.000000e+000  8.526809e-001 -5.224320e-001
    outer loop
      vertex  4.038827e+001  1.441427e+001 -2.562356e+000
      vertex  3.920972e+001  1.467372e+001 -2.138909e+000
      vertex  4.020972e+001  1.467372e+001 -2.138909e+000
    endloop
  endfacet
  facet normal  0.000000e+000  8.917616e-001 -4.525056e-001
    outer loop
      vertex  4.020972e+001  1.467372e+001 -2.138909e+000
      vertex  3.920972e+001  1.467372e+001 -2.138909e+000
      vertex  3.909052e+001  1.483453e+001 -1.821986e+000
    endloop
  endfacet
  facet normal  0.000000e+000  8.917616e-001 -4.525056e-001
    outer loop
      vertex  4.020972e+001  1.467372e+001 -2.138909e+000
      vertex  3.909052e+001  1.483453e+001 -1.821986e+000
      vertex  4.009052e+001  1.483453e+001 -1.821986e+000
    endloop
  endfacet
  facet normal  0.000000e+000  9.224110e-001 -3.862096e-001
    outer loop
      vertex  4.009052e+001  1.483453e+001 -1.821986e+000
      vertex  3.909052e+001  1.483453e+001 -1.821986e+000
      vertex  3.898098e+001  1.497467e+001 -1.487274e+000
    endloop
  endfacet
  facet normal  0.000000e+000  9.224110e-001 -3.862096e-001
    outer loop
      vertex  4.009052e+001  1.483453e+001 -1.821986e+000
      vertex  3.898098e+001  1.497467e+001 -1.487274e+000
      vertex  3.998098e+001  1.497467e+001 -1.487274e+000
    endloop
  endfacet
  facet normal  0.000000e+000  9.512989e-001 -3.082700e-001
    outer loop
      vertex  3.998098e+001  1.497467e+001 -1.487274e+000
      vertex  3.898098e+001  1.497467e+001 -1.487274e+000
      vertex  3.887870e+001  1.509971e+001 -1.101424e+000
    endloop
  endfacet
  facet normal  0.000000e+000  9.512989e-001 -3.082700e-001
    outer loop
      vertex  3.998098e+001  1.497467e+001 -1.487274e+000
      vertex  3.887870e+001  1.509971e+001 -1.101424e+000
      vertex  3.987870e+001  1.509971e+001 -1.101424e+000
    endloop
  endfacet
  facet normal  0.000000e+000  9.759588e-001 -2.179550e-001
    outer loop
      vertex  3.987870e+001  1.509971e+001 -1.101424e+000
      vertex  3.887870e+001  1.509971e+001 -1.101424e+000
      vertex  3.880218e+001  1.518998e+001 -6.972044e-001
    endloop
  endfacet
  facet normal  0.000000e+000  9.759588e-001 -2.179550e-001
    outer loop
      vertex  3.987870e+001  1.509971e+001 -1.101424e+000
      vertex  3.880218e+001  1.518998e+001 -6.972044e-001
      vertex  3.980218e+001  1.518998e+001 -6.972044e-001
    endloop
  endfacet
  facet normal  0.000000e+000  9.917166e-001 -1.284450e-001
    outer loop
      vertex  3.980218e+001  1.518998e+001 -6.972044e-001
      vertex  3.880218e+001  1.518998e+001 -6.972044e-001
      vertex  3.876331e+001  1.523481e+001 -3.510720e-001
    endloop
  endfacet
  facet normal  0.000000e+000  9.917166e-001 -1.284450e-001
    outer loop
      vertex  3.980218e+001  1.518998e+001 -6.972044e-001
      vertex  3.876331e+001  1.523481e+001 -3.510720e-001
      vertex  3.976331e+001  1.523481e+001 -3.510720e-001
    endloop
  endfacet
  facet normal  0.000000e+000  9.990655e-001 -4.322197e-002
    outer loop
      vertex  3.976331e+001  1.523481e+001 -3.510720e-001
      vertex  3.876331e+001  1.523481e+001 -3.510720e-001
      vertex  3.875000e+001  1.525000e+001  2.220446e-016
    endloop
  endfacet
  facet normal  0.000000e+000  9.990655e-001 -4.322197e-002
    outer loop
      vertex  3.976331e+001  1.523481e+001 -3.510720e-001
      vertex  3.875000e+001  1.525000e+001  2.220446e-016
      vertex  3.975000e+001  1.525000e+001  2.220446e-016
    endloop
  endfacet
  facet normal -9.422428e-001 -2.415909e-001  2.319746e-001
    outer loop
      vertex  4.006146e+001  1.246286e+001  3.233088e+000
      vertex  3.990771e+001  1.347625e+001  3.663971e+000
      vertex  3.990771e+001  1.278365e+001  2.942656e+000
    endloop
  endfacet
  facet normal -9.457786e-001 -2.342923e-001  2.249665e-001
    outer loop
      vertex  3.990771e+001  1.278365e+001  2.942656e+000
      vertex  3.990771e+001  1.347625e+001  3.663971e+000
      vertex  3.974006e+001  1.381771e+001  3.314780e+000
    endloop
  endfacet
  facet normal -9.300216e-001 -2.482857e-001  2.709502e-001
    outer loop
      vertex  3.990771e+001  1.278365e+001  2.942656e+000
      vertex  3.974006e+001  1.381771e+001  3.314780e+000
      vertex  3.974006e+001  1.308045e+001  2.639186e+000
    endloop
  endfacet
  facet normal -9.399431e-001 -2.306028e-001  2.516532e-001
    outer loop
      vertex  3.974006e+001  1.308045e+001  2.639186e+000
      vertex  3.974006e+001  1.381771e+001  3.314780e+000
      vertex  3.956290e+001  1.413470e+001  2.943554e+000
    endloop
  endfacet
  facet normal -9.202538e-001 -2.431590e-001  3.066050e-001
    outer loop
      vertex  3.974006e+001  1.308045e+001  2.639186e+000
      vertex  3.956290e+001  1.413470e+001  2.943554e+000
      vertex  3.956290e+001  1.335119e+001  2.322180e+000
    endloop
  endfacet
  facet normal -9.379737e-001 -2.154357e-001  2.716480e-001
    outer loop
      vertex  3.956290e+001  1.335119e+001  2.322180e+000
      vertex  3.956290e+001  1.413470e+001  2.943554e+000
      vertex  3.938177e+001  1.442415e+001  2.547673e+000
    endloop
  endfacet
  facet normal -9.147986e-001 -2.249381e-001  3.354793e-001
    outer loop
      vertex  3.956290e+001  1.335119e+001  2.322180e+000
      vertex  3.938177e+001  1.442415e+001  2.547673e+000
      vertex  3.938177e+001  1.359357e+001  1.990773e+000
    endloop
  endfacet
  facet normal -9.411321e-001 -1.882542e-001  2.807678e-001
    outer loop
      vertex  3.938177e+001  1.359357e+001  1.990773e+000
      vertex  3.938177e+001  1.442415e+001  2.547673e+000
      vertex  3.920374e+001  1.468200e+001  2.123827e+000
    endloop
  endfacet
  facet normal -9.157994e-001 -1.928556e-001  3.523040e-001
    outer loop
      vertex  3.938177e+001  1.359357e+001  1.990773e+000
      vertex  3.920374e+001  1.468200e+001  2.123827e+000
      vertex  3.920374e+001  1.380483e+001  1.643651e+000
    endloop
  endfacet
  facet normal -9.483870e-001 -1.522708e-001  2.781646e-001
    outer loop
      vertex  3.920374e+001  1.380483e+001  1.643651e+000
      vertex  3.920374e+001  1.468200e+001  2.123827e+000
      vertex  3.908585e+001  1.484066e+001  1.808726e+000
    endloop
  endfacet
  facet normal -9.231467e-001 -1.607248e-001  3.492387e-001
    outer loop
      vertex  3.920374e+001  1.380483e+001  1.643651e+000
      vertex  3.908585e+001  1.484066e+001  1.808726e+000
      vertex  3.908585e+001  1.393224e+001  1.390658e+000
    endloop
  endfacet
  facet normal -9.576632e-001 -1.203575e-001  2.615246e-001
    outer loop
      vertex  3.908585e+001  1.393224e+001  1.390658e+000
      vertex  3.908585e+001  1.484066e+001  1.808726e+000
      vertex  3.897765e+001  1.497884e+001  1.476119e+000
    endloop
  endfacet
  facet normal -9.345583e-001 -1.238510e-001  3.335593e-001
    outer loop
      vertex  3.908585e+001  1.393224e+001  1.390658e+000
      vertex  3.897765e+001  1.497884e+001  1.476119e+000
      vertex  3.897765e+001  1.404136e+001  1.128032e+000
    endloop
  endfacet
  facet normal -9.693469e-001 -8.552232e-002  2.303313e-001
    outer loop
      vertex  3.897765e+001  1.404136e+001  1.128032e+000
      vertex  3.897765e+001  1.497884e+001  1.476119e+000
      vertex  3.888442e+001  1.509287e+001  1.126081e+000
    endloop
  endfacet
  facet normal -9.507319e-001 -8.374535e-002  2.984889e-001
    outer loop
      vertex  3.897765e+001  1.404136e+001  1.128032e+000
      vertex  3.888442e+001  1.509287e+001  1.126081e+000
      vertex  3.888442e+001  1.413002e+001  8.559405e-001
    endloop
  endfacet
  facet normal -9.818668e-001 -5.120988e-002  1.825245e-001
    outer loop
      vertex  3.888442e+001  1.413002e+001  8.559405e-001
      vertex  3.888442e+001  1.509287e+001  1.126081e+000
      vertex  3.881202e+001  1.517854e+001  7.606338e-001
    endloop
  endfacet
  facet normal -9.697385e-001 -4.515404e-002  2.399338e-001
    outer loop
      vertex  3.888442e+001  1.413002e+001  8.559405e-001
      vertex  3.881202e+001  1.517854e+001  7.606338e-001
      vertex  3.881202e+001  1.419577e+001  5.756830e-001
    endloop
  endfacet
  facet normal -9.927295e-001 -2.226145e-002  1.182901e-001
    outer loop
      vertex  3.881202e+001  1.419577e+001  5.756830e-001
      vertex  3.881202e+001  1.517854e+001  7.606338e-001
      vertex  3.876588e+001  1.523187e+001  3.835236e-001
    endloop
  endfacet
  facet normal -9.874808e-001 -1.484122e-002  1.570392e-001
    outer loop
      vertex  3.881202e+001  1.419577e+001  5.756830e-001
      vertex  3.876588e+001  1.523187e+001  3.835236e-001
      vertex  3.876588e+001  1.423630e+001  2.894359e-001
    endloop
  endfacet
  facet normal -9.991435e-001 -3.893430e-003  4.119749e-002
    outer loop
      vertex  3.876588e+001  1.423630e+001  2.894359e-001
      vertex  3.876588e+001  1.523187e+001  3.835236e-001
      vertex  3.875000e+001  1.525000e+001  2.220446e-016
    endloop
  endfacet
  facet normal -9.984975e-001 -1.216762e-017  5.479809e-002
    outer loop
      vertex  3.876588e+001  1.423630e+001  2.894359e-001
      vertex  3.875000e+001  1.525000e+001  2.220446e-016
      vertex  3.875000e+001  1.425000e+001  0.000000e+000
    endloop
  endfacet
  facet normal -9.541653e-001 -2.274641e-001  1.944957e-001
    outer loop
      vertex  3.990771e+001  1.347625e+001  3.663971e+000
      vertex  4.006146e+001  1.246286e+001  3.233088e+000
      vertex  4.006146e+001  1.311274e+001  3.993125e+000
    endloop
  endfacet
  facet normal -9.554672e-001 -2.242851e-001  1.917775e-001
    outer loop
      vertex  4.006146e+001  1.311274e+001  3.993125e+000
      vertex  4.006146e+001  1.246286e+001  3.233088e+000
      vertex  4.019764e+001  1.212012e+001  3.510700e+000
    endloop
  endfacet
  facet normal -9.639363e-001 -2.110413e-001  1.621366e-001
    outer loop
      vertex  4.006146e+001  1.311274e+001  3.993125e+000
      vertex  4.019764e+001  1.212012e+001  3.510700e+000
      vertex  4.019764e+001  1.272935e+001  4.303692e+000
    endloop
  endfacet
  facet normal -9.690046e-001 -1.959030e-001  1.505064e-001
    outer loop
      vertex  4.019764e+001  1.272935e+001  4.303692e+000
      vertex  4.019764e+001  1.212012e+001  3.510700e+000
      vertex  4.032048e+001  1.173038e+001  3.794315e+000
    endloop
  endfacet
  facet normal -9.744394e-001 -1.848928e-001  1.276028e-001
    outer loop
      vertex  4.019764e+001  1.272935e+001  4.303692e+000
      vertex  4.032048e+001  1.173038e+001  3.794315e+000
      vertex  4.032048e+001  1.229838e+001  4.617335e+000
    endloop
  endfacet
  facet normal -9.815927e-001 -1.571860e-001  1.084811e-001
    outer loop
      vertex  4.032048e+001  1.229838e+001  4.617335e+000
      vertex  4.032048e+001  1.173038e+001  3.794315e+000
      vertex  4.041584e+001  1.132041e+001  4.063145e+000
    endloop
  endfacet
  facet normal -9.845685e-001 -1.484844e-001  9.261344e-002
    outer loop
      vertex  4.032048e+001  1.229838e+001  4.617335e+000
      vertex  4.041584e+001  1.132041e+001  4.063145e+000
      vertex  4.041584e+001  1.184962e+001  4.911612e+000
    endloop
  endfacet
  facet normal -9.916114e-001 -1.096711e-001  6.840463e-002
    outer loop
      vertex  4.041584e+001  1.184962e+001  4.911612e+000
      vertex  4.041584e+001  1.132041e+001  4.063145e+000
      vertex  4.048062e+001  1.089306e+001  4.317023e+000
    endloop
  endfacet
  facet normal -9.928645e-001 -1.037640e-001  5.876488e-002
    outer loop
      vertex  4.041584e+001  1.184962e+001  4.911612e+000
      vertex  4.048062e+001  1.089306e+001  4.317023e+000
      vertex  4.048062e+001  1.138583e+001  5.187138e+000
    endloop
  endfacet
  facet normal -9.980406e-001 -5.444441e-002  3.083362e-002
    outer loop
      vertex  4.048062e+001  1.138583e+001  5.187138e+000
      vertex  4.048062e+001  1.089306e+001  4.317023e+000
      vertex  4.051208e+001  1.045147e+001  4.555712e+000
    endloop
  endfacet
  facet normal -9.983114e-001 -5.162009e-002  2.664078e-002
    outer loop
      vertex  4.048062e+001  1.138583e+001  5.187138e+000
      vertex  4.051208e+001  1.045147e+001  4.555712e+000
      vertex  4.051208e+001  1.091006e+001  5.444308e+000
    endloop
  endfacet
  facet normal -9.999925e-001 -3.428025e-003  1.769181e-003
    outer loop
      vertex  4.051208e+001  1.091006e+001  5.444308e+000
      vertex  4.051208e+001  1.045147e+001  4.555712e+000
      vertex  4.051338e+001  1.015082e+001  4.706269e+000
    endloop
  endfacet
  facet normal -9.999935e-001 -3.237306e-003  1.572979e-003
    outer loop
      vertex  4.051208e+001  1.091006e+001  5.444308e+000
      vertex  4.051338e+001  1.015082e+001  4.706269e+000
      vertex  4.051338e+001  1.058784e+001  5.605681e+000
    endloop
  endfacet
  facet normal -9.989887e-001  4.044153e-002 -1.965020e-002
    outer loop
      vertex  4.051338e+001  1.058784e+001  5.605681e+000
      vertex  4.051338e+001  1.015082e+001  4.706269e+000
      vertex  4.049823e+001  9.846410e+000  4.849885e+000
    endloop
  endfacet
  facet normal -9.991129e-001  3.828622e-002 -1.753338e-002
    outer loop
      vertex  4.051338e+001  1.058784e+001  5.605681e+000
      vertex  4.049823e+001  9.846410e+000  4.849885e+000
      vertex  4.049823e+001  1.026277e+001  5.759054e+000
    endloop
  endfacet
  facet normal -9.954708e-001  8.643480e-002 -3.958328e-002
    outer loop
      vertex  4.049823e+001  1.026277e+001  5.759054e+000
      vertex  4.049823e+001  9.846410e+000  4.849885e+000
      vertex  4.046614e+001  9.539354e+000  4.986494e+000
    endloop
  endfacet
  facet normal -9.959989e-001  8.203635e-002 -3.544271e-002
    outer loop
      vertex  4.049823e+001  1.026277e+001  5.759054e+000
      vertex  4.046614e+001  9.539354e+000  4.986494e+000
      vertex  4.046614e+001  9.935953e+000  5.904469e+000
    endloop
  endfacet
  facet normal -9.892543e-001  1.342149e-001 -5.798575e-002
    outer loop
      vertex  4.046614e+001  9.935953e+000  5.904469e+000
      vertex  4.046614e+001  9.539354e+000  4.986494e+000
      vertex  4.041668e+001  9.230819e+000  5.116047e+000
    endloop
  endfacet
  facet normal -9.904417e-001  1.277147e-001 -5.209773e-002
    outer loop
      vertex  4.046614e+001  9.935953e+000  5.904469e+000
      vertex  4.041668e+001  9.230819e+000  5.116047e+000
      vertex  4.041668e+001  9.608522e+000  6.041966e+000
    endloop
  endfacet
  facet normal -9.801876e-001  1.833993e-001 -7.481278e-002
    outer loop
      vertex  4.041668e+001  9.608522e+000  6.041966e+000
      vertex  4.041668e+001  9.230819e+000  5.116047e+000
      vertex  4.034956e+001  8.922012e+000  5.238518e+000
    endloop
  endfacet
  facet normal -9.822593e-001  1.749795e-001 -6.744527e-002
    outer loop
      vertex  4.041668e+001  9.608522e+000  6.041966e+000
      vertex  4.034956e+001  8.922012e+000  5.238518e+000
      vertex  4.034956e+001  9.281667e+000  6.171602e+000
    endloop
  endfacet
  facet normal -9.681362e-001  2.336672e-001 -9.006627e-002
    outer loop
      vertex  4.034956e+001  9.281667e+000  6.171602e+000
      vertex  4.034956e+001  8.922012e+000  5.238518e+000
      vertex  4.026453e+001  8.614191e+000  5.353905e+000
    endloop
  endfacet
  facet normal -9.712836e-001  2.235408e-001 -8.147293e-002
    outer loop
      vertex  4.034956e+001  9.281667e+000  6.171602e+000
      vertex  4.026453e+001  8.614191e+000  5.353905e+000
      vertex  4.026453e+001  8.956622e+000  6.293448e+000
    endloop
  endfacet
  facet normal  0.000000e+000  6.712120e-001  7.412655e-001
    outer loop
      vertex  4.006146e+001  1.311274e+001  3.993125e+000
      vertex  4.090771e+001  1.347625e+001  3.663971e+000
      vertex  3.990771e+001  1.347625e+001  3.663971e+000
    endloop
  endfacet
  facet normal  -0.000000e+000  7.149747e-001  6.991503e-001
    outer loop
      vertex  3.990771e+001  1.347625e+001  3.663971e+000
      vertex  4.090771e+001  1.347625e+001  3.663971e+000
      vertex  4.074006e+001  1.381771e+001  3.314780e+000
    endloop
  endfacet
  facet normal  0.000000e+000  7.149747e-001  6.991503e-001
    outer loop
      vertex  3.990771e+001  1.347625e+001  3.663971e+000
      vertex  4.074006e+001  1.381771e+001  3.314780e+000
      vertex  3.974006e+001  1.381771e+001  3.314780e+000
    endloop
  endfacet
  facet normal  -0.000000e+000  7.604749e-001  6.493675e-001
    outer loop
      vertex  3.974006e+001  1.381771e+001  3.314780e+000
      vertex  4.074006e+001  1.381771e+001  3.314780e+000
      vertex  4.056290e+001  1.413470e+001  2.943554e+000
    endloop
  endfacet
  facet normal  0.000000e+000  7.604749e-001  6.493675e-001
    outer loop
      vertex  3.974006e+001  1.381771e+001  3.314780e+000
      vertex  4.056290e+001  1.413470e+001  2.943554e+000
      vertex  3.956290e+001  1.413470e+001  2.943554e+000
    endloop
  endfacet
  facet normal  -0.000000e+000  8.072425e-001  5.902200e-001
    outer loop
      vertex  3.956290e+001  1.413470e+001  2.943554e+000
      vertex  4.056290e+001  1.413470e+001  2.943554e+000
      vertex  4.038177e+001  1.442415e+001  2.547673e+000
    endloop
  endfacet
  facet normal  0.000000e+000  8.072425e-001  5.902200e-001
    outer loop
      vertex  3.956290e+001  1.413470e+001  2.943554e+000
      vertex  4.038177e+001  1.442415e+001  2.547673e+000
      vertex  3.938177e+001  1.442415e+001  2.547673e+000
    endloop
  endfacet
  facet normal  -0.000000e+000  8.543237e-001  5.197412e-001
    outer loop
      vertex  3.938177e+001  1.442415e+001  2.547673e+000
      vertex  4.038177e+001  1.442415e+001  2.547673e+000
      vertex  4.020374e+001  1.468200e+001  2.123827e+000
    endloop
  endfacet
  facet normal  0.000000e+000  8.543237e-001  5.197412e-001
    outer loop
      vertex  3.938177e+001  1.442415e+001  2.547673e+000
      vertex  4.020374e+001  1.468200e+001  2.123827e+000
      vertex  3.920374e+001  1.468200e+001  2.123827e+000
    endloop
  endfacet
  facet normal  -0.000000e+000  8.931710e-001  4.497172e-001
    outer loop
      vertex  3.920374e+001  1.468200e+001  2.123827e+000
      vertex  4.020374e+001  1.468200e+001  2.123827e+000
      vertex  4.008585e+001  1.484066e+001  1.808726e+000
    endloop
  endfacet
  facet normal  0.000000e+000  8.931710e-001  4.497172e-001
    outer loop
      vertex  3.920374e+001  1.468200e+001  2.123827e+000
      vertex  4.008585e+001  1.484066e+001  1.808726e+000
      vertex  3.908585e+001  1.484066e+001  1.808726e+000
    endloop
  endfacet
  facet normal  -0.000000e+000  9.234788e-001  3.836494e-001
    outer loop
      vertex  3.908585e+001  1.484066e+001  1.808726e+000
      vertex  4.008585e+001  1.484066e+001  1.808726e+000
      vertex  3.997765e+001  1.497884e+001  1.476119e+000
    endloop
  endfacet
  facet normal  0.000000e+000  9.234788e-001  3.836494e-001
    outer loop
      vertex  3.908585e+001  1.484066e+001  1.808726e+000
      vertex  3.997765e+001  1.497884e+001  1.476119e+000
      vertex  3.897765e+001  1.497884e+001  1.476119e+000
    endloop
  endfacet
  facet normal  -0.000000e+000  9.508179e-001  3.097503e-001
    outer loop
      vertex  3.897765e+001  1.497884e+001  1.476119e+000
      vertex  3.997765e+001  1.497884e+001  1.476119e+000
      vertex  3.988442e+001  1.509287e+001  1.126081e+000
    endloop
  endfacet
  facet normal  0.000000e+000  9.508179e-001  3.097503e-001
    outer loop
      vertex  3.897765e+001  1.497884e+001  1.476119e+000
      vertex  3.988442e+001  1.509287e+001  1.126081e+000
      vertex  3.888442e+001  1.509287e+001  1.126081e+000
    endloop
  endfacet
  facet normal  -0.000000e+000  9.736080e-001  2.282265e-001
    outer loop
      vertex  3.888442e+001  1.509287e+001  1.126081e+000
      vertex  3.988442e+001  1.509287e+001  1.126081e+000
      vertex  3.981202e+001  1.517854e+001  7.606338e-001
    endloop
  endfacet
  facet normal  0.000000e+000  9.736080e-001  2.282265e-001
    outer loop
      vertex  3.888442e+001  1.509287e+001  1.126081e+000
      vertex  3.981202e+001  1.517854e+001  7.606338e-001
      vertex  3.881202e+001  1.517854e+001  7.606338e-001
    endloop
  endfacet
  facet normal  -0.000000e+000  9.901458e-001  1.400401e-001
    outer loop
      vertex  3.881202e+001  1.517854e+001  7.606338e-001
      vertex  3.981202e+001  1.517854e+001  7.606338e-001
      vertex  3.976588e+001  1.523187e+001  3.835236e-001
    endloop
  endfacet
  facet normal  0.000000e+000  9.901458e-001  1.400401e-001
    outer loop
      vertex  3.881202e+001  1.517854e+001  7.606338e-001
      vertex  3.976588e+001  1.523187e+001  3.835236e-001
      vertex  3.876588e+001  1.523187e+001  3.835236e-001
    endloop
  endfacet
  facet normal  -0.000000e+000  9.988847e-001  4.721528e-002
    outer loop
      vertex  3.876588e+001  1.523187e+001  3.835236e-001
      vertex  3.976588e+001  1.523187e+001  3.835236e-001
      vertex  3.975000e+001  1.525000e+001  2.220446e-016
    endloop
  endfacet
  facet normal  0.000000e+000  9.988847e-001  4.721528e-002
    outer loop
      vertex  3.876588e+001  1.523187e+001  3.835236e-001
      vertex  3.975000e+001  1.525000e+001  2.220446e-016
      vertex  3.875000e+001  1.525000e+001  2.220446e-016
    endloop
  endfacet
  facet normal  -0.000000e+000  6.712120e-001  7.412655e-001
    outer loop
      vertex  4.090771e+001  1.347625e+001  3.663971e+000
      vertex  4.006146e+001  1.311274e+001  3.993125e+000
      vertex  4.106146e+001  1.311274e+001  3.993125e+000
    endloop
  endfacet
  facet normal  0.000000e+000  6.294436e-001  7.770461e-001
    outer loop
      vertex  4.106146e+001  1.311274e+001  3.993125e+000
      vertex  4.006146e+001  1.311274e+001  3.993125e+000
      vertex  4.019764e+001  1.272935e+001  4.303692e+000
    endloop
  endfacet
  facet normal  -0.000000e+000  6.294436e-001  7.770461e-001
    outer loop
      vertex  4.106146e+001  1.311274e+001  3.993125e+000
      vertex  4.019764e+001  1.272935e+001  4.303692e+000
      vertex  4.119764e+001  1.272935e+001  4.303692e+000
    endloop
  endfacet
  facet normal  0.000000e+000  5.884318e-001  8.085468e-001
    outer loop
      vertex  4.119764e+001  1.272935e+001  4.303692e+000
      vertex  4.019764e+001  1.272935e+001  4.303692e+000
      vertex  4.032048e+001  1.229838e+001  4.617335e+000
    endloop
  endfacet
  facet normal  -0.000000e+000  5.884318e-001  8.085468e-001
    outer loop
      vertex  4.119764e+001  1.272935e+001  4.303692e+000
      vertex  4.032048e+001  1.229838e+001  4.617335e+000
      vertex  4.132048e+001  1.229838e+001  4.617335e+000
    endloop
  endfacet
  facet normal  0.000000e+000  5.483647e-001  8.362392e-001
    outer loop
      vertex  4.132048e+001  1.229838e+001  4.617335e+000
      vertex  4.032048e+001  1.229838e+001  4.617335e+000
      vertex  4.041584e+001  1.184962e+001  4.911612e+000
    endloop
  endfacet
  facet normal  -0.000000e+000  5.483647e-001  8.362392e-001
    outer loop
      vertex  4.132048e+001  1.229838e+001  4.617335e+000
      vertex  4.041584e+001  1.184962e+001  4.911612e+000
      vertex  4.141584e+001  1.184962e+001  4.911612e+000
    endloop
  endfacet
  facet normal  0.000000e+000  5.107516e-001  8.597284e-001
    outer loop
      vertex  4.141584e+001  1.184962e+001  4.911612e+000
      vertex  4.041584e+001  1.184962e+001  4.911612e+000
      vertex  4.048062e+001  1.138583e+001  5.187138e+000
    endloop
  endfacet
  facet normal  -0.000000e+000  5.107516e-001  8.597284e-001
    outer loop
      vertex  4.141584e+001  1.184962e+001  4.911612e+000
      vertex  4.048062e+001  1.138583e+001  5.187138e+000
      vertex  4.148062e+001  1.138583e+001  5.187138e+000
    endloop
  endfacet
  facet normal  0.000000e+000  4.755124e-001  8.797091e-001
    outer loop
      vertex  4.148062e+001  1.138583e+001  5.187138e+000
      vertex  4.048062e+001  1.138583e+001  5.187138e+000
      vertex  4.051208e+001  1.091006e+001  5.444308e+000
    endloop
  endfacet
  facet normal  -0.000000e+000  4.755124e-001  8.797091e-001
    outer loop
      vertex  4.148062e+001  1.138583e+001  5.187138e+000
      vertex  4.051208e+001  1.091006e+001  5.444308e+000
      vertex  4.151208e+001  1.091006e+001  5.444308e+000
    endloop
  endfacet
  facet normal  0.000000e+000  4.477883e-001  8.941396e-001
    outer loop
      vertex  4.151208e+001  1.091006e+001  5.444308e+000
      vertex  4.051208e+001  1.091006e+001  5.444308e+000
      vertex  4.051338e+001  1.058784e+001  5.605681e+000
    endloop
  endfacet
  facet normal  -0.000000e+000  4.477883e-001  8.941396e-001
    outer loop
      vertex  4.151208e+001  1.091006e+001  5.444308e+000
      vertex  4.051338e+001  1.058784e+001  5.605681e+000
      vertex  4.151338e+001  1.058784e+001  5.605681e+000
    endloop
  endfacet
  facet normal  0.000000e+000  4.267096e-001  9.043887e-001
    outer loop
      vertex  4.151338e+001  1.058784e+001  5.605681e+000
      vertex  4.051338e+001  1.058784e+001  5.605681e+000
      vertex  4.049823e+001  1.026277e+001  5.759054e+000
    endloop
  endfacet
  facet normal  -0.000000e+000  4.267096e-001  9.043887e-001
    outer loop
      vertex  4.151338e+001  1.058784e+001  5.605681e+000
      vertex  4.049823e+001  1.026277e+001  5.759054e+000
      vertex  4.149823e+001  1.026277e+001  5.759054e+000
    endloop
  endfacet
  facet normal  0.000000e+000  4.065189e-001  9.136424e-001
    outer loop
      vertex  4.149823e+001  1.026277e+001  5.759054e+000
      vertex  4.049823e+001  1.026277e+001  5.759054e+000
      vertex  4.046614e+001  9.935953e+000  5.904469e+000
    endloop
  endfacet
  facet normal  -0.000000e+000  4.065189e-001  9.136424e-001
    outer loop
      vertex  4.149823e+001  1.026277e+001  5.759054e+000
      vertex  4.046614e+001  9.935953e+000  5.904469e+000
      vertex  4.146614e+001  9.935953e+000  5.904469e+000
    endloop
  endfacet
  facet normal  0.000000e+000  3.871774e-001  9.220052e-001
    outer loop
      vertex  4.146614e+001  9.935953e+000  5.904469e+000
      vertex  4.046614e+001  9.935953e+000  5.904469e+000
      vertex  4.041668e+001  9.608522e+000  6.041966e+000
    endloop
  endfacet
  facet normal  -0.000000e+000  3.871774e-001  9.220052e-001
    outer loop
      vertex  4.146614e+001  9.935953e+000  5.904469e+000
      vertex  4.041668e+001  9.608522e+000  6.041966e+000
      vertex  4.141668e+001  9.608522e+000  6.041966e+000
    endloop
  endfacet
  facet normal  0.000000e+000  3.686765e-001  9.295578e-001
    outer loop
      vertex  4.141668e+001  9.608522e+000  6.041966e+000
      vertex  4.041668e+001  9.608522e+000  6.041966e+000
      vertex  4.034956e+001  9.281667e+000  6.171602e+000
    endloop
  endfacet
  facet normal  -0.000000e+000  3.686765e-001  9.295578e-001
    outer loop
      vertex  4.141668e+001  9.608522e+000  6.041966e+000
      vertex  4.034956e+001  9.281667e+000  6.171602e+000
      vertex  4.134956e+001  9.281667e+000  6.171602e+000
    endloop
  endfacet
  facet normal  0.000000e+000  3.510072e-001  9.363728e-001
    outer loop
      vertex  4.134956e+001  9.281667e+000  6.171602e+000
      vertex  4.034956e+001  9.281667e+000  6.171602e+000
      vertex  4.026453e+001  8.956622e+000  6.293448e+000
    endloop
  endfacet
  facet normal  -0.000000e+000  3.510072e-001  9.363728e-001
    outer loop
      vertex  4.134956e+001  9.281667e+000  6.171602e+000
      vertex  4.026453e+001  8.956622e+000  6.293448e+000
      vertex  4.126453e+001  8.956622e+000  6.293448e+000
    endloop
  endfacet
  facet normal -9.996591e-001  2.610165e-002 -6.033743e-004
    outer loop
      vertex  3.701473e+001  1.430055e-007  6.750000e+000
      vertex  3.703252e+001  7.044751e-001  7.741864e+000
      vertex  3.703252e+001  6.813650e-001  6.742131e+000
    endloop
  endfacet
  facet normal -9.971361e-001  7.560740e-002 -1.747765e-003
    outer loop
      vertex  3.703252e+001  6.813650e-001  6.742131e+000
      vertex  3.703252e+001  7.044751e-001  7.741864e+000
      vertex  3.708581e+001  1.406686e+000  7.717514e+000
    endloop
  endfacet
  facet normal -9.969385e-001  7.810661e-002 -3.617045e-003
    outer loop
      vertex  3.703252e+001  6.813650e-001  6.742131e+000
      vertex  3.708581e+001  1.406686e+000  7.717514e+000
      vertex  3.708581e+001  1.360426e+000  6.718584e+000
    endloop
  endfacet
  facet normal -9.920746e-001  1.255153e-001 -5.812498e-003
    outer loop
      vertex  3.708581e+001  1.360426e+000  6.718584e+000
      vertex  3.708581e+001  1.406686e+000  7.717514e+000
      vertex  3.717433e+001  2.104448e+000  7.677099e+000
    endloop
  endfacet
  facet normal -9.915264e-001  1.295915e-001 -9.027115e-003
    outer loop
      vertex  3.708581e+001  1.360426e+000  6.718584e+000
      vertex  3.717433e+001  2.104448e+000  7.677099e+000
      vertex  3.717433e+001  2.034958e+000  6.679515e+000
    endloop
  endfacet
  facet normal -9.845544e-001  1.746552e-001 -1.216617e-002
    outer loop
      vertex  3.717433e+001  2.034958e+000  6.679515e+000
      vertex  3.717433e+001  2.104448e+000  7.677099e+000
      vertex  3.729764e+001  2.795667e+000  7.620855e+000
    endloop
  endfacet
  facet normal -9.834824e-001  1.802220e-001 -1.680520e-002
    outer loop
      vertex  3.717433e+001  2.034958e+000  6.679515e+000
      vertex  3.729764e+001  2.795667e+000  7.620855e+000
      vertex  3.729764e+001  2.702822e+000  6.625172e+000
    endloop
  endfacet
  facet normal -9.746586e-001  2.227312e-001 -2.076908e-002
    outer loop
      vertex  3.729764e+001  2.702822e+000  6.625172e+000
      vertex  3.729764e+001  2.795667e+000  7.620855e+000
      vertex  3.745518e+001  3.478342e+000  7.549099e+000
    endloop
  endfacet
  facet normal -9.728918e-001  2.296899e-001 -2.691124e-002
    outer loop
      vertex  3.729764e+001  2.702822e+000  6.625172e+000
      vertex  3.745518e+001  3.478342e+000  7.549099e+000
      vertex  3.745518e+001  3.361974e+000  6.555890e+000
    endloop
  endfacet
  facet normal -9.624933e-001  2.694623e-001 -3.157111e-002
    outer loop
      vertex  3.745518e+001  3.361974e+000  6.555890e+000
      vertex  3.745518e+001  3.478342e+000  7.549099e+000
      vertex  3.764622e+001  4.150568e+000  7.462226e+000
    endloop
  endfacet
  facet normal -9.598634e-001  2.777016e-001 -3.929447e-002
    outer loop
      vertex  3.745518e+001  3.361974e+000  6.555890e+000
      vertex  3.764622e+001  4.150568e+000  7.462226e+000
      vertex  3.764622e+001  4.010464e+000  6.472085e+000
    endloop
  endfacet
  facet normal -9.481813e-001  3.145957e-001 -4.451493e-002
    outer loop
      vertex  3.764622e+001  4.010464e+000  6.472085e+000
      vertex  3.764622e+001  4.150568e+000  7.462226e+000
      vertex  3.786996e+001  4.810535e+000  7.360705e+000
    endloop
  endfacet
  facet normal -9.445232e-001  3.239924e-001 -5.389634e-002
    outer loop
      vertex  3.764622e+001  4.010464e+000  6.472085e+000
      vertex  3.786996e+001  4.810535e+000  7.360705e+000
      vertex  3.786996e+001  4.646439e+000  6.374256e+000
    endloop
  endfacet
  facet normal -9.318565e-001  3.579089e-001 -5.953836e-002
    outer loop
      vertex  3.786996e+001  4.646439e+000  6.374256e+000
      vertex  3.786996e+001  4.810535e+000  7.360705e+000
      vertex  3.812547e+001  5.456535e+000  7.245076e+000
    endloop
  endfacet
  facet normal -9.270075e-001  3.683275e-001 -7.065319e-002
    outer loop
      vertex  3.786996e+001  4.646439e+000  6.374256e+000
      vertex  3.812547e+001  5.456535e+000  7.245076e+000
      vertex  3.812547e+001  5.268147e+000  6.262977e+000
    endloop
  endfacet
  facet normal -9.136689e-001  3.991816e-001 -7.657169e-002
    outer loop
      vertex  3.812547e+001  5.268147e+000  6.262977e+000
      vertex  3.812547e+001  5.456535e+000  7.245076e+000
      vertex  3.841172e+001  6.086962e+000  7.115949e+000
    endloop
  endfacet
  facet normal -9.074700e-001  4.104744e-001 -8.949249e-002
    outer loop
      vertex  3.812547e+001  5.268147e+000  6.262977e+000
      vertex  3.841172e+001  6.086962e+000  7.115949e+000
      vertex  3.841172e+001  5.873943e+000  6.138897e+000
    endloop
  endfacet
  facet normal -8.937637e-001  4.382435e-001 -9.554677e-002
    outer loop
      vertex  3.841172e+001  5.873943e+000  6.138897e+000
      vertex  3.841172e+001  6.086962e+000  7.115949e+000
      vertex  3.872764e+001  6.700311e+000  6.973995e+000
    endloop
  endfacet
  facet normal -8.860584e-001  4.502499e-001 -1.103426e-001
    outer loop
      vertex  3.841172e+001  5.873943e+000  6.138897e+000
      vertex  3.872764e+001  6.700311e+000  6.973995e+000
      vertex  3.872764e+001  6.462284e+000  6.002734e+000
    endloop
  endfacet
  facet normal -8.722906e-001  4.749337e-001 -1.163919e-001
    outer loop
      vertex  3.872764e+001  6.462284e+000  6.002734e+000
      vertex  3.872764e+001  6.700311e+000  6.973995e+000
      vertex  3.907209e+001  7.295185e+000  6.819950e+000
    endloop
  endfacet
  facet normal -8.629255e-001  4.874803e-001 -1.331266e-001
    outer loop
      vertex  3.872764e+001  6.462284e+000  6.002734e+000
      vertex  3.907209e+001  7.295185e+000  6.819950e+000
      vertex  3.907209e+001  7.031741e+000  5.855274e+000
    endloop
  endfacet
  facet normal -8.493979e-001  5.091099e-001 -1.390334e-001
    outer loop
      vertex  3.907209e+001  7.031741e+000  5.855274e+000
      vertex  3.907209e+001  7.295185e+000  6.819950e+000
      vertex  3.944386e+001  7.870296e+000  6.654604e+000
    endloop
  endfacet
  facet normal -8.382213e-001  5.220107e-001 -1.577655e-001
    outer loop
      vertex  3.907209e+001  7.031741e+000  5.855274e+000
      vertex  3.944386e+001  7.870296e+000  6.654604e+000
      vertex  3.944386e+001  7.580993e+000  5.697366e+000
    endloop
  endfacet
  facet normal -8.252144e-001  5.406665e-001 -1.634038e-001
    outer loop
      vertex  3.944386e+001  7.580993e+000  5.697366e+000
      vertex  3.944386e+001  7.870296e+000  6.654604e+000
      vertex  3.984175e+001  8.424463e+000  6.478805e+000
    endloop
  endfacet
  facet normal -8.120778e-001  5.537204e-001 -1.841828e-001
    outer loop
      vertex  3.944386e+001  7.580993e+000  5.697366e+000
      vertex  3.984175e+001  8.424463e+000  6.478805e+000
      vertex  3.984175e+001  8.108838e+000  5.529921e+000
    endloop
  endfacet
  facet normal -7.998773e-001  5.694857e-001 -1.894268e-001
    outer loop
      vertex  3.984175e+001  8.108838e+000  5.529921e+000
      vertex  3.984175e+001  8.424463e+000  6.478805e+000
      vertex  4.026453e+001  8.956622e+000  6.293448e+000
    endloop
  endfacet
  facet normal -7.846342e-001  5.824781e-001 -2.122933e-001
    outer loop
      vertex  3.984175e+001  8.108838e+000  5.529921e+000
      vertex  4.026453e+001  8.956622e+000  6.293448e+000
      vertex  4.026453e+001  8.614191e+000  5.353905e+000
    endloop
  endfacet
  facet normal -9.996811e-001  2.525268e-002  2.355024e-009
    outer loop
      vertex  3.703252e+001  7.044751e-001  7.741864e+000
      vertex  3.701473e+001  1.430055e-007  6.750000e+000
      vertex  3.701473e+001  4.974714e-008  7.750000e+000
    endloop
  endfacet
  facet normal -9.996591e-001 -2.610849e-002 -2.434835e-009
    outer loop
      vertex  3.701473e+001  4.974714e-008  7.750000e+000
      vertex  3.701473e+001  1.430055e-007  6.750000e+000
      vertex  3.703252e+001 -6.813681e-001  6.742131e+000
    endloop
  endfacet
  facet normal -9.996811e-001 -2.524582e-002 -5.836040e-004
    outer loop
      vertex  3.701473e+001  4.974714e-008  7.750000e+000
      vertex  3.703252e+001 -6.813681e-001  6.742131e+000
      vertex  3.703252e+001 -7.044787e-001  7.741864e+000
    endloop
  endfacet
  facet normal -9.969385e-001 -7.816939e-002 -1.807031e-003
    outer loop
      vertex  3.703252e+001 -7.044787e-001  7.741864e+000
      vertex  3.703252e+001 -6.813681e-001  6.742131e+000
      vertex  3.708581e+001 -1.360429e+000  6.718583e+000
    endloop
  endfacet
  facet normal -9.971361e-001 -7.554664e-002 -3.498574e-003
    outer loop
      vertex  3.703252e+001 -7.044787e-001  7.741864e+000
      vertex  3.708581e+001 -1.360429e+000  6.718583e+000
      vertex  3.708581e+001 -1.406690e+000  7.717514e+000
    endloop
  endfacet
  facet normal -9.915264e-001 -1.297666e-001 -6.009508e-003
    outer loop
      vertex  3.708581e+001 -1.406690e+000  7.717514e+000
      vertex  3.708581e+001 -1.360429e+000  6.718583e+000
      vertex  3.717433e+001 -2.034959e+000  6.679514e+000
    endloop
  endfacet
  facet normal -9.920745e-001 -1.253466e-001 -8.731569e-003
    outer loop
      vertex  3.708581e+001 -1.406690e+000  7.717514e+000
      vertex  3.717433e+001 -2.034959e+000  6.679514e+000
      vertex  3.717433e+001 -2.104450e+000  7.677099e+000
    endloop
  endfacet
  facet normal -9.834823e-001 -1.805668e-001 -1.257818e-002
    outer loop
      vertex  3.717433e+001 -2.104450e+000  7.677099e+000
      vertex  3.717433e+001 -2.034959e+000  6.679514e+000
      vertex  3.729764e+001 -2.702820e+000  6.625172e+000
    endloop
  endfacet
  facet normal -9.845543e-001 -1.743234e-001 -1.625529e-002
    outer loop
      vertex  3.717433e+001 -2.104450e+000  7.677099e+000
      vertex  3.729764e+001 -2.702820e+000  6.625172e+000
      vertex  3.729764e+001 -2.795665e+000  7.620855e+000
    endloop
  endfacet
  facet normal -9.728928e-001 -2.302576e-001 -2.147104e-002
    outer loop
      vertex  3.729764e+001 -2.795665e+000  7.620855e+000
      vertex  3.729764e+001 -2.702820e+000  6.625172e+000
      vertex  3.745517e+001 -3.361968e+000  6.555890e+000
    endloop
  endfacet
  facet normal -9.746594e-001 -2.221743e-001 -2.603073e-002
    outer loop
      vertex  3.729764e+001 -2.795665e+000  7.620855e+000
      vertex  3.745517e+001 -3.361968e+000  6.555890e+000
      vertex  3.745517e+001 -3.478336e+000  7.549100e+000
    endloop
  endfacet
  facet normal -9.598632e-001 -2.785633e-001 -3.263746e-002
    outer loop
      vertex  3.745517e+001 -3.478336e+000  7.549100e+000
      vertex  3.745517e+001 -3.361968e+000  6.555890e+000
      vertex  3.764622e+001 -4.010455e+000  6.472085e+000
    endloop
  endfacet
  facet normal -9.624926e-001 -2.686317e-001 -3.801076e-002
    outer loop
      vertex  3.745517e+001 -3.478336e+000  7.549100e+000
      vertex  3.764622e+001 -4.010455e+000  6.472085e+000
      vertex  3.764622e+001 -4.150558e+000  7.462228e+000
    endloop
  endfacet
  facet normal -9.445230e-001 -3.252058e-001 -4.601587e-002
    outer loop
      vertex  3.764622e+001 -4.150558e+000  7.462228e+000
      vertex  3.764622e+001 -4.010455e+000  6.472085e+000
      vertex  3.786996e+001 -4.646427e+000  6.374257e+000
    endloop
  endfacet
  facet normal -9.481808e-001 -3.134245e-001 -5.213768e-002
    outer loop
      vertex  3.764622e+001 -4.150558e+000  7.462228e+000
      vertex  3.786996e+001 -4.646427e+000  6.374257e+000
      vertex  3.786996e+001 -4.810522e+000  7.360707e+000
    endloop
  endfacet
  facet normal -9.270074e-001 -3.699592e-001 -6.154213e-002
    outer loop
      vertex  3.786996e+001 -4.810522e+000  7.360707e+000
      vertex  3.786996e+001 -4.646427e+000  6.374257e+000
      vertex  3.812546e+001 -5.268135e+000  6.262979e+000
    endloop
  endfacet
  facet normal -9.318559e-001 -3.563324e-001 -6.835130e-002
    outer loop
      vertex  3.786996e+001 -4.810522e+000  7.360707e+000
      vertex  3.812546e+001 -5.268135e+000  6.262979e+000
      vertex  3.812546e+001 -5.456520e+000  7.245080e+000
    endloop
  endfacet
  facet normal -9.074724e-001 -4.125897e-001 -7.914253e-002
    outer loop
      vertex  3.812546e+001 -5.456520e+000  7.245080e+000
      vertex  3.812546e+001 -5.268135e+000  6.262979e+000
      vertex  3.841171e+001 -5.873930e+000  6.138899e+000
    endloop
  endfacet
  facet normal -9.136704e-001 -3.971273e-001 -8.658106e-002
    outer loop
      vertex  3.812546e+001 -5.456520e+000  7.245080e+000
      vertex  3.841171e+001 -5.873930e+000  6.138899e+000
      vertex  3.841171e+001 -6.086946e+000  7.115952e+000
    endloop
  endfacet
  facet normal -8.860590e-001 -4.529330e-001 -9.874771e-002
    outer loop
      vertex  3.841171e+001 -6.086946e+000  7.115952e+000
      vertex  3.841171e+001 -5.873930e+000  6.138899e+000
      vertex  3.872763e+001 -6.462272e+000  6.002737e+000
    endloop
  endfacet
  facet normal -8.937636e-001 -4.356471e-001 -1.067623e-001
    outer loop
      vertex  3.841171e+001 -6.086946e+000  7.115952e+000
      vertex  3.872763e+001 -6.462272e+000  6.002737e+000
      vertex  3.872763e+001 -6.700295e+000  6.973999e+000
    endloop
  endfacet
  facet normal -8.629264e-001 -4.908062e-001 -1.202798e-001
    outer loop
      vertex  3.872763e+001 -6.700295e+000  6.973999e+000
      vertex  3.872763e+001 -6.462272e+000  6.002737e+000
      vertex  3.907208e+001 -7.031730e+000  5.855276e+000
    endloop
  endfacet
  facet normal -8.722910e-001 -4.717138e-001 -1.288195e-001
    outer loop
      vertex  3.872763e+001 -6.700295e+000  6.973999e+000
      vertex  3.907208e+001 -7.031730e+000  5.855276e+000
      vertex  3.907208e+001 -7.295172e+000  6.819953e+000
    endloop
  endfacet
  facet normal -8.382208e-001 -5.260674e-001 -1.436628e-001
    outer loop
      vertex  3.907208e+001 -7.295172e+000  6.819953e+000
      vertex  3.907208e+001 -7.031730e+000  5.855276e+000
      vertex  3.944386e+001 -7.580986e+000  5.697368e+000
    endloop
  endfacet
  facet normal -8.493965e-001 -5.051876e-001 -1.526800e-001
    outer loop
      vertex  3.907208e+001 -7.295172e+000  6.819953e+000
      vertex  3.944386e+001 -7.580986e+000  5.697368e+000
      vertex  3.944386e+001 -7.870286e+000  6.654607e+000
    endloop
  endfacet
  facet normal -8.120805e-001 -5.585920e-001 -1.688202e-001
    outer loop
      vertex  3.944386e+001 -7.870286e+000  6.654607e+000
      vertex  3.944386e+001 -7.580986e+000  5.697368e+000
      vertex  3.984175e+001 -8.108834e+000  5.529922e+000
    endloop
  endfacet
  facet normal -8.252156e-001 -5.359467e-001 -1.782702e-001
    outer loop
      vertex  3.944386e+001 -7.870286e+000  6.654607e+000
      vertex  3.984175e+001 -8.108834e+000  5.529922e+000
      vertex  3.984175e+001 -8.424459e+000  6.478806e+000
    endloop
  endfacet
  facet normal -7.846351e-001 -5.882683e-001 -1.956738e-001
    outer loop
      vertex  3.984175e+001 -8.424459e+000  6.478806e+000
      vertex  3.984175e+001 -8.108834e+000  5.529922e+000
      vertex  4.026453e+001 -8.614191e+000  5.353905e+000
    endloop
  endfacet
  facet normal -7.998760e-001 -5.638810e-001 -2.055153e-001
    outer loop
      vertex  3.984175e+001 -8.424459e+000  6.478806e+000
      vertex  4.026453e+001 -8.614191e+000  5.353905e+000
      vertex  4.026453e+001 -8.956622e+000  6.293448e+000
    endloop
  endfacet
  facet normal  0.000000e+000  1.154797e-002  9.999334e-001
    outer loop
      vertex  3.701473e+001  4.974714e-008  7.750000e+000
      vertex  3.803252e+001  7.044751e-001  7.741864e+000
      vertex  3.703252e+001  7.044751e-001  7.741864e+000
    endloop
  endfacet
  facet normal  -0.000000e+000  3.465628e-002  9.993993e-001
    outer loop
      vertex  3.703252e+001  7.044751e-001  7.741864e+000
      vertex  3.803252e+001  7.044751e-001  7.741864e+000
      vertex  3.808581e+001  1.406686e+000  7.717514e+000
    endloop
  endfacet
  facet normal  0.000000e+000  3.465628e-002  9.993993e-001
    outer loop
      vertex  3.703252e+001  7.044751e-001  7.741864e+000
      vertex  3.808581e+001  1.406686e+000  7.717514e+000
      vertex  3.708581e+001  1.406686e+000  7.717514e+000
    endloop
  endfacet
  facet normal  -0.000000e+000  5.782372e-002  9.983268e-001
    outer loop
      vertex  3.708581e+001  1.406686e+000  7.717514e+000
      vertex  3.808581e+001  1.406686e+000  7.717514e+000
      vertex  3.817433e+001  2.104448e+000  7.677099e+000
    endloop
  endfacet
  facet normal  0.000000e+000  5.782372e-002  9.983268e-001
    outer loop
      vertex  3.708581e+001  1.406686e+000  7.717514e+000
      vertex  3.817433e+001  2.104448e+000  7.677099e+000
      vertex  3.717433e+001  2.104448e+000  7.677099e+000
    endloop
  endfacet
  facet normal  -0.000000e+000  8.110041e-002  9.967060e-001
    outer loop
      vertex  3.717433e+001  2.104448e+000  7.677099e+000
      vertex  3.817433e+001  2.104448e+000  7.677099e+000
      vertex  3.829764e+001  2.795667e+000  7.620855e+000
    endloop
  endfacet
  facet normal  0.000000e+000  8.110041e-002  9.967060e-001
    outer loop
      vertex  3.717433e+001  2.104448e+000  7.677099e+000
      vertex  3.829764e+001  2.795667e+000  7.620855e+000
      vertex  3.729764e+001  2.795667e+000  7.620855e+000
    endloop
  endfacet
  facet normal  -0.000000e+000  1.045340e-001  9.945214e-001
    outer loop
      vertex  3.729764e+001  2.795667e+000  7.620855e+000
      vertex  3.829764e+001  2.795667e+000  7.620855e+000
      vertex  3.845518e+001  3.478342e+000  7.549099e+000
    endloop
  endfacet
  facet normal  0.000000e+000  1.045340e-001  9.945214e-001
    outer loop
      vertex  3.729764e+001  2.795667e+000  7.620855e+000
      vertex  3.845518e+001  3.478342e+000  7.549099e+000
      vertex  3.745518e+001  3.478342e+000  7.549099e+000
    endloop
  endfacet
  facet normal  -0.000000e+000  1.281669e-001  9.917526e-001
    outer loop
      vertex  3.745518e+001  3.478342e+000  7.549099e+000
      vertex  3.845518e+001  3.478342e+000  7.549099e+000
      vertex  3.864622e+001  4.150568e+000  7.462226e+000
    endloop
  endfacet
  facet normal  0.000000e+000  1.281669e-001  9.917526e-001
    outer loop
      vertex  3.745518e+001  3.478342e+000  7.549099e+000
      vertex  3.864622e+001  4.150568e+000  7.462226e+000
      vertex  3.764622e+001  4.150568e+000  7.462226e+000
    endloop
  endfacet
  facet normal  -0.000000e+000  1.520390e-001  9.883745e-001
    outer loop
      vertex  3.764622e+001  4.150568e+000  7.462226e+000
      vertex  3.864622e+001  4.150568e+000  7.462226e+000
      vertex  3.886996e+001  4.810535e+000  7.360705e+000
    endloop
  endfacet
  facet normal  0.000000e+000  1.520390e-001  9.883745e-001
    outer loop
      vertex  3.764622e+001  4.150568e+000  7.462226e+000
      vertex  3.886996e+001  4.810535e+000  7.360705e+000
      vertex  3.786996e+001  4.810535e+000  7.360705e+000
    endloop
  endfacet
  facet normal  -0.000000e+000  1.761916e-001  9.843559e-001
    outer loop
      vertex  3.786996e+001  4.810535e+000  7.360705e+000
      vertex  3.886996e+001  4.810535e+000  7.360705e+000
      vertex  3.912547e+001  5.456535e+000  7.245076e+000
    endloop
  endfacet
  facet normal  0.000000e+000  1.761916e-001  9.843559e-001
    outer loop
      vertex  3.786996e+001  4.810535e+000  7.360705e+000
      vertex  3.912547e+001  5.456535e+000  7.245076e+000
      vertex  3.812547e+001  5.456535e+000  7.245076e+000
    endloop
  endfacet
  facet normal  -0.000000e+000  2.006597e-001  9.796610e-001
    outer loop
      vertex  3.812547e+001  5.456535e+000  7.245076e+000
      vertex  3.912547e+001  5.456535e+000  7.245076e+000
      vertex  3.941172e+001  6.086962e+000  7.115949e+000
    endloop
  endfacet
  facet normal  0.000000e+000  2.006597e-001  9.796610e-001
    outer loop
      vertex  3.812547e+001  5.456535e+000  7.245076e+000
      vertex  3.941172e+001  6.086962e+000  7.115949e+000
      vertex  3.841172e+001  6.086962e+000  7.115949e+000
    endloop
  endfacet
  facet normal  -0.000000e+000  2.254806e-001  9.742476e-001
    outer loop
      vertex  3.841172e+001  6.086962e+000  7.115949e+000
      vertex  3.941172e+001  6.086962e+000  7.115949e+000
      vertex  3.972764e+001  6.700311e+000  6.973995e+000
    endloop
  endfacet
  facet normal  0.000000e+000  2.254806e-001  9.742476e-001
    outer loop
      vertex  3.841172e+001  6.086962e+000  7.115949e+000
      vertex  3.972764e+001  6.700311e+000  6.973995e+000
      vertex  3.872764e+001  6.700311e+000  6.973995e+000
    endloop
  endfacet
  facet normal  -0.000000e+000  2.506853e-001  9.680687e-001
    outer loop
      vertex  3.872764e+001  6.700311e+000  6.973995e+000
      vertex  3.972764e+001  6.700311e+000  6.973995e+000
      vertex  4.007209e+001  7.295185e+000  6.819950e+000
    endloop
  endfacet
  facet normal  0.000000e+000  2.506853e-001  9.680687e-001
    outer loop
      vertex  3.872764e+001  6.700311e+000  6.973995e+000
      vertex  4.007209e+001  7.295185e+000  6.819950e+000
      vertex  3.907209e+001  7.295185e+000  6.819950e+000
    endloop
  endfacet
  facet normal  -0.000000e+000  2.763096e-001  9.610687e-001
    outer loop
      vertex  3.907209e+001  7.295185e+000  6.819950e+000
      vertex  4.007209e+001  7.295185e+000  6.819950e+000
      vertex  4.044386e+001  7.870296e+000  6.654604e+000
    endloop
  endfacet
  facet normal  0.000000e+000  2.763096e-001  9.610687e-001
    outer loop
      vertex  3.907209e+001  7.295185e+000  6.819950e+000
      vertex  4.044386e+001  7.870296e+000  6.654604e+000
      vertex  3.944386e+001  7.870296e+000  6.654604e+000
    endloop
  endfacet
  facet normal  -0.000000e+000  3.023808e-001  9.531871e-001
    outer loop
      vertex  3.944386e+001  7.870296e+000  6.654604e+000
      vertex  4.044386e+001  7.870296e+000  6.654604e+000
      vertex  4.084175e+001  8.424463e+000  6.478805e+000
    endloop
  endfacet
  facet normal  0.000000e+000  3.023808e-001  9.531871e-001
    outer loop
      vertex  3.944386e+001  7.870296e+000  6.654604e+000
      vertex  4.084175e+001  8.424463e+000  6.478805e+000
      vertex  3.984175e+001  8.424463e+000  6.478805e+000
    endloop
  endfacet
  facet normal  -0.000000e+000  3.289288e-001  9.443547e-001
    outer loop
      vertex  3.984175e+001  8.424463e+000  6.478805e+000
      vertex  4.084175e+001  8.424463e+000  6.478805e+000
      vertex  4.126453e+001  8.956622e+000  6.293448e+000
    endloop
  endfacet
  facet normal  0.000000e+000  3.289288e-001  9.443547e-001
    outer loop
      vertex  3.984175e+001  8.424463e+000  6.478805e+000
      vertex  4.126453e+001  8.956622e+000  6.293448e+000
      vertex  4.026453e+001  8.956622e+000  6.293448e+000
    endloop
  endfacet
  facet normal  -0.000000e+000  1.154797e-002  9.999334e-001
    outer loop
      vertex  3.803252e+001  7.044751e-001  7.741864e+000
      vertex  3.701473e+001  4.974714e-008  7.750000e+000
      vertex  3.801473e+001  4.974714e-008  7.750000e+000
    endloop
  endfacet
  facet normal  0.000000e+000 -1.154790e-002  9.999333e-001
    outer loop
      vertex  3.801473e+001  4.974714e-008  7.750000e+000
      vertex  3.701473e+001  4.974714e-008  7.750000e+000
      vertex  3.703252e+001 -7.044787e-001  7.741864e+000
    endloop
  endfacet
  facet normal  0.000000e+000 -1.154790e-002  9.999333e-001
    outer loop
      vertex  3.801473e+001  4.974714e-008  7.750000e+000
      vertex  3.703252e+001 -7.044787e-001  7.741864e+000
      vertex  3.803252e+001 -7.044787e-001  7.741864e+000
    endloop
  endfacet
  facet normal  0.000000e+000 -3.465626e-002  9.993993e-001
    outer loop
      vertex  3.803252e+001 -7.044787e-001  7.741864e+000
      vertex  3.703252e+001 -7.044787e-001  7.741864e+000
      vertex  3.708581e+001 -1.406690e+000  7.717514e+000
    endloop
  endfacet
  facet normal  0.000000e+000 -3.465626e-002  9.993993e-001
    outer loop
      vertex  3.803252e+001 -7.044787e-001  7.741864e+000
      vertex  3.708581e+001 -1.406690e+000  7.717514e+000
      vertex  3.808581e+001 -1.406690e+000  7.717514e+000
    endloop
  endfacet
  facet normal  0.000000e+000 -5.782388e-002  9.983268e-001
    outer loop
      vertex  3.808581e+001 -1.406690e+000  7.717514e+000
      vertex  3.708581e+001 -1.406690e+000  7.717514e+000
      vertex  3.717433e+001 -2.104450e+000  7.677099e+000
    endloop
  endfacet
  facet normal  0.000000e+000 -5.782388e-002  9.983268e-001
    outer loop
      vertex  3.808581e+001 -1.406690e+000  7.717514e+000
      vertex  3.717433e+001 -2.104450e+000  7.677099e+000
      vertex  3.817433e+001 -2.104450e+000  7.677099e+000
    endloop
  endfacet
  facet normal  0.000000e+000 -8.110085e-002  9.967059e-001
    outer loop
      vertex  3.817433e+001 -2.104450e+000  7.677099e+000
      vertex  3.717433e+001 -2.104450e+000  7.677099e+000
      vertex  3.729764e+001 -2.795665e+000  7.620855e+000
    endloop
  endfacet
  facet normal  0.000000e+000 -8.110085e-002  9.967059e-001
    outer loop
      vertex  3.817433e+001 -2.104450e+000  7.677099e+000
      vertex  3.729764e+001 -2.795665e+000  7.620855e+000
      vertex  3.829764e+001 -2.795665e+000  7.620855e+000
    endloop
  endfacet
  facet normal  0.000000e+000 -1.045339e-001  9.945214e-001
    outer loop
      vertex  3.829764e+001 -2.795665e+000  7.620855e+000
      vertex  3.729764e+001 -2.795665e+000  7.620855e+000
      vertex  3.745517e+001 -3.478336e+000  7.549100e+000
    endloop
  endfacet
  facet normal  0.000000e+000 -1.045339e-001  9.945214e-001
    outer loop
      vertex  3.829764e+001 -2.795665e+000  7.620855e+000
      vertex  3.745517e+001 -3.478336e+000  7.549100e+000
      vertex  3.845517e+001 -3.478336e+000  7.549100e+000
    endloop
  endfacet
  facet normal  0.000000e+000 -1.281656e-001  9.917527e-001
    outer loop
      vertex  3.845517e+001 -3.478336e+000  7.549100e+000
      vertex  3.745517e+001 -3.478336e+000  7.549100e+000
      vertex  3.764622e+001 -4.150558e+000  7.462228e+000
    endloop
  endfacet
  facet normal  0.000000e+000 -1.281656e-001  9.917527e-001
    outer loop
      vertex  3.845517e+001 -3.478336e+000  7.549100e+000
      vertex  3.764622e+001 -4.150558e+000  7.462228e+000
      vertex  3.864622e+001 -4.150558e+000  7.462228e+000
    endloop
  endfacet
  facet normal  0.000000e+000 -1.520390e-001  9.883745e-001
    outer loop
      vertex  3.864622e+001 -4.150558e+000  7.462228e+000
      vertex  3.764622e+001 -4.150558e+000  7.462228e+000
      vertex  3.786996e+001 -4.810522e+000  7.360707e+000
    endloop
  endfacet
  facet normal  0.000000e+000 -1.520390e-001  9.883745e-001
    outer loop
      vertex  3.864622e+001 -4.150558e+000  7.462228e+000
      vertex  3.786996e+001 -4.810522e+000  7.360707e+000
      vertex  3.886996e+001 -4.810522e+000  7.360707e+000
    endloop
  endfacet
  facet normal  0.000000e+000 -1.761907e-001  9.843561e-001
    outer loop
      vertex  3.886996e+001 -4.810522e+000  7.360707e+000
      vertex  3.786996e+001 -4.810522e+000  7.360707e+000
      vertex  3.812546e+001 -5.456520e+000  7.245080e+000
    endloop
  endfacet
  facet normal  0.000000e+000 -1.761907e-001  9.843561e-001
    outer loop
      vertex  3.886996e+001 -4.810522e+000  7.360707e+000
      vertex  3.812546e+001 -5.456520e+000  7.245080e+000
      vertex  3.912546e+001 -5.456520e+000  7.245080e+000
    endloop
  endfacet
  facet normal  0.000000e+000 -2.006593e-001  9.796610e-001
    outer loop
      vertex  3.912546e+001 -5.456520e+000  7.245080e+000
      vertex  3.812546e+001 -5.456520e+000  7.245080e+000
      vertex  3.841171e+001 -6.086946e+000  7.115952e+000
    endloop
  endfacet
  facet normal  0.000000e+000 -2.006593e-001  9.796610e-001
    outer loop
      vertex  3.912546e+001 -5.456520e+000  7.245080e+000
      vertex  3.841171e+001 -6.086946e+000  7.115952e+000
      vertex  3.941171e+001 -6.086946e+000  7.115952e+000
    endloop
  endfacet
  facet normal  0.000000e+000 -2.254796e-001  9.742479e-001
    outer loop
      vertex  3.941171e+001 -6.086946e+000  7.115952e+000
      vertex  3.841171e+001 -6.086946e+000  7.115952e+000
      vertex  3.872763e+001 -6.700295e+000  6.973999e+000
    endloop
  endfacet
  facet normal  0.000000e+000 -2.254796e-001  9.742479e-001
    outer loop
      vertex  3.941171e+001 -6.086946e+000  7.115952e+000
      vertex  3.872763e+001 -6.700295e+000  6.973999e+000
      vertex  3.972763e+001 -6.700295e+000  6.973999e+000
    endloop
  endfacet
  facet normal  0.000000e+000 -2.506850e-001  9.680687e-001
    outer loop
      vertex  3.972763e+001 -6.700295e+000  6.973999e+000
      vertex  3.872763e+001 -6.700295e+000  6.973999e+000
      vertex  3.907208e+001 -7.295172e+000  6.819953e+000
    endloop
  endfacet
  facet normal  0.000000e+000 -2.506850e-001  9.680687e-001
    outer loop
      vertex  3.972763e+001 -6.700295e+000  6.973999e+000
      vertex  3.907208e+001 -7.295172e+000  6.819953e+000
      vertex  4.007208e+001 -7.295172e+000  6.819953e+000
    endloop
  endfacet
  facet normal  0.000000e+000 -2.763094e-001  9.610687e-001
    outer loop
      vertex  4.007208e+001 -7.295172e+000  6.819953e+000
      vertex  3.907208e+001 -7.295172e+000  6.819953e+000
      vertex  3.944386e+001 -7.870286e+000  6.654607e+000
    endloop
  endfacet
  facet normal  0.000000e+000 -2.763094e-001  9.610687e-001
    outer loop
      vertex  4.007208e+001 -7.295172e+000  6.819953e+000
      vertex  3.944386e+001 -7.870286e+000  6.654607e+000
      vertex  4.044386e+001 -7.870286e+000  6.654607e+000
    endloop
  endfacet
  facet normal  0.000000e+000 -3.023809e-001  9.531872e-001
    outer loop
      vertex  4.044386e+001 -7.870286e+000  6.654607e+000
      vertex  3.944386e+001 -7.870286e+000  6.654607e+000
      vertex  3.984175e+001 -8.424459e+000  6.478806e+000
    endloop
  endfacet
  facet normal  0.000000e+000 -3.023809e-001  9.531872e-001
    outer loop
      vertex  4.044386e+001 -7.870286e+000  6.654607e+000
      vertex  3.984175e+001 -8.424459e+000  6.478806e+000
      vertex  4.084175e+001 -8.424459e+000  6.478806e+000
    endloop
  endfacet
  facet normal  0.000000e+000 -3.289285e-001  9.443548e-001
    outer loop
      vertex  4.084175e+001 -8.424459e+000  6.478806e+000
      vertex  3.984175e+001 -8.424459e+000  6.478806e+000
      vertex  4.026453e+001 -8.956622e+000  6.293448e+000
    endloop
  endfacet
  facet normal  0.000000e+000 -3.289285e-001  9.443548e-001
    outer loop
      vertex  4.084175e+001 -8.424459e+000  6.478806e+000
      vertex  4.026453e+001 -8.956622e+000  6.293448e+000
      vertex  4.126453e+001 -8.956622e+000  6.293448e+000
    endloop
  endfacet
  facet normal  9.622329e-001  2.722277e-001  0.000000e+000
    outer loop
      vertex  4.208094e+001 -8.028100e+000 -6.082061e+000
      vertex  4.208094e+001 -8.028100e+000  6.082061e+000
      vertex  4.232645e+001 -8.895882e+000 -5.783017e+000
    endloop
  endfacet
  facet normal  9.622329e-001  2.722277e-001  -0.000000e+000
    outer loop
      vertex  4.232645e+001 -8.895882e+000 -5.783017e+000
      vertex  4.208094e+001 -8.028100e+000  6.082061e+000
      vertex  4.232645e+001 -8.895882e+000  5.783017e+000
    endloop
  endfacet
  facet normal  9.875001e-001  1.576184e-001  0.000000e+000
    outer loop
      vertex  4.232645e+001 -8.895882e+000 -5.783017e+000
      vertex  4.232645e+001 -8.895882e+000  5.783017e+000
      vertex  4.246177e+001 -9.743695e+000 -5.442918e+000
    endloop
  endfacet
  facet normal  9.875001e-001  1.576184e-001  -0.000000e+000
    outer loop
      vertex  4.246177e+001 -9.743695e+000 -5.442918e+000
      vertex  4.232645e+001 -8.895882e+000  5.783017e+000
      vertex  4.246177e+001 -9.743695e+000  5.442918e+000
    endloop
  endfacet
  facet normal  9.991898e-001  4.024464e-002  0.000000e+000
    outer loop
      vertex  4.246177e+001 -9.743695e+000 -5.442918e+000
      vertex  4.246177e+001 -9.743695e+000  5.442918e+000
      vertex  4.249842e+001 -1.065377e+001 -5.014030e+000
    endloop
  endfacet
  facet normal  9.991899e-001  4.024465e-002  -0.000000e+000
    outer loop
      vertex  4.249842e+001 -1.065377e+001 -5.014030e+000
      vertex  4.246177e+001 -9.743695e+000  5.442918e+000
      vertex  4.249842e+001 -1.065377e+001  5.014030e+000
    endloop
  endfacet
  facet normal  9.970303e-001 -7.700875e-002  0.000000e+000
    outer loop
      vertex  4.249842e+001 -1.065377e+001 -5.014030e+000
      vertex  4.249842e+001 -1.065377e+001  5.014030e+000
      vertex  4.243310e+001 -1.149951e+001 -4.540263e+000
    endloop
  endfacet
  facet normal  9.970304e-001 -7.700876e-002  0.000000e+000
    outer loop
      vertex  4.243310e+001 -1.149951e+001 -4.540263e+000
      vertex  4.249842e+001 -1.065377e+001  5.014030e+000
      vertex  4.243310e+001 -1.149951e+001  4.540263e+000
    endloop
  endfacet
  facet normal  9.827937e-001 -1.847063e-001  0.000000e+000
    outer loop
      vertex  4.243310e+001 -1.149951e+001 -4.540263e+000
      vertex  4.243310e+001 -1.149951e+001  4.540263e+000
      vertex  4.228880e+001 -1.226734e+001 -4.025559e+000
    endloop
  endfacet
  facet normal  9.827937e-001 -1.847063e-001  0.000000e+000
    outer loop
      vertex  4.228880e+001 -1.226734e+001 -4.025559e+000
      vertex  4.243310e+001 -1.149951e+001  4.540263e+000
      vertex  4.228880e+001 -1.226734e+001  4.025559e+000
    endloop
  endfacet
  facet normal  9.601608e-001 -2.794480e-001  0.000000e+000
    outer loop
      vertex  4.228880e+001 -1.226734e+001 -4.025559e+000
      vertex  4.228880e+001 -1.226734e+001  4.025559e+000
      vertex  4.209882e+001 -1.292006e+001 -3.497593e+000
    endloop
  endfacet
  facet normal  9.601608e-001 -2.794480e-001  0.000000e+000
    outer loop
      vertex  4.209882e+001 -1.292006e+001 -3.497593e+000
      vertex  4.228880e+001 -1.226734e+001  4.025559e+000
      vertex  4.209882e+001 -1.292006e+001  3.497593e+000
    endloop
  endfacet
  facet normal  9.327016e-001 -3.606490e-001  0.000000e+000
    outer loop
      vertex  4.209882e+001 -1.292006e+001 -3.497593e+000
      vertex  4.209882e+001 -1.292006e+001  3.497593e+000
      vertex  4.188027e+001 -1.348529e+001 -2.937234e+000
    endloop
  endfacet
  facet normal  9.327016e-001 -3.606490e-001  0.000000e+000
    outer loop
      vertex  4.188027e+001 -1.348529e+001 -2.937234e+000
      vertex  4.209882e+001 -1.292006e+001  3.497593e+000
      vertex  4.188027e+001 -1.348529e+001  2.937234e+000
    endloop
  endfacet
  facet normal  9.029818e-001 -4.296789e-001  0.000000e+000
    outer loop
      vertex  4.188027e+001 -1.348529e+001 -2.937234e+000
      vertex  4.188027e+001 -1.348529e+001  2.937234e+000
      vertex  4.165628e+001 -1.395600e+001 -2.346626e+000
    endloop
  endfacet
  facet normal  9.029816e-001 -4.296789e-001  0.000000e+000
    outer loop
      vertex  4.165628e+001 -1.395600e+001 -2.346626e+000
      vertex  4.188027e+001 -1.348529e+001  2.937234e+000
      vertex  4.165628e+001 -1.395600e+001  2.346626e+000
    endloop
  endfacet
  facet normal  8.787353e-001 -4.773093e-001  0.000000e+000
    outer loop
      vertex  4.165628e+001 -1.395600e+001 -2.346626e+000
      vertex  4.165628e+001 -1.395600e+001  2.346626e+000
      vertex  4.152251e+001 -1.420227e+001 -1.957361e+000
    endloop
  endfacet
  facet normal  8.787353e-001 -4.773093e-001  0.000000e+000
    outer loop
      vertex  4.152251e+001 -1.420227e+001 -1.957361e+000
      vertex  4.165628e+001 -1.395600e+001  2.346626e+000
      vertex  4.152251e+001 -1.420227e+001  1.957361e+000
    endloop
  endfacet
  facet normal  8.618007e-001 -5.072470e-001  0.000000e+000
    outer loop
      vertex  4.152251e+001 -1.420227e+001 -1.957361e+000
      vertex  4.152251e+001 -1.420227e+001  1.957361e+000
      vertex  4.140287e+001 -1.440553e+001 -1.557683e+000
    endloop
  endfacet
  facet normal  8.618007e-001 -5.072470e-001  0.000000e+000
    outer loop
      vertex  4.140287e+001 -1.440553e+001 -1.557683e+000
      vertex  4.152251e+001 -1.420227e+001  1.957361e+000
      vertex  4.140287e+001 -1.440553e+001  1.557683e+000
    endloop
  endfacet
  facet normal  8.458375e-001 -5.334406e-001  0.000000e+000
    outer loop
      vertex  4.140287e+001 -1.440553e+001 -1.557683e+000
      vertex  4.140287e+001 -1.440553e+001  1.557683e+000
      vertex  4.128322e+001 -1.459526e+001 -1.047418e+000
    endloop
  endfacet
  facet normal  8.458375e-001 -5.334407e-001  0.000000e+000
    outer loop
      vertex  4.128322e+001 -1.459526e+001 -1.047418e+000
      vertex  4.140287e+001 -1.440553e+001  1.557683e+000
      vertex  4.128322e+001 -1.459526e+001  1.047418e+000
    endloop
  endfacet
  facet normal  8.326660e-001 -5.537755e-001  0.000000e+000
    outer loop
      vertex  4.128322e+001 -1.459526e+001 -1.047418e+000
      vertex  4.128322e+001 -1.459526e+001  1.047418e+000
      vertex  4.120622e+001 -1.471104e+001 -5.266197e-001
    endloop
  endfacet
  facet normal  8.326660e-001 -5.537755e-001  0.000000e+000
    outer loop
      vertex  4.120622e+001 -1.471104e+001 -5.266197e-001
      vertex  4.128322e+001 -1.459526e+001  1.047418e+000
      vertex  4.120622e+001 -1.471104e+001  5.266197e-001
    endloop
  endfacet
  facet normal  8.257101e-001 -5.640948e-001  0.000000e+000
    outer loop
      vertex  4.120622e+001 -1.471104e+001 -5.266197e-001
      vertex  4.120622e+001 -1.471104e+001  5.266197e-001
      vertex  4.117960e+001 -1.475000e+001  1.500140e-013
    endloop
  endfacet
  facet normal  9.622329e-001 -2.722277e-001  0.000000e+000
    outer loop
      vertex  4.208094e+001  8.028100e+000  6.082061e+000
      vertex  4.208094e+001  8.028100e+000 -6.082061e+000
      vertex  4.232645e+001  8.895882e+000  5.783017e+000
    endloop
  endfacet
  facet normal  9.622329e-001 -2.722277e-001  0.000000e+000
    outer loop
      vertex  4.232645e+001  8.895882e+000  5.783017e+000
      vertex  4.208094e+001  8.028100e+000 -6.082061e+000
      vertex  4.232645e+001  8.895882e+000 -5.783017e+000
    endloop
  endfacet
  facet normal  9.875001e-001 -1.576184e-001  0.000000e+000
    outer loop
      vertex  4.232645e+001  8.895882e+000  5.783017e+000
      vertex  4.232645e+001  8.895882e+000 -5.783017e+000
      vertex  4.246177e+001  9.743695e+000  5.442918e+000
    endloop
  endfacet
  facet normal  9.875001e-001 -1.576184e-001  0.000000e+000
    outer loop
      vertex  4.246177e+001  9.743695e+000  5.442918e+000
      vertex  4.232645e+001  8.895882e+000 -5.783017e+000
      vertex  4.246177e+001  9.743695e+000 -5.442918e+000
    endloop
  endfacet
  facet normal  9.991898e-001 -4.024464e-002  0.000000e+000
    outer loop
      vertex  4.246177e+001  9.743695e+000  5.442918e+000
      vertex  4.246177e+001  9.743695e+000 -5.442918e+000
      vertex  4.249842e+001  1.065377e+001  5.014030e+000
    endloop
  endfacet
  facet normal  9.991899e-001 -4.024465e-002  0.000000e+000
    outer loop
      vertex  4.249842e+001  1.065377e+001  5.014030e+000
      vertex  4.246177e+001  9.743695e+000 -5.442918e+000
      vertex  4.249842e+001  1.065377e+001 -5.014030e+000
    endloop
  endfacet
  facet normal  9.970303e-001  7.700875e-002  -0.000000e+000
    outer loop
      vertex  4.249842e+001  1.065377e+001  5.014030e+000
      vertex  4.249842e+001  1.065377e+001 -5.014030e+000
      vertex  4.243310e+001  1.149951e+001  4.540263e+000
    endloop
  endfacet
  facet normal  9.970304e-001  7.700876e-002  0.000000e+000
    outer loop
      vertex  4.243310e+001  1.149951e+001  4.540263e+000
      vertex  4.249842e+001  1.065377e+001 -5.014030e+000
      vertex  4.243310e+001  1.149951e+001 -4.540263e+000
    endloop
  endfacet
  facet normal  9.827937e-001  1.847063e-001  -0.000000e+000
    outer loop
      vertex  4.243310e+001  1.149951e+001  4.540263e+000
      vertex  4.243310e+001  1.149951e+001 -4.540263e+000
      vertex  4.228880e+001  1.226734e+001  4.025559e+000
    endloop
  endfacet
  facet normal  9.827937e-001  1.847063e-001  0.000000e+000
    outer loop
      vertex  4.228880e+001  1.226734e+001  4.025559e+000
      vertex  4.243310e+001  1.149951e+001 -4.540263e+000
      vertex  4.228880e+001  1.226734e+001 -4.025559e+000
    endloop
  endfacet
  facet normal  9.601608e-001  2.794480e-001  -0.000000e+000
    outer loop
      vertex  4.228880e+001  1.226734e+001  4.025559e+000
      vertex  4.228880e+001  1.226734e+001 -4.025559e+000
      vertex  4.209882e+001  1.292006e+001  3.497593e+000
    endloop
  endfacet
  facet normal  9.601608e-001  2.794480e-001  0.000000e+000
    outer loop
      vertex  4.209882e+001  1.292006e+001  3.497593e+000
      vertex  4.228880e+001  1.226734e+001 -4.025559e+000
      vertex  4.209882e+001  1.292006e+001 -3.497593e+000
    endloop
  endfacet
  facet normal  9.327016e-001  3.606490e-001  -0.000000e+000
    outer loop
      vertex  4.209882e+001  1.292006e+001  3.497593e+000
      vertex  4.209882e+001  1.292006e+001 -3.497593e+000
      vertex  4.188027e+001  1.348529e+001  2.937234e+000
    endloop
  endfacet
  facet normal  9.327016e-001  3.606490e-001  0.000000e+000
    outer loop
      vertex  4.188027e+001  1.348529e+001  2.937234e+000
      vertex  4.209882e+001  1.292006e+001 -3.497593e+000
      vertex  4.188027e+001  1.348529e+001 -2.937234e+000
    endloop
  endfacet
  facet normal  9.029818e-001  4.296789e-001  -0.000000e+000
    outer loop
      vertex  4.188027e+001  1.348529e+001  2.937234e+000
      vertex  4.188027e+001  1.348529e+001 -2.937234e+000
      vertex  4.165628e+001  1.395600e+001  2.346626e+000
    endloop
  endfacet
  facet normal  9.029816e-001  4.296789e-001  0.000000e+000
    outer loop
      vertex  4.165628e+001  1.395600e+001  2.346626e+000
      vertex  4.188027e+001  1.348529e+001 -2.937234e+000
      vertex  4.165628e+001  1.395600e+001 -2.346626e+000
    endloop
  endfacet
  facet normal  8.787353e-001  4.773093e-001  -0.000000e+000
    outer loop
      vertex  4.165628e+001  1.395600e+001  2.346626e+000
      vertex  4.165628e+001  1.395600e+001 -2.346626e+000
      vertex  4.152251e+001  1.420227e+001  1.957361e+000
    endloop
  endfacet
  facet normal  8.787353e-001  4.773093e-001  0.000000e+000
    outer loop
      vertex  4.152251e+001  1.420227e+001  1.957361e+000
      vertex  4.165628e+001  1.395600e+001 -2.346626e+000
      vertex  4.152251e+001  1.420227e+001 -1.957361e+000
    endloop
  endfacet
  facet normal  8.618007e-001  5.072470e-001  -0.000000e+000
    outer loop
      vertex  4.152251e+001  1.420227e+001  1.957361e+000
      vertex  4.152251e+001  1.420227e+001 -1.957361e+000
      vertex  4.140287e+001  1.440553e+001  1.557683e+000
    endloop
  endfacet
  facet normal  8.618007e-001  5.072470e-001  0.000000e+000
    outer loop
      vertex  4.140287e+001  1.440553e+001  1.557683e+000
      vertex  4.152251e+001  1.420227e+001 -1.957361e+000
      vertex  4.140287e+001  1.440553e+001 -1.557683e+000
    endloop
  endfacet
  facet normal  8.458375e-001  5.334406e-001  -0.000000e+000
    outer loop
      vertex  4.140287e+001  1.440553e+001  1.557683e+000
      vertex  4.140287e+001  1.440553e+001 -1.557683e+000
      vertex  4.128322e+001  1.459526e+001  1.047418e+000
    endloop
  endfacet
  facet normal  8.458375e-001  5.334407e-001  0.000000e+000
    outer loop
      vertex  4.128322e+001  1.459526e+001  1.047418e+000
      vertex  4.140287e+001  1.440553e+001 -1.557683e+000
      vertex  4.128322e+001  1.459526e+001 -1.047418e+000
    endloop
  endfacet
  facet normal  8.326660e-001  5.537755e-001  -0.000000e+000
    outer loop
      vertex  4.128322e+001  1.459526e+001  1.047418e+000
      vertex  4.128322e+001  1.459526e+001 -1.047418e+000
      vertex  4.120622e+001  1.471104e+001  5.266197e-001
    endloop
  endfacet
  facet normal  8.326660e-001  5.537755e-001  0.000000e+000
    outer loop
      vertex  4.120622e+001  1.471104e+001  5.266197e-001
      vertex  4.128322e+001  1.459526e+001 -1.047418e+000
      vertex  4.120622e+001  1.471104e+001 -5.266197e-001
    endloop
  endfacet
  facet normal  8.257101e-001  5.640948e-001  -0.000000e+000
    outer loop
      vertex  4.120622e+001  1.471104e+001  5.266197e-001
      vertex  4.120622e+001  1.471104e+001 -5.266197e-001
      vertex  4.117960e+001  1.475000e+001  1.509018e-013
    endloop
  endfacet
  facet normal  9.980775e-001 -6.197733e-002  0.000000e+000
    outer loop
      vertex  3.907133e+001  1.306487e+000 -7.221503e+000
      vertex  3.900134e+001  1.793411e-001  7.249464e+000
      vertex  3.900134e+001  1.793411e-001 -7.249464e+000
    endloop
  endfacet
  facet normal  9.994829e-001  3.215437e-002  -0.000000e+000
    outer loop
      vertex  3.900134e+001  1.793411e-001 -7.249464e+000
      vertex  3.900134e+001  1.793411e-001  7.249464e+000
      vertex  3.903768e+001 -9.502105e-001  7.234941e+000
    endloop
  endfacet
  facet normal  9.994829e-001  3.215437e-002  0.000000e+000
    outer loop
      vertex  3.900134e+001  1.793411e-001 -7.249464e+000
      vertex  3.903768e+001 -9.502105e-001  7.234941e+000
      vertex  3.903768e+001 -9.502105e-001 -7.234941e+000
    endloop
  endfacet
  facet normal  9.913984e-001  1.308791e-001  -0.000000e+000
    outer loop
      vertex  3.903768e+001 -9.502105e-001 -7.234941e+000
      vertex  3.903768e+001 -9.502105e-001  7.234941e+000
      vertex  3.920090e+001 -2.186614e+000  7.169893e+000
    endloop
  endfacet
  facet normal  9.913984e-001  1.308791e-001  0.000000e+000
    outer loop
      vertex  3.903768e+001 -9.502105e-001 -7.234941e+000
      vertex  3.920090e+001 -2.186614e+000  7.169893e+000
      vertex  3.920090e+001 -2.186614e+000 -7.169893e+000
    endloop
  endfacet
  facet normal  9.725321e-001  2.327690e-001  -0.000000e+000
    outer loop
      vertex  3.920090e+001 -2.186614e+000 -7.169893e+000
      vertex  3.920090e+001 -2.186614e+000  7.169893e+000
      vertex  3.948949e+001 -3.392385e+000  7.055648e+000
    endloop
  endfacet
  facet normal  9.725320e-001  2.327690e-001  0.000000e+000
    outer loop
      vertex  3.920090e+001 -2.186614e+000 -7.169893e+000
      vertex  3.948949e+001 -3.392385e+000  7.055648e+000
      vertex  3.948949e+001 -3.392385e+000 -7.055648e+000
    endloop
  endfacet
  facet normal  9.434643e-001  3.314741e-001  -0.000000e+000
    outer loop
      vertex  3.948949e+001 -3.392385e+000 -7.055648e+000
      vertex  3.948949e+001 -3.392385e+000  7.055648e+000
      vertex  3.989712e+001 -4.552590e+000  6.896025e+000
    endloop
  endfacet
  facet normal  9.434643e-001  3.314741e-001  0.000000e+000
    outer loop
      vertex  3.948949e+001 -3.392385e+000 -7.055648e+000
      vertex  3.989712e+001 -4.552590e+000  6.896025e+000
      vertex  3.989712e+001 -4.552590e+000 -6.896025e+000
    endloop
  endfacet
  facet normal  9.047907e-001  4.258568e-001  -0.000000e+000
    outer loop
      vertex  3.989712e+001 -4.552590e+000 -6.896025e+000
      vertex  3.989712e+001 -4.552590e+000  6.896025e+000
      vertex  4.041588e+001 -5.654768e+000  6.696050e+000
    endloop
  endfacet
  facet normal  9.047906e-001  4.258568e-001  0.000000e+000
    outer loop
      vertex  3.989712e+001 -4.552590e+000 -6.896025e+000
      vertex  4.041588e+001 -5.654768e+000  6.696050e+000
      vertex  4.041588e+001 -5.654768e+000 -6.696050e+000
    endloop
  endfacet
  facet normal  8.621407e-001  5.066689e-001  -0.000000e+000
    outer loop
      vertex  4.041588e+001 -5.654768e+000 -6.696050e+000
      vertex  4.041588e+001 -5.654768e+000  6.696050e+000
      vertex  4.090983e+001 -6.495273e+000  6.509214e+000
    endloop
  endfacet
  facet normal  8.621407e-001  5.066689e-001  0.000000e+000
    outer loop
      vertex  4.041588e+001 -5.654768e+000 -6.696050e+000
      vertex  4.090983e+001 -6.495273e+000  6.509214e+000
      vertex  4.090983e+001 -6.495273e+000 -6.509214e+000
    endloop
  endfacet
  facet normal  8.183304e-001  5.747479e-001  -0.000000e+000
    outer loop
      vertex  4.090983e+001 -6.495273e+000 -6.509214e+000
      vertex  4.090983e+001 -6.495273e+000  6.509214e+000
      vertex  4.146621e+001 -7.287447e+000  6.303335e+000
    endloop
  endfacet
  facet normal  8.183305e-001  5.747480e-001  0.000000e+000
    outer loop
      vertex  4.090983e+001 -6.495273e+000 -6.509214e+000
      vertex  4.146621e+001 -7.287447e+000  6.303335e+000
      vertex  4.146621e+001 -7.287447e+000 -6.303335e+000
    endloop
  endfacet
  facet normal  7.694869e-001  6.386626e-001  -0.000000e+000
    outer loop
      vertex  4.146621e+001 -7.287447e+000 -6.303335e+000
      vertex  4.146621e+001 -7.287447e+000  6.303335e+000
      vertex  4.208094e+001 -8.028100e+000  6.082061e+000
    endloop
  endfacet
  facet normal  7.694870e-001  6.386626e-001  0.000000e+000
    outer loop
      vertex  4.146621e+001 -7.287447e+000 -6.303335e+000
      vertex  4.208094e+001 -8.028100e+000  6.082061e+000
      vertex  4.208094e+001 -8.028100e+000 -6.082061e+000
    endloop
  endfacet
  facet normal  9.980775e-001 -6.197733e-002  0.000000e+000
    outer loop
      vertex  3.900134e+001  1.793411e-001  7.249464e+000
      vertex  3.907133e+001  1.306487e+000 -7.221503e+000
      vertex  3.907133e+001  1.306487e+000  7.221503e+000
    endloop
  endfacet
  facet normal  9.878560e-001 -1.553722e-001  0.000000e+000
    outer loop
      vertex  3.907133e+001  1.306487e+000  7.221503e+000
      vertex  3.907133e+001  1.306487e+000 -7.221503e+000
      vertex  3.924620e+001  2.418307e+000 -7.151894e+000
    endloop
  endfacet
  facet normal  9.878560e-001 -1.553722e-001  0.000000e+000
    outer loop
      vertex  3.907133e+001  1.306487e+000  7.221503e+000
      vertex  3.924620e+001  2.418307e+000 -7.151894e+000
      vertex  3.924620e+001  2.418307e+000  7.151894e+000
    endloop
  endfacet
  facet normal  9.690198e-001 -2.469830e-001  0.000000e+000
    outer loop
      vertex  3.924620e+001  2.418307e+000  7.151894e+000
      vertex  3.924620e+001  2.418307e+000 -7.151894e+000
      vertex  3.952263e+001  3.502853e+000 -7.042593e+000
    endloop
  endfacet
  facet normal  9.690198e-001 -2.469830e-001  0.000000e+000
    outer loop
      vertex  3.924620e+001  2.418307e+000  7.151894e+000
      vertex  3.952263e+001  3.502853e+000 -7.042593e+000
      vertex  3.952263e+001  3.502853e+000  7.042593e+000
    endloop
  endfacet
  facet normal  9.419091e-001 -3.358678e-001  0.000000e+000
    outer loop
      vertex  3.952263e+001  3.502853e+000  7.042593e+000
      vertex  3.952263e+001  3.502853e+000 -7.042593e+000
      vertex  3.989579e+001  4.549359e+000 -6.896538e+000
    endloop
  endfacet
  facet normal  9.419091e-001 -3.358679e-001  0.000000e+000
    outer loop
      vertex  3.952263e+001  3.502853e+000  7.042593e+000
      vertex  3.989579e+001  4.549359e+000 -6.896538e+000
      vertex  3.989579e+001  4.549359e+000  6.896538e+000
    endloop
  endfacet
  facet normal  9.139514e-001 -4.058236e-001  0.000000e+000
    outer loop
      vertex  3.989579e+001  4.549359e+000  6.896538e+000
      vertex  3.989579e+001  4.549359e+000 -6.896538e+000
      vertex  4.017862e+001  5.186307e+000 -6.787052e+000
    endloop
  endfacet
  facet normal  9.139515e-001 -4.058236e-001  0.000000e+000
    outer loop
      vertex  3.989579e+001  4.549359e+000  6.896538e+000
      vertex  4.017862e+001  5.186307e+000 -6.787052e+000
      vertex  4.017862e+001  5.186307e+000  6.787052e+000
    endloop
  endfacet
  facet normal  8.889239e-001 -4.580548e-001  0.000000e+000
    outer loop
      vertex  4.017862e+001  5.186307e+000  6.787052e+000
      vertex  4.017862e+001  5.186307e+000 -6.787052e+000
      vertex  4.049608e+001  5.802384e+000 -6.665473e+000
    endloop
  endfacet
  facet normal  8.889240e-001 -4.580548e-001  0.000000e+000
    outer loop
      vertex  4.017862e+001  5.186307e+000  6.787052e+000
      vertex  4.049608e+001  5.802384e+000 -6.665473e+000
      vertex  4.049608e+001  5.802384e+000  6.665473e+000
    endloop
  endfacet
  facet normal  8.610772e-001 -5.084743e-001  0.000000e+000
    outer loop
      vertex  4.049608e+001  5.802384e+000  6.665473e+000
      vertex  4.049608e+001  5.802384e+000 -6.665473e+000
      vertex  4.084657e+001  6.395924e+000 -6.532943e+000
    endloop
  endfacet
  facet normal  8.610771e-001 -5.084742e-001  0.000000e+000
    outer loop
      vertex  4.049608e+001  5.802384e+000  6.665473e+000
      vertex  4.084657e+001  6.395924e+000 -6.532943e+000
      vertex  4.084657e+001  6.395924e+000  6.532943e+000
    endloop
  endfacet
  facet normal  8.305447e-001 -5.569519e-001  0.000000e+000
    outer loop
      vertex  4.084657e+001  6.395924e+000  6.532943e+000
      vertex  4.084657e+001  6.395924e+000 -6.532943e+000
      vertex  4.122852e+001  6.965495e+000 -6.390673e+000
    endloop
  endfacet
  facet normal  8.305448e-001 -5.569520e-001  0.000000e+000
    outer loop
      vertex  4.084657e+001  6.395924e+000  6.532943e+000
      vertex  4.122852e+001  6.965495e+000 -6.390673e+000
      vertex  4.122852e+001  6.965495e+000  6.390673e+000
    endloop
  endfacet
  facet normal  7.974510e-001 -6.033838e-001  0.000000e+000
    outer loop
      vertex  4.122852e+001  6.965495e+000  6.390673e+000
      vertex  4.122852e+001  6.965495e+000 -6.390673e+000
      vertex  4.164043e+001  7.509889e+000 -6.239936e+000
    endloop
  endfacet
  facet normal  7.974510e-001 -6.033838e-001  0.000000e+000
    outer loop
      vertex  4.122852e+001  6.965495e+000  6.390673e+000
      vertex  4.164043e+001  7.509889e+000 -6.239936e+000
      vertex  4.164043e+001  7.509889e+000  6.239936e+000
    endloop
  endfacet
  facet normal  7.619144e-001 -6.476777e-001  0.000000e+000
    outer loop
      vertex  4.164043e+001  7.509889e+000  6.239936e+000
      vertex  4.164043e+001  7.509889e+000 -6.239936e+000
      vertex  4.208094e+001  8.028100e+000 -6.082061e+000
    endloop
  endfacet
  facet normal  7.619144e-001 -6.476777e-001  0.000000e+000
    outer loop
      vertex  4.164043e+001  7.509889e+000  6.239936e+000
      vertex  4.208094e+001  8.028100e+000 -6.082061e+000
      vertex  4.208094e+001  8.028100e+000  6.082061e+000
    endloop
  endfacet
endsolid CATIA STL
