solid CATIA STL
  facet normal  5.298112e-001  8.480764e-001  8.150641e-003
    outer loop
      vertex  3.900000e+001  1.839714e+001  1.100000e+001
      vertex  3.819925e+001  1.890509e+001  1.019925e+001
      vertex  3.809552e+001  1.896219e+001  1.100000e+001
    endloop
  endfacet
  facet normal  4.456258e-001  8.951985e-001 -6.115239e-003
    outer loop
      vertex  3.809552e+001  1.896219e+001  1.100000e+001
      vertex  3.819925e+001  1.890509e+001  1.019925e+001
      vertex  3.737008e+001  1.931218e+001  9.370083e+000
    endloop
  endfacet
  facet normal  4.207733e-001  9.071348e-001  7.508932e-003
    outer loop
      vertex  3.809552e+001  1.896219e+001  1.100000e+001
      vertex  3.737008e+001  1.931218e+001  9.370083e+000
      vertex  3.712805e+001  1.941095e+001  1.100000e+001
    endloop
  endfacet
  facet normal  3.475291e-001  9.376547e-001 -5.216828e-003
    outer loop
      vertex  3.712805e+001  1.941095e+001  1.100000e+001
      vertex  3.737008e+001  1.931218e+001  9.370083e+000
      vertex  3.652022e+001  1.962244e+001  8.520219e+000
    endloop
  endfacet
  facet normal  3.052616e-001  9.522471e-001  6.388137e-003
    outer loop
      vertex  3.712805e+001  1.941095e+001  1.100000e+001
      vertex  3.652022e+001  1.962244e+001  8.520219e+000
      vertex  3.611248e+001  1.973651e+001  1.100000e+001
    endloop
  endfacet
  facet normal  2.468752e-001  9.690390e-001 -3.984495e-003
    outer loop
      vertex  3.611248e+001  1.973651e+001  1.100000e+001
      vertex  3.652022e+001  1.962244e+001  8.520219e+000
      vertex  3.565599e+001  1.983906e+001  7.655990e+000
    endloop
  endfacet
  facet normal  1.850588e-001  9.827154e-001  4.873432e-003
    outer loop
      vertex  3.611248e+001  1.973651e+001  1.100000e+001
      vertex  3.565599e+001  1.983906e+001  7.655990e+000
      vertex  3.506443e+001  1.993387e+001  1.100000e+001
    endloop
  endfacet
  facet normal  1.559892e-001  9.877588e-001 -4.120555e-004
    outer loop
      vertex  3.506443e+001  1.993387e+001  1.100000e+001
      vertex  3.565599e+001  1.983906e+001  7.655990e+000
      vertex  3.501816e+001  1.993952e+001  7.018160e+000
    endloop
  endfacet
  facet normal  6.200393e-002  9.980756e-001  6.946690e-004
    outer loop
      vertex  3.506443e+001  1.993387e+001  1.100000e+001
      vertex  3.501816e+001  1.993952e+001  7.018160e+000
      vertex  3.400000e+001  2.000000e+001  1.100000e+001
    endloop
  endfacet
  facet normal  1.011544e-001  9.948127e-001  1.075501e-002
    outer loop
      vertex  3.400000e+001  2.000000e+001  1.100000e+001
      vertex  3.501816e+001  1.993952e+001  7.018160e+000
      vertex  3.454494e+001  1.998271e+001  7.474265e+000
    endloop
  endfacet
  facet normal  3.171923e-002  9.994969e-001  0.000000e+000
    outer loop
      vertex  3.400000e+001  2.000000e+001  1.100000e+001
      vertex  3.454494e+001  1.998271e+001  7.474265e+000
      vertex  3.400000e+001  2.000000e+001  8.000000e+000
    endloop
  endfacet
  facet normal  3.052616e-001 -9.522470e-001  6.388138e-003
    outer loop
      vertex  3.712805e+001 -1.941095e+001  1.100000e+001
      vertex  3.611248e+001 -1.973651e+001  1.100000e+001
      vertex  3.652022e+001 -1.962244e+001  8.520219e+000
    endloop
  endfacet
  facet normal  3.475291e-001 -9.376547e-001 -5.216828e-003
    outer loop
      vertex  3.652022e+001 -1.962244e+001  8.520219e+000
      vertex  3.737008e+001 -1.931218e+001  9.370083e+000
      vertex  3.712805e+001 -1.941095e+001  1.100000e+001
    endloop
  endfacet
  facet normal  4.207733e-001 -9.071348e-001  7.508936e-003
    outer loop
      vertex  3.809552e+001 -1.896219e+001  1.100000e+001
      vertex  3.712805e+001 -1.941095e+001  1.100000e+001
      vertex  3.737008e+001 -1.931218e+001  9.370083e+000
    endloop
  endfacet
  facet normal  4.456258e-001 -8.951985e-001 -6.115239e-003
    outer loop
      vertex  3.737008e+001 -1.931218e+001  9.370083e+000
      vertex  3.819925e+001 -1.890509e+001  1.019925e+001
      vertex  3.809552e+001 -1.896219e+001  1.100000e+001
    endloop
  endfacet
  facet normal  5.298112e-001 -8.480764e-001  8.150641e-003
    outer loop
      vertex  3.900000e+001 -1.839714e+001  1.100000e+001
      vertex  3.809552e+001 -1.896219e+001  1.100000e+001
      vertex  3.819925e+001 -1.890509e+001  1.019925e+001
    endloop
  endfacet
  facet normal  6.200395e-002 -9.980759e-001  0.000000e+000
    outer loop
      vertex  3.400000e+001 -2.000000e+001  1.100000e+001
      vertex  3.400000e+001 -2.000000e+001  8.000000e+000
      vertex  3.506443e+001 -1.993387e+001  1.100000e+001
    endloop
  endfacet
  facet normal  3.945273e-002 -9.991892e-001  8.025912e-003
    outer loop
      vertex  3.506443e+001 -1.993387e+001  1.100000e+001
      vertex  3.400000e+001 -2.000000e+001  8.000000e+000
      vertex  3.454494e+001 -1.998271e+001  7.474266e+000
    endloop
  endfacet
  facet normal  9.121965e-002 -9.958308e-001  3.520029e-004
    outer loop
      vertex  3.506443e+001 -1.993387e+001  1.100000e+001
      vertex  3.454494e+001 -1.998271e+001  7.474266e+000
      vertex  3.501816e+001 -1.993952e+001  7.018160e+000
    endloop
  endfacet
  facet normal  1.850609e-001 -9.827268e-001 -7.570001e-004
    outer loop
      vertex  3.506443e+001 -1.993387e+001  1.100000e+001
      vertex  3.501816e+001 -1.993952e+001  7.018160e+000
      vertex  3.611248e+001 -1.973651e+001  1.100000e+001
    endloop
  endfacet
  facet normal  1.453240e-001 -9.893283e-001  1.050041e-002
    outer loop
      vertex  3.611248e+001 -1.973651e+001  1.100000e+001
      vertex  3.501816e+001 -1.993952e+001  7.018160e+000
      vertex  3.565599e+001 -1.983906e+001  7.655990e+000
    endloop
  endfacet
  facet normal  2.468752e-001 -9.690390e-001 -3.984495e-003
    outer loop
      vertex  3.611248e+001 -1.973651e+001  1.100000e+001
      vertex  3.565599e+001 -1.983906e+001  7.655990e+000
      vertex  3.652022e+001 -1.962244e+001  8.520219e+000
    endloop
  endfacet
  facet normal -5.298112e-001 -8.480764e-001  8.150641e-003
    outer loop
      vertex -3.900000e+001 -1.839714e+001  1.100000e+001
      vertex -3.819925e+001 -1.890509e+001  1.019925e+001
      vertex -3.809552e+001 -1.896219e+001  1.100000e+001
    endloop
  endfacet
  facet normal -4.456258e-001 -8.951985e-001 -6.115239e-003
    outer loop
      vertex -3.809552e+001 -1.896219e+001  1.100000e+001
      vertex -3.819925e+001 -1.890509e+001  1.019925e+001
      vertex -3.737008e+001 -1.931218e+001  9.370083e+000
    endloop
  endfacet
  facet normal -4.207733e-001 -9.071348e-001  7.508932e-003
    outer loop
      vertex -3.809552e+001 -1.896219e+001  1.100000e+001
      vertex -3.737008e+001 -1.931218e+001  9.370083e+000
      vertex -3.712805e+001 -1.941095e+001  1.100000e+001
    endloop
  endfacet
  facet normal -3.475291e-001 -9.376547e-001 -5.216828e-003
    outer loop
      vertex -3.712805e+001 -1.941095e+001  1.100000e+001
      vertex -3.737008e+001 -1.931218e+001  9.370083e+000
      vertex -3.652022e+001 -1.962244e+001  8.520219e+000
    endloop
  endfacet
  facet normal -3.052616e-001 -9.522471e-001  6.388137e-003
    outer loop
      vertex -3.712805e+001 -1.941095e+001  1.100000e+001
      vertex -3.652022e+001 -1.962244e+001  8.520219e+000
      vertex -3.611248e+001 -1.973651e+001  1.100000e+001
    endloop
  endfacet
  facet normal -2.468752e-001 -9.690390e-001 -3.984495e-003
    outer loop
      vertex -3.611248e+001 -1.973651e+001  1.100000e+001
      vertex -3.652022e+001 -1.962244e+001  8.520219e+000
      vertex -3.565599e+001 -1.983906e+001  7.655990e+000
    endloop
  endfacet
  facet normal -1.850588e-001 -9.827154e-001  4.873432e-003
    outer loop
      vertex -3.611248e+001 -1.973651e+001  1.100000e+001
      vertex -3.565599e+001 -1.983906e+001  7.655990e+000
      vertex -3.506443e+001 -1.993387e+001  1.100000e+001
    endloop
  endfacet
  facet normal -1.559892e-001 -9.877588e-001 -4.120555e-004
    outer loop
      vertex -3.506443e+001 -1.993387e+001  1.100000e+001
      vertex -3.565599e+001 -1.983906e+001  7.655990e+000
      vertex -3.501816e+001 -1.993952e+001  7.018160e+000
    endloop
  endfacet
  facet normal -6.200393e-002 -9.980756e-001  6.946690e-004
    outer loop
      vertex -3.506443e+001 -1.993387e+001  1.100000e+001
      vertex -3.501816e+001 -1.993952e+001  7.018160e+000
      vertex -3.400000e+001 -2.000000e+001  1.100000e+001
    endloop
  endfacet
  facet normal -1.011544e-001 -9.948127e-001  1.075501e-002
    outer loop
      vertex -3.400000e+001 -2.000000e+001  1.100000e+001
      vertex -3.501816e+001 -1.993952e+001  7.018160e+000
      vertex -3.454494e+001 -1.998271e+001  7.474265e+000
    endloop
  endfacet
  facet normal -3.171923e-002 -9.994969e-001  0.000000e+000
    outer loop
      vertex -3.400000e+001 -2.000000e+001  1.100000e+001
      vertex -3.454494e+001 -1.998271e+001  7.474265e+000
      vertex -3.400000e+001 -2.000000e+001  8.000000e+000
    endloop
  endfacet
  facet normal -3.052616e-001  9.522470e-001  6.388138e-003
    outer loop
      vertex -3.712805e+001  1.941095e+001  1.100000e+001
      vertex -3.611248e+001  1.973651e+001  1.100000e+001
      vertex -3.652022e+001  1.962244e+001  8.520219e+000
    endloop
  endfacet
  facet normal -3.475291e-001  9.376547e-001 -5.216828e-003
    outer loop
      vertex -3.652022e+001  1.962244e+001  8.520219e+000
      vertex -3.737008e+001  1.931218e+001  9.370083e+000
      vertex -3.712805e+001  1.941095e+001  1.100000e+001
    endloop
  endfacet
  facet normal -4.207733e-001  9.071348e-001  7.508936e-003
    outer loop
      vertex -3.809552e+001  1.896219e+001  1.100000e+001
      vertex -3.712805e+001  1.941095e+001  1.100000e+001
      vertex -3.737008e+001  1.931218e+001  9.370083e+000
    endloop
  endfacet
  facet normal -4.456258e-001  8.951985e-001 -6.115239e-003
    outer loop
      vertex -3.737008e+001  1.931218e+001  9.370083e+000
      vertex -3.819925e+001  1.890509e+001  1.019925e+001
      vertex -3.809552e+001  1.896219e+001  1.100000e+001
    endloop
  endfacet
  facet normal -5.298112e-001  8.480764e-001  8.150641e-003
    outer loop
      vertex -3.900000e+001  1.839714e+001  1.100000e+001
      vertex -3.809552e+001  1.896219e+001  1.100000e+001
      vertex -3.819925e+001  1.890509e+001  1.019925e+001
    endloop
  endfacet
  facet normal -6.200395e-002  9.980759e-001  0.000000e+000
    outer loop
      vertex -3.400000e+001  2.000000e+001  1.100000e+001
      vertex -3.400000e+001  2.000000e+001  8.000000e+000
      vertex -3.506443e+001  1.993387e+001  1.100000e+001
    endloop
  endfacet
  facet normal -3.945253e-002  9.991892e-001  8.025981e-003
    outer loop
      vertex -3.506443e+001  1.993387e+001  1.100000e+001
      vertex -3.400000e+001  2.000000e+001  8.000000e+000
      vertex -3.454494e+001  1.998271e+001  7.474265e+000
    endloop
  endfacet
  facet normal -9.122035e-002  9.958306e-001  3.519949e-004
    outer loop
      vertex -3.506443e+001  1.993387e+001  1.100000e+001
      vertex -3.454494e+001  1.998271e+001  7.474265e+000
      vertex -3.501816e+001  1.993952e+001  7.018160e+000
    endloop
  endfacet
  facet normal -1.850609e-001  9.827268e-001 -7.570001e-004
    outer loop
      vertex -3.506443e+001  1.993387e+001  1.100000e+001
      vertex -3.501816e+001  1.993952e+001  7.018160e+000
      vertex -3.611248e+001  1.973651e+001  1.100000e+001
    endloop
  endfacet
  facet normal -1.453240e-001  9.893283e-001  1.050041e-002
    outer loop
      vertex -3.611248e+001  1.973651e+001  1.100000e+001
      vertex -3.501816e+001  1.993952e+001  7.018160e+000
      vertex -3.565599e+001  1.983906e+001  7.655990e+000
    endloop
  endfacet
  facet normal -2.468752e-001  9.690390e-001 -3.984495e-003
    outer loop
      vertex -3.611248e+001  1.973651e+001  1.100000e+001
      vertex -3.565599e+001  1.983906e+001  7.655990e+000
      vertex -3.652022e+001  1.962244e+001  8.520219e+000
    endloop
  endfacet
  facet normal  0.000000e+000  3.805249e-001 -9.247707e-001
    outer loop
      vertex  1.000000e+001  1.500000e+001  5.838015e-001
      vertex -1.000000e+001  1.500000e+001  5.838015e-001
      vertex -2.862010e+001  1.508822e+001  6.201010e-001
    endloop
  endfacet
  facet normal  0.000000e+000  3.805249e-001 -9.247707e-001
    outer loop
      vertex  1.000000e+001  1.500000e+001  5.838015e-001
      vertex -2.862010e+001  1.508822e+001  6.201010e-001
      vertex  2.862010e+001  1.508822e+001  6.201010e-001
    endloop
  endfacet
  facet normal  1.937931e-004  3.452712e-001 -9.385030e-001
    outer loop
      vertex  1.000000e+001  1.500000e+001  5.838015e-001
      vertex  2.862010e+001  1.508822e+001  6.201010e-001
      vertex  2.837857e+001  1.443184e+001  3.785729e-001
    endloop
  endfacet
  facet normal  3.163574e-004  2.609736e-001 -9.653459e-001
    outer loop
      vertex  2.837857e+001  1.443184e+001  3.785729e-001
      vertex  2.819170e+001  1.374082e+001  1.917012e-001
      vertex  1.316891e+001  1.386756e+001  2.210400e-001
    endloop
  endfacet
  facet normal  2.745150e-004  2.620221e-001 -9.650618e-001
    outer loop
      vertex  2.837857e+001  1.443184e+001  3.785729e-001
      vertex  1.316891e+001  1.386756e+001  2.210400e-001
      vertex  1.252237e+001  1.431713e+001  3.429184e-001
    endloop
  endfacet
  facet normal -1.122826e-004  3.109413e-001 -9.504291e-001
    outer loop
      vertex  2.837857e+001  1.443184e+001  3.785729e-001
      vertex  1.252237e+001  1.431713e+001  3.429184e-001
      vertex  1.181223e+001  1.466002e+001  4.551817e-001
    endloop
  endfacet
  facet normal  4.176466e-004  3.453955e-001 -9.384571e-001
    outer loop
      vertex  2.837857e+001  1.443184e+001  3.785729e-001
      vertex  1.181223e+001  1.466002e+001  4.551817e-001
      vertex  1.122560e+001  1.484746e+001  5.239083e-001
    endloop
  endfacet
  facet normal  1.034407e-003  3.678516e-001 -9.298840e-001
    outer loop
      vertex  2.837857e+001  1.443184e+001  3.785729e-001
      vertex  1.122560e+001  1.484746e+001  5.239083e-001
      vertex  1.061824e+001  1.496163e+001  5.683951e-001
    endloop
  endfacet
  facet normal  2.271023e-003  4.039023e-001 -9.147993e-001
    outer loop
      vertex  2.837857e+001  1.443184e+001  3.785729e-001
      vertex  1.061824e+001  1.496163e+001  5.683951e-001
      vertex  1.000000e+001  1.500000e+001  5.838015e-001
    endloop
  endfacet
  facet normal -1.937931e-004  3.452712e-001 -9.385030e-001
    outer loop
      vertex -2.837857e+001  1.443184e+001  3.785729e-001
      vertex -2.862010e+001  1.508822e+001  6.201010e-001
      vertex -1.000000e+001  1.500000e+001  5.838015e-001
    endloop
  endfacet
  facet normal -2.271023e-003  4.039023e-001 -9.147993e-001
    outer loop
      vertex -2.837857e+001  1.443184e+001  3.785729e-001
      vertex -1.000000e+001  1.500000e+001  5.838015e-001
      vertex -1.061824e+001  1.496163e+001  5.683951e-001
    endloop
  endfacet
  facet normal -1.034407e-003  3.678515e-001 -9.298840e-001
    outer loop
      vertex -2.837857e+001  1.443184e+001  3.785729e-001
      vertex -1.061824e+001  1.496163e+001  5.683951e-001
      vertex -1.122560e+001  1.484746e+001  5.239083e-001
    endloop
  endfacet
  facet normal -4.176463e-004  3.453955e-001 -9.384571e-001
    outer loop
      vertex -2.837857e+001  1.443184e+001  3.785729e-001
      vertex -1.122560e+001  1.484746e+001  5.239083e-001
      vertex -1.181223e+001  1.466002e+001  4.551817e-001
    endloop
  endfacet
  facet normal  1.122825e-004  3.109413e-001 -9.504291e-001
    outer loop
      vertex -2.837857e+001  1.443184e+001  3.785729e-001
      vertex -1.181223e+001  1.466002e+001  4.551817e-001
      vertex -1.252237e+001  1.431713e+001  3.429184e-001
    endloop
  endfacet
  facet normal -2.745150e-004  2.620221e-001 -9.650618e-001
    outer loop
      vertex -2.837857e+001  1.443184e+001  3.785729e-001
      vertex -1.252237e+001  1.431713e+001  3.429184e-001
      vertex -1.316891e+001  1.386756e+001  2.210400e-001
    endloop
  endfacet
  facet normal -3.163573e-004  2.609736e-001 -9.653459e-001
    outer loop
      vertex -2.837857e+001  1.443184e+001  3.785729e-001
      vertex -1.316891e+001  1.386756e+001  2.210400e-001
      vertex -2.819170e+001  1.374082e+001  1.917012e-001
    endloop
  endfacet
  facet normal  0.000000e+000  9.994594e-001 -3.287699e-002
    outer loop
      vertex -3.400000e+001  2.000000e+001  8.000000e+000
      vertex  3.400000e+001  2.000000e+001  8.000000e+000
      vertex -3.454494e+001  1.998271e+001  7.474265e+000
    endloop
  endfacet
  facet normal  0.000000e+000  9.994594e-001 -3.287699e-002
    outer loop
      vertex -3.454494e+001  1.998271e+001  7.474265e+000
      vertex  3.400000e+001  2.000000e+001  8.000000e+000
      vertex  3.454494e+001  1.998271e+001  7.474265e+000
    endloop
  endfacet
  facet normal  0.000000e+000  9.955473e-001 -9.426310e-002
    outer loop
      vertex -3.454494e+001  1.998271e+001  7.474265e+000
      vertex  3.454494e+001  1.998271e+001  7.474265e+000
      vertex -3.501816e+001  1.993952e+001  7.018160e+000
    endloop
  endfacet
  facet normal  0.000000e+000  9.955473e-001 -9.426310e-002
    outer loop
      vertex -3.501816e+001  1.993952e+001  7.018160e+000
      vertex  3.454494e+001  1.998271e+001  7.474265e+000
      vertex  3.501816e+001  1.993952e+001  7.018160e+000
    endloop
  endfacet
  facet normal  0.000000e+000  9.829122e-001 -1.840746e-001
    outer loop
      vertex -3.501816e+001  1.993952e+001  7.018160e+000
      vertex  3.501816e+001  1.993952e+001  7.018160e+000
      vertex -3.404231e+001  1.975677e+001  6.042307e+000
    endloop
  endfacet
  facet normal  0.000000e+000  9.829122e-001 -1.840746e-001
    outer loop
      vertex -3.404231e+001  1.975677e+001  6.042307e+000
      vertex  3.501816e+001  1.993952e+001  7.018160e+000
      vertex  3.404231e+001  1.975677e+001  6.042307e+000
    endloop
  endfacet
  facet normal  0.000000e+000  9.522507e-001 -3.053172e-001
    outer loop
      vertex -3.404231e+001  1.975677e+001  6.042307e+000
      vertex  3.404231e+001  1.975677e+001  6.042307e+000
      vertex -3.308233e+001  1.944897e+001  5.082330e+000
    endloop
  endfacet
  facet normal  0.000000e+000  9.522507e-001 -3.053173e-001
    outer loop
      vertex -3.308233e+001  1.944897e+001  5.082330e+000
      vertex  3.404231e+001  1.975677e+001  6.042307e+000
      vertex  3.308233e+001  1.944897e+001  5.082330e+000
    endloop
  endfacet
  facet normal  0.000000e+000  9.103869e-001 -4.137581e-001
    outer loop
      vertex -3.308233e+001  1.944897e+001  5.082330e+000
      vertex  3.308233e+001  1.944897e+001  5.082330e+000
      vertex -3.230693e+001  1.909656e+001  4.306928e+000
    endloop
  endfacet
  facet normal  0.000000e+000  9.103869e-001 -4.137581e-001
    outer loop
      vertex -3.230693e+001  1.909656e+001  4.306928e+000
      vertex  3.308233e+001  1.944897e+001  5.082330e+000
      vertex  3.230693e+001  1.909656e+001  4.306928e+000
    endloop
  endfacet
  facet normal  0.000000e+000  8.605546e-001 -5.093582e-001
    outer loop
      vertex -3.230693e+001  1.909656e+001  4.306928e+000
      vertex  3.230693e+001  1.909656e+001  4.306928e+000
      vertex -3.155550e+001  1.865180e+001  3.555499e+000
    endloop
  endfacet
  facet normal  0.000000e+000  8.605546e-001 -5.093581e-001
    outer loop
      vertex -3.155550e+001  1.865180e+001  3.555499e+000
      vertex  3.230693e+001  1.909656e+001  4.306928e+000
      vertex  3.155550e+001  1.865180e+001  3.555499e+000
    endloop
  endfacet
  facet normal  0.000000e+000  7.989070e-001 -6.014546e-001
    outer loop
      vertex -3.155550e+001  1.865180e+001  3.555499e+000
      vertex  3.155550e+001  1.865180e+001  3.555499e+000
      vertex -3.083647e+001  1.811048e+001  2.836472e+000
    endloop
  endfacet
  facet normal  0.000000e+000  7.989070e-001 -6.014546e-001
    outer loop
      vertex -3.083647e+001  1.811048e+001  2.836472e+000
      vertex  3.155550e+001  1.865180e+001  3.555499e+000
      vertex  3.083647e+001  1.811048e+001  2.836472e+000
    endloop
  endfacet
  facet normal  0.000000e+000  7.249000e-001 -6.888540e-001
    outer loop
      vertex -3.083647e+001  1.811048e+001  2.836472e+000
      vertex  3.083647e+001  1.811048e+001  2.836472e+000
      vertex -3.016057e+001  1.746819e+001  2.160575e+000
    endloop
  endfacet
  facet normal  0.000000e+000  7.249001e-001 -6.888540e-001
    outer loop
      vertex -3.016057e+001  1.746819e+001  2.160575e+000
      vertex  3.083647e+001  1.811048e+001  2.836472e+000
      vertex  3.016057e+001  1.746819e+001  2.160575e+000
    endloop
  endfacet
  facet normal  0.000000e+000  6.589960e-001 -7.521465e-001
    outer loop
      vertex -3.016057e+001  1.746819e+001  2.160575e+000
      vertex  3.016057e+001  1.746819e+001  2.160575e+000
      vertex -2.981168e+001  1.706998e+001  1.811681e+000
    endloop
  endfacet
  facet normal  0.000000e+000  6.589959e-001 -7.521465e-001
    outer loop
      vertex -2.981168e+001  1.706998e+001  1.811681e+000
      vertex  3.016057e+001  1.746819e+001  2.160575e+000
      vertex  2.981168e+001  1.706998e+001  1.811681e+000
    endloop
  endfacet
  facet normal  0.000000e+000  6.071796e-001 -7.945646e-001
    outer loop
      vertex -2.981168e+001  1.706998e+001  1.811681e+000
      vertex  2.981168e+001  1.706998e+001  1.811681e+000
      vertex -2.948258e+001  1.663931e+001  1.482579e+000
    endloop
  endfacet
  facet normal  0.000000e+000  6.071796e-001 -7.945646e-001
    outer loop
      vertex -2.948258e+001  1.663931e+001  1.482579e+000
      vertex  2.981168e+001  1.706998e+001  1.811681e+000
      vertex  2.948258e+001  1.663931e+001  1.482579e+000
    endloop
  endfacet
  facet normal  0.000000e+000  5.519859e-001 -8.338534e-001
    outer loop
      vertex -2.948258e+001  1.663931e+001  1.482579e+000
      vertex  2.948258e+001  1.663931e+001  1.482579e+000
      vertex -2.918343e+001  1.618740e+001  1.183427e+000
    endloop
  endfacet
  facet normal  0.000000e+000  5.519859e-001 -8.338534e-001
    outer loop
      vertex -2.918343e+001  1.618740e+001  1.183427e+000
      vertex  2.948258e+001  1.663931e+001  1.482579e+000
      vertex  2.918343e+001  1.618740e+001  1.183427e+000
    endloop
  endfacet
  facet normal  0.000000e+000  4.935527e-001 -8.697159e-001
    outer loop
      vertex -2.918343e+001  1.618740e+001  1.183427e+000
      vertex  2.918343e+001  1.618740e+001  1.183427e+000
      vertex -2.890949e+001  1.570468e+001  9.094909e-001
    endloop
  endfacet
  facet normal  0.000000e+000  4.935527e-001 -8.697159e-001
    outer loop
      vertex -2.890949e+001  1.570468e+001  9.094909e-001
      vertex  2.918343e+001  1.618740e+001  1.183427e+000
      vertex  2.890949e+001  1.570468e+001  9.094909e-001
    endloop
  endfacet
  facet normal  0.000000e+000  4.249410e-001 -9.052210e-001
    outer loop
      vertex -2.890949e+001  1.570468e+001  9.094909e-001
      vertex  2.890949e+001  1.570468e+001  9.094909e-001
      vertex -2.862010e+001  1.508822e+001  6.201010e-001
    endloop
  endfacet
  facet normal  0.000000e+000  4.249410e-001 -9.052211e-001
    outer loop
      vertex -2.862010e+001  1.508822e+001  6.201010e-001
      vertex  2.890949e+001  1.570468e+001  9.094909e-001
      vertex  2.862010e+001  1.508822e+001  6.201010e-001
    endloop
  endfacet
  facet normal -2.334991e-004  1.991794e-001 -9.799629e-001
    outer loop
      vertex  1.316891e+001  1.386756e+001  2.210400e-001
      vertex  2.819170e+001  1.374082e+001  1.917012e-001
      vertex  1.373768e+001  1.332111e+001  1.098364e-001
    endloop
  endfacet
  facet normal  8.260533e-004  1.639598e-001 -9.864667e-001
    outer loop
      vertex  1.373768e+001  1.332111e+001  1.098364e-001
      vertex  2.819170e+001  1.374082e+001  1.917012e-001
      vertex  2.804863e+001  1.288078e+001  4.863383e-002
    endloop
  endfacet
  facet normal -3.705091e-004  1.258466e-001 -9.920496e-001
    outer loop
      vertex  1.373768e+001  1.332111e+001  1.098364e-001
      vertex  2.804863e+001  1.288078e+001  4.863383e-002
      vertex  1.421134e+001  1.269529e+001  3.027145e-002
    endloop
  endfacet
  facet normal  0.000000e+000  5.513288e-002 -9.984789e-001
    outer loop
      vertex  2.800000e+001  1.200000e+001 -8.262324e-016
      vertex  1.458258e+001  1.200000e+001 -8.262324e-016
      vertex  2.804863e+001  1.288078e+001  4.863383e-002
    endloop
  endfacet
  facet normal  7.373984e-004  4.388970e-002 -9.990361e-001
    outer loop
      vertex  2.804863e+001  1.288078e+001  4.863383e-002
      vertex  1.458258e+001  1.200000e+001 -8.262324e-016
      vertex  1.421134e+001  1.269529e+001  3.027145e-002
    endloop
  endfacet
  facet normal  5.413820e-004  1.641811e-001 -9.864300e-001
    outer loop
      vertex -2.819170e+001  1.374082e+001  1.917012e-001
      vertex -1.316891e+001  1.386756e+001  2.210400e-001
      vertex -2.804863e+001  1.288078e+001  4.863383e-002
    endloop
  endfacet
  facet normal -2.008407e-003  2.014192e-001 -9.795030e-001
    outer loop
      vertex -2.804863e+001  1.288078e+001  4.863383e-002
      vertex -1.316891e+001  1.386756e+001  2.210400e-001
      vertex -1.373768e+001  1.332111e+001  1.098364e-001
    endloop
  endfacet
  facet normal  3.705093e-004  1.258466e-001 -9.920496e-001
    outer loop
      vertex -2.804863e+001  1.288078e+001  4.863383e-002
      vertex -1.373768e+001  1.332111e+001  1.098364e-001
      vertex -1.421134e+001  1.269529e+001  3.027145e-002
    endloop
  endfacet
  facet normal -7.373985e-004  4.388971e-002 -9.990361e-001
    outer loop
      vertex -1.421134e+001  1.269529e+001  3.027145e-002
      vertex -1.458258e+001  1.200000e+001 -8.262324e-016
      vertex -2.804863e+001  1.288078e+001  4.863383e-002
    endloop
  endfacet
  facet normal  0.000000e+000  5.513289e-002 -9.984789e-001
    outer loop
      vertex -2.804863e+001  1.288078e+001  4.863383e-002
      vertex -1.458258e+001  1.200000e+001 -8.262324e-016
      vertex -2.800000e+001  1.200000e+001 -8.262324e-016
    endloop
  endfacet
  facet normal  -0.000000e+000 -1.280147e-015 -1.000000e+000
    outer loop
      vertex -2.800000e+001  1.200000e+001 -8.262324e-016
      vertex -1.458258e+001  1.200000e+001 -8.262324e-016
      vertex -1.481301e+001  1.135458e+001  0.000000e+000
    endloop
  endfacet
  facet normal  6.202157e-017 -1.294469e-017 -1.000000e+000
    outer loop
      vertex -2.800000e+001  1.200000e+001 -8.262324e-016
      vertex -1.481301e+001  1.135458e+001  0.000000e+000
      vertex -1.495303e+001  1.068371e+001  0.000000e+000
    endloop
  endfacet
  facet normal  6.289169e-017 -4.320242e-018 -9.999999e-001
    outer loop
      vertex -2.800000e+001  1.200000e+001 -8.262324e-016
      vertex -1.495303e+001  1.068371e+001  0.000000e+000
      vertex -1.500000e+001  1.000000e+001  0.000000e+000
    endloop
  endfacet
  facet normal  7.626761e-017  8.262324e-017 -1.000000e+000
    outer loop
      vertex -2.800000e+001  1.200000e+001 -8.262324e-016
      vertex -1.500000e+001  1.000000e+001  0.000000e+000
      vertex -1.500000e+001  0.000000e+000 -8.262324e-016
    endloop
  endfacet
  facet normal  2.097293e-016  2.272068e-016 -1.000000e+000
    outer loop
      vertex -2.800000e+001  1.200000e+001 -8.262324e-016
      vertex -1.500000e+001  0.000000e+000 -8.262324e-016
      vertex -2.800000e+001  0.000000e+000 -3.552714e-015
    endloop
  endfacet
  facet normal  0.000000e+000  0.000000e+000 -1.000000e+000
    outer loop
      vertex  2.800000e+001  1.200000e+001 -8.262324e-016
      vertex  2.800000e+001 -1.776357e-015 -8.262324e-016
      vertex  1.500000e+001  0.000000e+000 -8.262324e-016
    endloop
  endfacet
  facet normal  0.000000e+000  0.000000e+000 -1.000000e+000
    outer loop
      vertex  2.800000e+001  1.200000e+001 -8.262324e-016
      vertex  1.500000e+001  0.000000e+000 -8.262324e-016
      vertex  1.500000e+001  1.000000e+001 -8.262324e-016
    endloop
  endfacet
  facet normal -1.839710e-016  1.195812e-015 -9.999999e-001
    outer loop
      vertex  2.800000e+001  1.200000e+001 -8.262324e-016
      vertex  1.500000e+001  1.000000e+001 -8.262324e-016
      vertex  1.495303e+001  1.068371e+001  0.000000e+000
    endloop
  endfacet
  facet normal -6.202158e-017 -1.294469e-017 -9.999999e-001
    outer loop
      vertex  2.800000e+001  1.200000e+001 -8.262324e-016
      vertex  1.495303e+001  1.068371e+001  0.000000e+000
      vertex  1.481301e+001  1.135458e+001  0.000000e+000
    endloop
  endfacet
  facet normal  0.000000e+000 -1.280147e-015 -1.000000e+000
    outer loop
      vertex  2.800000e+001  1.200000e+001 -8.262324e-016
      vertex  1.481301e+001  1.135458e+001  0.000000e+000
      vertex  1.458258e+001  1.200000e+001 -8.262324e-016
    endloop
  endfacet
  facet normal  2.097293e-016  0.000000e+000 -1.000000e+000
    outer loop
      vertex -2.800000e+001 -1.200000e+001 -3.552714e-015
      vertex -2.800000e+001  0.000000e+000 -3.552714e-015
      vertex -1.500000e+001  0.000000e+000 -8.262324e-016
    endloop
  endfacet
  facet normal  2.097293e-016  0.000000e+000 -1.000000e+000
    outer loop
      vertex -2.800000e+001 -1.200000e+001 -3.552714e-015
      vertex -1.500000e+001  0.000000e+000 -8.262324e-016
      vertex -1.500000e+001 -1.000000e+001 -8.262324e-016
    endloop
  endfacet
  facet normal  3.915070e-016 -1.181555e-015 -9.999999e-001
    outer loop
      vertex -2.800000e+001 -1.200000e+001 -3.552714e-015
      vertex -1.500000e+001 -1.000000e+001 -8.262324e-016
      vertex -1.495303e+001 -1.068371e+001  0.000000e+000
    endloop
  endfacet
  facet normal  2.666864e-016  5.566083e-017 -9.999999e-001
    outer loop
      vertex -2.800000e+001 -1.200000e+001 -3.552714e-015
      vertex -1.495303e+001 -1.068371e+001  0.000000e+000
      vertex -1.481301e+001 -1.135458e+001  0.000000e+000
    endloop
  endfacet
  facet normal  3.971754e-016 -2.610443e-015 -1.000000e+000
    outer loop
      vertex -2.800000e+001 -1.200000e+001 -3.552714e-015
      vertex -1.481301e+001 -1.135458e+001  0.000000e+000
      vertex -1.458258e+001 -1.200000e+001  1.776357e-015
    endloop
  endfacet
  facet normal -6.710202e-017  4.609445e-018 -1.000000e+000
    outer loop
      vertex  1.500000e+001 -1.000000e+001  0.000000e+000
      vertex  2.800000e+001 -1.776357e-015 -8.262324e-016
      vertex  1.495303e+001 -1.068371e+001  0.000000e+000
    endloop
  endfacet
  facet normal -1.128987e-032 -8.262324e-017 -1.000000e+000
    outer loop
      vertex  1.500000e+001 -1.000000e+001  0.000000e+000
      vertex  1.500000e+001  0.000000e+000 -8.262324e-016
      vertex  2.800000e+001 -1.776357e-015 -8.262324e-016
    endloop
  endfacet
  facet normal -1.939708e-016  0.000000e+000 -1.000000e+000
    outer loop
      vertex  2.800000e+001 -1.200000e+001 -8.262324e-016
      vertex  1.458258e+001 -1.200000e+001  1.776357e-015
      vertex  2.800000e+001 -1.776357e-015 -8.262324e-016
    endloop
  endfacet
  facet normal  3.331268e-015 -3.941636e-015 -1.000000e+000
    outer loop
      vertex  2.800000e+001 -1.776357e-015 -8.262324e-016
      vertex  1.458258e+001 -1.200000e+001  1.776357e-015
      vertex  1.481301e+001 -1.135458e+001  0.000000e+000
    endloop
  endfacet
  facet normal -7.638177e-017  1.594185e-017 -1.000000e+000
    outer loop
      vertex  2.800000e+001 -1.776357e-015 -8.262324e-016
      vertex  1.481301e+001 -1.135458e+001  0.000000e+000
      vertex  1.495303e+001 -1.068371e+001  0.000000e+000
    endloop
  endfacet
  facet normal  3.889740e-004 -3.454600e-001 -9.384334e-001
    outer loop
      vertex -2.862010e+001 -1.508822e+001  6.201010e-001
      vertex -2.837857e+001 -1.443184e+001  3.785729e-001
      vertex -1.252237e+001 -1.431713e+001  3.429184e-001
    endloop
  endfacet
  facet normal -1.326899e-003 -3.136320e-001 -9.495437e-001
    outer loop
      vertex -2.862010e+001 -1.508822e+001  6.201010e-001
      vertex -1.252237e+001 -1.431713e+001  3.429184e-001
      vertex -1.181223e+001 -1.466002e+001  4.551817e-001
    endloop
  endfacet
  facet normal -4.095643e-004 -3.453732e-001 -9.384654e-001
    outer loop
      vertex -2.862010e+001 -1.508822e+001  6.201010e-001
      vertex -1.181223e+001 -1.466002e+001  4.551817e-001
      vertex -1.122560e+001 -1.484746e+001  5.239083e-001
    endloop
  endfacet
  facet normal -1.186483e-004 -3.636269e-001 -9.315447e-001
    outer loop
      vertex -2.862010e+001 -1.508822e+001  6.201010e-001
      vertex -1.122560e+001 -1.484746e+001  5.239083e-001
      vertex -1.061824e+001 -1.496163e+001  5.683951e-001
    endloop
  endfacet
  facet normal -4.067588e-005 -3.731706e-001 -9.277628e-001
    outer loop
      vertex -2.862010e+001 -1.508822e+001  6.201010e-001
      vertex -1.061824e+001 -1.496163e+001  5.683951e-001
      vertex -1.000000e+001 -1.500000e+001  5.838015e-001
    endloop
  endfacet
  facet normal  0.000000e+000 -3.805249e-001 -9.247707e-001
    outer loop
      vertex -2.862010e+001 -1.508822e+001  6.201010e-001
      vertex -1.000000e+001 -1.500000e+001  5.838015e-001
      vertex  2.862010e+001 -1.508822e+001  6.201010e-001
    endloop
  endfacet
  facet normal  -0.000000e+000 -4.249410e-001 -9.052211e-001
    outer loop
      vertex -2.862010e+001 -1.508822e+001  6.201010e-001
      vertex  2.862010e+001 -1.508822e+001  6.201010e-001
      vertex  2.890949e+001 -1.570468e+001  9.094909e-001
    endloop
  endfacet
  facet normal  -0.000000e+000 -4.249410e-001 -9.052210e-001
    outer loop
      vertex -2.862010e+001 -1.508822e+001  6.201010e-001
      vertex  2.890949e+001 -1.570468e+001  9.094909e-001
      vertex -2.890949e+001 -1.570468e+001  9.094909e-001
    endloop
  endfacet
  facet normal  0.000000e+000 -3.805249e-001 -9.247707e-001
    outer loop
      vertex  2.862010e+001 -1.508822e+001  6.201010e-001
      vertex -1.000000e+001 -1.500000e+001  5.838015e-001
      vertex  1.000000e+001 -1.500000e+001  5.838015e-001
    endloop
  endfacet
  facet normal  4.067588e-005 -3.731706e-001 -9.277628e-001
    outer loop
      vertex  2.862010e+001 -1.508822e+001  6.201010e-001
      vertex  1.000000e+001 -1.500000e+001  5.838015e-001
      vertex  1.061824e+001 -1.496163e+001  5.683951e-001
    endloop
  endfacet
  facet normal  1.186481e-004 -3.636269e-001 -9.315447e-001
    outer loop
      vertex  2.862010e+001 -1.508822e+001  6.201010e-001
      vertex  1.061824e+001 -1.496163e+001  5.683951e-001
      vertex  1.122560e+001 -1.484746e+001  5.239083e-001
    endloop
  endfacet
  facet normal  4.095643e-004 -3.453732e-001 -9.384653e-001
    outer loop
      vertex  2.862010e+001 -1.508822e+001  6.201010e-001
      vertex  1.122560e+001 -1.484746e+001  5.239083e-001
      vertex  1.181223e+001 -1.466002e+001  4.551817e-001
    endloop
  endfacet
  facet normal  1.326899e-003 -3.136320e-001 -9.495437e-001
    outer loop
      vertex  2.862010e+001 -1.508822e+001  6.201010e-001
      vertex  1.181223e+001 -1.466002e+001  4.551817e-001
      vertex  1.252237e+001 -1.431713e+001  3.429184e-001
    endloop
  endfacet
  facet normal -3.889739e-004 -3.454600e-001 -9.384333e-001
    outer loop
      vertex  2.862010e+001 -1.508822e+001  6.201010e-001
      vertex  1.252237e+001 -1.431713e+001  3.429184e-001
      vertex  2.837857e+001 -1.443184e+001  3.785729e-001
    endloop
  endfacet
  facet normal  3.965712e-016 -5.513288e-002 -9.984789e-001
    outer loop
      vertex -2.800000e+001 -1.200000e+001 -3.552714e-015
      vertex -1.458258e+001 -1.200000e+001  1.776357e-015
      vertex -2.804863e+001 -1.288078e+001  4.863383e-002
    endloop
  endfacet
  facet normal -7.373984e-004 -4.388970e-002 -9.990361e-001
    outer loop
      vertex -2.804863e+001 -1.288078e+001  4.863383e-002
      vertex -1.458258e+001 -1.200000e+001  1.776357e-015
      vertex -1.421134e+001 -1.269529e+001  3.027145e-002
    endloop
  endfacet
  facet normal  8.926180e-004 -1.642380e-001 -9.864203e-001
    outer loop
      vertex -2.804863e+001 -1.288078e+001  4.863383e-002
      vertex -1.421134e+001 -1.269529e+001  3.027145e-002
      vertex -2.819170e+001 -1.374082e+001  1.917012e-001
    endloop
  endfacet
  facet normal -1.913778e-003 -1.275476e-001 -9.918305e-001
    outer loop
      vertex -2.819170e+001 -1.374082e+001  1.917012e-001
      vertex -1.421134e+001 -1.269529e+001  3.027145e-002
      vertex -1.373768e+001 -1.332111e+001  1.098364e-001
    endloop
  endfacet
  facet normal  2.334992e-004 -1.991794e-001 -9.799629e-001
    outer loop
      vertex -2.819170e+001 -1.374082e+001  1.917012e-001
      vertex -1.373768e+001 -1.332111e+001  1.098364e-001
      vertex -1.316891e+001 -1.386756e+001  2.210400e-001
    endloop
  endfacet
  facet normal -3.263808e-004 -2.620916e-001 -9.650429e-001
    outer loop
      vertex -1.316891e+001 -1.386756e+001  2.210400e-001
      vertex -1.252237e+001 -1.431713e+001  3.429184e-001
      vertex -2.819170e+001 -1.374082e+001  1.917012e-001
    endloop
  endfacet
  facet normal -2.826721e-004 -2.609821e-001 -9.653436e-001
    outer loop
      vertex -2.819170e+001 -1.374082e+001  1.917012e-001
      vertex -1.252237e+001 -1.431713e+001  3.429184e-001
      vertex -2.837857e+001 -1.443184e+001  3.785729e-001
    endloop
  endfacet
  facet normal -1.937873e-016 -4.349675e-002 -9.990536e-001
    outer loop
      vertex  1.458258e+001 -1.200000e+001  1.776357e-015
      vertex  2.800000e+001 -1.200000e+001 -8.262324e-016
      vertex  1.421134e+001 -1.269529e+001  3.027145e-002
    endloop
  endfacet
  facet normal  5.863786e-004 -5.510060e-002 -9.984807e-001
    outer loop
      vertex  1.421134e+001 -1.269529e+001  3.027145e-002
      vertex  2.800000e+001 -1.200000e+001 -8.262324e-016
      vertex  2.804863e+001 -1.288078e+001  4.863383e-002
    endloop
  endfacet
  facet normal -3.705091e-004 -1.258466e-001 -9.920496e-001
    outer loop
      vertex  1.421134e+001 -1.269529e+001  3.027145e-002
      vertex  2.804863e+001 -1.288078e+001  4.863383e-002
      vertex  1.373768e+001 -1.332111e+001  1.098364e-001
    endloop
  endfacet
  facet normal  8.260533e-004 -1.639598e-001 -9.864667e-001
    outer loop
      vertex  1.373768e+001 -1.332111e+001  1.098364e-001
      vertex  2.804863e+001 -1.288078e+001  4.863383e-002
      vertex  2.819170e+001 -1.374082e+001  1.917012e-001
    endloop
  endfacet
  facet normal -2.334991e-004 -1.991794e-001 -9.799629e-001
    outer loop
      vertex  1.373768e+001 -1.332111e+001  1.098364e-001
      vertex  2.819170e+001 -1.374082e+001  1.917012e-001
      vertex  1.316891e+001 -1.386756e+001  2.210400e-001
    endloop
  endfacet
  facet normal  2.826723e-004 -2.609821e-001 -9.653436e-001
    outer loop
      vertex  2.837857e+001 -1.443184e+001  3.785729e-001
      vertex  1.252237e+001 -1.431713e+001  3.429184e-001
      vertex  2.819170e+001 -1.374082e+001  1.917012e-001
    endloop
  endfacet
  facet normal  3.263805e-004 -2.620916e-001 -9.650429e-001
    outer loop
      vertex  2.819170e+001 -1.374082e+001  1.917012e-001
      vertex  1.252237e+001 -1.431713e+001  3.429184e-001
      vertex  1.316891e+001 -1.386756e+001  2.210400e-001
    endloop
  endfacet
  facet normal  -0.000000e+000 -4.935527e-001 -8.697159e-001
    outer loop
      vertex -2.890949e+001 -1.570468e+001  9.094909e-001
      vertex  2.890949e+001 -1.570468e+001  9.094909e-001
      vertex -2.918343e+001 -1.618740e+001  1.183427e+000
    endloop
  endfacet
  facet normal  0.000000e+000 -4.935527e-001 -8.697159e-001
    outer loop
      vertex -2.918343e+001 -1.618740e+001  1.183427e+000
      vertex  2.890949e+001 -1.570468e+001  9.094909e-001
      vertex  2.918343e+001 -1.618740e+001  1.183427e+000
    endloop
  endfacet
  facet normal  -0.000000e+000 -5.519859e-001 -8.338534e-001
    outer loop
      vertex -2.918343e+001 -1.618740e+001  1.183427e+000
      vertex  2.918343e+001 -1.618740e+001  1.183427e+000
      vertex -2.948258e+001 -1.663931e+001  1.482579e+000
    endloop
  endfacet
  facet normal  0.000000e+000 -5.519859e-001 -8.338534e-001
    outer loop
      vertex -2.948258e+001 -1.663931e+001  1.482579e+000
      vertex  2.918343e+001 -1.618740e+001  1.183427e+000
      vertex  2.948258e+001 -1.663931e+001  1.482579e+000
    endloop
  endfacet
  facet normal  -0.000000e+000 -6.071796e-001 -7.945646e-001
    outer loop
      vertex -2.948258e+001 -1.663931e+001  1.482579e+000
      vertex  2.948258e+001 -1.663931e+001  1.482579e+000
      vertex -2.981168e+001 -1.706998e+001  1.811681e+000
    endloop
  endfacet
  facet normal  0.000000e+000 -6.071796e-001 -7.945646e-001
    outer loop
      vertex -2.981168e+001 -1.706998e+001  1.811681e+000
      vertex  2.948258e+001 -1.663931e+001  1.482579e+000
      vertex  2.981168e+001 -1.706998e+001  1.811681e+000
    endloop
  endfacet
  facet normal  -0.000000e+000 -6.589959e-001 -7.521465e-001
    outer loop
      vertex -2.981168e+001 -1.706998e+001  1.811681e+000
      vertex  2.981168e+001 -1.706998e+001  1.811681e+000
      vertex -3.016057e+001 -1.746819e+001  2.160575e+000
    endloop
  endfacet
  facet normal  0.000000e+000 -6.589960e-001 -7.521465e-001
    outer loop
      vertex -3.016057e+001 -1.746819e+001  2.160575e+000
      vertex  2.981168e+001 -1.706998e+001  1.811681e+000
      vertex  3.016057e+001 -1.746819e+001  2.160575e+000
    endloop
  endfacet
  facet normal  -0.000000e+000 -7.249001e-001 -6.888540e-001
    outer loop
      vertex -3.016057e+001 -1.746819e+001  2.160575e+000
      vertex  3.016057e+001 -1.746819e+001  2.160575e+000
      vertex -3.083647e+001 -1.811048e+001  2.836472e+000
    endloop
  endfacet
  facet normal  0.000000e+000 -7.249000e-001 -6.888540e-001
    outer loop
      vertex -3.083647e+001 -1.811048e+001  2.836472e+000
      vertex  3.016057e+001 -1.746819e+001  2.160575e+000
      vertex  3.083647e+001 -1.811048e+001  2.836472e+000
    endloop
  endfacet
  facet normal  -0.000000e+000 -7.989070e-001 -6.014546e-001
    outer loop
      vertex -3.083647e+001 -1.811048e+001  2.836472e+000
      vertex  3.083647e+001 -1.811048e+001  2.836472e+000
      vertex -3.155550e+001 -1.865180e+001  3.555499e+000
    endloop
  endfacet
  facet normal  0.000000e+000 -7.989070e-001 -6.014546e-001
    outer loop
      vertex -3.155550e+001 -1.865180e+001  3.555499e+000
      vertex  3.083647e+001 -1.811048e+001  2.836472e+000
      vertex  3.155550e+001 -1.865180e+001  3.555499e+000
    endloop
  endfacet
  facet normal  -0.000000e+000 -8.605546e-001 -5.093581e-001
    outer loop
      vertex -3.155550e+001 -1.865180e+001  3.555499e+000
      vertex  3.155550e+001 -1.865180e+001  3.555499e+000
      vertex -3.230693e+001 -1.909656e+001  4.306928e+000
    endloop
  endfacet
  facet normal  0.000000e+000 -8.605546e-001 -5.093582e-001
    outer loop
      vertex -3.230693e+001 -1.909656e+001  4.306928e+000
      vertex  3.155550e+001 -1.865180e+001  3.555499e+000
      vertex  3.230693e+001 -1.909656e+001  4.306928e+000
    endloop
  endfacet
  facet normal  -0.000000e+000 -9.103869e-001 -4.137581e-001
    outer loop
      vertex -3.230693e+001 -1.909656e+001  4.306928e+000
      vertex  3.230693e+001 -1.909656e+001  4.306928e+000
      vertex -3.308233e+001 -1.944897e+001  5.082330e+000
    endloop
  endfacet
  facet normal  0.000000e+000 -9.103869e-001 -4.137581e-001
    outer loop
      vertex -3.308233e+001 -1.944897e+001  5.082330e+000
      vertex  3.230693e+001 -1.909656e+001  4.306928e+000
      vertex  3.308233e+001 -1.944897e+001  5.082330e+000
    endloop
  endfacet
  facet normal  -0.000000e+000 -9.522507e-001 -3.053173e-001
    outer loop
      vertex -3.308233e+001 -1.944897e+001  5.082330e+000
      vertex  3.308233e+001 -1.944897e+001  5.082330e+000
      vertex -3.404231e+001 -1.975677e+001  6.042307e+000
    endloop
  endfacet
  facet normal  0.000000e+000 -9.522507e-001 -3.053172e-001
    outer loop
      vertex -3.404231e+001 -1.975677e+001  6.042307e+000
      vertex  3.308233e+001 -1.944897e+001  5.082330e+000
      vertex  3.404231e+001 -1.975677e+001  6.042307e+000
    endloop
  endfacet
  facet normal  -0.000000e+000 -9.829122e-001 -1.840746e-001
    outer loop
      vertex -3.404231e+001 -1.975677e+001  6.042307e+000
      vertex  3.404231e+001 -1.975677e+001  6.042307e+000
      vertex -3.501816e+001 -1.993952e+001  7.018160e+000
    endloop
  endfacet
  facet normal  0.000000e+000 -9.829122e-001 -1.840746e-001
    outer loop
      vertex -3.501816e+001 -1.993952e+001  7.018160e+000
      vertex  3.404231e+001 -1.975677e+001  6.042307e+000
      vertex  3.501816e+001 -1.993952e+001  7.018160e+000
    endloop
  endfacet
  facet normal  -0.000000e+000 -9.955473e-001 -9.426310e-002
    outer loop
      vertex -3.501816e+001 -1.993952e+001  7.018160e+000
      vertex  3.501816e+001 -1.993952e+001  7.018160e+000
      vertex -3.454494e+001 -1.998271e+001  7.474265e+000
    endloop
  endfacet
  facet normal  6.505742e-010 -9.955473e-001 -9.426299e-002
    outer loop
      vertex -3.454494e+001 -1.998271e+001  7.474265e+000
      vertex  3.501816e+001 -1.993952e+001  7.018160e+000
      vertex  3.454494e+001 -1.998271e+001  7.474266e+000
    endloop
  endfacet
  facet normal  2.269069e-010 -9.994594e-001 -3.287699e-002
    outer loop
      vertex -3.454494e+001 -1.998271e+001  7.474265e+000
      vertex  3.454494e+001 -1.998271e+001  7.474266e+000
      vertex -3.400000e+001 -2.000000e+001  8.000000e+000
    endloop
  endfacet
  facet normal  0.000000e+000 -9.994594e-001 -3.287702e-002
    outer loop
      vertex -3.400000e+001 -2.000000e+001  8.000000e+000
      vertex  3.454494e+001 -1.998271e+001  7.474266e+000
      vertex  3.400000e+001 -2.000000e+001  8.000000e+000
    endloop
  endfacet
  facet normal  1.901167e-004  2.818084e-001  9.594707e-001
    outer loop
      vertex  1.399390e+001 -1.300811e+001  5.174455e+000
      vertex  3.314704e+001 -1.292770e+001  5.147040e+000
      vertex  1.422063e+001 -1.268073e+001  5.078252e+000
    endloop
  endfacet
  facet normal -4.746665e-004  2.343927e-001  9.721418e-001
    outer loop
      vertex  1.422063e+001 -1.268073e+001  5.078252e+000
      vertex  3.314704e+001 -1.292770e+001  5.147040e+000
      vertex  3.303786e+001 -1.247508e+001  5.037857e+000
    endloop
  endfacet
  facet normal  2.378809e-004  1.717459e-001  9.851413e-001
    outer loop
      vertex  1.422063e+001 -1.268073e+001  5.078252e+000
      vertex  3.303786e+001 -1.247508e+001  5.037857e+000
      vertex  1.441390e+001 -1.234893e+001  5.020360e+000
    endloop
  endfacet
  facet normal -3.986302e-004  7.940136e-002  9.968426e-001
    outer loop
      vertex  1.441390e+001 -1.234893e+001  5.020360e+000
      vertex  3.303786e+001 -1.247508e+001  5.037857e+000
      vertex  3.300000e+001 -1.200000e+001  5.000000e+000
    endloop
  endfacet
  facet normal  0.000000e+000  5.825280e-002  9.983018e-001
    outer loop
      vertex  1.441390e+001 -1.234893e+001  5.020360e+000
      vertex  3.300000e+001 -1.200000e+001  5.000000e+000
      vertex  1.458258e+001 -1.200000e+001  5.000000e+000
    endloop
  endfacet
  facet normal -2.044104e-004  7.921116e-001  6.103764e-001
    outer loop
      vertex  3.431203e+001 -1.448007e+001  6.312028e+000
      vertex  3.403281e+001 -1.426498e+001  6.032807e+000
      vertex  1.234523e+001 -1.441587e+001  6.221353e+000
    endloop
  endfacet
  facet normal  1.069432e-003  7.171528e-001  6.969153e-001
    outer loop
      vertex  1.234523e+001 -1.441587e+001  6.221353e+000
      vertex  3.403281e+001 -1.426498e+001  6.032807e+000
      vertex  3.378913e+001 -1.402782e+001  5.789127e+000
    endloop
  endfacet
  facet normal -5.694635e-004  7.579886e-001  6.522675e-001
    outer loop
      vertex  1.234523e+001 -1.441587e+001  6.221353e+000
      vertex  3.378913e+001 -1.402782e+001  5.789127e+000
      vertex  1.283824e+001 -1.411636e+001  5.873729e+000
    endloop
  endfacet
  facet normal  4.617176e-004  6.315672e-001  7.753210e-001
    outer loop
      vertex  1.283824e+001 -1.411636e+001  5.873729e+000
      vertex  3.378913e+001 -1.402782e+001  5.789127e+000
      vertex  3.356592e+001 -1.375364e+001  5.565920e+000
    endloop
  endfacet
  facet normal  2.454312e-005  6.462213e-001  7.631500e-001
    outer loop
      vertex  1.283824e+001 -1.411636e+001  5.873729e+000
      vertex  3.356592e+001 -1.375364e+001  5.565920e+000
      vertex  1.330883e+001 -1.374855e+001  5.562261e+000
    endloop
  endfacet
  facet normal -2.301281e-005  5.216745e-001  8.531446e-001
    outer loop
      vertex  1.330883e+001 -1.374855e+001  5.562261e+000
      vertex  3.356592e+001 -1.375364e+001  5.565920e+000
      vertex  3.332983e+001 -1.336756e+001  5.329834e+000
    endloop
  endfacet
  facet normal  2.442750e-004  5.114073e-001  8.593385e-001
    outer loop
      vertex  1.330883e+001 -1.374855e+001  5.562261e+000
      vertex  3.332983e+001 -1.336756e+001  5.329834e+000
      vertex  1.374766e+001 -1.330984e+001  5.301054e+000
    endloop
  endfacet
  facet normal -2.264448e-004  3.836744e-001  9.234684e-001
    outer loop
      vertex  1.374766e+001 -1.330984e+001  5.301054e+000
      vertex  3.332983e+001 -1.336756e+001  5.329834e+000
      vertex  3.314704e+001 -1.292770e+001  5.147040e+000
    endloop
  endfacet
  facet normal -3.056168e-004  3.871145e-001  9.220316e-001
    outer loop
      vertex  1.374766e+001 -1.330984e+001  5.301054e+000
      vertex  3.314704e+001 -1.292770e+001  5.147040e+000
      vertex  1.399390e+001 -1.300811e+001  5.174455e+000
    endloop
  endfacet
  facet normal -1.444256e-004  9.243142e-001  3.816324e-001
    outer loop
      vertex  1.119666e+001 -1.485469e+001  7.077641e+000
      vertex  3.460460e+001 -1.465572e+001  6.604597e+000
      vertex  1.177746e+001 -1.467340e+001  6.638768e+000
    endloop
  endfacet
  facet normal  1.065138e-004  8.573985e-001  5.146532e-001
    outer loop
      vertex  1.177746e+001 -1.467340e+001  6.638768e+000
      vertex  3.460460e+001 -1.465572e+001  6.604597e+000
      vertex  3.431203e+001 -1.448007e+001  6.312028e+000
    endloop
  endfacet
  facet normal  3.181496e-004  8.508654e-001  5.253837e-001
    outer loop
      vertex  1.177746e+001 -1.467340e+001  6.638768e+000
      vertex  3.431203e+001 -1.448007e+001  6.312028e+000
      vertex  1.234523e+001 -1.441587e+001  6.221353e+000
    endloop
  endfacet
  facet normal  7.066752e-005  9.205256e-001  3.906824e-001
    outer loop
      vertex  3.460460e+001 -1.465572e+001  6.604597e+000
      vertex  1.119666e+001 -1.485469e+001  7.077641e+000
      vertex  3.505889e+001 -1.484856e+001  7.058888e+000
    endloop
  endfacet
  facet normal -6.684857e-005  9.725479e-001  2.327025e-001
    outer loop
      vertex  3.505889e+001 -1.484856e+001  7.058888e+000
      vertex  1.119666e+001 -1.485469e+001  7.077641e+000
      vertex  1.060771e+001 -1.496293e+001  7.529851e+000
    endloop
  endfacet
  facet normal  1.142079e-005  9.716215e-001  2.365410e-001
    outer loop
      vertex  3.505889e+001 -1.484856e+001  7.058888e+000
      vertex  1.060771e+001 -1.496293e+001  7.529851e+000
      vertex  3.552637e+001 -1.496238e+001  7.526376e+000
    endloop
  endfacet
  facet normal -1.116888e-005  9.969072e-001  7.858760e-002
    outer loop
      vertex  3.552637e+001 -1.496238e+001  7.526376e+000
      vertex  1.060771e+001 -1.496293e+001  7.529851e+000
      vertex  1.000000e+001 -1.500000e+001  8.000000e+000
    endloop
  endfacet
  facet normal  -0.000000e+000  9.968599e-001  7.918581e-002
    outer loop
      vertex  3.552637e+001 -1.496238e+001  7.526376e+000
      vertex  1.000000e+001 -1.500000e+001  8.000000e+000
      vertex  3.600000e+001 -1.500000e+001  8.000000e+000
    endloop
  endfacet
  facet normal -1.901166e-004  2.818084e-001  9.594706e-001
    outer loop
      vertex -1.399390e+001 -1.300811e+001  5.174455e+000
      vertex -1.422063e+001 -1.268073e+001  5.078252e+000
      vertex -3.314704e+001 -1.292770e+001  5.147040e+000
    endloop
  endfacet
  facet normal  1.327288e-003  1.726305e-001  9.849858e-001
    outer loop
      vertex -3.314704e+001 -1.292770e+001  5.147040e+000
      vertex -1.422063e+001 -1.268073e+001  5.078252e+000
      vertex -1.441390e+001 -1.234893e+001  5.020360e+000
    endloop
  endfacet
  facet normal -6.762838e-004  2.346551e-001  9.720784e-001
    outer loop
      vertex -3.314704e+001 -1.292770e+001  5.147040e+000
      vertex -1.441390e+001 -1.234893e+001  5.020360e+000
      vertex -3.303786e+001 -1.247508e+001  5.037857e+000
    endloop
  endfacet
  facet normal  5.414747e-004  5.851367e-002  9.982865e-001
    outer loop
      vertex -3.303786e+001 -1.247508e+001  5.037857e+000
      vertex -1.441390e+001 -1.234893e+001  5.020360e+000
      vertex -1.458258e+001 -1.200000e+001  5.000000e+000
    endloop
  endfacet
  facet normal  0.000000e+000  7.943293e-002  9.968402e-001
    outer loop
      vertex -3.303786e+001 -1.247508e+001  5.037857e+000
      vertex -1.458258e+001 -1.200000e+001  5.000000e+000
      vertex -3.300000e+001 -1.200000e+001  5.000000e+000
    endloop
  endfacet
  facet normal  2.044101e-004  7.921116e-001  6.103764e-001
    outer loop
      vertex -3.431203e+001 -1.448007e+001  6.312028e+000
      vertex -1.234523e+001 -1.441587e+001  6.221353e+000
      vertex -3.403281e+001 -1.426498e+001  6.032807e+000
    endloop
  endfacet
  facet normal -4.088735e-004  7.573027e-001  6.530640e-001
    outer loop
      vertex -3.403281e+001 -1.426498e+001  6.032807e+000
      vertex -1.234523e+001 -1.441587e+001  6.221353e+000
      vertex -1.283824e+001 -1.411636e+001  5.873729e+000
    endloop
  endfacet
  facet normal  2.112311e-004  7.165132e-001  6.975734e-001
    outer loop
      vertex -3.403281e+001 -1.426498e+001  6.032807e+000
      vertex -1.283824e+001 -1.411636e+001  5.873729e+000
      vertex -3.378913e+001 -1.402782e+001  5.789127e+000
    endloop
  endfacet
  facet normal -3.525076e-004  6.459770e-001  7.633569e-001
    outer loop
      vertex -3.378913e+001 -1.402782e+001  5.789127e+000
      vertex -1.283824e+001 -1.411636e+001  5.873729e+000
      vertex -1.330883e+001 -1.374855e+001  5.562261e+000
    endloop
  endfacet
  facet normal -1.857548e-005  6.313504e-001  7.754977e-001
    outer loop
      vertex -3.378913e+001 -1.402782e+001  5.789127e+000
      vertex -1.330883e+001 -1.374855e+001  5.562261e+000
      vertex -3.356592e+001 -1.375364e+001  5.565920e+000
    endloop
  endfacet
  facet normal  2.664009e-005  5.116073e-001  8.592194e-001
    outer loop
      vertex -3.356592e+001 -1.375364e+001  5.565920e+000
      vertex -1.330883e+001 -1.374855e+001  5.562261e+000
      vertex -1.374766e+001 -1.330984e+001  5.301054e+000
    endloop
  endfacet
  facet normal -2.841648e-004  5.218112e-001  8.530610e-001
    outer loop
      vertex -3.356592e+001 -1.375364e+001  5.565920e+000
      vertex -1.374766e+001 -1.330984e+001  5.301054e+000
      vertex -3.332983e+001 -1.336756e+001  5.329834e+000
    endloop
  endfacet
  facet normal  2.144197e-004  3.870512e-001  9.220582e-001
    outer loop
      vertex -3.332983e+001 -1.336756e+001  5.329834e+000
      vertex -1.374766e+001 -1.330984e+001  5.301054e+000
      vertex -1.399390e+001 -1.300811e+001  5.174455e+000
    endloop
  endfacet
  facet normal  2.890104e-004  3.836523e-001  9.234776e-001
    outer loop
      vertex -3.332983e+001 -1.336756e+001  5.329834e+000
      vertex -1.399390e+001 -1.300811e+001  5.174455e+000
      vertex -3.314704e+001 -1.292770e+001  5.147040e+000
    endloop
  endfacet
  facet normal  1.276378e-004  9.204542e-001  3.908504e-001
    outer loop
      vertex -3.505889e+001 -1.484856e+001  7.058888e+000
      vertex -1.177746e+001 -1.467340e+001  6.638768e+000
      vertex -3.460460e+001 -1.465572e+001  6.604597e+000
    endloop
  endfacet
  facet normal -1.272644e-004  8.509815e-001  5.251957e-001
    outer loop
      vertex -3.460460e+001 -1.465572e+001  6.604597e+000
      vertex -1.177746e+001 -1.467340e+001  6.638768e+000
      vertex -1.234523e+001 -1.441587e+001  6.221353e+000
    endloop
  endfacet
  facet normal -3.827327e-004  8.575203e-001  5.144501e-001
    outer loop
      vertex -3.460460e+001 -1.465572e+001  6.604597e+000
      vertex -1.234523e+001 -1.441587e+001  6.221353e+000
      vertex -3.431203e+001 -1.448007e+001  6.312028e+000
    endloop
  endfacet
  facet normal -6.279113e-005  9.242174e-001  3.818666e-001
    outer loop
      vertex -1.177746e+001 -1.467340e+001  6.638768e+000
      vertex -3.505889e+001 -1.484856e+001  7.058888e+000
      vertex -1.119666e+001 -1.485469e+001  7.077641e+000
    endloop
  endfacet
  facet normal  6.353388e-005  9.716043e-001  2.366118e-001
    outer loop
      vertex -1.119666e+001 -1.485469e+001  7.077641e+000
      vertex -3.505889e+001 -1.484856e+001  7.058888e+000
      vertex -3.552637e+001 -1.496238e+001  7.526376e+000
    endloop
  endfacet
  facet normal -1.087876e-005  9.725251e-001  2.327982e-001
    outer loop
      vertex -1.119666e+001 -1.485469e+001  7.077641e+000
      vertex -3.552637e+001 -1.496238e+001  7.526376e+000
      vertex -1.060771e+001 -1.496293e+001  7.529851e+000
    endloop
  endfacet
  facet normal  1.108285e-005  9.968590e-001  7.919681e-002
    outer loop
      vertex -1.060771e+001 -1.496293e+001  7.529851e+000
      vertex -3.552637e+001 -1.496238e+001  7.526376e+000
      vertex -3.600000e+001 -1.500000e+001  8.000000e+000
    endloop
  endfacet
  facet normal  -0.000000e+000  9.969060e-001  7.860195e-002
    outer loop
      vertex -1.060771e+001 -1.496293e+001  7.529851e+000
      vertex -3.600000e+001 -1.500000e+001  8.000000e+000
      vertex -1.000000e+001 -1.500000e+001  8.000000e+000
    endloop
  endfacet
  facet normal  0.000000e+000  0.000000e+000  1.000000e+000
    outer loop
      vertex  1.495303e+001 -1.068371e+001  5.000000e+000
      vertex  3.300000e+001  0.000000e+000  5.000000e+000
      vertex  1.500000e+001 -1.000000e+001  5.000000e+000
    endloop
  endfacet
  facet normal  -0.000000e+000  0.000000e+000  1.000000e+000
    outer loop
      vertex  3.300000e+001  0.000000e+000  5.000000e+000
      vertex  1.500000e+001  0.000000e+000  5.000000e+000
      vertex  1.500000e+001 -1.000000e+001  5.000000e+000
    endloop
  endfacet
  facet normal  0.000000e+000  0.000000e+000  1.000000e+000
    outer loop
      vertex  1.495303e+001 -1.068371e+001  5.000000e+000
      vertex  1.481301e+001 -1.135458e+001  5.000000e+000
      vertex  3.300000e+001  0.000000e+000  5.000000e+000
    endloop
  endfacet
  facet normal  0.000000e+000  0.000000e+000  1.000000e+000
    outer loop
      vertex  3.300000e+001  0.000000e+000  5.000000e+000
      vertex  1.481301e+001 -1.135458e+001  5.000000e+000
      vertex  1.458258e+001 -1.200000e+001  5.000000e+000
    endloop
  endfacet
  facet normal  0.000000e+000  0.000000e+000  9.999999e-001
    outer loop
      vertex  3.300000e+001  0.000000e+000  5.000000e+000
      vertex  1.458258e+001 -1.200000e+001  5.000000e+000
      vertex  3.300000e+001 -1.200000e+001  5.000000e+000
    endloop
  endfacet
  facet normal  0.000000e+000  0.000000e+000  1.000000e+000
    outer loop
      vertex -3.300000e+001 -1.200000e+001  5.000000e+000
      vertex -1.458258e+001 -1.200000e+001  5.000000e+000
      vertex -1.481301e+001 -1.135458e+001  5.000000e+000
    endloop
  endfacet
  facet normal  0.000000e+000  0.000000e+000  9.999999e-001
    outer loop
      vertex -3.300000e+001 -1.200000e+001  5.000000e+000
      vertex -1.481301e+001 -1.135458e+001  5.000000e+000
      vertex -1.495303e+001 -1.068371e+001  5.000000e+000
    endloop
  endfacet
  facet normal  0.000000e+000  0.000000e+000  9.999999e-001
    outer loop
      vertex -3.300000e+001 -1.200000e+001  5.000000e+000
      vertex -1.495303e+001 -1.068371e+001  5.000000e+000
      vertex -1.500000e+001 -1.000000e+001  5.000000e+000
    endloop
  endfacet
  facet normal  0.000000e+000  -0.000000e+000  1.000000e+000
    outer loop
      vertex -3.300000e+001 -1.200000e+001  5.000000e+000
      vertex -1.500000e+001 -1.000000e+001  5.000000e+000
      vertex -1.500000e+001  0.000000e+000  5.000000e+000
    endloop
  endfacet
  facet normal  0.000000e+000  0.000000e+000  1.000000e+000
    outer loop
      vertex -3.300000e+001 -1.200000e+001  5.000000e+000
      vertex -1.500000e+001  0.000000e+000  5.000000e+000
      vertex -3.300000e+001  0.000000e+000  5.000000e+000
    endloop
  endfacet
  facet normal  -0.000000e+000  0.000000e+000  1.000000e+000
    outer loop
      vertex  3.300000e+001  1.200000e+001  5.000000e+000
      vertex  1.458258e+001  1.200000e+001  5.000000e+000
      vertex  1.481301e+001  1.135458e+001  5.000000e+000
    endloop
  endfacet
  facet normal  -0.000000e+000  0.000000e+000  9.999999e-001
    outer loop
      vertex  3.300000e+001  1.200000e+001  5.000000e+000
      vertex  1.481301e+001  1.135458e+001  5.000000e+000
      vertex  1.495303e+001  1.068371e+001  5.000000e+000
    endloop
  endfacet
  facet normal  -0.000000e+000  0.000000e+000  9.999999e-001
    outer loop
      vertex  3.300000e+001  1.200000e+001  5.000000e+000
      vertex  1.495303e+001  1.068371e+001  5.000000e+000
      vertex  1.500000e+001  1.000000e+001  5.000000e+000
    endloop
  endfacet
  facet normal  -0.000000e+000  0.000000e+000  1.000000e+000
    outer loop
      vertex  3.300000e+001  1.200000e+001  5.000000e+000
      vertex  1.500000e+001  1.000000e+001  5.000000e+000
      vertex  1.500000e+001  0.000000e+000  5.000000e+000
    endloop
  endfacet
  facet normal  0.000000e+000  0.000000e+000  1.000000e+000
    outer loop
      vertex  3.300000e+001  1.200000e+001  5.000000e+000
      vertex  1.500000e+001  0.000000e+000  5.000000e+000
      vertex  3.300000e+001  0.000000e+000  5.000000e+000
    endloop
  endfacet
  facet normal  0.000000e+000  0.000000e+000  1.000000e+000
    outer loop
      vertex -3.300000e+001  1.200000e+001  5.000000e+000
      vertex -3.300000e+001  0.000000e+000  5.000000e+000
      vertex -1.500000e+001  0.000000e+000  5.000000e+000
    endloop
  endfacet
  facet normal  0.000000e+000  -0.000000e+000  1.000000e+000
    outer loop
      vertex -3.300000e+001  1.200000e+001  5.000000e+000
      vertex -1.500000e+001  0.000000e+000  5.000000e+000
      vertex -1.500000e+001  1.000000e+001  5.000000e+000
    endloop
  endfacet
  facet normal  0.000000e+000  -0.000000e+000  9.999999e-001
    outer loop
      vertex -3.300000e+001  1.200000e+001  5.000000e+000
      vertex -1.500000e+001  1.000000e+001  5.000000e+000
      vertex -1.495303e+001  1.068371e+001  5.000000e+000
    endloop
  endfacet
  facet normal  0.000000e+000  -0.000000e+000  1.000000e+000
    outer loop
      vertex -3.300000e+001  1.200000e+001  5.000000e+000
      vertex -1.495303e+001  1.068371e+001  5.000000e+000
      vertex -1.481301e+001  1.135458e+001  5.000000e+000
    endloop
  endfacet
  facet normal  0.000000e+000  -0.000000e+000  1.000000e+000
    outer loop
      vertex -3.300000e+001  1.200000e+001  5.000000e+000
      vertex -1.481301e+001  1.135458e+001  5.000000e+000
      vertex -1.458258e+001  1.200000e+001  5.000000e+000
    endloop
  endfacet
  facet normal -2.112312e-004 -7.165132e-001  6.975734e-001
    outer loop
      vertex  3.378913e+001  1.402782e+001  5.789127e+000
      vertex  3.403281e+001  1.426498e+001  6.032807e+000
      vertex  1.283824e+001  1.411636e+001  5.873729e+000
    endloop
  endfacet
  facet normal  9.829842e-004 -7.926850e-001  6.096308e-001
    outer loop
      vertex  1.283824e+001  1.411636e+001  5.873729e+000
      vertex  3.403281e+001  1.426498e+001  6.032807e+000
      vertex  3.431203e+001  1.448007e+001  6.312028e+000
    endloop
  endfacet
  facet normal -4.775606e-004 -7.579243e-001  6.523423e-001
    outer loop
      vertex  1.283824e+001  1.411636e+001  5.873729e+000
      vertex  3.431203e+001  1.448007e+001  6.312028e+000
      vertex  1.234523e+001  1.441587e+001  6.221353e+000
    endloop
  endfacet
  facet normal  3.827327e-004 -8.575203e-001  5.144501e-001
    outer loop
      vertex  1.234523e+001  1.441587e+001  6.221353e+000
      vertex  3.431203e+001  1.448007e+001  6.312028e+000
      vertex  3.460460e+001  1.465572e+001  6.604597e+000
    endloop
  endfacet
  facet normal  1.272644e-004 -8.509815e-001  5.251957e-001
    outer loop
      vertex  1.234523e+001  1.441587e+001  6.221353e+000
      vertex  3.460460e+001  1.465572e+001  6.604597e+000
      vertex  1.177746e+001  1.467340e+001  6.638768e+000
    endloop
  endfacet
  facet normal -1.276378e-004 -9.204542e-001  3.908504e-001
    outer loop
      vertex  1.177746e+001  1.467340e+001  6.638768e+000
      vertex  3.460460e+001  1.465572e+001  6.604597e+000
      vertex  3.505889e+001  1.484856e+001  7.058888e+000
    endloop
  endfacet
  facet normal  6.279113e-005 -9.242174e-001  3.818666e-001
    outer loop
      vertex  1.177746e+001  1.467340e+001  6.638768e+000
      vertex  3.505889e+001  1.484856e+001  7.058888e+000
      vertex  1.119666e+001  1.485469e+001  7.077641e+000
    endloop
  endfacet
  facet normal -6.353388e-005 -9.716043e-001  2.366118e-001
    outer loop
      vertex  1.119666e+001  1.485469e+001  7.077641e+000
      vertex  3.505889e+001  1.484856e+001  7.058888e+000
      vertex  3.552637e+001  1.496238e+001  7.526376e+000
    endloop
  endfacet
  facet normal  1.087876e-005 -9.725251e-001  2.327982e-001
    outer loop
      vertex  1.119666e+001  1.485469e+001  7.077641e+000
      vertex  3.552637e+001  1.496238e+001  7.526376e+000
      vertex  1.060771e+001  1.496293e+001  7.529851e+000
    endloop
  endfacet
  facet normal -1.108285e-005 -9.968590e-001  7.919681e-002
    outer loop
      vertex  1.060771e+001  1.496293e+001  7.529851e+000
      vertex  3.552637e+001  1.496238e+001  7.526376e+000
      vertex  3.600000e+001  1.500000e+001  8.000000e+000
    endloop
  endfacet
  facet normal  0.000000e+000 -9.969060e-001  7.860195e-002
    outer loop
      vertex  1.060771e+001  1.496293e+001  7.529851e+000
      vertex  3.600000e+001  1.500000e+001  8.000000e+000
      vertex  1.000000e+001  1.500000e+001  8.000000e+000
    endloop
  endfacet
  facet normal  2.378809e-004 -1.717459e-001  9.851413e-001
    outer loop
      vertex  1.441390e+001  1.234893e+001  5.020360e+000
      vertex  3.303786e+001  1.247508e+001  5.037857e+000
      vertex  1.422063e+001  1.268073e+001  5.078252e+000
    endloop
  endfacet
  facet normal -4.746665e-004 -2.343927e-001  9.721418e-001
    outer loop
      vertex  1.422063e+001  1.268073e+001  5.078252e+000
      vertex  3.303786e+001  1.247508e+001  5.037857e+000
      vertex  3.314704e+001  1.292770e+001  5.147040e+000
    endloop
  endfacet
  facet normal  1.901167e-004 -2.818084e-001  9.594707e-001
    outer loop
      vertex  1.422063e+001  1.268073e+001  5.078252e+000
      vertex  3.314704e+001  1.292770e+001  5.147040e+000
      vertex  1.399390e+001  1.300811e+001  5.174455e+000
    endloop
  endfacet
  facet normal -2.890104e-004 -3.836523e-001  9.234776e-001
    outer loop
      vertex  1.399390e+001  1.300811e+001  5.174455e+000
      vertex  3.314704e+001  1.292770e+001  5.147040e+000
      vertex  3.332983e+001  1.336756e+001  5.329834e+000
    endloop
  endfacet
  facet normal -2.144197e-004 -3.870512e-001  9.220582e-001
    outer loop
      vertex  1.399390e+001  1.300811e+001  5.174455e+000
      vertex  3.332983e+001  1.336756e+001  5.329834e+000
      vertex  1.374766e+001  1.330984e+001  5.301054e+000
    endloop
  endfacet
  facet normal  2.841648e-004 -5.218112e-001  8.530610e-001
    outer loop
      vertex  1.374766e+001  1.330984e+001  5.301054e+000
      vertex  3.332983e+001  1.336756e+001  5.329834e+000
      vertex  3.356592e+001  1.375364e+001  5.565920e+000
    endloop
  endfacet
  facet normal -2.664009e-005 -5.116073e-001  8.592194e-001
    outer loop
      vertex  1.374766e+001  1.330984e+001  5.301054e+000
      vertex  3.356592e+001  1.375364e+001  5.565920e+000
      vertex  1.330883e+001  1.374855e+001  5.562261e+000
    endloop
  endfacet
  facet normal  1.857548e-005 -6.313504e-001  7.754977e-001
    outer loop
      vertex  1.330883e+001  1.374855e+001  5.562261e+000
      vertex  3.356592e+001  1.375364e+001  5.565920e+000
      vertex  3.378913e+001  1.402782e+001  5.789127e+000
    endloop
  endfacet
  facet normal  3.525076e-004 -6.459770e-001  7.633569e-001
    outer loop
      vertex  1.330883e+001  1.374855e+001  5.562261e+000
      vertex  3.378913e+001  1.402782e+001  5.789127e+000
      vertex  1.283824e+001  1.411636e+001  5.873729e+000
    endloop
  endfacet
  facet normal  0.000000e+000 -7.943293e-002  9.968402e-001
    outer loop
      vertex  3.300000e+001  1.200000e+001  5.000000e+000
      vertex  3.303786e+001  1.247508e+001  5.037857e+000
      vertex  1.458258e+001  1.200000e+001  5.000000e+000
    endloop
  endfacet
  facet normal -5.414746e-004 -5.851366e-002  9.982864e-001
    outer loop
      vertex  1.458258e+001  1.200000e+001  5.000000e+000
      vertex  3.303786e+001  1.247508e+001  5.037857e+000
      vertex  1.441390e+001  1.234893e+001  5.020360e+000
    endloop
  endfacet
  facet normal  2.112311e-004 -7.165132e-001  6.975734e-001
    outer loop
      vertex -3.378913e+001  1.402782e+001  5.789127e+000
      vertex -1.283824e+001  1.411636e+001  5.873729e+000
      vertex -3.403281e+001  1.426498e+001  6.032807e+000
    endloop
  endfacet
  facet normal -4.088735e-004 -7.573027e-001  6.530640e-001
    outer loop
      vertex -3.403281e+001  1.426498e+001  6.032807e+000
      vertex -1.283824e+001  1.411636e+001  5.873729e+000
      vertex -1.234523e+001  1.441587e+001  6.221353e+000
    endloop
  endfacet
  facet normal  2.044101e-004 -7.921116e-001  6.103764e-001
    outer loop
      vertex -3.403281e+001  1.426498e+001  6.032807e+000
      vertex -1.234523e+001  1.441587e+001  6.221353e+000
      vertex -3.431203e+001  1.448007e+001  6.312028e+000
    endloop
  endfacet
  facet normal -3.181496e-004 -8.508654e-001  5.253837e-001
    outer loop
      vertex -3.431203e+001  1.448007e+001  6.312028e+000
      vertex -1.234523e+001  1.441587e+001  6.221353e+000
      vertex -1.177746e+001  1.467340e+001  6.638768e+000
    endloop
  endfacet
  facet normal -1.065138e-004 -8.573985e-001  5.146532e-001
    outer loop
      vertex -3.431203e+001  1.448007e+001  6.312028e+000
      vertex -1.177746e+001  1.467340e+001  6.638768e+000
      vertex -3.460460e+001  1.465572e+001  6.604597e+000
    endloop
  endfacet
  facet normal  1.444256e-004 -9.243142e-001  3.816324e-001
    outer loop
      vertex -3.460460e+001  1.465572e+001  6.604597e+000
      vertex -1.177746e+001  1.467340e+001  6.638768e+000
      vertex -1.119666e+001  1.485469e+001  7.077641e+000
    endloop
  endfacet
  facet normal -7.066752e-005 -9.205256e-001  3.906824e-001
    outer loop
      vertex -3.460460e+001  1.465572e+001  6.604597e+000
      vertex -1.119666e+001  1.485469e+001  7.077641e+000
      vertex -3.505889e+001  1.484856e+001  7.058888e+000
    endloop
  endfacet
  facet normal  6.684857e-005 -9.725479e-001  2.327025e-001
    outer loop
      vertex -3.505889e+001  1.484856e+001  7.058888e+000
      vertex -1.119666e+001  1.485469e+001  7.077641e+000
      vertex -1.060771e+001  1.496293e+001  7.529851e+000
    endloop
  endfacet
  facet normal -1.142079e-005 -9.716215e-001  2.365410e-001
    outer loop
      vertex -3.505889e+001  1.484856e+001  7.058888e+000
      vertex -1.060771e+001  1.496293e+001  7.529851e+000
      vertex -3.552637e+001  1.496238e+001  7.526376e+000
    endloop
  endfacet
  facet normal  1.116888e-005 -9.969072e-001  7.858760e-002
    outer loop
      vertex -3.552637e+001  1.496238e+001  7.526376e+000
      vertex -1.060771e+001  1.496293e+001  7.529851e+000
      vertex -1.000000e+001  1.500000e+001  8.000000e+000
    endloop
  endfacet
  facet normal  0.000000e+000 -9.968599e-001  7.918581e-002
    outer loop
      vertex -3.552637e+001  1.496238e+001  7.526376e+000
      vertex -1.000000e+001  1.500000e+001  8.000000e+000
      vertex -3.600000e+001  1.500000e+001  8.000000e+000
    endloop
  endfacet
  facet normal -2.378808e-004 -1.717459e-001  9.851413e-001
    outer loop
      vertex -1.441390e+001  1.234893e+001  5.020360e+000
      vertex -1.422063e+001  1.268073e+001  5.078252e+000
      vertex -3.303786e+001  1.247508e+001  5.037857e+000
    endloop
  endfacet
  facet normal  1.029036e-003 -2.825854e-001  9.592416e-001
    outer loop
      vertex -3.303786e+001  1.247508e+001  5.037857e+000
      vertex -1.422063e+001  1.268073e+001  5.078252e+000
      vertex -1.399390e+001  1.300811e+001  5.174455e+000
    endloop
  endfacet
  facet normal -4.064232e-004 -2.345936e-001  9.720934e-001
    outer loop
      vertex -3.303786e+001  1.247508e+001  5.037857e+000
      vertex -1.399390e+001  1.300811e+001  5.174455e+000
      vertex -3.314704e+001  1.292770e+001  5.147040e+000
    endloop
  endfacet
  facet normal  3.056168e-004 -3.871145e-001  9.220316e-001
    outer loop
      vertex -3.314704e+001  1.292770e+001  5.147040e+000
      vertex -1.399390e+001  1.300811e+001  5.174455e+000
      vertex -1.374766e+001  1.330984e+001  5.301054e+000
    endloop
  endfacet
  facet normal  2.264448e-004 -3.836744e-001  9.234684e-001
    outer loop
      vertex -3.314704e+001  1.292770e+001  5.147040e+000
      vertex -1.374766e+001  1.330984e+001  5.301054e+000
      vertex -3.332983e+001  1.336756e+001  5.329834e+000
    endloop
  endfacet
  facet normal -2.442750e-004 -5.114073e-001  8.593385e-001
    outer loop
      vertex -3.332983e+001  1.336756e+001  5.329834e+000
      vertex -1.374766e+001  1.330984e+001  5.301054e+000
      vertex -1.330883e+001  1.374855e+001  5.562261e+000
    endloop
  endfacet
  facet normal  2.301281e-005 -5.216745e-001  8.531446e-001
    outer loop
      vertex -3.332983e+001  1.336756e+001  5.329834e+000
      vertex -1.330883e+001  1.374855e+001  5.562261e+000
      vertex -3.356592e+001  1.375364e+001  5.565920e+000
    endloop
  endfacet
  facet normal -2.454312e-005 -6.462213e-001  7.631500e-001
    outer loop
      vertex -3.356592e+001  1.375364e+001  5.565920e+000
      vertex -1.330883e+001  1.374855e+001  5.562261e+000
      vertex -1.283824e+001  1.411636e+001  5.873729e+000
    endloop
  endfacet
  facet normal -4.617176e-004 -6.315672e-001  7.753210e-001
    outer loop
      vertex -3.356592e+001  1.375364e+001  5.565920e+000
      vertex -1.283824e+001  1.411636e+001  5.873729e+000
      vertex -3.378913e+001  1.402782e+001  5.789127e+000
    endloop
  endfacet
  facet normal  5.414747e-004 -5.851367e-002  9.982865e-001
    outer loop
      vertex -1.441390e+001  1.234893e+001  5.020360e+000
      vertex -3.303786e+001  1.247508e+001  5.037857e+000
      vertex -1.458258e+001  1.200000e+001  5.000000e+000
    endloop
  endfacet
  facet normal  0.000000e+000 -7.943293e-002  9.968402e-001
    outer loop
      vertex -1.458258e+001  1.200000e+001  5.000000e+000
      vertex -3.303786e+001  1.247508e+001  5.037857e+000
      vertex -3.300000e+001  1.200000e+001  5.000000e+000
    endloop
  endfacet
  facet normal  0.000000e+000 -1.000000e+000  0.000000e+000
    outer loop
      vertex  3.900000e+001  1.500000e+001  1.100000e+001
      vertex -3.900000e+001  1.500000e+001  1.100000e+001
      vertex -3.600000e+001  1.500000e+001  8.000000e+000
    endloop
  endfacet
  facet normal  0.000000e+000 -1.000000e+000  0.000000e+000
    outer loop
      vertex  3.900000e+001  1.500000e+001  1.100000e+001
      vertex -3.600000e+001  1.500000e+001  8.000000e+000
      vertex -1.000000e+001  1.500000e+001  8.000000e+000
    endloop
  endfacet
  facet normal  0.000000e+000 -1.000000e+000  0.000000e+000
    outer loop
      vertex  3.900000e+001  1.500000e+001  1.100000e+001
      vertex -1.000000e+001  1.500000e+001  8.000000e+000
      vertex  1.000000e+001  1.500000e+001  8.000000e+000
    endloop
  endfacet
  facet normal  0.000000e+000 -1.000000e+000  0.000000e+000
    outer loop
      vertex  3.900000e+001  1.500000e+001  1.100000e+001
      vertex  1.000000e+001  1.500000e+001  8.000000e+000
      vertex  3.600000e+001  1.500000e+001  8.000000e+000
    endloop
  endfacet
  facet normal  0.000000e+000 -1.000000e+000  -0.000000e+000
    outer loop
      vertex  1.000000e+001  1.500000e+001  5.838015e-001
      vertex  1.000000e+001  1.500000e+001  8.000000e+000
      vertex -1.000000e+001  1.500000e+001  5.838015e-001
    endloop
  endfacet
  facet normal  0.000000e+000 -1.000000e+000  0.000000e+000
    outer loop
      vertex -1.000000e+001  1.500000e+001  5.838015e-001
      vertex  1.000000e+001  1.500000e+001  8.000000e+000
      vertex -1.000000e+001  1.500000e+001  8.000000e+000
    endloop
  endfacet
  facet normal  0.000000e+000  1.000000e+000  -0.000000e+000
    outer loop
      vertex  1.000000e+001 -1.500000e+001  8.000000e+000
      vertex  1.000000e+001 -1.500000e+001  5.838015e-001
      vertex -1.000000e+001 -1.500000e+001  5.838015e-001
    endloop
  endfacet
  facet normal  0.000000e+000  1.000000e+000  0.000000e+000
    outer loop
      vertex  1.000000e+001 -1.500000e+001  8.000000e+000
      vertex -1.000000e+001 -1.500000e+001  5.838015e-001
      vertex -1.000000e+001 -1.500000e+001  8.000000e+000
    endloop
  endfacet
  facet normal  0.000000e+000  1.000000e+000  0.000000e+000
    outer loop
      vertex  1.000000e+001 -1.500000e+001  8.000000e+000
      vertex -1.000000e+001 -1.500000e+001  8.000000e+000
      vertex  3.900000e+001 -1.500000e+001  1.100000e+001
    endloop
  endfacet
  facet normal  0.000000e+000  1.000000e+000  0.000000e+000
    outer loop
      vertex  1.000000e+001 -1.500000e+001  8.000000e+000
      vertex  3.900000e+001 -1.500000e+001  1.100000e+001
      vertex  3.600000e+001 -1.500000e+001  8.000000e+000
    endloop
  endfacet
  facet normal  0.000000e+000  1.000000e+000  0.000000e+000
    outer loop
      vertex -1.000000e+001 -1.500000e+001  8.000000e+000
      vertex -3.600000e+001 -1.500000e+001  8.000000e+000
      vertex  3.900000e+001 -1.500000e+001  1.100000e+001
    endloop
  endfacet
  facet normal  0.000000e+000  1.000000e+000  0.000000e+000
    outer loop
      vertex  3.900000e+001 -1.500000e+001  1.100000e+001
      vertex -3.600000e+001 -1.500000e+001  8.000000e+000
      vertex -3.900000e+001 -1.500000e+001  1.100000e+001
    endloop
  endfacet
  facet normal  0.000000e+000  0.000000e+000  1.000000e+000
    outer loop
      vertex -2.875000e+001  1.700000e+001  1.100000e+001
      vertex  1.975000e+001  1.700000e+001  1.100000e+001
      vertex -2.882538e+001  1.742752e+001  1.100000e+001
    endloop
  endfacet
  facet normal  0.000000e+000  0.000000e+000  1.000000e+000
    outer loop
      vertex -2.875000e+001  1.700000e+001  1.100000e+001
      vertex -2.882538e+001  1.657248e+001  1.100000e+001
      vertex  1.975000e+001  1.700000e+001  1.100000e+001
    endloop
  endfacet
  facet normal  0.000000e+000  0.000000e+000  1.000000e+000
    outer loop
      vertex  1.975000e+001  1.700000e+001  1.100000e+001
      vertex -2.904244e+001  1.780348e+001  1.100000e+001
      vertex -2.882538e+001  1.742752e+001  1.100000e+001
    endloop
  endfacet
  facet normal  0.000000e+000  0.000000e+000  1.000000e+000
    outer loop
      vertex  1.975000e+001  1.700000e+001  1.100000e+001
      vertex -2.937500e+001  1.808253e+001  1.100000e+001
      vertex -2.904244e+001  1.780348e+001  1.100000e+001
    endloop
  endfacet
  facet normal  -0.000000e+000  0.000000e+000  1.000000e+000
    outer loop
      vertex  1.975000e+001  1.700000e+001  1.100000e+001
      vertex -2.904244e+001  1.619652e+001  1.100000e+001
      vertex -2.937500e+001  1.591747e+001  1.100000e+001
    endloop
  endfacet
  facet normal  -0.000000e+000  0.000000e+000  1.000000e+000
    outer loop
      vertex  1.975000e+001  1.700000e+001  1.100000e+001
      vertex -2.882538e+001  1.657248e+001  1.100000e+001
      vertex -2.904244e+001  1.619652e+001  1.100000e+001
    endloop
  endfacet
  facet normal  0.000000e+000  0.000000e+000  1.000000e+000
    outer loop
      vertex -3.900000e+001  1.500000e+001  1.100000e+001
      vertex  3.900000e+001  1.500000e+001  1.100000e+001
      vertex -2.978294e+001  1.576899e+001  1.100000e+001
    endloop
  endfacet
  facet normal  0.000000e+000  0.000000e+000  1.000000e+000
    outer loop
      vertex -3.900000e+001  1.500000e+001  1.100000e+001
      vertex -2.978294e+001  1.576899e+001  1.100000e+001
      vertex -3.021706e+001  1.576899e+001  1.100000e+001
    endloop
  endfacet
  facet normal  0.000000e+000  0.000000e+000  1.000000e+000
    outer loop
      vertex -3.900000e+001  1.500000e+001  1.100000e+001
      vertex -3.021706e+001  1.576899e+001  1.100000e+001
      vertex -3.062500e+001  1.591747e+001  1.100000e+001
    endloop
  endfacet
  facet normal  0.000000e+000  0.000000e+000  1.000000e+000
    outer loop
      vertex -3.900000e+001  1.500000e+001  1.100000e+001
      vertex -3.062500e+001  1.591747e+001  1.100000e+001
      vertex -3.095756e+001  1.619652e+001  1.100000e+001
    endloop
  endfacet
  facet normal  0.000000e+000  0.000000e+000  9.999999e-001
    outer loop
      vertex -3.900000e+001  1.500000e+001  1.100000e+001
      vertex -3.095756e+001  1.619652e+001  1.100000e+001
      vertex -3.117462e+001  1.657248e+001  1.100000e+001
    endloop
  endfacet
  facet normal  0.000000e+000  0.000000e+000  9.999999e-001
    outer loop
      vertex -3.900000e+001  1.500000e+001  1.100000e+001
      vertex -3.117462e+001  1.657248e+001  1.100000e+001
      vertex -3.125000e+001  1.700000e+001  1.100000e+001
    endloop
  endfacet
  facet normal  0.000000e+000  0.000000e+000  9.999999e-001
    outer loop
      vertex -3.900000e+001  1.500000e+001  1.100000e+001
      vertex -3.125000e+001  1.700000e+001  1.100000e+001
      vertex -3.400000e+001  2.000000e+001  1.100000e+001
    endloop
  endfacet
  facet normal  0.000000e+000  0.000000e+000  1.000000e+000
    outer loop
      vertex -3.900000e+001  1.500000e+001  1.100000e+001
      vertex -3.400000e+001  2.000000e+001  1.100000e+001
      vertex -3.900000e+001  1.839714e+001  1.100000e+001
    endloop
  endfacet
  facet normal  -0.000000e+000  0.000000e+000  1.000000e+000
    outer loop
      vertex -3.400000e+001  2.000000e+001  1.100000e+001
      vertex -3.506443e+001  1.993387e+001  1.100000e+001
      vertex -3.611248e+001  1.973651e+001  1.100000e+001
    endloop
  endfacet
  facet normal  -0.000000e+000  0.000000e+000  9.999999e-001
    outer loop
      vertex -3.400000e+001  2.000000e+001  1.100000e+001
      vertex -3.611248e+001  1.973651e+001  1.100000e+001
      vertex -3.712805e+001  1.941095e+001  1.100000e+001
    endloop
  endfacet
  facet normal  -0.000000e+000  0.000000e+000  1.000000e+000
    outer loop
      vertex -3.400000e+001  2.000000e+001  1.100000e+001
      vertex -3.712805e+001  1.941095e+001  1.100000e+001
      vertex -3.809552e+001  1.896219e+001  1.100000e+001
    endloop
  endfacet
  facet normal  -0.000000e+000  0.000000e+000  9.999999e-001
    outer loop
      vertex -3.400000e+001  2.000000e+001  1.100000e+001
      vertex -3.809552e+001  1.896219e+001  1.100000e+001
      vertex -3.900000e+001  1.839714e+001  1.100000e+001
    endloop
  endfacet
  facet normal  0.000000e+000  -0.000000e+000  1.000000e+000
    outer loop
      vertex -3.400000e+001  2.000000e+001  1.100000e+001
      vertex -3.125000e+001  1.700000e+001  1.100000e+001
      vertex -3.117462e+001  1.742752e+001  1.100000e+001
    endloop
  endfacet
  facet normal  0.000000e+000  -0.000000e+000  1.000000e+000
    outer loop
      vertex -3.400000e+001  2.000000e+001  1.100000e+001
      vertex -3.117462e+001  1.742752e+001  1.100000e+001
      vertex -3.095756e+001  1.780348e+001  1.100000e+001
    endloop
  endfacet
  facet normal  0.000000e+000  -0.000000e+000  1.000000e+000
    outer loop
      vertex -3.400000e+001  2.000000e+001  1.100000e+001
      vertex -3.095756e+001  1.780348e+001  1.100000e+001
      vertex -3.062500e+001  1.808253e+001  1.100000e+001
    endloop
  endfacet
  facet normal  0.000000e+000  -0.000000e+000  1.000000e+000
    outer loop
      vertex -3.400000e+001  2.000000e+001  1.100000e+001
      vertex -3.062500e+001  1.808253e+001  1.100000e+001
      vertex -3.021706e+001  1.823101e+001  1.100000e+001
    endloop
  endfacet
  facet normal  0.000000e+000  -0.000000e+000  1.000000e+000
    outer loop
      vertex -3.400000e+001  2.000000e+001  1.100000e+001
      vertex -3.021706e+001  1.823101e+001  1.100000e+001
      vertex -2.978294e+001  1.823101e+001  1.100000e+001
    endloop
  endfacet
  facet normal  -0.000000e+000  -0.000000e+000  1.000000e+000
    outer loop
      vertex -3.400000e+001  2.000000e+001  1.100000e+001
      vertex -2.978294e+001  1.823101e+001  1.100000e+001
      vertex -2.937500e+001  1.808253e+001  1.100000e+001
    endloop
  endfacet
  facet normal  -0.000000e+000  -0.000000e+000  1.000000e+000
    outer loop
      vertex -3.400000e+001  2.000000e+001  1.100000e+001
      vertex -2.937500e+001  1.808253e+001  1.100000e+001
      vertex  1.975000e+001  1.700000e+001  1.100000e+001
    endloop
  endfacet
  facet normal  0.000000e+000  -0.000000e+000  1.000000e+000
    outer loop
      vertex -3.400000e+001  2.000000e+001  1.100000e+001
      vertex  1.975000e+001  1.700000e+001  1.100000e+001
      vertex  1.982538e+001  1.742752e+001  1.100000e+001
    endloop
  endfacet
  facet normal  0.000000e+000  -0.000000e+000  1.000000e+000
    outer loop
      vertex -3.400000e+001  2.000000e+001  1.100000e+001
      vertex  1.982538e+001  1.742752e+001  1.100000e+001
      vertex  2.004244e+001  1.780348e+001  1.100000e+001
    endloop
  endfacet
  facet normal  0.000000e+000  -0.000000e+000  9.999999e-001
    outer loop
      vertex -3.400000e+001  2.000000e+001  1.100000e+001
      vertex  2.004244e+001  1.780348e+001  1.100000e+001
      vertex  2.037500e+001  1.808253e+001  1.100000e+001
    endloop
  endfacet
  facet normal  0.000000e+000  -0.000000e+000  1.000000e+000
    outer loop
      vertex -3.400000e+001  2.000000e+001  1.100000e+001
      vertex  2.037500e+001  1.808253e+001  1.100000e+001
      vertex  2.078294e+001  1.823101e+001  1.100000e+001
    endloop
  endfacet
  facet normal  0.000000e+000  -0.000000e+000  1.000000e+000
    outer loop
      vertex -3.400000e+001  2.000000e+001  1.100000e+001
      vertex  2.078294e+001  1.823101e+001  1.100000e+001
      vertex  2.121706e+001  1.823101e+001  1.100000e+001
    endloop
  endfacet
  facet normal  -0.000000e+000  0.000000e+000  1.000000e+000
    outer loop
      vertex  3.400000e+001  2.000000e+001  1.100000e+001
      vertex -3.400000e+001  2.000000e+001  1.100000e+001
      vertex  2.121706e+001  1.823101e+001  1.100000e+001
    endloop
  endfacet
  facet normal  -0.000000e+000  0.000000e+000  1.000000e+000
    outer loop
      vertex  3.400000e+001  2.000000e+001  1.100000e+001
      vertex  2.121706e+001  1.823101e+001  1.100000e+001
      vertex  2.162500e+001  1.808253e+001  1.100000e+001
    endloop
  endfacet
  facet normal  -0.000000e+000  0.000000e+000  1.000000e+000
    outer loop
      vertex  3.400000e+001  2.000000e+001  1.100000e+001
      vertex  2.162500e+001  1.808253e+001  1.100000e+001
      vertex  2.195756e+001  1.780348e+001  1.100000e+001
    endloop
  endfacet
  facet normal  -0.000000e+000  0.000000e+000  1.000000e+000
    outer loop
      vertex  3.400000e+001  2.000000e+001  1.100000e+001
      vertex  2.195756e+001  1.780348e+001  1.100000e+001
      vertex  2.217462e+001  1.742752e+001  1.100000e+001
    endloop
  endfacet
  facet normal  -0.000000e+000  0.000000e+000  1.000000e+000
    outer loop
      vertex  3.400000e+001  2.000000e+001  1.100000e+001
      vertex  2.217462e+001  1.742752e+001  1.100000e+001
      vertex  2.225000e+001  1.700000e+001  1.100000e+001
    endloop
  endfacet
  facet normal  0.000000e+000  -0.000000e+000  9.999999e-001
    outer loop
      vertex  2.225000e+001  1.700000e+001  1.100000e+001
      vertex  3.900000e+001  1.500000e+001  1.100000e+001
      vertex  3.900000e+001  1.839714e+001  1.100000e+001
    endloop
  endfacet
  facet normal  0.000000e+000  0.000000e+000  1.000000e+000
    outer loop
      vertex  2.225000e+001  1.700000e+001  1.100000e+001
      vertex  3.900000e+001  1.839714e+001  1.100000e+001
      vertex  3.809552e+001  1.896219e+001  1.100000e+001
    endloop
  endfacet
  facet normal  0.000000e+000  0.000000e+000  1.000000e+000
    outer loop
      vertex  2.225000e+001  1.700000e+001  1.100000e+001
      vertex  3.809552e+001  1.896219e+001  1.100000e+001
      vertex  3.712805e+001  1.941095e+001  1.100000e+001
    endloop
  endfacet
  facet normal  0.000000e+000  0.000000e+000  1.000000e+000
    outer loop
      vertex  2.225000e+001  1.700000e+001  1.100000e+001
      vertex  3.712805e+001  1.941095e+001  1.100000e+001
      vertex  3.611248e+001  1.973651e+001  1.100000e+001
    endloop
  endfacet
  facet normal  0.000000e+000  0.000000e+000  1.000000e+000
    outer loop
      vertex  2.225000e+001  1.700000e+001  1.100000e+001
      vertex  3.611248e+001  1.973651e+001  1.100000e+001
      vertex  3.506443e+001  1.993387e+001  1.100000e+001
    endloop
  endfacet
  facet normal  0.000000e+000  0.000000e+000  1.000000e+000
    outer loop
      vertex  2.225000e+001  1.700000e+001  1.100000e+001
      vertex  3.506443e+001  1.993387e+001  1.100000e+001
      vertex  3.400000e+001  2.000000e+001  1.100000e+001
    endloop
  endfacet
  facet normal  0.000000e+000  0.000000e+000  9.999999e-001
    outer loop
      vertex -2.978294e+001  1.576899e+001  1.100000e+001
      vertex  2.078294e+001  1.576899e+001  1.100000e+001
      vertex  2.037500e+001  1.591747e+001  1.100000e+001
    endloop
  endfacet
  facet normal  0.000000e+000  0.000000e+000  9.999999e-001
    outer loop
      vertex -2.978294e+001  1.576899e+001  1.100000e+001
      vertex  2.037500e+001  1.591747e+001  1.100000e+001
      vertex  2.004244e+001  1.619652e+001  1.100000e+001
    endloop
  endfacet
  facet normal  0.000000e+000  0.000000e+000  1.000000e+000
    outer loop
      vertex -2.978294e+001  1.576899e+001  1.100000e+001
      vertex  2.004244e+001  1.619652e+001  1.100000e+001
      vertex  1.982538e+001  1.657248e+001  1.100000e+001
    endloop
  endfacet
  facet normal  0.000000e+000  0.000000e+000  1.000000e+000
    outer loop
      vertex -2.978294e+001  1.576899e+001  1.100000e+001
      vertex  1.982538e+001  1.657248e+001  1.100000e+001
      vertex  1.975000e+001  1.700000e+001  1.100000e+001
    endloop
  endfacet
  facet normal  0.000000e+000  0.000000e+000  1.000000e+000
    outer loop
      vertex -2.978294e+001  1.576899e+001  1.100000e+001
      vertex  1.975000e+001  1.700000e+001  1.100000e+001
      vertex -2.937500e+001  1.591747e+001  1.100000e+001
    endloop
  endfacet
  facet normal  0.000000e+000  0.000000e+000  1.000000e+000
    outer loop
      vertex  3.900000e+001  1.500000e+001  1.100000e+001
      vertex  2.225000e+001  1.700000e+001  1.100000e+001
      vertex  2.217462e+001  1.657248e+001  1.100000e+001
    endloop
  endfacet
  facet normal  0.000000e+000  0.000000e+000  1.000000e+000
    outer loop
      vertex  3.900000e+001  1.500000e+001  1.100000e+001
      vertex  2.217462e+001  1.657248e+001  1.100000e+001
      vertex  2.195756e+001  1.619652e+001  1.100000e+001
    endloop
  endfacet
  facet normal  0.000000e+000  0.000000e+000  1.000000e+000
    outer loop
      vertex  3.900000e+001  1.500000e+001  1.100000e+001
      vertex  2.195756e+001  1.619652e+001  1.100000e+001
      vertex  2.162500e+001  1.591747e+001  1.100000e+001
    endloop
  endfacet
  facet normal  0.000000e+000  0.000000e+000  1.000000e+000
    outer loop
      vertex  3.900000e+001  1.500000e+001  1.100000e+001
      vertex  2.162500e+001  1.591747e+001  1.100000e+001
      vertex  2.121706e+001  1.576899e+001  1.100000e+001
    endloop
  endfacet
  facet normal  0.000000e+000  0.000000e+000  1.000000e+000
    outer loop
      vertex  3.900000e+001  1.500000e+001  1.100000e+001
      vertex  2.121706e+001  1.576899e+001  1.100000e+001
      vertex  2.078294e+001  1.576899e+001  1.100000e+001
    endloop
  endfacet
  facet normal  0.000000e+000  0.000000e+000  1.000000e+000
    outer loop
      vertex  3.900000e+001  1.500000e+001  1.100000e+001
      vertex  2.078294e+001  1.576899e+001  1.100000e+001
      vertex -2.978294e+001  1.576899e+001  1.100000e+001
    endloop
  endfacet
  facet normal  0.000000e+000  0.000000e+000  1.000000e+000
    outer loop
      vertex -2.875000e+001 -1.700000e+001  1.100000e+001
      vertex  1.975000e+001 -1.700000e+001  1.100000e+001
      vertex -2.882538e+001 -1.657248e+001  1.100000e+001
    endloop
  endfacet
  facet normal  0.000000e+000  0.000000e+000  1.000000e+000
    outer loop
      vertex -2.875000e+001 -1.700000e+001  1.100000e+001
      vertex -2.882538e+001 -1.742752e+001  1.100000e+001
      vertex  1.975000e+001 -1.700000e+001  1.100000e+001
    endloop
  endfacet
  facet normal  0.000000e+000  0.000000e+000  1.000000e+000
    outer loop
      vertex  1.975000e+001 -1.700000e+001  1.100000e+001
      vertex -2.904244e+001 -1.619652e+001  1.100000e+001
      vertex -2.882538e+001 -1.657248e+001  1.100000e+001
    endloop
  endfacet
  facet normal  0.000000e+000  0.000000e+000  1.000000e+000
    outer loop
      vertex  1.975000e+001 -1.700000e+001  1.100000e+001
      vertex -2.937500e+001 -1.591747e+001  1.100000e+001
      vertex -2.904244e+001 -1.619652e+001  1.100000e+001
    endloop
  endfacet
  facet normal  -0.000000e+000  0.000000e+000  1.000000e+000
    outer loop
      vertex  1.975000e+001 -1.700000e+001  1.100000e+001
      vertex -2.904244e+001 -1.780348e+001  1.100000e+001
      vertex -2.937500e+001 -1.808253e+001  1.100000e+001
    endloop
  endfacet
  facet normal  -0.000000e+000  0.000000e+000  1.000000e+000
    outer loop
      vertex  1.975000e+001 -1.700000e+001  1.100000e+001
      vertex -2.882538e+001 -1.742752e+001  1.100000e+001
      vertex -2.904244e+001 -1.780348e+001  1.100000e+001
    endloop
  endfacet
  facet normal  -0.000000e+000  0.000000e+000  1.000000e+000
    outer loop
      vertex  3.900000e+001 -1.500000e+001  1.100000e+001
      vertex -3.900000e+001 -1.500000e+001  1.100000e+001
      vertex -2.978294e+001 -1.576899e+001  1.100000e+001
    endloop
  endfacet
  facet normal  0.000000e+000  0.000000e+000  1.000000e+000
    outer loop
      vertex  3.900000e+001 -1.500000e+001  1.100000e+001
      vertex -2.978294e+001 -1.576899e+001  1.100000e+001
      vertex  2.078294e+001 -1.576899e+001  1.100000e+001
    endloop
  endfacet
  facet normal  0.000000e+000  0.000000e+000  1.000000e+000
    outer loop
      vertex  3.900000e+001 -1.500000e+001  1.100000e+001
      vertex  2.078294e+001 -1.576899e+001  1.100000e+001
      vertex  2.121706e+001 -1.576899e+001  1.100000e+001
    endloop
  endfacet
  facet normal  -0.000000e+000  0.000000e+000  1.000000e+000
    outer loop
      vertex  3.900000e+001 -1.500000e+001  1.100000e+001
      vertex  2.121706e+001 -1.576899e+001  1.100000e+001
      vertex  2.162500e+001 -1.591747e+001  1.100000e+001
    endloop
  endfacet
  facet normal  -0.000000e+000  0.000000e+000  1.000000e+000
    outer loop
      vertex  3.900000e+001 -1.500000e+001  1.100000e+001
      vertex  2.162500e+001 -1.591747e+001  1.100000e+001
      vertex  2.195756e+001 -1.619652e+001  1.100000e+001
    endloop
  endfacet
  facet normal  -0.000000e+000  0.000000e+000  1.000000e+000
    outer loop
      vertex  3.900000e+001 -1.500000e+001  1.100000e+001
      vertex  2.195756e+001 -1.619652e+001  1.100000e+001
      vertex  2.217462e+001 -1.657248e+001  1.100000e+001
    endloop
  endfacet
  facet normal  -0.000000e+000  0.000000e+000  1.000000e+000
    outer loop
      vertex  3.900000e+001 -1.500000e+001  1.100000e+001
      vertex  2.217462e+001 -1.657248e+001  1.100000e+001
      vertex  2.225000e+001 -1.700000e+001  1.100000e+001
    endloop
  endfacet
  facet normal  -0.000000e+000  0.000000e+000  1.000000e+000
    outer loop
      vertex  3.900000e+001 -1.500000e+001  1.100000e+001
      vertex  2.225000e+001 -1.700000e+001  1.100000e+001
      vertex  3.900000e+001 -1.839714e+001  1.100000e+001
    endloop
  endfacet
  facet normal  0.000000e+000  0.000000e+000  1.000000e+000
    outer loop
      vertex -3.125000e+001 -1.700000e+001  1.100000e+001
      vertex -3.900000e+001 -1.500000e+001  1.100000e+001
      vertex -3.900000e+001 -1.839714e+001  1.100000e+001
    endloop
  endfacet
  facet normal  -0.000000e+000  0.000000e+000  9.999999e-001
    outer loop
      vertex -3.125000e+001 -1.700000e+001  1.100000e+001
      vertex -3.900000e+001 -1.839714e+001  1.100000e+001
      vertex -3.809552e+001 -1.896219e+001  1.100000e+001
    endloop
  endfacet
  facet normal  -0.000000e+000  0.000000e+000  1.000000e+000
    outer loop
      vertex -3.125000e+001 -1.700000e+001  1.100000e+001
      vertex -3.809552e+001 -1.896219e+001  1.100000e+001
      vertex -3.712805e+001 -1.941095e+001  1.100000e+001
    endloop
  endfacet
  facet normal  -0.000000e+000  0.000000e+000  1.000000e+000
    outer loop
      vertex -3.125000e+001 -1.700000e+001  1.100000e+001
      vertex -3.712805e+001 -1.941095e+001  1.100000e+001
      vertex -3.611248e+001 -1.973651e+001  1.100000e+001
    endloop
  endfacet
  facet normal  -0.000000e+000  0.000000e+000  9.999999e-001
    outer loop
      vertex -3.125000e+001 -1.700000e+001  1.100000e+001
      vertex -3.611248e+001 -1.973651e+001  1.100000e+001
      vertex -3.506443e+001 -1.993387e+001  1.100000e+001
    endloop
  endfacet
  facet normal  -0.000000e+000  0.000000e+000  1.000000e+000
    outer loop
      vertex -3.125000e+001 -1.700000e+001  1.100000e+001
      vertex -3.506443e+001 -1.993387e+001  1.100000e+001
      vertex -3.400000e+001 -2.000000e+001  1.100000e+001
    endloop
  endfacet
  facet normal  -0.000000e+000  -0.000000e+000  1.000000e+000
    outer loop
      vertex -2.978294e+001 -1.576899e+001  1.100000e+001
      vertex -2.937500e+001 -1.591747e+001  1.100000e+001
      vertex  1.975000e+001 -1.700000e+001  1.100000e+001
    endloop
  endfacet
  facet normal  0.000000e+000  -0.000000e+000  1.000000e+000
    outer loop
      vertex -2.978294e+001 -1.576899e+001  1.100000e+001
      vertex  1.975000e+001 -1.700000e+001  1.100000e+001
      vertex  1.982538e+001 -1.657248e+001  1.100000e+001
    endloop
  endfacet
  facet normal  0.000000e+000  -0.000000e+000  1.000000e+000
    outer loop
      vertex -2.978294e+001 -1.576899e+001  1.100000e+001
      vertex  1.982538e+001 -1.657248e+001  1.100000e+001
      vertex  2.004244e+001 -1.619652e+001  1.100000e+001
    endloop
  endfacet
  facet normal  0.000000e+000  -0.000000e+000  1.000000e+000
    outer loop
      vertex -2.978294e+001 -1.576899e+001  1.100000e+001
      vertex  2.004244e+001 -1.619652e+001  1.100000e+001
      vertex  2.037500e+001 -1.591747e+001  1.100000e+001
    endloop
  endfacet
  facet normal  0.000000e+000  -0.000000e+000  1.000000e+000
    outer loop
      vertex -2.978294e+001 -1.576899e+001  1.100000e+001
      vertex  2.037500e+001 -1.591747e+001  1.100000e+001
      vertex  2.078294e+001 -1.576899e+001  1.100000e+001
    endloop
  endfacet
  facet normal  0.000000e+000  -0.000000e+000  9.999999e-001
    outer loop
      vertex -3.900000e+001 -1.500000e+001  1.100000e+001
      vertex -3.125000e+001 -1.700000e+001  1.100000e+001
      vertex -3.117462e+001 -1.657248e+001  1.100000e+001
    endloop
  endfacet
  facet normal  0.000000e+000  -0.000000e+000  9.999999e-001
    outer loop
      vertex -3.900000e+001 -1.500000e+001  1.100000e+001
      vertex -3.117462e+001 -1.657248e+001  1.100000e+001
      vertex -3.095756e+001 -1.619652e+001  1.100000e+001
    endloop
  endfacet
  facet normal  0.000000e+000  -0.000000e+000  1.000000e+000
    outer loop
      vertex -3.900000e+001 -1.500000e+001  1.100000e+001
      vertex -3.095756e+001 -1.619652e+001  1.100000e+001
      vertex -3.062500e+001 -1.591747e+001  1.100000e+001
    endloop
  endfacet
  facet normal  0.000000e+000  -0.000000e+000  1.000000e+000
    outer loop
      vertex -3.900000e+001 -1.500000e+001  1.100000e+001
      vertex -3.062500e+001 -1.591747e+001  1.100000e+001
      vertex -3.021706e+001 -1.576899e+001  1.100000e+001
    endloop
  endfacet
  facet normal  0.000000e+000  -0.000000e+000  1.000000e+000
    outer loop
      vertex -3.900000e+001 -1.500000e+001  1.100000e+001
      vertex -3.021706e+001 -1.576899e+001  1.100000e+001
      vertex -2.978294e+001 -1.576899e+001  1.100000e+001
    endloop
  endfacet
  facet normal  0.000000e+000  0.000000e+000  1.000000e+000
    outer loop
      vertex -3.400000e+001 -2.000000e+001  1.100000e+001
      vertex  2.121706e+001 -1.823101e+001  1.100000e+001
      vertex  2.078294e+001 -1.823101e+001  1.100000e+001
    endloop
  endfacet
  facet normal  0.000000e+000  0.000000e+000  1.000000e+000
    outer loop
      vertex -3.400000e+001 -2.000000e+001  1.100000e+001
      vertex  2.078294e+001 -1.823101e+001  1.100000e+001
      vertex  2.037500e+001 -1.808253e+001  1.100000e+001
    endloop
  endfacet
  facet normal  0.000000e+000  0.000000e+000  1.000000e+000
    outer loop
      vertex -3.400000e+001 -2.000000e+001  1.100000e+001
      vertex  2.037500e+001 -1.808253e+001  1.100000e+001
      vertex  2.004244e+001 -1.780348e+001  1.100000e+001
    endloop
  endfacet
  facet normal  0.000000e+000  0.000000e+000  1.000000e+000
    outer loop
      vertex -3.400000e+001 -2.000000e+001  1.100000e+001
      vertex  2.004244e+001 -1.780348e+001  1.100000e+001
      vertex  1.982538e+001 -1.742752e+001  1.100000e+001
    endloop
  endfacet
  facet normal  0.000000e+000  0.000000e+000  1.000000e+000
    outer loop
      vertex -3.400000e+001 -2.000000e+001  1.100000e+001
      vertex  1.982538e+001 -1.742752e+001  1.100000e+001
      vertex  1.975000e+001 -1.700000e+001  1.100000e+001
    endloop
  endfacet
  facet normal  0.000000e+000  0.000000e+000  1.000000e+000
    outer loop
      vertex -3.400000e+001 -2.000000e+001  1.100000e+001
      vertex  1.975000e+001 -1.700000e+001  1.100000e+001
      vertex -2.937500e+001 -1.808253e+001  1.100000e+001
    endloop
  endfacet
  facet normal  0.000000e+000  0.000000e+000  1.000000e+000
    outer loop
      vertex -3.400000e+001 -2.000000e+001  1.100000e+001
      vertex -2.937500e+001 -1.808253e+001  1.100000e+001
      vertex -2.978294e+001 -1.823101e+001  1.100000e+001
    endloop
  endfacet
  facet normal  0.000000e+000  0.000000e+000  1.000000e+000
    outer loop
      vertex -3.400000e+001 -2.000000e+001  1.100000e+001
      vertex -2.978294e+001 -1.823101e+001  1.100000e+001
      vertex -3.021706e+001 -1.823101e+001  1.100000e+001
    endloop
  endfacet
  facet normal  0.000000e+000  0.000000e+000  1.000000e+000
    outer loop
      vertex -3.400000e+001 -2.000000e+001  1.100000e+001
      vertex -3.021706e+001 -1.823101e+001  1.100000e+001
      vertex -3.062500e+001 -1.808253e+001  1.100000e+001
    endloop
  endfacet
  facet normal  0.000000e+000  0.000000e+000  1.000000e+000
    outer loop
      vertex -3.400000e+001 -2.000000e+001  1.100000e+001
      vertex -3.062500e+001 -1.808253e+001  1.100000e+001
      vertex -3.095756e+001 -1.780348e+001  1.100000e+001
    endloop
  endfacet
  facet normal  0.000000e+000  0.000000e+000  1.000000e+000
    outer loop
      vertex -3.400000e+001 -2.000000e+001  1.100000e+001
      vertex -3.095756e+001 -1.780348e+001  1.100000e+001
      vertex -3.117462e+001 -1.742752e+001  1.100000e+001
    endloop
  endfacet
  facet normal  0.000000e+000  0.000000e+000  1.000000e+000
    outer loop
      vertex -3.400000e+001 -2.000000e+001  1.100000e+001
      vertex -3.117462e+001 -1.742752e+001  1.100000e+001
      vertex -3.125000e+001 -1.700000e+001  1.100000e+001
    endloop
  endfacet
  facet normal  0.000000e+000  0.000000e+000  1.000000e+000
    outer loop
      vertex  3.400000e+001 -2.000000e+001  1.100000e+001
      vertex  2.225000e+001 -1.700000e+001  1.100000e+001
      vertex  2.217462e+001 -1.742752e+001  1.100000e+001
    endloop
  endfacet
  facet normal  0.000000e+000  0.000000e+000  1.000000e+000
    outer loop
      vertex  3.400000e+001 -2.000000e+001  1.100000e+001
      vertex  2.217462e+001 -1.742752e+001  1.100000e+001
      vertex  2.195756e+001 -1.780348e+001  1.100000e+001
    endloop
  endfacet
  facet normal  0.000000e+000  0.000000e+000  1.000000e+000
    outer loop
      vertex  3.400000e+001 -2.000000e+001  1.100000e+001
      vertex  2.195756e+001 -1.780348e+001  1.100000e+001
      vertex  2.162500e+001 -1.808253e+001  1.100000e+001
    endloop
  endfacet
  facet normal  0.000000e+000  0.000000e+000  1.000000e+000
    outer loop
      vertex  3.400000e+001 -2.000000e+001  1.100000e+001
      vertex  2.162500e+001 -1.808253e+001  1.100000e+001
      vertex  2.121706e+001 -1.823101e+001  1.100000e+001
    endloop
  endfacet
  facet normal  0.000000e+000  0.000000e+000  1.000000e+000
    outer loop
      vertex  3.400000e+001 -2.000000e+001  1.100000e+001
      vertex  2.121706e+001 -1.823101e+001  1.100000e+001
      vertex -3.400000e+001 -2.000000e+001  1.100000e+001
    endloop
  endfacet
  facet normal  0.000000e+000  -0.000000e+000  1.000000e+000
    outer loop
      vertex  2.225000e+001 -1.700000e+001  1.100000e+001
      vertex  3.400000e+001 -2.000000e+001  1.100000e+001
      vertex  3.506443e+001 -1.993387e+001  1.100000e+001
    endloop
  endfacet
  facet normal  0.000000e+000  -0.000000e+000  1.000000e+000
    outer loop
      vertex  2.225000e+001 -1.700000e+001  1.100000e+001
      vertex  3.506443e+001 -1.993387e+001  1.100000e+001
      vertex  3.611248e+001 -1.973651e+001  1.100000e+001
    endloop
  endfacet
  facet normal  0.000000e+000  -0.000000e+000  1.000000e+000
    outer loop
      vertex  2.225000e+001 -1.700000e+001  1.100000e+001
      vertex  3.611248e+001 -1.973651e+001  1.100000e+001
      vertex  3.712805e+001 -1.941095e+001  1.100000e+001
    endloop
  endfacet
  facet normal  0.000000e+000  -0.000000e+000  1.000000e+000
    outer loop
      vertex  2.225000e+001 -1.700000e+001  1.100000e+001
      vertex  3.712805e+001 -1.941095e+001  1.100000e+001
      vertex  3.809552e+001 -1.896219e+001  1.100000e+001
    endloop
  endfacet
  facet normal  0.000000e+000  -0.000000e+000  1.000000e+000
    outer loop
      vertex  2.225000e+001 -1.700000e+001  1.100000e+001
      vertex  3.809552e+001 -1.896219e+001  1.100000e+001
      vertex  3.900000e+001 -1.839714e+001  1.100000e+001
    endloop
  endfacet
  facet normal  7.071067e-001  1.636097e-005 -7.071068e-001
    outer loop
      vertex  2.862010e+001 -1.508822e+001  6.201010e-001
      vertex  3.552637e+001 -1.496238e+001  7.526376e+000
      vertex  3.600000e+001 -1.500000e+001  8.000000e+000
    endloop
  endfacet
  facet normal  7.071068e-001 -1.805196e-006 -7.071068e-001
    outer loop
      vertex  3.308233e+001 -1.944897e+001  5.082330e+000
      vertex  3.737008e+001 -1.931218e+001  9.370083e+000
      vertex  3.652022e+001 -1.962244e+001  8.520219e+000
    endloop
  endfacet
  facet normal  7.071067e-001 -4.490864e-006 -7.071069e-001
    outer loop
      vertex  3.378913e+001 -1.402782e+001  5.789127e+000
      vertex  3.403281e+001 -1.426498e+001  6.032807e+000
      vertex  2.819170e+001 -1.374082e+001  1.917012e-001
    endloop
  endfacet
  facet normal  7.071068e-001  7.097228e-007 -7.071068e-001
    outer loop
      vertex  3.300000e+001 -1.200000e+001  5.000000e+000
      vertex  3.303786e+001 -1.247508e+001  5.037857e+000
      vertex  2.800000e+001 -1.200000e+001 -8.262324e-016
    endloop
  endfacet
  facet normal  7.071069e-001  1.401845e-006 -7.071068e-001
    outer loop
      vertex  2.837857e+001  1.443184e+001  3.785729e-001
      vertex  3.431203e+001  1.448007e+001  6.312028e+000
      vertex  3.403281e+001  1.426498e+001  6.032807e+000
    endloop
  endfacet
  facet normal  7.071065e-001  1.728286e-005 -7.071070e-001
    outer loop
      vertex  3.565599e+001  1.983906e+001  7.655990e+000
      vertex  3.404231e+001  1.975677e+001  6.042307e+000
      vertex  3.501816e+001  1.993952e+001  7.018160e+000
    endloop
  endfacet
  facet normal  7.071068e-001  0.000000e+000 -7.071068e-001
    outer loop
      vertex  3.900000e+001 -1.500000e+001  1.100000e+001
      vertex  3.900000e+001 -1.839714e+001  1.100000e+001
      vertex  3.083647e+001 -1.811048e+001  2.836472e+000
    endloop
  endfacet
  facet normal  7.071068e-001 -4.590095e-008 -7.071068e-001
    outer loop
      vertex  3.900000e+001 -1.500000e+001  1.100000e+001
      vertex  3.083647e+001 -1.811048e+001  2.836472e+000
      vertex  3.016057e+001 -1.746819e+001  2.160575e+000
    endloop
  endfacet
  facet normal  7.071070e-001 -2.116440e-006 -7.071065e-001
    outer loop
      vertex  3.900000e+001 -1.500000e+001  1.100000e+001
      vertex  3.016057e+001 -1.746819e+001  2.160575e+000
      vertex  2.981168e+001 -1.706998e+001  1.811681e+000
    endloop
  endfacet
  facet normal  7.071065e-001  2.217131e-006 -7.071070e-001
    outer loop
      vertex  3.900000e+001 -1.500000e+001  1.100000e+001
      vertex  2.981168e+001 -1.706998e+001  1.811681e+000
      vertex  2.948258e+001 -1.663931e+001  1.482579e+000
    endloop
  endfacet
  facet normal  7.071069e-001 -2.392589e-006 -7.071066e-001
    outer loop
      vertex  3.900000e+001 -1.500000e+001  1.100000e+001
      vertex  2.948258e+001 -1.663931e+001  1.482579e+000
      vertex  2.918343e+001 -1.618740e+001  1.183427e+000
    endloop
  endfacet
  facet normal  7.071067e-001  1.664599e-006 -7.071068e-001
    outer loop
      vertex  3.900000e+001 -1.500000e+001  1.100000e+001
      vertex  2.918343e+001 -1.618740e+001  1.183427e+000
      vertex  2.890949e+001 -1.570468e+001  9.094909e-001
    endloop
  endfacet
  facet normal  7.071068e-001 -1.443298e-006 -7.071067e-001
    outer loop
      vertex  3.900000e+001 -1.500000e+001  1.100000e+001
      vertex  2.890949e+001 -1.570468e+001  9.094909e-001
      vertex  2.862010e+001 -1.508822e+001  6.201010e-001
    endloop
  endfacet
  facet normal  7.071068e-001  0.000000e+000 -7.071068e-001
    outer loop
      vertex  3.900000e+001 -1.500000e+001  1.100000e+001
      vertex  2.862010e+001 -1.508822e+001  6.201010e-001
      vertex  3.600000e+001 -1.500000e+001  8.000000e+000
    endloop
  endfacet
  facet normal  7.071068e-001 -1.155781e-006 -7.071068e-001
    outer loop
      vertex  2.837857e+001 -1.443184e+001  3.785729e-001
      vertex  2.819170e+001 -1.374082e+001  1.917012e-001
      vertex  3.403281e+001 -1.426498e+001  6.032807e+000
    endloop
  endfacet
  facet normal  7.071069e-001 -1.401845e-006 -7.071068e-001
    outer loop
      vertex  2.837857e+001 -1.443184e+001  3.785729e-001
      vertex  3.403281e+001 -1.426498e+001  6.032807e+000
      vertex  3.431203e+001 -1.448007e+001  6.312028e+000
    endloop
  endfacet
  facet normal  7.071068e-001 -1.721778e-006 -7.071068e-001
    outer loop
      vertex  2.837857e+001 -1.443184e+001  3.785729e-001
      vertex  3.431203e+001 -1.448007e+001  6.312028e+000
      vertex  3.460460e+001 -1.465572e+001  6.604597e+000
    endloop
  endfacet
  facet normal  7.071069e-001  6.136427e-006 -7.071066e-001
    outer loop
      vertex  2.837857e+001 -1.443184e+001  3.785729e-001
      vertex  3.460460e+001 -1.465572e+001  6.604597e+000
      vertex  3.505889e+001 -1.484856e+001  7.058888e+000
    endloop
  endfacet
  facet normal  7.071066e-001 -3.875507e-006 -7.071069e-001
    outer loop
      vertex  2.837857e+001 -1.443184e+001  3.785729e-001
      vertex  3.505889e+001 -1.484856e+001  7.058888e+000
      vertex  3.552637e+001 -1.496238e+001  7.526376e+000
    endloop
  endfacet
  facet normal  7.071068e-001  1.773238e-006 -7.071066e-001
    outer loop
      vertex  2.837857e+001 -1.443184e+001  3.785729e-001
      vertex  3.552637e+001 -1.496238e+001  7.526376e+000
      vertex  2.862010e+001 -1.508822e+001  6.201010e-001
    endloop
  endfacet
  facet normal  7.071068e-001 -1.019231e-005 -7.071068e-001
    outer loop
      vertex  2.862010e+001  1.508822e+001  6.201010e-001
      vertex  3.900000e+001  1.500000e+001  1.100000e+001
      vertex  3.600000e+001  1.500000e+001  8.000000e+000
    endloop
  endfacet
  facet normal  7.071068e-001 -1.636097e-005 -7.071068e-001
    outer loop
      vertex  2.862010e+001  1.508822e+001  6.201010e-001
      vertex  3.600000e+001  1.500000e+001  8.000000e+000
      vertex  3.552637e+001  1.496238e+001  7.526376e+000
    endloop
  endfacet
  facet normal  7.071068e-001  1.995429e-006 -7.071066e-001
    outer loop
      vertex  2.862010e+001  1.508822e+001  6.201010e-001
      vertex  3.552637e+001  1.496238e+001  7.526376e+000
      vertex  3.505889e+001  1.484856e+001  7.058888e+000
    endloop
  endfacet
  facet normal  7.071068e-001 -5.118020e-006 -7.071068e-001
    outer loop
      vertex  2.862010e+001  1.508822e+001  6.201010e-001
      vertex  3.505889e+001  1.484856e+001  7.058888e+000
      vertex  3.460460e+001  1.465572e+001  6.604597e+000
    endloop
  endfacet
  facet normal  7.071071e-001  1.216757e-006 -7.071065e-001
    outer loop
      vertex  2.862010e+001  1.508822e+001  6.201010e-001
      vertex  3.460460e+001  1.465572e+001  6.604597e+000
      vertex  3.431203e+001  1.448007e+001  6.312028e+000
    endloop
  endfacet
  facet normal  7.071068e-001 -1.389361e-006 -7.071068e-001
    outer loop
      vertex  2.862010e+001  1.508822e+001  6.201010e-001
      vertex  3.431203e+001  1.448007e+001  6.312028e+000
      vertex  2.837857e+001  1.443184e+001  3.785729e-001
    endloop
  endfacet
  facet normal  7.071068e-001  0.000000e+000 -7.071068e-001
    outer loop
      vertex  3.900000e+001  1.839714e+001  1.100000e+001
      vertex  3.900000e+001  1.500000e+001  1.100000e+001
      vertex  2.862010e+001  1.508822e+001  6.201010e-001
    endloop
  endfacet
  facet normal  7.071065e-001  1.735046e-006 -7.071070e-001
    outer loop
      vertex  3.900000e+001  1.839714e+001  1.100000e+001
      vertex  2.862010e+001  1.508822e+001  6.201010e-001
      vertex  2.890949e+001  1.570468e+001  9.094909e-001
    endloop
  endfacet
  facet normal  7.071071e-001 -2.039379e-006 -7.071065e-001
    outer loop
      vertex  3.900000e+001  1.839714e+001  1.100000e+001
      vertex  2.890949e+001  1.570468e+001  9.094909e-001
      vertex  2.918343e+001  1.618740e+001  1.183427e+000
    endloop
  endfacet
  facet normal  7.071065e-001  3.036662e-006 -7.071071e-001
    outer loop
      vertex  3.900000e+001  1.839714e+001  1.100000e+001
      vertex  2.918343e+001  1.618740e+001  1.183427e+000
      vertex  2.948258e+001  1.663931e+001  1.482579e+000
    endloop
  endfacet
  facet normal  7.071070e-001 -2.921260e-006 -7.071065e-001
    outer loop
      vertex  3.900000e+001  1.839714e+001  1.100000e+001
      vertex  2.948258e+001  1.663931e+001  1.482579e+000
      vertex  2.981168e+001  1.706998e+001  1.811681e+000
    endloop
  endfacet
  facet normal  7.071066e-001  2.848609e-006 -7.071069e-001
    outer loop
      vertex  3.900000e+001  1.839714e+001  1.100000e+001
      vertex  2.981168e+001  1.706998e+001  1.811681e+000
      vertex  3.016057e+001  1.746819e+001  2.160575e+000
    endloop
  endfacet
  facet normal  7.071067e-001  1.335456e-007 -7.071068e-001
    outer loop
      vertex  3.900000e+001  1.839714e+001  1.100000e+001
      vertex  3.016057e+001  1.746819e+001  2.160575e+000
      vertex  3.083647e+001  1.811048e+001  2.836472e+000
    endloop
  endfacet
  facet normal  7.071068e-001  4.801991e-007 -7.071069e-001
    outer loop
      vertex  3.900000e+001  1.839714e+001  1.100000e+001
      vertex  3.083647e+001  1.811048e+001  2.836472e+000
      vertex  3.155550e+001  1.865180e+001  3.555499e+000
    endloop
  endfacet
  facet normal  7.071066e-001  1.925380e-007 -7.071068e-001
    outer loop
      vertex  3.900000e+001  1.839714e+001  1.100000e+001
      vertex  3.155550e+001  1.865180e+001  3.555499e+000
      vertex  3.230693e+001  1.909656e+001  4.306928e+000
    endloop
  endfacet
  facet normal  7.071068e-001  1.899815e-006 -7.071067e-001
    outer loop
      vertex  3.900000e+001  1.839714e+001  1.100000e+001
      vertex  3.230693e+001  1.909656e+001  4.306928e+000
      vertex  3.819925e+001  1.890509e+001  1.019925e+001
    endloop
  endfacet
  facet normal  7.071065e-001 -1.728286e-005 -7.071070e-001
    outer loop
      vertex  3.501816e+001 -1.993952e+001  7.018160e+000
      vertex  3.404231e+001 -1.975677e+001  6.042307e+000
      vertex  3.565599e+001 -1.983906e+001  7.655990e+000
    endloop
  endfacet
  facet normal  7.071072e-001  9.686950e-006 -7.071063e-001
    outer loop
      vertex  3.565599e+001 -1.983906e+001  7.655990e+000
      vertex  3.404231e+001 -1.975677e+001  6.042307e+000
      vertex  3.308233e+001 -1.944897e+001  5.082330e+000
    endloop
  endfacet
  facet normal  7.071069e-001  5.276437e-006 -7.071066e-001
    outer loop
      vertex  3.565599e+001 -1.983906e+001  7.655990e+000
      vertex  3.308233e+001 -1.944897e+001  5.082330e+000
      vertex  3.652022e+001 -1.962244e+001  8.520219e+000
    endloop
  endfacet
  facet normal  7.071068e-001  0.000000e+000 -7.071068e-001
    outer loop
      vertex  3.155550e+001 -1.865180e+001  3.555499e+000
      vertex  3.819925e+001 -1.890509e+001  1.019925e+001
      vertex  3.230693e+001 -1.909656e+001  4.306928e+000
    endloop
  endfacet
  facet normal  7.071068e-001  1.204231e-006 -7.071068e-001
    outer loop
      vertex  3.230693e+001 -1.909656e+001  4.306928e+000
      vertex  3.819925e+001 -1.890509e+001  1.019925e+001
      vertex  3.737008e+001 -1.931218e+001  9.370083e+000
    endloop
  endfacet
  facet normal  7.071066e-001  0.000000e+000 -7.071068e-001
    outer loop
      vertex  3.230693e+001 -1.909656e+001  4.306928e+000
      vertex  3.737008e+001 -1.931218e+001  9.370083e+000
      vertex  3.308233e+001 -1.944897e+001  5.082330e+000
    endloop
  endfacet
  facet normal  7.071067e-001 -1.155721e-006 -7.071068e-001
    outer loop
      vertex  3.900000e+001 -1.839714e+001  1.100000e+001
      vertex  3.819925e+001 -1.890509e+001  1.019925e+001
      vertex  3.083647e+001 -1.811048e+001  2.836472e+000
    endloop
  endfacet
  facet normal  7.071067e-001 -2.962654e-007 -7.071068e-001
    outer loop
      vertex  3.083647e+001 -1.811048e+001  2.836472e+000
      vertex  3.819925e+001 -1.890509e+001  1.019925e+001
      vertex  3.155550e+001 -1.865180e+001  3.555499e+000
    endloop
  endfacet
  facet normal  7.071067e-001 -2.751297e-006 -7.071068e-001
    outer loop
      vertex  3.378913e+001 -1.402782e+001  5.789127e+000
      vertex  2.819170e+001 -1.374082e+001  1.917012e-001
      vertex  3.356592e+001 -1.375364e+001  5.565920e+000
    endloop
  endfacet
  facet normal  7.071068e-001  8.757324e-007 -7.071068e-001
    outer loop
      vertex  3.356592e+001 -1.375364e+001  5.565920e+000
      vertex  2.819170e+001 -1.374082e+001  1.917012e-001
      vertex  2.804863e+001 -1.288078e+001  4.863383e-002
    endloop
  endfacet
  facet normal  7.071069e-001  3.504821e-006 -7.071066e-001
    outer loop
      vertex  3.356592e+001 -1.375364e+001  5.565920e+000
      vertex  2.804863e+001 -1.288078e+001  4.863383e-002
      vertex  3.332983e+001 -1.336756e+001  5.329834e+000
    endloop
  endfacet
  facet normal  7.071066e-001 -2.414848e-006 -7.071069e-001
    outer loop
      vertex  3.332983e+001 -1.336756e+001  5.329834e+000
      vertex  2.804863e+001 -1.288078e+001  4.863383e-002
      vertex  3.314704e+001 -1.292770e+001  5.147040e+000
    endloop
  endfacet
  facet normal  7.071067e-001 -3.004932e-007 -7.071069e-001
    outer loop
      vertex  3.314704e+001 -1.292770e+001  5.147040e+000
      vertex  2.804863e+001 -1.288078e+001  4.863383e-002
      vertex  2.800000e+001 -1.200000e+001 -8.262324e-016
    endloop
  endfacet
  facet normal  7.071068e-001  6.052452e-007 -7.071068e-001
    outer loop
      vertex  3.314704e+001 -1.292770e+001  5.147040e+000
      vertex  2.800000e+001 -1.200000e+001 -8.262324e-016
      vertex  3.303786e+001 -1.247508e+001  5.037857e+000
    endloop
  endfacet
  facet normal  7.071066e-001 -6.955812e-007 -7.071069e-001
    outer loop
      vertex  3.314704e+001  1.292770e+001  5.147040e+000
      vertex  3.303786e+001  1.247508e+001  5.037857e+000
      vertex  2.804863e+001  1.288078e+001  4.863383e-002
    endloop
  endfacet
  facet normal  7.071068e-001 -1.130683e-006 -7.071068e-001
    outer loop
      vertex  2.804863e+001  1.288078e+001  4.863383e-002
      vertex  3.303786e+001  1.247508e+001  5.037857e+000
      vertex  3.300000e+001  1.200000e+001  5.000000e+000
    endloop
  endfacet
  facet normal  7.071068e-001  3.062517e-007 -7.071068e-001
    outer loop
      vertex  2.804863e+001  1.288078e+001  4.863383e-002
      vertex  3.300000e+001  1.200000e+001  5.000000e+000
      vertex  2.800000e+001  1.200000e+001 -8.262324e-016
    endloop
  endfacet
  facet normal  7.071068e-001  0.000000e+000 -7.071068e-001
    outer loop
      vertex  2.800000e+001  1.200000e+001 -8.262324e-016
      vertex  3.300000e+001  1.200000e+001  5.000000e+000
      vertex  3.300000e+001  0.000000e+000  5.000000e+000
    endloop
  endfacet
  facet normal  7.071068e-001  0.000000e+000 -7.071068e-001
    outer loop
      vertex  2.800000e+001  1.200000e+001 -8.262324e-016
      vertex  3.300000e+001  0.000000e+000  5.000000e+000
      vertex  2.800000e+001 -1.776357e-015 -8.262324e-016
    endloop
  endfacet
  facet normal  7.071068e-001  0.000000e+000 -7.071068e-001
    outer loop
      vertex  2.800000e+001 -1.776357e-015 -8.262324e-016
      vertex  3.300000e+001  0.000000e+000  5.000000e+000
      vertex  3.300000e+001 -1.200000e+001  5.000000e+000
    endloop
  endfacet
  facet normal  7.071068e-001  0.000000e+000 -7.071068e-001
    outer loop
      vertex  2.800000e+001 -1.776357e-015 -8.262324e-016
      vertex  3.300000e+001 -1.200000e+001  5.000000e+000
      vertex  2.800000e+001 -1.200000e+001 -8.262324e-016
    endloop
  endfacet
  facet normal  7.071067e-001 -3.417523e-006 -7.071069e-001
    outer loop
      vertex  3.356592e+001  1.375364e+001  5.565920e+000
      vertex  3.332983e+001  1.336756e+001  5.329834e+000
      vertex  2.819170e+001  1.374082e+001  1.917012e-001
    endloop
  endfacet
  facet normal  7.071069e-001  2.317062e-006 -7.071066e-001
    outer loop
      vertex  2.819170e+001  1.374082e+001  1.917012e-001
      vertex  3.332983e+001  1.336756e+001  5.329834e+000
      vertex  3.314704e+001  1.292770e+001  5.147040e+000
    endloop
  endfacet
  facet normal  7.071067e-001 -9.241560e-007 -7.071069e-001
    outer loop
      vertex  2.819170e+001  1.374082e+001  1.917012e-001
      vertex  3.314704e+001  1.292770e+001  5.147040e+000
      vertex  2.804863e+001  1.288078e+001  4.863383e-002
    endloop
  endfacet
  facet normal  7.071069e-001  4.087605e-006 -7.071067e-001
    outer loop
      vertex  3.403281e+001  1.426498e+001  6.032807e+000
      vertex  3.378913e+001  1.402782e+001  5.789127e+000
      vertex  2.837857e+001  1.443184e+001  3.785729e-001
    endloop
  endfacet
  facet normal  7.071068e-001  2.571207e-006 -7.071068e-001
    outer loop
      vertex  2.837857e+001  1.443184e+001  3.785729e-001
      vertex  3.378913e+001  1.402782e+001  5.789127e+000
      vertex  3.356592e+001  1.375364e+001  5.565920e+000
    endloop
  endfacet
  facet normal  7.071067e-001  1.090218e-006 -7.071068e-001
    outer loop
      vertex  2.837857e+001  1.443184e+001  3.785729e-001
      vertex  3.356592e+001  1.375364e+001  5.565920e+000
      vertex  2.819170e+001  1.374082e+001  1.917012e-001
    endloop
  endfacet
  facet normal  7.071071e-001 -3.606808e-006 -7.071065e-001
    outer loop
      vertex  3.565599e+001  1.983906e+001  7.655990e+000
      vertex  3.652022e+001  1.962244e+001  8.520219e+000
      vertex  3.404231e+001  1.975677e+001  6.042307e+000
    endloop
  endfacet
  facet normal  7.071073e-001  5.150523e-006 -7.071062e-001
    outer loop
      vertex  3.404231e+001  1.975677e+001  6.042307e+000
      vertex  3.652022e+001  1.962244e+001  8.520219e+000
      vertex  3.737008e+001  1.931218e+001  9.370083e+000
    endloop
  endfacet
  facet normal  7.071065e-001 -5.111985e-006 -7.071069e-001
    outer loop
      vertex  3.404231e+001  1.975677e+001  6.042307e+000
      vertex  3.737008e+001  1.931218e+001  9.370083e+000
      vertex  3.308233e+001  1.944897e+001  5.082330e+000
    endloop
  endfacet
  facet normal  7.071066e-001 -2.479118e-006 -7.071069e-001
    outer loop
      vertex  3.308233e+001  1.944897e+001  5.082330e+000
      vertex  3.737008e+001  1.931218e+001  9.370083e+000
      vertex  3.819925e+001  1.890509e+001  1.019925e+001
    endloop
  endfacet
  facet normal  7.071068e-001  0.000000e+000 -7.071068e-001
    outer loop
      vertex  3.308233e+001  1.944897e+001  5.082330e+000
      vertex  3.819925e+001  1.890509e+001  1.019925e+001
      vertex  3.230693e+001  1.909656e+001  4.306928e+000
    endloop
  endfacet
  facet normal -7.071067e-001  1.636097e-005 -7.071068e-001
    outer loop
      vertex -3.600000e+001 -1.500000e+001  8.000000e+000
      vertex -3.552637e+001 -1.496238e+001  7.526376e+000
      vertex -2.862010e+001 -1.508822e+001  6.201010e-001
    endloop
  endfacet
  facet normal -7.071068e-001 -1.805196e-006 -7.071068e-001
    outer loop
      vertex -3.652022e+001 -1.962244e+001  8.520219e+000
      vertex -3.737008e+001 -1.931218e+001  9.370083e+000
      vertex -3.308233e+001 -1.944897e+001  5.082330e+000
    endloop
  endfacet
  facet normal -7.071067e-001 -4.490864e-006 -7.071069e-001
    outer loop
      vertex -2.819170e+001 -1.374082e+001  1.917012e-001
      vertex -3.403281e+001 -1.426498e+001  6.032807e+000
      vertex -3.378913e+001 -1.402782e+001  5.789127e+000
    endloop
  endfacet
  facet normal -7.071068e-001  7.097228e-007 -7.071068e-001
    outer loop
      vertex -2.800000e+001 -1.200000e+001 -3.552714e-015
      vertex -3.303786e+001 -1.247508e+001  5.037857e+000
      vertex -3.300000e+001 -1.200000e+001  5.000000e+000
    endloop
  endfacet
  facet normal -7.071069e-001  1.401845e-006 -7.071068e-001
    outer loop
      vertex -3.403281e+001  1.426498e+001  6.032807e+000
      vertex -3.431203e+001  1.448007e+001  6.312028e+000
      vertex -2.837857e+001  1.443184e+001  3.785729e-001
    endloop
  endfacet
  facet normal -7.071065e-001  1.728286e-005 -7.071070e-001
    outer loop
      vertex -3.501816e+001  1.993952e+001  7.018160e+000
      vertex -3.404231e+001  1.975677e+001  6.042307e+000
      vertex -3.565599e+001  1.983906e+001  7.655990e+000
    endloop
  endfacet
  facet normal -7.071068e-001  1.019231e-005 -7.071068e-001
    outer loop
      vertex -3.900000e+001 -1.500000e+001  1.100000e+001
      vertex -3.600000e+001 -1.500000e+001  8.000000e+000
      vertex -2.862010e+001 -1.508822e+001  6.201010e-001
    endloop
  endfacet
  facet normal -7.071068e-001 -1.469540e-006 -7.071067e-001
    outer loop
      vertex -3.900000e+001 -1.500000e+001  1.100000e+001
      vertex -2.862010e+001 -1.508822e+001  6.201010e-001
      vertex -2.890949e+001 -1.570468e+001  9.094909e-001
    endloop
  endfacet
  facet normal -7.071067e-001  1.664599e-006 -7.071068e-001
    outer loop
      vertex -3.900000e+001 -1.500000e+001  1.100000e+001
      vertex -2.890949e+001 -1.570468e+001  9.094909e-001
      vertex -2.918343e+001 -1.618740e+001  1.183427e+000
    endloop
  endfacet
  facet normal -7.071070e-001 -2.392589e-006 -7.071066e-001
    outer loop
      vertex -3.900000e+001 -1.500000e+001  1.100000e+001
      vertex -2.918343e+001 -1.618740e+001  1.183427e+000
      vertex -2.948258e+001 -1.663931e+001  1.482579e+000
    endloop
  endfacet
  facet normal -7.071065e-001  2.217131e-006 -7.071070e-001
    outer loop
      vertex -3.900000e+001 -1.500000e+001  1.100000e+001
      vertex -2.948258e+001 -1.663931e+001  1.482579e+000
      vertex -2.981168e+001 -1.706998e+001  1.811681e+000
    endloop
  endfacet
  facet normal -7.071070e-001 -2.077959e-006 -7.071064e-001
    outer loop
      vertex -3.900000e+001 -1.500000e+001  1.100000e+001
      vertex -2.981168e+001 -1.706998e+001  1.811681e+000
      vertex -3.016057e+001 -1.746819e+001  2.160575e+000
    endloop
  endfacet
  facet normal -7.071067e-001 -9.180191e-008 -7.071068e-001
    outer loop
      vertex -3.900000e+001 -1.500000e+001  1.100000e+001
      vertex -3.016057e+001 -1.746819e+001  2.160575e+000
      vertex -3.083647e+001 -1.811048e+001  2.836472e+000
    endloop
  endfacet
  facet normal -7.071068e-001  0.000000e+000 -7.071068e-001
    outer loop
      vertex -3.900000e+001 -1.500000e+001  1.100000e+001
      vertex -3.083647e+001 -1.811048e+001  2.836472e+000
      vertex -3.900000e+001 -1.839714e+001  1.100000e+001
    endloop
  endfacet
  facet normal -7.071068e-001  1.570055e-006 -7.071068e-001
    outer loop
      vertex -2.837857e+001 -1.443184e+001  3.785729e-001
      vertex -2.862010e+001 -1.508822e+001  6.201010e-001
      vertex -3.552637e+001 -1.496238e+001  7.526376e+000
    endloop
  endfacet
  facet normal -7.071066e-001 -4.173622e-006 -7.071069e-001
    outer loop
      vertex -2.837857e+001 -1.443184e+001  3.785729e-001
      vertex -3.552637e+001 -1.496238e+001  7.526376e+000
      vertex -3.505889e+001 -1.484856e+001  7.058888e+000
    endloop
  endfacet
  facet normal -7.071069e-001  6.136427e-006 -7.071066e-001
    outer loop
      vertex -2.837857e+001 -1.443184e+001  3.785729e-001
      vertex -3.505889e+001 -1.484856e+001  7.058888e+000
      vertex -3.460460e+001 -1.465572e+001  6.604597e+000
    endloop
  endfacet
  facet normal -7.071068e-001 -1.721778e-006 -7.071067e-001
    outer loop
      vertex -2.837857e+001 -1.443184e+001  3.785729e-001
      vertex -3.460460e+001 -1.465572e+001  6.604597e+000
      vertex -3.431203e+001 -1.448007e+001  6.312028e+000
    endloop
  endfacet
  facet normal -7.071069e-001 -1.401845e-006 -7.071068e-001
    outer loop
      vertex -2.837857e+001 -1.443184e+001  3.785729e-001
      vertex -3.431203e+001 -1.448007e+001  6.312028e+000
      vertex -3.403281e+001 -1.426498e+001  6.032807e+000
    endloop
  endfacet
  facet normal -7.071068e-001 -6.849070e-007 -7.071068e-001
    outer loop
      vertex -2.837857e+001 -1.443184e+001  3.785729e-001
      vertex -3.403281e+001 -1.426498e+001  6.032807e+000
      vertex -2.819170e+001 -1.374082e+001  1.917012e-001
    endloop
  endfacet
  facet normal -7.071068e-001 -1.541322e-006 -7.071067e-001
    outer loop
      vertex -2.862010e+001  1.508822e+001  6.201010e-001
      vertex -2.837857e+001  1.443184e+001  3.785729e-001
      vertex -3.431203e+001  1.448007e+001  6.312028e+000
    endloop
  endfacet
  facet normal -7.071069e-001  1.216757e-006 -7.071065e-001
    outer loop
      vertex -2.862010e+001  1.508822e+001  6.201010e-001
      vertex -3.431203e+001  1.448007e+001  6.312028e+000
      vertex -3.460460e+001  1.465572e+001  6.604597e+000
    endloop
  endfacet
  facet normal -7.071068e-001 -5.118020e-006 -7.071068e-001
    outer loop
      vertex -2.862010e+001  1.508822e+001  6.201010e-001
      vertex -3.460460e+001  1.465572e+001  6.604597e+000
      vertex -3.505889e+001  1.484856e+001  7.058888e+000
    endloop
  endfacet
  facet normal -7.071069e-001  2.194972e-006 -7.071066e-001
    outer loop
      vertex -2.862010e+001  1.508822e+001  6.201010e-001
      vertex -3.505889e+001  1.484856e+001  7.058888e+000
      vertex -3.552637e+001  1.496238e+001  7.526376e+000
    endloop
  endfacet
  facet normal -7.071067e-001 -1.636097e-005 -7.071068e-001
    outer loop
      vertex -2.862010e+001  1.508822e+001  6.201010e-001
      vertex -3.552637e+001  1.496238e+001  7.526376e+000
      vertex -3.600000e+001  1.500000e+001  8.000000e+000
    endloop
  endfacet
  facet normal -7.071068e-001 -1.019231e-005 -7.071068e-001
    outer loop
      vertex -2.862010e+001  1.508822e+001  6.201010e-001
      vertex -3.600000e+001  1.500000e+001  8.000000e+000
      vertex -3.900000e+001  1.500000e+001  1.100000e+001
    endloop
  endfacet
  facet normal -7.071068e-001  1.306123e-006 -7.071068e-001
    outer loop
      vertex -3.900000e+001  1.839714e+001  1.100000e+001
      vertex -3.819925e+001  1.890509e+001  1.019925e+001
      vertex -3.230693e+001  1.909656e+001  4.306928e+000
    endloop
  endfacet
  facet normal -7.071066e-001  9.626901e-008 -7.071068e-001
    outer loop
      vertex -3.900000e+001  1.839714e+001  1.100000e+001
      vertex -3.230693e+001  1.909656e+001  4.306928e+000
      vertex -3.155550e+001  1.865180e+001  3.555499e+000
    endloop
  endfacet
  facet normal -7.071067e-001  4.801990e-007 -7.071068e-001
    outer loop
      vertex -3.900000e+001  1.839714e+001  1.100000e+001
      vertex -3.155550e+001  1.865180e+001  3.555499e+000
      vertex -3.083647e+001  1.811048e+001  2.836472e+000
    endloop
  endfacet
  facet normal -7.071068e-001  6.677280e-008 -7.071068e-001
    outer loop
      vertex -3.900000e+001  1.839714e+001  1.100000e+001
      vertex -3.083647e+001  1.811048e+001  2.836472e+000
      vertex -3.016057e+001  1.746819e+001  2.160575e+000
    endloop
  endfacet
  facet normal -7.071066e-001  2.901361e-006 -7.071070e-001
    outer loop
      vertex -3.900000e+001  1.839714e+001  1.100000e+001
      vertex -3.016057e+001  1.746819e+001  2.160575e+000
      vertex -2.981168e+001  1.706998e+001  1.811681e+000
    endloop
  endfacet
  facet normal -7.071070e-001 -2.921259e-006 -7.071065e-001
    outer loop
      vertex -3.900000e+001  1.839714e+001  1.100000e+001
      vertex -2.981168e+001  1.706998e+001  1.811681e+000
      vertex -2.948258e+001  1.663931e+001  1.482579e+000
    endloop
  endfacet
  facet normal -7.071065e-001  3.036662e-006 -7.071071e-001
    outer loop
      vertex -3.900000e+001  1.839714e+001  1.100000e+001
      vertex -2.948258e+001  1.663931e+001  1.482579e+000
      vertex -2.918343e+001  1.618740e+001  1.183427e+000
    endloop
  endfacet
  facet normal -7.071071e-001 -2.039379e-006 -7.071066e-001
    outer loop
      vertex -3.900000e+001  1.839714e+001  1.100000e+001
      vertex -2.918343e+001  1.618740e+001  1.183427e+000
      vertex -2.890949e+001  1.570468e+001  9.094909e-001
    endloop
  endfacet
  facet normal -7.071065e-001  1.704063e-006 -7.071069e-001
    outer loop
      vertex -3.900000e+001  1.839714e+001  1.100000e+001
      vertex -2.890949e+001  1.570468e+001  9.094909e-001
      vertex -2.862010e+001  1.508822e+001  6.201010e-001
    endloop
  endfacet
  facet normal -7.071068e-001  0.000000e+000 -7.071068e-001
    outer loop
      vertex -3.900000e+001  1.839714e+001  1.100000e+001
      vertex -2.862010e+001  1.508822e+001  6.201010e-001
      vertex -3.900000e+001  1.500000e+001  1.100000e+001
    endloop
  endfacet
  facet normal -7.071069e-001  5.276437e-006 -7.071066e-001
    outer loop
      vertex -3.652022e+001 -1.962244e+001  8.520219e+000
      vertex -3.308233e+001 -1.944897e+001  5.082330e+000
      vertex -3.565599e+001 -1.983906e+001  7.655990e+000
    endloop
  endfacet
  facet normal -7.071072e-001  9.686950e-006 -7.071063e-001
    outer loop
      vertex -3.565599e+001 -1.983906e+001  7.655990e+000
      vertex -3.308233e+001 -1.944897e+001  5.082330e+000
      vertex -3.404231e+001 -1.975677e+001  6.042307e+000
    endloop
  endfacet
  facet normal -7.071065e-001 -1.728286e-005 -7.071070e-001
    outer loop
      vertex -3.565599e+001 -1.983906e+001  7.655990e+000
      vertex -3.404231e+001 -1.975677e+001  6.042307e+000
      vertex -3.501816e+001 -1.993952e+001  7.018160e+000
    endloop
  endfacet
  facet normal -7.071066e-001  0.000000e+000 -7.071068e-001
    outer loop
      vertex -3.308233e+001 -1.944897e+001  5.082330e+000
      vertex -3.737008e+001 -1.931218e+001  9.370083e+000
      vertex -3.230693e+001 -1.909656e+001  4.306928e+000
    endloop
  endfacet
  facet normal -7.071068e-001  1.204231e-006 -7.071068e-001
    outer loop
      vertex -3.230693e+001 -1.909656e+001  4.306928e+000
      vertex -3.737008e+001 -1.931218e+001  9.370083e+000
      vertex -3.819925e+001 -1.890509e+001  1.019925e+001
    endloop
  endfacet
  facet normal -7.071068e-001  0.000000e+000 -7.071068e-001
    outer loop
      vertex -3.230693e+001 -1.909656e+001  4.306928e+000
      vertex -3.819925e+001 -1.890509e+001  1.019925e+001
      vertex -3.155550e+001 -1.865180e+001  3.555499e+000
    endloop
  endfacet
  facet normal -7.071067e-001 -6.163844e-007 -7.071068e-001
    outer loop
      vertex -3.900000e+001 -1.839714e+001  1.100000e+001
      vertex -3.083647e+001 -1.811048e+001  2.836472e+000
      vertex -3.819925e+001 -1.890509e+001  1.019925e+001
    endloop
  endfacet
  facet normal -7.071068e-001  0.000000e+000 -7.071068e-001
    outer loop
      vertex -3.819925e+001 -1.890509e+001  1.019925e+001
      vertex -3.083647e+001 -1.811048e+001  2.836472e+000
      vertex -3.155550e+001 -1.865180e+001  3.555499e+000
    endloop
  endfacet
  facet normal -7.071069e-001  3.504821e-006 -7.071066e-001
    outer loop
      vertex -3.332983e+001 -1.336756e+001  5.329834e+000
      vertex -2.804863e+001 -1.288078e+001  4.863383e-002
      vertex -3.356592e+001 -1.375364e+001  5.565920e+000
    endloop
  endfacet
  facet normal -7.071068e-001  8.757324e-007 -7.071068e-001
    outer loop
      vertex -3.356592e+001 -1.375364e+001  5.565920e+000
      vertex -2.804863e+001 -1.288078e+001  4.863383e-002
      vertex -2.819170e+001 -1.374082e+001  1.917012e-001
    endloop
  endfacet
  facet normal -7.071067e-001 -2.751297e-006 -7.071068e-001
    outer loop
      vertex -3.356592e+001 -1.375364e+001  5.565920e+000
      vertex -2.819170e+001 -1.374082e+001  1.917012e-001
      vertex -3.378913e+001 -1.402782e+001  5.789127e+000
    endloop
  endfacet
  facet normal -7.071068e-001  6.052452e-007 -7.071068e-001
    outer loop
      vertex -3.303786e+001 -1.247508e+001  5.037857e+000
      vertex -2.800000e+001 -1.200000e+001 -3.552714e-015
      vertex -3.314704e+001 -1.292770e+001  5.147040e+000
    endloop
  endfacet
  facet normal -7.071067e-001 -3.004932e-007 -7.071069e-001
    outer loop
      vertex -3.314704e+001 -1.292770e+001  5.147040e+000
      vertex -2.800000e+001 -1.200000e+001 -3.552714e-015
      vertex -2.804863e+001 -1.288078e+001  4.863383e-002
    endloop
  endfacet
  facet normal -7.071066e-001 -2.414848e-006 -7.071069e-001
    outer loop
      vertex -3.314704e+001 -1.292770e+001  5.147040e+000
      vertex -2.804863e+001 -1.288078e+001  4.863383e-002
      vertex -3.332983e+001 -1.336756e+001  5.329834e+000
    endloop
  endfacet
  facet normal -7.071068e-001  0.000000e+000 -7.071068e-001
    outer loop
      vertex -2.800000e+001 -1.200000e+001 -3.552714e-015
      vertex -3.300000e+001 -1.200000e+001  5.000000e+000
      vertex -2.800000e+001  0.000000e+000 -3.552714e-015
    endloop
  endfacet
  facet normal -7.071068e-001  0.000000e+000 -7.071068e-001
    outer loop
      vertex -2.800000e+001  0.000000e+000 -3.552714e-015
      vertex -3.300000e+001 -1.200000e+001  5.000000e+000
      vertex -3.300000e+001  0.000000e+000  5.000000e+000
    endloop
  endfacet
  facet normal -7.071068e-001  0.000000e+000 -7.071068e-001
    outer loop
      vertex -2.800000e+001  0.000000e+000 -3.552714e-015
      vertex -3.300000e+001  0.000000e+000  5.000000e+000
      vertex -2.800000e+001  1.200000e+001 -8.262324e-016
    endloop
  endfacet
  facet normal -7.071068e-001  0.000000e+000 -7.071068e-001
    outer loop
      vertex -2.800000e+001  1.200000e+001 -8.262324e-016
      vertex -3.300000e+001  0.000000e+000  5.000000e+000
      vertex -3.300000e+001  1.200000e+001  5.000000e+000
    endloop
  endfacet
  facet normal -7.071068e-001  3.062517e-007 -7.071068e-001
    outer loop
      vertex -2.800000e+001  1.200000e+001 -8.262324e-016
      vertex -3.300000e+001  1.200000e+001  5.000000e+000
      vertex -2.804863e+001  1.288078e+001  4.863383e-002
    endloop
  endfacet
  facet normal -7.071068e-001 -1.130683e-006 -7.071068e-001
    outer loop
      vertex -2.804863e+001  1.288078e+001  4.863383e-002
      vertex -3.300000e+001  1.200000e+001  5.000000e+000
      vertex -3.303786e+001  1.247508e+001  5.037857e+000
    endloop
  endfacet
  facet normal -7.071066e-001 -6.955812e-007 -7.071069e-001
    outer loop
      vertex -2.804863e+001  1.288078e+001  4.863383e-002
      vertex -3.303786e+001  1.247508e+001  5.037857e+000
      vertex -3.314704e+001  1.292770e+001  5.147040e+000
    endloop
  endfacet
  facet normal -7.071067e-001 -9.241560e-007 -7.071069e-001
    outer loop
      vertex -2.804863e+001  1.288078e+001  4.863383e-002
      vertex -3.314704e+001  1.292770e+001  5.147040e+000
      vertex -2.819170e+001  1.374082e+001  1.917012e-001
    endloop
  endfacet
  facet normal -7.071069e-001  2.317062e-006 -7.071066e-001
    outer loop
      vertex -2.819170e+001  1.374082e+001  1.917012e-001
      vertex -3.314704e+001  1.292770e+001  5.147040e+000
      vertex -3.332983e+001  1.336756e+001  5.329834e+000
    endloop
  endfacet
  facet normal -7.071067e-001 -3.417523e-006 -7.071069e-001
    outer loop
      vertex -2.819170e+001  1.374082e+001  1.917012e-001
      vertex -3.332983e+001  1.336756e+001  5.329834e+000
      vertex -3.356592e+001  1.375364e+001  5.565920e+000
    endloop
  endfacet
  facet normal -7.071067e-001  1.090218e-006 -7.071068e-001
    outer loop
      vertex -2.819170e+001  1.374082e+001  1.917012e-001
      vertex -3.356592e+001  1.375364e+001  5.565920e+000
      vertex -2.837857e+001  1.443184e+001  3.785729e-001
    endloop
  endfacet
  facet normal -7.071068e-001  2.571207e-006 -7.071068e-001
    outer loop
      vertex -2.837857e+001  1.443184e+001  3.785729e-001
      vertex -3.356592e+001  1.375364e+001  5.565920e+000
      vertex -3.378913e+001  1.402782e+001  5.789127e+000
    endloop
  endfacet
  facet normal -7.071069e-001  4.087605e-006 -7.071067e-001
    outer loop
      vertex -2.837857e+001  1.443184e+001  3.785729e-001
      vertex -3.378913e+001  1.402782e+001  5.789127e+000
      vertex -3.403281e+001  1.426498e+001  6.032807e+000
    endloop
  endfacet
  facet normal -7.071068e-001  0.000000e+000 -7.071068e-001
    outer loop
      vertex -3.230693e+001  1.909656e+001  4.306928e+000
      vertex -3.819925e+001  1.890509e+001  1.019925e+001
      vertex -3.308233e+001  1.944897e+001  5.082330e+000
    endloop
  endfacet
  facet normal -7.071066e-001 -2.479118e-006 -7.071069e-001
    outer loop
      vertex -3.308233e+001  1.944897e+001  5.082330e+000
      vertex -3.819925e+001  1.890509e+001  1.019925e+001
      vertex -3.737008e+001  1.931218e+001  9.370083e+000
    endloop
  endfacet
  facet normal -7.071065e-001 -5.111985e-006 -7.071069e-001
    outer loop
      vertex -3.308233e+001  1.944897e+001  5.082330e+000
      vertex -3.737008e+001  1.931218e+001  9.370083e+000
      vertex -3.404231e+001  1.975677e+001  6.042307e+000
    endloop
  endfacet
  facet normal -7.071073e-001  5.150523e-006 -7.071062e-001
    outer loop
      vertex -3.404231e+001  1.975677e+001  6.042307e+000
      vertex -3.737008e+001  1.931218e+001  9.370083e+000
      vertex -3.652022e+001  1.962244e+001  8.520219e+000
    endloop
  endfacet
  facet normal -7.071071e-001 -3.606808e-006 -7.071065e-001
    outer loop
      vertex -3.404231e+001  1.975677e+001  6.042307e+000
      vertex -3.652022e+001  1.962244e+001  8.520219e+000
      vertex -3.565599e+001  1.983906e+001  7.655990e+000
    endloop
  endfacet
  facet normal -3.420232e-001  9.396915e-001  0.000000e+000
    outer loop
      vertex  2.121706e+001 -1.823101e+001  6.000000e+000
      vertex  2.162500e+001 -1.808253e+001  1.100000e+001
      vertex  2.162500e+001 -1.808253e+001  6.000000e+000
    endloop
  endfacet
  facet normal -6.427870e-001  7.660449e-001  0.000000e+000
    outer loop
      vertex  2.162500e+001 -1.808253e+001  6.000000e+000
      vertex  2.162500e+001 -1.808253e+001  1.100000e+001
      vertex  2.195756e+001 -1.780348e+001  1.100000e+001
    endloop
  endfacet
  facet normal -6.427870e-001  7.660449e-001  0.000000e+000
    outer loop
      vertex  2.162500e+001 -1.808253e+001  6.000000e+000
      vertex  2.195756e+001 -1.780348e+001  1.100000e+001
      vertex  2.195756e+001 -1.780348e+001  6.000000e+000
    endloop
  endfacet
  facet normal -8.660255e-001  4.999997e-001  0.000000e+000
    outer loop
      vertex  2.195756e+001 -1.780348e+001  6.000000e+000
      vertex  2.195756e+001 -1.780348e+001  1.100000e+001
      vertex  2.217462e+001 -1.742752e+001  1.100000e+001
    endloop
  endfacet
  facet normal -8.660255e-001  4.999997e-001  0.000000e+000
    outer loop
      vertex  2.195756e+001 -1.780348e+001  6.000000e+000
      vertex  2.217462e+001 -1.742752e+001  1.100000e+001
      vertex  2.217462e+001 -1.742752e+001  6.000000e+000
    endloop
  endfacet
  facet normal -9.848077e-001  1.736482e-001  0.000000e+000
    outer loop
      vertex  2.217462e+001 -1.742752e+001  6.000000e+000
      vertex  2.217462e+001 -1.742752e+001  1.100000e+001
      vertex  2.225000e+001 -1.700000e+001  1.100000e+001
    endloop
  endfacet
  facet normal -9.848077e-001  1.736482e-001  0.000000e+000
    outer loop
      vertex  2.217462e+001 -1.742752e+001  6.000000e+000
      vertex  2.225000e+001 -1.700000e+001  1.100000e+001
      vertex  2.225000e+001 -1.700000e+001  6.000000e+000
    endloop
  endfacet
  facet normal -3.420232e-001  9.396915e-001  0.000000e+000
    outer loop
      vertex  2.162500e+001 -1.808253e+001  1.100000e+001
      vertex  2.121706e+001 -1.823101e+001  6.000000e+000
      vertex  2.121706e+001 -1.823101e+001  1.100000e+001
    endloop
  endfacet
  facet normal  0.000000e+000  1.000000e+000  0.000000e+000
    outer loop
      vertex  2.121706e+001 -1.823101e+001  1.100000e+001
      vertex  2.121706e+001 -1.823101e+001  6.000000e+000
      vertex  2.078294e+001 -1.823101e+001  6.000000e+000
    endloop
  endfacet
  facet normal  0.000000e+000  1.000000e+000  0.000000e+000
    outer loop
      vertex  2.121706e+001 -1.823101e+001  1.100000e+001
      vertex  2.078294e+001 -1.823101e+001  6.000000e+000
      vertex  2.078294e+001 -1.823101e+001  1.100000e+001
    endloop
  endfacet
  facet normal  3.420232e-001  9.396915e-001  0.000000e+000
    outer loop
      vertex  2.078294e+001 -1.823101e+001  1.100000e+001
      vertex  2.078294e+001 -1.823101e+001  6.000000e+000
      vertex  2.037500e+001 -1.808253e+001  6.000000e+000
    endloop
  endfacet
  facet normal  3.420232e-001  9.396915e-001  -0.000000e+000
    outer loop
      vertex  2.078294e+001 -1.823101e+001  1.100000e+001
      vertex  2.037500e+001 -1.808253e+001  6.000000e+000
      vertex  2.037500e+001 -1.808253e+001  1.100000e+001
    endloop
  endfacet
  facet normal  6.427870e-001  7.660449e-001  0.000000e+000
    outer loop
      vertex  2.037500e+001 -1.808253e+001  1.100000e+001
      vertex  2.037500e+001 -1.808253e+001  6.000000e+000
      vertex  2.004244e+001 -1.780348e+001  6.000000e+000
    endloop
  endfacet
  facet normal  6.427870e-001  7.660449e-001  -0.000000e+000
    outer loop
      vertex  2.037500e+001 -1.808253e+001  1.100000e+001
      vertex  2.004244e+001 -1.780348e+001  6.000000e+000
      vertex  2.004244e+001 -1.780348e+001  1.100000e+001
    endloop
  endfacet
  facet normal  8.660255e-001  4.999997e-001  0.000000e+000
    outer loop
      vertex  2.004244e+001 -1.780348e+001  1.100000e+001
      vertex  2.004244e+001 -1.780348e+001  6.000000e+000
      vertex  1.982538e+001 -1.742752e+001  6.000000e+000
    endloop
  endfacet
  facet normal  8.660255e-001  4.999997e-001  -0.000000e+000
    outer loop
      vertex  2.004244e+001 -1.780348e+001  1.100000e+001
      vertex  1.982538e+001 -1.742752e+001  6.000000e+000
      vertex  1.982538e+001 -1.742752e+001  1.100000e+001
    endloop
  endfacet
  facet normal  9.848077e-001  1.736482e-001  0.000000e+000
    outer loop
      vertex  1.982538e+001 -1.742752e+001  1.100000e+001
      vertex  1.982538e+001 -1.742752e+001  6.000000e+000
      vertex  1.975000e+001 -1.700000e+001  6.000000e+000
    endloop
  endfacet
  facet normal  9.848077e-001  1.736482e-001  -0.000000e+000
    outer loop
      vertex  1.982538e+001 -1.742752e+001  1.100000e+001
      vertex  1.975000e+001 -1.700000e+001  6.000000e+000
      vertex  1.975000e+001 -1.700000e+001  1.100000e+001
    endloop
  endfacet
  facet normal  3.420193e-001 -9.396930e-001  0.000000e+000
    outer loop
      vertex  2.078294e+001 -1.576899e+001  6.000000e+000
      vertex  2.037500e+001 -1.591747e+001  1.100000e+001
      vertex  2.037500e+001 -1.591747e+001  6.000000e+000
    endloop
  endfacet
  facet normal  6.427884e-001 -7.660438e-001  0.000000e+000
    outer loop
      vertex  2.037500e+001 -1.591747e+001  6.000000e+000
      vertex  2.037500e+001 -1.591747e+001  1.100000e+001
      vertex  2.004244e+001 -1.619652e+001  1.100000e+001
    endloop
  endfacet
  facet normal  6.427884e-001 -7.660438e-001  0.000000e+000
    outer loop
      vertex  2.037500e+001 -1.591747e+001  6.000000e+000
      vertex  2.004244e+001 -1.619652e+001  1.100000e+001
      vertex  2.004244e+001 -1.619652e+001  6.000000e+000
    endloop
  endfacet
  facet normal  8.660255e-001 -4.999997e-001  0.000000e+000
    outer loop
      vertex  2.004244e+001 -1.619652e+001  6.000000e+000
      vertex  2.004244e+001 -1.619652e+001  1.100000e+001
      vertex  1.982538e+001 -1.657248e+001  1.100000e+001
    endloop
  endfacet
  facet normal  8.660255e-001 -4.999997e-001  0.000000e+000
    outer loop
      vertex  2.004244e+001 -1.619652e+001  6.000000e+000
      vertex  1.982538e+001 -1.657248e+001  1.100000e+001
      vertex  1.982538e+001 -1.657248e+001  6.000000e+000
    endloop
  endfacet
  facet normal  9.848077e-001 -1.736482e-001  0.000000e+000
    outer loop
      vertex  1.982538e+001 -1.657248e+001  6.000000e+000
      vertex  1.982538e+001 -1.657248e+001  1.100000e+001
      vertex  1.975000e+001 -1.700000e+001  1.100000e+001
    endloop
  endfacet
  facet normal  9.848077e-001 -1.736482e-001  0.000000e+000
    outer loop
      vertex  1.982538e+001 -1.657248e+001  6.000000e+000
      vertex  1.975000e+001 -1.700000e+001  1.100000e+001
      vertex  1.975000e+001 -1.700000e+001  6.000000e+000
    endloop
  endfacet
  facet normal  3.420193e-001 -9.396930e-001  0.000000e+000
    outer loop
      vertex  2.037500e+001 -1.591747e+001  1.100000e+001
      vertex  2.078294e+001 -1.576899e+001  6.000000e+000
      vertex  2.078294e+001 -1.576899e+001  1.100000e+001
    endloop
  endfacet
  facet normal  0.000000e+000 -1.000000e+000  0.000000e+000
    outer loop
      vertex  2.078294e+001 -1.576899e+001  1.100000e+001
      vertex  2.078294e+001 -1.576899e+001  6.000000e+000
      vertex  2.121706e+001 -1.576899e+001  6.000000e+000
    endloop
  endfacet
  facet normal  0.000000e+000 -1.000000e+000  0.000000e+000
    outer loop
      vertex  2.078294e+001 -1.576899e+001  1.100000e+001
      vertex  2.121706e+001 -1.576899e+001  6.000000e+000
      vertex  2.121706e+001 -1.576899e+001  1.100000e+001
    endloop
  endfacet
  facet normal -3.420193e-001 -9.396930e-001  -0.000000e+000
    outer loop
      vertex  2.121706e+001 -1.576899e+001  1.100000e+001
      vertex  2.121706e+001 -1.576899e+001  6.000000e+000
      vertex  2.162500e+001 -1.591747e+001  6.000000e+000
    endloop
  endfacet
  facet normal -3.420193e-001 -9.396930e-001  0.000000e+000
    outer loop
      vertex  2.121706e+001 -1.576899e+001  1.100000e+001
      vertex  2.162500e+001 -1.591747e+001  6.000000e+000
      vertex  2.162500e+001 -1.591747e+001  1.100000e+001
    endloop
  endfacet
  facet normal -6.427884e-001 -7.660438e-001  -0.000000e+000
    outer loop
      vertex  2.162500e+001 -1.591747e+001  1.100000e+001
      vertex  2.162500e+001 -1.591747e+001  6.000000e+000
      vertex  2.195756e+001 -1.619652e+001  6.000000e+000
    endloop
  endfacet
  facet normal -6.427884e-001 -7.660438e-001  0.000000e+000
    outer loop
      vertex  2.162500e+001 -1.591747e+001  1.100000e+001
      vertex  2.195756e+001 -1.619652e+001  6.000000e+000
      vertex  2.195756e+001 -1.619652e+001  1.100000e+001
    endloop
  endfacet
  facet normal -8.660255e-001 -4.999997e-001  -0.000000e+000
    outer loop
      vertex  2.195756e+001 -1.619652e+001  1.100000e+001
      vertex  2.195756e+001 -1.619652e+001  6.000000e+000
      vertex  2.217462e+001 -1.657248e+001  6.000000e+000
    endloop
  endfacet
  facet normal -8.660255e-001 -4.999997e-001  0.000000e+000
    outer loop
      vertex  2.195756e+001 -1.619652e+001  1.100000e+001
      vertex  2.217462e+001 -1.657248e+001  6.000000e+000
      vertex  2.217462e+001 -1.657248e+001  1.100000e+001
    endloop
  endfacet
  facet normal -9.848077e-001 -1.736482e-001  -0.000000e+000
    outer loop
      vertex  2.217462e+001 -1.657248e+001  1.100000e+001
      vertex  2.217462e+001 -1.657248e+001  6.000000e+000
      vertex  2.225000e+001 -1.700000e+001  6.000000e+000
    endloop
  endfacet
  facet normal -9.848077e-001 -1.736482e-001  0.000000e+000
    outer loop
      vertex  2.217462e+001 -1.657248e+001  1.100000e+001
      vertex  2.225000e+001 -1.700000e+001  6.000000e+000
      vertex  2.225000e+001 -1.700000e+001  1.100000e+001
    endloop
  endfacet
  facet normal -3.420193e-001  9.396930e-001  0.000000e+000
    outer loop
      vertex  2.121706e+001  1.576899e+001  6.000000e+000
      vertex  2.162500e+001  1.591747e+001  1.100000e+001
      vertex  2.162500e+001  1.591747e+001  6.000000e+000
    endloop
  endfacet
  facet normal -6.427884e-001  7.660438e-001  0.000000e+000
    outer loop
      vertex  2.162500e+001  1.591747e+001  6.000000e+000
      vertex  2.162500e+001  1.591747e+001  1.100000e+001
      vertex  2.195756e+001  1.619652e+001  1.100000e+001
    endloop
  endfacet
  facet normal -6.427884e-001  7.660438e-001  0.000000e+000
    outer loop
      vertex  2.162500e+001  1.591747e+001  6.000000e+000
      vertex  2.195756e+001  1.619652e+001  1.100000e+001
      vertex  2.195756e+001  1.619652e+001  6.000000e+000
    endloop
  endfacet
  facet normal -8.660255e-001  4.999997e-001  0.000000e+000
    outer loop
      vertex  2.195756e+001  1.619652e+001  6.000000e+000
      vertex  2.195756e+001  1.619652e+001  1.100000e+001
      vertex  2.217462e+001  1.657248e+001  1.100000e+001
    endloop
  endfacet
  facet normal -8.660255e-001  4.999997e-001  0.000000e+000
    outer loop
      vertex  2.195756e+001  1.619652e+001  6.000000e+000
      vertex  2.217462e+001  1.657248e+001  1.100000e+001
      vertex  2.217462e+001  1.657248e+001  6.000000e+000
    endloop
  endfacet
  facet normal -9.848077e-001  1.736482e-001  0.000000e+000
    outer loop
      vertex  2.217462e+001  1.657248e+001  6.000000e+000
      vertex  2.217462e+001  1.657248e+001  1.100000e+001
      vertex  2.225000e+001  1.700000e+001  1.100000e+001
    endloop
  endfacet
  facet normal -9.848077e-001  1.736482e-001  0.000000e+000
    outer loop
      vertex  2.217462e+001  1.657248e+001  6.000000e+000
      vertex  2.225000e+001  1.700000e+001  1.100000e+001
      vertex  2.225000e+001  1.700000e+001  6.000000e+000
    endloop
  endfacet
  facet normal -3.420193e-001  9.396930e-001  0.000000e+000
    outer loop
      vertex  2.162500e+001  1.591747e+001  1.100000e+001
      vertex  2.121706e+001  1.576899e+001  6.000000e+000
      vertex  2.121706e+001  1.576899e+001  1.100000e+001
    endloop
  endfacet
  facet normal  0.000000e+000  1.000000e+000  0.000000e+000
    outer loop
      vertex  2.121706e+001  1.576899e+001  1.100000e+001
      vertex  2.121706e+001  1.576899e+001  6.000000e+000
      vertex  2.078294e+001  1.576899e+001  6.000000e+000
    endloop
  endfacet
  facet normal  0.000000e+000  1.000000e+000  0.000000e+000
    outer loop
      vertex  2.121706e+001  1.576899e+001  1.100000e+001
      vertex  2.078294e+001  1.576899e+001  6.000000e+000
      vertex  2.078294e+001  1.576899e+001  1.100000e+001
    endloop
  endfacet
  facet normal  3.420193e-001  9.396930e-001  0.000000e+000
    outer loop
      vertex  2.078294e+001  1.576899e+001  1.100000e+001
      vertex  2.078294e+001  1.576899e+001  6.000000e+000
      vertex  2.037500e+001  1.591747e+001  6.000000e+000
    endloop
  endfacet
  facet normal  3.420193e-001  9.396930e-001  -0.000000e+000
    outer loop
      vertex  2.078294e+001  1.576899e+001  1.100000e+001
      vertex  2.037500e+001  1.591747e+001  6.000000e+000
      vertex  2.037500e+001  1.591747e+001  1.100000e+001
    endloop
  endfacet
  facet normal  6.427884e-001  7.660438e-001  0.000000e+000
    outer loop
      vertex  2.037500e+001  1.591747e+001  1.100000e+001
      vertex  2.037500e+001  1.591747e+001  6.000000e+000
      vertex  2.004244e+001  1.619652e+001  6.000000e+000
    endloop
  endfacet
  facet normal  6.427884e-001  7.660438e-001  -0.000000e+000
    outer loop
      vertex  2.037500e+001  1.591747e+001  1.100000e+001
      vertex  2.004244e+001  1.619652e+001  6.000000e+000
      vertex  2.004244e+001  1.619652e+001  1.100000e+001
    endloop
  endfacet
  facet normal  8.660255e-001  4.999997e-001  0.000000e+000
    outer loop
      vertex  2.004244e+001  1.619652e+001  1.100000e+001
      vertex  2.004244e+001  1.619652e+001  6.000000e+000
      vertex  1.982538e+001  1.657248e+001  6.000000e+000
    endloop
  endfacet
  facet normal  8.660255e-001  4.999997e-001  -0.000000e+000
    outer loop
      vertex  2.004244e+001  1.619652e+001  1.100000e+001
      vertex  1.982538e+001  1.657248e+001  6.000000e+000
      vertex  1.982538e+001  1.657248e+001  1.100000e+001
    endloop
  endfacet
  facet normal  9.848077e-001  1.736482e-001  0.000000e+000
    outer loop
      vertex  1.982538e+001  1.657248e+001  1.100000e+001
      vertex  1.982538e+001  1.657248e+001  6.000000e+000
      vertex  1.975000e+001  1.700000e+001  6.000000e+000
    endloop
  endfacet
  facet normal  9.848077e-001  1.736482e-001  -0.000000e+000
    outer loop
      vertex  1.982538e+001  1.657248e+001  1.100000e+001
      vertex  1.975000e+001  1.700000e+001  6.000000e+000
      vertex  1.975000e+001  1.700000e+001  1.100000e+001
    endloop
  endfacet
  facet normal  3.420232e-001 -9.396915e-001  0.000000e+000
    outer loop
      vertex  2.078294e+001  1.823101e+001  6.000000e+000
      vertex  2.037500e+001  1.808253e+001  1.100000e+001
      vertex  2.037500e+001  1.808253e+001  6.000000e+000
    endloop
  endfacet
  facet normal  6.427870e-001 -7.660449e-001  0.000000e+000
    outer loop
      vertex  2.037500e+001  1.808253e+001  6.000000e+000
      vertex  2.037500e+001  1.808253e+001  1.100000e+001
      vertex  2.004244e+001  1.780348e+001  1.100000e+001
    endloop
  endfacet
  facet normal  6.427870e-001 -7.660449e-001  0.000000e+000
    outer loop
      vertex  2.037500e+001  1.808253e+001  6.000000e+000
      vertex  2.004244e+001  1.780348e+001  1.100000e+001
      vertex  2.004244e+001  1.780348e+001  6.000000e+000
    endloop
  endfacet
  facet normal  8.660255e-001 -4.999997e-001  0.000000e+000
    outer loop
      vertex  2.004244e+001  1.780348e+001  6.000000e+000
      vertex  2.004244e+001  1.780348e+001  1.100000e+001
      vertex  1.982538e+001  1.742752e+001  1.100000e+001
    endloop
  endfacet
  facet normal  8.660255e-001 -4.999997e-001  0.000000e+000
    outer loop
      vertex  2.004244e+001  1.780348e+001  6.000000e+000
      vertex  1.982538e+001  1.742752e+001  1.100000e+001
      vertex  1.982538e+001  1.742752e+001  6.000000e+000
    endloop
  endfacet
  facet normal  9.848077e-001 -1.736482e-001  0.000000e+000
    outer loop
      vertex  1.982538e+001  1.742752e+001  6.000000e+000
      vertex  1.982538e+001  1.742752e+001  1.100000e+001
      vertex  1.975000e+001  1.700000e+001  1.100000e+001
    endloop
  endfacet
  facet normal  9.848077e-001 -1.736482e-001  0.000000e+000
    outer loop
      vertex  1.982538e+001  1.742752e+001  6.000000e+000
      vertex  1.975000e+001  1.700000e+001  1.100000e+001
      vertex  1.975000e+001  1.700000e+001  6.000000e+000
    endloop
  endfacet
  facet normal  3.420232e-001 -9.396915e-001  0.000000e+000
    outer loop
      vertex  2.037500e+001  1.808253e+001  1.100000e+001
      vertex  2.078294e+001  1.823101e+001  6.000000e+000
      vertex  2.078294e+001  1.823101e+001  1.100000e+001
    endloop
  endfacet
  facet normal  0.000000e+000 -1.000000e+000  0.000000e+000
    outer loop
      vertex  2.078294e+001  1.823101e+001  1.100000e+001
      vertex  2.078294e+001  1.823101e+001  6.000000e+000
      vertex  2.121706e+001  1.823101e+001  6.000000e+000
    endloop
  endfacet
  facet normal  0.000000e+000 -1.000000e+000  0.000000e+000
    outer loop
      vertex  2.078294e+001  1.823101e+001  1.100000e+001
      vertex  2.121706e+001  1.823101e+001  6.000000e+000
      vertex  2.121706e+001  1.823101e+001  1.100000e+001
    endloop
  endfacet
  facet normal -3.420232e-001 -9.396915e-001  -0.000000e+000
    outer loop
      vertex  2.121706e+001  1.823101e+001  1.100000e+001
      vertex  2.121706e+001  1.823101e+001  6.000000e+000
      vertex  2.162500e+001  1.808253e+001  6.000000e+000
    endloop
  endfacet
  facet normal -3.420232e-001 -9.396915e-001  0.000000e+000
    outer loop
      vertex  2.121706e+001  1.823101e+001  1.100000e+001
      vertex  2.162500e+001  1.808253e+001  6.000000e+000
      vertex  2.162500e+001  1.808253e+001  1.100000e+001
    endloop
  endfacet
  facet normal -6.427870e-001 -7.660449e-001  -0.000000e+000
    outer loop
      vertex  2.162500e+001  1.808253e+001  1.100000e+001
      vertex  2.162500e+001  1.808253e+001  6.000000e+000
      vertex  2.195756e+001  1.780348e+001  6.000000e+000
    endloop
  endfacet
  facet normal -6.427870e-001 -7.660449e-001  0.000000e+000
    outer loop
      vertex  2.162500e+001  1.808253e+001  1.100000e+001
      vertex  2.195756e+001  1.780348e+001  6.000000e+000
      vertex  2.195756e+001  1.780348e+001  1.100000e+001
    endloop
  endfacet
  facet normal -8.660255e-001 -4.999997e-001  -0.000000e+000
    outer loop
      vertex  2.195756e+001  1.780348e+001  1.100000e+001
      vertex  2.195756e+001  1.780348e+001  6.000000e+000
      vertex  2.217462e+001  1.742752e+001  6.000000e+000
    endloop
  endfacet
  facet normal -8.660255e-001 -4.999997e-001  0.000000e+000
    outer loop
      vertex  2.195756e+001  1.780348e+001  1.100000e+001
      vertex  2.217462e+001  1.742752e+001  6.000000e+000
      vertex  2.217462e+001  1.742752e+001  1.100000e+001
    endloop
  endfacet
  facet normal -9.848077e-001 -1.736482e-001  -0.000000e+000
    outer loop
      vertex  2.217462e+001  1.742752e+001  1.100000e+001
      vertex  2.217462e+001  1.742752e+001  6.000000e+000
      vertex  2.225000e+001  1.700000e+001  6.000000e+000
    endloop
  endfacet
  facet normal -9.848077e-001 -1.736482e-001  0.000000e+000
    outer loop
      vertex  2.217462e+001  1.742752e+001  1.100000e+001
      vertex  2.225000e+001  1.700000e+001  6.000000e+000
      vertex  2.225000e+001  1.700000e+001  1.100000e+001
    endloop
  endfacet
  facet normal -3.420232e-001  9.396915e-001  0.000000e+000
    outer loop
      vertex -2.978294e+001 -1.823101e+001  6.000000e+000
      vertex -2.937500e+001 -1.808253e+001  1.100000e+001
      vertex -2.937500e+001 -1.808253e+001  6.000000e+000
    endloop
  endfacet
  facet normal -6.427870e-001  7.660449e-001  0.000000e+000
    outer loop
      vertex -2.937500e+001 -1.808253e+001  6.000000e+000
      vertex -2.937500e+001 -1.808253e+001  1.100000e+001
      vertex -2.904244e+001 -1.780348e+001  1.100000e+001
    endloop
  endfacet
  facet normal -6.427870e-001  7.660449e-001  0.000000e+000
    outer loop
      vertex -2.937500e+001 -1.808253e+001  6.000000e+000
      vertex -2.904244e+001 -1.780348e+001  1.100000e+001
      vertex -2.904244e+001 -1.780348e+001  6.000000e+000
    endloop
  endfacet
  facet normal -8.660255e-001  4.999997e-001  0.000000e+000
    outer loop
      vertex -2.904244e+001 -1.780348e+001  6.000000e+000
      vertex -2.904244e+001 -1.780348e+001  1.100000e+001
      vertex -2.882538e+001 -1.742752e+001  1.100000e+001
    endloop
  endfacet
  facet normal -8.660255e-001  4.999997e-001  0.000000e+000
    outer loop
      vertex -2.904244e+001 -1.780348e+001  6.000000e+000
      vertex -2.882538e+001 -1.742752e+001  1.100000e+001
      vertex -2.882538e+001 -1.742752e+001  6.000000e+000
    endloop
  endfacet
  facet normal -9.848077e-001  1.736482e-001  0.000000e+000
    outer loop
      vertex -2.882538e+001 -1.742752e+001  6.000000e+000
      vertex -2.882538e+001 -1.742752e+001  1.100000e+001
      vertex -2.875000e+001 -1.700000e+001  1.100000e+001
    endloop
  endfacet
  facet normal -9.848077e-001  1.736482e-001  0.000000e+000
    outer loop
      vertex -2.882538e+001 -1.742752e+001  6.000000e+000
      vertex -2.875000e+001 -1.700000e+001  1.100000e+001
      vertex -2.875000e+001 -1.700000e+001  6.000000e+000
    endloop
  endfacet
  facet normal -3.420232e-001  9.396915e-001  0.000000e+000
    outer loop
      vertex -2.937500e+001 -1.808253e+001  1.100000e+001
      vertex -2.978294e+001 -1.823101e+001  6.000000e+000
      vertex -2.978294e+001 -1.823101e+001  1.100000e+001
    endloop
  endfacet
  facet normal  0.000000e+000  1.000000e+000  0.000000e+000
    outer loop
      vertex -2.978294e+001 -1.823101e+001  1.100000e+001
      vertex -2.978294e+001 -1.823101e+001  6.000000e+000
      vertex -3.021706e+001 -1.823101e+001  6.000000e+000
    endloop
  endfacet
  facet normal  0.000000e+000  1.000000e+000  0.000000e+000
    outer loop
      vertex -2.978294e+001 -1.823101e+001  1.100000e+001
      vertex -3.021706e+001 -1.823101e+001  6.000000e+000
      vertex -3.021706e+001 -1.823101e+001  1.100000e+001
    endloop
  endfacet
  facet normal  3.420232e-001  9.396915e-001  0.000000e+000
    outer loop
      vertex -3.021706e+001 -1.823101e+001  1.100000e+001
      vertex -3.021706e+001 -1.823101e+001  6.000000e+000
      vertex -3.062500e+001 -1.808253e+001  6.000000e+000
    endloop
  endfacet
  facet normal  3.420232e-001  9.396915e-001  -0.000000e+000
    outer loop
      vertex -3.021706e+001 -1.823101e+001  1.100000e+001
      vertex -3.062500e+001 -1.808253e+001  6.000000e+000
      vertex -3.062500e+001 -1.808253e+001  1.100000e+001
    endloop
  endfacet
  facet normal  6.427870e-001  7.660449e-001  0.000000e+000
    outer loop
      vertex -3.062500e+001 -1.808253e+001  1.100000e+001
      vertex -3.062500e+001 -1.808253e+001  6.000000e+000
      vertex -3.095756e+001 -1.780348e+001  6.000000e+000
    endloop
  endfacet
  facet normal  6.427870e-001  7.660449e-001  -0.000000e+000
    outer loop
      vertex -3.062500e+001 -1.808253e+001  1.100000e+001
      vertex -3.095756e+001 -1.780348e+001  6.000000e+000
      vertex -3.095756e+001 -1.780348e+001  1.100000e+001
    endloop
  endfacet
  facet normal  8.660255e-001  4.999997e-001  0.000000e+000
    outer loop
      vertex -3.095756e+001 -1.780348e+001  1.100000e+001
      vertex -3.095756e+001 -1.780348e+001  6.000000e+000
      vertex -3.117462e+001 -1.742752e+001  6.000000e+000
    endloop
  endfacet
  facet normal  8.660255e-001  4.999997e-001  -0.000000e+000
    outer loop
      vertex -3.095756e+001 -1.780348e+001  1.100000e+001
      vertex -3.117462e+001 -1.742752e+001  6.000000e+000
      vertex -3.117462e+001 -1.742752e+001  1.100000e+001
    endloop
  endfacet
  facet normal  9.848077e-001  1.736482e-001  0.000000e+000
    outer loop
      vertex -3.117462e+001 -1.742752e+001  1.100000e+001
      vertex -3.117462e+001 -1.742752e+001  6.000000e+000
      vertex -3.125000e+001 -1.700000e+001  6.000000e+000
    endloop
  endfacet
  facet normal  9.848077e-001  1.736482e-001  -0.000000e+000
    outer loop
      vertex -3.117462e+001 -1.742752e+001  1.100000e+001
      vertex -3.125000e+001 -1.700000e+001  6.000000e+000
      vertex -3.125000e+001 -1.700000e+001  1.100000e+001
    endloop
  endfacet
  facet normal  3.420193e-001 -9.396930e-001  0.000000e+000
    outer loop
      vertex -3.021706e+001 -1.576899e+001  6.000000e+000
      vertex -3.062500e+001 -1.591747e+001  1.100000e+001
      vertex -3.062500e+001 -1.591747e+001  6.000000e+000
    endloop
  endfacet
  facet normal  6.427884e-001 -7.660438e-001  0.000000e+000
    outer loop
      vertex -3.062500e+001 -1.591747e+001  6.000000e+000
      vertex -3.062500e+001 -1.591747e+001  1.100000e+001
      vertex -3.095756e+001 -1.619652e+001  1.100000e+001
    endloop
  endfacet
  facet normal  6.427884e-001 -7.660438e-001  0.000000e+000
    outer loop
      vertex -3.062500e+001 -1.591747e+001  6.000000e+000
      vertex -3.095756e+001 -1.619652e+001  1.100000e+001
      vertex -3.095756e+001 -1.619652e+001  6.000000e+000
    endloop
  endfacet
  facet normal  8.660255e-001 -4.999997e-001  0.000000e+000
    outer loop
      vertex -3.095756e+001 -1.619652e+001  6.000000e+000
      vertex -3.095756e+001 -1.619652e+001  1.100000e+001
      vertex -3.117462e+001 -1.657248e+001  1.100000e+001
    endloop
  endfacet
  facet normal  8.660255e-001 -4.999997e-001  0.000000e+000
    outer loop
      vertex -3.095756e+001 -1.619652e+001  6.000000e+000
      vertex -3.117462e+001 -1.657248e+001  1.100000e+001
      vertex -3.117462e+001 -1.657248e+001  6.000000e+000
    endloop
  endfacet
  facet normal  9.848077e-001 -1.736482e-001  0.000000e+000
    outer loop
      vertex -3.117462e+001 -1.657248e+001  6.000000e+000
      vertex -3.117462e+001 -1.657248e+001  1.100000e+001
      vertex -3.125000e+001 -1.700000e+001  1.100000e+001
    endloop
  endfacet
  facet normal  9.848077e-001 -1.736482e-001  0.000000e+000
    outer loop
      vertex -3.117462e+001 -1.657248e+001  6.000000e+000
      vertex -3.125000e+001 -1.700000e+001  1.100000e+001
      vertex -3.125000e+001 -1.700000e+001  6.000000e+000
    endloop
  endfacet
  facet normal  3.420193e-001 -9.396930e-001  0.000000e+000
    outer loop
      vertex -3.062500e+001 -1.591747e+001  1.100000e+001
      vertex -3.021706e+001 -1.576899e+001  6.000000e+000
      vertex -3.021706e+001 -1.576899e+001  1.100000e+001
    endloop
  endfacet
  facet normal  0.000000e+000 -1.000000e+000  0.000000e+000
    outer loop
      vertex -3.021706e+001 -1.576899e+001  1.100000e+001
      vertex -3.021706e+001 -1.576899e+001  6.000000e+000
      vertex -2.978294e+001 -1.576899e+001  6.000000e+000
    endloop
  endfacet
  facet normal  0.000000e+000 -1.000000e+000  0.000000e+000
    outer loop
      vertex -3.021706e+001 -1.576899e+001  1.100000e+001
      vertex -2.978294e+001 -1.576899e+001  6.000000e+000
      vertex -2.978294e+001 -1.576899e+001  1.100000e+001
    endloop
  endfacet
  facet normal -3.420193e-001 -9.396930e-001  -0.000000e+000
    outer loop
      vertex -2.978294e+001 -1.576899e+001  1.100000e+001
      vertex -2.978294e+001 -1.576899e+001  6.000000e+000
      vertex -2.937500e+001 -1.591747e+001  6.000000e+000
    endloop
  endfacet
  facet normal -3.420193e-001 -9.396930e-001  0.000000e+000
    outer loop
      vertex -2.978294e+001 -1.576899e+001  1.100000e+001
      vertex -2.937500e+001 -1.591747e+001  6.000000e+000
      vertex -2.937500e+001 -1.591747e+001  1.100000e+001
    endloop
  endfacet
  facet normal -6.427884e-001 -7.660438e-001  -0.000000e+000
    outer loop
      vertex -2.937500e+001 -1.591747e+001  1.100000e+001
      vertex -2.937500e+001 -1.591747e+001  6.000000e+000
      vertex -2.904244e+001 -1.619652e+001  6.000000e+000
    endloop
  endfacet
  facet normal -6.427884e-001 -7.660438e-001  0.000000e+000
    outer loop
      vertex -2.937500e+001 -1.591747e+001  1.100000e+001
      vertex -2.904244e+001 -1.619652e+001  6.000000e+000
      vertex -2.904244e+001 -1.619652e+001  1.100000e+001
    endloop
  endfacet
  facet normal -8.660255e-001 -4.999997e-001  -0.000000e+000
    outer loop
      vertex -2.904244e+001 -1.619652e+001  1.100000e+001
      vertex -2.904244e+001 -1.619652e+001  6.000000e+000
      vertex -2.882538e+001 -1.657248e+001  6.000000e+000
    endloop
  endfacet
  facet normal -8.660255e-001 -4.999997e-001  0.000000e+000
    outer loop
      vertex -2.904244e+001 -1.619652e+001  1.100000e+001
      vertex -2.882538e+001 -1.657248e+001  6.000000e+000
      vertex -2.882538e+001 -1.657248e+001  1.100000e+001
    endloop
  endfacet
  facet normal -9.848077e-001 -1.736482e-001  -0.000000e+000
    outer loop
      vertex -2.882538e+001 -1.657248e+001  1.100000e+001
      vertex -2.882538e+001 -1.657248e+001  6.000000e+000
      vertex -2.875000e+001 -1.700000e+001  6.000000e+000
    endloop
  endfacet
  facet normal -9.848077e-001 -1.736482e-001  0.000000e+000
    outer loop
      vertex -2.882538e+001 -1.657248e+001  1.100000e+001
      vertex -2.875000e+001 -1.700000e+001  6.000000e+000
      vertex -2.875000e+001 -1.700000e+001  1.100000e+001
    endloop
  endfacet
  facet normal -3.420193e-001  9.396930e-001  0.000000e+000
    outer loop
      vertex -2.978294e+001  1.576899e+001  6.000000e+000
      vertex -2.937500e+001  1.591747e+001  1.100000e+001
      vertex -2.937500e+001  1.591747e+001  6.000000e+000
    endloop
  endfacet
  facet normal -6.427884e-001  7.660438e-001  0.000000e+000
    outer loop
      vertex -2.937500e+001  1.591747e+001  6.000000e+000
      vertex -2.937500e+001  1.591747e+001  1.100000e+001
      vertex -2.904244e+001  1.619652e+001  1.100000e+001
    endloop
  endfacet
  facet normal -6.427884e-001  7.660438e-001  0.000000e+000
    outer loop
      vertex -2.937500e+001  1.591747e+001  6.000000e+000
      vertex -2.904244e+001  1.619652e+001  1.100000e+001
      vertex -2.904244e+001  1.619652e+001  6.000000e+000
    endloop
  endfacet
  facet normal -8.660255e-001  4.999997e-001  0.000000e+000
    outer loop
      vertex -2.904244e+001  1.619652e+001  6.000000e+000
      vertex -2.904244e+001  1.619652e+001  1.100000e+001
      vertex -2.882538e+001  1.657248e+001  1.100000e+001
    endloop
  endfacet
  facet normal -8.660255e-001  4.999997e-001  0.000000e+000
    outer loop
      vertex -2.904244e+001  1.619652e+001  6.000000e+000
      vertex -2.882538e+001  1.657248e+001  1.100000e+001
      vertex -2.882538e+001  1.657248e+001  6.000000e+000
    endloop
  endfacet
  facet normal -9.848077e-001  1.736482e-001  0.000000e+000
    outer loop
      vertex -2.882538e+001  1.657248e+001  6.000000e+000
      vertex -2.882538e+001  1.657248e+001  1.100000e+001
      vertex -2.875000e+001  1.700000e+001  1.100000e+001
    endloop
  endfacet
  facet normal -9.848077e-001  1.736482e-001  0.000000e+000
    outer loop
      vertex -2.882538e+001  1.657248e+001  6.000000e+000
      vertex -2.875000e+001  1.700000e+001  1.100000e+001
      vertex -2.875000e+001  1.700000e+001  6.000000e+000
    endloop
  endfacet
  facet normal -3.420193e-001  9.396930e-001  0.000000e+000
    outer loop
      vertex -2.937500e+001  1.591747e+001  1.100000e+001
      vertex -2.978294e+001  1.576899e+001  6.000000e+000
      vertex -2.978294e+001  1.576899e+001  1.100000e+001
    endloop
  endfacet
  facet normal  0.000000e+000  1.000000e+000  0.000000e+000
    outer loop
      vertex -2.978294e+001  1.576899e+001  1.100000e+001
      vertex -2.978294e+001  1.576899e+001  6.000000e+000
      vertex -3.021706e+001  1.576899e+001  6.000000e+000
    endloop
  endfacet
  facet normal  0.000000e+000  1.000000e+000  0.000000e+000
    outer loop
      vertex -2.978294e+001  1.576899e+001  1.100000e+001
      vertex -3.021706e+001  1.576899e+001  6.000000e+000
      vertex -3.021706e+001  1.576899e+001  1.100000e+001
    endloop
  endfacet
  facet normal  3.420193e-001  9.396930e-001  0.000000e+000
    outer loop
      vertex -3.021706e+001  1.576899e+001  1.100000e+001
      vertex -3.021706e+001  1.576899e+001  6.000000e+000
      vertex -3.062500e+001  1.591747e+001  6.000000e+000
    endloop
  endfacet
  facet normal  3.420193e-001  9.396930e-001  -0.000000e+000
    outer loop
      vertex -3.021706e+001  1.576899e+001  1.100000e+001
      vertex -3.062500e+001  1.591747e+001  6.000000e+000
      vertex -3.062500e+001  1.591747e+001  1.100000e+001
    endloop
  endfacet
  facet normal  6.427884e-001  7.660438e-001  0.000000e+000
    outer loop
      vertex -3.062500e+001  1.591747e+001  1.100000e+001
      vertex -3.062500e+001  1.591747e+001  6.000000e+000
      vertex -3.095756e+001  1.619652e+001  6.000000e+000
    endloop
  endfacet
  facet normal  6.427884e-001  7.660438e-001  -0.000000e+000
    outer loop
      vertex -3.062500e+001  1.591747e+001  1.100000e+001
      vertex -3.095756e+001  1.619652e+001  6.000000e+000
      vertex -3.095756e+001  1.619652e+001  1.100000e+001
    endloop
  endfacet
  facet normal  8.660255e-001  4.999997e-001  0.000000e+000
    outer loop
      vertex -3.095756e+001  1.619652e+001  1.100000e+001
      vertex -3.095756e+001  1.619652e+001  6.000000e+000
      vertex -3.117462e+001  1.657248e+001  6.000000e+000
    endloop
  endfacet
  facet normal  8.660255e-001  4.999997e-001  -0.000000e+000
    outer loop
      vertex -3.095756e+001  1.619652e+001  1.100000e+001
      vertex -3.117462e+001  1.657248e+001  6.000000e+000
      vertex -3.117462e+001  1.657248e+001  1.100000e+001
    endloop
  endfacet
  facet normal  9.848077e-001  1.736482e-001  0.000000e+000
    outer loop
      vertex -3.117462e+001  1.657248e+001  1.100000e+001
      vertex -3.117462e+001  1.657248e+001  6.000000e+000
      vertex -3.125000e+001  1.700000e+001  6.000000e+000
    endloop
  endfacet
  facet normal  9.848077e-001  1.736482e-001  -0.000000e+000
    outer loop
      vertex -3.117462e+001  1.657248e+001  1.100000e+001
      vertex -3.125000e+001  1.700000e+001  6.000000e+000
      vertex -3.125000e+001  1.700000e+001  1.100000e+001
    endloop
  endfacet
  facet normal  3.420232e-001 -9.396915e-001  0.000000e+000
    outer loop
      vertex -3.021706e+001  1.823101e+001  6.000000e+000
      vertex -3.062500e+001  1.808253e+001  1.100000e+001
      vertex -3.062500e+001  1.808253e+001  6.000000e+000
    endloop
  endfacet
  facet normal  6.427870e-001 -7.660449e-001  0.000000e+000
    outer loop
      vertex -3.062500e+001  1.808253e+001  6.000000e+000
      vertex -3.062500e+001  1.808253e+001  1.100000e+001
      vertex -3.095756e+001  1.780348e+001  1.100000e+001
    endloop
  endfacet
  facet normal  6.427870e-001 -7.660449e-001  0.000000e+000
    outer loop
      vertex -3.062500e+001  1.808253e+001  6.000000e+000
      vertex -3.095756e+001  1.780348e+001  1.100000e+001
      vertex -3.095756e+001  1.780348e+001  6.000000e+000
    endloop
  endfacet
  facet normal  8.660255e-001 -4.999997e-001  0.000000e+000
    outer loop
      vertex -3.095756e+001  1.780348e+001  6.000000e+000
      vertex -3.095756e+001  1.780348e+001  1.100000e+001
      vertex -3.117462e+001  1.742752e+001  1.100000e+001
    endloop
  endfacet
  facet normal  8.660255e-001 -4.999997e-001  0.000000e+000
    outer loop
      vertex -3.095756e+001  1.780348e+001  6.000000e+000
      vertex -3.117462e+001  1.742752e+001  1.100000e+001
      vertex -3.117462e+001  1.742752e+001  6.000000e+000
    endloop
  endfacet
  facet normal  9.848077e-001 -1.736482e-001  0.000000e+000
    outer loop
      vertex -3.117462e+001  1.742752e+001  6.000000e+000
      vertex -3.117462e+001  1.742752e+001  1.100000e+001
      vertex -3.125000e+001  1.700000e+001  1.100000e+001
    endloop
  endfacet
  facet normal  9.848077e-001 -1.736482e-001  0.000000e+000
    outer loop
      vertex -3.117462e+001  1.742752e+001  6.000000e+000
      vertex -3.125000e+001  1.700000e+001  1.100000e+001
      vertex -3.125000e+001  1.700000e+001  6.000000e+000
    endloop
  endfacet
  facet normal  3.420232e-001 -9.396915e-001  0.000000e+000
    outer loop
      vertex -3.062500e+001  1.808253e+001  1.100000e+001
      vertex -3.021706e+001  1.823101e+001  6.000000e+000
      vertex -3.021706e+001  1.823101e+001  1.100000e+001
    endloop
  endfacet
  facet normal  0.000000e+000 -1.000000e+000  0.000000e+000
    outer loop
      vertex -3.021706e+001  1.823101e+001  1.100000e+001
      vertex -3.021706e+001  1.823101e+001  6.000000e+000
      vertex -2.978294e+001  1.823101e+001  6.000000e+000
    endloop
  endfacet
  facet normal  0.000000e+000 -1.000000e+000  0.000000e+000
    outer loop
      vertex -3.021706e+001  1.823101e+001  1.100000e+001
      vertex -2.978294e+001  1.823101e+001  6.000000e+000
      vertex -2.978294e+001  1.823101e+001  1.100000e+001
    endloop
  endfacet
  facet normal -3.420232e-001 -9.396915e-001  -0.000000e+000
    outer loop
      vertex -2.978294e+001  1.823101e+001  1.100000e+001
      vertex -2.978294e+001  1.823101e+001  6.000000e+000
      vertex -2.937500e+001  1.808253e+001  6.000000e+000
    endloop
  endfacet
  facet normal -3.420232e-001 -9.396915e-001  0.000000e+000
    outer loop
      vertex -2.978294e+001  1.823101e+001  1.100000e+001
      vertex -2.937500e+001  1.808253e+001  6.000000e+000
      vertex -2.937500e+001  1.808253e+001  1.100000e+001
    endloop
  endfacet
  facet normal -6.427870e-001 -7.660449e-001  -0.000000e+000
    outer loop
      vertex -2.937500e+001  1.808253e+001  1.100000e+001
      vertex -2.937500e+001  1.808253e+001  6.000000e+000
      vertex -2.904244e+001  1.780348e+001  6.000000e+000
    endloop
  endfacet
  facet normal -6.427870e-001 -7.660449e-001  0.000000e+000
    outer loop
      vertex -2.937500e+001  1.808253e+001  1.100000e+001
      vertex -2.904244e+001  1.780348e+001  6.000000e+000
      vertex -2.904244e+001  1.780348e+001  1.100000e+001
    endloop
  endfacet
  facet normal -8.660255e-001 -4.999997e-001  -0.000000e+000
    outer loop
      vertex -2.904244e+001  1.780348e+001  1.100000e+001
      vertex -2.904244e+001  1.780348e+001  6.000000e+000
      vertex -2.882538e+001  1.742752e+001  6.000000e+000
    endloop
  endfacet
  facet normal -8.660255e-001 -4.999997e-001  0.000000e+000
    outer loop
      vertex -2.904244e+001  1.780348e+001  1.100000e+001
      vertex -2.882538e+001  1.742752e+001  6.000000e+000
      vertex -2.882538e+001  1.742752e+001  1.100000e+001
    endloop
  endfacet
  facet normal -9.848077e-001 -1.736482e-001  -0.000000e+000
    outer loop
      vertex -2.882538e+001  1.742752e+001  1.100000e+001
      vertex -2.882538e+001  1.742752e+001  6.000000e+000
      vertex -2.875000e+001  1.700000e+001  6.000000e+000
    endloop
  endfacet
  facet normal -9.848077e-001 -1.736482e-001  0.000000e+000
    outer loop
      vertex -2.882538e+001  1.742752e+001  1.100000e+001
      vertex -2.875000e+001  1.700000e+001  6.000000e+000
      vertex -2.875000e+001  1.700000e+001  1.100000e+001
    endloop
  endfacet
  facet normal  -0.000000e+000  0.000000e+000  1.000000e+000
    outer loop
      vertex  2.121706e+001 -1.576899e+001  6.000000e+000
      vertex  2.078294e+001 -1.576899e+001  6.000000e+000
      vertex  2.162500e+001 -1.591747e+001  6.000000e+000
    endloop
  endfacet
  facet normal  0.000000e+000  0.000000e+000  9.999999e-001
    outer loop
      vertex  2.162500e+001 -1.591747e+001  6.000000e+000
      vertex  2.078294e+001 -1.576899e+001  6.000000e+000
      vertex  2.037500e+001 -1.591747e+001  6.000000e+000
    endloop
  endfacet
  facet normal  -0.000000e+000  0.000000e+000  1.000000e+000
    outer loop
      vertex  2.162500e+001 -1.591747e+001  6.000000e+000
      vertex  2.037500e+001 -1.591747e+001  6.000000e+000
      vertex  2.195756e+001 -1.619652e+001  6.000000e+000
    endloop
  endfacet
  facet normal  0.000000e+000  0.000000e+000  1.000000e+000
    outer loop
      vertex  2.195756e+001 -1.619652e+001  6.000000e+000
      vertex  2.037500e+001 -1.591747e+001  6.000000e+000
      vertex  2.004244e+001 -1.619652e+001  6.000000e+000
    endloop
  endfacet
  facet normal  -0.000000e+000  0.000000e+000  9.999999e-001
    outer loop
      vertex  2.195756e+001 -1.619652e+001  6.000000e+000
      vertex  2.004244e+001 -1.619652e+001  6.000000e+000
      vertex  2.217462e+001 -1.657248e+001  6.000000e+000
    endloop
  endfacet
  facet normal  0.000000e+000  0.000000e+000  1.000000e+000
    outer loop
      vertex  2.217462e+001 -1.657248e+001  6.000000e+000
      vertex  2.004244e+001 -1.619652e+001  6.000000e+000
      vertex  1.982538e+001 -1.657248e+001  6.000000e+000
    endloop
  endfacet
  facet normal  -0.000000e+000  0.000000e+000  1.000000e+000
    outer loop
      vertex  2.217462e+001 -1.657248e+001  6.000000e+000
      vertex  1.982538e+001 -1.657248e+001  6.000000e+000
      vertex  2.225000e+001 -1.700000e+001  6.000000e+000
    endloop
  endfacet
  facet normal  0.000000e+000  0.000000e+000  1.000000e+000
    outer loop
      vertex  2.225000e+001 -1.700000e+001  6.000000e+000
      vertex  1.982538e+001 -1.657248e+001  6.000000e+000
      vertex  1.975000e+001 -1.700000e+001  6.000000e+000
    endloop
  endfacet
  facet normal  -0.000000e+000  0.000000e+000  1.000000e+000
    outer loop
      vertex  2.225000e+001 -1.700000e+001  6.000000e+000
      vertex  1.975000e+001 -1.700000e+001  6.000000e+000
      vertex  2.217462e+001 -1.742752e+001  6.000000e+000
    endloop
  endfacet
  facet normal  0.000000e+000  0.000000e+000  1.000000e+000
    outer loop
      vertex  2.217462e+001 -1.742752e+001  6.000000e+000
      vertex  1.975000e+001 -1.700000e+001  6.000000e+000
      vertex  1.982538e+001 -1.742752e+001  6.000000e+000
    endloop
  endfacet
  facet normal  -0.000000e+000  0.000000e+000  1.000000e+000
    outer loop
      vertex  2.217462e+001 -1.742752e+001  6.000000e+000
      vertex  1.982538e+001 -1.742752e+001  6.000000e+000
      vertex  2.195756e+001 -1.780348e+001  6.000000e+000
    endloop
  endfacet
  facet normal  0.000000e+000  0.000000e+000  9.999999e-001
    outer loop
      vertex  2.195756e+001 -1.780348e+001  6.000000e+000
      vertex  1.982538e+001 -1.742752e+001  6.000000e+000
      vertex  2.004244e+001 -1.780348e+001  6.000000e+000
    endloop
  endfacet
  facet normal  -0.000000e+000  0.000000e+000  1.000000e+000
    outer loop
      vertex  2.195756e+001 -1.780348e+001  6.000000e+000
      vertex  2.004244e+001 -1.780348e+001  6.000000e+000
      vertex  2.162500e+001 -1.808253e+001  6.000000e+000
    endloop
  endfacet
  facet normal  0.000000e+000  0.000000e+000  1.000000e+000
    outer loop
      vertex  2.162500e+001 -1.808253e+001  6.000000e+000
      vertex  2.004244e+001 -1.780348e+001  6.000000e+000
      vertex  2.037500e+001 -1.808253e+001  6.000000e+000
    endloop
  endfacet
  facet normal  -0.000000e+000  0.000000e+000  1.000000e+000
    outer loop
      vertex  2.162500e+001 -1.808253e+001  6.000000e+000
      vertex  2.037500e+001 -1.808253e+001  6.000000e+000
      vertex  2.121706e+001 -1.823101e+001  6.000000e+000
    endloop
  endfacet
  facet normal  0.000000e+000  0.000000e+000  1.000000e+000
    outer loop
      vertex  2.121706e+001 -1.823101e+001  6.000000e+000
      vertex  2.037500e+001 -1.808253e+001  6.000000e+000
      vertex  2.078294e+001 -1.823101e+001  6.000000e+000
    endloop
  endfacet
  facet normal  -0.000000e+000  0.000000e+000  1.000000e+000
    outer loop
      vertex  2.121706e+001  1.823101e+001  6.000000e+000
      vertex  2.078294e+001  1.823101e+001  6.000000e+000
      vertex  2.162500e+001  1.808253e+001  6.000000e+000
    endloop
  endfacet
  facet normal  0.000000e+000  0.000000e+000  1.000000e+000
    outer loop
      vertex  2.162500e+001  1.808253e+001  6.000000e+000
      vertex  2.078294e+001  1.823101e+001  6.000000e+000
      vertex  2.037500e+001  1.808253e+001  6.000000e+000
    endloop
  endfacet
  facet normal  -0.000000e+000  0.000000e+000  1.000000e+000
    outer loop
      vertex  2.162500e+001  1.808253e+001  6.000000e+000
      vertex  2.037500e+001  1.808253e+001  6.000000e+000
      vertex  2.195756e+001  1.780348e+001  6.000000e+000
    endloop
  endfacet
  facet normal  0.000000e+000  0.000000e+000  1.000000e+000
    outer loop
      vertex  2.195756e+001  1.780348e+001  6.000000e+000
      vertex  2.037500e+001  1.808253e+001  6.000000e+000
      vertex  2.004244e+001  1.780348e+001  6.000000e+000
    endloop
  endfacet
  facet normal  -0.000000e+000  0.000000e+000  9.999999e-001
    outer loop
      vertex  2.195756e+001  1.780348e+001  6.000000e+000
      vertex  2.004244e+001  1.780348e+001  6.000000e+000
      vertex  2.217462e+001  1.742752e+001  6.000000e+000
    endloop
  endfacet
  facet normal  0.000000e+000  0.000000e+000  1.000000e+000
    outer loop
      vertex  2.217462e+001  1.742752e+001  6.000000e+000
      vertex  2.004244e+001  1.780348e+001  6.000000e+000
      vertex  1.982538e+001  1.742752e+001  6.000000e+000
    endloop
  endfacet
  facet normal  -0.000000e+000  0.000000e+000  1.000000e+000
    outer loop
      vertex  2.217462e+001  1.742752e+001  6.000000e+000
      vertex  1.982538e+001  1.742752e+001  6.000000e+000
      vertex  2.225000e+001  1.700000e+001  6.000000e+000
    endloop
  endfacet
  facet normal  0.000000e+000  0.000000e+000  1.000000e+000
    outer loop
      vertex  2.225000e+001  1.700000e+001  6.000000e+000
      vertex  1.982538e+001  1.742752e+001  6.000000e+000
      vertex  1.975000e+001  1.700000e+001  6.000000e+000
    endloop
  endfacet
  facet normal  -0.000000e+000  0.000000e+000  1.000000e+000
    outer loop
      vertex  2.225000e+001  1.700000e+001  6.000000e+000
      vertex  1.975000e+001  1.700000e+001  6.000000e+000
      vertex  2.217462e+001  1.657248e+001  6.000000e+000
    endloop
  endfacet
  facet normal  0.000000e+000  0.000000e+000  1.000000e+000
    outer loop
      vertex  2.217462e+001  1.657248e+001  6.000000e+000
      vertex  1.975000e+001  1.700000e+001  6.000000e+000
      vertex  1.982538e+001  1.657248e+001  6.000000e+000
    endloop
  endfacet
  facet normal  -0.000000e+000  0.000000e+000  1.000000e+000
    outer loop
      vertex  2.217462e+001  1.657248e+001  6.000000e+000
      vertex  1.982538e+001  1.657248e+001  6.000000e+000
      vertex  2.195756e+001  1.619652e+001  6.000000e+000
    endloop
  endfacet
  facet normal  0.000000e+000  0.000000e+000  9.999999e-001
    outer loop
      vertex  2.195756e+001  1.619652e+001  6.000000e+000
      vertex  1.982538e+001  1.657248e+001  6.000000e+000
      vertex  2.004244e+001  1.619652e+001  6.000000e+000
    endloop
  endfacet
  facet normal  -0.000000e+000  0.000000e+000  1.000000e+000
    outer loop
      vertex  2.195756e+001  1.619652e+001  6.000000e+000
      vertex  2.004244e+001  1.619652e+001  6.000000e+000
      vertex  2.162500e+001  1.591747e+001  6.000000e+000
    endloop
  endfacet
  facet normal  0.000000e+000  0.000000e+000  1.000000e+000
    outer loop
      vertex  2.162500e+001  1.591747e+001  6.000000e+000
      vertex  2.004244e+001  1.619652e+001  6.000000e+000
      vertex  2.037500e+001  1.591747e+001  6.000000e+000
    endloop
  endfacet
  facet normal  -0.000000e+000  0.000000e+000  9.999999e-001
    outer loop
      vertex  2.162500e+001  1.591747e+001  6.000000e+000
      vertex  2.037500e+001  1.591747e+001  6.000000e+000
      vertex  2.121706e+001  1.576899e+001  6.000000e+000
    endloop
  endfacet
  facet normal  0.000000e+000  0.000000e+000  1.000000e+000
    outer loop
      vertex  2.121706e+001  1.576899e+001  6.000000e+000
      vertex  2.037500e+001  1.591747e+001  6.000000e+000
      vertex  2.078294e+001  1.576899e+001  6.000000e+000
    endloop
  endfacet
  facet normal  -0.000000e+000  0.000000e+000  1.000000e+000
    outer loop
      vertex -2.978294e+001 -1.576899e+001  6.000000e+000
      vertex -3.021706e+001 -1.576899e+001  6.000000e+000
      vertex -2.937500e+001 -1.591747e+001  6.000000e+000
    endloop
  endfacet
  facet normal  0.000000e+000  0.000000e+000  9.999999e-001
    outer loop
      vertex -2.937500e+001 -1.591747e+001  6.000000e+000
      vertex -3.021706e+001 -1.576899e+001  6.000000e+000
      vertex -3.062500e+001 -1.591747e+001  6.000000e+000
    endloop
  endfacet
  facet normal  -0.000000e+000  0.000000e+000  1.000000e+000
    outer loop
      vertex -2.937500e+001 -1.591747e+001  6.000000e+000
      vertex -3.062500e+001 -1.591747e+001  6.000000e+000
      vertex -2.904244e+001 -1.619652e+001  6.000000e+000
    endloop
  endfacet
  facet normal  0.000000e+000  0.000000e+000  1.000000e+000
    outer loop
      vertex -2.904244e+001 -1.619652e+001  6.000000e+000
      vertex -3.062500e+001 -1.591747e+001  6.000000e+000
      vertex -3.095756e+001 -1.619652e+001  6.000000e+000
    endloop
  endfacet
  facet normal  -0.000000e+000  0.000000e+000  9.999999e-001
    outer loop
      vertex -2.904244e+001 -1.619652e+001  6.000000e+000
      vertex -3.095756e+001 -1.619652e+001  6.000000e+000
      vertex -2.882538e+001 -1.657248e+001  6.000000e+000
    endloop
  endfacet
  facet normal  0.000000e+000  0.000000e+000  1.000000e+000
    outer loop
      vertex -2.882538e+001 -1.657248e+001  6.000000e+000
      vertex -3.095756e+001 -1.619652e+001  6.000000e+000
      vertex -3.117462e+001 -1.657248e+001  6.000000e+000
    endloop
  endfacet
  facet normal  -0.000000e+000  0.000000e+000  1.000000e+000
    outer loop
      vertex -2.882538e+001 -1.657248e+001  6.000000e+000
      vertex -3.117462e+001 -1.657248e+001  6.000000e+000
      vertex -2.875000e+001 -1.700000e+001  6.000000e+000
    endloop
  endfacet
  facet normal  0.000000e+000  0.000000e+000  1.000000e+000
    outer loop
      vertex -2.875000e+001 -1.700000e+001  6.000000e+000
      vertex -3.117462e+001 -1.657248e+001  6.000000e+000
      vertex -3.125000e+001 -1.700000e+001  6.000000e+000
    endloop
  endfacet
  facet normal  -0.000000e+000  0.000000e+000  1.000000e+000
    outer loop
      vertex -2.875000e+001 -1.700000e+001  6.000000e+000
      vertex -3.125000e+001 -1.700000e+001  6.000000e+000
      vertex -2.882538e+001 -1.742752e+001  6.000000e+000
    endloop
  endfacet
  facet normal  0.000000e+000  0.000000e+000  1.000000e+000
    outer loop
      vertex -2.882538e+001 -1.742752e+001  6.000000e+000
      vertex -3.125000e+001 -1.700000e+001  6.000000e+000
      vertex -3.117462e+001 -1.742752e+001  6.000000e+000
    endloop
  endfacet
  facet normal  -0.000000e+000  0.000000e+000  1.000000e+000
    outer loop
      vertex -2.882538e+001 -1.742752e+001  6.000000e+000
      vertex -3.117462e+001 -1.742752e+001  6.000000e+000
      vertex -2.904244e+001 -1.780348e+001  6.000000e+000
    endloop
  endfacet
  facet normal  0.000000e+000  0.000000e+000  9.999999e-001
    outer loop
      vertex -2.904244e+001 -1.780348e+001  6.000000e+000
      vertex -3.117462e+001 -1.742752e+001  6.000000e+000
      vertex -3.095756e+001 -1.780348e+001  6.000000e+000
    endloop
  endfacet
  facet normal  -0.000000e+000  0.000000e+000  1.000000e+000
    outer loop
      vertex -2.904244e+001 -1.780348e+001  6.000000e+000
      vertex -3.095756e+001 -1.780348e+001  6.000000e+000
      vertex -2.937500e+001 -1.808253e+001  6.000000e+000
    endloop
  endfacet
  facet normal  0.000000e+000  0.000000e+000  1.000000e+000
    outer loop
      vertex -2.937500e+001 -1.808253e+001  6.000000e+000
      vertex -3.095756e+001 -1.780348e+001  6.000000e+000
      vertex -3.062500e+001 -1.808253e+001  6.000000e+000
    endloop
  endfacet
  facet normal  -0.000000e+000  0.000000e+000  1.000000e+000
    outer loop
      vertex -2.937500e+001 -1.808253e+001  6.000000e+000
      vertex -3.062500e+001 -1.808253e+001  6.000000e+000
      vertex -2.978294e+001 -1.823101e+001  6.000000e+000
    endloop
  endfacet
  facet normal  0.000000e+000  0.000000e+000  1.000000e+000
    outer loop
      vertex -2.978294e+001 -1.823101e+001  6.000000e+000
      vertex -3.062500e+001 -1.808253e+001  6.000000e+000
      vertex -3.021706e+001 -1.823101e+001  6.000000e+000
    endloop
  endfacet
  facet normal  -0.000000e+000  0.000000e+000  1.000000e+000
    outer loop
      vertex -2.978294e+001  1.823101e+001  6.000000e+000
      vertex -3.021706e+001  1.823101e+001  6.000000e+000
      vertex -2.937500e+001  1.808253e+001  6.000000e+000
    endloop
  endfacet
  facet normal  0.000000e+000  0.000000e+000  1.000000e+000
    outer loop
      vertex -2.937500e+001  1.808253e+001  6.000000e+000
      vertex -3.021706e+001  1.823101e+001  6.000000e+000
      vertex -3.062500e+001  1.808253e+001  6.000000e+000
    endloop
  endfacet
  facet normal  -0.000000e+000  0.000000e+000  1.000000e+000
    outer loop
      vertex -2.937500e+001  1.808253e+001  6.000000e+000
      vertex -3.062500e+001  1.808253e+001  6.000000e+000
      vertex -2.904244e+001  1.780348e+001  6.000000e+000
    endloop
  endfacet
  facet normal  0.000000e+000  0.000000e+000  1.000000e+000
    outer loop
      vertex -2.904244e+001  1.780348e+001  6.000000e+000
      vertex -3.062500e+001  1.808253e+001  6.000000e+000
      vertex -3.095756e+001  1.780348e+001  6.000000e+000
    endloop
  endfacet
  facet normal  -0.000000e+000  0.000000e+000  9.999999e-001
    outer loop
      vertex -2.904244e+001  1.780348e+001  6.000000e+000
      vertex -3.095756e+001  1.780348e+001  6.000000e+000
      vertex -2.882538e+001  1.742752e+001  6.000000e+000
    endloop
  endfacet
  facet normal  0.000000e+000  0.000000e+000  1.000000e+000
    outer loop
      vertex -2.882538e+001  1.742752e+001  6.000000e+000
      vertex -3.095756e+001  1.780348e+001  6.000000e+000
      vertex -3.117462e+001  1.742752e+001  6.000000e+000
    endloop
  endfacet
  facet normal  -0.000000e+000  0.000000e+000  1.000000e+000
    outer loop
      vertex -2.882538e+001  1.742752e+001  6.000000e+000
      vertex -3.117462e+001  1.742752e+001  6.000000e+000
      vertex -2.875000e+001  1.700000e+001  6.000000e+000
    endloop
  endfacet
  facet normal  0.000000e+000  0.000000e+000  1.000000e+000
    outer loop
      vertex -2.875000e+001  1.700000e+001  6.000000e+000
      vertex -3.117462e+001  1.742752e+001  6.000000e+000
      vertex -3.125000e+001  1.700000e+001  6.000000e+000
    endloop
  endfacet
  facet normal  -0.000000e+000  0.000000e+000  1.000000e+000
    outer loop
      vertex -2.875000e+001  1.700000e+001  6.000000e+000
      vertex -3.125000e+001  1.700000e+001  6.000000e+000
      vertex -2.882538e+001  1.657248e+001  6.000000e+000
    endloop
  endfacet
  facet normal  0.000000e+000  0.000000e+000  1.000000e+000
    outer loop
      vertex -2.882538e+001  1.657248e+001  6.000000e+000
      vertex -3.125000e+001  1.700000e+001  6.000000e+000
      vertex -3.117462e+001  1.657248e+001  6.000000e+000
    endloop
  endfacet
  facet normal  -0.000000e+000  0.000000e+000  1.000000e+000
    outer loop
      vertex -2.882538e+001  1.657248e+001  6.000000e+000
      vertex -3.117462e+001  1.657248e+001  6.000000e+000
      vertex -2.904244e+001  1.619652e+001  6.000000e+000
    endloop
  endfacet
  facet normal  0.000000e+000  0.000000e+000  9.999999e-001
    outer loop
      vertex -2.904244e+001  1.619652e+001  6.000000e+000
      vertex -3.117462e+001  1.657248e+001  6.000000e+000
      vertex -3.095756e+001  1.619652e+001  6.000000e+000
    endloop
  endfacet
  facet normal  -0.000000e+000  0.000000e+000  1.000000e+000
    outer loop
      vertex -2.904244e+001  1.619652e+001  6.000000e+000
      vertex -3.095756e+001  1.619652e+001  6.000000e+000
      vertex -2.937500e+001  1.591747e+001  6.000000e+000
    endloop
  endfacet
  facet normal  0.000000e+000  0.000000e+000  1.000000e+000
    outer loop
      vertex -2.937500e+001  1.591747e+001  6.000000e+000
      vertex -3.095756e+001  1.619652e+001  6.000000e+000
      vertex -3.062500e+001  1.591747e+001  6.000000e+000
    endloop
  endfacet
  facet normal  -0.000000e+000  0.000000e+000  9.999999e-001
    outer loop
      vertex -2.937500e+001  1.591747e+001  6.000000e+000
      vertex -3.062500e+001  1.591747e+001  6.000000e+000
      vertex -2.978294e+001  1.576899e+001  6.000000e+000
    endloop
  endfacet
  facet normal  0.000000e+000  0.000000e+000  1.000000e+000
    outer loop
      vertex -2.978294e+001  1.576899e+001  6.000000e+000
      vertex -3.062500e+001  1.591747e+001  6.000000e+000
      vertex -3.021706e+001  1.576899e+001  6.000000e+000
    endloop
  endfacet
  facet normal  7.747193e-001  6.323054e-001  1.171044e-004
    outer loop
      vertex -1.399390e+001 -1.300811e+001  5.174455e+000
      vertex -1.374766e+001 -1.330984e+001  5.301054e+000
      vertex -1.373768e+001 -1.332111e+001  1.098364e-001
    endloop
  endfacet
  facet normal  5.705465e-001  8.212606e-001  2.771291e-003
    outer loop
      vertex -1.283824e+001 -1.411636e+001  5.873729e+000
      vertex -1.252237e+001 -1.431713e+001  3.429184e-001
      vertex -1.316891e+001 -1.386756e+001  2.210400e-001
    endloop
  endfacet
  facet normal  8.821357e-001  4.709955e-001  -0.000000e+000
    outer loop
      vertex -1.421134e+001 -1.269529e+001  3.027145e-002
      vertex -1.458258e+001 -1.200000e+001  1.776357e-015
      vertex -1.458258e+001 -1.200000e+001  5.000000e+000
    endloop
  endfacet
  facet normal  9.001611e-001  4.355111e-001  6.310924e-003
    outer loop
      vertex -1.421134e+001 -1.269529e+001  3.027145e-002
      vertex -1.458258e+001 -1.200000e+001  5.000000e+000
      vertex -1.441390e+001 -1.234893e+001  5.020360e+000
    endloop
  endfacet
  facet normal  8.640803e-001  5.033541e-001  1.373167e-004
    outer loop
      vertex -1.421134e+001 -1.269529e+001  3.027145e-002
      vertex -1.441390e+001 -1.234893e+001  5.020360e+000
      vertex -1.422063e+001 -1.268073e+001  5.078252e+000
    endloop
  endfacet
  facet normal  8.221242e-001  5.693082e-001 -1.301448e-004
    outer loop
      vertex -1.421134e+001 -1.269529e+001  3.027145e-002
      vertex -1.422063e+001 -1.268073e+001  5.078252e+000
      vertex -1.399390e+001 -1.300811e+001  5.174455e+000
    endloop
  endfacet
  facet normal  7.971747e-001  6.037411e-001  3.018380e-003
    outer loop
      vertex -1.421134e+001 -1.269529e+001  3.027145e-002
      vertex -1.399390e+001 -1.300811e+001  5.174455e+000
      vertex -1.373768e+001 -1.332111e+001  1.098364e-001
    endloop
  endfacet
  facet normal  9.976490e-001  6.853188e-002  -0.000000e+000
    outer loop
      vertex -1.495303e+001 -1.068371e+001  5.000000e+000
      vertex -1.500000e+001 -1.000000e+001 -8.262324e-016
      vertex -1.500000e+001 -1.000000e+001  5.000000e+000
    endloop
  endfacet
  facet normal  9.976490e-001  6.853188e-002  0.000000e+000
    outer loop
      vertex -1.500000e+001 -1.000000e+001 -8.262324e-016
      vertex -1.495303e+001 -1.068371e+001  5.000000e+000
      vertex -1.495303e+001 -1.068371e+001  0.000000e+000
    endloop
  endfacet
  facet normal  9.789062e-001  2.043101e-001  -0.000000e+000
    outer loop
      vertex -1.495303e+001 -1.068371e+001  0.000000e+000
      vertex -1.495303e+001 -1.068371e+001  5.000000e+000
      vertex -1.481301e+001 -1.135458e+001  5.000000e+000
    endloop
  endfacet
  facet normal  9.789062e-001  2.043101e-001  0.000000e+000
    outer loop
      vertex -1.495303e+001 -1.068371e+001  0.000000e+000
      vertex -1.481301e+001 -1.135458e+001  5.000000e+000
      vertex -1.481301e+001 -1.135458e+001  0.000000e+000
    endloop
  endfacet
  facet normal  9.417733e-001  3.362484e-001  -0.000000e+000
    outer loop
      vertex -1.481301e+001 -1.135458e+001  0.000000e+000
      vertex -1.481301e+001 -1.135458e+001  5.000000e+000
      vertex -1.458258e+001 -1.200000e+001  5.000000e+000
    endloop
  endfacet
  facet normal  9.417733e-001  3.362484e-001  0.000000e+000
    outer loop
      vertex -1.481301e+001 -1.135458e+001  0.000000e+000
      vertex -1.458258e+001 -1.200000e+001  5.000000e+000
      vertex -1.458258e+001 -1.200000e+001  1.776357e-015
    endloop
  endfacet
  facet normal  6.163802e-001  7.874475e-001 -1.398125e-003
    outer loop
      vertex -1.283824e+001 -1.411636e+001  5.873729e+000
      vertex -1.316891e+001 -1.386756e+001  2.210400e-001
      vertex -1.330883e+001 -1.374855e+001  5.562261e+000
    endloop
  endfacet
  facet normal  6.926053e-001  7.213138e-001  2.072298e-003
    outer loop
      vertex -1.330883e+001 -1.374855e+001  5.562261e+000
      vertex -1.316891e+001 -1.386756e+001  2.210400e-001
      vertex -1.373768e+001 -1.332111e+001  1.098364e-001
    endloop
  endfacet
  facet normal  7.070637e-001  7.071499e-001 -1.752843e-004
    outer loop
      vertex -1.330883e+001 -1.374855e+001  5.562261e+000
      vertex -1.373768e+001 -1.332111e+001  1.098364e-001
      vertex -1.374766e+001 -1.330984e+001  5.301054e+000
    endloop
  endfacet
  facet normal  5.198899e-001  8.542323e-001 -1.318617e-003
    outer loop
      vertex -1.283824e+001 -1.411636e+001  5.873729e+000
      vertex -1.234523e+001 -1.441587e+001  6.221353e+000
      vertex -1.252237e+001 -1.431713e+001  3.429184e-001
    endloop
  endfacet
  facet normal  4.112928e-001  9.114985e-001  2.915708e-003
    outer loop
      vertex -1.252237e+001 -1.431713e+001  3.429184e-001
      vertex -1.234523e+001 -1.441587e+001  6.221353e+000
      vertex -1.177746e+001 -1.467340e+001  6.638768e+000
    endloop
  endfacet
  facet normal  4.348786e-001  9.004889e-001 -4.979242e-004
    outer loop
      vertex -1.252237e+001 -1.431713e+001  3.429184e-001
      vertex -1.177746e+001 -1.467340e+001  6.638768e+000
      vertex -1.181223e+001 -1.466002e+001  4.551817e-001
    endloop
  endfacet
  facet normal  2.976940e-001  9.546613e-001  3.907109e-004
    outer loop
      vertex -1.181223e+001 -1.466002e+001  4.551817e-001
      vertex -1.177746e+001 -1.467340e+001  6.638768e+000
      vertex -1.119666e+001 -1.485469e+001  7.077641e+000
    endloop
  endfacet
  facet normal  3.043923e-001  9.525468e-001 -2.940735e-004
    outer loop
      vertex -1.181223e+001 -1.466002e+001  4.551817e-001
      vertex -1.119666e+001 -1.485469e+001  7.077641e+000
      vertex -1.122560e+001 -1.484746e+001  5.239083e-001
    endloop
  endfacet
  facet normal  1.805484e-001  9.835661e-001  2.870153e-004
    outer loop
      vertex -1.122560e+001 -1.484746e+001  5.239083e-001
      vertex -1.119666e+001 -1.485469e+001  7.077641e+000
      vertex -1.060771e+001 -1.496293e+001  7.529851e+000
    endloop
  endfacet
  facet normal  1.847435e-001  9.827867e-001 -9.581562e-005
    outer loop
      vertex -1.122560e+001 -1.484746e+001  5.239083e-001
      vertex -1.060771e+001 -1.496293e+001  7.529851e+000
      vertex -1.061824e+001 -1.496163e+001  5.683951e-001
    endloop
  endfacet
  facet normal  6.081198e-002  9.981492e-001  9.452411e-005
    outer loop
      vertex -1.061824e+001 -1.496163e+001  5.683951e-001
      vertex -1.060771e+001 -1.496293e+001  7.529851e+000
      vertex -1.000000e+001 -1.500000e+001  8.000000e+000
    endloop
  endfacet
  facet normal  6.194389e-002  9.980796e-001  0.000000e+000
    outer loop
      vertex -1.061824e+001 -1.496163e+001  5.683951e-001
      vertex -1.000000e+001 -1.500000e+001  8.000000e+000
      vertex -1.000000e+001 -1.500000e+001  5.838015e-001
    endloop
  endfacet
  facet normal -5.705465e-001  8.212606e-001  2.771291e-003
    outer loop
      vertex  1.283824e+001 -1.411636e+001  5.873729e+000
      vertex  1.316891e+001 -1.386756e+001  2.210400e-001
      vertex  1.252237e+001 -1.431713e+001  3.429184e-001
    endloop
  endfacet
  facet normal -6.163802e-001  7.874475e-001 -1.398125e-003
    outer loop
      vertex  1.330883e+001 -1.374855e+001  5.562261e+000
      vertex  1.316891e+001 -1.386756e+001  2.210400e-001
      vertex  1.283824e+001 -1.411636e+001  5.873729e+000
    endloop
  endfacet
  facet normal -5.198899e-001  8.542323e-001 -1.318617e-003
    outer loop
      vertex  1.283824e+001 -1.411636e+001  5.873729e+000
      vertex  1.252237e+001 -1.431713e+001  3.429184e-001
      vertex  1.234523e+001 -1.441587e+001  6.221353e+000
    endloop
  endfacet
  facet normal -4.345533e-001  9.006438e-001  2.032453e-003
    outer loop
      vertex  1.234523e+001 -1.441587e+001  6.221353e+000
      vertex  1.252237e+001 -1.431713e+001  3.429184e-001
      vertex  1.181223e+001 -1.466002e+001  4.551817e-001
    endloop
  endfacet
  facet normal -4.132894e-001  9.105997e-001 -3.546475e-004
    outer loop
      vertex  1.234523e+001 -1.441587e+001  6.221353e+000
      vertex  1.181223e+001 -1.466002e+001  4.551817e-001
      vertex  1.177746e+001 -1.467340e+001  6.638768e+000
    endloop
  endfacet
  facet normal -3.043239e-001  9.525685e-001  3.489006e-004
    outer loop
      vertex  1.177746e+001 -1.467340e+001  6.638768e+000
      vertex  1.181223e+001 -1.466002e+001  4.551817e-001
      vertex  1.122560e+001 -1.484746e+001  5.239083e-001
    endloop
  endfacet
  facet normal -2.981450e-001  9.545205e-001 -2.643097e-004
    outer loop
      vertex  1.177746e+001 -1.467340e+001  6.638768e+000
      vertex  1.122560e+001 -1.484746e+001  5.239083e-001
      vertex  1.119666e+001 -1.485469e+001  7.077641e+000
    endloop
  endfacet
  facet normal -1.847178e-001  9.827915e-001  2.677493e-004
    outer loop
      vertex  1.119666e+001 -1.485469e+001  7.077641e+000
      vertex  1.122560e+001 -1.484746e+001  5.239083e-001
      vertex  1.061824e+001 -1.496163e+001  5.683951e-001
    endloop
  endfacet
  facet normal -1.808283e-001  9.835147e-001 -8.975701e-005
    outer loop
      vertex  1.119666e+001 -1.485469e+001  7.077641e+000
      vertex  1.061824e+001 -1.496163e+001  5.683951e-001
      vertex  1.060771e+001 -1.496293e+001  7.529851e+000
    endloop
  endfacet
  facet normal -6.194158e-002  9.980797e-001  9.280239e-005
    outer loop
      vertex  1.060771e+001 -1.496293e+001  7.529851e+000
      vertex  1.061824e+001 -1.496163e+001  5.683951e-001
      vertex  1.000000e+001 -1.500000e+001  5.838015e-001
    endloop
  endfacet
  facet normal -6.088484e-002  9.981449e-001  0.000000e+000
    outer loop
      vertex  1.060771e+001 -1.496293e+001  7.529851e+000
      vertex  1.000000e+001 -1.500000e+001  5.838015e-001
      vertex  1.000000e+001 -1.500000e+001  8.000000e+000
    endloop
  endfacet
  facet normal -8.221242e-001  5.693082e-001 -1.301448e-004
    outer loop
      vertex  1.422063e+001 -1.268073e+001  5.078252e+000
      vertex  1.421134e+001 -1.269529e+001  3.027145e-002
      vertex  1.399390e+001 -1.300811e+001  5.174455e+000
    endloop
  endfacet
  facet normal -7.971747e-001  6.037411e-001  3.018380e-003
    outer loop
      vertex  1.399390e+001 -1.300811e+001  5.174455e+000
      vertex  1.421134e+001 -1.269529e+001  3.027145e-002
      vertex  1.373768e+001 -1.332111e+001  1.098364e-001
    endloop
  endfacet
  facet normal -7.747192e-001  6.323054e-001  1.171044e-004
    outer loop
      vertex  1.399390e+001 -1.300811e+001  5.174455e+000
      vertex  1.373768e+001 -1.332111e+001  1.098364e-001
      vertex  1.374766e+001 -1.330984e+001  5.301054e+000
    endloop
  endfacet
  facet normal -6.928411e-001  7.210902e-001 -2.328593e-004
    outer loop
      vertex  1.374766e+001 -1.330984e+001  5.301054e+000
      vertex  1.373768e+001 -1.332111e+001  1.098364e-001
      vertex  1.316891e+001 -1.386756e+001  2.210400e-001
    endloop
  endfacet
  facet normal -7.061972e-001  7.080099e-001  2.724795e-003
    outer loop
      vertex  1.374766e+001 -1.330984e+001  5.301054e+000
      vertex  1.316891e+001 -1.386756e+001  2.210400e-001
      vertex  1.330883e+001 -1.374855e+001  5.562261e+000
    endloop
  endfacet
  facet normal -9.003236e-001  4.352214e-001  0.000000e+000
    outer loop
      vertex  1.458258e+001 -1.200000e+001  5.000000e+000
      vertex  1.458258e+001 -1.200000e+001  1.776357e-015
      vertex  1.441390e+001 -1.234893e+001  5.020360e+000
    endloop
  endfacet
  facet normal -8.820751e-001  4.710985e-001  3.106638e-003
    outer loop
      vertex  1.441390e+001 -1.234893e+001  5.020360e+000
      vertex  1.458258e+001 -1.200000e+001  1.776357e-015
      vertex  1.421134e+001 -1.269529e+001  3.027145e-002
    endloop
  endfacet
  facet normal -8.640803e-001  5.033541e-001  1.373140e-004
    outer loop
      vertex  1.441390e+001 -1.234893e+001  5.020360e+000
      vertex  1.421134e+001 -1.269529e+001  3.027145e-002
      vertex  1.422063e+001 -1.268073e+001  5.078252e+000
    endloop
  endfacet
  facet normal -9.417733e-001  3.362484e-001  0.000000e+000
    outer loop
      vertex  1.481301e+001 -1.135458e+001  5.000000e+000
      vertex  1.458258e+001 -1.200000e+001  1.776357e-015
      vertex  1.458258e+001 -1.200000e+001  5.000000e+000
    endloop
  endfacet
  facet normal -9.417733e-001  3.362484e-001  0.000000e+000
    outer loop
      vertex  1.458258e+001 -1.200000e+001  1.776357e-015
      vertex  1.481301e+001 -1.135458e+001  5.000000e+000
      vertex  1.481301e+001 -1.135458e+001  0.000000e+000
    endloop
  endfacet
  facet normal -9.789062e-001  2.043101e-001  0.000000e+000
    outer loop
      vertex  1.481301e+001 -1.135458e+001  0.000000e+000
      vertex  1.481301e+001 -1.135458e+001  5.000000e+000
      vertex  1.495303e+001 -1.068371e+001  5.000000e+000
    endloop
  endfacet
  facet normal -9.789062e-001  2.043101e-001  0.000000e+000
    outer loop
      vertex  1.481301e+001 -1.135458e+001  0.000000e+000
      vertex  1.495303e+001 -1.068371e+001  5.000000e+000
      vertex  1.495303e+001 -1.068371e+001  0.000000e+000
    endloop
  endfacet
  facet normal -9.976490e-001  6.853188e-002  0.000000e+000
    outer loop
      vertex  1.495303e+001 -1.068371e+001  0.000000e+000
      vertex  1.495303e+001 -1.068371e+001  5.000000e+000
      vertex  1.500000e+001 -1.000000e+001  5.000000e+000
    endloop
  endfacet
  facet normal -9.976490e-001  6.853188e-002  0.000000e+000
    outer loop
      vertex  1.495303e+001 -1.068371e+001  0.000000e+000
      vertex  1.500000e+001 -1.000000e+001  5.000000e+000
      vertex  1.500000e+001 -1.000000e+001  0.000000e+000
    endloop
  endfacet
  facet normal  5.705465e-001 -8.212606e-001  2.771291e-003
    outer loop
      vertex -1.283824e+001  1.411636e+001  5.873729e+000
      vertex -1.316891e+001  1.386756e+001  2.210400e-001
      vertex -1.252237e+001  1.431713e+001  3.429184e-001
    endloop
  endfacet
  facet normal  6.163802e-001 -7.874475e-001 -1.398125e-003
    outer loop
      vertex -1.330883e+001  1.374855e+001  5.562261e+000
      vertex -1.316891e+001  1.386756e+001  2.210400e-001
      vertex -1.283824e+001  1.411636e+001  5.873729e+000
    endloop
  endfacet
  facet normal  5.198899e-001 -8.542323e-001 -1.318617e-003
    outer loop
      vertex -1.283824e+001  1.411636e+001  5.873729e+000
      vertex -1.252237e+001  1.431713e+001  3.429184e-001
      vertex -1.234523e+001  1.441587e+001  6.221353e+000
    endloop
  endfacet
  facet normal  4.345533e-001 -9.006438e-001  2.032453e-003
    outer loop
      vertex -1.234523e+001  1.441587e+001  6.221353e+000
      vertex -1.252237e+001  1.431713e+001  3.429184e-001
      vertex -1.181223e+001  1.466002e+001  4.551817e-001
    endloop
  endfacet
  facet normal  4.132894e-001 -9.105997e-001 -3.546475e-004
    outer loop
      vertex -1.234523e+001  1.441587e+001  6.221353e+000
      vertex -1.181223e+001  1.466002e+001  4.551817e-001
      vertex -1.177746e+001  1.467340e+001  6.638768e+000
    endloop
  endfacet
  facet normal  3.043239e-001 -9.525685e-001  3.489006e-004
    outer loop
      vertex -1.177746e+001  1.467340e+001  6.638768e+000
      vertex -1.181223e+001  1.466002e+001  4.551817e-001
      vertex -1.122560e+001  1.484746e+001  5.239083e-001
    endloop
  endfacet
  facet normal  2.981450e-001 -9.545205e-001 -2.643097e-004
    outer loop
      vertex -1.177746e+001  1.467340e+001  6.638768e+000
      vertex -1.122560e+001  1.484746e+001  5.239083e-001
      vertex -1.119666e+001  1.485469e+001  7.077641e+000
    endloop
  endfacet
  facet normal  1.847178e-001 -9.827915e-001  2.677493e-004
    outer loop
      vertex -1.119666e+001  1.485469e+001  7.077641e+000
      vertex -1.122560e+001  1.484746e+001  5.239083e-001
      vertex -1.061824e+001  1.496163e+001  5.683951e-001
    endloop
  endfacet
  facet normal  1.808283e-001 -9.835147e-001 -8.975701e-005
    outer loop
      vertex -1.119666e+001  1.485469e+001  7.077641e+000
      vertex -1.061824e+001  1.496163e+001  5.683951e-001
      vertex -1.060771e+001  1.496293e+001  7.529851e+000
    endloop
  endfacet
  facet normal  6.194158e-002 -9.980797e-001  9.280239e-005
    outer loop
      vertex -1.060771e+001  1.496293e+001  7.529851e+000
      vertex -1.061824e+001  1.496163e+001  5.683951e-001
      vertex -1.000000e+001  1.500000e+001  5.838015e-001
    endloop
  endfacet
  facet normal  6.088484e-002 -9.981449e-001  0.000000e+000
    outer loop
      vertex -1.060771e+001  1.496293e+001  7.529851e+000
      vertex -1.000000e+001  1.500000e+001  5.838015e-001
      vertex -1.000000e+001  1.500000e+001  8.000000e+000
    endloop
  endfacet
  facet normal  8.221242e-001 -5.693082e-001 -1.301448e-004
    outer loop
      vertex -1.422063e+001  1.268073e+001  5.078252e+000
      vertex -1.421134e+001  1.269529e+001  3.027145e-002
      vertex -1.399390e+001  1.300811e+001  5.174455e+000
    endloop
  endfacet
  facet normal  7.971747e-001 -6.037411e-001  3.018380e-003
    outer loop
      vertex -1.399390e+001  1.300811e+001  5.174455e+000
      vertex -1.421134e+001  1.269529e+001  3.027145e-002
      vertex -1.373768e+001  1.332111e+001  1.098364e-001
    endloop
  endfacet
  facet normal  7.747192e-001 -6.323054e-001  1.171044e-004
    outer loop
      vertex -1.399390e+001  1.300811e+001  5.174455e+000
      vertex -1.373768e+001  1.332111e+001  1.098364e-001
      vertex -1.374766e+001  1.330984e+001  5.301054e+000
    endloop
  endfacet
  facet normal  6.928411e-001 -7.210902e-001 -2.328593e-004
    outer loop
      vertex -1.374766e+001  1.330984e+001  5.301054e+000
      vertex -1.373768e+001  1.332111e+001  1.098364e-001
      vertex -1.316891e+001  1.386756e+001  2.210400e-001
    endloop
  endfacet
  facet normal  7.061972e-001 -7.080099e-001  2.724795e-003
    outer loop
      vertex -1.374766e+001  1.330984e+001  5.301054e+000
      vertex -1.316891e+001  1.386756e+001  2.210400e-001
      vertex -1.330883e+001  1.374855e+001  5.562261e+000
    endloop
  endfacet
  facet normal  9.003236e-001 -4.352214e-001  0.000000e+000
    outer loop
      vertex -1.458258e+001  1.200000e+001  5.000000e+000
      vertex -1.458258e+001  1.200000e+001 -8.262324e-016
      vertex -1.441390e+001  1.234893e+001  5.020360e+000
    endloop
  endfacet
  facet normal  8.820751e-001 -4.710985e-001  3.106638e-003
    outer loop
      vertex -1.441390e+001  1.234893e+001  5.020360e+000
      vertex -1.458258e+001  1.200000e+001 -8.262324e-016
      vertex -1.421134e+001  1.269529e+001  3.027145e-002
    endloop
  endfacet
  facet normal  8.640803e-001 -5.033541e-001  1.373140e-004
    outer loop
      vertex -1.441390e+001  1.234893e+001  5.020360e+000
      vertex -1.421134e+001  1.269529e+001  3.027145e-002
      vertex -1.422063e+001  1.268073e+001  5.078252e+000
    endloop
  endfacet
  facet normal  9.417733e-001 -3.362484e-001  0.000000e+000
    outer loop
      vertex -1.481301e+001  1.135458e+001  5.000000e+000
      vertex -1.458258e+001  1.200000e+001 -8.262324e-016
      vertex -1.458258e+001  1.200000e+001  5.000000e+000
    endloop
  endfacet
  facet normal  9.417733e-001 -3.362484e-001  0.000000e+000
    outer loop
      vertex -1.458258e+001  1.200000e+001 -8.262324e-016
      vertex -1.481301e+001  1.135458e+001  5.000000e+000
      vertex -1.481301e+001  1.135458e+001  0.000000e+000
    endloop
  endfacet
  facet normal  9.789062e-001 -2.043101e-001  0.000000e+000
    outer loop
      vertex -1.481301e+001  1.135458e+001  0.000000e+000
      vertex -1.481301e+001  1.135458e+001  5.000000e+000
      vertex -1.495303e+001  1.068371e+001  5.000000e+000
    endloop
  endfacet
  facet normal  9.789062e-001 -2.043101e-001  0.000000e+000
    outer loop
      vertex -1.481301e+001  1.135458e+001  0.000000e+000
      vertex -1.495303e+001  1.068371e+001  5.000000e+000
      vertex -1.495303e+001  1.068371e+001  0.000000e+000
    endloop
  endfacet
  facet normal  9.976490e-001 -6.853188e-002  0.000000e+000
    outer loop
      vertex -1.495303e+001  1.068371e+001  0.000000e+000
      vertex -1.495303e+001  1.068371e+001  5.000000e+000
      vertex -1.500000e+001  1.000000e+001  5.000000e+000
    endloop
  endfacet
  facet normal  9.976490e-001 -6.853188e-002  0.000000e+000
    outer loop
      vertex -1.495303e+001  1.068371e+001  0.000000e+000
      vertex -1.500000e+001  1.000000e+001  5.000000e+000
      vertex -1.500000e+001  1.000000e+001  0.000000e+000
    endloop
  endfacet
  facet normal -7.747193e-001 -6.323054e-001  1.171044e-004
    outer loop
      vertex  1.399390e+001  1.300811e+001  5.174455e+000
      vertex  1.374766e+001  1.330984e+001  5.301054e+000
      vertex  1.373768e+001  1.332111e+001  1.098364e-001
    endloop
  endfacet
  facet normal -5.705465e-001 -8.212606e-001  2.771291e-003
    outer loop
      vertex  1.283824e+001  1.411636e+001  5.873729e+000
      vertex  1.252237e+001  1.431713e+001  3.429184e-001
      vertex  1.316891e+001  1.386756e+001  2.210400e-001
    endloop
  endfacet
  facet normal -8.821357e-001 -4.709955e-001  0.000000e+000
    outer loop
      vertex  1.421134e+001  1.269529e+001  3.027145e-002
      vertex  1.458258e+001  1.200000e+001 -8.262324e-016
      vertex  1.458258e+001  1.200000e+001  5.000000e+000
    endloop
  endfacet
  facet normal -9.001611e-001 -4.355111e-001  6.310924e-003
    outer loop
      vertex  1.421134e+001  1.269529e+001  3.027145e-002
      vertex  1.458258e+001  1.200000e+001  5.000000e+000
      vertex  1.441390e+001  1.234893e+001  5.020360e+000
    endloop
  endfacet
  facet normal -8.640803e-001 -5.033541e-001  1.373167e-004
    outer loop
      vertex  1.421134e+001  1.269529e+001  3.027145e-002
      vertex  1.441390e+001  1.234893e+001  5.020360e+000
      vertex  1.422063e+001  1.268073e+001  5.078252e+000
    endloop
  endfacet
  facet normal -8.221242e-001 -5.693082e-001 -1.301448e-004
    outer loop
      vertex  1.421134e+001  1.269529e+001  3.027145e-002
      vertex  1.422063e+001  1.268073e+001  5.078252e+000
      vertex  1.399390e+001  1.300811e+001  5.174455e+000
    endloop
  endfacet
  facet normal -7.971747e-001 -6.037411e-001  3.018380e-003
    outer loop
      vertex  1.421134e+001  1.269529e+001  3.027145e-002
      vertex  1.399390e+001  1.300811e+001  5.174455e+000
      vertex  1.373768e+001  1.332111e+001  1.098364e-001
    endloop
  endfacet
  facet normal -9.976490e-001 -6.853188e-002  0.000000e+000
    outer loop
      vertex  1.495303e+001  1.068371e+001  5.000000e+000
      vertex  1.500000e+001  1.000000e+001 -8.262324e-016
      vertex  1.500000e+001  1.000000e+001  5.000000e+000
    endloop
  endfacet
  facet normal -9.976490e-001 -6.853188e-002  -0.000000e+000
    outer loop
      vertex  1.500000e+001  1.000000e+001 -8.262324e-016
      vertex  1.495303e+001  1.068371e+001  5.000000e+000
      vertex  1.495303e+001  1.068371e+001  0.000000e+000
    endloop
  endfacet
  facet normal -9.789062e-001 -2.043101e-001  0.000000e+000
    outer loop
      vertex  1.495303e+001  1.068371e+001  0.000000e+000
      vertex  1.495303e+001  1.068371e+001  5.000000e+000
      vertex  1.481301e+001  1.135458e+001  5.000000e+000
    endloop
  endfacet
  facet normal -9.789062e-001 -2.043101e-001  -0.000000e+000
    outer loop
      vertex  1.495303e+001  1.068371e+001  0.000000e+000
      vertex  1.481301e+001  1.135458e+001  5.000000e+000
      vertex  1.481301e+001  1.135458e+001  0.000000e+000
    endloop
  endfacet
  facet normal -9.417733e-001 -3.362484e-001  0.000000e+000
    outer loop
      vertex  1.481301e+001  1.135458e+001  0.000000e+000
      vertex  1.481301e+001  1.135458e+001  5.000000e+000
      vertex  1.458258e+001  1.200000e+001  5.000000e+000
    endloop
  endfacet
  facet normal -9.417733e-001 -3.362484e-001  -0.000000e+000
    outer loop
      vertex  1.481301e+001  1.135458e+001  0.000000e+000
      vertex  1.458258e+001  1.200000e+001  5.000000e+000
      vertex  1.458258e+001  1.200000e+001 -8.262324e-016
    endloop
  endfacet
  facet normal -6.163802e-001 -7.874475e-001 -1.398125e-003
    outer loop
      vertex  1.283824e+001  1.411636e+001  5.873729e+000
      vertex  1.316891e+001  1.386756e+001  2.210400e-001
      vertex  1.330883e+001  1.374855e+001  5.562261e+000
    endloop
  endfacet
  facet normal -6.926053e-001 -7.213138e-001  2.072298e-003
    outer loop
      vertex  1.330883e+001  1.374855e+001  5.562261e+000
      vertex  1.316891e+001  1.386756e+001  2.210400e-001
      vertex  1.373768e+001  1.332111e+001  1.098364e-001
    endloop
  endfacet
  facet normal -7.070637e-001 -7.071499e-001 -1.752843e-004
    outer loop
      vertex  1.330883e+001  1.374855e+001  5.562261e+000
      vertex  1.373768e+001  1.332111e+001  1.098364e-001
      vertex  1.374766e+001  1.330984e+001  5.301054e+000
    endloop
  endfacet
  facet normal -5.198899e-001 -8.542323e-001 -1.318617e-003
    outer loop
      vertex  1.283824e+001  1.411636e+001  5.873729e+000
      vertex  1.234523e+001  1.441587e+001  6.221353e+000
      vertex  1.252237e+001  1.431713e+001  3.429184e-001
    endloop
  endfacet
  facet normal -4.112928e-001 -9.114985e-001  2.915708e-003
    outer loop
      vertex  1.252237e+001  1.431713e+001  3.429184e-001
      vertex  1.234523e+001  1.441587e+001  6.221353e+000
      vertex  1.177746e+001  1.467340e+001  6.638768e+000
    endloop
  endfacet
  facet normal -4.348786e-001 -9.004889e-001 -4.979242e-004
    outer loop
      vertex  1.252237e+001  1.431713e+001  3.429184e-001
      vertex  1.177746e+001  1.467340e+001  6.638768e+000
      vertex  1.181223e+001  1.466002e+001  4.551817e-001
    endloop
  endfacet
  facet normal -2.976940e-001 -9.546613e-001  3.907109e-004
    outer loop
      vertex  1.181223e+001  1.466002e+001  4.551817e-001
      vertex  1.177746e+001  1.467340e+001  6.638768e+000
      vertex  1.119666e+001  1.485469e+001  7.077641e+000
    endloop
  endfacet
  facet normal -3.043923e-001 -9.525468e-001 -2.940735e-004
    outer loop
      vertex  1.181223e+001  1.466002e+001  4.551817e-001
      vertex  1.119666e+001  1.485469e+001  7.077641e+000
      vertex  1.122560e+001  1.484746e+001  5.239083e-001
    endloop
  endfacet
  facet normal -1.805484e-001 -9.835661e-001  2.870153e-004
    outer loop
      vertex  1.122560e+001  1.484746e+001  5.239083e-001
      vertex  1.119666e+001  1.485469e+001  7.077641e+000
      vertex  1.060771e+001  1.496293e+001  7.529851e+000
    endloop
  endfacet
  facet normal -1.847435e-001 -9.827867e-001 -9.581562e-005
    outer loop
      vertex  1.122560e+001  1.484746e+001  5.239083e-001
      vertex  1.060771e+001  1.496293e+001  7.529851e+000
      vertex  1.061824e+001  1.496163e+001  5.683951e-001
    endloop
  endfacet
  facet normal -6.081198e-002 -9.981492e-001  9.452411e-005
    outer loop
      vertex  1.061824e+001  1.496163e+001  5.683951e-001
      vertex  1.060771e+001  1.496293e+001  7.529851e+000
      vertex  1.000000e+001  1.500000e+001  8.000000e+000
    endloop
  endfacet
  facet normal -6.194389e-002 -9.980796e-001  -0.000000e+000
    outer loop
      vertex  1.061824e+001  1.496163e+001  5.683951e-001
      vertex  1.000000e+001  1.500000e+001  8.000000e+000
      vertex  1.000000e+001  1.500000e+001  5.838015e-001
    endloop
  endfacet
  facet normal -1.000000e+000  0.000000e+000  0.000000e+000
    outer loop
      vertex  1.500000e+001  0.000000e+000  5.000000e+000
      vertex  1.500000e+001 -1.000000e+001  0.000000e+000
      vertex  1.500000e+001 -1.000000e+001  5.000000e+000
    endloop
  endfacet
  facet normal -1.000000e+000  0.000000e+000  0.000000e+000
    outer loop
      vertex  1.500000e+001  1.000000e+001 -8.262324e-016
      vertex  1.500000e+001  0.000000e+000 -8.262324e-016
      vertex  1.500000e+001  1.000000e+001  5.000000e+000
    endloop
  endfacet
  facet normal -1.000000e+000  0.000000e+000  0.000000e+000
    outer loop
      vertex  1.500000e+001  1.000000e+001  5.000000e+000
      vertex  1.500000e+001  0.000000e+000 -8.262324e-016
      vertex  1.500000e+001 -1.000000e+001  0.000000e+000
    endloop
  endfacet
  facet normal -1.000000e+000  0.000000e+000  0.000000e+000
    outer loop
      vertex  1.500000e+001  1.000000e+001  5.000000e+000
      vertex  1.500000e+001 -1.000000e+001  0.000000e+000
      vertex  1.500000e+001  0.000000e+000  5.000000e+000
    endloop
  endfacet
  facet normal  1.000000e+000  0.000000e+000  -0.000000e+000
    outer loop
      vertex -1.500000e+001  0.000000e+000  5.000000e+000
      vertex -1.500000e+001  1.000000e+001  0.000000e+000
      vertex -1.500000e+001  1.000000e+001  5.000000e+000
    endloop
  endfacet
  facet normal  1.000000e+000  0.000000e+000  0.000000e+000
    outer loop
      vertex -1.500000e+001 -1.000000e+001 -8.262324e-016
      vertex -1.500000e+001  0.000000e+000 -8.262324e-016
      vertex -1.500000e+001 -1.000000e+001  5.000000e+000
    endloop
  endfacet
  facet normal  1.000000e+000  0.000000e+000  0.000000e+000
    outer loop
      vertex -1.500000e+001 -1.000000e+001  5.000000e+000
      vertex -1.500000e+001  0.000000e+000 -8.262324e-016
      vertex -1.500000e+001  1.000000e+001  0.000000e+000
    endloop
  endfacet
  facet normal  1.000000e+000  0.000000e+000  0.000000e+000
    outer loop
      vertex -1.500000e+001 -1.000000e+001  5.000000e+000
      vertex -1.500000e+001  1.000000e+001  0.000000e+000
      vertex -1.500000e+001  0.000000e+000  5.000000e+000
    endloop
  endfacet
  facet normal  0.000000e+000  1.000000e+000  0.000000e+000
    outer loop
      vertex -3.400000e+001  2.000000e+001  1.100000e+001
      vertex  3.400000e+001  2.000000e+001  1.100000e+001
      vertex -3.400000e+001  2.000000e+001  8.000000e+000
    endloop
  endfacet
  facet normal  0.000000e+000  1.000000e+000  0.000000e+000
    outer loop
      vertex -3.400000e+001  2.000000e+001  8.000000e+000
      vertex  3.400000e+001  2.000000e+001  1.100000e+001
      vertex  3.400000e+001  2.000000e+001  8.000000e+000
    endloop
  endfacet
  facet normal  0.000000e+000 -1.000000e+000  0.000000e+000
    outer loop
      vertex -3.400000e+001 -2.000000e+001  1.100000e+001
      vertex -3.400000e+001 -2.000000e+001  8.000000e+000
      vertex  3.400000e+001 -2.000000e+001  1.100000e+001
    endloop
  endfacet
  facet normal  0.000000e+000 -1.000000e+000  -0.000000e+000
    outer loop
      vertex  3.400000e+001 -2.000000e+001  1.100000e+001
      vertex -3.400000e+001 -2.000000e+001  8.000000e+000
      vertex  3.400000e+001 -2.000000e+001  8.000000e+000
    endloop
  endfacet
endsolid CATIA STL
