solid CATIA STL
  facet normal  0.000000e+000 -1.000000e+000  0.000000e+000
    outer loop
      vertex -1.062900e+001 -2.000000e+001 -3.180073e+000
      vertex -1.328921e+001 -2.000000e+001 -4.875000e+000
      vertex -1.074166e+001 -2.000000e+001 -3.875000e+000
    endloop
  endfacet
  facet normal  0.000000e+000 -1.000000e+000  0.000000e+000
    outer loop
      vertex -1.328921e+001 -2.000000e+001 -4.875000e+000
      vertex -1.074166e+001 -2.000000e+001 -4.875000e+000
      vertex -1.074166e+001 -2.000000e+001 -3.875000e+000
    endloop
  endfacet
  facet normal  0.000000e+000 -1.000000e+000  0.000000e+000
    outer loop
      vertex -1.062900e+001 -2.000000e+001 -3.180073e+000
      vertex -1.038844e+001 -2.000000e+001 -2.518450e+000
      vertex -1.328921e+001 -2.000000e+001 -4.875000e+000
    endloop
  endfacet
  facet normal  0.000000e+000 -1.000000e+000  0.000000e+000
    outer loop
      vertex -1.038844e+001 -2.000000e+001 -2.518450e+000
      vertex -1.002845e+001 -2.000000e+001 -1.913447e+000
      vertex -1.328921e+001 -2.000000e+001 -4.875000e+000
    endloop
  endfacet
  facet normal  0.000000e+000 -1.000000e+000  0.000000e+000
    outer loop
      vertex -1.716421e+001 -2.000000e+001 -1.000000e+000
      vertex -1.328921e+001 -2.000000e+001 -4.875000e+000
      vertex -1.002845e+001 -2.000000e+001 -1.913447e+000
    endloop
  endfacet
  facet normal  0.000000e+000 -1.000000e+000  0.000000e+000
    outer loop
      vertex -1.716421e+001 -2.000000e+001 -1.000000e+000
      vertex -1.002845e+001 -2.000000e+001 -1.913447e+000
      vertex -9.561738e+000 -2.000000e+001 -1.386387e+000
    endloop
  endfacet
  facet normal  0.000000e+000 -1.000000e+000  0.000000e+000
    outer loop
      vertex -1.716421e+001 -2.000000e+001 -1.000000e+000
      vertex -9.561738e+000 -2.000000e+001 -1.386387e+000
      vertex -9.004736e+000 -2.000000e+001 -9.558468e-001
    endloop
  endfacet
  facet normal  -0.000000e+000 -1.000000e+000  0.000000e+000
    outer loop
      vertex -1.716421e+001 -2.000000e+001 -1.000000e+000
      vertex -9.004736e+000 -2.000000e+001 -9.558468e-001
      vertex -8.377081e+000 -2.000000e+001 -6.369993e-001
    endloop
  endfacet
  facet normal  -0.000000e+000 -1.000000e+000  0.000000e+000
    outer loop
      vertex -1.716421e+001 -2.000000e+001 -1.000000e+000
      vertex -8.377081e+000 -2.000000e+001 -6.369993e-001
      vertex -7.700891e+000 -2.000000e+001 -4.410821e-001
    endloop
  endfacet
  facet normal  -0.000000e+000 -1.000000e+000  0.000000e+000
    outer loop
      vertex -1.716421e+001 -2.000000e+001 -1.000000e+000
      vertex -7.700891e+000 -2.000000e+001 -4.410821e-001
      vertex -7.000000e+000 -2.000000e+001 -3.750000e-001
    endloop
  endfacet
  facet normal  0.000000e+000 -1.000000e+000  0.000000e+000
    outer loop
      vertex -1.716421e+001 -2.000000e+001 -1.000000e+000
      vertex -7.000000e+000 -2.000000e+001 -3.750000e-001
      vertex -3.400000e+001 -2.000000e+001 -1.000000e+000
    endloop
  endfacet
  facet normal  0.000000e+000 -1.000000e+000  0.000000e+000
    outer loop
      vertex  1.716421e+001 -2.000000e+001 -1.000000e+000
      vertex  7.000000e+000 -2.000000e+001 -3.750000e-001
      vertex  7.700891e+000 -2.000000e+001 -4.410821e-001
    endloop
  endfacet
  facet normal  0.000000e+000 -1.000000e+000  0.000000e+000
    outer loop
      vertex  1.716421e+001 -2.000000e+001 -1.000000e+000
      vertex  7.700891e+000 -2.000000e+001 -4.410821e-001
      vertex  8.377081e+000 -2.000000e+001 -6.369993e-001
    endloop
  endfacet
  facet normal  0.000000e+000 -1.000000e+000  0.000000e+000
    outer loop
      vertex  1.716421e+001 -2.000000e+001 -1.000000e+000
      vertex  8.377081e+000 -2.000000e+001 -6.369993e-001
      vertex  9.004736e+000 -2.000000e+001 -9.558468e-001
    endloop
  endfacet
  facet normal  0.000000e+000 -1.000000e+000  0.000000e+000
    outer loop
      vertex  1.716421e+001 -2.000000e+001 -1.000000e+000
      vertex  9.004736e+000 -2.000000e+001 -9.558468e-001
      vertex  9.561738e+000 -2.000000e+001 -1.386387e+000
    endloop
  endfacet
  facet normal  0.000000e+000 -1.000000e+000  0.000000e+000
    outer loop
      vertex  1.716421e+001 -2.000000e+001 -1.000000e+000
      vertex  9.561738e+000 -2.000000e+001 -1.386387e+000
      vertex  1.002845e+001 -2.000000e+001 -1.913447e+000
    endloop
  endfacet
  facet normal  0.000000e+000 -1.000000e+000  0.000000e+000
    outer loop
      vertex  1.716421e+001 -2.000000e+001 -1.000000e+000
      vertex  1.002845e+001 -2.000000e+001 -1.913447e+000
      vertex  1.038844e+001 -2.000000e+001 -2.518450e+000
    endloop
  endfacet
  facet normal  0.000000e+000 -1.000000e+000  0.000000e+000
    outer loop
      vertex  1.716421e+001 -2.000000e+001 -1.000000e+000
      vertex  1.038844e+001 -2.000000e+001 -2.518450e+000
      vertex  1.062900e+001 -2.000000e+001 -3.180073e+000
    endloop
  endfacet
  facet normal  0.000000e+000 -1.000000e+000  0.000000e+000
    outer loop
      vertex  1.716421e+001 -2.000000e+001 -1.000000e+000
      vertex  1.062900e+001 -2.000000e+001 -3.180073e+000
      vertex  1.074166e+001 -2.000000e+001 -3.875000e+000
    endloop
  endfacet
  facet normal  0.000000e+000 -1.000000e+000  0.000000e+000
    outer loop
      vertex  1.716421e+001 -2.000000e+001 -1.000000e+000
      vertex  1.074166e+001 -2.000000e+001 -3.875000e+000
      vertex  1.074166e+001 -2.000000e+001 -4.875000e+000
    endloop
  endfacet
  facet normal  0.000000e+000 -1.000000e+000  0.000000e+000
    outer loop
      vertex  1.716421e+001 -2.000000e+001 -1.000000e+000
      vertex  1.074166e+001 -2.000000e+001 -4.875000e+000
      vertex  1.328921e+001 -2.000000e+001 -4.875000e+000
    endloop
  endfacet
  facet normal  0.000000e+000 -1.000000e+000  0.000000e+000
    outer loop
      vertex -3.400000e+001 -2.000000e+001  1.000000e+001
      vertex -3.400000e+001 -2.000000e+001 -1.000000e+000
      vertex -7.000000e+000 -2.000000e+001 -3.750000e-001
    endloop
  endfacet
  facet normal  0.000000e+000 -1.000000e+000  0.000000e+000
    outer loop
      vertex -3.400000e+001 -2.000000e+001  1.000000e+001
      vertex -7.000000e+000 -2.000000e+001 -3.750000e-001
      vertex  7.000000e+000 -2.000000e+001 -3.750000e-001
    endloop
  endfacet
  facet normal  0.000000e+000 -1.000000e+000  0.000000e+000
    outer loop
      vertex -3.400000e+001 -2.000000e+001  1.000000e+001
      vertex  7.000000e+000 -2.000000e+001 -3.750000e-001
      vertex  1.716421e+001 -2.000000e+001 -1.000000e+000
    endloop
  endfacet
  facet normal  0.000000e+000 -1.000000e+000  0.000000e+000
    outer loop
      vertex -3.400000e+001 -2.000000e+001  1.000000e+001
      vertex  1.716421e+001 -2.000000e+001 -1.000000e+000
      vertex  3.400000e+001 -2.000000e+001 -1.000000e+000
    endloop
  endfacet
  facet normal  0.000000e+000 -1.000000e+000  0.000000e+000
    outer loop
      vertex -3.400000e+001 -2.000000e+001  1.000000e+001
      vertex  3.400000e+001 -2.000000e+001 -1.000000e+000
      vertex  3.400000e+001 -2.000000e+001  1.000000e+001
    endloop
  endfacet
  facet normal  0.000000e+000  9.999999e-001  -0.000000e+000
    outer loop
      vertex -7.000000e+000 -1.700000e+001 -3.750000e-001
      vertex -7.700891e+000 -1.700000e+001 -4.410821e-001
      vertex -9.944021e+000 -1.700000e+001 -3.973681e-001
    endloop
  endfacet
  facet normal  0.000000e+000  9.999999e-001  0.000000e+000
    outer loop
      vertex -7.000000e+000 -1.700000e+001 -3.750000e-001
      vertex -9.944021e+000 -1.700000e+001 -3.973681e-001
      vertex -9.282939e+000 -1.700000e+001  4.041609e-002
    endloop
  endfacet
  facet normal  0.000000e+000  1.000000e+000  0.000000e+000
    outer loop
      vertex -7.000000e+000 -1.700000e+001 -3.750000e-001
      vertex -9.282939e+000 -1.700000e+001  4.041609e-002
      vertex  7.000000e+000 -1.700000e+001 -3.750000e-001
    endloop
  endfacet
  facet normal  0.000000e+000  1.000000e+000  0.000000e+000
    outer loop
      vertex -7.000000e+000 -1.700000e+001  6.250000e-001
      vertex  7.000000e+000 -1.700000e+001  6.250000e-001
      vertex -7.790130e+000 -1.700000e+001  5.588226e-001
    endloop
  endfacet
  facet normal  0.000000e+000  1.000000e+000  0.000000e+000
    outer loop
      vertex -7.790130e+000 -1.700000e+001  5.588226e-001
      vertex  7.000000e+000 -1.700000e+001  6.250000e-001
      vertex  7.790130e+000 -1.700000e+001  5.588226e-001
    endloop
  endfacet
  facet normal  0.000000e+000  1.000000e+000  0.000000e+000
    outer loop
      vertex -7.790130e+000 -1.700000e+001  5.588226e-001
      vertex  7.790130e+000 -1.700000e+001  5.588226e-001
      vertex -8.558244e+000 -1.700000e+001  3.621345e-001
    endloop
  endfacet
  facet normal  0.000000e+000  9.999999e-001  0.000000e+000
    outer loop
      vertex -8.558244e+000 -1.700000e+001  3.621345e-001
      vertex  7.790130e+000 -1.700000e+001  5.588226e-001
      vertex  8.558244e+000 -1.700000e+001  3.621345e-001
    endloop
  endfacet
  facet normal  0.000000e+000  1.000000e+000  0.000000e+000
    outer loop
      vertex -8.558244e+000 -1.700000e+001  3.621345e-001
      vertex  8.558244e+000 -1.700000e+001  3.621345e-001
      vertex -9.282939e+000 -1.700000e+001  4.041609e-002
    endloop
  endfacet
  facet normal  0.000000e+000  1.000000e+000  0.000000e+000
    outer loop
      vertex -9.282939e+000 -1.700000e+001  4.041609e-002
      vertex  8.558244e+000 -1.700000e+001  3.621345e-001
      vertex  9.282939e+000 -1.700000e+001  4.041609e-002
    endloop
  endfacet
  facet normal  0.000000e+000  1.000000e+000  0.000000e+000
    outer loop
      vertex -9.282939e+000 -1.700000e+001  4.041609e-002
      vertex  9.282939e+000 -1.700000e+001  4.041609e-002
      vertex  7.000000e+000 -1.700000e+001 -3.750000e-001
    endloop
  endfacet
  facet normal  -0.000000e+000  9.999999e-001  0.000000e+000
    outer loop
      vertex  7.000000e+000 -1.700000e+001 -3.750000e-001
      vertex  9.282939e+000 -1.700000e+001  4.041609e-002
      vertex  9.944021e+000 -1.700000e+001 -3.973681e-001
    endloop
  endfacet
  facet normal  0.000000e+000  9.999999e-001  0.000000e+000
    outer loop
      vertex  7.000000e+000 -1.700000e+001 -3.750000e-001
      vertex  9.944021e+000 -1.700000e+001 -3.973681e-001
      vertex  7.700891e+000 -1.700000e+001 -4.410821e-001
    endloop
  endfacet
  facet normal  0.000000e+000  1.000000e+000  0.000000e+000
    outer loop
      vertex  7.700891e+000 -1.700000e+001 -4.410821e-001
      vertex  9.944021e+000 -1.700000e+001 -3.973681e-001
      vertex  8.377081e+000 -1.700000e+001 -6.369993e-001
    endloop
  endfacet
  facet normal  -0.000000e+000  1.000000e+000  0.000000e+000
    outer loop
      vertex  8.377081e+000 -1.700000e+001 -6.369993e-001
      vertex  9.944021e+000 -1.700000e+001 -3.973681e-001
      vertex  1.052307e+001 -1.700000e+001 -9.390196e-001
    endloop
  endfacet
  facet normal  0.000000e+000  1.000000e+000  0.000000e+000
    outer loop
      vertex  8.377081e+000 -1.700000e+001 -6.369993e-001
      vertex  1.052307e+001 -1.700000e+001 -9.390196e-001
      vertex  9.004736e+000 -1.700000e+001 -9.558468e-001
    endloop
  endfacet
  facet normal  0.000000e+000  1.000000e+000  0.000000e+000
    outer loop
      vertex  9.004736e+000 -1.700000e+001 -9.558468e-001
      vertex  1.052307e+001 -1.700000e+001 -9.390196e-001
      vertex  9.561738e+000 -1.700000e+001 -1.386387e+000
    endloop
  endfacet
  facet normal  -0.000000e+000  9.999999e-001  0.000000e+000
    outer loop
      vertex  9.561738e+000 -1.700000e+001 -1.386387e+000
      vertex  1.052307e+001 -1.700000e+001 -9.390196e-001
      vertex  1.100395e+001 -1.700000e+001 -1.569446e+000
    endloop
  endfacet
  facet normal  0.000000e+000  1.000000e+000  0.000000e+000
    outer loop
      vertex  9.561738e+000 -1.700000e+001 -1.386387e+000
      vertex  1.100395e+001 -1.700000e+001 -1.569446e+000
      vertex  1.002845e+001 -1.700000e+001 -1.913447e+000
    endloop
  endfacet
  facet normal  -0.000000e+000  1.000000e+000  0.000000e+000
    outer loop
      vertex  1.002845e+001 -1.700000e+001 -1.913447e+000
      vertex  1.100395e+001 -1.700000e+001 -1.569446e+000
      vertex  1.137327e+001 -1.700000e+001 -2.271080e+000
    endloop
  endfacet
  facet normal  0.000000e+000  1.000000e+000  0.000000e+000
    outer loop
      vertex  1.002845e+001 -1.700000e+001 -1.913447e+000
      vertex  1.137327e+001 -1.700000e+001 -2.271080e+000
      vertex  1.038844e+001 -1.700000e+001 -2.518450e+000
    endloop
  endfacet
  facet normal  0.000000e+000  1.000000e+000  0.000000e+000
    outer loop
      vertex  1.038844e+001 -1.700000e+001 -2.518450e+000
      vertex  1.137327e+001 -1.700000e+001 -2.271080e+000
      vertex  1.062900e+001 -1.700000e+001 -3.180073e+000
    endloop
  endfacet
  facet normal  0.000000e+000  1.000000e+000  0.000000e+000
    outer loop
      vertex  1.062900e+001 -1.700000e+001 -3.180073e+000
      vertex  1.137327e+001 -1.700000e+001 -2.271080e+000
      vertex  1.162073e+001 -1.700000e+001 -3.024373e+000
    endloop
  endfacet
  facet normal  0.000000e+000  1.000000e+000  0.000000e+000
    outer loop
      vertex  1.062900e+001 -1.700000e+001 -3.180073e+000
      vertex  1.162073e+001 -1.700000e+001 -3.024373e+000
      vertex  1.074166e+001 -1.700000e+001 -3.875000e+000
    endloop
  endfacet
  facet normal  0.000000e+000  1.000000e+000  0.000000e+000
    outer loop
      vertex  1.074166e+001 -1.700000e+001 -3.875000e+000
      vertex  1.162073e+001 -1.700000e+001 -3.024373e+000
      vertex  1.173943e+001 -1.700000e+001 -3.808333e+000
    endloop
  endfacet
  facet normal  0.000000e+000  1.000000e+000  0.000000e+000
    outer loop
      vertex -9.944021e+000 -1.700000e+001 -3.973681e-001
      vertex -7.700891e+000 -1.700000e+001 -4.410821e-001
      vertex -1.052307e+001 -1.700000e+001 -9.390196e-001
    endloop
  endfacet
  facet normal  0.000000e+000  1.000000e+000  0.000000e+000
    outer loop
      vertex -1.052307e+001 -1.700000e+001 -9.390196e-001
      vertex -7.700891e+000 -1.700000e+001 -4.410821e-001
      vertex -8.377081e+000 -1.700000e+001 -6.369993e-001
    endloop
  endfacet
  facet normal  0.000000e+000  1.000000e+000  0.000000e+000
    outer loop
      vertex -1.052307e+001 -1.700000e+001 -9.390196e-001
      vertex -8.377081e+000 -1.700000e+001 -6.369993e-001
      vertex -9.004736e+000 -1.700000e+001 -9.558468e-001
    endloop
  endfacet
  facet normal  0.000000e+000  1.000000e+000  0.000000e+000
    outer loop
      vertex -1.052307e+001 -1.700000e+001 -9.390196e-001
      vertex -9.004736e+000 -1.700000e+001 -9.558468e-001
      vertex -1.100395e+001 -1.700000e+001 -1.569446e+000
    endloop
  endfacet
  facet normal  0.000000e+000  1.000000e+000  0.000000e+000
    outer loop
      vertex -1.100395e+001 -1.700000e+001 -1.569446e+000
      vertex -9.004736e+000 -1.700000e+001 -9.558468e-001
      vertex -9.561738e+000 -1.700000e+001 -1.386387e+000
    endloop
  endfacet
  facet normal  0.000000e+000  1.000000e+000  0.000000e+000
    outer loop
      vertex -1.100395e+001 -1.700000e+001 -1.569446e+000
      vertex -9.561738e+000 -1.700000e+001 -1.386387e+000
      vertex -1.137327e+001 -1.700000e+001 -2.271080e+000
    endloop
  endfacet
  facet normal  0.000000e+000  1.000000e+000  0.000000e+000
    outer loop
      vertex -1.137327e+001 -1.700000e+001 -2.271080e+000
      vertex -9.561738e+000 -1.700000e+001 -1.386387e+000
      vertex -1.002845e+001 -1.700000e+001 -1.913447e+000
    endloop
  endfacet
  facet normal  0.000000e+000  1.000000e+000  0.000000e+000
    outer loop
      vertex -1.137327e+001 -1.700000e+001 -2.271080e+000
      vertex -1.002845e+001 -1.700000e+001 -1.913447e+000
      vertex -1.038844e+001 -1.700000e+001 -2.518450e+000
    endloop
  endfacet
  facet normal  0.000000e+000  1.000000e+000  0.000000e+000
    outer loop
      vertex -1.137327e+001 -1.700000e+001 -2.271080e+000
      vertex -1.038844e+001 -1.700000e+001 -2.518450e+000
      vertex -1.162073e+001 -1.700000e+001 -3.024373e+000
    endloop
  endfacet
  facet normal  -0.000000e+000  9.999999e-001  0.000000e+000
    outer loop
      vertex -1.162073e+001 -1.700000e+001 -3.024373e+000
      vertex -1.038844e+001 -1.700000e+001 -2.518450e+000
      vertex -1.062900e+001 -1.700000e+001 -3.180073e+000
    endloop
  endfacet
  facet normal  0.000000e+000  1.000000e+000  0.000000e+000
    outer loop
      vertex -1.162073e+001 -1.700000e+001 -3.024373e+000
      vertex -1.062900e+001 -1.700000e+001 -3.180073e+000
      vertex -1.173943e+001 -1.700000e+001 -3.808333e+000
    endloop
  endfacet
  facet normal  -0.000000e+000  1.000000e+000  0.000000e+000
    outer loop
      vertex -1.173943e+001 -1.700000e+001 -3.808333e+000
      vertex -1.062900e+001 -1.700000e+001 -3.180073e+000
      vertex -1.074166e+001 -1.700000e+001 -3.875000e+000
    endloop
  endfacet
  facet normal -9.871122e-001  -0.000000e+000 -1.600305e-001
    outer loop
      vertex  1.062900e+001 -1.700000e+001 -3.180073e+000
      vertex  1.074166e+001 -1.700000e+001 -3.875000e+000
      vertex  1.074166e+001 -1.850000e+001 -3.875000e+000
    endloop
  endfacet
  facet normal -9.871120e-001  -0.000000e+000 -1.600304e-001
    outer loop
      vertex  1.062900e+001 -1.700000e+001 -3.180073e+000
      vertex  1.074166e+001 -1.850000e+001 -3.875000e+000
      vertex  1.074166e+001 -1.950000e+001 -3.875000e+000
    endloop
  endfacet
  facet normal -9.871120e-001  -0.000000e+000 -1.600304e-001
    outer loop
      vertex  1.062900e+001 -1.700000e+001 -3.180073e+000
      vertex  1.074166e+001 -1.950000e+001 -3.875000e+000
      vertex  1.074166e+001 -2.000000e+001 -3.875000e+000
    endloop
  endfacet
  facet normal -9.871122e-001  0.000000e+000 -1.600305e-001
    outer loop
      vertex  1.062900e+001 -1.700000e+001 -3.180073e+000
      vertex  1.074166e+001 -2.000000e+001 -3.875000e+000
      vertex  1.062900e+001 -2.000000e+001 -3.180073e+000
    endloop
  endfacet
  facet normal -4.529090e-001  0.000000e+000 -8.915568e-001
    outer loop
      vertex  9.004736e+000 -1.700000e+001 -9.558468e-001
      vertex  8.377081e+000 -2.000000e+001 -6.369993e-001
      vertex  8.377081e+000 -1.700000e+001 -6.369993e-001
    endloop
  endfacet
  facet normal -2.782916e-001  -0.000000e+000 -9.604965e-001
    outer loop
      vertex  8.377081e+000 -1.700000e+001 -6.369993e-001
      vertex  8.377081e+000 -2.000000e+001 -6.369993e-001
      vertex  7.700891e+000 -2.000000e+001 -4.410821e-001
    endloop
  endfacet
  facet normal -2.782916e-001  0.000000e+000 -9.604965e-001
    outer loop
      vertex  8.377081e+000 -1.700000e+001 -6.369993e-001
      vertex  7.700891e+000 -2.000000e+001 -4.410821e-001
      vertex  7.700891e+000 -1.700000e+001 -4.410821e-001
    endloop
  endfacet
  facet normal -9.386659e-002  -0.000000e+000 -9.955849e-001
    outer loop
      vertex  7.700891e+000 -1.700000e+001 -4.410821e-001
      vertex  7.700891e+000 -2.000000e+001 -4.410821e-001
      vertex  7.000000e+000 -2.000000e+001 -3.750000e-001
    endloop
  endfacet
  facet normal -9.386659e-002  0.000000e+000 -9.955849e-001
    outer loop
      vertex  7.700891e+000 -1.700000e+001 -4.410821e-001
      vertex  7.000000e+000 -2.000000e+001 -3.750000e-001
      vertex  7.000000e+000 -1.700000e+001 -3.750000e-001
    endloop
  endfacet
  facet normal -4.529090e-001  -0.000000e+000 -8.915568e-001
    outer loop
      vertex  8.377081e+000 -2.000000e+001 -6.369993e-001
      vertex  9.004736e+000 -1.700000e+001 -9.558468e-001
      vertex  9.004736e+000 -2.000000e+001 -9.558468e-001
    endloop
  endfacet
  facet normal -6.115629e-001  0.000000e+000 -7.911959e-001
    outer loop
      vertex  9.004736e+000 -2.000000e+001 -9.558468e-001
      vertex  9.004736e+000 -1.700000e+001 -9.558468e-001
      vertex  9.561738e+000 -1.700000e+001 -1.386387e+000
    endloop
  endfacet
  facet normal -6.115629e-001  -0.000000e+000 -7.911959e-001
    outer loop
      vertex  9.004736e+000 -2.000000e+001 -9.558468e-001
      vertex  9.561738e+000 -1.700000e+001 -1.386387e+000
      vertex  9.561738e+000 -2.000000e+001 -1.386387e+000
    endloop
  endfacet
  facet normal -7.486645e-001  0.000000e+000 -6.629490e-001
    outer loop
      vertex  9.561738e+000 -2.000000e+001 -1.386387e+000
      vertex  9.561738e+000 -1.700000e+001 -1.386387e+000
      vertex  1.002845e+001 -1.700000e+001 -1.913447e+000
    endloop
  endfacet
  facet normal -7.486645e-001  -0.000000e+000 -6.629490e-001
    outer loop
      vertex  9.561738e+000 -2.000000e+001 -1.386387e+000
      vertex  1.002845e+001 -1.700000e+001 -1.913447e+000
      vertex  1.002845e+001 -2.000000e+001 -1.913447e+000
    endloop
  endfacet
  facet normal -8.593798e-001  0.000000e+000 -5.113378e-001
    outer loop
      vertex  1.002845e+001 -2.000000e+001 -1.913447e+000
      vertex  1.002845e+001 -1.700000e+001 -1.913447e+000
      vertex  1.038844e+001 -1.700000e+001 -2.518450e+000
    endloop
  endfacet
  facet normal -8.593798e-001  -0.000000e+000 -5.113378e-001
    outer loop
      vertex  1.002845e+001 -2.000000e+001 -1.913447e+000
      vertex  1.038844e+001 -1.700000e+001 -2.518450e+000
      vertex  1.038844e+001 -2.000000e+001 -2.518450e+000
    endloop
  endfacet
  facet normal -9.398071e-001  0.000000e+000 -3.417054e-001
    outer loop
      vertex  1.038844e+001 -2.000000e+001 -2.518450e+000
      vertex  1.038844e+001 -1.700000e+001 -2.518450e+000
      vertex  1.062900e+001 -1.700000e+001 -3.180073e+000
    endloop
  endfacet
  facet normal -9.398071e-001  -0.000000e+000 -3.417054e-001
    outer loop
      vertex  1.038844e+001 -2.000000e+001 -2.518450e+000
      vertex  1.062900e+001 -1.700000e+001 -3.180073e+000
      vertex  1.062900e+001 -2.000000e+001 -3.180073e+000
    endloop
  endfacet
  facet normal  9.871120e-001  0.000000e+000 -1.600304e-001
    outer loop
      vertex -1.062900e+001 -2.000000e+001 -3.180073e+000
      vertex -1.074166e+001 -2.000000e+001 -3.875000e+000
      vertex -1.074166e+001 -1.950000e+001 -3.875000e+000
    endloop
  endfacet
  facet normal  9.871120e-001  0.000000e+000 -1.600304e-001
    outer loop
      vertex -1.062900e+001 -2.000000e+001 -3.180073e+000
      vertex -1.074166e+001 -1.950000e+001 -3.875000e+000
      vertex -1.074166e+001 -1.850000e+001 -3.875000e+000
    endloop
  endfacet
  facet normal  9.871122e-001  0.000000e+000 -1.600305e-001
    outer loop
      vertex -1.062900e+001 -2.000000e+001 -3.180073e+000
      vertex -1.074166e+001 -1.850000e+001 -3.875000e+000
      vertex -1.074166e+001 -1.700000e+001 -3.875000e+000
    endloop
  endfacet
  facet normal  9.871122e-001  0.000000e+000 -1.600305e-001
    outer loop
      vertex -1.062900e+001 -2.000000e+001 -3.180073e+000
      vertex -1.074166e+001 -1.700000e+001 -3.875000e+000
      vertex -1.062900e+001 -1.700000e+001 -3.180073e+000
    endloop
  endfacet
  facet normal  4.529090e-001  0.000000e+000 -8.915568e-001
    outer loop
      vertex -9.004736e+000 -2.000000e+001 -9.558468e-001
      vertex -8.377081e+000 -1.700000e+001 -6.369993e-001
      vertex -8.377081e+000 -2.000000e+001 -6.369993e-001
    endloop
  endfacet
  facet normal  2.782916e-001  0.000000e+000 -9.604965e-001
    outer loop
      vertex -8.377081e+000 -2.000000e+001 -6.369993e-001
      vertex -8.377081e+000 -1.700000e+001 -6.369993e-001
      vertex -7.700891e+000 -1.700000e+001 -4.410821e-001
    endloop
  endfacet
  facet normal  2.782916e-001  0.000000e+000 -9.604965e-001
    outer loop
      vertex -8.377081e+000 -2.000000e+001 -6.369993e-001
      vertex -7.700891e+000 -1.700000e+001 -4.410821e-001
      vertex -7.700891e+000 -2.000000e+001 -4.410821e-001
    endloop
  endfacet
  facet normal  9.386659e-002  0.000000e+000 -9.955849e-001
    outer loop
      vertex -7.700891e+000 -2.000000e+001 -4.410821e-001
      vertex -7.700891e+000 -1.700000e+001 -4.410821e-001
      vertex -7.000000e+000 -1.700000e+001 -3.750000e-001
    endloop
  endfacet
  facet normal  9.386659e-002  0.000000e+000 -9.955849e-001
    outer loop
      vertex -7.700891e+000 -2.000000e+001 -4.410821e-001
      vertex -7.000000e+000 -1.700000e+001 -3.750000e-001
      vertex -7.000000e+000 -2.000000e+001 -3.750000e-001
    endloop
  endfacet
  facet normal  4.529090e-001  0.000000e+000 -8.915568e-001
    outer loop
      vertex -8.377081e+000 -1.700000e+001 -6.369993e-001
      vertex -9.004736e+000 -2.000000e+001 -9.558468e-001
      vertex -9.004736e+000 -1.700000e+001 -9.558468e-001
    endloop
  endfacet
  facet normal  6.115629e-001  0.000000e+000 -7.911959e-001
    outer loop
      vertex -9.004736e+000 -1.700000e+001 -9.558468e-001
      vertex -9.004736e+000 -2.000000e+001 -9.558468e-001
      vertex -9.561738e+000 -2.000000e+001 -1.386387e+000
    endloop
  endfacet
  facet normal  6.115629e-001  0.000000e+000 -7.911959e-001
    outer loop
      vertex -9.004736e+000 -1.700000e+001 -9.558468e-001
      vertex -9.561738e+000 -2.000000e+001 -1.386387e+000
      vertex -9.561738e+000 -1.700000e+001 -1.386387e+000
    endloop
  endfacet
  facet normal  7.486645e-001  0.000000e+000 -6.629490e-001
    outer loop
      vertex -9.561738e+000 -1.700000e+001 -1.386387e+000
      vertex -9.561738e+000 -2.000000e+001 -1.386387e+000
      vertex -1.002845e+001 -2.000000e+001 -1.913447e+000
    endloop
  endfacet
  facet normal  7.486645e-001  0.000000e+000 -6.629490e-001
    outer loop
      vertex -9.561738e+000 -1.700000e+001 -1.386387e+000
      vertex -1.002845e+001 -2.000000e+001 -1.913447e+000
      vertex -1.002845e+001 -1.700000e+001 -1.913447e+000
    endloop
  endfacet
  facet normal  8.593798e-001  0.000000e+000 -5.113378e-001
    outer loop
      vertex -1.002845e+001 -1.700000e+001 -1.913447e+000
      vertex -1.002845e+001 -2.000000e+001 -1.913447e+000
      vertex -1.038844e+001 -2.000000e+001 -2.518450e+000
    endloop
  endfacet
  facet normal  8.593798e-001  0.000000e+000 -5.113378e-001
    outer loop
      vertex -1.002845e+001 -1.700000e+001 -1.913447e+000
      vertex -1.038844e+001 -2.000000e+001 -2.518450e+000
      vertex -1.038844e+001 -1.700000e+001 -2.518450e+000
    endloop
  endfacet
  facet normal  9.398071e-001  0.000000e+000 -3.417054e-001
    outer loop
      vertex -1.038844e+001 -1.700000e+001 -2.518450e+000
      vertex -1.038844e+001 -2.000000e+001 -2.518450e+000
      vertex -1.062900e+001 -2.000000e+001 -3.180073e+000
    endloop
  endfacet
  facet normal  9.398071e-001  0.000000e+000 -3.417054e-001
    outer loop
      vertex -1.038844e+001 -1.700000e+001 -2.518450e+000
      vertex -1.062900e+001 -2.000000e+001 -3.180073e+000
      vertex -1.062900e+001 -1.700000e+001 -3.180073e+000
    endloop
  endfacet
  facet normal  0.000000e+000  0.000000e+000 -1.000000e+000
    outer loop
      vertex  7.000000e+000 -1.700000e+001 -3.750000e-001
      vertex  7.000000e+000 -2.000000e+001 -3.750000e-001
      vertex -7.000000e+000 -1.700000e+001 -3.750000e-001
    endloop
  endfacet
  facet normal  0.000000e+000  0.000000e+000 -1.000000e+000
    outer loop
      vertex -7.000000e+000 -1.700000e+001 -3.750000e-001
      vertex  7.000000e+000 -2.000000e+001 -3.750000e-001
      vertex -7.000000e+000 -2.000000e+001 -3.750000e-001
    endloop
  endfacet
  facet normal  6.666662e-002  0.000000e+000 -9.977753e-001
    outer loop
      vertex  1.173943e+001 -1.850000e+001 -3.808333e+000
      vertex  1.074166e+001 -1.850000e+001 -3.875000e+000
      vertex  1.173943e+001 -1.700000e+001 -3.808333e+000
    endloop
  endfacet
  facet normal  6.666662e-002  0.000000e+000 -9.977753e-001
    outer loop
      vertex  1.173943e+001 -1.700000e+001 -3.808333e+000
      vertex  1.074166e+001 -1.850000e+001 -3.875000e+000
      vertex  1.074166e+001 -1.700000e+001 -3.875000e+000
    endloop
  endfacet
  facet normal -6.666662e-002  0.000000e+000 -9.977753e-001
    outer loop
      vertex -1.074166e+001 -1.850000e+001 -3.875000e+000
      vertex -1.173943e+001 -1.850000e+001 -3.808333e+000
      vertex -1.074166e+001 -1.700000e+001 -3.875000e+000
    endloop
  endfacet
  facet normal -6.666662e-002  0.000000e+000 -9.977753e-001
    outer loop
      vertex -1.074166e+001 -1.700000e+001 -3.875000e+000
      vertex -1.173943e+001 -1.850000e+001 -3.808333e+000
      vertex -1.173943e+001 -1.700000e+001 -3.808333e+000
    endloop
  endfacet
  facet normal  0.000000e+000  1.000000e+000  0.000000e+000
    outer loop
      vertex  1.173943e+001 -1.850000e+001 -3.808333e+000
      vertex  1.287500e+001 -1.850000e+001 -3.875000e+000
      vertex  1.074166e+001 -1.850000e+001 -3.875000e+000
    endloop
  endfacet
  facet normal  0.000000e+000  1.000000e+000  0.000000e+000
    outer loop
      vertex -1.675000e+001 -1.850000e+001  2.220446e-016
      vertex -7.790130e+000 -1.850000e+001  5.588226e-001
      vertex -8.558244e+000 -1.850000e+001  3.621345e-001
    endloop
  endfacet
  facet normal  0.000000e+000  1.000000e+000  0.000000e+000
    outer loop
      vertex -1.675000e+001 -1.850000e+001  2.220446e-016
      vertex -8.558244e+000 -1.850000e+001  3.621345e-001
      vertex -9.282939e+000 -1.850000e+001  4.041609e-002
    endloop
  endfacet
  facet normal  0.000000e+000  1.000000e+000  0.000000e+000
    outer loop
      vertex -1.675000e+001 -1.850000e+001  2.220446e-016
      vertex -9.282939e+000 -1.850000e+001  4.041609e-002
      vertex -9.944021e+000 -1.850000e+001 -3.973681e-001
    endloop
  endfacet
  facet normal  0.000000e+000  1.000000e+000  0.000000e+000
    outer loop
      vertex -1.675000e+001 -1.850000e+001  2.220446e-016
      vertex -9.944021e+000 -1.850000e+001 -3.973681e-001
      vertex -1.052307e+001 -1.850000e+001 -9.390196e-001
    endloop
  endfacet
  facet normal  0.000000e+000  1.000000e+000  0.000000e+000
    outer loop
      vertex -1.675000e+001 -1.850000e+001  2.220446e-016
      vertex -1.052307e+001 -1.850000e+001 -9.390196e-001
      vertex -1.100395e+001 -1.850000e+001 -1.569446e+000
    endloop
  endfacet
  facet normal  0.000000e+000  1.000000e+000  0.000000e+000
    outer loop
      vertex -1.675000e+001 -1.850000e+001  2.220446e-016
      vertex -1.100395e+001 -1.850000e+001 -1.569446e+000
      vertex -1.287500e+001 -1.850000e+001 -3.875000e+000
    endloop
  endfacet
  facet normal  0.000000e+000  1.000000e+000  0.000000e+000
    outer loop
      vertex -1.287500e+001 -1.850000e+001 -3.875000e+000
      vertex -1.100395e+001 -1.850000e+001 -1.569446e+000
      vertex -1.137327e+001 -1.850000e+001 -2.271080e+000
    endloop
  endfacet
  facet normal  0.000000e+000  1.000000e+000  0.000000e+000
    outer loop
      vertex -1.287500e+001 -1.850000e+001 -3.875000e+000
      vertex -1.137327e+001 -1.850000e+001 -2.271080e+000
      vertex -1.162073e+001 -1.850000e+001 -3.024373e+000
    endloop
  endfacet
  facet normal  0.000000e+000  1.000000e+000  0.000000e+000
    outer loop
      vertex -1.287500e+001 -1.850000e+001 -3.875000e+000
      vertex -1.162073e+001 -1.850000e+001 -3.024373e+000
      vertex -1.173943e+001 -1.850000e+001 -3.808333e+000
    endloop
  endfacet
  facet normal  0.000000e+000  1.000000e+000  0.000000e+000
    outer loop
      vertex -1.287500e+001 -1.850000e+001 -3.875000e+000
      vertex -1.173943e+001 -1.850000e+001 -3.808333e+000
      vertex -1.074166e+001 -1.850000e+001 -3.875000e+000
    endloop
  endfacet
  facet normal  0.000000e+000  1.000000e+000  0.000000e+000
    outer loop
      vertex  2.100000e+001 -1.850000e+001  8.500000e+000
      vertex  3.400000e+001 -1.850000e+001  8.500000e+000
      vertex  3.400000e+001 -1.850000e+001  0.000000e+000
    endloop
  endfacet
  facet normal  0.000000e+000  1.000000e+000  0.000000e+000
    outer loop
      vertex  2.100000e+001 -1.850000e+001  8.500000e+000
      vertex  3.400000e+001 -1.850000e+001  0.000000e+000
      vertex  1.675000e+001 -1.850000e+001  2.220446e-016
    endloop
  endfacet
  facet normal  0.000000e+000  1.000000e+000  -0.000000e+000
    outer loop
      vertex  2.100000e+001 -1.850000e+001  8.500000e+000
      vertex  1.675000e+001 -1.850000e+001  2.220446e-016
      vertex  1.287500e+001 -1.850000e+001 -3.875000e+000
    endloop
  endfacet
  facet normal  0.000000e+000  1.000000e+000  -0.000000e+000
    outer loop
      vertex  2.100000e+001 -1.850000e+001  8.500000e+000
      vertex  1.287500e+001 -1.850000e+001 -3.875000e+000
      vertex  1.173943e+001 -1.850000e+001 -3.808333e+000
    endloop
  endfacet
  facet normal  0.000000e+000  1.000000e+000  -0.000000e+000
    outer loop
      vertex  2.100000e+001 -1.850000e+001  8.500000e+000
      vertex  1.173943e+001 -1.850000e+001 -3.808333e+000
      vertex  1.162073e+001 -1.850000e+001 -3.024373e+000
    endloop
  endfacet
  facet normal  0.000000e+000  1.000000e+000  -0.000000e+000
    outer loop
      vertex  2.100000e+001 -1.850000e+001  8.500000e+000
      vertex  1.162073e+001 -1.850000e+001 -3.024373e+000
      vertex  1.137327e+001 -1.850000e+001 -2.271080e+000
    endloop
  endfacet
  facet normal  0.000000e+000  1.000000e+000  -0.000000e+000
    outer loop
      vertex  2.100000e+001 -1.850000e+001  8.500000e+000
      vertex  1.137327e+001 -1.850000e+001 -2.271080e+000
      vertex  1.100395e+001 -1.850000e+001 -1.569446e+000
    endloop
  endfacet
  facet normal  0.000000e+000  1.000000e+000  -0.000000e+000
    outer loop
      vertex  2.100000e+001 -1.850000e+001  8.500000e+000
      vertex  1.100395e+001 -1.850000e+001 -1.569446e+000
      vertex  1.052307e+001 -1.850000e+001 -9.390196e-001
    endloop
  endfacet
  facet normal  0.000000e+000  1.000000e+000  -0.000000e+000
    outer loop
      vertex  2.100000e+001 -1.850000e+001  8.500000e+000
      vertex  1.052307e+001 -1.850000e+001 -9.390196e-001
      vertex  9.944021e+000 -1.850000e+001 -3.973681e-001
    endloop
  endfacet
  facet normal  0.000000e+000  1.000000e+000  -0.000000e+000
    outer loop
      vertex  2.100000e+001 -1.850000e+001  8.500000e+000
      vertex  9.944021e+000 -1.850000e+001 -3.973681e-001
      vertex  9.282939e+000 -1.850000e+001  4.041609e-002
    endloop
  endfacet
  facet normal  0.000000e+000  1.000000e+000  -0.000000e+000
    outer loop
      vertex  2.100000e+001 -1.850000e+001  8.500000e+000
      vertex  9.282939e+000 -1.850000e+001  4.041609e-002
      vertex  8.558244e+000 -1.850000e+001  3.621345e-001
    endloop
  endfacet
  facet normal  0.000000e+000  1.000000e+000  -0.000000e+000
    outer loop
      vertex  2.100000e+001 -1.850000e+001  8.500000e+000
      vertex  8.558244e+000 -1.850000e+001  3.621345e-001
      vertex  7.790130e+000 -1.850000e+001  5.588226e-001
    endloop
  endfacet
  facet normal  0.000000e+000  1.000000e+000  -0.000000e+000
    outer loop
      vertex  2.100000e+001 -1.850000e+001  8.500000e+000
      vertex  7.790130e+000 -1.850000e+001  5.588226e-001
      vertex  7.000000e+000 -1.850000e+001  6.250000e-001
    endloop
  endfacet
  facet normal  0.000000e+000  1.000000e+000  -0.000000e+000
    outer loop
      vertex  2.100000e+001 -1.850000e+001  8.500000e+000
      vertex  7.000000e+000 -1.850000e+001  6.250000e-001
      vertex -7.000000e+000 -1.850000e+001  6.250000e-001
    endloop
  endfacet
  facet normal  0.000000e+000  1.000000e+000  -0.000000e+000
    outer loop
      vertex  2.100000e+001 -1.850000e+001  8.500000e+000
      vertex -7.000000e+000 -1.850000e+001  6.250000e-001
      vertex -3.000000e+001 -1.850000e+001  8.500000e+000
    endloop
  endfacet
  facet normal  0.000000e+000  1.000000e+000  0.000000e+000
    outer loop
      vertex -3.400000e+001 -1.850000e+001  0.000000e+000
      vertex -3.400000e+001 -1.850000e+001  8.500000e+000
      vertex -1.675000e+001 -1.850000e+001  2.220446e-016
    endloop
  endfacet
  facet normal  0.000000e+000  1.000000e+000  0.000000e+000
    outer loop
      vertex -1.675000e+001 -1.850000e+001  2.220446e-016
      vertex -3.400000e+001 -1.850000e+001  8.500000e+000
      vertex -3.000000e+001 -1.850000e+001  8.500000e+000
    endloop
  endfacet
  facet normal  0.000000e+000  1.000000e+000  0.000000e+000
    outer loop
      vertex -1.675000e+001 -1.850000e+001  2.220446e-016
      vertex -3.000000e+001 -1.850000e+001  8.500000e+000
      vertex -7.790130e+000 -1.850000e+001  5.588226e-001
    endloop
  endfacet
  facet normal  0.000000e+000  1.000000e+000  -0.000000e+000
    outer loop
      vertex -7.790130e+000 -1.850000e+001  5.588226e-001
      vertex -3.000000e+001 -1.850000e+001  8.500000e+000
      vertex -7.000000e+000 -1.850000e+001  6.250000e-001
    endloop
  endfacet
  facet normal  9.887300e-001  0.000000e+000  1.497103e-001
    outer loop
      vertex  1.173943e+001 -1.850000e+001 -3.808333e+000
      vertex  1.173943e+001 -1.700000e+001 -3.808333e+000
      vertex  1.162073e+001 -1.850000e+001 -3.024373e+000
    endloop
  endfacet
  facet normal  9.887300e-001  -0.000000e+000  1.497103e-001
    outer loop
      vertex  1.162073e+001 -1.850000e+001 -3.024373e+000
      vertex  1.173943e+001 -1.700000e+001 -3.808333e+000
      vertex  1.162073e+001 -1.700000e+001 -3.024373e+000
    endloop
  endfacet
  facet normal  9.500511e-001  0.000000e+000  3.120942e-001
    outer loop
      vertex  1.162073e+001 -1.850000e+001 -3.024373e+000
      vertex  1.162073e+001 -1.700000e+001 -3.024373e+000
      vertex  1.137327e+001 -1.850000e+001 -2.271080e+000
    endloop
  endfacet
  facet normal  9.500511e-001  -0.000000e+000  3.120942e-001
    outer loop
      vertex  1.137327e+001 -1.850000e+001 -2.271080e+000
      vertex  1.162073e+001 -1.700000e+001 -3.024373e+000
      vertex  1.137327e+001 -1.700000e+001 -2.271080e+000
    endloop
  endfacet
  facet normal  8.849001e-001  0.000000e+000  4.657808e-001
    outer loop
      vertex  1.137327e+001 -1.850000e+001 -2.271080e+000
      vertex  1.137327e+001 -1.700000e+001 -2.271080e+000
      vertex  1.100395e+001 -1.850000e+001 -1.569446e+000
    endloop
  endfacet
  facet normal  8.849001e-001  -0.000000e+000  4.657808e-001
    outer loop
      vertex  1.100395e+001 -1.850000e+001 -1.569446e+000
      vertex  1.137327e+001 -1.700000e+001 -2.271080e+000
      vertex  1.100395e+001 -1.700000e+001 -1.569446e+000
    endloop
  endfacet
  facet normal  7.950929e-001  0.000000e+000  6.064875e-001
    outer loop
      vertex  1.100395e+001 -1.850000e+001 -1.569446e+000
      vertex  1.100395e+001 -1.700000e+001 -1.569446e+000
      vertex  1.052307e+001 -1.850000e+001 -9.390196e-001
    endloop
  endfacet
  facet normal  7.950929e-001  -0.000000e+000  6.064875e-001
    outer loop
      vertex  1.052307e+001 -1.850000e+001 -9.390196e-001
      vertex  1.100395e+001 -1.700000e+001 -1.569446e+000
      vertex  1.052307e+001 -1.700000e+001 -9.390196e-001
    endloop
  endfacet
  facet normal  6.831298e-001  0.000000e+000  7.302969e-001
    outer loop
      vertex  1.052307e+001 -1.850000e+001 -9.390196e-001
      vertex  1.052307e+001 -1.700000e+001 -9.390196e-001
      vertex  9.944021e+000 -1.850000e+001 -3.973681e-001
    endloop
  endfacet
  facet normal  6.831298e-001  -0.000000e+000  7.302969e-001
    outer loop
      vertex  9.944021e+000 -1.850000e+001 -3.973681e-001
      vertex  1.052307e+001 -1.700000e+001 -9.390196e-001
      vertex  9.944021e+000 -1.700000e+001 -3.973681e-001
    endloop
  endfacet
  facet normal  5.521328e-001  0.000000e+000  8.337561e-001
    outer loop
      vertex  9.944021e+000 -1.850000e+001 -3.973681e-001
      vertex  9.944021e+000 -1.700000e+001 -3.973681e-001
      vertex  9.282939e+000 -1.850000e+001  4.041609e-002
    endloop
  endfacet
  facet normal  5.521328e-001  -0.000000e+000  8.337561e-001
    outer loop
      vertex  9.282939e+000 -1.850000e+001  4.041609e-002
      vertex  9.944021e+000 -1.700000e+001 -3.973681e-001
      vertex  9.282939e+000 -1.700000e+001  4.041609e-002
    endloop
  endfacet
  facet normal  4.057505e-001  0.000000e+000  9.139839e-001
    outer loop
      vertex  9.282939e+000 -1.850000e+001  4.041609e-002
      vertex  9.282939e+000 -1.700000e+001  4.041609e-002
      vertex  8.558244e+000 -1.850000e+001  3.621345e-001
    endloop
  endfacet
  facet normal  4.057505e-001  -0.000000e+000  9.139839e-001
    outer loop
      vertex  8.558244e+000 -1.850000e+001  3.621345e-001
      vertex  9.282939e+000 -1.700000e+001  4.041609e-002
      vertex  8.558244e+000 -1.700000e+001  3.621345e-001
    endloop
  endfacet
  facet normal  2.480629e-001  0.000000e+000  9.687439e-001
    outer loop
      vertex  8.558244e+000 -1.850000e+001  3.621345e-001
      vertex  8.558244e+000 -1.700000e+001  3.621345e-001
      vertex  7.790130e+000 -1.850000e+001  5.588226e-001
    endloop
  endfacet
  facet normal  2.480629e-001  -0.000000e+000  9.687439e-001
    outer loop
      vertex  7.790130e+000 -1.850000e+001  5.588226e-001
      vertex  8.558244e+000 -1.700000e+001  3.621345e-001
      vertex  7.790130e+000 -1.700000e+001  5.588226e-001
    endloop
  endfacet
  facet normal  8.346280e-002  0.000000e+000  9.965110e-001
    outer loop
      vertex  7.790130e+000 -1.850000e+001  5.588226e-001
      vertex  7.790130e+000 -1.700000e+001  5.588226e-001
      vertex  7.000000e+000 -1.850000e+001  6.250000e-001
    endloop
  endfacet
  facet normal  8.346280e-002  -0.000000e+000  9.965110e-001
    outer loop
      vertex  7.000000e+000 -1.850000e+001  6.250000e-001
      vertex  7.790130e+000 -1.700000e+001  5.588226e-001
      vertex  7.000000e+000 -1.700000e+001  6.250000e-001
    endloop
  endfacet
  facet normal  -0.000000e+000  0.000000e+000  1.000000e+000
    outer loop
      vertex  7.000000e+000 -1.700000e+001  6.250000e-001
      vertex -7.000000e+000 -1.700000e+001  6.250000e-001
      vertex  7.000000e+000 -1.850000e+001  6.250000e-001
    endloop
  endfacet
  facet normal  0.000000e+000  0.000000e+000  1.000000e+000
    outer loop
      vertex  7.000000e+000 -1.850000e+001  6.250000e-001
      vertex -7.000000e+000 -1.700000e+001  6.250000e-001
      vertex -7.000000e+000 -1.850000e+001  6.250000e-001
    endloop
  endfacet
  facet normal -8.346280e-002  0.000000e+000  9.965110e-001
    outer loop
      vertex -7.000000e+000 -1.850000e+001  6.250000e-001
      vertex -7.000000e+000 -1.700000e+001  6.250000e-001
      vertex -7.790130e+000 -1.850000e+001  5.588226e-001
    endloop
  endfacet
  facet normal -8.346280e-002  0.000000e+000  9.965110e-001
    outer loop
      vertex -7.790130e+000 -1.850000e+001  5.588226e-001
      vertex -7.000000e+000 -1.700000e+001  6.250000e-001
      vertex -7.790130e+000 -1.700000e+001  5.588226e-001
    endloop
  endfacet
  facet normal -2.480629e-001  0.000000e+000  9.687439e-001
    outer loop
      vertex -7.790130e+000 -1.850000e+001  5.588226e-001
      vertex -7.790130e+000 -1.700000e+001  5.588226e-001
      vertex -8.558244e+000 -1.850000e+001  3.621345e-001
    endloop
  endfacet
  facet normal -2.480629e-001  0.000000e+000  9.687439e-001
    outer loop
      vertex -8.558244e+000 -1.850000e+001  3.621345e-001
      vertex -7.790130e+000 -1.700000e+001  5.588226e-001
      vertex -8.558244e+000 -1.700000e+001  3.621345e-001
    endloop
  endfacet
  facet normal -4.057505e-001  0.000000e+000  9.139839e-001
    outer loop
      vertex -8.558244e+000 -1.850000e+001  3.621345e-001
      vertex -8.558244e+000 -1.700000e+001  3.621345e-001
      vertex -9.282939e+000 -1.850000e+001  4.041609e-002
    endloop
  endfacet
  facet normal -4.057505e-001  0.000000e+000  9.139839e-001
    outer loop
      vertex -9.282939e+000 -1.850000e+001  4.041609e-002
      vertex -8.558244e+000 -1.700000e+001  3.621345e-001
      vertex -9.282939e+000 -1.700000e+001  4.041609e-002
    endloop
  endfacet
  facet normal -5.521328e-001  0.000000e+000  8.337561e-001
    outer loop
      vertex -9.282939e+000 -1.850000e+001  4.041609e-002
      vertex -9.282939e+000 -1.700000e+001  4.041609e-002
      vertex -9.944021e+000 -1.850000e+001 -3.973681e-001
    endloop
  endfacet
  facet normal -5.521328e-001  0.000000e+000  8.337561e-001
    outer loop
      vertex -9.944021e+000 -1.850000e+001 -3.973681e-001
      vertex -9.282939e+000 -1.700000e+001  4.041609e-002
      vertex -9.944021e+000 -1.700000e+001 -3.973681e-001
    endloop
  endfacet
  facet normal -6.831298e-001  0.000000e+000  7.302969e-001
    outer loop
      vertex -9.944021e+000 -1.850000e+001 -3.973681e-001
      vertex -9.944021e+000 -1.700000e+001 -3.973681e-001
      vertex -1.052307e+001 -1.850000e+001 -9.390196e-001
    endloop
  endfacet
  facet normal -6.831298e-001  0.000000e+000  7.302969e-001
    outer loop
      vertex -1.052307e+001 -1.850000e+001 -9.390196e-001
      vertex -9.944021e+000 -1.700000e+001 -3.973681e-001
      vertex -1.052307e+001 -1.700000e+001 -9.390196e-001
    endloop
  endfacet
  facet normal -7.950929e-001  0.000000e+000  6.064875e-001
    outer loop
      vertex -1.052307e+001 -1.850000e+001 -9.390196e-001
      vertex -1.052307e+001 -1.700000e+001 -9.390196e-001
      vertex -1.100395e+001 -1.850000e+001 -1.569446e+000
    endloop
  endfacet
  facet normal -7.950929e-001  0.000000e+000  6.064875e-001
    outer loop
      vertex -1.100395e+001 -1.850000e+001 -1.569446e+000
      vertex -1.052307e+001 -1.700000e+001 -9.390196e-001
      vertex -1.100395e+001 -1.700000e+001 -1.569446e+000
    endloop
  endfacet
  facet normal -8.849001e-001  0.000000e+000  4.657808e-001
    outer loop
      vertex -1.100395e+001 -1.850000e+001 -1.569446e+000
      vertex -1.100395e+001 -1.700000e+001 -1.569446e+000
      vertex -1.137327e+001 -1.850000e+001 -2.271080e+000
    endloop
  endfacet
  facet normal -8.849001e-001  0.000000e+000  4.657808e-001
    outer loop
      vertex -1.137327e+001 -1.850000e+001 -2.271080e+000
      vertex -1.100395e+001 -1.700000e+001 -1.569446e+000
      vertex -1.137327e+001 -1.700000e+001 -2.271080e+000
    endloop
  endfacet
  facet normal -9.500511e-001  0.000000e+000  3.120942e-001
    outer loop
      vertex -1.137327e+001 -1.850000e+001 -2.271080e+000
      vertex -1.137327e+001 -1.700000e+001 -2.271080e+000
      vertex -1.162073e+001 -1.850000e+001 -3.024373e+000
    endloop
  endfacet
  facet normal -9.500511e-001  0.000000e+000  3.120942e-001
    outer loop
      vertex -1.162073e+001 -1.850000e+001 -3.024373e+000
      vertex -1.137327e+001 -1.700000e+001 -2.271080e+000
      vertex -1.162073e+001 -1.700000e+001 -3.024373e+000
    endloop
  endfacet
  facet normal -9.887300e-001  0.000000e+000  1.497103e-001
    outer loop
      vertex -1.162073e+001 -1.850000e+001 -3.024373e+000
      vertex -1.162073e+001 -1.700000e+001 -3.024373e+000
      vertex -1.173943e+001 -1.850000e+001 -3.808333e+000
    endloop
  endfacet
  facet normal -9.887300e-001  0.000000e+000  1.497103e-001
    outer loop
      vertex -1.173943e+001 -1.850000e+001 -3.808333e+000
      vertex -1.162073e+001 -1.700000e+001 -3.024373e+000
      vertex -1.173943e+001 -1.700000e+001 -3.808333e+000
    endloop
  endfacet
  facet normal  -0.000000e+000  0.000000e+000 -1.000000e+000
    outer loop
      vertex  1.074166e+001 -1.850000e+001 -3.875000e+000
      vertex  1.287500e+001 -1.850000e+001 -3.875000e+000
      vertex  1.074166e+001 -1.950000e+001 -3.875000e+000
    endloop
  endfacet
  facet normal  0.000000e+000  0.000000e+000 -1.000000e+000
    outer loop
      vertex  1.074166e+001 -1.950000e+001 -3.875000e+000
      vertex  1.287500e+001 -1.850000e+001 -3.875000e+000
      vertex  1.287500e+001 -1.950000e+001 -3.875000e+000
    endloop
  endfacet
  facet normal  -0.000000e+000  0.000000e+000 -1.000000e+000
    outer loop
      vertex -1.287500e+001 -1.850000e+001 -3.875000e+000
      vertex -1.074166e+001 -1.850000e+001 -3.875000e+000
      vertex -1.287500e+001 -1.950000e+001 -3.875000e+000
    endloop
  endfacet
  facet normal  0.000000e+000  0.000000e+000 -1.000000e+000
    outer loop
      vertex -1.287500e+001 -1.950000e+001 -3.875000e+000
      vertex -1.074166e+001 -1.850000e+001 -3.875000e+000
      vertex -1.074166e+001 -1.950000e+001 -3.875000e+000
    endloop
  endfacet
  facet normal  0.000000e+000  0.000000e+000  1.000000e+000
    outer loop
      vertex -3.150000e+001  1.700000e+001  1.000000e+001
      vertex -4.097705e+001  1.642800e+001  1.000000e+001
      vertex -3.142658e+001  1.653647e+001  1.000000e+001
    endloop
  endfacet
  facet normal  -0.000000e+000  0.000000e+000  1.000000e+000
    outer loop
      vertex -3.121353e+001 -1.788168e+001  1.000000e+001
      vertex -3.938057e+001 -1.810891e+001  1.000000e+001
      vertex -3.088168e+001 -1.821353e+001  1.000000e+001
    endloop
  endfacet
  facet normal  -0.000000e+000  0.000000e+000  1.000000e+000
    outer loop
      vertex  2.250000e+001  1.700000e+001  1.000000e+001
      vertex  2.242658e+001  1.653647e+001  1.000000e+001
      vertex  4.097705e+001  1.642800e+001  1.000000e+001
    endloop
  endfacet
  facet normal  -0.000000e+000  -0.000000e+000  1.000000e+000
    outer loop
      vertex -3.842724e+001 -1.877289e+001  1.000000e+001
      vertex -3.739312e+001 -1.930232e+001  1.000000e+001
      vertex -3.629708e+001 -1.968755e+001  1.000000e+001
    endloop
  endfacet
  facet normal  -0.000000e+000  -0.000000e+000  1.000000e+000
    outer loop
      vertex -3.842724e+001 -1.877289e+001  1.000000e+001
      vertex -3.629708e+001 -1.968755e+001  1.000000e+001
      vertex -3.515911e+001 -1.992153e+001  1.000000e+001
    endloop
  endfacet
  facet normal  -0.000000e+000  -0.000000e+000  1.000000e+000
    outer loop
      vertex -3.842724e+001 -1.877289e+001  1.000000e+001
      vertex -3.515911e+001 -1.992153e+001  1.000000e+001
      vertex -3.400000e+001 -2.000000e+001  1.000000e+001
    endloop
  endfacet
  facet normal  0.000000e+000  -0.000000e+000  9.999999e-001
    outer loop
      vertex -3.842724e+001 -1.877289e+001  1.000000e+001
      vertex -3.400000e+001 -2.000000e+001  1.000000e+001
      vertex -3.000000e+001 -1.850000e+001  1.000000e+001
    endloop
  endfacet
  facet normal  0.000000e+000  0.000000e+000  9.999999e-001
    outer loop
      vertex -3.842724e+001 -1.877289e+001  1.000000e+001
      vertex -3.000000e+001 -1.850000e+001  1.000000e+001
      vertex -3.046353e+001 -1.842658e+001  1.000000e+001
    endloop
  endfacet
  facet normal  0.000000e+000  0.000000e+000  1.000000e+000
    outer loop
      vertex -3.842724e+001 -1.877289e+001  1.000000e+001
      vertex -3.046353e+001 -1.842658e+001  1.000000e+001
      vertex -3.088168e+001 -1.821353e+001  1.000000e+001
    endloop
  endfacet
  facet normal  0.000000e+000  0.000000e+000  1.000000e+000
    outer loop
      vertex -3.842724e+001 -1.877289e+001  1.000000e+001
      vertex -3.088168e+001 -1.821353e+001  1.000000e+001
      vertex -3.938057e+001 -1.810891e+001  1.000000e+001
    endloop
  endfacet
  facet normal  0.000000e+000  0.000000e+000  1.000000e+000
    outer loop
      vertex  2.100000e+001 -1.850000e+001  1.000000e+001
      vertex  2.053647e+001 -1.842658e+001  1.000000e+001
      vertex -2.953647e+001 -1.842658e+001  1.000000e+001
    endloop
  endfacet
  facet normal  0.000000e+000  0.000000e+000  1.000000e+000
    outer loop
      vertex  2.100000e+001 -1.850000e+001  1.000000e+001
      vertex -2.953647e+001 -1.842658e+001  1.000000e+001
      vertex -3.000000e+001 -1.850000e+001  1.000000e+001
    endloop
  endfacet
  facet normal  -0.000000e+000  0.000000e+000  1.000000e+000
    outer loop
      vertex  2.100000e+001 -1.850000e+001  1.000000e+001
      vertex -3.000000e+001 -1.850000e+001  1.000000e+001
      vertex -3.400000e+001 -2.000000e+001  1.000000e+001
    endloop
  endfacet
  facet normal  0.000000e+000  0.000000e+000  1.000000e+000
    outer loop
      vertex  2.100000e+001 -1.850000e+001  1.000000e+001
      vertex -3.400000e+001 -2.000000e+001  1.000000e+001
      vertex  3.400000e+001 -2.000000e+001  1.000000e+001
    endloop
  endfacet
  facet normal  0.000000e+000  -0.000000e+000  1.000000e+000
    outer loop
      vertex  2.100000e+001 -1.850000e+001  1.000000e+001
      vertex  3.400000e+001 -2.000000e+001  1.000000e+001
      vertex  3.515911e+001 -1.992153e+001  1.000000e+001
    endloop
  endfacet
  facet normal  0.000000e+000  -0.000000e+000  1.000000e+000
    outer loop
      vertex  2.100000e+001 -1.850000e+001  1.000000e+001
      vertex  3.515911e+001 -1.992153e+001  1.000000e+001
      vertex  3.629708e+001 -1.968755e+001  1.000000e+001
    endloop
  endfacet
  facet normal  0.000000e+000  -0.000000e+000  1.000000e+000
    outer loop
      vertex  2.100000e+001 -1.850000e+001  1.000000e+001
      vertex  3.629708e+001 -1.968755e+001  1.000000e+001
      vertex  3.739312e+001 -1.930232e+001  1.000000e+001
    endloop
  endfacet
  facet normal  0.000000e+000  -0.000000e+000  1.000000e+000
    outer loop
      vertex  2.100000e+001 -1.850000e+001  1.000000e+001
      vertex  3.739312e+001 -1.930232e+001  1.000000e+001
      vertex  3.842724e+001 -1.877289e+001  1.000000e+001
    endloop
  endfacet
  facet normal  0.000000e+000  0.000000e+000  1.000000e+000
    outer loop
      vertex  2.100000e+001 -1.850000e+001  1.000000e+001
      vertex  3.842724e+001 -1.877289e+001  1.000000e+001
      vertex  2.146353e+001 -1.842658e+001  1.000000e+001
    endloop
  endfacet
  facet normal  0.000000e+000  -0.000000e+000  1.000000e+000
    outer loop
      vertex -3.000000e+001  1.850000e+001  1.000000e+001
      vertex -2.953647e+001  1.842658e+001  1.000000e+001
      vertex  2.053647e+001  1.842658e+001  1.000000e+001
    endloop
  endfacet
  facet normal  0.000000e+000  -0.000000e+000  1.000000e+000
    outer loop
      vertex -3.000000e+001  1.850000e+001  1.000000e+001
      vertex  2.053647e+001  1.842658e+001  1.000000e+001
      vertex  2.100000e+001  1.850000e+001  1.000000e+001
    endloop
  endfacet
  facet normal  0.000000e+000  -0.000000e+000  1.000000e+000
    outer loop
      vertex -3.000000e+001  1.850000e+001  1.000000e+001
      vertex  2.100000e+001  1.850000e+001  1.000000e+001
      vertex  3.400000e+001  2.000000e+001  1.000000e+001
    endloop
  endfacet
  facet normal  0.000000e+000  0.000000e+000  1.000000e+000
    outer loop
      vertex -3.000000e+001  1.850000e+001  1.000000e+001
      vertex  3.400000e+001  2.000000e+001  1.000000e+001
      vertex -3.400000e+001  2.000000e+001  1.000000e+001
    endloop
  endfacet
  facet normal  0.000000e+000  0.000000e+000  1.000000e+000
    outer loop
      vertex -3.000000e+001  1.850000e+001  1.000000e+001
      vertex -3.400000e+001  2.000000e+001  1.000000e+001
      vertex -3.515911e+001  1.992153e+001  1.000000e+001
    endloop
  endfacet
  facet normal  0.000000e+000  0.000000e+000  1.000000e+000
    outer loop
      vertex -3.000000e+001  1.850000e+001  1.000000e+001
      vertex -3.515911e+001  1.992153e+001  1.000000e+001
      vertex -3.629708e+001  1.968755e+001  1.000000e+001
    endloop
  endfacet
  facet normal  0.000000e+000  0.000000e+000  1.000000e+000
    outer loop
      vertex -3.000000e+001  1.850000e+001  1.000000e+001
      vertex -3.629708e+001  1.968755e+001  1.000000e+001
      vertex -3.739312e+001  1.930232e+001  1.000000e+001
    endloop
  endfacet
  facet normal  0.000000e+000  0.000000e+000  9.999999e-001
    outer loop
      vertex -3.000000e+001  1.850000e+001  1.000000e+001
      vertex -3.739312e+001  1.930232e+001  1.000000e+001
      vertex -3.842724e+001  1.877289e+001  1.000000e+001
    endloop
  endfacet
  facet normal  0.000000e+000  0.000000e+000  1.000000e+000
    outer loop
      vertex -3.938057e+001  1.810891e+001  1.000000e+001
      vertex -4.023571e+001  1.732250e+001  1.000000e+001
      vertex -3.121353e+001  1.788168e+001  1.000000e+001
    endloop
  endfacet
  facet normal  0.000000e+000  -0.000000e+000  1.000000e+000
    outer loop
      vertex -3.938057e+001  1.810891e+001  1.000000e+001
      vertex -3.121353e+001  1.788168e+001  1.000000e+001
      vertex -3.088168e+001  1.821353e+001  1.000000e+001
    endloop
  endfacet
  facet normal  0.000000e+000  -0.000000e+000  1.000000e+000
    outer loop
      vertex -3.938057e+001  1.810891e+001  1.000000e+001
      vertex -3.088168e+001  1.821353e+001  1.000000e+001
      vertex -3.046353e+001  1.842658e+001  1.000000e+001
    endloop
  endfacet
  facet normal  0.000000e+000  -0.000000e+000  1.000000e+000
    outer loop
      vertex -3.938057e+001  1.810891e+001  1.000000e+001
      vertex -3.046353e+001  1.842658e+001  1.000000e+001
      vertex -3.000000e+001  1.850000e+001  1.000000e+001
    endloop
  endfacet
  facet normal  0.000000e+000  0.000000e+000  1.000000e+000
    outer loop
      vertex -3.938057e+001  1.810891e+001  1.000000e+001
      vertex -3.000000e+001  1.850000e+001  1.000000e+001
      vertex -3.842724e+001  1.877289e+001  1.000000e+001
    endloop
  endfacet
  facet normal  0.000000e+000  -0.000000e+000  1.000000e+000
    outer loop
      vertex -4.159106e+001  1.544175e+001  1.000000e+001
      vertex -3.000000e+001 -1.550000e+001  1.000000e+001
      vertex -3.000000e+001  1.550000e+001  1.000000e+001
    endloop
  endfacet
  facet normal  0.000000e+000  0.000000e+000  1.000000e+000
    outer loop
      vertex -4.159106e+001  1.544175e+001  1.000000e+001
      vertex -3.000000e+001  1.550000e+001  1.000000e+001
      vertex -3.046353e+001  1.557341e+001  1.000000e+001
    endloop
  endfacet
  facet normal  0.000000e+000  0.000000e+000  1.000000e+000
    outer loop
      vertex -4.159106e+001  1.544175e+001  1.000000e+001
      vertex -3.046353e+001  1.557341e+001  1.000000e+001
      vertex -3.088168e+001  1.578647e+001  1.000000e+001
    endloop
  endfacet
  facet normal  0.000000e+000  0.000000e+000  1.000000e+000
    outer loop
      vertex -4.159106e+001  1.544175e+001  1.000000e+001
      vertex -3.088168e+001  1.578647e+001  1.000000e+001
      vertex -3.121353e+001  1.611832e+001  1.000000e+001
    endloop
  endfacet
  facet normal  0.000000e+000  0.000000e+000  1.000000e+000
    outer loop
      vertex -4.159106e+001  1.544175e+001  1.000000e+001
      vertex -3.121353e+001  1.611832e+001  1.000000e+001
      vertex -3.142658e+001  1.653647e+001  1.000000e+001
    endloop
  endfacet
  facet normal  0.000000e+000  0.000000e+000  1.000000e+000
    outer loop
      vertex -4.159106e+001  1.544175e+001  1.000000e+001
      vertex -3.142658e+001  1.653647e+001  1.000000e+001
      vertex -4.097705e+001  1.642800e+001  1.000000e+001
    endloop
  endfacet
  facet normal  0.000000e+000  0.000000e+000  1.000000e+000
    outer loop
      vertex -3.000000e+001 -1.550000e+001  1.000000e+001
      vertex -4.159106e+001  1.544175e+001  1.000000e+001
      vertex -4.206655e+001  1.438174e+001  1.000000e+001
    endloop
  endfacet
  facet normal  0.000000e+000  0.000000e+000  1.000000e+000
    outer loop
      vertex -3.000000e+001 -1.550000e+001  1.000000e+001
      vertex -4.206655e+001  1.438174e+001  1.000000e+001
      vertex -4.239482e+001  1.326732e+001  1.000000e+001
    endloop
  endfacet
  facet normal  0.000000e+000  0.000000e+000  1.000000e+000
    outer loop
      vertex -3.000000e+001 -1.550000e+001  1.000000e+001
      vertex -4.239482e+001  1.326732e+001  1.000000e+001
      vertex -4.256991e+001  1.211882e+001  1.000000e+001
    endloop
  endfacet
  facet normal  0.000000e+000  0.000000e+000  1.000000e+000
    outer loop
      vertex -3.000000e+001 -1.550000e+001  1.000000e+001
      vertex -4.256991e+001  1.211882e+001  1.000000e+001
      vertex -4.258859e+001  1.095720e+001  1.000000e+001
    endloop
  endfacet
  facet normal  0.000000e+000  0.000000e+000  1.000000e+000
    outer loop
      vertex -3.000000e+001 -1.550000e+001  1.000000e+001
      vertex -4.258859e+001  1.095720e+001  1.000000e+001
      vertex -4.023439e+001  5.301113e+000  1.000000e+001
    endloop
  endfacet
  facet normal  0.000000e+000  0.000000e+000  1.000000e+000
    outer loop
      vertex -3.000000e+001 -1.550000e+001  1.000000e+001
      vertex -4.023439e+001  5.301113e+000  1.000000e+001
      vertex -3.969968e+001  4.037678e+000  1.000000e+001
    endloop
  endfacet
  facet normal  0.000000e+000  0.000000e+000  1.000000e+000
    outer loop
      vertex -3.000000e+001 -1.550000e+001  1.000000e+001
      vertex -3.969968e+001  4.037678e+000  1.000000e+001
      vertex -3.931267e+001  2.721467e+000  1.000000e+001
    endloop
  endfacet
  facet normal  0.000000e+000  0.000000e+000  1.000000e+000
    outer loop
      vertex -3.000000e+001 -1.550000e+001  1.000000e+001
      vertex -3.931267e+001  2.721467e+000  1.000000e+001
      vertex -3.907842e+001  1.369685e+000  1.000000e+001
    endloop
  endfacet
  facet normal  0.000000e+000  0.000000e+000  1.000000e+000
    outer loop
      vertex -3.000000e+001 -1.550000e+001  1.000000e+001
      vertex -3.907842e+001  1.369685e+000  1.000000e+001
      vertex -3.900000e+001  1.399133e-015  1.000000e+001
    endloop
  endfacet
  facet normal  0.000000e+000  0.000000e+000  1.000000e+000
    outer loop
      vertex -3.000000e+001 -1.550000e+001  1.000000e+001
      vertex -3.900000e+001  1.399133e-015  1.000000e+001
      vertex -3.907842e+001 -1.369685e+000  1.000000e+001
    endloop
  endfacet
  facet normal  0.000000e+000  0.000000e+000  1.000000e+000
    outer loop
      vertex -3.000000e+001 -1.550000e+001  1.000000e+001
      vertex -3.907842e+001 -1.369685e+000  1.000000e+001
      vertex -3.931267e+001 -2.721467e+000  1.000000e+001
    endloop
  endfacet
  facet normal  0.000000e+000  0.000000e+000  1.000000e+000
    outer loop
      vertex -3.000000e+001 -1.550000e+001  1.000000e+001
      vertex -3.931267e+001 -2.721467e+000  1.000000e+001
      vertex -3.969968e+001 -4.037678e+000  1.000000e+001
    endloop
  endfacet
  facet normal  0.000000e+000  0.000000e+000  1.000000e+000
    outer loop
      vertex -3.000000e+001 -1.550000e+001  1.000000e+001
      vertex -3.969968e+001 -4.037678e+000  1.000000e+001
      vertex -4.023439e+001 -5.301113e+000  1.000000e+001
    endloop
  endfacet
  facet normal  0.000000e+000  0.000000e+000  1.000000e+000
    outer loop
      vertex -3.000000e+001 -1.550000e+001  1.000000e+001
      vertex -4.023439e+001 -5.301113e+000  1.000000e+001
      vertex -4.090982e+001 -6.495259e+000  1.000000e+001
    endloop
  endfacet
  facet normal  0.000000e+000  0.000000e+000  1.000000e+000
    outer loop
      vertex -3.000000e+001 -1.550000e+001  1.000000e+001
      vertex -4.090982e+001 -6.495259e+000  1.000000e+001
      vertex -4.171714e+001 -7.604507e+000  1.000000e+001
    endloop
  endfacet
  facet normal  0.000000e+000  0.000000e+000  1.000000e+000
    outer loop
      vertex -3.000000e+001 -1.550000e+001  1.000000e+001
      vertex -4.171714e+001 -7.604507e+000  1.000000e+001
      vertex -4.215828e+001 -8.679261e+000  1.000000e+001
    endloop
  endfacet
  facet normal  0.000000e+000  0.000000e+000  1.000000e+000
    outer loop
      vertex -3.000000e+001 -1.550000e+001  1.000000e+001
      vertex -4.215828e+001 -8.679261e+000  1.000000e+001
      vertex -4.245055e+001 -9.803667e+000  1.000000e+001
    endloop
  endfacet
  facet normal  0.000000e+000  0.000000e+000  1.000000e+000
    outer loop
      vertex -3.000000e+001 -1.550000e+001  1.000000e+001
      vertex -4.245055e+001 -9.803667e+000  1.000000e+001
      vertex -4.258859e+001 -1.095720e+001  1.000000e+001
    endloop
  endfacet
  facet normal  0.000000e+000  0.000000e+000  1.000000e+000
    outer loop
      vertex -3.000000e+001 -1.550000e+001  1.000000e+001
      vertex -4.258859e+001 -1.095720e+001  1.000000e+001
      vertex -4.256991e+001 -1.211882e+001  1.000000e+001
    endloop
  endfacet
  facet normal  0.000000e+000  0.000000e+000  1.000000e+000
    outer loop
      vertex -3.000000e+001 -1.550000e+001  1.000000e+001
      vertex -4.256991e+001 -1.211882e+001  1.000000e+001
      vertex -4.239482e+001 -1.326732e+001  1.000000e+001
    endloop
  endfacet
  facet normal  0.000000e+000  0.000000e+000  1.000000e+000
    outer loop
      vertex -3.000000e+001 -1.550000e+001  1.000000e+001
      vertex -4.239482e+001 -1.326732e+001  1.000000e+001
      vertex -4.206655e+001 -1.438174e+001  1.000000e+001
    endloop
  endfacet
  facet normal  0.000000e+000  0.000000e+000  1.000000e+000
    outer loop
      vertex -3.000000e+001 -1.550000e+001  1.000000e+001
      vertex -4.206655e+001 -1.438174e+001  1.000000e+001
      vertex -4.159106e+001 -1.544175e+001  1.000000e+001
    endloop
  endfacet
  facet normal  0.000000e+000  -0.000000e+000  1.000000e+000
    outer loop
      vertex -4.097705e+001 -1.642800e+001  1.000000e+001
      vertex -4.023571e+001 -1.732250e+001  1.000000e+001
      vertex -3.150000e+001 -1.700000e+001  1.000000e+001
    endloop
  endfacet
  facet normal  0.000000e+000  -0.000000e+000  9.999999e-001
    outer loop
      vertex -4.097705e+001 -1.642800e+001  1.000000e+001
      vertex -3.150000e+001 -1.700000e+001  1.000000e+001
      vertex -3.142658e+001 -1.653647e+001  1.000000e+001
    endloop
  endfacet
  facet normal  0.000000e+000  -0.000000e+000  1.000000e+000
    outer loop
      vertex -4.097705e+001 -1.642800e+001  1.000000e+001
      vertex -3.142658e+001 -1.653647e+001  1.000000e+001
      vertex -3.121353e+001 -1.611832e+001  1.000000e+001
    endloop
  endfacet
  facet normal  0.000000e+000  -0.000000e+000  1.000000e+000
    outer loop
      vertex -4.097705e+001 -1.642800e+001  1.000000e+001
      vertex -3.121353e+001 -1.611832e+001  1.000000e+001
      vertex -3.088168e+001 -1.578647e+001  1.000000e+001
    endloop
  endfacet
  facet normal  0.000000e+000  -0.000000e+000  1.000000e+000
    outer loop
      vertex -4.097705e+001 -1.642800e+001  1.000000e+001
      vertex -3.088168e+001 -1.578647e+001  1.000000e+001
      vertex -3.046353e+001 -1.557341e+001  1.000000e+001
    endloop
  endfacet
  facet normal  0.000000e+000  -0.000000e+000  1.000000e+000
    outer loop
      vertex -4.097705e+001 -1.642800e+001  1.000000e+001
      vertex -3.046353e+001 -1.557341e+001  1.000000e+001
      vertex -3.000000e+001 -1.550000e+001  1.000000e+001
    endloop
  endfacet
  facet normal  0.000000e+000  0.000000e+000  1.000000e+000
    outer loop
      vertex -4.097705e+001 -1.642800e+001  1.000000e+001
      vertex -3.000000e+001 -1.550000e+001  1.000000e+001
      vertex -4.159106e+001 -1.544175e+001  1.000000e+001
    endloop
  endfacet
  facet normal  -0.000000e+000  -0.000000e+000  1.000000e+000
    outer loop
      vertex  2.100000e+001  1.850000e+001  1.000000e+001
      vertex  2.146353e+001  1.842658e+001  1.000000e+001
      vertex  3.938057e+001  1.810891e+001  1.000000e+001
    endloop
  endfacet
  facet normal  0.000000e+000  0.000000e+000  1.000000e+000
    outer loop
      vertex  2.100000e+001  1.850000e+001  1.000000e+001
      vertex  3.938057e+001  1.810891e+001  1.000000e+001
      vertex  3.842724e+001  1.877289e+001  1.000000e+001
    endloop
  endfacet
  facet normal  0.000000e+000  0.000000e+000  1.000000e+000
    outer loop
      vertex  2.100000e+001  1.850000e+001  1.000000e+001
      vertex  3.842724e+001  1.877289e+001  1.000000e+001
      vertex  3.739312e+001  1.930232e+001  1.000000e+001
    endloop
  endfacet
  facet normal  0.000000e+000  0.000000e+000  1.000000e+000
    outer loop
      vertex  2.100000e+001  1.850000e+001  1.000000e+001
      vertex  3.739312e+001  1.930232e+001  1.000000e+001
      vertex  3.629708e+001  1.968755e+001  1.000000e+001
    endloop
  endfacet
  facet normal  0.000000e+000  0.000000e+000  1.000000e+000
    outer loop
      vertex  2.100000e+001  1.850000e+001  1.000000e+001
      vertex  3.629708e+001  1.968755e+001  1.000000e+001
      vertex  3.515911e+001  1.992153e+001  1.000000e+001
    endloop
  endfacet
  facet normal  0.000000e+000  0.000000e+000  1.000000e+000
    outer loop
      vertex  2.100000e+001  1.850000e+001  1.000000e+001
      vertex  3.515911e+001  1.992153e+001  1.000000e+001
      vertex  3.400000e+001  2.000000e+001  1.000000e+001
    endloop
  endfacet
  facet normal  0.000000e+000  0.000000e+000  1.000000e+000
    outer loop
      vertex  4.159106e+001  1.544175e+001  1.000000e+001
      vertex  4.097705e+001  1.642800e+001  1.000000e+001
      vertex  2.242658e+001  1.653647e+001  1.000000e+001
    endloop
  endfacet
  facet normal  0.000000e+000  0.000000e+000  1.000000e+000
    outer loop
      vertex  4.159106e+001  1.544175e+001  1.000000e+001
      vertex  2.242658e+001  1.653647e+001  1.000000e+001
      vertex  2.221353e+001  1.611832e+001  1.000000e+001
    endloop
  endfacet
  facet normal  0.000000e+000  0.000000e+000  1.000000e+000
    outer loop
      vertex  4.159106e+001  1.544175e+001  1.000000e+001
      vertex  2.221353e+001  1.611832e+001  1.000000e+001
      vertex  2.188168e+001  1.578647e+001  1.000000e+001
    endloop
  endfacet
  facet normal  0.000000e+000  0.000000e+000  1.000000e+000
    outer loop
      vertex  4.159106e+001  1.544175e+001  1.000000e+001
      vertex  2.188168e+001  1.578647e+001  1.000000e+001
      vertex  2.146353e+001  1.557341e+001  1.000000e+001
    endloop
  endfacet
  facet normal  0.000000e+000  0.000000e+000  1.000000e+000
    outer loop
      vertex  4.159106e+001  1.544175e+001  1.000000e+001
      vertex  2.146353e+001  1.557341e+001  1.000000e+001
      vertex  2.100000e+001  1.550000e+001  1.000000e+001
    endloop
  endfacet
  facet normal  0.000000e+000  -0.000000e+000  1.000000e+000
    outer loop
      vertex  2.100000e+001 -1.550000e+001  1.000000e+001
      vertex  4.097705e+001 -1.642800e+001  1.000000e+001
      vertex  4.159106e+001 -1.544175e+001  1.000000e+001
    endloop
  endfacet
  facet normal  0.000000e+000  -0.000000e+000  9.999999e-001
    outer loop
      vertex  2.100000e+001 -1.550000e+001  1.000000e+001
      vertex  4.159106e+001 -1.544175e+001  1.000000e+001
      vertex  4.206655e+001 -1.438174e+001  1.000000e+001
    endloop
  endfacet
  facet normal  0.000000e+000  -0.000000e+000  1.000000e+000
    outer loop
      vertex  2.100000e+001 -1.550000e+001  1.000000e+001
      vertex  4.206655e+001 -1.438174e+001  1.000000e+001
      vertex  4.239482e+001 -1.326732e+001  1.000000e+001
    endloop
  endfacet
  facet normal  0.000000e+000  -0.000000e+000  1.000000e+000
    outer loop
      vertex  2.100000e+001 -1.550000e+001  1.000000e+001
      vertex  4.239482e+001 -1.326732e+001  1.000000e+001
      vertex  4.256991e+001 -1.211882e+001  1.000000e+001
    endloop
  endfacet
  facet normal  0.000000e+000  -0.000000e+000  1.000000e+000
    outer loop
      vertex  2.100000e+001 -1.550000e+001  1.000000e+001
      vertex  4.256991e+001 -1.211882e+001  1.000000e+001
      vertex  4.258859e+001 -1.095720e+001  1.000000e+001
    endloop
  endfacet
  facet normal  0.000000e+000  0.000000e+000  1.000000e+000
    outer loop
      vertex  2.100000e+001 -1.550000e+001  1.000000e+001
      vertex  4.258859e+001 -1.095720e+001  1.000000e+001
      vertex  4.245055e+001 -9.803667e+000  1.000000e+001
    endloop
  endfacet
  facet normal  0.000000e+000  0.000000e+000  1.000000e+000
    outer loop
      vertex  2.100000e+001 -1.550000e+001  1.000000e+001
      vertex  4.245055e+001 -9.803667e+000  1.000000e+001
      vertex  4.215828e+001 -8.679261e+000  1.000000e+001
    endloop
  endfacet
  facet normal  0.000000e+000  0.000000e+000  1.000000e+000
    outer loop
      vertex  2.100000e+001 -1.550000e+001  1.000000e+001
      vertex  4.215828e+001 -8.679261e+000  1.000000e+001
      vertex  4.171714e+001 -7.604507e+000  1.000000e+001
    endloop
  endfacet
  facet normal  0.000000e+000  0.000000e+000  1.000000e+000
    outer loop
      vertex  2.100000e+001 -1.550000e+001  1.000000e+001
      vertex  4.171714e+001 -7.604507e+000  1.000000e+001
      vertex  4.090982e+001 -6.495259e+000  1.000000e+001
    endloop
  endfacet
  facet normal  0.000000e+000  0.000000e+000  1.000000e+000
    outer loop
      vertex  2.100000e+001 -1.550000e+001  1.000000e+001
      vertex  4.090982e+001 -6.495259e+000  1.000000e+001
      vertex  4.023439e+001 -5.301113e+000  1.000000e+001
    endloop
  endfacet
  facet normal  0.000000e+000  0.000000e+000  1.000000e+000
    outer loop
      vertex  2.100000e+001 -1.550000e+001  1.000000e+001
      vertex  4.023439e+001 -5.301113e+000  1.000000e+001
      vertex  3.969968e+001 -4.037678e+000  1.000000e+001
    endloop
  endfacet
  facet normal  0.000000e+000  0.000000e+000  9.999999e-001
    outer loop
      vertex  2.100000e+001 -1.550000e+001  1.000000e+001
      vertex  3.969968e+001 -4.037678e+000  1.000000e+001
      vertex  3.931267e+001 -2.721467e+000  1.000000e+001
    endloop
  endfacet
  facet normal  0.000000e+000  0.000000e+000  9.999999e-001
    outer loop
      vertex  2.100000e+001 -1.550000e+001  1.000000e+001
      vertex  3.931267e+001 -2.721467e+000  1.000000e+001
      vertex  3.907842e+001 -1.369685e+000  1.000000e+001
    endloop
  endfacet
  facet normal  0.000000e+000  0.000000e+000  1.000000e+000
    outer loop
      vertex  2.100000e+001 -1.550000e+001  1.000000e+001
      vertex  3.907842e+001 -1.369685e+000  1.000000e+001
      vertex  3.900000e+001  1.399133e-015  1.000000e+001
    endloop
  endfacet
  facet normal  0.000000e+000  -0.000000e+000  1.000000e+000
    outer loop
      vertex  2.100000e+001 -1.550000e+001  1.000000e+001
      vertex  3.900000e+001  1.399133e-015  1.000000e+001
      vertex  3.907842e+001  1.369685e+000  1.000000e+001
    endloop
  endfacet
  facet normal  0.000000e+000  -0.000000e+000  9.999999e-001
    outer loop
      vertex  2.100000e+001 -1.550000e+001  1.000000e+001
      vertex  3.907842e+001  1.369685e+000  1.000000e+001
      vertex  3.931267e+001  2.721467e+000  1.000000e+001
    endloop
  endfacet
  facet normal  0.000000e+000  -0.000000e+000  1.000000e+000
    outer loop
      vertex  2.100000e+001 -1.550000e+001  1.000000e+001
      vertex  3.931267e+001  2.721467e+000  1.000000e+001
      vertex  3.969968e+001  4.037678e+000  1.000000e+001
    endloop
  endfacet
  facet normal  0.000000e+000  -0.000000e+000  1.000000e+000
    outer loop
      vertex  2.100000e+001 -1.550000e+001  1.000000e+001
      vertex  3.969968e+001  4.037678e+000  1.000000e+001
      vertex  4.023439e+001  5.301113e+000  1.000000e+001
    endloop
  endfacet
  facet normal  0.000000e+000  -0.000000e+000  1.000000e+000
    outer loop
      vertex  2.100000e+001 -1.550000e+001  1.000000e+001
      vertex  4.023439e+001  5.301113e+000  1.000000e+001
      vertex  4.090982e+001  6.495259e+000  1.000000e+001
    endloop
  endfacet
  facet normal  0.000000e+000  -0.000000e+000  1.000000e+000
    outer loop
      vertex  2.100000e+001 -1.550000e+001  1.000000e+001
      vertex  4.090982e+001  6.495259e+000  1.000000e+001
      vertex  4.171714e+001  7.604507e+000  1.000000e+001
    endloop
  endfacet
  facet normal  0.000000e+000  -0.000000e+000  1.000000e+000
    outer loop
      vertex  2.100000e+001 -1.550000e+001  1.000000e+001
      vertex  4.171714e+001  7.604507e+000  1.000000e+001
      vertex  4.215828e+001  8.679261e+000  1.000000e+001
    endloop
  endfacet
  facet normal  0.000000e+000  -0.000000e+000  1.000000e+000
    outer loop
      vertex  2.100000e+001 -1.550000e+001  1.000000e+001
      vertex  4.215828e+001  8.679261e+000  1.000000e+001
      vertex  4.245055e+001  9.803667e+000  1.000000e+001
    endloop
  endfacet
  facet normal  0.000000e+000  -0.000000e+000  9.999999e-001
    outer loop
      vertex  2.100000e+001 -1.550000e+001  1.000000e+001
      vertex  4.245055e+001  9.803667e+000  1.000000e+001
      vertex  4.258859e+001  1.095720e+001  1.000000e+001
    endloop
  endfacet
  facet normal  0.000000e+000  0.000000e+000  1.000000e+000
    outer loop
      vertex  2.100000e+001 -1.550000e+001  1.000000e+001
      vertex  4.258859e+001  1.095720e+001  1.000000e+001
      vertex  4.256991e+001  1.211882e+001  1.000000e+001
    endloop
  endfacet
  facet normal  0.000000e+000  0.000000e+000  9.999999e-001
    outer loop
      vertex  2.100000e+001 -1.550000e+001  1.000000e+001
      vertex  4.256991e+001  1.211882e+001  1.000000e+001
      vertex  4.239482e+001  1.326732e+001  1.000000e+001
    endloop
  endfacet
  facet normal  0.000000e+000  0.000000e+000  1.000000e+000
    outer loop
      vertex  2.100000e+001 -1.550000e+001  1.000000e+001
      vertex  4.239482e+001  1.326732e+001  1.000000e+001
      vertex  4.206655e+001  1.438174e+001  1.000000e+001
    endloop
  endfacet
  facet normal  0.000000e+000  0.000000e+000  1.000000e+000
    outer loop
      vertex  2.100000e+001 -1.550000e+001  1.000000e+001
      vertex  4.206655e+001  1.438174e+001  1.000000e+001
      vertex  4.159106e+001  1.544175e+001  1.000000e+001
    endloop
  endfacet
  facet normal  0.000000e+000  0.000000e+000  1.000000e+000
    outer loop
      vertex  2.100000e+001 -1.550000e+001  1.000000e+001
      vertex  4.159106e+001  1.544175e+001  1.000000e+001
      vertex  2.100000e+001  1.550000e+001  1.000000e+001
    endloop
  endfacet
  facet normal  0.000000e+000  0.000000e+000  9.999999e-001
    outer loop
      vertex  2.100000e+001 -1.550000e+001  1.000000e+001
      vertex  2.100000e+001  1.550000e+001  1.000000e+001
      vertex -3.000000e+001  1.550000e+001  1.000000e+001
    endloop
  endfacet
  facet normal  0.000000e+000  0.000000e+000  9.999999e-001
    outer loop
      vertex  2.100000e+001 -1.550000e+001  1.000000e+001
      vertex -3.000000e+001  1.550000e+001  1.000000e+001
      vertex -3.000000e+001 -1.550000e+001  1.000000e+001
    endloop
  endfacet
  facet normal  -0.000000e+000  0.000000e+000  1.000000e+000
    outer loop
      vertex  2.100000e+001 -1.550000e+001  1.000000e+001
      vertex -3.000000e+001 -1.550000e+001  1.000000e+001
      vertex -2.953647e+001 -1.557341e+001  1.000000e+001
    endloop
  endfacet
  facet normal  0.000000e+000  0.000000e+000  1.000000e+000
    outer loop
      vertex  2.100000e+001 -1.550000e+001  1.000000e+001
      vertex -2.953647e+001 -1.557341e+001  1.000000e+001
      vertex  2.053647e+001 -1.557341e+001  1.000000e+001
    endloop
  endfacet
  facet normal  0.000000e+000  0.000000e+000  1.000000e+000
    outer loop
      vertex  4.097705e+001 -1.642800e+001  1.000000e+001
      vertex  2.100000e+001 -1.550000e+001  1.000000e+001
      vertex  2.146353e+001 -1.557341e+001  1.000000e+001
    endloop
  endfacet
  facet normal  0.000000e+000  0.000000e+000  9.999999e-001
    outer loop
      vertex  4.097705e+001 -1.642800e+001  1.000000e+001
      vertex  2.146353e+001 -1.557341e+001  1.000000e+001
      vertex  2.188168e+001 -1.578647e+001  1.000000e+001
    endloop
  endfacet
  facet normal  0.000000e+000  0.000000e+000  1.000000e+000
    outer loop
      vertex  4.097705e+001 -1.642800e+001  1.000000e+001
      vertex  2.188168e+001 -1.578647e+001  1.000000e+001
      vertex  2.221353e+001 -1.611832e+001  1.000000e+001
    endloop
  endfacet
  facet normal  0.000000e+000  0.000000e+000  1.000000e+000
    outer loop
      vertex  4.097705e+001 -1.642800e+001  1.000000e+001
      vertex  2.221353e+001 -1.611832e+001  1.000000e+001
      vertex  2.242658e+001 -1.653647e+001  1.000000e+001
    endloop
  endfacet
  facet normal  -0.000000e+000  0.000000e+000  1.000000e+000
    outer loop
      vertex  4.097705e+001 -1.642800e+001  1.000000e+001
      vertex  2.242658e+001 -1.653647e+001  1.000000e+001
      vertex  2.250000e+001 -1.700000e+001  1.000000e+001
    endloop
  endfacet
  facet normal  -0.000000e+000  0.000000e+000  1.000000e+000
    outer loop
      vertex  4.097705e+001 -1.642800e+001  1.000000e+001
      vertex  2.250000e+001 -1.700000e+001  1.000000e+001
      vertex  4.023571e+001 -1.732250e+001  1.000000e+001
    endloop
  endfacet
  facet normal  0.000000e+000  0.000000e+000  1.000000e+000
    outer loop
      vertex -4.097705e+001  1.642800e+001  1.000000e+001
      vertex -3.150000e+001  1.700000e+001  1.000000e+001
      vertex -4.023571e+001  1.732250e+001  1.000000e+001
    endloop
  endfacet
  facet normal  -0.000000e+000  0.000000e+000  1.000000e+000
    outer loop
      vertex -4.023571e+001  1.732250e+001  1.000000e+001
      vertex -3.150000e+001  1.700000e+001  1.000000e+001
      vertex -3.142658e+001  1.746353e+001  1.000000e+001
    endloop
  endfacet
  facet normal  0.000000e+000  -0.000000e+000  1.000000e+000
    outer loop
      vertex -4.023571e+001  1.732250e+001  1.000000e+001
      vertex -3.142658e+001  1.746353e+001  1.000000e+001
      vertex -3.121353e+001  1.788168e+001  1.000000e+001
    endloop
  endfacet
  facet normal  0.000000e+000  0.000000e+000  1.000000e+000
    outer loop
      vertex -4.023439e+001  5.301113e+000  1.000000e+001
      vertex -4.258859e+001  1.095720e+001  1.000000e+001
      vertex -4.090982e+001  6.495259e+000  1.000000e+001
    endloop
  endfacet
  facet normal  0.000000e+000  0.000000e+000  1.000000e+000
    outer loop
      vertex -4.090982e+001  6.495259e+000  1.000000e+001
      vertex -4.258859e+001  1.095720e+001  1.000000e+001
      vertex -4.245055e+001  9.803667e+000  1.000000e+001
    endloop
  endfacet
  facet normal  0.000000e+000  0.000000e+000  1.000000e+000
    outer loop
      vertex -4.090982e+001  6.495259e+000  1.000000e+001
      vertex -4.245055e+001  9.803667e+000  1.000000e+001
      vertex -4.171714e+001  7.604507e+000  1.000000e+001
    endloop
  endfacet
  facet normal  0.000000e+000  0.000000e+000  9.999999e-001
    outer loop
      vertex -4.171714e+001  7.604507e+000  1.000000e+001
      vertex -4.245055e+001  9.803667e+000  1.000000e+001
      vertex -4.215828e+001  8.679261e+000  1.000000e+001
    endloop
  endfacet
  facet normal  0.000000e+000  0.000000e+000  1.000000e+000
    outer loop
      vertex -3.938057e+001 -1.810891e+001  1.000000e+001
      vertex -3.121353e+001 -1.788168e+001  1.000000e+001
      vertex -4.023571e+001 -1.732250e+001  1.000000e+001
    endloop
  endfacet
  facet normal  0.000000e+000  0.000000e+000  1.000000e+000
    outer loop
      vertex -4.023571e+001 -1.732250e+001  1.000000e+001
      vertex -3.121353e+001 -1.788168e+001  1.000000e+001
      vertex -3.142658e+001 -1.746353e+001  1.000000e+001
    endloop
  endfacet
  facet normal  0.000000e+000  0.000000e+000  1.000000e+000
    outer loop
      vertex -4.023571e+001 -1.732250e+001  1.000000e+001
      vertex -3.142658e+001 -1.746353e+001  1.000000e+001
      vertex -3.150000e+001 -1.700000e+001  1.000000e+001
    endloop
  endfacet
  facet normal  -0.000000e+000  0.000000e+000  1.000000e+000
    outer loop
      vertex  2.053647e+001  1.842658e+001  1.000000e+001
      vertex -2.953647e+001  1.842658e+001  1.000000e+001
      vertex  2.011832e+001  1.821353e+001  1.000000e+001
    endloop
  endfacet
  facet normal  0.000000e+000  0.000000e+000  1.000000e+000
    outer loop
      vertex  2.011832e+001  1.821353e+001  1.000000e+001
      vertex -2.953647e+001  1.842658e+001  1.000000e+001
      vertex -2.911832e+001  1.821353e+001  1.000000e+001
    endloop
  endfacet
  facet normal  -0.000000e+000  0.000000e+000  1.000000e+000
    outer loop
      vertex  2.011832e+001  1.821353e+001  1.000000e+001
      vertex -2.911832e+001  1.821353e+001  1.000000e+001
      vertex  1.978647e+001  1.788168e+001  1.000000e+001
    endloop
  endfacet
  facet normal  0.000000e+000  0.000000e+000  1.000000e+000
    outer loop
      vertex  1.978647e+001  1.788168e+001  1.000000e+001
      vertex -2.911832e+001  1.821353e+001  1.000000e+001
      vertex -2.878647e+001  1.788168e+001  1.000000e+001
    endloop
  endfacet
  facet normal  -0.000000e+000  0.000000e+000  1.000000e+000
    outer loop
      vertex  1.978647e+001  1.788168e+001  1.000000e+001
      vertex -2.878647e+001  1.788168e+001  1.000000e+001
      vertex  1.957342e+001  1.746353e+001  1.000000e+001
    endloop
  endfacet
  facet normal  0.000000e+000  0.000000e+000  1.000000e+000
    outer loop
      vertex  1.957342e+001  1.746353e+001  1.000000e+001
      vertex -2.878647e+001  1.788168e+001  1.000000e+001
      vertex -2.857342e+001  1.746353e+001  1.000000e+001
    endloop
  endfacet
  facet normal  -0.000000e+000  0.000000e+000  1.000000e+000
    outer loop
      vertex  1.957342e+001  1.746353e+001  1.000000e+001
      vertex -2.857342e+001  1.746353e+001  1.000000e+001
      vertex  1.950000e+001  1.700000e+001  1.000000e+001
    endloop
  endfacet
  facet normal  0.000000e+000  0.000000e+000  1.000000e+000
    outer loop
      vertex  1.950000e+001  1.700000e+001  1.000000e+001
      vertex -2.857342e+001  1.746353e+001  1.000000e+001
      vertex -2.850000e+001  1.700000e+001  1.000000e+001
    endloop
  endfacet
  facet normal  -0.000000e+000  0.000000e+000  1.000000e+000
    outer loop
      vertex  1.950000e+001  1.700000e+001  1.000000e+001
      vertex -2.850000e+001  1.700000e+001  1.000000e+001
      vertex  1.957342e+001  1.653647e+001  1.000000e+001
    endloop
  endfacet
  facet normal  0.000000e+000  0.000000e+000  1.000000e+000
    outer loop
      vertex  1.957342e+001  1.653647e+001  1.000000e+001
      vertex -2.850000e+001  1.700000e+001  1.000000e+001
      vertex -2.857342e+001  1.653647e+001  1.000000e+001
    endloop
  endfacet
  facet normal  -0.000000e+000  0.000000e+000  1.000000e+000
    outer loop
      vertex  1.957342e+001  1.653647e+001  1.000000e+001
      vertex -2.857342e+001  1.653647e+001  1.000000e+001
      vertex  1.978647e+001  1.611832e+001  1.000000e+001
    endloop
  endfacet
  facet normal  0.000000e+000  0.000000e+000  1.000000e+000
    outer loop
      vertex  1.978647e+001  1.611832e+001  1.000000e+001
      vertex -2.857342e+001  1.653647e+001  1.000000e+001
      vertex -2.878647e+001  1.611832e+001  1.000000e+001
    endloop
  endfacet
  facet normal  -0.000000e+000  0.000000e+000  1.000000e+000
    outer loop
      vertex  1.978647e+001  1.611832e+001  1.000000e+001
      vertex -2.878647e+001  1.611832e+001  1.000000e+001
      vertex  2.011832e+001  1.578647e+001  1.000000e+001
    endloop
  endfacet
  facet normal  0.000000e+000  0.000000e+000  1.000000e+000
    outer loop
      vertex  2.011832e+001  1.578647e+001  1.000000e+001
      vertex -2.878647e+001  1.611832e+001  1.000000e+001
      vertex -2.911832e+001  1.578647e+001  1.000000e+001
    endloop
  endfacet
  facet normal  -0.000000e+000  0.000000e+000  1.000000e+000
    outer loop
      vertex  2.011832e+001  1.578647e+001  1.000000e+001
      vertex -2.911832e+001  1.578647e+001  1.000000e+001
      vertex  2.053647e+001  1.557341e+001  1.000000e+001
    endloop
  endfacet
  facet normal  0.000000e+000  0.000000e+000  1.000000e+000
    outer loop
      vertex  2.053647e+001  1.557341e+001  1.000000e+001
      vertex -2.911832e+001  1.578647e+001  1.000000e+001
      vertex -2.953647e+001  1.557341e+001  1.000000e+001
    endloop
  endfacet
  facet normal  -0.000000e+000  0.000000e+000  1.000000e+000
    outer loop
      vertex  2.053647e+001  1.557341e+001  1.000000e+001
      vertex -2.953647e+001  1.557341e+001  1.000000e+001
      vertex  2.100000e+001  1.550000e+001  1.000000e+001
    endloop
  endfacet
  facet normal  0.000000e+000  0.000000e+000  1.000000e+000
    outer loop
      vertex  2.100000e+001  1.550000e+001  1.000000e+001
      vertex -2.953647e+001  1.557341e+001  1.000000e+001
      vertex -3.000000e+001  1.550000e+001  1.000000e+001
    endloop
  endfacet
  facet normal  -0.000000e+000  0.000000e+000  1.000000e+000
    outer loop
      vertex  2.053647e+001 -1.557341e+001  1.000000e+001
      vertex -2.953647e+001 -1.557341e+001  1.000000e+001
      vertex  2.011832e+001 -1.578647e+001  1.000000e+001
    endloop
  endfacet
  facet normal  0.000000e+000  0.000000e+000  1.000000e+000
    outer loop
      vertex  2.011832e+001 -1.578647e+001  1.000000e+001
      vertex -2.953647e+001 -1.557341e+001  1.000000e+001
      vertex -2.911832e+001 -1.578647e+001  1.000000e+001
    endloop
  endfacet
  facet normal  -0.000000e+000  0.000000e+000  1.000000e+000
    outer loop
      vertex  2.011832e+001 -1.578647e+001  1.000000e+001
      vertex -2.911832e+001 -1.578647e+001  1.000000e+001
      vertex  1.978647e+001 -1.611832e+001  1.000000e+001
    endloop
  endfacet
  facet normal  0.000000e+000  0.000000e+000  1.000000e+000
    outer loop
      vertex  1.978647e+001 -1.611832e+001  1.000000e+001
      vertex -2.911832e+001 -1.578647e+001  1.000000e+001
      vertex -2.878647e+001 -1.611832e+001  1.000000e+001
    endloop
  endfacet
  facet normal  -0.000000e+000  0.000000e+000  1.000000e+000
    outer loop
      vertex  1.978647e+001 -1.611832e+001  1.000000e+001
      vertex -2.878647e+001 -1.611832e+001  1.000000e+001
      vertex  1.957342e+001 -1.653647e+001  1.000000e+001
    endloop
  endfacet
  facet normal  0.000000e+000  0.000000e+000  1.000000e+000
    outer loop
      vertex  1.957342e+001 -1.653647e+001  1.000000e+001
      vertex -2.878647e+001 -1.611832e+001  1.000000e+001
      vertex -2.857342e+001 -1.653647e+001  1.000000e+001
    endloop
  endfacet
  facet normal  -0.000000e+000  0.000000e+000  1.000000e+000
    outer loop
      vertex  1.957342e+001 -1.653647e+001  1.000000e+001
      vertex -2.857342e+001 -1.653647e+001  1.000000e+001
      vertex  1.950000e+001 -1.700000e+001  1.000000e+001
    endloop
  endfacet
  facet normal  0.000000e+000  0.000000e+000  1.000000e+000
    outer loop
      vertex  1.950000e+001 -1.700000e+001  1.000000e+001
      vertex -2.857342e+001 -1.653647e+001  1.000000e+001
      vertex -2.850000e+001 -1.700000e+001  1.000000e+001
    endloop
  endfacet
  facet normal  -0.000000e+000  0.000000e+000  1.000000e+000
    outer loop
      vertex  1.950000e+001 -1.700000e+001  1.000000e+001
      vertex -2.850000e+001 -1.700000e+001  1.000000e+001
      vertex  1.957342e+001 -1.746353e+001  1.000000e+001
    endloop
  endfacet
  facet normal  0.000000e+000  0.000000e+000  1.000000e+000
    outer loop
      vertex  1.957342e+001 -1.746353e+001  1.000000e+001
      vertex -2.850000e+001 -1.700000e+001  1.000000e+001
      vertex -2.857342e+001 -1.746353e+001  1.000000e+001
    endloop
  endfacet
  facet normal  -0.000000e+000  0.000000e+000  1.000000e+000
    outer loop
      vertex  1.957342e+001 -1.746353e+001  1.000000e+001
      vertex -2.857342e+001 -1.746353e+001  1.000000e+001
      vertex  1.978647e+001 -1.788168e+001  1.000000e+001
    endloop
  endfacet
  facet normal  0.000000e+000  0.000000e+000  1.000000e+000
    outer loop
      vertex  1.978647e+001 -1.788168e+001  1.000000e+001
      vertex -2.857342e+001 -1.746353e+001  1.000000e+001
      vertex -2.878647e+001 -1.788168e+001  1.000000e+001
    endloop
  endfacet
  facet normal  -0.000000e+000  0.000000e+000  1.000000e+000
    outer loop
      vertex  1.978647e+001 -1.788168e+001  1.000000e+001
      vertex -2.878647e+001 -1.788168e+001  1.000000e+001
      vertex  2.011832e+001 -1.821353e+001  1.000000e+001
    endloop
  endfacet
  facet normal  0.000000e+000  0.000000e+000  1.000000e+000
    outer loop
      vertex  2.011832e+001 -1.821353e+001  1.000000e+001
      vertex -2.878647e+001 -1.788168e+001  1.000000e+001
      vertex -2.911832e+001 -1.821353e+001  1.000000e+001
    endloop
  endfacet
  facet normal  -0.000000e+000  0.000000e+000  1.000000e+000
    outer loop
      vertex  2.011832e+001 -1.821353e+001  1.000000e+001
      vertex -2.911832e+001 -1.821353e+001  1.000000e+001
      vertex  2.053647e+001 -1.842658e+001  1.000000e+001
    endloop
  endfacet
  facet normal  0.000000e+000  0.000000e+000  1.000000e+000
    outer loop
      vertex  2.053647e+001 -1.842658e+001  1.000000e+001
      vertex -2.911832e+001 -1.821353e+001  1.000000e+001
      vertex -2.953647e+001 -1.842658e+001  1.000000e+001
    endloop
  endfacet
  facet normal  0.000000e+000  0.000000e+000  1.000000e+000
    outer loop
      vertex  2.221353e+001  1.788168e+001  1.000000e+001
      vertex  4.023571e+001  1.732250e+001  1.000000e+001
      vertex  2.188168e+001  1.821353e+001  1.000000e+001
    endloop
  endfacet
  facet normal  0.000000e+000  0.000000e+000  9.999999e-001
    outer loop
      vertex  2.188168e+001  1.821353e+001  1.000000e+001
      vertex  4.023571e+001  1.732250e+001  1.000000e+001
      vertex  3.938057e+001  1.810891e+001  1.000000e+001
    endloop
  endfacet
  facet normal  0.000000e+000  0.000000e+000  1.000000e+000
    outer loop
      vertex  2.188168e+001  1.821353e+001  1.000000e+001
      vertex  3.938057e+001  1.810891e+001  1.000000e+001
      vertex  2.146353e+001  1.842658e+001  1.000000e+001
    endloop
  endfacet
  facet normal  0.000000e+000  0.000000e+000  1.000000e+000
    outer loop
      vertex  2.250000e+001  1.700000e+001  1.000000e+001
      vertex  4.097705e+001  1.642800e+001  1.000000e+001
      vertex  2.242658e+001  1.746353e+001  1.000000e+001
    endloop
  endfacet
  facet normal  0.000000e+000  0.000000e+000  1.000000e+000
    outer loop
      vertex  2.242658e+001  1.746353e+001  1.000000e+001
      vertex  4.097705e+001  1.642800e+001  1.000000e+001
      vertex  4.023571e+001  1.732250e+001  1.000000e+001
    endloop
  endfacet
  facet normal  0.000000e+000  0.000000e+000  1.000000e+000
    outer loop
      vertex  2.242658e+001  1.746353e+001  1.000000e+001
      vertex  4.023571e+001  1.732250e+001  1.000000e+001
      vertex  2.221353e+001  1.788168e+001  1.000000e+001
    endloop
  endfacet
  facet normal  0.000000e+000  0.000000e+000  1.000000e+000
    outer loop
      vertex  2.221353e+001 -1.788168e+001  1.000000e+001
      vertex  3.938057e+001 -1.810891e+001  1.000000e+001
      vertex  2.242658e+001 -1.746353e+001  1.000000e+001
    endloop
  endfacet
  facet normal  -0.000000e+000  0.000000e+000  1.000000e+000
    outer loop
      vertex  2.242658e+001 -1.746353e+001  1.000000e+001
      vertex  3.938057e+001 -1.810891e+001  1.000000e+001
      vertex  4.023571e+001 -1.732250e+001  1.000000e+001
    endloop
  endfacet
  facet normal  0.000000e+000  0.000000e+000  1.000000e+000
    outer loop
      vertex  2.242658e+001 -1.746353e+001  1.000000e+001
      vertex  4.023571e+001 -1.732250e+001  1.000000e+001
      vertex  2.250000e+001 -1.700000e+001  1.000000e+001
    endloop
  endfacet
  facet normal  0.000000e+000  0.000000e+000  9.999999e-001
    outer loop
      vertex  2.146353e+001 -1.842658e+001  1.000000e+001
      vertex  3.842724e+001 -1.877289e+001  1.000000e+001
      vertex  2.188168e+001 -1.821353e+001  1.000000e+001
    endloop
  endfacet
  facet normal  -0.000000e+000  0.000000e+000  1.000000e+000
    outer loop
      vertex  2.188168e+001 -1.821353e+001  1.000000e+001
      vertex  3.842724e+001 -1.877289e+001  1.000000e+001
      vertex  3.938057e+001 -1.810891e+001  1.000000e+001
    endloop
  endfacet
  facet normal  0.000000e+000  0.000000e+000  1.000000e+000
    outer loop
      vertex  2.188168e+001 -1.821353e+001  1.000000e+001
      vertex  3.938057e+001 -1.810891e+001  1.000000e+001
      vertex  2.221353e+001 -1.788168e+001  1.000000e+001
    endloop
  endfacet
  facet normal  0.000000e+000  0.000000e+000 -1.000000e+000
    outer loop
      vertex -3.697008e+001  3.662148e+000  8.500000e+000
      vertex -3.741655e+001  5.073462e+000  8.500000e+000
      vertex -3.750130e+001  1.639509e+001  8.500000e+000
    endloop
  endfacet
  facet normal  0.000000e+000  0.000000e+000 -1.000000e+000
    outer loop
      vertex -3.741655e+001 -5.073462e+000  8.500000e+000
      vertex -3.697008e+001 -3.662148e+000  8.500000e+000
      vertex -3.750130e+001 -1.639509e+001  8.500000e+000
    endloop
  endfacet
  facet normal  0.000000e+000  0.000000e+000 -1.000000e+000
    outer loop
      vertex -3.150000e+001 -1.700000e+001  8.500000e+000
      vertex -3.583575e+001 -1.721722e+001  8.500000e+000
      vertex -3.670000e+001 -1.686992e+001  8.500000e+000
    endloop
  endfacet
  facet normal  0.000000e+000  0.000000e+000 -1.000000e+000
    outer loop
      vertex -3.150000e+001 -1.700000e+001  8.500000e+000
      vertex -3.670000e+001 -1.686992e+001  8.500000e+000
      vertex -3.651890e+001 -7.401268e-001  8.500000e+000
    endloop
  endfacet
  facet normal  0.000000e+000  0.000000e+000 -1.000000e+000
    outer loop
      vertex -3.150000e+001 -1.700000e+001  8.500000e+000
      vertex -3.651890e+001 -7.401268e-001  8.500000e+000
      vertex -3.651890e+001  7.401268e-001  8.500000e+000
    endloop
  endfacet
  facet normal  0.000000e+000  0.000000e+000 -1.000000e+000
    outer loop
      vertex -3.150000e+001 -1.700000e+001  8.500000e+000
      vertex -3.651890e+001  7.401268e-001  8.500000e+000
      vertex -3.670000e+001  1.686992e+001  8.500000e+000
    endloop
  endfacet
  facet normal  -0.000000e+000  -0.000000e+000 -1.000000e+000
    outer loop
      vertex  1.950000e+001  1.700000e+001  8.500000e+000
      vertex  1.957342e+001  1.653647e+001  8.500000e+000
      vertex  1.957342e+001 -1.653647e+001  8.500000e+000
    endloop
  endfacet
  facet normal  -0.000000e+000  0.000000e+000 -1.000000e+000
    outer loop
      vertex  1.950000e+001  1.700000e+001  8.500000e+000
      vertex  1.957342e+001 -1.653647e+001  8.500000e+000
      vertex  1.950000e+001 -1.700000e+001  8.500000e+000
    endloop
  endfacet
  facet normal  0.000000e+000  0.000000e+000 -1.000000e+000
    outer loop
      vertex  1.950000e+001  1.700000e+001  8.500000e+000
      vertex  1.950000e+001 -1.700000e+001  8.500000e+000
      vertex -2.850000e+001 -1.700000e+001  8.500000e+000
    endloop
  endfacet
  facet normal  0.000000e+000  0.000000e+000 -1.000000e+000
    outer loop
      vertex  1.950000e+001  1.700000e+001  8.500000e+000
      vertex -2.850000e+001 -1.700000e+001  8.500000e+000
      vertex -2.850000e+001  1.700000e+001  8.500000e+000
    endloop
  endfacet
  facet normal  0.000000e+000  0.000000e+000 -1.000000e+000
    outer loop
      vertex  1.950000e+001  1.700000e+001  8.500000e+000
      vertex -2.850000e+001  1.700000e+001  8.500000e+000
      vertex -2.857342e+001  1.746353e+001  8.500000e+000
    endloop
  endfacet
  facet normal  0.000000e+000  0.000000e+000 -1.000000e+000
    outer loop
      vertex  1.950000e+001  1.700000e+001  8.500000e+000
      vertex -2.857342e+001  1.746353e+001  8.500000e+000
      vertex -2.878647e+001  1.788168e+001  8.500000e+000
    endloop
  endfacet
  facet normal  0.000000e+000  0.000000e+000 -1.000000e+000
    outer loop
      vertex  1.950000e+001  1.700000e+001  8.500000e+000
      vertex -2.878647e+001  1.788168e+001  8.500000e+000
      vertex -2.911832e+001  1.821353e+001  8.500000e+000
    endloop
  endfacet
  facet normal  0.000000e+000  0.000000e+000 -1.000000e+000
    outer loop
      vertex  1.950000e+001  1.700000e+001  8.500000e+000
      vertex -2.911832e+001  1.821353e+001  8.500000e+000
      vertex -2.953647e+001  1.842658e+001  8.500000e+000
    endloop
  endfacet
  facet normal  0.000000e+000  0.000000e+000 -1.000000e+000
    outer loop
      vertex  1.950000e+001 -1.700000e+001  8.500000e+000
      vertex -2.953647e+001 -1.842658e+001  8.500000e+000
      vertex -2.911832e+001 -1.821353e+001  8.500000e+000
    endloop
  endfacet
  facet normal  0.000000e+000  0.000000e+000 -1.000000e+000
    outer loop
      vertex  1.950000e+001 -1.700000e+001  8.500000e+000
      vertex -2.911832e+001 -1.821353e+001  8.500000e+000
      vertex -2.878647e+001 -1.788168e+001  8.500000e+000
    endloop
  endfacet
  facet normal  0.000000e+000  0.000000e+000 -1.000000e+000
    outer loop
      vertex  1.950000e+001 -1.700000e+001  8.500000e+000
      vertex -2.878647e+001 -1.788168e+001  8.500000e+000
      vertex -2.857342e+001 -1.746353e+001  8.500000e+000
    endloop
  endfacet
  facet normal  0.000000e+000  0.000000e+000 -1.000000e+000
    outer loop
      vertex  1.950000e+001 -1.700000e+001  8.500000e+000
      vertex -2.857342e+001 -1.746353e+001  8.500000e+000
      vertex -2.850000e+001 -1.700000e+001  8.500000e+000
    endloop
  endfacet
  facet normal  0.000000e+000  0.000000e+000 -1.000000e+000
    outer loop
      vertex -3.400000e+001 -1.750000e+001  8.500000e+000
      vertex -3.492870e+001 -1.742889e+001  8.500000e+000
      vertex -3.583575e+001 -1.721722e+001  8.500000e+000
    endloop
  endfacet
  facet normal  0.000000e+000  0.000000e+000 -9.999999e-001
    outer loop
      vertex -3.400000e+001 -1.750000e+001  8.500000e+000
      vertex -3.583575e+001 -1.721722e+001  8.500000e+000
      vertex -3.150000e+001 -1.700000e+001  8.500000e+000
    endloop
  endfacet
  facet normal  0.000000e+000  0.000000e+000 -1.000000e+000
    outer loop
      vertex -3.400000e+001 -1.750000e+001  8.500000e+000
      vertex -3.150000e+001 -1.700000e+001  8.500000e+000
      vertex -3.400000e+001 -1.850000e+001  8.500000e+000
    endloop
  endfacet
  facet normal  0.000000e+000  -0.000000e+000 -9.999999e-001
    outer loop
      vertex  2.250000e+001 -1.700000e+001  8.500000e+000
      vertex  3.651890e+001  7.401268e-001  8.500000e+000
      vertex  3.651890e+001 -7.401268e-001  8.500000e+000
    endloop
  endfacet
  facet normal  0.000000e+000  -0.000000e+000 -1.000000e+000
    outer loop
      vertex  2.250000e+001 -1.700000e+001  8.500000e+000
      vertex  3.651890e+001 -7.401268e-001  8.500000e+000
      vertex  3.666982e+001 -2.212667e+000  8.500000e+000
    endloop
  endfacet
  facet normal  0.000000e+000  -0.000000e+000 -1.000000e+000
    outer loop
      vertex  2.250000e+001 -1.700000e+001  8.500000e+000
      vertex  3.666982e+001 -2.212667e+000  8.500000e+000
      vertex  3.670000e+001 -1.686992e+001  8.500000e+000
    endloop
  endfacet
  facet normal  0.000000e+000  0.000000e+000 -1.000000e+000
    outer loop
      vertex  2.250000e+001 -1.700000e+001  8.500000e+000
      vertex  3.670000e+001 -1.686992e+001  8.500000e+000
      vertex  3.583575e+001 -1.721722e+001  8.500000e+000
    endloop
  endfacet
  facet normal  -0.000000e+000  0.000000e+000 -1.000000e+000
    outer loop
      vertex  2.250000e+001 -1.700000e+001  8.500000e+000
      vertex  3.583575e+001 -1.721722e+001  8.500000e+000
      vertex  3.492870e+001 -1.742889e+001  8.500000e+000
    endloop
  endfacet
  facet normal  -0.000000e+000  0.000000e+000 -1.000000e+000
    outer loop
      vertex  2.250000e+001 -1.700000e+001  8.500000e+000
      vertex  3.492870e+001 -1.742889e+001  8.500000e+000
      vertex  3.400000e+001 -1.750000e+001  8.500000e+000
    endloop
  endfacet
  facet normal  -0.000000e+000  -0.000000e+000 -1.000000e+000
    outer loop
      vertex  2.250000e+001 -1.700000e+001  8.500000e+000
      vertex  3.400000e+001 -1.750000e+001  8.500000e+000
      vertex  3.400000e+001 -1.850000e+001  8.500000e+000
    endloop
  endfacet
  facet normal  0.000000e+000  0.000000e+000 -9.999999e-001
    outer loop
      vertex  3.400000e+001 -1.850000e+001  8.500000e+000
      vertex  2.100000e+001 -1.850000e+001  8.500000e+000
      vertex  2.146353e+001 -1.842658e+001  8.500000e+000
    endloop
  endfacet
  facet normal  0.000000e+000  0.000000e+000 -1.000000e+000
    outer loop
      vertex  3.400000e+001 -1.850000e+001  8.500000e+000
      vertex  2.146353e+001 -1.842658e+001  8.500000e+000
      vertex  2.188168e+001 -1.821353e+001  8.500000e+000
    endloop
  endfacet
  facet normal  0.000000e+000  0.000000e+000 -1.000000e+000
    outer loop
      vertex  3.400000e+001 -1.850000e+001  8.500000e+000
      vertex  2.188168e+001 -1.821353e+001  8.500000e+000
      vertex  2.221353e+001 -1.788168e+001  8.500000e+000
    endloop
  endfacet
  facet normal  0.000000e+000  0.000000e+000 -1.000000e+000
    outer loop
      vertex  3.400000e+001 -1.850000e+001  8.500000e+000
      vertex  2.221353e+001 -1.788168e+001  8.500000e+000
      vertex  2.242658e+001 -1.746353e+001  8.500000e+000
    endloop
  endfacet
  facet normal  0.000000e+000  0.000000e+000 -1.000000e+000
    outer loop
      vertex  3.400000e+001 -1.850000e+001  8.500000e+000
      vertex  2.242658e+001 -1.746353e+001  8.500000e+000
      vertex  2.250000e+001 -1.700000e+001  8.500000e+000
    endloop
  endfacet
  facet normal  0.000000e+000  -0.000000e+000 -1.000000e+000
    outer loop
      vertex -3.000000e+001 -1.850000e+001  8.500000e+000
      vertex -2.953647e+001 -1.842658e+001  8.500000e+000
      vertex  1.950000e+001 -1.700000e+001  8.500000e+000
    endloop
  endfacet
  facet normal  0.000000e+000  -0.000000e+000 -1.000000e+000
    outer loop
      vertex -3.000000e+001 -1.850000e+001  8.500000e+000
      vertex  1.950000e+001 -1.700000e+001  8.500000e+000
      vertex  1.957342e+001 -1.746353e+001  8.500000e+000
    endloop
  endfacet
  facet normal  0.000000e+000  -0.000000e+000 -1.000000e+000
    outer loop
      vertex -3.000000e+001 -1.850000e+001  8.500000e+000
      vertex  1.957342e+001 -1.746353e+001  8.500000e+000
      vertex  1.978647e+001 -1.788168e+001  8.500000e+000
    endloop
  endfacet
  facet normal  0.000000e+000  -0.000000e+000 -1.000000e+000
    outer loop
      vertex -3.000000e+001 -1.850000e+001  8.500000e+000
      vertex  1.978647e+001 -1.788168e+001  8.500000e+000
      vertex  2.011832e+001 -1.821353e+001  8.500000e+000
    endloop
  endfacet
  facet normal  0.000000e+000  -0.000000e+000 -1.000000e+000
    outer loop
      vertex -3.000000e+001 -1.850000e+001  8.500000e+000
      vertex  2.011832e+001 -1.821353e+001  8.500000e+000
      vertex  2.053647e+001 -1.842658e+001  8.500000e+000
    endloop
  endfacet
  facet normal  0.000000e+000  -0.000000e+000 -1.000000e+000
    outer loop
      vertex -3.000000e+001 -1.850000e+001  8.500000e+000
      vertex  2.053647e+001 -1.842658e+001  8.500000e+000
      vertex  2.100000e+001 -1.850000e+001  8.500000e+000
    endloop
  endfacet
  facet normal  0.000000e+000  -0.000000e+000 -1.000000e+000
    outer loop
      vertex -3.400000e+001 -1.850000e+001  8.500000e+000
      vertex -3.150000e+001 -1.700000e+001  8.500000e+000
      vertex -3.142658e+001 -1.746353e+001  8.500000e+000
    endloop
  endfacet
  facet normal  0.000000e+000  -0.000000e+000 -1.000000e+000
    outer loop
      vertex -3.400000e+001 -1.850000e+001  8.500000e+000
      vertex -3.142658e+001 -1.746353e+001  8.500000e+000
      vertex -3.121353e+001 -1.788168e+001  8.500000e+000
    endloop
  endfacet
  facet normal  0.000000e+000  -0.000000e+000 -1.000000e+000
    outer loop
      vertex -3.400000e+001 -1.850000e+001  8.500000e+000
      vertex -3.121353e+001 -1.788168e+001  8.500000e+000
      vertex -3.088168e+001 -1.821353e+001  8.500000e+000
    endloop
  endfacet
  facet normal  0.000000e+000  -0.000000e+000 -1.000000e+000
    outer loop
      vertex -3.400000e+001 -1.850000e+001  8.500000e+000
      vertex -3.088168e+001 -1.821353e+001  8.500000e+000
      vertex -3.046353e+001 -1.842658e+001  8.500000e+000
    endloop
  endfacet
  facet normal  0.000000e+000  -0.000000e+000 -1.000000e+000
    outer loop
      vertex -3.400000e+001 -1.850000e+001  8.500000e+000
      vertex -3.046353e+001 -1.842658e+001  8.500000e+000
      vertex -3.000000e+001 -1.850000e+001  8.500000e+000
    endloop
  endfacet
  facet normal  0.000000e+000  0.000000e+000 -1.000000e+000
    outer loop
      vertex  3.400000e+001  1.850000e+001  8.500000e+000
      vertex  2.250000e+001  1.700000e+001  8.500000e+000
      vertex  2.242658e+001  1.746353e+001  8.500000e+000
    endloop
  endfacet
  facet normal  0.000000e+000  0.000000e+000 -1.000000e+000
    outer loop
      vertex  3.400000e+001  1.850000e+001  8.500000e+000
      vertex  2.242658e+001  1.746353e+001  8.500000e+000
      vertex  2.221353e+001  1.788168e+001  8.500000e+000
    endloop
  endfacet
  facet normal  0.000000e+000  0.000000e+000 -1.000000e+000
    outer loop
      vertex  3.400000e+001  1.850000e+001  8.500000e+000
      vertex  2.221353e+001  1.788168e+001  8.500000e+000
      vertex  2.188168e+001  1.821353e+001  8.500000e+000
    endloop
  endfacet
  facet normal  0.000000e+000  0.000000e+000 -1.000000e+000
    outer loop
      vertex  3.400000e+001  1.850000e+001  8.500000e+000
      vertex  2.188168e+001  1.821353e+001  8.500000e+000
      vertex  2.146353e+001  1.842658e+001  8.500000e+000
    endloop
  endfacet
  facet normal  0.000000e+000  0.000000e+000 -9.999999e-001
    outer loop
      vertex  3.400000e+001  1.850000e+001  8.500000e+000
      vertex  2.146353e+001  1.842658e+001  8.500000e+000
      vertex  2.100000e+001  1.850000e+001  8.500000e+000
    endloop
  endfacet
  facet normal  0.000000e+000  -0.000000e+000 -1.000000e+000
    outer loop
      vertex  2.250000e+001  1.700000e+001  8.500000e+000
      vertex  3.400000e+001  1.850000e+001  8.500000e+000
      vertex  3.400000e+001  1.750000e+001  8.500000e+000
    endloop
  endfacet
  facet normal  0.000000e+000  -0.000000e+000 -1.000000e+000
    outer loop
      vertex  2.250000e+001  1.700000e+001  8.500000e+000
      vertex  3.400000e+001  1.750000e+001  8.500000e+000
      vertex  3.492870e+001  1.742889e+001  8.500000e+000
    endloop
  endfacet
  facet normal  0.000000e+000  -0.000000e+000 -1.000000e+000
    outer loop
      vertex  2.250000e+001  1.700000e+001  8.500000e+000
      vertex  3.492870e+001  1.742889e+001  8.500000e+000
      vertex  3.583575e+001  1.721722e+001  8.500000e+000
    endloop
  endfacet
  facet normal  -0.000000e+000  0.000000e+000 -1.000000e+000
    outer loop
      vertex -3.000000e+001  1.850000e+001  8.500000e+000
      vertex  2.100000e+001  1.850000e+001  8.500000e+000
      vertex  2.053647e+001  1.842658e+001  8.500000e+000
    endloop
  endfacet
  facet normal  -0.000000e+000  0.000000e+000 -1.000000e+000
    outer loop
      vertex -3.000000e+001  1.850000e+001  8.500000e+000
      vertex  2.053647e+001  1.842658e+001  8.500000e+000
      vertex  2.011832e+001  1.821353e+001  8.500000e+000
    endloop
  endfacet
  facet normal  -0.000000e+000  0.000000e+000 -1.000000e+000
    outer loop
      vertex -3.000000e+001  1.850000e+001  8.500000e+000
      vertex  2.011832e+001  1.821353e+001  8.500000e+000
      vertex  1.978647e+001  1.788168e+001  8.500000e+000
    endloop
  endfacet
  facet normal  -0.000000e+000  0.000000e+000 -1.000000e+000
    outer loop
      vertex -3.000000e+001  1.850000e+001  8.500000e+000
      vertex  1.978647e+001  1.788168e+001  8.500000e+000
      vertex  1.957342e+001  1.746353e+001  8.500000e+000
    endloop
  endfacet
  facet normal  -0.000000e+000  0.000000e+000 -1.000000e+000
    outer loop
      vertex -3.000000e+001  1.850000e+001  8.500000e+000
      vertex  1.957342e+001  1.746353e+001  8.500000e+000
      vertex  1.950000e+001  1.700000e+001  8.500000e+000
    endloop
  endfacet
  facet normal  0.000000e+000  0.000000e+000 -1.000000e+000
    outer loop
      vertex -3.000000e+001  1.850000e+001  8.500000e+000
      vertex  1.950000e+001  1.700000e+001  8.500000e+000
      vertex -2.953647e+001  1.842658e+001  8.500000e+000
    endloop
  endfacet
  facet normal  -0.000000e+000  0.000000e+000 -1.000000e+000
    outer loop
      vertex -3.400000e+001  1.850000e+001  8.500000e+000
      vertex -3.000000e+001  1.850000e+001  8.500000e+000
      vertex -3.046353e+001  1.842658e+001  8.500000e+000
    endloop
  endfacet
  facet normal  -0.000000e+000  0.000000e+000 -1.000000e+000
    outer loop
      vertex -3.400000e+001  1.850000e+001  8.500000e+000
      vertex -3.046353e+001  1.842658e+001  8.500000e+000
      vertex -3.088168e+001  1.821353e+001  8.500000e+000
    endloop
  endfacet
  facet normal  -0.000000e+000  0.000000e+000 -1.000000e+000
    outer loop
      vertex -3.400000e+001  1.850000e+001  8.500000e+000
      vertex -3.088168e+001  1.821353e+001  8.500000e+000
      vertex -3.121353e+001  1.788168e+001  8.500000e+000
    endloop
  endfacet
  facet normal  -0.000000e+000  0.000000e+000 -1.000000e+000
    outer loop
      vertex -3.400000e+001  1.850000e+001  8.500000e+000
      vertex -3.121353e+001  1.788168e+001  8.500000e+000
      vertex -3.142658e+001  1.746353e+001  8.500000e+000
    endloop
  endfacet
  facet normal  -0.000000e+000  0.000000e+000 -1.000000e+000
    outer loop
      vertex -3.400000e+001  1.850000e+001  8.500000e+000
      vertex -3.142658e+001  1.746353e+001  8.500000e+000
      vertex -3.150000e+001  1.700000e+001  8.500000e+000
    endloop
  endfacet
  facet normal  0.000000e+000  0.000000e+000 -1.000000e+000
    outer loop
      vertex -3.400000e+001  1.850000e+001  8.500000e+000
      vertex -3.150000e+001  1.700000e+001  8.500000e+000
      vertex -3.400000e+001  1.750000e+001  8.500000e+000
    endloop
  endfacet
  facet normal  0.000000e+000  0.000000e+000 -1.000000e+000
    outer loop
      vertex  3.583575e+001  1.721722e+001  8.500000e+000
      vertex  3.670000e+001  1.686992e+001  8.500000e+000
      vertex  2.250000e+001  1.700000e+001  8.500000e+000
    endloop
  endfacet
  facet normal  0.000000e+000  0.000000e+000 -1.000000e+000
    outer loop
      vertex  2.250000e+001  1.700000e+001  8.500000e+000
      vertex  3.670000e+001  1.686992e+001  8.500000e+000
      vertex  2.250000e+001 -1.700000e+001  8.500000e+000
    endloop
  endfacet
  facet normal  -0.000000e+000  0.000000e+000 -9.999999e-001
    outer loop
      vertex  3.670000e+001  1.686992e+001  8.500000e+000
      vertex  3.666982e+001  2.212667e+000  8.500000e+000
      vertex  2.250000e+001 -1.700000e+001  8.500000e+000
    endloop
  endfacet
  facet normal  0.000000e+000  0.000000e+000 -1.000000e+000
    outer loop
      vertex  2.250000e+001 -1.700000e+001  8.500000e+000
      vertex  3.666982e+001  2.212667e+000  8.500000e+000
      vertex  3.651890e+001  7.401268e-001  8.500000e+000
    endloop
  endfacet
  facet normal  0.000000e+000  0.000000e+000 -1.000000e+000
    outer loop
      vertex -3.400000e+001  1.750000e+001  8.500000e+000
      vertex -3.150000e+001  1.700000e+001  8.500000e+000
      vertex -3.492870e+001  1.742889e+001  8.500000e+000
    endloop
  endfacet
  facet normal  0.000000e+000  -0.000000e+000 -9.999999e-001
    outer loop
      vertex -3.492870e+001  1.742889e+001  8.500000e+000
      vertex -3.150000e+001  1.700000e+001  8.500000e+000
      vertex -3.583575e+001  1.721722e+001  8.500000e+000
    endloop
  endfacet
  facet normal  0.000000e+000  0.000000e+000 -1.000000e+000
    outer loop
      vertex -3.150000e+001  1.700000e+001  8.500000e+000
      vertex -3.150000e+001 -1.700000e+001  8.500000e+000
      vertex -3.583575e+001  1.721722e+001  8.500000e+000
    endloop
  endfacet
  facet normal  0.000000e+000  -0.000000e+000 -9.999999e-001
    outer loop
      vertex -3.583575e+001  1.721722e+001  8.500000e+000
      vertex -3.150000e+001 -1.700000e+001  8.500000e+000
      vertex -3.670000e+001  1.686992e+001  8.500000e+000
    endloop
  endfacet
  facet normal  0.000000e+000  0.000000e+000 -1.000000e+000
    outer loop
      vertex  4.009452e+001 -1.165851e+001  8.500000e+000
      vertex  3.998412e+001 -1.258336e+001  8.500000e+000
      vertex  4.006283e+001 -1.072763e+001  8.500000e+000
    endloop
  endfacet
  facet normal  -0.000000e+000  0.000000e+000 -1.000000e+000
    outer loop
      vertex  4.006283e+001 -1.072763e+001  8.500000e+000
      vertex  3.998412e+001 -1.258336e+001  8.500000e+000
      vertex  3.988979e+001 -9.812425e+000  8.500000e+000
    endloop
  endfacet
  facet normal  0.000000e+000  0.000000e+000 -1.000000e+000
    outer loop
      vertex  3.998412e+001 -1.258336e+001  8.500000e+000
      vertex  3.973420e+001 -1.348063e+001  8.500000e+000
      vertex  3.988979e+001 -9.812425e+000  8.500000e+000
    endloop
  endfacet
  facet normal  -0.000000e+000  0.000000e+000 -1.000000e+000
    outer loop
      vertex  3.988979e+001 -9.812425e+000  8.500000e+000
      vertex  3.973420e+001 -1.348063e+001  8.500000e+000
      vertex  3.957943e+001 -8.934235e+000  8.500000e+000
    endloop
  endfacet
  facet normal  0.000000e+000  0.000000e+000 -1.000000e+000
    outer loop
      vertex  3.884222e+001 -1.510984e+001  8.500000e+000
      vertex  3.872806e+001 -7.723314e+000  8.500000e+000
      vertex  3.935058e+001 -1.432938e+001  8.500000e+000
    endloop
  endfacet
  facet normal  0.000000e+000  0.000000e+000 -1.000000e+000
    outer loop
      vertex  3.935058e+001 -1.432938e+001  8.500000e+000
      vertex  3.872806e+001 -7.723314e+000  8.500000e+000
      vertex  3.957943e+001 -8.934235e+000  8.500000e+000
    endloop
  endfacet
  facet normal  0.000000e+000  -0.000000e+000 -1.000000e+000
    outer loop
      vertex  3.935058e+001 -1.432938e+001  8.500000e+000
      vertex  3.957943e+001 -8.934235e+000  8.500000e+000
      vertex  3.973420e+001 -1.348063e+001  8.500000e+000
    endloop
  endfacet
  facet normal  -0.000000e+000  0.000000e+000 -1.000000e+000
    outer loop
      vertex  3.666982e+001 -2.212667e+000  8.500000e+000
      vertex  3.697008e+001 -3.662148e+000  8.500000e+000
      vertex  3.670000e+001 -1.686992e+001  8.500000e+000
    endloop
  endfacet
  facet normal  0.000000e+000  0.000000e+000 -1.000000e+000
    outer loop
      vertex  3.670000e+001 -1.686992e+001  8.500000e+000
      vertex  3.697008e+001 -3.662148e+000  8.500000e+000
      vertex  3.741655e+001 -5.073462e+000  8.500000e+000
    endloop
  endfacet
  facet normal  0.000000e+000  -0.000000e+000 -1.000000e+000
    outer loop
      vertex  3.670000e+001 -1.686992e+001  8.500000e+000
      vertex  3.741655e+001 -5.073462e+000  8.500000e+000
      vertex  3.750130e+001 -1.639509e+001  8.500000e+000
    endloop
  endfacet
  facet normal  0.000000e+000  0.000000e+000 -1.000000e+000
    outer loop
      vertex  3.750130e+001 -1.639509e+001  8.500000e+000
      vertex  3.741655e+001 -5.073462e+000  8.500000e+000
      vertex  3.800459e+001 -6.431904e+000  8.500000e+000
    endloop
  endfacet
  facet normal  0.000000e+000  -0.000000e+000 -1.000000e+000
    outer loop
      vertex  3.750130e+001 -1.639509e+001  8.500000e+000
      vertex  3.800459e+001 -6.431904e+000  8.500000e+000
      vertex  3.822097e+001 -1.580380e+001  8.500000e+000
    endloop
  endfacet
  facet normal  0.000000e+000  0.000000e+000 -1.000000e+000
    outer loop
      vertex  3.822097e+001 -1.580380e+001  8.500000e+000
      vertex  3.800459e+001 -6.431904e+000  8.500000e+000
      vertex  3.872806e+001 -7.723314e+000  8.500000e+000
    endloop
  endfacet
  facet normal  0.000000e+000  -0.000000e+000 -1.000000e+000
    outer loop
      vertex  3.822097e+001 -1.580380e+001  8.500000e+000
      vertex  3.872806e+001 -7.723314e+000  8.500000e+000
      vertex  3.884222e+001 -1.510984e+001  8.500000e+000
    endloop
  endfacet
  facet normal  0.000000e+000  -0.000000e+000 -1.000000e+000
    outer loop
      vertex  2.146353e+001 -1.557341e+001  8.500000e+000
      vertex  2.188168e+001  1.578647e+001  8.500000e+000
      vertex  2.188168e+001 -1.578647e+001  8.500000e+000
    endloop
  endfacet
  facet normal  0.000000e+000  0.000000e+000 -1.000000e+000
    outer loop
      vertex  2.188168e+001 -1.578647e+001  8.500000e+000
      vertex  2.188168e+001  1.578647e+001  8.500000e+000
      vertex  2.221353e+001  1.611832e+001  8.500000e+000
    endloop
  endfacet
  facet normal  0.000000e+000  -0.000000e+000 -1.000000e+000
    outer loop
      vertex  2.188168e+001 -1.578647e+001  8.500000e+000
      vertex  2.221353e+001  1.611832e+001  8.500000e+000
      vertex  2.221353e+001 -1.611832e+001  8.500000e+000
    endloop
  endfacet
  facet normal  0.000000e+000  0.000000e+000 -1.000000e+000
    outer loop
      vertex  2.221353e+001 -1.611832e+001  8.500000e+000
      vertex  2.221353e+001  1.611832e+001  8.500000e+000
      vertex  2.242658e+001  1.653647e+001  8.500000e+000
    endloop
  endfacet
  facet normal  0.000000e+000  -0.000000e+000 -1.000000e+000
    outer loop
      vertex  2.221353e+001 -1.611832e+001  8.500000e+000
      vertex  2.242658e+001  1.653647e+001  8.500000e+000
      vertex  2.242658e+001 -1.653647e+001  8.500000e+000
    endloop
  endfacet
  facet normal  0.000000e+000  0.000000e+000 -1.000000e+000
    outer loop
      vertex  2.242658e+001 -1.653647e+001  8.500000e+000
      vertex  2.242658e+001  1.653647e+001  8.500000e+000
      vertex  2.250000e+001  1.700000e+001  8.500000e+000
    endloop
  endfacet
  facet normal  0.000000e+000  -0.000000e+000 -1.000000e+000
    outer loop
      vertex  2.242658e+001 -1.653647e+001  8.500000e+000
      vertex  2.250000e+001  1.700000e+001  8.500000e+000
      vertex  2.250000e+001 -1.700000e+001  8.500000e+000
    endloop
  endfacet
  facet normal  0.000000e+000  0.000000e+000 -1.000000e+000
    outer loop
      vertex  2.188168e+001  1.578647e+001  8.500000e+000
      vertex  2.146353e+001 -1.557341e+001  8.500000e+000
      vertex  2.146353e+001  1.557341e+001  8.500000e+000
    endloop
  endfacet
  facet normal  0.000000e+000  -0.000000e+000 -1.000000e+000
    outer loop
      vertex  2.146353e+001  1.557341e+001  8.500000e+000
      vertex  2.146353e+001 -1.557341e+001  8.500000e+000
      vertex  2.100000e+001 -1.550000e+001  8.500000e+000
    endloop
  endfacet
  facet normal  0.000000e+000  0.000000e+000 -1.000000e+000
    outer loop
      vertex  2.146353e+001  1.557341e+001  8.500000e+000
      vertex  2.100000e+001 -1.550000e+001  8.500000e+000
      vertex  2.100000e+001  1.550000e+001  8.500000e+000
    endloop
  endfacet
  facet normal  0.000000e+000  -0.000000e+000 -1.000000e+000
    outer loop
      vertex  2.100000e+001  1.550000e+001  8.500000e+000
      vertex  2.100000e+001 -1.550000e+001  8.500000e+000
      vertex  2.053647e+001 -1.557341e+001  8.500000e+000
    endloop
  endfacet
  facet normal  0.000000e+000  0.000000e+000 -1.000000e+000
    outer loop
      vertex  2.100000e+001  1.550000e+001  8.500000e+000
      vertex  2.053647e+001 -1.557341e+001  8.500000e+000
      vertex  2.053647e+001  1.557341e+001  8.500000e+000
    endloop
  endfacet
  facet normal  0.000000e+000  -0.000000e+000 -1.000000e+000
    outer loop
      vertex  2.053647e+001  1.557341e+001  8.500000e+000
      vertex  2.053647e+001 -1.557341e+001  8.500000e+000
      vertex  2.011832e+001 -1.578647e+001  8.500000e+000
    endloop
  endfacet
  facet normal  0.000000e+000  0.000000e+000 -1.000000e+000
    outer loop
      vertex  2.053647e+001  1.557341e+001  8.500000e+000
      vertex  2.011832e+001 -1.578647e+001  8.500000e+000
      vertex  2.011832e+001  1.578647e+001  8.500000e+000
    endloop
  endfacet
  facet normal  0.000000e+000  -0.000000e+000 -1.000000e+000
    outer loop
      vertex  2.011832e+001  1.578647e+001  8.500000e+000
      vertex  2.011832e+001 -1.578647e+001  8.500000e+000
      vertex  1.978647e+001 -1.611832e+001  8.500000e+000
    endloop
  endfacet
  facet normal  0.000000e+000  0.000000e+000 -1.000000e+000
    outer loop
      vertex  2.011832e+001  1.578647e+001  8.500000e+000
      vertex  1.978647e+001 -1.611832e+001  8.500000e+000
      vertex  1.978647e+001  1.611832e+001  8.500000e+000
    endloop
  endfacet
  facet normal  0.000000e+000  -0.000000e+000 -1.000000e+000
    outer loop
      vertex  1.978647e+001  1.611832e+001  8.500000e+000
      vertex  1.978647e+001 -1.611832e+001  8.500000e+000
      vertex  1.957342e+001 -1.653647e+001  8.500000e+000
    endloop
  endfacet
  facet normal  0.000000e+000  0.000000e+000 -1.000000e+000
    outer loop
      vertex  1.978647e+001  1.611832e+001  8.500000e+000
      vertex  1.957342e+001 -1.653647e+001  8.500000e+000
      vertex  1.957342e+001  1.653647e+001  8.500000e+000
    endloop
  endfacet
  facet normal  0.000000e+000  -0.000000e+000 -1.000000e+000
    outer loop
      vertex -3.000000e+001 -1.550000e+001  8.500000e+000
      vertex -2.953647e+001  1.557341e+001  8.500000e+000
      vertex -2.953647e+001 -1.557341e+001  8.500000e+000
    endloop
  endfacet
  facet normal  0.000000e+000  0.000000e+000 -1.000000e+000
    outer loop
      vertex -2.953647e+001 -1.557341e+001  8.500000e+000
      vertex -2.953647e+001  1.557341e+001  8.500000e+000
      vertex -2.911832e+001  1.578647e+001  8.500000e+000
    endloop
  endfacet
  facet normal  0.000000e+000  -0.000000e+000 -1.000000e+000
    outer loop
      vertex -2.953647e+001 -1.557341e+001  8.500000e+000
      vertex -2.911832e+001  1.578647e+001  8.500000e+000
      vertex -2.911832e+001 -1.578647e+001  8.500000e+000
    endloop
  endfacet
  facet normal  0.000000e+000  0.000000e+000 -1.000000e+000
    outer loop
      vertex -2.911832e+001 -1.578647e+001  8.500000e+000
      vertex -2.911832e+001  1.578647e+001  8.500000e+000
      vertex -2.878647e+001  1.611832e+001  8.500000e+000
    endloop
  endfacet
  facet normal  0.000000e+000  -0.000000e+000 -1.000000e+000
    outer loop
      vertex -2.911832e+001 -1.578647e+001  8.500000e+000
      vertex -2.878647e+001  1.611832e+001  8.500000e+000
      vertex -2.878647e+001 -1.611832e+001  8.500000e+000
    endloop
  endfacet
  facet normal  0.000000e+000  0.000000e+000 -1.000000e+000
    outer loop
      vertex -2.878647e+001 -1.611832e+001  8.500000e+000
      vertex -2.878647e+001  1.611832e+001  8.500000e+000
      vertex -2.857342e+001  1.653647e+001  8.500000e+000
    endloop
  endfacet
  facet normal  0.000000e+000  -0.000000e+000 -1.000000e+000
    outer loop
      vertex -2.878647e+001 -1.611832e+001  8.500000e+000
      vertex -2.857342e+001  1.653647e+001  8.500000e+000
      vertex -2.857342e+001 -1.653647e+001  8.500000e+000
    endloop
  endfacet
  facet normal  0.000000e+000  0.000000e+000 -1.000000e+000
    outer loop
      vertex -2.857342e+001 -1.653647e+001  8.500000e+000
      vertex -2.857342e+001  1.653647e+001  8.500000e+000
      vertex -2.850000e+001  1.700000e+001  8.500000e+000
    endloop
  endfacet
  facet normal  0.000000e+000  -0.000000e+000 -1.000000e+000
    outer loop
      vertex -2.857342e+001 -1.653647e+001  8.500000e+000
      vertex -2.850000e+001  1.700000e+001  8.500000e+000
      vertex -2.850000e+001 -1.700000e+001  8.500000e+000
    endloop
  endfacet
  facet normal  0.000000e+000  0.000000e+000 -1.000000e+000
    outer loop
      vertex -2.953647e+001  1.557341e+001  8.500000e+000
      vertex -3.000000e+001 -1.550000e+001  8.500000e+000
      vertex -3.000000e+001  1.550000e+001  8.500000e+000
    endloop
  endfacet
  facet normal  0.000000e+000  -0.000000e+000 -1.000000e+000
    outer loop
      vertex -3.000000e+001  1.550000e+001  8.500000e+000
      vertex -3.000000e+001 -1.550000e+001  8.500000e+000
      vertex -3.046353e+001 -1.557341e+001  8.500000e+000
    endloop
  endfacet
  facet normal  0.000000e+000  0.000000e+000 -1.000000e+000
    outer loop
      vertex -3.000000e+001  1.550000e+001  8.500000e+000
      vertex -3.046353e+001 -1.557341e+001  8.500000e+000
      vertex -3.046353e+001  1.557341e+001  8.500000e+000
    endloop
  endfacet
  facet normal  0.000000e+000  -0.000000e+000 -1.000000e+000
    outer loop
      vertex -3.046353e+001  1.557341e+001  8.500000e+000
      vertex -3.046353e+001 -1.557341e+001  8.500000e+000
      vertex -3.088168e+001 -1.578647e+001  8.500000e+000
    endloop
  endfacet
  facet normal  0.000000e+000  0.000000e+000 -1.000000e+000
    outer loop
      vertex -3.046353e+001  1.557341e+001  8.500000e+000
      vertex -3.088168e+001 -1.578647e+001  8.500000e+000
      vertex -3.088168e+001  1.578647e+001  8.500000e+000
    endloop
  endfacet
  facet normal  0.000000e+000  -0.000000e+000 -1.000000e+000
    outer loop
      vertex -3.088168e+001  1.578647e+001  8.500000e+000
      vertex -3.088168e+001 -1.578647e+001  8.500000e+000
      vertex -3.121353e+001 -1.611832e+001  8.500000e+000
    endloop
  endfacet
  facet normal  0.000000e+000  0.000000e+000 -1.000000e+000
    outer loop
      vertex -3.088168e+001  1.578647e+001  8.500000e+000
      vertex -3.121353e+001 -1.611832e+001  8.500000e+000
      vertex -3.121353e+001  1.611832e+001  8.500000e+000
    endloop
  endfacet
  facet normal  0.000000e+000  -0.000000e+000 -1.000000e+000
    outer loop
      vertex -3.121353e+001  1.611832e+001  8.500000e+000
      vertex -3.121353e+001 -1.611832e+001  8.500000e+000
      vertex -3.142658e+001 -1.653647e+001  8.500000e+000
    endloop
  endfacet
  facet normal  0.000000e+000  0.000000e+000 -1.000000e+000
    outer loop
      vertex -3.121353e+001  1.611832e+001  8.500000e+000
      vertex -3.142658e+001 -1.653647e+001  8.500000e+000
      vertex -3.142658e+001  1.653647e+001  8.500000e+000
    endloop
  endfacet
  facet normal  0.000000e+000  -0.000000e+000 -1.000000e+000
    outer loop
      vertex -3.142658e+001  1.653647e+001  8.500000e+000
      vertex -3.142658e+001 -1.653647e+001  8.500000e+000
      vertex -3.150000e+001 -1.700000e+001  8.500000e+000
    endloop
  endfacet
  facet normal  0.000000e+000  0.000000e+000 -1.000000e+000
    outer loop
      vertex -3.142658e+001  1.653647e+001  8.500000e+000
      vertex -3.150000e+001 -1.700000e+001  8.500000e+000
      vertex -3.150000e+001  1.700000e+001  8.500000e+000
    endloop
  endfacet
  facet normal  0.000000e+000  0.000000e+000 -1.000000e+000
    outer loop
      vertex -3.651890e+001  7.401268e-001  8.500000e+000
      vertex -3.666982e+001  2.212667e+000  8.500000e+000
      vertex -3.670000e+001  1.686992e+001  8.500000e+000
    endloop
  endfacet
  facet normal  0.000000e+000  -0.000000e+000 -1.000000e+000
    outer loop
      vertex -3.670000e+001  1.686992e+001  8.500000e+000
      vertex -3.666982e+001  2.212667e+000  8.500000e+000
      vertex -3.697008e+001  3.662148e+000  8.500000e+000
    endloop
  endfacet
  facet normal  0.000000e+000  0.000000e+000 -1.000000e+000
    outer loop
      vertex -3.670000e+001  1.686992e+001  8.500000e+000
      vertex -3.697008e+001  3.662148e+000  8.500000e+000
      vertex -3.750130e+001  1.639509e+001  8.500000e+000
    endloop
  endfacet
  facet normal  0.000000e+000  0.000000e+000 -1.000000e+000
    outer loop
      vertex -3.973420e+001  1.348063e+001  8.500000e+000
      vertex -3.935058e+001  1.432938e+001  8.500000e+000
      vertex -3.957943e+001  8.934235e+000  8.500000e+000
    endloop
  endfacet
  facet normal  0.000000e+000  0.000000e+000 -1.000000e+000
    outer loop
      vertex -3.957943e+001  8.934235e+000  8.500000e+000
      vertex -3.935058e+001  1.432938e+001  8.500000e+000
      vertex -3.884222e+001  1.510984e+001  8.500000e+000
    endloop
  endfacet
  facet normal  0.000000e+000  -0.000000e+000 -9.999999e-001
    outer loop
      vertex -3.957943e+001  8.934235e+000  8.500000e+000
      vertex -3.884222e+001  1.510984e+001  8.500000e+000
      vertex -3.872806e+001  7.723314e+000  8.500000e+000
    endloop
  endfacet
  facet normal  0.000000e+000  0.000000e+000 -1.000000e+000
    outer loop
      vertex -3.872806e+001  7.723314e+000  8.500000e+000
      vertex -3.884222e+001  1.510984e+001  8.500000e+000
      vertex -3.822097e+001  1.580380e+001  8.500000e+000
    endloop
  endfacet
  facet normal  0.000000e+000  -0.000000e+000 -1.000000e+000
    outer loop
      vertex -3.872806e+001  7.723314e+000  8.500000e+000
      vertex -3.822097e+001  1.580380e+001  8.500000e+000
      vertex -3.800459e+001  6.431904e+000  8.500000e+000
    endloop
  endfacet
  facet normal  0.000000e+000  0.000000e+000 -1.000000e+000
    outer loop
      vertex -3.800459e+001  6.431904e+000  8.500000e+000
      vertex -3.822097e+001  1.580380e+001  8.500000e+000
      vertex -3.750130e+001  1.639509e+001  8.500000e+000
    endloop
  endfacet
  facet normal  0.000000e+000  -0.000000e+000 -1.000000e+000
    outer loop
      vertex -3.800459e+001  6.431904e+000  8.500000e+000
      vertex -3.750130e+001  1.639509e+001  8.500000e+000
      vertex -3.741655e+001  5.073462e+000  8.500000e+000
    endloop
  endfacet
  facet normal  0.000000e+000  0.000000e+000 -1.000000e+000
    outer loop
      vertex -3.957943e+001  8.934235e+000  8.500000e+000
      vertex -3.988979e+001  9.812425e+000  8.500000e+000
      vertex -3.973420e+001  1.348063e+001  8.500000e+000
    endloop
  endfacet
  facet normal  0.000000e+000  0.000000e+000 -1.000000e+000
    outer loop
      vertex -3.973420e+001  1.348063e+001  8.500000e+000
      vertex -3.988979e+001  9.812425e+000  8.500000e+000
      vertex -3.998412e+001  1.258336e+001  8.500000e+000
    endloop
  endfacet
  facet normal  0.000000e+000  0.000000e+000 -1.000000e+000
    outer loop
      vertex -3.988979e+001  9.812425e+000  8.500000e+000
      vertex -4.006283e+001  1.072763e+001  8.500000e+000
      vertex -3.998412e+001  1.258336e+001  8.500000e+000
    endloop
  endfacet
  facet normal  0.000000e+000  0.000000e+000 -1.000000e+000
    outer loop
      vertex -3.998412e+001  1.258336e+001  8.500000e+000
      vertex -4.006283e+001  1.072763e+001  8.500000e+000
      vertex -4.009452e+001  1.165851e+001  8.500000e+000
    endloop
  endfacet
  facet normal  -0.000000e+000  0.000000e+000 -1.000000e+000
    outer loop
      vertex  3.884222e+001  1.510984e+001  8.500000e+000
      vertex  3.935058e+001  1.432938e+001  8.500000e+000
      vertex  3.872806e+001  7.723314e+000  8.500000e+000
    endloop
  endfacet
  facet normal  0.000000e+000  0.000000e+000 -1.000000e+000
    outer loop
      vertex  3.872806e+001  7.723314e+000  8.500000e+000
      vertex  3.935058e+001  1.432938e+001  8.500000e+000
      vertex  3.973420e+001  1.348063e+001  8.500000e+000
    endloop
  endfacet
  facet normal  0.000000e+000  0.000000e+000 -1.000000e+000
    outer loop
      vertex  3.872806e+001  7.723314e+000  8.500000e+000
      vertex  3.973420e+001  1.348063e+001  8.500000e+000
      vertex  3.957943e+001  8.934235e+000  8.500000e+000
    endloop
  endfacet
  facet normal  0.000000e+000  0.000000e+000 -9.999999e-001
    outer loop
      vertex  3.957943e+001  8.934235e+000  8.500000e+000
      vertex  3.973420e+001  1.348063e+001  8.500000e+000
      vertex  3.998412e+001  1.258336e+001  8.500000e+000
    endloop
  endfacet
  facet normal  0.000000e+000  0.000000e+000 -1.000000e+000
    outer loop
      vertex  3.957943e+001  8.934235e+000  8.500000e+000
      vertex  3.998412e+001  1.258336e+001  8.500000e+000
      vertex  3.988979e+001  9.812425e+000  8.500000e+000
    endloop
  endfacet
  facet normal  0.000000e+000  0.000000e+000 -1.000000e+000
    outer loop
      vertex  3.988979e+001  9.812425e+000  8.500000e+000
      vertex  3.998412e+001  1.258336e+001  8.500000e+000
      vertex  4.009452e+001  1.165851e+001  8.500000e+000
    endloop
  endfacet
  facet normal  0.000000e+000  0.000000e+000 -1.000000e+000
    outer loop
      vertex  3.988979e+001  9.812425e+000  8.500000e+000
      vertex  4.009452e+001  1.165851e+001  8.500000e+000
      vertex  4.006283e+001  1.072763e+001  8.500000e+000
    endloop
  endfacet
  facet normal  0.000000e+000  -0.000000e+000 -1.000000e+000
    outer loop
      vertex  3.666982e+001  2.212667e+000  8.500000e+000
      vertex  3.670000e+001  1.686992e+001  8.500000e+000
      vertex  3.697008e+001  3.662148e+000  8.500000e+000
    endloop
  endfacet
  facet normal  0.000000e+000  0.000000e+000 -1.000000e+000
    outer loop
      vertex  3.697008e+001  3.662148e+000  8.500000e+000
      vertex  3.670000e+001  1.686992e+001  8.500000e+000
      vertex  3.750130e+001  1.639509e+001  8.500000e+000
    endloop
  endfacet
  facet normal  0.000000e+000  0.000000e+000 -1.000000e+000
    outer loop
      vertex  3.697008e+001  3.662148e+000  8.500000e+000
      vertex  3.750130e+001  1.639509e+001  8.500000e+000
      vertex  3.741655e+001  5.073462e+000  8.500000e+000
    endloop
  endfacet
  facet normal  0.000000e+000  0.000000e+000 -1.000000e+000
    outer loop
      vertex  3.741655e+001  5.073462e+000  8.500000e+000
      vertex  3.750130e+001  1.639509e+001  8.500000e+000
      vertex  3.822097e+001  1.580380e+001  8.500000e+000
    endloop
  endfacet
  facet normal  0.000000e+000  0.000000e+000 -1.000000e+000
    outer loop
      vertex  3.741655e+001  5.073462e+000  8.500000e+000
      vertex  3.822097e+001  1.580380e+001  8.500000e+000
      vertex  3.800459e+001  6.431904e+000  8.500000e+000
    endloop
  endfacet
  facet normal  0.000000e+000  0.000000e+000 -1.000000e+000
    outer loop
      vertex  3.800459e+001  6.431904e+000  8.500000e+000
      vertex  3.822097e+001  1.580380e+001  8.500000e+000
      vertex  3.884222e+001  1.510984e+001  8.500000e+000
    endloop
  endfacet
  facet normal  0.000000e+000  0.000000e+000 -1.000000e+000
    outer loop
      vertex  3.800459e+001  6.431904e+000  8.500000e+000
      vertex  3.884222e+001  1.510984e+001  8.500000e+000
      vertex  3.872806e+001  7.723314e+000  8.500000e+000
    endloop
  endfacet
  facet normal  0.000000e+000  0.000000e+000 -1.000000e+000
    outer loop
      vertex -3.651890e+001 -7.401268e-001  8.500000e+000
      vertex -3.670000e+001 -1.686992e+001  8.500000e+000
      vertex -3.666982e+001 -2.212667e+000  8.500000e+000
    endloop
  endfacet
  facet normal  0.000000e+000  0.000000e+000 -1.000000e+000
    outer loop
      vertex -3.666982e+001 -2.212667e+000  8.500000e+000
      vertex -3.670000e+001 -1.686992e+001  8.500000e+000
      vertex -3.750130e+001 -1.639509e+001  8.500000e+000
    endloop
  endfacet
  facet normal  0.000000e+000  0.000000e+000 -1.000000e+000
    outer loop
      vertex -3.666982e+001 -2.212667e+000  8.500000e+000
      vertex -3.750130e+001 -1.639509e+001  8.500000e+000
      vertex -3.697008e+001 -3.662148e+000  8.500000e+000
    endloop
  endfacet
  facet normal  0.000000e+000  -0.000000e+000 -1.000000e+000
    outer loop
      vertex -3.973420e+001 -1.348063e+001  8.500000e+000
      vertex -3.957943e+001 -8.934235e+000  8.500000e+000
      vertex -3.935058e+001 -1.432938e+001  8.500000e+000
    endloop
  endfacet
  facet normal  0.000000e+000  0.000000e+000 -1.000000e+000
    outer loop
      vertex -3.935058e+001 -1.432938e+001  8.500000e+000
      vertex -3.957943e+001 -8.934235e+000  8.500000e+000
      vertex -3.872806e+001 -7.723314e+000  8.500000e+000
    endloop
  endfacet
  facet normal  0.000000e+000  0.000000e+000 -1.000000e+000
    outer loop
      vertex -3.935058e+001 -1.432938e+001  8.500000e+000
      vertex -3.872806e+001 -7.723314e+000  8.500000e+000
      vertex -3.884222e+001 -1.510984e+001  8.500000e+000
    endloop
  endfacet
  facet normal  0.000000e+000  0.000000e+000 -1.000000e+000
    outer loop
      vertex -3.884222e+001 -1.510984e+001  8.500000e+000
      vertex -3.872806e+001 -7.723314e+000  8.500000e+000
      vertex -3.800459e+001 -6.431904e+000  8.500000e+000
    endloop
  endfacet
  facet normal  0.000000e+000  0.000000e+000 -1.000000e+000
    outer loop
      vertex -3.884222e+001 -1.510984e+001  8.500000e+000
      vertex -3.800459e+001 -6.431904e+000  8.500000e+000
      vertex -3.822097e+001 -1.580380e+001  8.500000e+000
    endloop
  endfacet
  facet normal  0.000000e+000  0.000000e+000 -1.000000e+000
    outer loop
      vertex -3.822097e+001 -1.580380e+001  8.500000e+000
      vertex -3.800459e+001 -6.431904e+000  8.500000e+000
      vertex -3.741655e+001 -5.073462e+000  8.500000e+000
    endloop
  endfacet
  facet normal  0.000000e+000  0.000000e+000 -1.000000e+000
    outer loop
      vertex -3.822097e+001 -1.580380e+001  8.500000e+000
      vertex -3.741655e+001 -5.073462e+000  8.500000e+000
      vertex -3.750130e+001 -1.639509e+001  8.500000e+000
    endloop
  endfacet
  facet normal  0.000000e+000  0.000000e+000 -9.999999e-001
    outer loop
      vertex -3.973420e+001 -1.348063e+001  8.500000e+000
      vertex -3.998412e+001 -1.258336e+001  8.500000e+000
      vertex -3.957943e+001 -8.934235e+000  8.500000e+000
    endloop
  endfacet
  facet normal  0.000000e+000  0.000000e+000 -1.000000e+000
    outer loop
      vertex -3.957943e+001 -8.934235e+000  8.500000e+000
      vertex -3.998412e+001 -1.258336e+001  8.500000e+000
      vertex -3.988979e+001 -9.812425e+000  8.500000e+000
    endloop
  endfacet
  facet normal  0.000000e+000  0.000000e+000 -1.000000e+000
    outer loop
      vertex -3.998412e+001 -1.258336e+001  8.500000e+000
      vertex -4.009452e+001 -1.165851e+001  8.500000e+000
      vertex -3.988979e+001 -9.812425e+000  8.500000e+000
    endloop
  endfacet
  facet normal  0.000000e+000  0.000000e+000 -1.000000e+000
    outer loop
      vertex -3.988979e+001 -9.812425e+000  8.500000e+000
      vertex -4.009452e+001 -1.165851e+001  8.500000e+000
      vertex -4.006283e+001 -1.072763e+001  8.500000e+000
    endloop
  endfacet
  facet normal  1.564335e-001 -9.876885e-001  0.000000e+000
    outer loop
      vertex  2.100000e+001 -1.550000e+001  8.500000e+000
      vertex  2.053647e+001 -1.557341e+001  1.000000e+001
      vertex  2.053647e+001 -1.557341e+001  8.500000e+000
    endloop
  endfacet
  facet normal  4.539912e-001 -8.910062e-001  0.000000e+000
    outer loop
      vertex  2.053647e+001 -1.557341e+001  8.500000e+000
      vertex  2.053647e+001 -1.557341e+001  1.000000e+001
      vertex  2.011832e+001 -1.578647e+001  1.000000e+001
    endloop
  endfacet
  facet normal  4.539912e-001 -8.910062e-001  0.000000e+000
    outer loop
      vertex  2.053647e+001 -1.557341e+001  8.500000e+000
      vertex  2.011832e+001 -1.578647e+001  1.000000e+001
      vertex  2.011832e+001 -1.578647e+001  8.500000e+000
    endloop
  endfacet
  facet normal  7.071068e-001 -7.071068e-001  0.000000e+000
    outer loop
      vertex  2.011832e+001 -1.578647e+001  8.500000e+000
      vertex  2.011832e+001 -1.578647e+001  1.000000e+001
      vertex  1.978647e+001 -1.611832e+001  1.000000e+001
    endloop
  endfacet
  facet normal  7.071068e-001 -7.071068e-001  0.000000e+000
    outer loop
      vertex  2.011832e+001 -1.578647e+001  8.500000e+000
      vertex  1.978647e+001 -1.611832e+001  1.000000e+001
      vertex  1.978647e+001 -1.611832e+001  8.500000e+000
    endloop
  endfacet
  facet normal  8.910069e-001 -4.539896e-001  0.000000e+000
    outer loop
      vertex  1.978647e+001 -1.611832e+001  8.500000e+000
      vertex  1.978647e+001 -1.611832e+001  1.000000e+001
      vertex  1.957342e+001 -1.653647e+001  1.000000e+001
    endloop
  endfacet
  facet normal  8.910069e-001 -4.539896e-001  0.000000e+000
    outer loop
      vertex  1.978647e+001 -1.611832e+001  8.500000e+000
      vertex  1.957342e+001 -1.653647e+001  1.000000e+001
      vertex  1.957342e+001 -1.653647e+001  8.500000e+000
    endloop
  endfacet
  facet normal  9.876881e-001 -1.564355e-001  0.000000e+000
    outer loop
      vertex  1.957342e+001 -1.653647e+001  8.500000e+000
      vertex  1.957342e+001 -1.653647e+001  1.000000e+001
      vertex  1.950000e+001 -1.700000e+001  1.000000e+001
    endloop
  endfacet
  facet normal  9.876881e-001 -1.564355e-001  0.000000e+000
    outer loop
      vertex  1.957342e+001 -1.653647e+001  8.500000e+000
      vertex  1.950000e+001 -1.700000e+001  1.000000e+001
      vertex  1.950000e+001 -1.700000e+001  8.500000e+000
    endloop
  endfacet
  facet normal  1.564335e-001 -9.876885e-001  0.000000e+000
    outer loop
      vertex  2.053647e+001 -1.557341e+001  1.000000e+001
      vertex  2.100000e+001 -1.550000e+001  8.500000e+000
      vertex  2.100000e+001 -1.550000e+001  1.000000e+001
    endloop
  endfacet
  facet normal -1.564335e-001 -9.876885e-001  -0.000000e+000
    outer loop
      vertex  2.100000e+001 -1.550000e+001  1.000000e+001
      vertex  2.100000e+001 -1.550000e+001  8.500000e+000
      vertex  2.146353e+001 -1.557341e+001  8.500000e+000
    endloop
  endfacet
  facet normal -1.564335e-001 -9.876885e-001  0.000000e+000
    outer loop
      vertex  2.100000e+001 -1.550000e+001  1.000000e+001
      vertex  2.146353e+001 -1.557341e+001  8.500000e+000
      vertex  2.146353e+001 -1.557341e+001  1.000000e+001
    endloop
  endfacet
  facet normal -4.539912e-001 -8.910062e-001  -0.000000e+000
    outer loop
      vertex  2.146353e+001 -1.557341e+001  1.000000e+001
      vertex  2.146353e+001 -1.557341e+001  8.500000e+000
      vertex  2.188168e+001 -1.578647e+001  8.500000e+000
    endloop
  endfacet
  facet normal -4.539912e-001 -8.910062e-001  0.000000e+000
    outer loop
      vertex  2.146353e+001 -1.557341e+001  1.000000e+001
      vertex  2.188168e+001 -1.578647e+001  8.500000e+000
      vertex  2.188168e+001 -1.578647e+001  1.000000e+001
    endloop
  endfacet
  facet normal -7.071068e-001 -7.071068e-001  -0.000000e+000
    outer loop
      vertex  2.188168e+001 -1.578647e+001  1.000000e+001
      vertex  2.188168e+001 -1.578647e+001  8.500000e+000
      vertex  2.221353e+001 -1.611832e+001  8.500000e+000
    endloop
  endfacet
  facet normal -7.071068e-001 -7.071068e-001  0.000000e+000
    outer loop
      vertex  2.188168e+001 -1.578647e+001  1.000000e+001
      vertex  2.221353e+001 -1.611832e+001  8.500000e+000
      vertex  2.221353e+001 -1.611832e+001  1.000000e+001
    endloop
  endfacet
  facet normal -8.910069e-001 -4.539896e-001  -0.000000e+000
    outer loop
      vertex  2.221353e+001 -1.611832e+001  1.000000e+001
      vertex  2.221353e+001 -1.611832e+001  8.500000e+000
      vertex  2.242658e+001 -1.653647e+001  8.500000e+000
    endloop
  endfacet
  facet normal -8.910069e-001 -4.539896e-001  0.000000e+000
    outer loop
      vertex  2.221353e+001 -1.611832e+001  1.000000e+001
      vertex  2.242658e+001 -1.653647e+001  8.500000e+000
      vertex  2.242658e+001 -1.653647e+001  1.000000e+001
    endloop
  endfacet
  facet normal -9.876881e-001 -1.564355e-001  -0.000000e+000
    outer loop
      vertex  2.242658e+001 -1.653647e+001  1.000000e+001
      vertex  2.242658e+001 -1.653647e+001  8.500000e+000
      vertex  2.250000e+001 -1.700000e+001  8.500000e+000
    endloop
  endfacet
  facet normal -9.876881e-001 -1.564355e-001  0.000000e+000
    outer loop
      vertex  2.242658e+001 -1.653647e+001  1.000000e+001
      vertex  2.250000e+001 -1.700000e+001  8.500000e+000
      vertex  2.250000e+001 -1.700000e+001  1.000000e+001
    endloop
  endfacet
  facet normal -1.564355e-001  9.876881e-001  0.000000e+000
    outer loop
      vertex  2.100000e+001 -1.850000e+001  8.500000e+000
      vertex  2.146353e+001 -1.842658e+001  1.000000e+001
      vertex  2.146353e+001 -1.842658e+001  8.500000e+000
    endloop
  endfacet
  facet normal -4.539896e-001  8.910069e-001  0.000000e+000
    outer loop
      vertex  2.146353e+001 -1.842658e+001  8.500000e+000
      vertex  2.146353e+001 -1.842658e+001  1.000000e+001
      vertex  2.188168e+001 -1.821353e+001  1.000000e+001
    endloop
  endfacet
  facet normal -4.539896e-001  8.910069e-001  0.000000e+000
    outer loop
      vertex  2.146353e+001 -1.842658e+001  8.500000e+000
      vertex  2.188168e+001 -1.821353e+001  1.000000e+001
      vertex  2.188168e+001 -1.821353e+001  8.500000e+000
    endloop
  endfacet
  facet normal -7.071068e-001  7.071068e-001  0.000000e+000
    outer loop
      vertex  2.188168e+001 -1.821353e+001  8.500000e+000
      vertex  2.188168e+001 -1.821353e+001  1.000000e+001
      vertex  2.221353e+001 -1.788168e+001  1.000000e+001
    endloop
  endfacet
  facet normal -7.071068e-001  7.071068e-001  0.000000e+000
    outer loop
      vertex  2.188168e+001 -1.821353e+001  8.500000e+000
      vertex  2.221353e+001 -1.788168e+001  1.000000e+001
      vertex  2.221353e+001 -1.788168e+001  8.500000e+000
    endloop
  endfacet
  facet normal -8.910069e-001  4.539896e-001  0.000000e+000
    outer loop
      vertex  2.221353e+001 -1.788168e+001  8.500000e+000
      vertex  2.221353e+001 -1.788168e+001  1.000000e+001
      vertex  2.242658e+001 -1.746353e+001  1.000000e+001
    endloop
  endfacet
  facet normal -8.910069e-001  4.539896e-001  0.000000e+000
    outer loop
      vertex  2.221353e+001 -1.788168e+001  8.500000e+000
      vertex  2.242658e+001 -1.746353e+001  1.000000e+001
      vertex  2.242658e+001 -1.746353e+001  8.500000e+000
    endloop
  endfacet
  facet normal -9.876881e-001  1.564355e-001  0.000000e+000
    outer loop
      vertex  2.242658e+001 -1.746353e+001  8.500000e+000
      vertex  2.242658e+001 -1.746353e+001  1.000000e+001
      vertex  2.250000e+001 -1.700000e+001  1.000000e+001
    endloop
  endfacet
  facet normal -9.876881e-001  1.564355e-001  0.000000e+000
    outer loop
      vertex  2.242658e+001 -1.746353e+001  8.500000e+000
      vertex  2.250000e+001 -1.700000e+001  1.000000e+001
      vertex  2.250000e+001 -1.700000e+001  8.500000e+000
    endloop
  endfacet
  facet normal -1.564355e-001  9.876881e-001  0.000000e+000
    outer loop
      vertex  2.146353e+001 -1.842658e+001  1.000000e+001
      vertex  2.100000e+001 -1.850000e+001  8.500000e+000
      vertex  2.100000e+001 -1.850000e+001  1.000000e+001
    endloop
  endfacet
  facet normal  1.564355e-001  9.876881e-001  0.000000e+000
    outer loop
      vertex  2.100000e+001 -1.850000e+001  1.000000e+001
      vertex  2.100000e+001 -1.850000e+001  8.500000e+000
      vertex  2.053647e+001 -1.842658e+001  8.500000e+000
    endloop
  endfacet
  facet normal  1.564355e-001  9.876881e-001  -0.000000e+000
    outer loop
      vertex  2.100000e+001 -1.850000e+001  1.000000e+001
      vertex  2.053647e+001 -1.842658e+001  8.500000e+000
      vertex  2.053647e+001 -1.842658e+001  1.000000e+001
    endloop
  endfacet
  facet normal  4.539896e-001  8.910069e-001  0.000000e+000
    outer loop
      vertex  2.053647e+001 -1.842658e+001  1.000000e+001
      vertex  2.053647e+001 -1.842658e+001  8.500000e+000
      vertex  2.011832e+001 -1.821353e+001  8.500000e+000
    endloop
  endfacet
  facet normal  4.539896e-001  8.910069e-001  -0.000000e+000
    outer loop
      vertex  2.053647e+001 -1.842658e+001  1.000000e+001
      vertex  2.011832e+001 -1.821353e+001  8.500000e+000
      vertex  2.011832e+001 -1.821353e+001  1.000000e+001
    endloop
  endfacet
  facet normal  7.071068e-001  7.071068e-001  0.000000e+000
    outer loop
      vertex  2.011832e+001 -1.821353e+001  1.000000e+001
      vertex  2.011832e+001 -1.821353e+001  8.500000e+000
      vertex  1.978647e+001 -1.788168e+001  8.500000e+000
    endloop
  endfacet
  facet normal  7.071068e-001  7.071068e-001  -0.000000e+000
    outer loop
      vertex  2.011832e+001 -1.821353e+001  1.000000e+001
      vertex  1.978647e+001 -1.788168e+001  8.500000e+000
      vertex  1.978647e+001 -1.788168e+001  1.000000e+001
    endloop
  endfacet
  facet normal  8.910069e-001  4.539896e-001  0.000000e+000
    outer loop
      vertex  1.978647e+001 -1.788168e+001  1.000000e+001
      vertex  1.978647e+001 -1.788168e+001  8.500000e+000
      vertex  1.957342e+001 -1.746353e+001  8.500000e+000
    endloop
  endfacet
  facet normal  8.910069e-001  4.539896e-001  -0.000000e+000
    outer loop
      vertex  1.978647e+001 -1.788168e+001  1.000000e+001
      vertex  1.957342e+001 -1.746353e+001  8.500000e+000
      vertex  1.957342e+001 -1.746353e+001  1.000000e+001
    endloop
  endfacet
  facet normal  9.876881e-001  1.564355e-001  0.000000e+000
    outer loop
      vertex  1.957342e+001 -1.746353e+001  1.000000e+001
      vertex  1.957342e+001 -1.746353e+001  8.500000e+000
      vertex  1.950000e+001 -1.700000e+001  8.500000e+000
    endloop
  endfacet
  facet normal  9.876881e-001  1.564355e-001  -0.000000e+000
    outer loop
      vertex  1.957342e+001 -1.746353e+001  1.000000e+001
      vertex  1.950000e+001 -1.700000e+001  8.500000e+000
      vertex  1.950000e+001 -1.700000e+001  1.000000e+001
    endloop
  endfacet
  facet normal  0.000000e+000 -1.000000e+000  -0.000000e+000
    outer loop
      vertex  2.950000e+001  1.850000e+001  4.000000e+000
      vertex  2.942658e+001  1.850000e+001  3.536474e+000
      vertex  2.900000e+001  1.850000e+001  0.000000e+000
    endloop
  endfacet
  facet normal  -0.000000e+000 -9.999999e-001  -0.000000e+000
    outer loop
      vertex  2.700000e+001  1.850000e+001  0.000000e+000
      vertex  2.700000e+001  1.850000e+001  1.000000e+000
      vertex  2.678647e+001  1.850000e+001  3.118322e+000
    endloop
  endfacet
  facet normal  -0.000000e+000 -1.000000e+000  -0.000000e+000
    outer loop
      vertex  2.700000e+001  1.850000e+001  0.000000e+000
      vertex  2.678647e+001  1.850000e+001  3.118322e+000
      vertex  2.657342e+001  1.850000e+001  3.536474e+000
    endloop
  endfacet
  facet normal  -0.000000e+000 -1.000000e+000  -0.000000e+000
    outer loop
      vertex  2.700000e+001  1.850000e+001  0.000000e+000
      vertex  2.657342e+001  1.850000e+001  3.536474e+000
      vertex  2.650000e+001  1.850000e+001  4.000000e+000
    endloop
  endfacet
  facet normal  0.000000e+000 -9.999999e-001  -0.000000e+000
    outer loop
      vertex  2.700000e+001  1.850000e+001  0.000000e+000
      vertex  2.650000e+001  1.850000e+001  4.000000e+000
      vertex -3.400000e+001  1.850000e+001  0.000000e+000
    endloop
  endfacet
  facet normal  0.000000e+000 -1.000000e+000  0.000000e+000
    outer loop
      vertex  2.921353e+001  1.850000e+001  3.118322e+000
      vertex  2.888168e+001  1.850000e+001  2.786474e+000
      vertex  2.892388e+001  1.850000e+001  1.382683e+000
    endloop
  endfacet
  facet normal  0.000000e+000 -9.999999e-001  0.000000e+000
    outer loop
      vertex  2.921353e+001  1.850000e+001  3.118322e+000
      vertex  2.892388e+001  1.850000e+001  1.382683e+000
      vertex  2.900000e+001  1.850000e+001  1.000000e+000
    endloop
  endfacet
  facet normal  0.000000e+000 -9.999999e-001  0.000000e+000
    outer loop
      vertex  2.921353e+001  1.850000e+001  3.118322e+000
      vertex  2.900000e+001  1.850000e+001  1.000000e+000
      vertex  2.900000e+001  1.850000e+001  0.000000e+000
    endloop
  endfacet
  facet normal  0.000000e+000 -1.000000e+000  0.000000e+000
    outer loop
      vertex  2.921353e+001  1.850000e+001  3.118322e+000
      vertex  2.900000e+001  1.850000e+001  0.000000e+000
      vertex  2.942658e+001  1.850000e+001  3.536474e+000
    endloop
  endfacet
  facet normal  0.000000e+000 -1.000000e+000  0.000000e+000
    outer loop
      vertex  3.400000e+001  1.850000e+001  8.500000e+000
      vertex  2.753647e+001  1.850000e+001  5.426585e+000
      vertex  2.800000e+001  1.850000e+001  5.500000e+000
    endloop
  endfacet
  facet normal  0.000000e+000 -9.999999e-001  0.000000e+000
    outer loop
      vertex  3.400000e+001  1.850000e+001  8.500000e+000
      vertex  2.800000e+001  1.850000e+001  5.500000e+000
      vertex  2.846353e+001  1.850000e+001  5.426585e+000
    endloop
  endfacet
  facet normal  0.000000e+000 -1.000000e+000  0.000000e+000
    outer loop
      vertex  3.400000e+001  1.850000e+001  8.500000e+000
      vertex  2.846353e+001  1.850000e+001  5.426585e+000
      vertex  2.888168e+001  1.850000e+001  5.213525e+000
    endloop
  endfacet
  facet normal  0.000000e+000 -1.000000e+000  0.000000e+000
    outer loop
      vertex  3.400000e+001  1.850000e+001  8.500000e+000
      vertex  2.888168e+001  1.850000e+001  5.213525e+000
      vertex  2.921353e+001  1.850000e+001  4.881678e+000
    endloop
  endfacet
  facet normal  0.000000e+000 -1.000000e+000  0.000000e+000
    outer loop
      vertex  3.400000e+001  1.850000e+001  8.500000e+000
      vertex  2.921353e+001  1.850000e+001  4.881678e+000
      vertex  2.942658e+001  1.850000e+001  4.463525e+000
    endloop
  endfacet
  facet normal  0.000000e+000 -1.000000e+000  0.000000e+000
    outer loop
      vertex  3.400000e+001  1.850000e+001  8.500000e+000
      vertex  2.942658e+001  1.850000e+001  4.463525e+000
      vertex  2.950000e+001  1.850000e+001  4.000000e+000
    endloop
  endfacet
  facet normal  0.000000e+000 -1.000000e+000  -0.000000e+000
    outer loop
      vertex  3.400000e+001  1.850000e+001  8.500000e+000
      vertex  2.950000e+001  1.850000e+001  4.000000e+000
      vertex  2.900000e+001  1.850000e+001  0.000000e+000
    endloop
  endfacet
  facet normal  0.000000e+000 -1.000000e+000  0.000000e+000
    outer loop
      vertex  3.400000e+001  1.850000e+001  8.500000e+000
      vertex  2.900000e+001  1.850000e+001  0.000000e+000
      vertex  3.400000e+001  1.850000e+001  0.000000e+000
    endloop
  endfacet
  facet normal  0.000000e+000 -1.000000e+000  0.000000e+000
    outer loop
      vertex  2.100000e+001  1.850000e+001  8.500000e+000
      vertex -3.000000e+001  1.850000e+001  8.500000e+000
      vertex  2.650000e+001  1.850000e+001  4.000000e+000
    endloop
  endfacet
  facet normal  0.000000e+000 -1.000000e+000  0.000000e+000
    outer loop
      vertex  2.100000e+001  1.850000e+001  8.500000e+000
      vertex  2.650000e+001  1.850000e+001  4.000000e+000
      vertex  2.657342e+001  1.850000e+001  4.463525e+000
    endloop
  endfacet
  facet normal  0.000000e+000 -1.000000e+000  0.000000e+000
    outer loop
      vertex  2.100000e+001  1.850000e+001  8.500000e+000
      vertex  2.657342e+001  1.850000e+001  4.463525e+000
      vertex  2.678647e+001  1.850000e+001  4.881678e+000
    endloop
  endfacet
  facet normal  0.000000e+000 -1.000000e+000  0.000000e+000
    outer loop
      vertex  2.100000e+001  1.850000e+001  8.500000e+000
      vertex  2.678647e+001  1.850000e+001  4.881678e+000
      vertex  2.711832e+001  1.850000e+001  5.213525e+000
    endloop
  endfacet
  facet normal  0.000000e+000 -1.000000e+000  0.000000e+000
    outer loop
      vertex  2.100000e+001  1.850000e+001  8.500000e+000
      vertex  2.711832e+001  1.850000e+001  5.213525e+000
      vertex  2.753647e+001  1.850000e+001  5.426585e+000
    endloop
  endfacet
  facet normal  0.000000e+000 -1.000000e+000  0.000000e+000
    outer loop
      vertex  2.100000e+001  1.850000e+001  8.500000e+000
      vertex  2.753647e+001  1.850000e+001  5.426585e+000
      vertex  3.400000e+001  1.850000e+001  8.500000e+000
    endloop
  endfacet
  facet normal  0.000000e+000 -1.000000e+000  -0.000000e+000
    outer loop
      vertex  2.650000e+001  1.850000e+001  4.000000e+000
      vertex -3.000000e+001  1.850000e+001  8.500000e+000
      vertex -3.400000e+001  1.850000e+001  0.000000e+000
    endloop
  endfacet
  facet normal  0.000000e+000 -1.000000e+000  0.000000e+000
    outer loop
      vertex -3.400000e+001  1.850000e+001  0.000000e+000
      vertex -3.000000e+001  1.850000e+001  8.500000e+000
      vertex -3.400000e+001  1.850000e+001  8.500000e+000
    endloop
  endfacet
  facet normal  0.000000e+000 -9.999999e-001  -0.000000e+000
    outer loop
      vertex  2.761732e+001  1.850000e+001  1.923880e+000
      vertex  2.753647e+001  1.850000e+001  2.573415e+000
      vertex  2.729289e+001  1.850000e+001  1.707107e+000
    endloop
  endfacet
  facet normal  0.000000e+000 -1.000000e+000  0.000000e+000
    outer loop
      vertex  2.729289e+001  1.850000e+001  1.707107e+000
      vertex  2.753647e+001  1.850000e+001  2.573415e+000
      vertex  2.711832e+001  1.850000e+001  2.786474e+000
    endloop
  endfacet
  facet normal  0.000000e+000 -1.000000e+000  -0.000000e+000
    outer loop
      vertex  2.729289e+001  1.850000e+001  1.707107e+000
      vertex  2.711832e+001  1.850000e+001  2.786474e+000
      vertex  2.707612e+001  1.850000e+001  1.382683e+000
    endloop
  endfacet
  facet normal  0.000000e+000 -1.000000e+000  0.000000e+000
    outer loop
      vertex  2.707612e+001  1.850000e+001  1.382683e+000
      vertex  2.711832e+001  1.850000e+001  2.786474e+000
      vertex  2.678647e+001  1.850000e+001  3.118322e+000
    endloop
  endfacet
  facet normal  0.000000e+000 -9.999999e-001  0.000000e+000
    outer loop
      vertex  2.707612e+001  1.850000e+001  1.382683e+000
      vertex  2.678647e+001  1.850000e+001  3.118322e+000
      vertex  2.700000e+001  1.850000e+001  1.000000e+000
    endloop
  endfacet
  facet normal  0.000000e+000 -1.000000e+000  -0.000000e+000
    outer loop
      vertex  2.892388e+001  1.850000e+001  1.382683e+000
      vertex  2.888168e+001  1.850000e+001  2.786474e+000
      vertex  2.870711e+001  1.850000e+001  1.707107e+000
    endloop
  endfacet
  facet normal  0.000000e+000 -1.000000e+000  0.000000e+000
    outer loop
      vertex  2.870711e+001  1.850000e+001  1.707107e+000
      vertex  2.888168e+001  1.850000e+001  2.786474e+000
      vertex  2.846353e+001  1.850000e+001  2.573415e+000
    endloop
  endfacet
  facet normal  0.000000e+000 -9.999999e-001  -0.000000e+000
    outer loop
      vertex  2.870711e+001  1.850000e+001  1.707107e+000
      vertex  2.846353e+001  1.850000e+001  2.573415e+000
      vertex  2.838268e+001  1.850000e+001  1.923880e+000
    endloop
  endfacet
  facet normal  0.000000e+000 -1.000000e+000  0.000000e+000
    outer loop
      vertex  2.838268e+001  1.850000e+001  1.923880e+000
      vertex  2.846353e+001  1.850000e+001  2.573415e+000
      vertex  2.800000e+001  1.850000e+001  2.500000e+000
    endloop
  endfacet
  facet normal  0.000000e+000 -1.000000e+000  0.000000e+000
    outer loop
      vertex  2.838268e+001  1.850000e+001  1.923880e+000
      vertex  2.800000e+001  1.850000e+001  2.500000e+000
      vertex  2.800000e+001  1.850000e+001  2.000000e+000
    endloop
  endfacet
  facet normal  0.000000e+000 -9.999999e-001  0.000000e+000
    outer loop
      vertex  2.800000e+001  1.850000e+001  2.000000e+000
      vertex  2.800000e+001  1.850000e+001  2.500000e+000
      vertex  2.753647e+001  1.850000e+001  2.573415e+000
    endloop
  endfacet
  facet normal  0.000000e+000 -1.000000e+000  0.000000e+000
    outer loop
      vertex  2.800000e+001  1.850000e+001  2.000000e+000
      vertex  2.753647e+001  1.850000e+001  2.573415e+000
      vertex  2.761732e+001  1.850000e+001  1.923880e+000
    endloop
  endfacet
  facet normal  1.564355e-001 -9.876881e-001  0.000000e+000
    outer loop
      vertex  2.100000e+001  1.850000e+001  8.500000e+000
      vertex  2.053647e+001  1.842658e+001  1.000000e+001
      vertex  2.053647e+001  1.842658e+001  8.500000e+000
    endloop
  endfacet
  facet normal  4.539896e-001 -8.910069e-001  0.000000e+000
    outer loop
      vertex  2.053647e+001  1.842658e+001  8.500000e+000
      vertex  2.053647e+001  1.842658e+001  1.000000e+001
      vertex  2.011832e+001  1.821353e+001  1.000000e+001
    endloop
  endfacet
  facet normal  4.539896e-001 -8.910069e-001  0.000000e+000
    outer loop
      vertex  2.053647e+001  1.842658e+001  8.500000e+000
      vertex  2.011832e+001  1.821353e+001  1.000000e+001
      vertex  2.011832e+001  1.821353e+001  8.500000e+000
    endloop
  endfacet
  facet normal  7.071068e-001 -7.071068e-001  0.000000e+000
    outer loop
      vertex  2.011832e+001  1.821353e+001  8.500000e+000
      vertex  2.011832e+001  1.821353e+001  1.000000e+001
      vertex  1.978647e+001  1.788168e+001  1.000000e+001
    endloop
  endfacet
  facet normal  7.071068e-001 -7.071068e-001  0.000000e+000
    outer loop
      vertex  2.011832e+001  1.821353e+001  8.500000e+000
      vertex  1.978647e+001  1.788168e+001  1.000000e+001
      vertex  1.978647e+001  1.788168e+001  8.500000e+000
    endloop
  endfacet
  facet normal  8.910069e-001 -4.539896e-001  0.000000e+000
    outer loop
      vertex  1.978647e+001  1.788168e+001  8.500000e+000
      vertex  1.978647e+001  1.788168e+001  1.000000e+001
      vertex  1.957342e+001  1.746353e+001  1.000000e+001
    endloop
  endfacet
  facet normal  8.910069e-001 -4.539896e-001  0.000000e+000
    outer loop
      vertex  1.978647e+001  1.788168e+001  8.500000e+000
      vertex  1.957342e+001  1.746353e+001  1.000000e+001
      vertex  1.957342e+001  1.746353e+001  8.500000e+000
    endloop
  endfacet
  facet normal  9.876881e-001 -1.564355e-001  0.000000e+000
    outer loop
      vertex  1.957342e+001  1.746353e+001  8.500000e+000
      vertex  1.957342e+001  1.746353e+001  1.000000e+001
      vertex  1.950000e+001  1.700000e+001  1.000000e+001
    endloop
  endfacet
  facet normal  9.876881e-001 -1.564355e-001  0.000000e+000
    outer loop
      vertex  1.957342e+001  1.746353e+001  8.500000e+000
      vertex  1.950000e+001  1.700000e+001  1.000000e+001
      vertex  1.950000e+001  1.700000e+001  8.500000e+000
    endloop
  endfacet
  facet normal  1.564355e-001 -9.876881e-001  0.000000e+000
    outer loop
      vertex  2.053647e+001  1.842658e+001  1.000000e+001
      vertex  2.100000e+001  1.850000e+001  8.500000e+000
      vertex  2.100000e+001  1.850000e+001  1.000000e+001
    endloop
  endfacet
  facet normal -1.564355e-001 -9.876881e-001  -0.000000e+000
    outer loop
      vertex  2.100000e+001  1.850000e+001  1.000000e+001
      vertex  2.100000e+001  1.850000e+001  8.500000e+000
      vertex  2.146353e+001  1.842658e+001  8.500000e+000
    endloop
  endfacet
  facet normal -1.564355e-001 -9.876881e-001  0.000000e+000
    outer loop
      vertex  2.100000e+001  1.850000e+001  1.000000e+001
      vertex  2.146353e+001  1.842658e+001  8.500000e+000
      vertex  2.146353e+001  1.842658e+001  1.000000e+001
    endloop
  endfacet
  facet normal -4.539896e-001 -8.910069e-001  -0.000000e+000
    outer loop
      vertex  2.146353e+001  1.842658e+001  1.000000e+001
      vertex  2.146353e+001  1.842658e+001  8.500000e+000
      vertex  2.188168e+001  1.821353e+001  8.500000e+000
    endloop
  endfacet
  facet normal -4.539896e-001 -8.910069e-001  0.000000e+000
    outer loop
      vertex  2.146353e+001  1.842658e+001  1.000000e+001
      vertex  2.188168e+001  1.821353e+001  8.500000e+000
      vertex  2.188168e+001  1.821353e+001  1.000000e+001
    endloop
  endfacet
  facet normal -7.071068e-001 -7.071068e-001  -0.000000e+000
    outer loop
      vertex  2.188168e+001  1.821353e+001  1.000000e+001
      vertex  2.188168e+001  1.821353e+001  8.500000e+000
      vertex  2.221353e+001  1.788168e+001  8.500000e+000
    endloop
  endfacet
  facet normal -7.071068e-001 -7.071068e-001  0.000000e+000
    outer loop
      vertex  2.188168e+001  1.821353e+001  1.000000e+001
      vertex  2.221353e+001  1.788168e+001  8.500000e+000
      vertex  2.221353e+001  1.788168e+001  1.000000e+001
    endloop
  endfacet
  facet normal -8.910069e-001 -4.539896e-001  -0.000000e+000
    outer loop
      vertex  2.221353e+001  1.788168e+001  1.000000e+001
      vertex  2.221353e+001  1.788168e+001  8.500000e+000
      vertex  2.242658e+001  1.746353e+001  8.500000e+000
    endloop
  endfacet
  facet normal -8.910069e-001 -4.539896e-001  0.000000e+000
    outer loop
      vertex  2.221353e+001  1.788168e+001  1.000000e+001
      vertex  2.242658e+001  1.746353e+001  8.500000e+000
      vertex  2.242658e+001  1.746353e+001  1.000000e+001
    endloop
  endfacet
  facet normal -9.876881e-001 -1.564355e-001  -0.000000e+000
    outer loop
      vertex  2.242658e+001  1.746353e+001  1.000000e+001
      vertex  2.242658e+001  1.746353e+001  8.500000e+000
      vertex  2.250000e+001  1.700000e+001  8.500000e+000
    endloop
  endfacet
  facet normal -9.876881e-001 -1.564355e-001  0.000000e+000
    outer loop
      vertex  2.242658e+001  1.746353e+001  1.000000e+001
      vertex  2.250000e+001  1.700000e+001  8.500000e+000
      vertex  2.250000e+001  1.700000e+001  1.000000e+001
    endloop
  endfacet
  facet normal -1.564335e-001  9.876885e-001  0.000000e+000
    outer loop
      vertex  2.100000e+001  1.550000e+001  8.500000e+000
      vertex  2.146353e+001  1.557341e+001  1.000000e+001
      vertex  2.146353e+001  1.557341e+001  8.500000e+000
    endloop
  endfacet
  facet normal -4.539912e-001  8.910062e-001  0.000000e+000
    outer loop
      vertex  2.146353e+001  1.557341e+001  8.500000e+000
      vertex  2.146353e+001  1.557341e+001  1.000000e+001
      vertex  2.188168e+001  1.578647e+001  1.000000e+001
    endloop
  endfacet
  facet normal -4.539912e-001  8.910062e-001  0.000000e+000
    outer loop
      vertex  2.146353e+001  1.557341e+001  8.500000e+000
      vertex  2.188168e+001  1.578647e+001  1.000000e+001
      vertex  2.188168e+001  1.578647e+001  8.500000e+000
    endloop
  endfacet
  facet normal -7.071068e-001  7.071068e-001  0.000000e+000
    outer loop
      vertex  2.188168e+001  1.578647e+001  8.500000e+000
      vertex  2.188168e+001  1.578647e+001  1.000000e+001
      vertex  2.221353e+001  1.611832e+001  1.000000e+001
    endloop
  endfacet
  facet normal -7.071068e-001  7.071068e-001  0.000000e+000
    outer loop
      vertex  2.188168e+001  1.578647e+001  8.500000e+000
      vertex  2.221353e+001  1.611832e+001  1.000000e+001
      vertex  2.221353e+001  1.611832e+001  8.500000e+000
    endloop
  endfacet
  facet normal -8.910069e-001  4.539896e-001  0.000000e+000
    outer loop
      vertex  2.221353e+001  1.611832e+001  8.500000e+000
      vertex  2.221353e+001  1.611832e+001  1.000000e+001
      vertex  2.242658e+001  1.653647e+001  1.000000e+001
    endloop
  endfacet
  facet normal -8.910069e-001  4.539896e-001  0.000000e+000
    outer loop
      vertex  2.221353e+001  1.611832e+001  8.500000e+000
      vertex  2.242658e+001  1.653647e+001  1.000000e+001
      vertex  2.242658e+001  1.653647e+001  8.500000e+000
    endloop
  endfacet
  facet normal -9.876881e-001  1.564355e-001  0.000000e+000
    outer loop
      vertex  2.242658e+001  1.653647e+001  8.500000e+000
      vertex  2.242658e+001  1.653647e+001  1.000000e+001
      vertex  2.250000e+001  1.700000e+001  1.000000e+001
    endloop
  endfacet
  facet normal -9.876881e-001  1.564355e-001  0.000000e+000
    outer loop
      vertex  2.242658e+001  1.653647e+001  8.500000e+000
      vertex  2.250000e+001  1.700000e+001  1.000000e+001
      vertex  2.250000e+001  1.700000e+001  8.500000e+000
    endloop
  endfacet
  facet normal -1.564335e-001  9.876885e-001  0.000000e+000
    outer loop
      vertex  2.146353e+001  1.557341e+001  1.000000e+001
      vertex  2.100000e+001  1.550000e+001  8.500000e+000
      vertex  2.100000e+001  1.550000e+001  1.000000e+001
    endloop
  endfacet
  facet normal  1.564335e-001  9.876885e-001  0.000000e+000
    outer loop
      vertex  2.100000e+001  1.550000e+001  1.000000e+001
      vertex  2.100000e+001  1.550000e+001  8.500000e+000
      vertex  2.053647e+001  1.557341e+001  8.500000e+000
    endloop
  endfacet
  facet normal  1.564335e-001  9.876885e-001  -0.000000e+000
    outer loop
      vertex  2.100000e+001  1.550000e+001  1.000000e+001
      vertex  2.053647e+001  1.557341e+001  8.500000e+000
      vertex  2.053647e+001  1.557341e+001  1.000000e+001
    endloop
  endfacet
  facet normal  4.539912e-001  8.910062e-001  0.000000e+000
    outer loop
      vertex  2.053647e+001  1.557341e+001  1.000000e+001
      vertex  2.053647e+001  1.557341e+001  8.500000e+000
      vertex  2.011832e+001  1.578647e+001  8.500000e+000
    endloop
  endfacet
  facet normal  4.539912e-001  8.910062e-001  -0.000000e+000
    outer loop
      vertex  2.053647e+001  1.557341e+001  1.000000e+001
      vertex  2.011832e+001  1.578647e+001  8.500000e+000
      vertex  2.011832e+001  1.578647e+001  1.000000e+001
    endloop
  endfacet
  facet normal  7.071068e-001  7.071068e-001  0.000000e+000
    outer loop
      vertex  2.011832e+001  1.578647e+001  1.000000e+001
      vertex  2.011832e+001  1.578647e+001  8.500000e+000
      vertex  1.978647e+001  1.611832e+001  8.500000e+000
    endloop
  endfacet
  facet normal  7.071068e-001  7.071068e-001  -0.000000e+000
    outer loop
      vertex  2.011832e+001  1.578647e+001  1.000000e+001
      vertex  1.978647e+001  1.611832e+001  8.500000e+000
      vertex  1.978647e+001  1.611832e+001  1.000000e+001
    endloop
  endfacet
  facet normal  8.910069e-001  4.539896e-001  0.000000e+000
    outer loop
      vertex  1.978647e+001  1.611832e+001  1.000000e+001
      vertex  1.978647e+001  1.611832e+001  8.500000e+000
      vertex  1.957342e+001  1.653647e+001  8.500000e+000
    endloop
  endfacet
  facet normal  8.910069e-001  4.539896e-001  -0.000000e+000
    outer loop
      vertex  1.978647e+001  1.611832e+001  1.000000e+001
      vertex  1.957342e+001  1.653647e+001  8.500000e+000
      vertex  1.957342e+001  1.653647e+001  1.000000e+001
    endloop
  endfacet
  facet normal  9.876881e-001  1.564355e-001  0.000000e+000
    outer loop
      vertex  1.957342e+001  1.653647e+001  1.000000e+001
      vertex  1.957342e+001  1.653647e+001  8.500000e+000
      vertex  1.950000e+001  1.700000e+001  8.500000e+000
    endloop
  endfacet
  facet normal  9.876881e-001  1.564355e-001  -0.000000e+000
    outer loop
      vertex  1.957342e+001  1.653647e+001  1.000000e+001
      vertex  1.950000e+001  1.700000e+001  8.500000e+000
      vertex  1.950000e+001  1.700000e+001  1.000000e+001
    endloop
  endfacet
  facet normal  1.564335e-001 -9.876885e-001  0.000000e+000
    outer loop
      vertex -3.000000e+001 -1.550000e+001  8.500000e+000
      vertex -3.046353e+001 -1.557341e+001  1.000000e+001
      vertex -3.046353e+001 -1.557341e+001  8.500000e+000
    endloop
  endfacet
  facet normal  4.539912e-001 -8.910062e-001  0.000000e+000
    outer loop
      vertex -3.046353e+001 -1.557341e+001  8.500000e+000
      vertex -3.046353e+001 -1.557341e+001  1.000000e+001
      vertex -3.088168e+001 -1.578647e+001  1.000000e+001
    endloop
  endfacet
  facet normal  4.539912e-001 -8.910062e-001  0.000000e+000
    outer loop
      vertex -3.046353e+001 -1.557341e+001  8.500000e+000
      vertex -3.088168e+001 -1.578647e+001  1.000000e+001
      vertex -3.088168e+001 -1.578647e+001  8.500000e+000
    endloop
  endfacet
  facet normal  7.071068e-001 -7.071068e-001  0.000000e+000
    outer loop
      vertex -3.088168e+001 -1.578647e+001  8.500000e+000
      vertex -3.088168e+001 -1.578647e+001  1.000000e+001
      vertex -3.121353e+001 -1.611832e+001  1.000000e+001
    endloop
  endfacet
  facet normal  7.071068e-001 -7.071068e-001  0.000000e+000
    outer loop
      vertex -3.088168e+001 -1.578647e+001  8.500000e+000
      vertex -3.121353e+001 -1.611832e+001  1.000000e+001
      vertex -3.121353e+001 -1.611832e+001  8.500000e+000
    endloop
  endfacet
  facet normal  8.910069e-001 -4.539896e-001  0.000000e+000
    outer loop
      vertex -3.121353e+001 -1.611832e+001  8.500000e+000
      vertex -3.121353e+001 -1.611832e+001  1.000000e+001
      vertex -3.142658e+001 -1.653647e+001  1.000000e+001
    endloop
  endfacet
  facet normal  8.910069e-001 -4.539896e-001  0.000000e+000
    outer loop
      vertex -3.121353e+001 -1.611832e+001  8.500000e+000
      vertex -3.142658e+001 -1.653647e+001  1.000000e+001
      vertex -3.142658e+001 -1.653647e+001  8.500000e+000
    endloop
  endfacet
  facet normal  9.876881e-001 -1.564355e-001  0.000000e+000
    outer loop
      vertex -3.142658e+001 -1.653647e+001  8.500000e+000
      vertex -3.142658e+001 -1.653647e+001  1.000000e+001
      vertex -3.150000e+001 -1.700000e+001  1.000000e+001
    endloop
  endfacet
  facet normal  9.876881e-001 -1.564355e-001  0.000000e+000
    outer loop
      vertex -3.142658e+001 -1.653647e+001  8.500000e+000
      vertex -3.150000e+001 -1.700000e+001  1.000000e+001
      vertex -3.150000e+001 -1.700000e+001  8.500000e+000
    endloop
  endfacet
  facet normal  1.564335e-001 -9.876885e-001  0.000000e+000
    outer loop
      vertex -3.046353e+001 -1.557341e+001  1.000000e+001
      vertex -3.000000e+001 -1.550000e+001  8.500000e+000
      vertex -3.000000e+001 -1.550000e+001  1.000000e+001
    endloop
  endfacet
  facet normal -1.564335e-001 -9.876885e-001  -0.000000e+000
    outer loop
      vertex -3.000000e+001 -1.550000e+001  1.000000e+001
      vertex -3.000000e+001 -1.550000e+001  8.500000e+000
      vertex -2.953647e+001 -1.557341e+001  8.500000e+000
    endloop
  endfacet
  facet normal -1.564335e-001 -9.876885e-001  0.000000e+000
    outer loop
      vertex -3.000000e+001 -1.550000e+001  1.000000e+001
      vertex -2.953647e+001 -1.557341e+001  8.500000e+000
      vertex -2.953647e+001 -1.557341e+001  1.000000e+001
    endloop
  endfacet
  facet normal -4.539912e-001 -8.910062e-001  -0.000000e+000
    outer loop
      vertex -2.953647e+001 -1.557341e+001  1.000000e+001
      vertex -2.953647e+001 -1.557341e+001  8.500000e+000
      vertex -2.911832e+001 -1.578647e+001  8.500000e+000
    endloop
  endfacet
  facet normal -4.539912e-001 -8.910062e-001  0.000000e+000
    outer loop
      vertex -2.953647e+001 -1.557341e+001  1.000000e+001
      vertex -2.911832e+001 -1.578647e+001  8.500000e+000
      vertex -2.911832e+001 -1.578647e+001  1.000000e+001
    endloop
  endfacet
  facet normal -7.071068e-001 -7.071068e-001  -0.000000e+000
    outer loop
      vertex -2.911832e+001 -1.578647e+001  1.000000e+001
      vertex -2.911832e+001 -1.578647e+001  8.500000e+000
      vertex -2.878647e+001 -1.611832e+001  8.500000e+000
    endloop
  endfacet
  facet normal -7.071068e-001 -7.071068e-001  0.000000e+000
    outer loop
      vertex -2.911832e+001 -1.578647e+001  1.000000e+001
      vertex -2.878647e+001 -1.611832e+001  8.500000e+000
      vertex -2.878647e+001 -1.611832e+001  1.000000e+001
    endloop
  endfacet
  facet normal -8.910069e-001 -4.539896e-001  -0.000000e+000
    outer loop
      vertex -2.878647e+001 -1.611832e+001  1.000000e+001
      vertex -2.878647e+001 -1.611832e+001  8.500000e+000
      vertex -2.857342e+001 -1.653647e+001  8.500000e+000
    endloop
  endfacet
  facet normal -8.910069e-001 -4.539896e-001  0.000000e+000
    outer loop
      vertex -2.878647e+001 -1.611832e+001  1.000000e+001
      vertex -2.857342e+001 -1.653647e+001  8.500000e+000
      vertex -2.857342e+001 -1.653647e+001  1.000000e+001
    endloop
  endfacet
  facet normal -9.876881e-001 -1.564355e-001  -0.000000e+000
    outer loop
      vertex -2.857342e+001 -1.653647e+001  1.000000e+001
      vertex -2.857342e+001 -1.653647e+001  8.500000e+000
      vertex -2.850000e+001 -1.700000e+001  8.500000e+000
    endloop
  endfacet
  facet normal -9.876881e-001 -1.564355e-001  0.000000e+000
    outer loop
      vertex -2.857342e+001 -1.653647e+001  1.000000e+001
      vertex -2.850000e+001 -1.700000e+001  8.500000e+000
      vertex -2.850000e+001 -1.700000e+001  1.000000e+001
    endloop
  endfacet
  facet normal -1.564355e-001  9.876881e-001  0.000000e+000
    outer loop
      vertex -3.000000e+001 -1.850000e+001  8.500000e+000
      vertex -2.953647e+001 -1.842658e+001  1.000000e+001
      vertex -2.953647e+001 -1.842658e+001  8.500000e+000
    endloop
  endfacet
  facet normal -4.539896e-001  8.910069e-001  0.000000e+000
    outer loop
      vertex -2.953647e+001 -1.842658e+001  8.500000e+000
      vertex -2.953647e+001 -1.842658e+001  1.000000e+001
      vertex -2.911832e+001 -1.821353e+001  1.000000e+001
    endloop
  endfacet
  facet normal -4.539896e-001  8.910069e-001  0.000000e+000
    outer loop
      vertex -2.953647e+001 -1.842658e+001  8.500000e+000
      vertex -2.911832e+001 -1.821353e+001  1.000000e+001
      vertex -2.911832e+001 -1.821353e+001  8.500000e+000
    endloop
  endfacet
  facet normal -7.071068e-001  7.071068e-001  0.000000e+000
    outer loop
      vertex -2.911832e+001 -1.821353e+001  8.500000e+000
      vertex -2.911832e+001 -1.821353e+001  1.000000e+001
      vertex -2.878647e+001 -1.788168e+001  1.000000e+001
    endloop
  endfacet
  facet normal -7.071068e-001  7.071068e-001  0.000000e+000
    outer loop
      vertex -2.911832e+001 -1.821353e+001  8.500000e+000
      vertex -2.878647e+001 -1.788168e+001  1.000000e+001
      vertex -2.878647e+001 -1.788168e+001  8.500000e+000
    endloop
  endfacet
  facet normal -8.910069e-001  4.539896e-001  0.000000e+000
    outer loop
      vertex -2.878647e+001 -1.788168e+001  8.500000e+000
      vertex -2.878647e+001 -1.788168e+001  1.000000e+001
      vertex -2.857342e+001 -1.746353e+001  1.000000e+001
    endloop
  endfacet
  facet normal -8.910069e-001  4.539896e-001  0.000000e+000
    outer loop
      vertex -2.878647e+001 -1.788168e+001  8.500000e+000
      vertex -2.857342e+001 -1.746353e+001  1.000000e+001
      vertex -2.857342e+001 -1.746353e+001  8.500000e+000
    endloop
  endfacet
  facet normal -9.876881e-001  1.564355e-001  0.000000e+000
    outer loop
      vertex -2.857342e+001 -1.746353e+001  8.500000e+000
      vertex -2.857342e+001 -1.746353e+001  1.000000e+001
      vertex -2.850000e+001 -1.700000e+001  1.000000e+001
    endloop
  endfacet
  facet normal -9.876881e-001  1.564355e-001  0.000000e+000
    outer loop
      vertex -2.857342e+001 -1.746353e+001  8.500000e+000
      vertex -2.850000e+001 -1.700000e+001  1.000000e+001
      vertex -2.850000e+001 -1.700000e+001  8.500000e+000
    endloop
  endfacet
  facet normal -1.564355e-001  9.876881e-001  0.000000e+000
    outer loop
      vertex -2.953647e+001 -1.842658e+001  1.000000e+001
      vertex -3.000000e+001 -1.850000e+001  8.500000e+000
      vertex -3.000000e+001 -1.850000e+001  1.000000e+001
    endloop
  endfacet
  facet normal  1.564355e-001  9.876881e-001  0.000000e+000
    outer loop
      vertex -3.000000e+001 -1.850000e+001  1.000000e+001
      vertex -3.000000e+001 -1.850000e+001  8.500000e+000
      vertex -3.046353e+001 -1.842658e+001  8.500000e+000
    endloop
  endfacet
  facet normal  1.564355e-001  9.876881e-001  -0.000000e+000
    outer loop
      vertex -3.000000e+001 -1.850000e+001  1.000000e+001
      vertex -3.046353e+001 -1.842658e+001  8.500000e+000
      vertex -3.046353e+001 -1.842658e+001  1.000000e+001
    endloop
  endfacet
  facet normal  4.539896e-001  8.910069e-001  0.000000e+000
    outer loop
      vertex -3.046353e+001 -1.842658e+001  1.000000e+001
      vertex -3.046353e+001 -1.842658e+001  8.500000e+000
      vertex -3.088168e+001 -1.821353e+001  8.500000e+000
    endloop
  endfacet
  facet normal  4.539896e-001  8.910069e-001  -0.000000e+000
    outer loop
      vertex -3.046353e+001 -1.842658e+001  1.000000e+001
      vertex -3.088168e+001 -1.821353e+001  8.500000e+000
      vertex -3.088168e+001 -1.821353e+001  1.000000e+001
    endloop
  endfacet
  facet normal  7.071068e-001  7.071068e-001  0.000000e+000
    outer loop
      vertex -3.088168e+001 -1.821353e+001  1.000000e+001
      vertex -3.088168e+001 -1.821353e+001  8.500000e+000
      vertex -3.121353e+001 -1.788168e+001  8.500000e+000
    endloop
  endfacet
  facet normal  7.071068e-001  7.071068e-001  -0.000000e+000
    outer loop
      vertex -3.088168e+001 -1.821353e+001  1.000000e+001
      vertex -3.121353e+001 -1.788168e+001  8.500000e+000
      vertex -3.121353e+001 -1.788168e+001  1.000000e+001
    endloop
  endfacet
  facet normal  8.910069e-001  4.539896e-001  0.000000e+000
    outer loop
      vertex -3.121353e+001 -1.788168e+001  1.000000e+001
      vertex -3.121353e+001 -1.788168e+001  8.500000e+000
      vertex -3.142658e+001 -1.746353e+001  8.500000e+000
    endloop
  endfacet
  facet normal  8.910069e-001  4.539896e-001  -0.000000e+000
    outer loop
      vertex -3.121353e+001 -1.788168e+001  1.000000e+001
      vertex -3.142658e+001 -1.746353e+001  8.500000e+000
      vertex -3.142658e+001 -1.746353e+001  1.000000e+001
    endloop
  endfacet
  facet normal  9.876881e-001  1.564355e-001  0.000000e+000
    outer loop
      vertex -3.142658e+001 -1.746353e+001  1.000000e+001
      vertex -3.142658e+001 -1.746353e+001  8.500000e+000
      vertex -3.150000e+001 -1.700000e+001  8.500000e+000
    endloop
  endfacet
  facet normal  9.876881e-001  1.564355e-001  -0.000000e+000
    outer loop
      vertex -3.142658e+001 -1.746353e+001  1.000000e+001
      vertex -3.150000e+001 -1.700000e+001  8.500000e+000
      vertex -3.150000e+001 -1.700000e+001  1.000000e+001
    endloop
  endfacet
  facet normal  1.564355e-001 -9.876881e-001  0.000000e+000
    outer loop
      vertex -3.000000e+001  1.850000e+001  8.500000e+000
      vertex -3.046353e+001  1.842658e+001  1.000000e+001
      vertex -3.046353e+001  1.842658e+001  8.500000e+000
    endloop
  endfacet
  facet normal  4.539896e-001 -8.910069e-001  0.000000e+000
    outer loop
      vertex -3.046353e+001  1.842658e+001  8.500000e+000
      vertex -3.046353e+001  1.842658e+001  1.000000e+001
      vertex -3.088168e+001  1.821353e+001  1.000000e+001
    endloop
  endfacet
  facet normal  4.539896e-001 -8.910069e-001  0.000000e+000
    outer loop
      vertex -3.046353e+001  1.842658e+001  8.500000e+000
      vertex -3.088168e+001  1.821353e+001  1.000000e+001
      vertex -3.088168e+001  1.821353e+001  8.500000e+000
    endloop
  endfacet
  facet normal  7.071068e-001 -7.071068e-001  0.000000e+000
    outer loop
      vertex -3.088168e+001  1.821353e+001  8.500000e+000
      vertex -3.088168e+001  1.821353e+001  1.000000e+001
      vertex -3.121353e+001  1.788168e+001  1.000000e+001
    endloop
  endfacet
  facet normal  7.071068e-001 -7.071068e-001  0.000000e+000
    outer loop
      vertex -3.088168e+001  1.821353e+001  8.500000e+000
      vertex -3.121353e+001  1.788168e+001  1.000000e+001
      vertex -3.121353e+001  1.788168e+001  8.500000e+000
    endloop
  endfacet
  facet normal  8.910069e-001 -4.539896e-001  0.000000e+000
    outer loop
      vertex -3.121353e+001  1.788168e+001  8.500000e+000
      vertex -3.121353e+001  1.788168e+001  1.000000e+001
      vertex -3.142658e+001  1.746353e+001  1.000000e+001
    endloop
  endfacet
  facet normal  8.910069e-001 -4.539896e-001  0.000000e+000
    outer loop
      vertex -3.121353e+001  1.788168e+001  8.500000e+000
      vertex -3.142658e+001  1.746353e+001  1.000000e+001
      vertex -3.142658e+001  1.746353e+001  8.500000e+000
    endloop
  endfacet
  facet normal  9.876881e-001 -1.564355e-001  0.000000e+000
    outer loop
      vertex -3.142658e+001  1.746353e+001  8.500000e+000
      vertex -3.142658e+001  1.746353e+001  1.000000e+001
      vertex -3.150000e+001  1.700000e+001  1.000000e+001
    endloop
  endfacet
  facet normal  9.876881e-001 -1.564355e-001  0.000000e+000
    outer loop
      vertex -3.142658e+001  1.746353e+001  8.500000e+000
      vertex -3.150000e+001  1.700000e+001  1.000000e+001
      vertex -3.150000e+001  1.700000e+001  8.500000e+000
    endloop
  endfacet
  facet normal  1.564355e-001 -9.876881e-001  0.000000e+000
    outer loop
      vertex -3.046353e+001  1.842658e+001  1.000000e+001
      vertex -3.000000e+001  1.850000e+001  8.500000e+000
      vertex -3.000000e+001  1.850000e+001  1.000000e+001
    endloop
  endfacet
  facet normal -1.564355e-001 -9.876881e-001  -0.000000e+000
    outer loop
      vertex -3.000000e+001  1.850000e+001  1.000000e+001
      vertex -3.000000e+001  1.850000e+001  8.500000e+000
      vertex -2.953647e+001  1.842658e+001  8.500000e+000
    endloop
  endfacet
  facet normal -1.564355e-001 -9.876881e-001  0.000000e+000
    outer loop
      vertex -3.000000e+001  1.850000e+001  1.000000e+001
      vertex -2.953647e+001  1.842658e+001  8.500000e+000
      vertex -2.953647e+001  1.842658e+001  1.000000e+001
    endloop
  endfacet
  facet normal -4.539896e-001 -8.910069e-001  -0.000000e+000
    outer loop
      vertex -2.953647e+001  1.842658e+001  1.000000e+001
      vertex -2.953647e+001  1.842658e+001  8.500000e+000
      vertex -2.911832e+001  1.821353e+001  8.500000e+000
    endloop
  endfacet
  facet normal -4.539896e-001 -8.910069e-001  0.000000e+000
    outer loop
      vertex -2.953647e+001  1.842658e+001  1.000000e+001
      vertex -2.911832e+001  1.821353e+001  8.500000e+000
      vertex -2.911832e+001  1.821353e+001  1.000000e+001
    endloop
  endfacet
  facet normal -7.071068e-001 -7.071068e-001  -0.000000e+000
    outer loop
      vertex -2.911832e+001  1.821353e+001  1.000000e+001
      vertex -2.911832e+001  1.821353e+001  8.500000e+000
      vertex -2.878647e+001  1.788168e+001  8.500000e+000
    endloop
  endfacet
  facet normal -7.071068e-001 -7.071068e-001  0.000000e+000
    outer loop
      vertex -2.911832e+001  1.821353e+001  1.000000e+001
      vertex -2.878647e+001  1.788168e+001  8.500000e+000
      vertex -2.878647e+001  1.788168e+001  1.000000e+001
    endloop
  endfacet
  facet normal -8.910069e-001 -4.539896e-001  -0.000000e+000
    outer loop
      vertex -2.878647e+001  1.788168e+001  1.000000e+001
      vertex -2.878647e+001  1.788168e+001  8.500000e+000
      vertex -2.857342e+001  1.746353e+001  8.500000e+000
    endloop
  endfacet
  facet normal -8.910069e-001 -4.539896e-001  0.000000e+000
    outer loop
      vertex -2.878647e+001  1.788168e+001  1.000000e+001
      vertex -2.857342e+001  1.746353e+001  8.500000e+000
      vertex -2.857342e+001  1.746353e+001  1.000000e+001
    endloop
  endfacet
  facet normal -9.876881e-001 -1.564355e-001  -0.000000e+000
    outer loop
      vertex -2.857342e+001  1.746353e+001  1.000000e+001
      vertex -2.857342e+001  1.746353e+001  8.500000e+000
      vertex -2.850000e+001  1.700000e+001  8.500000e+000
    endloop
  endfacet
  facet normal -9.876881e-001 -1.564355e-001  0.000000e+000
    outer loop
      vertex -2.857342e+001  1.746353e+001  1.000000e+001
      vertex -2.850000e+001  1.700000e+001  8.500000e+000
      vertex -2.850000e+001  1.700000e+001  1.000000e+001
    endloop
  endfacet
  facet normal -1.564335e-001  9.876885e-001  0.000000e+000
    outer loop
      vertex -3.000000e+001  1.550000e+001  8.500000e+000
      vertex -2.953647e+001  1.557341e+001  1.000000e+001
      vertex -2.953647e+001  1.557341e+001  8.500000e+000
    endloop
  endfacet
  facet normal -4.539912e-001  8.910062e-001  0.000000e+000
    outer loop
      vertex -2.953647e+001  1.557341e+001  8.500000e+000
      vertex -2.953647e+001  1.557341e+001  1.000000e+001
      vertex -2.911832e+001  1.578647e+001  1.000000e+001
    endloop
  endfacet
  facet normal -4.539912e-001  8.910062e-001  0.000000e+000
    outer loop
      vertex -2.953647e+001  1.557341e+001  8.500000e+000
      vertex -2.911832e+001  1.578647e+001  1.000000e+001
      vertex -2.911832e+001  1.578647e+001  8.500000e+000
    endloop
  endfacet
  facet normal -7.071068e-001  7.071068e-001  0.000000e+000
    outer loop
      vertex -2.911832e+001  1.578647e+001  8.500000e+000
      vertex -2.911832e+001  1.578647e+001  1.000000e+001
      vertex -2.878647e+001  1.611832e+001  1.000000e+001
    endloop
  endfacet
  facet normal -7.071068e-001  7.071068e-001  0.000000e+000
    outer loop
      vertex -2.911832e+001  1.578647e+001  8.500000e+000
      vertex -2.878647e+001  1.611832e+001  1.000000e+001
      vertex -2.878647e+001  1.611832e+001  8.500000e+000
    endloop
  endfacet
  facet normal -8.910069e-001  4.539896e-001  0.000000e+000
    outer loop
      vertex -2.878647e+001  1.611832e+001  8.500000e+000
      vertex -2.878647e+001  1.611832e+001  1.000000e+001
      vertex -2.857342e+001  1.653647e+001  1.000000e+001
    endloop
  endfacet
  facet normal -8.910069e-001  4.539896e-001  0.000000e+000
    outer loop
      vertex -2.878647e+001  1.611832e+001  8.500000e+000
      vertex -2.857342e+001  1.653647e+001  1.000000e+001
      vertex -2.857342e+001  1.653647e+001  8.500000e+000
    endloop
  endfacet
  facet normal -9.876881e-001  1.564355e-001  0.000000e+000
    outer loop
      vertex -2.857342e+001  1.653647e+001  8.500000e+000
      vertex -2.857342e+001  1.653647e+001  1.000000e+001
      vertex -2.850000e+001  1.700000e+001  1.000000e+001
    endloop
  endfacet
  facet normal -9.876881e-001  1.564355e-001  0.000000e+000
    outer loop
      vertex -2.857342e+001  1.653647e+001  8.500000e+000
      vertex -2.850000e+001  1.700000e+001  1.000000e+001
      vertex -2.850000e+001  1.700000e+001  8.500000e+000
    endloop
  endfacet
  facet normal -1.564335e-001  9.876885e-001  0.000000e+000
    outer loop
      vertex -2.953647e+001  1.557341e+001  1.000000e+001
      vertex -3.000000e+001  1.550000e+001  8.500000e+000
      vertex -3.000000e+001  1.550000e+001  1.000000e+001
    endloop
  endfacet
  facet normal  1.564335e-001  9.876885e-001  0.000000e+000
    outer loop
      vertex -3.000000e+001  1.550000e+001  1.000000e+001
      vertex -3.000000e+001  1.550000e+001  8.500000e+000
      vertex -3.046353e+001  1.557341e+001  8.500000e+000
    endloop
  endfacet
  facet normal  1.564335e-001  9.876885e-001  -0.000000e+000
    outer loop
      vertex -3.000000e+001  1.550000e+001  1.000000e+001
      vertex -3.046353e+001  1.557341e+001  8.500000e+000
      vertex -3.046353e+001  1.557341e+001  1.000000e+001
    endloop
  endfacet
  facet normal  4.539912e-001  8.910062e-001  0.000000e+000
    outer loop
      vertex -3.046353e+001  1.557341e+001  1.000000e+001
      vertex -3.046353e+001  1.557341e+001  8.500000e+000
      vertex -3.088168e+001  1.578647e+001  8.500000e+000
    endloop
  endfacet
  facet normal  4.539912e-001  8.910062e-001  -0.000000e+000
    outer loop
      vertex -3.046353e+001  1.557341e+001  1.000000e+001
      vertex -3.088168e+001  1.578647e+001  8.500000e+000
      vertex -3.088168e+001  1.578647e+001  1.000000e+001
    endloop
  endfacet
  facet normal  7.071068e-001  7.071068e-001  0.000000e+000
    outer loop
      vertex -3.088168e+001  1.578647e+001  1.000000e+001
      vertex -3.088168e+001  1.578647e+001  8.500000e+000
      vertex -3.121353e+001  1.611832e+001  8.500000e+000
    endloop
  endfacet
  facet normal  7.071068e-001  7.071068e-001  -0.000000e+000
    outer loop
      vertex -3.088168e+001  1.578647e+001  1.000000e+001
      vertex -3.121353e+001  1.611832e+001  8.500000e+000
      vertex -3.121353e+001  1.611832e+001  1.000000e+001
    endloop
  endfacet
  facet normal  8.910069e-001  4.539896e-001  0.000000e+000
    outer loop
      vertex -3.121353e+001  1.611832e+001  1.000000e+001
      vertex -3.121353e+001  1.611832e+001  8.500000e+000
      vertex -3.142658e+001  1.653647e+001  8.500000e+000
    endloop
  endfacet
  facet normal  8.910069e-001  4.539896e-001  -0.000000e+000
    outer loop
      vertex -3.121353e+001  1.611832e+001  1.000000e+001
      vertex -3.142658e+001  1.653647e+001  8.500000e+000
      vertex -3.142658e+001  1.653647e+001  1.000000e+001
    endloop
  endfacet
  facet normal  9.876881e-001  1.564355e-001  0.000000e+000
    outer loop
      vertex -3.142658e+001  1.653647e+001  1.000000e+001
      vertex -3.142658e+001  1.653647e+001  8.500000e+000
      vertex -3.150000e+001  1.700000e+001  8.500000e+000
    endloop
  endfacet
  facet normal  9.876881e-001  1.564355e-001  -0.000000e+000
    outer loop
      vertex -3.142658e+001  1.653647e+001  1.000000e+001
      vertex -3.150000e+001  1.700000e+001  8.500000e+000
      vertex -3.150000e+001  1.700000e+001  1.000000e+001
    endloop
  endfacet
  facet normal -1.000000e+000  -0.000000e+000  0.000000e+000
    outer loop
      vertex  2.900000e+001  1.850000e+001  1.000000e+000
      vertex  2.900000e+001  2.000000e+001  1.000000e+000
      vertex  2.900000e+001  1.850000e+001  0.000000e+000
    endloop
  endfacet
  facet normal -1.000000e+000  0.000000e+000  0.000000e+000
    outer loop
      vertex  2.900000e+001  1.850000e+001  0.000000e+000
      vertex  2.900000e+001  2.000000e+001  1.000000e+000
      vertex  2.900000e+001  1.950000e+001  0.000000e+000
    endloop
  endfacet
  facet normal -1.000000e+000  0.000000e+000  0.000000e+000
    outer loop
      vertex  2.900000e+001  2.000000e+001  1.000000e+000
      vertex  2.900000e+001  2.000000e+001 -1.000000e+000
      vertex  2.900000e+001  1.950000e+001  0.000000e+000
    endloop
  endfacet
  facet normal -1.000000e+000  0.000000e+000  0.000000e+000
    outer loop
      vertex  2.900000e+001  1.950000e+001  0.000000e+000
      vertex  2.900000e+001  2.000000e+001 -1.000000e+000
      vertex  2.900000e+001  1.950000e+001 -1.000000e+000
    endloop
  endfacet
  facet normal  1.000000e+000  0.000000e+000  0.000000e+000
    outer loop
      vertex  2.700000e+001  1.850000e+001  0.000000e+000
      vertex  2.700000e+001  1.950000e+001  0.000000e+000
      vertex  2.700000e+001  1.850000e+001  1.000000e+000
    endloop
  endfacet
  facet normal  1.000000e+000  -0.000000e+000  0.000000e+000
    outer loop
      vertex  2.700000e+001  1.850000e+001  1.000000e+000
      vertex  2.700000e+001  1.950000e+001  0.000000e+000
      vertex  2.700000e+001  2.000000e+001  1.000000e+000
    endloop
  endfacet
  facet normal  1.000000e+000  0.000000e+000  0.000000e+000
    outer loop
      vertex  2.700000e+001  1.950000e+001  0.000000e+000
      vertex  2.700000e+001  1.950000e+001 -1.000000e+000
      vertex  2.700000e+001  2.000000e+001  1.000000e+000
    endloop
  endfacet
  facet normal  1.000000e+000  0.000000e+000  0.000000e+000
    outer loop
      vertex  2.700000e+001  2.000000e+001  1.000000e+000
      vertex  2.700000e+001  1.950000e+001 -1.000000e+000
      vertex  2.700000e+001  2.000000e+001 -1.000000e+000
    endloop
  endfacet
  facet normal  0.000000e+000  0.000000e+000 -1.000000e+000
    outer loop
      vertex  2.700000e+001  2.000000e+001 -1.000000e+000
      vertex -3.508537e+001  1.993123e+001 -1.000000e+000
      vertex -3.400000e+001  2.000000e+001 -1.000000e+000
    endloop
  endfacet
  facet normal  0.000000e+000  -0.000000e+000 -1.000000e+000
    outer loop
      vertex -3.615338e+001  1.972604e+001 -1.000000e+000
      vertex -3.508537e+001  1.993123e+001 -1.000000e+000
      vertex  2.700000e+001  2.000000e+001 -1.000000e+000
    endloop
  endfacet
  facet normal  0.000000e+000  -0.000000e+000 -1.000000e+000
    outer loop
      vertex -3.615338e+001  1.972604e+001 -1.000000e+000
      vertex  2.700000e+001  2.000000e+001 -1.000000e+000
      vertex  2.700000e+001  1.950000e+001 -1.000000e+000
    endloop
  endfacet
  facet normal  0.000000e+000  0.000000e+000 -1.000000e+000
    outer loop
      vertex -3.615338e+001  1.972604e+001 -1.000000e+000
      vertex  2.700000e+001  1.950000e+001 -1.000000e+000
      vertex -3.400000e+001  1.950000e+001 -1.000000e+000
    endloop
  endfacet
  facet normal  -0.000000e+000  0.000000e+000 -1.000000e+000
    outer loop
      vertex -3.615338e+001  1.972604e+001 -1.000000e+000
      vertex -3.400000e+001  1.950000e+001 -1.000000e+000
      vertex -3.502227e+001  1.943523e+001 -1.000000e+000
    endloop
  endfacet
  facet normal  -0.000000e+000  0.000000e+000 -1.000000e+000
    outer loop
      vertex -3.615338e+001  1.972604e+001 -1.000000e+000
      vertex -3.502227e+001  1.943523e+001 -1.000000e+000
      vertex -3.718695e+001  1.938770e+001 -1.000000e+000
    endloop
  endfacet
  facet normal  0.000000e+000  0.000000e+000 -1.000000e+000
    outer loop
      vertex -4.135617e+001  1.479070e+001 -1.000000e+000
      vertex -4.181025e+001  1.500000e+001 -1.000000e+000
      vertex -4.086942e+001  1.569198e+001 -1.000000e+000
    endloop
  endfacet
  facet normal  -0.000000e+000  0.000000e+000 -9.999999e-001
    outer loop
      vertex -4.086942e+001  1.569198e+001 -1.000000e+000
      vertex -4.181025e+001  1.500000e+001 -1.000000e+000
      vertex -4.129346e+001  1.595691e+001 -1.000000e+000
    endloop
  endfacet
  facet normal  0.000000e+000  0.000000e+000 -1.000000e+000
    outer loop
      vertex -4.086942e+001  1.569198e+001 -1.000000e+000
      vertex -4.129346e+001  1.595691e+001 -1.000000e+000
      vertex -4.027282e+001  1.652462e+001 -1.000000e+000
    endloop
  endfacet
  facet normal  -0.000000e+000  0.000000e+000 -1.000000e+000
    outer loop
      vertex -4.027282e+001  1.652462e+001 -1.000000e+000
      vertex -4.129346e+001  1.595691e+001 -1.000000e+000
      vertex -4.066003e+001  1.684095e+001 -1.000000e+000
    endloop
  endfacet
  facet normal  0.000000e+000  0.000000e+000 -1.000000e+000
    outer loop
      vertex -4.027282e+001  1.652462e+001 -1.000000e+000
      vertex -4.066003e+001  1.684095e+001 -1.000000e+000
      vertex -3.957591e+001  1.727531e+001 -1.000000e+000
    endloop
  endfacet
  facet normal  -0.000000e+000  0.000000e+000 -1.000000e+000
    outer loop
      vertex -3.957591e+001  1.727531e+001 -1.000000e+000
      vertex -4.066003e+001  1.684095e+001 -1.000000e+000
      vertex -3.992010e+001  1.763798e+001 -1.000000e+000
    endloop
  endfacet
  facet normal  0.000000e+000  0.000000e+000 -1.000000e+000
    outer loop
      vertex -3.957591e+001  1.727531e+001 -1.000000e+000
      vertex -3.992010e+001  1.763798e+001 -1.000000e+000
      vertex -3.878983e+001  1.793204e+001 -1.000000e+000
    endloop
  endfacet
  facet normal  0.000000e+000  0.000000e+000 -9.999999e-001
    outer loop
      vertex -3.878983e+001  1.793204e+001 -1.000000e+000
      vertex -3.992010e+001  1.763798e+001 -1.000000e+000
      vertex -3.792715e+001  1.848431e+001 -1.000000e+000
    endloop
  endfacet
  facet normal  0.000000e+000  0.000000e+000 -1.000000e+000
    outer loop
      vertex -3.792715e+001  1.848431e+001 -1.000000e+000
      vertex -3.992010e+001  1.763798e+001 -1.000000e+000
      vertex -3.908549e+001  1.833525e+001 -1.000000e+000
    endloop
  endfacet
  facet normal  0.000000e+000  0.000000e+000 -9.999999e-001
    outer loop
      vertex -3.792715e+001  1.848431e+001 -1.000000e+000
      vertex -3.908549e+001  1.833525e+001 -1.000000e+000
      vertex -3.700167e+001  1.892330e+001 -1.000000e+000
    endloop
  endfacet
  facet normal  0.000000e+000  0.000000e+000 -1.000000e+000
    outer loop
      vertex -3.700167e+001  1.892330e+001 -1.000000e+000
      vertex -3.908549e+001  1.833525e+001 -1.000000e+000
      vertex -3.816957e+001  1.892162e+001 -1.000000e+000
    endloop
  endfacet
  facet normal  0.000000e+000  0.000000e+000 -1.000000e+000
    outer loop
      vertex -3.700167e+001  1.892330e+001 -1.000000e+000
      vertex -3.816957e+001  1.892162e+001 -1.000000e+000
      vertex -3.602818e+001  1.924197e+001 -1.000000e+000
    endloop
  endfacet
  facet normal  -0.000000e+000  0.000000e+000 -1.000000e+000
    outer loop
      vertex -3.602818e+001  1.924197e+001 -1.000000e+000
      vertex -3.816957e+001  1.892162e+001 -1.000000e+000
      vertex -3.718695e+001  1.938770e+001 -1.000000e+000
    endloop
  endfacet
  facet normal  0.000000e+000  0.000000e+000 -1.000000e+000
    outer loop
      vertex -3.602818e+001  1.924197e+001 -1.000000e+000
      vertex -3.718695e+001  1.938770e+001 -1.000000e+000
      vertex -3.502227e+001  1.943523e+001 -1.000000e+000
    endloop
  endfacet
  facet normal  -0.000000e+000  -0.000000e+000 -9.999999e-001
    outer loop
      vertex  2.900000e+001  2.000000e+001 -1.000000e+000
      vertex  3.400000e+001  2.000000e+001 -1.000000e+000
      vertex  3.508537e+001  1.993123e+001 -1.000000e+000
    endloop
  endfacet
  facet normal  0.000000e+000  0.000000e+000 -1.000000e+000
    outer loop
      vertex  4.181025e+001  1.500000e+001 -1.000000e+000
      vertex  4.135617e+001  1.479070e+001 -1.000000e+000
      vertex  4.129346e+001  1.595691e+001 -1.000000e+000
    endloop
  endfacet
  facet normal  0.000000e+000  -0.000000e+000 -1.000000e+000
    outer loop
      vertex  4.129346e+001  1.595691e+001 -1.000000e+000
      vertex  4.135617e+001  1.479070e+001 -1.000000e+000
      vertex  4.086942e+001  1.569198e+001 -1.000000e+000
    endloop
  endfacet
  facet normal  0.000000e+000  0.000000e+000 -1.000000e+000
    outer loop
      vertex  4.129346e+001  1.595691e+001 -1.000000e+000
      vertex  4.086942e+001  1.569198e+001 -1.000000e+000
      vertex  4.066003e+001  1.684095e+001 -1.000000e+000
    endloop
  endfacet
  facet normal  0.000000e+000  -0.000000e+000 -1.000000e+000
    outer loop
      vertex  4.066003e+001  1.684095e+001 -1.000000e+000
      vertex  4.086942e+001  1.569198e+001 -1.000000e+000
      vertex  4.027282e+001  1.652462e+001 -1.000000e+000
    endloop
  endfacet
  facet normal  0.000000e+000  0.000000e+000 -1.000000e+000
    outer loop
      vertex  4.066003e+001  1.684095e+001 -1.000000e+000
      vertex  4.027282e+001  1.652462e+001 -1.000000e+000
      vertex  3.992010e+001  1.763798e+001 -1.000000e+000
    endloop
  endfacet
  facet normal  0.000000e+000  -0.000000e+000 -1.000000e+000
    outer loop
      vertex  3.992010e+001  1.763798e+001 -1.000000e+000
      vertex  4.027282e+001  1.652462e+001 -1.000000e+000
      vertex  3.957591e+001  1.727531e+001 -1.000000e+000
    endloop
  endfacet
  facet normal  0.000000e+000  0.000000e+000 -1.000000e+000
    outer loop
      vertex  3.992010e+001  1.763798e+001 -1.000000e+000
      vertex  3.957591e+001  1.727531e+001 -1.000000e+000
      vertex  3.878983e+001  1.793204e+001 -1.000000e+000
    endloop
  endfacet
  facet normal  0.000000e+000  0.000000e+000 -1.000000e+000
    outer loop
      vertex  3.992010e+001  1.763798e+001 -1.000000e+000
      vertex  3.878983e+001  1.793204e+001 -1.000000e+000
      vertex  3.908549e+001  1.833525e+001 -1.000000e+000
    endloop
  endfacet
  facet normal  -0.000000e+000  0.000000e+000 -1.000000e+000
    outer loop
      vertex  3.908549e+001  1.833525e+001 -1.000000e+000
      vertex  3.878983e+001  1.793204e+001 -1.000000e+000
      vertex  3.792715e+001  1.848431e+001 -1.000000e+000
    endloop
  endfacet
  facet normal  0.000000e+000  0.000000e+000 -1.000000e+000
    outer loop
      vertex  3.908549e+001  1.833525e+001 -1.000000e+000
      vertex  3.792715e+001  1.848431e+001 -1.000000e+000
      vertex  3.816957e+001  1.892162e+001 -1.000000e+000
    endloop
  endfacet
  facet normal  -0.000000e+000  0.000000e+000 -1.000000e+000
    outer loop
      vertex  3.816957e+001  1.892162e+001 -1.000000e+000
      vertex  3.792715e+001  1.848431e+001 -1.000000e+000
      vertex  3.700167e+001  1.892330e+001 -1.000000e+000
    endloop
  endfacet
  facet normal  0.000000e+000  0.000000e+000 -1.000000e+000
    outer loop
      vertex  3.816957e+001  1.892162e+001 -1.000000e+000
      vertex  3.700167e+001  1.892330e+001 -1.000000e+000
      vertex  3.718695e+001  1.938770e+001 -1.000000e+000
    endloop
  endfacet
  facet normal  0.000000e+000  0.000000e+000 -1.000000e+000
    outer loop
      vertex  3.718695e+001  1.938770e+001 -1.000000e+000
      vertex  3.700167e+001  1.892330e+001 -1.000000e+000
      vertex  3.602818e+001  1.924197e+001 -1.000000e+000
    endloop
  endfacet
  facet normal  0.000000e+000  0.000000e+000 -1.000000e+000
    outer loop
      vertex  3.718695e+001  1.938770e+001 -1.000000e+000
      vertex  3.602818e+001  1.924197e+001 -1.000000e+000
      vertex  3.502227e+001  1.943523e+001 -1.000000e+000
    endloop
  endfacet
  facet normal  -0.000000e+000  0.000000e+000 -1.000000e+000
    outer loop
      vertex  2.900000e+001  2.000000e+001 -1.000000e+000
      vertex  3.508537e+001  1.993123e+001 -1.000000e+000
      vertex  2.900000e+001  1.950000e+001 -1.000000e+000
    endloop
  endfacet
  facet normal  0.000000e+000  0.000000e+000 -1.000000e+000
    outer loop
      vertex  2.900000e+001  1.950000e+001 -1.000000e+000
      vertex  3.508537e+001  1.993123e+001 -1.000000e+000
      vertex  3.615338e+001  1.972604e+001 -1.000000e+000
    endloop
  endfacet
  facet normal  0.000000e+000  0.000000e+000 -1.000000e+000
    outer loop
      vertex  2.900000e+001  1.950000e+001 -1.000000e+000
      vertex  3.615338e+001  1.972604e+001 -1.000000e+000
      vertex  3.400000e+001  1.950000e+001 -1.000000e+000
    endloop
  endfacet
  facet normal  0.000000e+000  0.000000e+000 -1.000000e+000
    outer loop
      vertex  3.502227e+001  1.943523e+001 -1.000000e+000
      vertex  3.400000e+001  1.950000e+001 -1.000000e+000
      vertex  3.718695e+001  1.938770e+001 -1.000000e+000
    endloop
  endfacet
  facet normal  0.000000e+000  0.000000e+000 -9.999999e-001
    outer loop
      vertex  3.718695e+001  1.938770e+001 -1.000000e+000
      vertex  3.400000e+001  1.950000e+001 -1.000000e+000
      vertex  3.615338e+001  1.972604e+001 -1.000000e+000
    endloop
  endfacet
  facet normal  -0.000000e+000  0.000000e+000 -1.000000e+000
    outer loop
      vertex -3.582154e+001  1.722168e+001  0.000000e+000
      vertex -3.667995e+001  1.687977e+001  0.000000e+000
      vertex -3.999188e+001  1.685044e+001  0.000000e+000
    endloop
  endfacet
  facet normal  0.000000e+000  0.000000e+000 -1.000000e+000
    outer loop
      vertex -3.400000e+001  1.850000e+001  0.000000e+000
      vertex -3.400000e+001  1.750000e+001  0.000000e+000
      vertex -3.918029e+001  1.762693e+001  0.000000e+000
    endloop
  endfacet
  facet normal  0.000000e+000  0.000000e+000 -1.000000e+000
    outer loop
      vertex -3.400000e+001  1.850000e+001  0.000000e+000
      vertex -3.918029e+001  1.762693e+001  0.000000e+000
      vertex -3.826907e+001  1.828368e+001  0.000000e+000
    endloop
  endfacet
  facet normal  0.000000e+000  0.000000e+000 -1.000000e+000
    outer loop
      vertex -3.400000e+001  1.850000e+001  0.000000e+000
      vertex -3.826907e+001  1.828368e+001  0.000000e+000
      vertex -3.727578e+001  1.880806e+001  0.000000e+000
    endloop
  endfacet
  facet normal  0.000000e+000  0.000000e+000 -1.000000e+000
    outer loop
      vertex -3.400000e+001  1.850000e+001  0.000000e+000
      vertex -3.727578e+001  1.880806e+001  0.000000e+000
      vertex  2.700000e+001  1.850000e+001  0.000000e+000
    endloop
  endfacet
  facet normal -2.676721e-015  2.428853e-015 -1.000000e+000
    outer loop
      vertex -3.881491e+001  1.514521e+001  0.000000e+000
      vertex -3.937500e+001  1.562500e+001  2.664535e-015
      vertex -3.819400e+001  1.582948e+001  0.000000e+000
    endloop
  endfacet
  facet normal  0.000000e+000 -1.303053e-014 -1.000000e+000
    outer loop
      vertex -3.819400e+001  1.582948e+001  0.000000e+000
      vertex -3.937500e+001  1.562500e+001  2.664535e-015
      vertex -4.062500e+001  1.562500e+001  2.664535e-015
    endloop
  endfacet
  facet normal -4.380472e-016 -7.822834e-015 -1.000000e+000
    outer loop
      vertex -3.819400e+001  1.582948e+001  0.000000e+000
      vertex -4.062500e+001  1.562500e+001  2.664535e-015
      vertex -4.068826e+001  1.596915e+001  0.000000e+000
    endloop
  endfacet
  facet normal  2.038177e-010  3.745852e-011 -1.000000e+000
    outer loop
      vertex -4.068826e+001  1.596915e+001  0.000000e+000
      vertex -4.062500e+001  1.562500e+001  2.664535e-015
      vertex -4.062500e+001  1.500000e+001 -2.340891e-011
    endloop
  endfacet
  facet normal -3.709629e-011  2.173248e-011 -1.000000e+000
    outer loop
      vertex -4.068826e+001  1.596915e+001  0.000000e+000
      vertex -4.062500e+001  1.500000e+001 -2.340891e-011
      vertex -4.125603e+001  1.500000e+001  0.000000e+000
    endloop
  endfacet
  facet normal  0.000000e+000  0.000000e+000 -9.999999e-001
    outer loop
      vertex  2.700000e+001  1.950000e+001  0.000000e+000
      vertex  2.700000e+001  1.850000e+001  0.000000e+000
      vertex -3.400000e+001  1.950000e+001  0.000000e+000
    endloop
  endfacet
  facet normal  0.000000e+000  -0.000000e+000 -1.000000e+000
    outer loop
      vertex -3.400000e+001  1.950000e+001  0.000000e+000
      vertex  2.700000e+001  1.850000e+001  0.000000e+000
      vertex -3.512051e+001  1.942212e+001  0.000000e+000
    endloop
  endfacet
  facet normal  0.000000e+000  0.000000e+000 -9.999999e-001
    outer loop
      vertex  2.700000e+001  1.850000e+001  0.000000e+000
      vertex -3.727578e+001  1.880806e+001  0.000000e+000
      vertex -3.512051e+001  1.942212e+001  0.000000e+000
    endloop
  endfacet
  facet normal  0.000000e+000  0.000000e+000 -9.999999e-001
    outer loop
      vertex -3.512051e+001  1.942212e+001  0.000000e+000
      vertex -3.727578e+001  1.880806e+001  0.000000e+000
      vertex -3.621949e+001  1.918999e+001  0.000000e+000
    endloop
  endfacet
  facet normal  0.000000e+000  0.000000e+000 -9.999999e-001
    outer loop
      vertex -3.400000e+001  1.750000e+001  0.000000e+000
      vertex -3.492134e+001  1.743002e+001  0.000000e+000
      vertex -3.918029e+001  1.762693e+001  0.000000e+000
    endloop
  endfacet
  facet normal  0.000000e+000  0.000000e+000 -1.000000e+000
    outer loop
      vertex -3.918029e+001  1.762693e+001  0.000000e+000
      vertex -3.492134e+001  1.743002e+001  0.000000e+000
      vertex -3.582154e+001  1.722168e+001  0.000000e+000
    endloop
  endfacet
  facet normal  -0.000000e+000  0.000000e+000 -1.000000e+000
    outer loop
      vertex -3.918029e+001  1.762693e+001  0.000000e+000
      vertex -3.582154e+001  1.722168e+001  0.000000e+000
      vertex -3.999188e+001  1.685044e+001  0.000000e+000
    endloop
  endfacet
  facet normal  0.000000e+000  0.000000e+000 -1.000000e+000
    outer loop
      vertex -3.819400e+001  1.582948e+001  0.000000e+000
      vertex -4.068826e+001  1.596915e+001  0.000000e+000
      vertex -3.747686e+001  1.641213e+001  0.000000e+000
    endloop
  endfacet
  facet normal  -0.000000e+000  0.000000e+000 -1.000000e+000
    outer loop
      vertex -3.747686e+001  1.641213e+001  0.000000e+000
      vertex -4.068826e+001  1.596915e+001  0.000000e+000
      vertex -3.999188e+001  1.685044e+001  0.000000e+000
    endloop
  endfacet
  facet normal  0.000000e+000  0.000000e+000 -1.000000e+000
    outer loop
      vertex -3.747686e+001  1.641213e+001  0.000000e+000
      vertex -3.999188e+001  1.685044e+001  0.000000e+000
      vertex -3.667995e+001  1.687977e+001  0.000000e+000
    endloop
  endfacet
  facet normal -1.929621e-015  1.278810e-015 -1.000000e+000
    outer loop
      vertex -3.932535e+001  1.437500e+001  0.000000e+000
      vertex -3.937500e+001  1.437500e+001  9.580236e-017
      vertex -3.881491e+001  1.514521e+001  0.000000e+000
    endloop
  endfacet
  facet normal -2.996990e-015  2.054986e-015 -1.000000e+000
    outer loop
      vertex -3.881491e+001  1.514521e+001  0.000000e+000
      vertex -3.937500e+001  1.437500e+001  9.580236e-017
      vertex -3.937500e+001  1.562500e+001  2.664535e-015
    endloop
  endfacet
  facet normal  0.000000e+000  0.000000e+000 -1.000000e+000
    outer loop
      vertex  3.400000e+001  1.850000e+001  0.000000e+000
      vertex  2.900000e+001  1.850000e+001  0.000000e+000
      vertex  3.727578e+001  1.880806e+001  0.000000e+000
    endloop
  endfacet
  facet normal  0.000000e+000  -0.000000e+000 -1.000000e+000
    outer loop
      vertex  3.400000e+001  1.850000e+001  0.000000e+000
      vertex  3.727578e+001  1.880806e+001  0.000000e+000
      vertex  3.826907e+001  1.828368e+001  0.000000e+000
    endloop
  endfacet
  facet normal  -0.000000e+000  -0.000000e+000 -1.000000e+000
    outer loop
      vertex  3.400000e+001  1.850000e+001  0.000000e+000
      vertex  3.826907e+001  1.828368e+001  0.000000e+000
      vertex  3.918029e+001  1.762693e+001  0.000000e+000
    endloop
  endfacet
  facet normal  -0.000000e+000  0.000000e+000 -1.000000e+000
    outer loop
      vertex  3.400000e+001  1.850000e+001  0.000000e+000
      vertex  3.918029e+001  1.762693e+001  0.000000e+000
      vertex  3.400000e+001  1.750000e+001  0.000000e+000
    endloop
  endfacet
  facet normal  0.000000e+000  0.000000e+000 -1.000000e+000
    outer loop
      vertex  2.900000e+001  1.850000e+001  0.000000e+000
      vertex  2.900000e+001  1.950000e+001  0.000000e+000
      vertex  3.400000e+001  1.950000e+001  0.000000e+000
    endloop
  endfacet
  facet normal  0.000000e+000  -0.000000e+000 -1.000000e+000
    outer loop
      vertex  2.900000e+001  1.850000e+001  0.000000e+000
      vertex  3.400000e+001  1.950000e+001  0.000000e+000
      vertex  3.512051e+001  1.942212e+001  0.000000e+000
    endloop
  endfacet
  facet normal  0.000000e+000  -0.000000e+000 -1.000000e+000
    outer loop
      vertex  2.900000e+001  1.850000e+001  0.000000e+000
      vertex  3.512051e+001  1.942212e+001  0.000000e+000
      vertex  3.621949e+001  1.918999e+001  0.000000e+000
    endloop
  endfacet
  facet normal  0.000000e+000  -0.000000e+000 -1.000000e+000
    outer loop
      vertex  2.900000e+001  1.850000e+001  0.000000e+000
      vertex  3.621949e+001  1.918999e+001  0.000000e+000
      vertex  3.727578e+001  1.880806e+001  0.000000e+000
    endloop
  endfacet
  facet normal  0.000000e+000  0.000000e+000 -1.000000e+000
    outer loop
      vertex  3.819400e+001  1.582948e+001  0.000000e+000
      vertex  3.747686e+001  1.641213e+001  0.000000e+000
      vertex  4.068826e+001  1.596915e+001  0.000000e+000
    endloop
  endfacet
  facet normal  4.380472e-016 -7.822834e-015 -1.000000e+000
    outer loop
      vertex  3.819400e+001  1.582948e+001  0.000000e+000
      vertex  4.068826e+001  1.596915e+001  0.000000e+000
      vertex  4.062500e+001  1.562500e+001  2.664535e-015
    endloop
  endfacet
  facet normal  2.309264e-015  1.442302e-014 -1.000000e+000
    outer loop
      vertex  3.819400e+001  1.582948e+001  0.000000e+000
      vertex  4.062500e+001  1.562500e+001  2.664535e-015
      vertex  3.937500e+001  1.562500e+001 -2.220446e-016
    endloop
  endfacet
  facet normal -2.230601e-016 -2.024044e-016 -1.000000e+000
    outer loop
      vertex  3.819400e+001  1.582948e+001  0.000000e+000
      vertex  3.937500e+001  1.562500e+001 -2.220446e-016
      vertex  3.881491e+001  1.514521e+001  0.000000e+000
    endloop
  endfacet
  facet normal  0.000000e+000  0.000000e+000 -9.999999e-001
    outer loop
      vertex  3.400000e+001  1.750000e+001  0.000000e+000
      vertex  3.918029e+001  1.762693e+001  0.000000e+000
      vertex  3.492134e+001  1.743002e+001  0.000000e+000
    endloop
  endfacet
  facet normal  0.000000e+000  0.000000e+000 -1.000000e+000
    outer loop
      vertex  3.492134e+001  1.743002e+001  0.000000e+000
      vertex  3.918029e+001  1.762693e+001  0.000000e+000
      vertex  3.999188e+001  1.685044e+001  0.000000e+000
    endloop
  endfacet
  facet normal  0.000000e+000  0.000000e+000 -1.000000e+000
    outer loop
      vertex  3.492134e+001  1.743002e+001  0.000000e+000
      vertex  3.999188e+001  1.685044e+001  0.000000e+000
      vertex  3.582154e+001  1.722168e+001  0.000000e+000
    endloop
  endfacet
  facet normal  0.000000e+000  0.000000e+000 -1.000000e+000
    outer loop
      vertex  3.582154e+001  1.722168e+001  0.000000e+000
      vertex  3.999188e+001  1.685044e+001  0.000000e+000
      vertex  3.667995e+001  1.687977e+001  0.000000e+000
    endloop
  endfacet
  facet normal  0.000000e+000  0.000000e+000 -1.000000e+000
    outer loop
      vertex  3.667995e+001  1.687977e+001  0.000000e+000
      vertex  3.999188e+001  1.685044e+001  0.000000e+000
      vertex  4.068826e+001  1.596915e+001  0.000000e+000
    endloop
  endfacet
  facet normal  0.000000e+000  0.000000e+000 -1.000000e+000
    outer loop
      vertex  3.667995e+001  1.687977e+001  0.000000e+000
      vertex  4.068826e+001  1.596915e+001  0.000000e+000
      vertex  3.747686e+001  1.641213e+001  0.000000e+000
    endloop
  endfacet
  facet normal  0.000000e+000  0.000000e+000 -1.000000e+000
    outer loop
      vertex  3.932535e+001  1.437500e+001  0.000000e+000
      vertex  3.881491e+001  1.514521e+001  0.000000e+000
      vertex  3.937500e+001  1.437500e+001  0.000000e+000
    endloop
  endfacet
  facet normal -2.442779e-016 -1.776357e-016 -1.000000e+000
    outer loop
      vertex  3.937500e+001  1.437500e+001  0.000000e+000
      vertex  3.881491e+001  1.514521e+001  0.000000e+000
      vertex  3.937500e+001  1.562500e+001 -2.220446e-016
    endloop
  endfacet
  facet normal  2.063663e-010 -3.794250e-011 -1.000000e+000
    outer loop
      vertex  4.062500e+001  1.562500e+001  2.664535e-015
      vertex  4.068826e+001  1.596915e+001  0.000000e+000
      vertex  4.062500e+001  1.500000e+001  2.371673e-011
    endloop
  endfacet
  facet normal -3.758409e-011 -2.201826e-011 -1.000000e+000
    outer loop
      vertex  4.062500e+001  1.500000e+001  2.371673e-011
      vertex  4.068826e+001  1.596915e+001  0.000000e+000
      vertex  4.125603e+001  1.500000e+001  0.000000e+000
    endloop
  endfacet
  facet normal  0.000000e+000 -9.999999e-001  0.000000e+000
    outer loop
      vertex -3.400000e+001  1.950000e+001 -1.000000e+000
      vertex  2.700000e+001  1.950000e+001 -1.000000e+000
      vertex -3.400000e+001  1.950000e+001  0.000000e+000
    endloop
  endfacet
  facet normal  0.000000e+000 -9.999999e-001  0.000000e+000
    outer loop
      vertex -3.400000e+001  1.950000e+001  0.000000e+000
      vertex  2.700000e+001  1.950000e+001 -1.000000e+000
      vertex  2.700000e+001  1.950000e+001  0.000000e+000
    endloop
  endfacet
  facet normal  0.000000e+000 -1.000000e+000  0.000000e+000
    outer loop
      vertex  2.900000e+001  1.950000e+001 -1.000000e+000
      vertex  3.400000e+001  1.950000e+001 -1.000000e+000
      vertex  2.900000e+001  1.950000e+001  0.000000e+000
    endloop
  endfacet
  facet normal  0.000000e+000 -1.000000e+000  0.000000e+000
    outer loop
      vertex  2.900000e+001  1.950000e+001  0.000000e+000
      vertex  3.400000e+001  1.950000e+001 -1.000000e+000
      vertex  3.400000e+001  1.950000e+001  0.000000e+000
    endloop
  endfacet
  facet normal  -0.000000e+000  1.000000e+000  0.000000e+000
    outer loop
      vertex  2.900000e+001  2.000000e+001 -1.000000e+000
      vertex  2.942658e+001  2.000000e+001  3.536474e+000
      vertex  2.950000e+001  2.000000e+001  4.000000e+000
    endloop
  endfacet
  facet normal  0.000000e+000  1.000000e+000  0.000000e+000
    outer loop
      vertex  2.700000e+001  2.000000e+001 -1.000000e+000
      vertex -3.400000e+001  2.000000e+001 -1.000000e+000
      vertex  2.650000e+001  2.000000e+001  4.000000e+000
    endloop
  endfacet
  facet normal  0.000000e+000  1.000000e+000  0.000000e+000
    outer loop
      vertex  2.700000e+001  2.000000e+001 -1.000000e+000
      vertex  2.650000e+001  2.000000e+001  4.000000e+000
      vertex  2.657342e+001  2.000000e+001  3.536474e+000
    endloop
  endfacet
  facet normal  0.000000e+000  9.999999e-001  0.000000e+000
    outer loop
      vertex  2.700000e+001  2.000000e+001 -1.000000e+000
      vertex  2.657342e+001  2.000000e+001  3.536474e+000
      vertex  2.678647e+001  2.000000e+001  3.118322e+000
    endloop
  endfacet
  facet normal  0.000000e+000  1.000000e+000  0.000000e+000
    outer loop
      vertex  2.700000e+001  2.000000e+001 -1.000000e+000
      vertex  2.678647e+001  2.000000e+001  3.118322e+000
      vertex  2.700000e+001  2.000000e+001  1.000000e+000
    endloop
  endfacet
  facet normal  -0.000000e+000  1.000000e+000  0.000000e+000
    outer loop
      vertex -3.400000e+001  2.000000e+001 -1.000000e+000
      vertex -3.400000e+001  2.000000e+001  1.000000e+001
      vertex  3.400000e+001  2.000000e+001  1.000000e+001
    endloop
  endfacet
  facet normal  0.000000e+000  9.999999e-001  0.000000e+000
    outer loop
      vertex -3.400000e+001  2.000000e+001 -1.000000e+000
      vertex  3.400000e+001  2.000000e+001  1.000000e+001
      vertex  2.711832e+001  2.000000e+001  5.213525e+000
    endloop
  endfacet
  facet normal  0.000000e+000  1.000000e+000  0.000000e+000
    outer loop
      vertex -3.400000e+001  2.000000e+001 -1.000000e+000
      vertex  2.711832e+001  2.000000e+001  5.213525e+000
      vertex  2.678647e+001  2.000000e+001  4.881678e+000
    endloop
  endfacet
  facet normal  0.000000e+000  1.000000e+000  0.000000e+000
    outer loop
      vertex -3.400000e+001  2.000000e+001 -1.000000e+000
      vertex  2.678647e+001  2.000000e+001  4.881678e+000
      vertex  2.657342e+001  2.000000e+001  4.463525e+000
    endloop
  endfacet
  facet normal  0.000000e+000  1.000000e+000  0.000000e+000
    outer loop
      vertex -3.400000e+001  2.000000e+001 -1.000000e+000
      vertex  2.657342e+001  2.000000e+001  4.463525e+000
      vertex  2.650000e+001  2.000000e+001  4.000000e+000
    endloop
  endfacet
  facet normal  0.000000e+000  9.999999e-001  0.000000e+000
    outer loop
      vertex  2.921353e+001  2.000000e+001  3.118322e+000
      vertex  2.942658e+001  2.000000e+001  3.536474e+000
      vertex  2.900000e+001  2.000000e+001 -1.000000e+000
    endloop
  endfacet
  facet normal  0.000000e+000  9.999999e-001  0.000000e+000
    outer loop
      vertex  2.921353e+001  2.000000e+001  3.118322e+000
      vertex  2.900000e+001  2.000000e+001 -1.000000e+000
      vertex  2.900000e+001  2.000000e+001  1.000000e+000
    endloop
  endfacet
  facet normal  0.000000e+000  9.999999e-001  -0.000000e+000
    outer loop
      vertex  2.921353e+001  2.000000e+001  3.118322e+000
      vertex  2.900000e+001  2.000000e+001  1.000000e+000
      vertex  2.892388e+001  2.000000e+001  1.382683e+000
    endloop
  endfacet
  facet normal  0.000000e+000  1.000000e+000  -0.000000e+000
    outer loop
      vertex  2.921353e+001  2.000000e+001  3.118322e+000
      vertex  2.892388e+001  2.000000e+001  1.382683e+000
      vertex  2.888168e+001  2.000000e+001  2.786474e+000
    endloop
  endfacet
  facet normal  0.000000e+000  9.999999e-001  -0.000000e+000
    outer loop
      vertex  3.400000e+001  2.000000e+001  1.000000e+001
      vertex  3.400000e+001  2.000000e+001 -1.000000e+000
      vertex  2.900000e+001  2.000000e+001 -1.000000e+000
    endloop
  endfacet
  facet normal  0.000000e+000  1.000000e+000  0.000000e+000
    outer loop
      vertex  3.400000e+001  2.000000e+001  1.000000e+001
      vertex  2.900000e+001  2.000000e+001 -1.000000e+000
      vertex  2.950000e+001  2.000000e+001  4.000000e+000
    endloop
  endfacet
  facet normal  0.000000e+000  1.000000e+000  -0.000000e+000
    outer loop
      vertex  3.400000e+001  2.000000e+001  1.000000e+001
      vertex  2.950000e+001  2.000000e+001  4.000000e+000
      vertex  2.942658e+001  2.000000e+001  4.463525e+000
    endloop
  endfacet
  facet normal  0.000000e+000  9.999999e-001  -0.000000e+000
    outer loop
      vertex  3.400000e+001  2.000000e+001  1.000000e+001
      vertex  2.942658e+001  2.000000e+001  4.463525e+000
      vertex  2.921353e+001  2.000000e+001  4.881678e+000
    endloop
  endfacet
  facet normal  0.000000e+000  1.000000e+000  -0.000000e+000
    outer loop
      vertex  3.400000e+001  2.000000e+001  1.000000e+001
      vertex  2.921353e+001  2.000000e+001  4.881678e+000
      vertex  2.888168e+001  2.000000e+001  5.213525e+000
    endloop
  endfacet
  facet normal  0.000000e+000  1.000000e+000  -0.000000e+000
    outer loop
      vertex  3.400000e+001  2.000000e+001  1.000000e+001
      vertex  2.888168e+001  2.000000e+001  5.213525e+000
      vertex  2.846353e+001  2.000000e+001  5.426585e+000
    endloop
  endfacet
  facet normal  0.000000e+000  1.000000e+000  -0.000000e+000
    outer loop
      vertex  3.400000e+001  2.000000e+001  1.000000e+001
      vertex  2.846353e+001  2.000000e+001  5.426585e+000
      vertex  2.800000e+001  2.000000e+001  5.500000e+000
    endloop
  endfacet
  facet normal  0.000000e+000  9.999999e-001  -0.000000e+000
    outer loop
      vertex  3.400000e+001  2.000000e+001  1.000000e+001
      vertex  2.800000e+001  2.000000e+001  5.500000e+000
      vertex  2.753647e+001  2.000000e+001  5.426585e+000
    endloop
  endfacet
  facet normal  0.000000e+000  1.000000e+000  -0.000000e+000
    outer loop
      vertex  3.400000e+001  2.000000e+001  1.000000e+001
      vertex  2.753647e+001  2.000000e+001  5.426585e+000
      vertex  2.711832e+001  2.000000e+001  5.213525e+000
    endloop
  endfacet
  facet normal  0.000000e+000  9.999999e-001  0.000000e+000
    outer loop
      vertex  2.700000e+001  2.000000e+001  1.000000e+000
      vertex  2.678647e+001  2.000000e+001  3.118322e+000
      vertex  2.707612e+001  2.000000e+001  1.382683e+000
    endloop
  endfacet
  facet normal  0.000000e+000  1.000000e+000  -0.000000e+000
    outer loop
      vertex  2.707612e+001  2.000000e+001  1.382683e+000
      vertex  2.678647e+001  2.000000e+001  3.118322e+000
      vertex  2.711832e+001  2.000000e+001  2.786474e+000
    endloop
  endfacet
  facet normal  0.000000e+000  1.000000e+000  0.000000e+000
    outer loop
      vertex  2.707612e+001  2.000000e+001  1.382683e+000
      vertex  2.711832e+001  2.000000e+001  2.786474e+000
      vertex  2.729289e+001  2.000000e+001  1.707107e+000
    endloop
  endfacet
  facet normal  0.000000e+000  1.000000e+000  -0.000000e+000
    outer loop
      vertex  2.729289e+001  2.000000e+001  1.707107e+000
      vertex  2.711832e+001  2.000000e+001  2.786474e+000
      vertex  2.753647e+001  2.000000e+001  2.573415e+000
    endloop
  endfacet
  facet normal  0.000000e+000  9.999999e-001  0.000000e+000
    outer loop
      vertex  2.729289e+001  2.000000e+001  1.707107e+000
      vertex  2.753647e+001  2.000000e+001  2.573415e+000
      vertex  2.761732e+001  2.000000e+001  1.923880e+000
    endloop
  endfacet
  facet normal  0.000000e+000  1.000000e+000  0.000000e+000
    outer loop
      vertex  2.761732e+001  2.000000e+001  1.923880e+000
      vertex  2.753647e+001  2.000000e+001  2.573415e+000
      vertex  2.800000e+001  2.000000e+001  2.000000e+000
    endloop
  endfacet
  facet normal  0.000000e+000  9.999999e-001  -0.000000e+000
    outer loop
      vertex  2.800000e+001  2.000000e+001  2.000000e+000
      vertex  2.753647e+001  2.000000e+001  2.573415e+000
      vertex  2.800000e+001  2.000000e+001  2.500000e+000
    endloop
  endfacet
  facet normal  0.000000e+000  1.000000e+000  0.000000e+000
    outer loop
      vertex  2.800000e+001  2.000000e+001  2.000000e+000
      vertex  2.800000e+001  2.000000e+001  2.500000e+000
      vertex  2.838268e+001  2.000000e+001  1.923880e+000
    endloop
  endfacet
  facet normal  0.000000e+000  1.000000e+000  -0.000000e+000
    outer loop
      vertex  2.838268e+001  2.000000e+001  1.923880e+000
      vertex  2.800000e+001  2.000000e+001  2.500000e+000
      vertex  2.846353e+001  2.000000e+001  2.573415e+000
    endloop
  endfacet
  facet normal  0.000000e+000  9.999999e-001  0.000000e+000
    outer loop
      vertex  2.838268e+001  2.000000e+001  1.923880e+000
      vertex  2.846353e+001  2.000000e+001  2.573415e+000
      vertex  2.870711e+001  2.000000e+001  1.707107e+000
    endloop
  endfacet
  facet normal  0.000000e+000  1.000000e+000  -0.000000e+000
    outer loop
      vertex  2.870711e+001  2.000000e+001  1.707107e+000
      vertex  2.846353e+001  2.000000e+001  2.573415e+000
      vertex  2.888168e+001  2.000000e+001  2.786474e+000
    endloop
  endfacet
  facet normal  0.000000e+000  1.000000e+000  0.000000e+000
    outer loop
      vertex  2.870711e+001  2.000000e+001  1.707107e+000
      vertex  2.888168e+001  2.000000e+001  2.786474e+000
      vertex  2.892388e+001  2.000000e+001  1.382683e+000
    endloop
  endfacet
  facet normal -1.950907e-001  -0.000000e+000 -9.807853e-001
    outer loop
      vertex  2.800000e+001  1.850000e+001  2.000000e+000
      vertex  2.838268e+001  2.000000e+001  1.923880e+000
      vertex  2.838268e+001  1.850000e+001  1.923880e+000
    endloop
  endfacet
  facet normal -5.555685e-001  0.000000e+000 -8.314708e-001
    outer loop
      vertex  2.838268e+001  1.850000e+001  1.923880e+000
      vertex  2.838268e+001  2.000000e+001  1.923880e+000
      vertex  2.870711e+001  2.000000e+001  1.707107e+000
    endloop
  endfacet
  facet normal -5.555685e-001  -0.000000e+000 -8.314708e-001
    outer loop
      vertex  2.838268e+001  1.850000e+001  1.923880e+000
      vertex  2.870711e+001  2.000000e+001  1.707107e+000
      vertex  2.870711e+001  1.850000e+001  1.707107e+000
    endloop
  endfacet
  facet normal -8.314705e-001  0.000000e+000 -5.555689e-001
    outer loop
      vertex  2.870711e+001  1.850000e+001  1.707107e+000
      vertex  2.870711e+001  2.000000e+001  1.707107e+000
      vertex  2.892388e+001  2.000000e+001  1.382683e+000
    endloop
  endfacet
  facet normal -8.314705e-001  -0.000000e+000 -5.555689e-001
    outer loop
      vertex  2.870711e+001  1.850000e+001  1.707107e+000
      vertex  2.892388e+001  2.000000e+001  1.382683e+000
      vertex  2.892388e+001  1.850000e+001  1.382683e+000
    endloop
  endfacet
  facet normal -9.807853e-001  0.000000e+000 -1.950901e-001
    outer loop
      vertex  2.892388e+001  1.850000e+001  1.382683e+000
      vertex  2.892388e+001  2.000000e+001  1.382683e+000
      vertex  2.900000e+001  2.000000e+001  1.000000e+000
    endloop
  endfacet
  facet normal -9.807853e-001  -0.000000e+000 -1.950901e-001
    outer loop
      vertex  2.892388e+001  1.850000e+001  1.382683e+000
      vertex  2.900000e+001  2.000000e+001  1.000000e+000
      vertex  2.900000e+001  1.850000e+001  1.000000e+000
    endloop
  endfacet
  facet normal -1.950907e-001  0.000000e+000 -9.807853e-001
    outer loop
      vertex  2.838268e+001  2.000000e+001  1.923880e+000
      vertex  2.800000e+001  1.850000e+001  2.000000e+000
      vertex  2.800000e+001  2.000000e+001  2.000000e+000
    endloop
  endfacet
  facet normal  1.950907e-001  0.000000e+000 -9.807853e-001
    outer loop
      vertex  2.800000e+001  2.000000e+001  2.000000e+000
      vertex  2.800000e+001  1.850000e+001  2.000000e+000
      vertex  2.761732e+001  1.850000e+001  1.923880e+000
    endloop
  endfacet
  facet normal  1.950907e-001  0.000000e+000 -9.807853e-001
    outer loop
      vertex  2.800000e+001  2.000000e+001  2.000000e+000
      vertex  2.761732e+001  1.850000e+001  1.923880e+000
      vertex  2.761732e+001  2.000000e+001  1.923880e+000
    endloop
  endfacet
  facet normal  5.555685e-001  0.000000e+000 -8.314708e-001
    outer loop
      vertex  2.761732e+001  2.000000e+001  1.923880e+000
      vertex  2.761732e+001  1.850000e+001  1.923880e+000
      vertex  2.729289e+001  1.850000e+001  1.707107e+000
    endloop
  endfacet
  facet normal  5.555685e-001  0.000000e+000 -8.314708e-001
    outer loop
      vertex  2.761732e+001  2.000000e+001  1.923880e+000
      vertex  2.729289e+001  1.850000e+001  1.707107e+000
      vertex  2.729289e+001  2.000000e+001  1.707107e+000
    endloop
  endfacet
  facet normal  8.314705e-001  0.000000e+000 -5.555689e-001
    outer loop
      vertex  2.729289e+001  2.000000e+001  1.707107e+000
      vertex  2.729289e+001  1.850000e+001  1.707107e+000
      vertex  2.707612e+001  1.850000e+001  1.382683e+000
    endloop
  endfacet
  facet normal  8.314705e-001  0.000000e+000 -5.555689e-001
    outer loop
      vertex  2.729289e+001  2.000000e+001  1.707107e+000
      vertex  2.707612e+001  1.850000e+001  1.382683e+000
      vertex  2.707612e+001  2.000000e+001  1.382683e+000
    endloop
  endfacet
  facet normal  9.807853e-001  0.000000e+000 -1.950901e-001
    outer loop
      vertex  2.707612e+001  2.000000e+001  1.382683e+000
      vertex  2.707612e+001  1.850000e+001  1.382683e+000
      vertex  2.700000e+001  1.850000e+001  1.000000e+000
    endloop
  endfacet
  facet normal  9.807853e-001  0.000000e+000 -1.950901e-001
    outer loop
      vertex  2.707612e+001  2.000000e+001  1.382683e+000
      vertex  2.700000e+001  1.850000e+001  1.000000e+000
      vertex  2.700000e+001  2.000000e+001  1.000000e+000
    endloop
  endfacet
  facet normal -1.564345e-001  -0.000000e+000 -9.876883e-001
    outer loop
      vertex  2.800000e+001  1.850000e+001  5.500000e+000
      vertex  2.846353e+001  2.000000e+001  5.426585e+000
      vertex  2.846353e+001  1.850000e+001  5.426585e+000
    endloop
  endfacet
  facet normal -4.539912e-001  0.000000e+000 -8.910062e-001
    outer loop
      vertex  2.846353e+001  1.850000e+001  5.426585e+000
      vertex  2.846353e+001  2.000000e+001  5.426585e+000
      vertex  2.888168e+001  2.000000e+001  5.213525e+000
    endloop
  endfacet
  facet normal -4.539912e-001  -0.000000e+000 -8.910062e-001
    outer loop
      vertex  2.846353e+001  1.850000e+001  5.426585e+000
      vertex  2.888168e+001  2.000000e+001  5.213525e+000
      vertex  2.888168e+001  1.850000e+001  5.213525e+000
    endloop
  endfacet
  facet normal -7.071058e-001  0.000000e+000 -7.071078e-001
    outer loop
      vertex  2.888168e+001  1.850000e+001  5.213525e+000
      vertex  2.888168e+001  2.000000e+001  5.213525e+000
      vertex  2.921353e+001  2.000000e+001  4.881678e+000
    endloop
  endfacet
  facet normal -7.071058e-001  -0.000000e+000 -7.071078e-001
    outer loop
      vertex  2.888168e+001  1.850000e+001  5.213525e+000
      vertex  2.921353e+001  2.000000e+001  4.881678e+000
      vertex  2.921353e+001  1.850000e+001  4.881678e+000
    endloop
  endfacet
  facet normal -8.910074e-001  0.000000e+000 -4.539888e-001
    outer loop
      vertex  2.921353e+001  1.850000e+001  4.881678e+000
      vertex  2.921353e+001  2.000000e+001  4.881678e+000
      vertex  2.942658e+001  2.000000e+001  4.463525e+000
    endloop
  endfacet
  facet normal -8.910074e-001  -0.000000e+000 -4.539888e-001
    outer loop
      vertex  2.921353e+001  1.850000e+001  4.881678e+000
      vertex  2.942658e+001  2.000000e+001  4.463525e+000
      vertex  2.942658e+001  1.850000e+001  4.463525e+000
    endloop
  endfacet
  facet normal -9.876881e-001  0.000000e+000 -1.564356e-001
    outer loop
      vertex  2.942658e+001  1.850000e+001  4.463525e+000
      vertex  2.942658e+001  2.000000e+001  4.463525e+000
      vertex  2.950000e+001  2.000000e+001  4.000000e+000
    endloop
  endfacet
  facet normal -9.876881e-001  -0.000000e+000 -1.564356e-001
    outer loop
      vertex  2.942658e+001  1.850000e+001  4.463525e+000
      vertex  2.950000e+001  2.000000e+001  4.000000e+000
      vertex  2.950000e+001  1.850000e+001  4.000000e+000
    endloop
  endfacet
  facet normal -1.564345e-001  0.000000e+000 -9.876883e-001
    outer loop
      vertex  2.846353e+001  2.000000e+001  5.426585e+000
      vertex  2.800000e+001  1.850000e+001  5.500000e+000
      vertex  2.800000e+001  2.000000e+001  5.500000e+000
    endloop
  endfacet
  facet normal  1.564345e-001  0.000000e+000 -9.876883e-001
    outer loop
      vertex  2.800000e+001  2.000000e+001  5.500000e+000
      vertex  2.800000e+001  1.850000e+001  5.500000e+000
      vertex  2.753647e+001  1.850000e+001  5.426585e+000
    endloop
  endfacet
  facet normal  1.564345e-001  0.000000e+000 -9.876883e-001
    outer loop
      vertex  2.800000e+001  2.000000e+001  5.500000e+000
      vertex  2.753647e+001  1.850000e+001  5.426585e+000
      vertex  2.753647e+001  2.000000e+001  5.426585e+000
    endloop
  endfacet
  facet normal  4.539912e-001  0.000000e+000 -8.910062e-001
    outer loop
      vertex  2.753647e+001  2.000000e+001  5.426585e+000
      vertex  2.753647e+001  1.850000e+001  5.426585e+000
      vertex  2.711832e+001  1.850000e+001  5.213525e+000
    endloop
  endfacet
  facet normal  4.539912e-001  0.000000e+000 -8.910062e-001
    outer loop
      vertex  2.753647e+001  2.000000e+001  5.426585e+000
      vertex  2.711832e+001  1.850000e+001  5.213525e+000
      vertex  2.711832e+001  2.000000e+001  5.213525e+000
    endloop
  endfacet
  facet normal  7.071058e-001  0.000000e+000 -7.071078e-001
    outer loop
      vertex  2.711832e+001  2.000000e+001  5.213525e+000
      vertex  2.711832e+001  1.850000e+001  5.213525e+000
      vertex  2.678647e+001  1.850000e+001  4.881678e+000
    endloop
  endfacet
  facet normal  7.071058e-001  0.000000e+000 -7.071078e-001
    outer loop
      vertex  2.711832e+001  2.000000e+001  5.213525e+000
      vertex  2.678647e+001  1.850000e+001  4.881678e+000
      vertex  2.678647e+001  2.000000e+001  4.881678e+000
    endloop
  endfacet
  facet normal  8.910074e-001  0.000000e+000 -4.539888e-001
    outer loop
      vertex  2.678647e+001  2.000000e+001  4.881678e+000
      vertex  2.678647e+001  1.850000e+001  4.881678e+000
      vertex  2.657342e+001  1.850000e+001  4.463525e+000
    endloop
  endfacet
  facet normal  8.910074e-001  0.000000e+000 -4.539888e-001
    outer loop
      vertex  2.678647e+001  2.000000e+001  4.881678e+000
      vertex  2.657342e+001  1.850000e+001  4.463525e+000
      vertex  2.657342e+001  2.000000e+001  4.463525e+000
    endloop
  endfacet
  facet normal  9.876881e-001  0.000000e+000 -1.564356e-001
    outer loop
      vertex  2.657342e+001  2.000000e+001  4.463525e+000
      vertex  2.657342e+001  1.850000e+001  4.463525e+000
      vertex  2.650000e+001  1.850000e+001  4.000000e+000
    endloop
  endfacet
  facet normal  9.876881e-001  0.000000e+000 -1.564356e-001
    outer loop
      vertex  2.657342e+001  2.000000e+001  4.463525e+000
      vertex  2.650000e+001  1.850000e+001  4.000000e+000
      vertex  2.650000e+001  2.000000e+001  4.000000e+000
    endloop
  endfacet
  facet normal  1.564345e-001  0.000000e+000  9.876883e-001
    outer loop
      vertex  2.800000e+001  1.850000e+001  2.500000e+000
      vertex  2.753647e+001  2.000000e+001  2.573415e+000
      vertex  2.753647e+001  1.850000e+001  2.573415e+000
    endloop
  endfacet
  facet normal  4.539908e-001  -0.000000e+000  8.910064e-001
    outer loop
      vertex  2.753647e+001  1.850000e+001  2.573415e+000
      vertex  2.753647e+001  2.000000e+001  2.573415e+000
      vertex  2.711832e+001  2.000000e+001  2.786474e+000
    endloop
  endfacet
  facet normal  4.539908e-001  0.000000e+000  8.910064e-001
    outer loop
      vertex  2.753647e+001  1.850000e+001  2.573415e+000
      vertex  2.711832e+001  2.000000e+001  2.786474e+000
      vertex  2.711832e+001  1.850000e+001  2.786474e+000
    endloop
  endfacet
  facet normal  7.071063e-001  -0.000000e+000  7.071073e-001
    outer loop
      vertex  2.711832e+001  1.850000e+001  2.786474e+000
      vertex  2.711832e+001  2.000000e+001  2.786474e+000
      vertex  2.678647e+001  2.000000e+001  3.118322e+000
    endloop
  endfacet
  facet normal  7.071063e-001  0.000000e+000  7.071073e-001
    outer loop
      vertex  2.711832e+001  1.850000e+001  2.786474e+000
      vertex  2.678647e+001  2.000000e+001  3.118322e+000
      vertex  2.678647e+001  1.850000e+001  3.118322e+000
    endloop
  endfacet
  facet normal  8.910072e-001  -0.000000e+000  4.539892e-001
    outer loop
      vertex  2.678647e+001  1.850000e+001  3.118322e+000
      vertex  2.678647e+001  2.000000e+001  3.118322e+000
      vertex  2.657342e+001  2.000000e+001  3.536474e+000
    endloop
  endfacet
  facet normal  8.910072e-001  0.000000e+000  4.539892e-001
    outer loop
      vertex  2.678647e+001  1.850000e+001  3.118322e+000
      vertex  2.657342e+001  2.000000e+001  3.536474e+000
      vertex  2.657342e+001  1.850000e+001  3.536474e+000
    endloop
  endfacet
  facet normal  9.876881e-001  -0.000000e+000  1.564355e-001
    outer loop
      vertex  2.657342e+001  1.850000e+001  3.536474e+000
      vertex  2.657342e+001  2.000000e+001  3.536474e+000
      vertex  2.650000e+001  2.000000e+001  4.000000e+000
    endloop
  endfacet
  facet normal  9.876881e-001  0.000000e+000  1.564355e-001
    outer loop
      vertex  2.657342e+001  1.850000e+001  3.536474e+000
      vertex  2.650000e+001  2.000000e+001  4.000000e+000
      vertex  2.650000e+001  1.850000e+001  4.000000e+000
    endloop
  endfacet
  facet normal  1.564345e-001  -0.000000e+000  9.876883e-001
    outer loop
      vertex  2.753647e+001  2.000000e+001  2.573415e+000
      vertex  2.800000e+001  1.850000e+001  2.500000e+000
      vertex  2.800000e+001  2.000000e+001  2.500000e+000
    endloop
  endfacet
  facet normal -1.564345e-001  0.000000e+000  9.876883e-001
    outer loop
      vertex  2.800000e+001  2.000000e+001  2.500000e+000
      vertex  2.800000e+001  1.850000e+001  2.500000e+000
      vertex  2.846353e+001  1.850000e+001  2.573415e+000
    endloop
  endfacet
  facet normal -1.564345e-001  0.000000e+000  9.876883e-001
    outer loop
      vertex  2.800000e+001  2.000000e+001  2.500000e+000
      vertex  2.846353e+001  1.850000e+001  2.573415e+000
      vertex  2.846353e+001  2.000000e+001  2.573415e+000
    endloop
  endfacet
  facet normal -4.539908e-001  0.000000e+000  8.910064e-001
    outer loop
      vertex  2.846353e+001  2.000000e+001  2.573415e+000
      vertex  2.846353e+001  1.850000e+001  2.573415e+000
      vertex  2.888168e+001  1.850000e+001  2.786474e+000
    endloop
  endfacet
  facet normal -4.539908e-001  0.000000e+000  8.910064e-001
    outer loop
      vertex  2.846353e+001  2.000000e+001  2.573415e+000
      vertex  2.888168e+001  1.850000e+001  2.786474e+000
      vertex  2.888168e+001  2.000000e+001  2.786474e+000
    endloop
  endfacet
  facet normal -7.071063e-001  0.000000e+000  7.071073e-001
    outer loop
      vertex  2.888168e+001  2.000000e+001  2.786474e+000
      vertex  2.888168e+001  1.850000e+001  2.786474e+000
      vertex  2.921353e+001  1.850000e+001  3.118322e+000
    endloop
  endfacet
  facet normal -7.071063e-001  0.000000e+000  7.071073e-001
    outer loop
      vertex  2.888168e+001  2.000000e+001  2.786474e+000
      vertex  2.921353e+001  1.850000e+001  3.118322e+000
      vertex  2.921353e+001  2.000000e+001  3.118322e+000
    endloop
  endfacet
  facet normal -8.910072e-001  0.000000e+000  4.539892e-001
    outer loop
      vertex  2.921353e+001  2.000000e+001  3.118322e+000
      vertex  2.921353e+001  1.850000e+001  3.118322e+000
      vertex  2.942658e+001  1.850000e+001  3.536474e+000
    endloop
  endfacet
  facet normal -8.910072e-001  0.000000e+000  4.539892e-001
    outer loop
      vertex  2.921353e+001  2.000000e+001  3.118322e+000
      vertex  2.942658e+001  1.850000e+001  3.536474e+000
      vertex  2.942658e+001  2.000000e+001  3.536474e+000
    endloop
  endfacet
  facet normal -9.876881e-001  0.000000e+000  1.564355e-001
    outer loop
      vertex  2.942658e+001  2.000000e+001  3.536474e+000
      vertex  2.942658e+001  1.850000e+001  3.536474e+000
      vertex  2.950000e+001  1.850000e+001  4.000000e+000
    endloop
  endfacet
  facet normal -9.876881e-001  0.000000e+000  1.564355e-001
    outer loop
      vertex  2.942658e+001  2.000000e+001  3.536474e+000
      vertex  2.950000e+001  1.850000e+001  4.000000e+000
      vertex  2.950000e+001  2.000000e+001  4.000000e+000
    endloop
  endfacet
  facet normal  0.000000e+000  1.000000e+000  -0.000000e+000
    outer loop
      vertex  3.400000e+001 -1.950000e+001  0.000000e+000
      vertex  3.400000e+001 -1.950000e+001 -1.000000e+000
      vertex  1.675000e+001 -1.950000e+001  0.000000e+000
    endloop
  endfacet
  facet normal  0.000000e+000  1.000000e+000  0.000000e+000
    outer loop
      vertex  1.675000e+001 -1.950000e+001  0.000000e+000
      vertex  3.400000e+001 -1.950000e+001 -1.000000e+000
      vertex  1.716421e+001 -1.950000e+001 -1.000000e+000
    endloop
  endfacet
  facet normal  0.000000e+000  1.000000e+000  0.000000e+000
    outer loop
      vertex  1.675000e+001 -1.950000e+001  0.000000e+000
      vertex  1.716421e+001 -1.950000e+001 -1.000000e+000
      vertex  1.287500e+001 -1.950000e+001 -3.875000e+000
    endloop
  endfacet
  facet normal  -0.000000e+000  1.000000e+000  0.000000e+000
    outer loop
      vertex  1.287500e+001 -1.950000e+001 -3.875000e+000
      vertex  1.716421e+001 -1.950000e+001 -1.000000e+000
      vertex  1.328921e+001 -1.950000e+001 -4.875000e+000
    endloop
  endfacet
  facet normal  0.000000e+000  1.000000e+000  0.000000e+000
    outer loop
      vertex  1.287500e+001 -1.950000e+001 -3.875000e+000
      vertex  1.328921e+001 -1.950000e+001 -4.875000e+000
      vertex  1.074166e+001 -1.950000e+001 -3.875000e+000
    endloop
  endfacet
  facet normal  0.000000e+000  1.000000e+000  0.000000e+000
    outer loop
      vertex  1.074166e+001 -1.950000e+001 -3.875000e+000
      vertex  1.328921e+001 -1.950000e+001 -4.875000e+000
      vertex  1.074166e+001 -1.950000e+001 -4.875000e+000
    endloop
  endfacet
  facet normal  0.000000e+000  1.000000e+000  -0.000000e+000
    outer loop
      vertex -1.074166e+001 -1.950000e+001 -3.875000e+000
      vertex -1.074166e+001 -1.950000e+001 -4.875000e+000
      vertex -1.287500e+001 -1.950000e+001 -3.875000e+000
    endloop
  endfacet
  facet normal  0.000000e+000  1.000000e+000  0.000000e+000
    outer loop
      vertex -1.287500e+001 -1.950000e+001 -3.875000e+000
      vertex -1.074166e+001 -1.950000e+001 -4.875000e+000
      vertex -1.328921e+001 -1.950000e+001 -4.875000e+000
    endloop
  endfacet
  facet normal  0.000000e+000  1.000000e+000  -0.000000e+000
    outer loop
      vertex -1.287500e+001 -1.950000e+001 -3.875000e+000
      vertex -1.328921e+001 -1.950000e+001 -4.875000e+000
      vertex -1.675000e+001 -1.950000e+001  0.000000e+000
    endloop
  endfacet
  facet normal  0.000000e+000  1.000000e+000  0.000000e+000
    outer loop
      vertex -1.675000e+001 -1.950000e+001  0.000000e+000
      vertex -1.328921e+001 -1.950000e+001 -4.875000e+000
      vertex -1.716421e+001 -1.950000e+001 -1.000000e+000
    endloop
  endfacet
  facet normal  0.000000e+000  1.000000e+000  -0.000000e+000
    outer loop
      vertex -1.675000e+001 -1.950000e+001  0.000000e+000
      vertex -1.716421e+001 -1.950000e+001 -1.000000e+000
      vertex -3.400000e+001 -1.950000e+001  0.000000e+000
    endloop
  endfacet
  facet normal  0.000000e+000  1.000000e+000  0.000000e+000
    outer loop
      vertex -3.400000e+001 -1.950000e+001  0.000000e+000
      vertex -1.716421e+001 -1.950000e+001 -1.000000e+000
      vertex -3.400000e+001 -1.950000e+001 -1.000000e+000
    endloop
  endfacet
  facet normal -7.071067e-001  0.000000e+000 -7.071067e-001
    outer loop
      vertex -1.328921e+001 -1.950000e+001 -4.875000e+000
      vertex -1.328921e+001 -2.000000e+001 -4.875000e+000
      vertex -1.716421e+001 -1.950000e+001 -1.000000e+000
    endloop
  endfacet
  facet normal -7.071067e-001  -0.000000e+000 -7.071067e-001
    outer loop
      vertex -1.716421e+001 -1.950000e+001 -1.000000e+000
      vertex -1.328921e+001 -2.000000e+001 -4.875000e+000
      vertex -1.716421e+001 -2.000000e+001 -1.000000e+000
    endloop
  endfacet
  facet normal  1.000000e+000  0.000000e+000  0.000000e+000
    outer loop
      vertex -1.074166e+001 -1.950000e+001 -4.875000e+000
      vertex -1.074166e+001 -1.950000e+001 -3.875000e+000
      vertex -1.074166e+001 -2.000000e+001 -4.875000e+000
    endloop
  endfacet
  facet normal  1.000000e+000  0.000000e+000  0.000000e+000
    outer loop
      vertex -1.074166e+001 -2.000000e+001 -4.875000e+000
      vertex -1.074166e+001 -1.950000e+001 -3.875000e+000
      vertex -1.074166e+001 -2.000000e+001 -3.875000e+000
    endloop
  endfacet
  facet normal  7.071067e-001  0.000000e+000 -7.071067e-001
    outer loop
      vertex  1.328921e+001 -1.950000e+001 -4.875000e+000
      vertex  1.716421e+001 -1.950000e+001 -1.000000e+000
      vertex  1.328921e+001 -2.000000e+001 -4.875000e+000
    endloop
  endfacet
  facet normal  7.071067e-001  0.000000e+000 -7.071067e-001
    outer loop
      vertex  1.328921e+001 -2.000000e+001 -4.875000e+000
      vertex  1.716421e+001 -1.950000e+001 -1.000000e+000
      vertex  1.716421e+001 -2.000000e+001 -1.000000e+000
    endloop
  endfacet
  facet normal -1.000000e+000  0.000000e+000  0.000000e+000
    outer loop
      vertex  1.074166e+001 -1.950000e+001 -3.875000e+000
      vertex  1.074166e+001 -1.950000e+001 -4.875000e+000
      vertex  1.074166e+001 -2.000000e+001 -3.875000e+000
    endloop
  endfacet
  facet normal -1.000000e+000  0.000000e+000  0.000000e+000
    outer loop
      vertex  1.074166e+001 -2.000000e+001 -3.875000e+000
      vertex  1.074166e+001 -1.950000e+001 -4.875000e+000
      vertex  1.074166e+001 -2.000000e+001 -4.875000e+000
    endloop
  endfacet
  facet normal  7.071067e-001  1.570092e-016 -7.071067e-001
    outer loop
      vertex  1.675000e+001 -1.850000e+001  2.220446e-016
      vertex  1.675000e+001 -1.950000e+001  0.000000e+000
      vertex  1.287500e+001 -1.850000e+001 -3.875000e+000
    endloop
  endfacet
  facet normal  7.071067e-001  0.000000e+000 -7.071067e-001
    outer loop
      vertex  1.287500e+001 -1.850000e+001 -3.875000e+000
      vertex  1.675000e+001 -1.950000e+001  0.000000e+000
      vertex  1.287500e+001 -1.950000e+001 -3.875000e+000
    endloop
  endfacet
  facet normal -7.071067e-001  0.000000e+000 -7.071067e-001
    outer loop
      vertex -1.675000e+001 -1.850000e+001  2.220446e-016
      vertex -1.287500e+001 -1.850000e+001 -3.875000e+000
      vertex -1.675000e+001 -1.950000e+001  0.000000e+000
    endloop
  endfacet
  facet normal -7.071067e-001  0.000000e+000 -7.071067e-001
    outer loop
      vertex -1.675000e+001 -1.950000e+001  0.000000e+000
      vertex -1.287500e+001 -1.850000e+001 -3.875000e+000
      vertex -1.287500e+001 -1.950000e+001 -3.875000e+000
    endloop
  endfacet
  facet normal  0.000000e+000  0.000000e+000 -1.000000e+000
    outer loop
      vertex -1.716421e+001 -1.950000e+001 -1.000000e+000
      vertex -1.716421e+001 -2.000000e+001 -1.000000e+000
      vertex -3.400000e+001 -2.000000e+001 -1.000000e+000
    endloop
  endfacet
  facet normal  0.000000e+000  0.000000e+000 -9.999999e-001
    outer loop
      vertex -1.716421e+001 -1.950000e+001 -1.000000e+000
      vertex -3.400000e+001 -2.000000e+001 -1.000000e+000
      vertex -3.508537e+001 -1.993123e+001 -1.000000e+000
    endloop
  endfacet
  facet normal  0.000000e+000  0.000000e+000 -1.000000e+000
    outer loop
      vertex -1.716421e+001 -1.950000e+001 -1.000000e+000
      vertex -3.508537e+001 -1.993123e+001 -1.000000e+000
      vertex -3.615338e+001 -1.972604e+001 -1.000000e+000
    endloop
  endfacet
  facet normal  0.000000e+000  0.000000e+000 -1.000000e+000
    outer loop
      vertex -1.716421e+001 -1.950000e+001 -1.000000e+000
      vertex -3.615338e+001 -1.972604e+001 -1.000000e+000
      vertex -3.400000e+001 -1.950000e+001 -1.000000e+000
    endloop
  endfacet
  facet normal  0.000000e+000  0.000000e+000 -1.000000e+000
    outer loop
      vertex -3.400000e+001 -1.950000e+001 -1.000000e+000
      vertex -3.615338e+001 -1.972604e+001 -1.000000e+000
      vertex -3.502227e+001 -1.943523e+001 -1.000000e+000
    endloop
  endfacet
  facet normal  -0.000000e+000  0.000000e+000 -1.000000e+000
    outer loop
      vertex -3.502227e+001 -1.943523e+001 -1.000000e+000
      vertex -3.615338e+001 -1.972604e+001 -1.000000e+000
      vertex -3.718695e+001 -1.938770e+001 -1.000000e+000
    endloop
  endfacet
  facet normal  0.000000e+000  0.000000e+000 -1.000000e+000
    outer loop
      vertex -3.502227e+001 -1.943523e+001 -1.000000e+000
      vertex -3.718695e+001 -1.938770e+001 -1.000000e+000
      vertex -3.602818e+001 -1.924197e+001 -1.000000e+000
    endloop
  endfacet
  facet normal  -0.000000e+000  0.000000e+000 -1.000000e+000
    outer loop
      vertex -3.602818e+001 -1.924197e+001 -1.000000e+000
      vertex -3.718695e+001 -1.938770e+001 -1.000000e+000
      vertex -3.816957e+001 -1.892162e+001 -1.000000e+000
    endloop
  endfacet
  facet normal  0.000000e+000  0.000000e+000 -1.000000e+000
    outer loop
      vertex -3.602818e+001 -1.924197e+001 -1.000000e+000
      vertex -3.816957e+001 -1.892162e+001 -1.000000e+000
      vertex -3.700167e+001 -1.892330e+001 -1.000000e+000
    endloop
  endfacet
  facet normal  0.000000e+000  0.000000e+000 -1.000000e+000
    outer loop
      vertex -3.700167e+001 -1.892330e+001 -1.000000e+000
      vertex -3.816957e+001 -1.892162e+001 -1.000000e+000
      vertex -3.792715e+001 -1.848431e+001 -1.000000e+000
    endloop
  endfacet
  facet normal  -0.000000e+000  0.000000e+000 -1.000000e+000
    outer loop
      vertex -3.792715e+001 -1.848431e+001 -1.000000e+000
      vertex -3.816957e+001 -1.892162e+001 -1.000000e+000
      vertex -3.908549e+001 -1.833525e+001 -1.000000e+000
    endloop
  endfacet
  facet normal  0.000000e+000  0.000000e+000 -1.000000e+000
    outer loop
      vertex -3.792715e+001 -1.848431e+001 -1.000000e+000
      vertex -3.908549e+001 -1.833525e+001 -1.000000e+000
      vertex -3.878983e+001 -1.793204e+001 -1.000000e+000
    endloop
  endfacet
  facet normal  -0.000000e+000  0.000000e+000 -1.000000e+000
    outer loop
      vertex -3.878983e+001 -1.793204e+001 -1.000000e+000
      vertex -3.908549e+001 -1.833525e+001 -1.000000e+000
      vertex -3.992010e+001 -1.763798e+001 -1.000000e+000
    endloop
  endfacet
  facet normal  0.000000e+000  0.000000e+000 -1.000000e+000
    outer loop
      vertex -3.878983e+001 -1.793204e+001 -1.000000e+000
      vertex -3.992010e+001 -1.763798e+001 -1.000000e+000
      vertex -3.957591e+001 -1.727531e+001 -1.000000e+000
    endloop
  endfacet
  facet normal  -0.000000e+000  0.000000e+000 -1.000000e+000
    outer loop
      vertex -3.957591e+001 -1.727531e+001 -1.000000e+000
      vertex -3.992010e+001 -1.763798e+001 -1.000000e+000
      vertex -4.066003e+001 -1.684095e+001 -1.000000e+000
    endloop
  endfacet
  facet normal  0.000000e+000  0.000000e+000 -1.000000e+000
    outer loop
      vertex -3.957591e+001 -1.727531e+001 -1.000000e+000
      vertex -4.066003e+001 -1.684095e+001 -1.000000e+000
      vertex -4.027282e+001 -1.652462e+001 -1.000000e+000
    endloop
  endfacet
  facet normal  0.000000e+000  0.000000e+000 -1.000000e+000
    outer loop
      vertex -4.027282e+001 -1.652462e+001 -1.000000e+000
      vertex -4.066003e+001 -1.684095e+001 -1.000000e+000
      vertex -4.086942e+001 -1.569198e+001 -1.000000e+000
    endloop
  endfacet
  facet normal  0.000000e+000  -0.000000e+000 -1.000000e+000
    outer loop
      vertex -4.086942e+001 -1.569198e+001 -1.000000e+000
      vertex -4.066003e+001 -1.684095e+001 -1.000000e+000
      vertex -4.129346e+001 -1.595691e+001 -1.000000e+000
    endloop
  endfacet
  facet normal  0.000000e+000  0.000000e+000 -1.000000e+000
    outer loop
      vertex -4.086942e+001 -1.569198e+001 -1.000000e+000
      vertex -4.129346e+001 -1.595691e+001 -1.000000e+000
      vertex -4.135617e+001 -1.479070e+001 -1.000000e+000
    endloop
  endfacet
  facet normal  0.000000e+000  -0.000000e+000 -1.000000e+000
    outer loop
      vertex -4.135617e+001 -1.479070e+001 -1.000000e+000
      vertex -4.129346e+001 -1.595691e+001 -1.000000e+000
      vertex -4.181025e+001 -1.500000e+001 -1.000000e+000
    endloop
  endfacet
  facet normal  -0.000000e+000  -0.000000e+000 -1.000000e+000
    outer loop
      vertex  1.716421e+001 -1.950000e+001 -1.000000e+000
      vertex  3.400000e+001 -1.950000e+001 -1.000000e+000
      vertex  3.615338e+001 -1.972604e+001 -1.000000e+000
    endloop
  endfacet
  facet normal  -0.000000e+000  0.000000e+000 -1.000000e+000
    outer loop
      vertex  1.716421e+001 -1.950000e+001 -1.000000e+000
      vertex  3.615338e+001 -1.972604e+001 -1.000000e+000
      vertex  3.508537e+001 -1.993123e+001 -1.000000e+000
    endloop
  endfacet
  facet normal  -0.000000e+000  0.000000e+000 -9.999999e-001
    outer loop
      vertex  1.716421e+001 -1.950000e+001 -1.000000e+000
      vertex  3.508537e+001 -1.993123e+001 -1.000000e+000
      vertex  3.400000e+001 -2.000000e+001 -1.000000e+000
    endloop
  endfacet
  facet normal  0.000000e+000  0.000000e+000 -1.000000e+000
    outer loop
      vertex  1.716421e+001 -1.950000e+001 -1.000000e+000
      vertex  3.400000e+001 -2.000000e+001 -1.000000e+000
      vertex  1.716421e+001 -2.000000e+001 -1.000000e+000
    endloop
  endfacet
  facet normal  0.000000e+000  0.000000e+000 -1.000000e+000
    outer loop
      vertex  3.615338e+001 -1.972604e+001 -1.000000e+000
      vertex  3.400000e+001 -1.950000e+001 -1.000000e+000
      vertex  3.718695e+001 -1.938770e+001 -1.000000e+000
    endloop
  endfacet
  facet normal  0.000000e+000  0.000000e+000 -1.000000e+000
    outer loop
      vertex  3.718695e+001 -1.938770e+001 -1.000000e+000
      vertex  3.400000e+001 -1.950000e+001 -1.000000e+000
      vertex  3.502227e+001 -1.943523e+001 -1.000000e+000
    endloop
  endfacet
  facet normal  0.000000e+000  0.000000e+000 -1.000000e+000
    outer loop
      vertex  3.718695e+001 -1.938770e+001 -1.000000e+000
      vertex  3.502227e+001 -1.943523e+001 -1.000000e+000
      vertex  3.816957e+001 -1.892162e+001 -1.000000e+000
    endloop
  endfacet
  facet normal  0.000000e+000  0.000000e+000 -1.000000e+000
    outer loop
      vertex  3.816957e+001 -1.892162e+001 -1.000000e+000
      vertex  3.502227e+001 -1.943523e+001 -1.000000e+000
      vertex  3.602818e+001 -1.924197e+001 -1.000000e+000
    endloop
  endfacet
  facet normal  0.000000e+000  0.000000e+000 -1.000000e+000
    outer loop
      vertex  3.816957e+001 -1.892162e+001 -1.000000e+000
      vertex  3.602818e+001 -1.924197e+001 -1.000000e+000
      vertex  3.700167e+001 -1.892330e+001 -1.000000e+000
    endloop
  endfacet
  facet normal  0.000000e+000  0.000000e+000 -1.000000e+000
    outer loop
      vertex  3.816957e+001 -1.892162e+001 -1.000000e+000
      vertex  3.700167e+001 -1.892330e+001 -1.000000e+000
      vertex  3.908549e+001 -1.833525e+001 -1.000000e+000
    endloop
  endfacet
  facet normal  0.000000e+000  0.000000e+000 -9.999999e-001
    outer loop
      vertex  3.908549e+001 -1.833525e+001 -1.000000e+000
      vertex  3.700167e+001 -1.892330e+001 -1.000000e+000
      vertex  3.792715e+001 -1.848431e+001 -1.000000e+000
    endloop
  endfacet
  facet normal  0.000000e+000  0.000000e+000 -1.000000e+000
    outer loop
      vertex  3.908549e+001 -1.833525e+001 -1.000000e+000
      vertex  3.792715e+001 -1.848431e+001 -1.000000e+000
      vertex  3.992010e+001 -1.763798e+001 -1.000000e+000
    endloop
  endfacet
  facet normal  0.000000e+000  0.000000e+000 -9.999999e-001
    outer loop
      vertex  3.992010e+001 -1.763798e+001 -1.000000e+000
      vertex  3.792715e+001 -1.848431e+001 -1.000000e+000
      vertex  3.878983e+001 -1.793204e+001 -1.000000e+000
    endloop
  endfacet
  facet normal  0.000000e+000  0.000000e+000 -1.000000e+000
    outer loop
      vertex  3.992010e+001 -1.763798e+001 -1.000000e+000
      vertex  3.878983e+001 -1.793204e+001 -1.000000e+000
      vertex  4.066003e+001 -1.684095e+001 -1.000000e+000
    endloop
  endfacet
  facet normal  0.000000e+000  0.000000e+000 -1.000000e+000
    outer loop
      vertex  4.066003e+001 -1.684095e+001 -1.000000e+000
      vertex  3.878983e+001 -1.793204e+001 -1.000000e+000
      vertex  3.957591e+001 -1.727531e+001 -1.000000e+000
    endloop
  endfacet
  facet normal  0.000000e+000  0.000000e+000 -1.000000e+000
    outer loop
      vertex  4.066003e+001 -1.684095e+001 -1.000000e+000
      vertex  3.957591e+001 -1.727531e+001 -1.000000e+000
      vertex  4.027282e+001 -1.652462e+001 -1.000000e+000
    endloop
  endfacet
  facet normal  0.000000e+000  0.000000e+000 -1.000000e+000
    outer loop
      vertex  4.066003e+001 -1.684095e+001 -1.000000e+000
      vertex  4.027282e+001 -1.652462e+001 -1.000000e+000
      vertex  4.129346e+001 -1.595691e+001 -1.000000e+000
    endloop
  endfacet
  facet normal  -0.000000e+000  0.000000e+000 -1.000000e+000
    outer loop
      vertex  4.129346e+001 -1.595691e+001 -1.000000e+000
      vertex  4.027282e+001 -1.652462e+001 -1.000000e+000
      vertex  4.086942e+001 -1.569198e+001 -1.000000e+000
    endloop
  endfacet
  facet normal  0.000000e+000  0.000000e+000 -9.999999e-001
    outer loop
      vertex  4.129346e+001 -1.595691e+001 -1.000000e+000
      vertex  4.086942e+001 -1.569198e+001 -1.000000e+000
      vertex  4.181025e+001 -1.500000e+001 -1.000000e+000
    endloop
  endfacet
  facet normal  -0.000000e+000  0.000000e+000 -1.000000e+000
    outer loop
      vertex  4.181025e+001 -1.500000e+001 -1.000000e+000
      vertex  4.086942e+001 -1.569198e+001 -1.000000e+000
      vertex  4.135617e+001 -1.479070e+001 -1.000000e+000
    endloop
  endfacet
  facet normal  0.000000e+000  0.000000e+000 -1.000000e+000
    outer loop
      vertex -3.667995e+001 -1.687977e+001  0.000000e+000
      vertex -3.999188e+001 -1.685044e+001  0.000000e+000
      vertex -3.747686e+001 -1.641213e+001  0.000000e+000
    endloop
  endfacet
  facet normal  0.000000e+000  0.000000e+000 -1.000000e+000
    outer loop
      vertex -3.727578e+001 -1.880806e+001  0.000000e+000
      vertex -3.826907e+001 -1.828368e+001  0.000000e+000
      vertex -3.400000e+001 -1.850000e+001  0.000000e+000
    endloop
  endfacet
  facet normal  2.345266e-013  1.373950e-013 -1.000000e+000
    outer loop
      vertex -4.068826e+001 -1.596915e+001  0.000000e+000
      vertex -4.125603e+001 -1.500000e+001  0.000000e+000
      vertex -4.062500e+001 -1.500000e+001  1.479936e-013
    endloop
  endfacet
  facet normal  5.896031e-012 -2.321685e-013 -1.000000e+000
    outer loop
      vertex -4.068826e+001 -1.596915e+001  0.000000e+000
      vertex -4.062500e+001 -1.500000e+001  1.479936e-013
      vertex -4.062500e+001 -1.562500e+001  2.930989e-013
    endloop
  endfacet
  facet normal  0.000000e+000  8.516541e-013 -9.999999e-001
    outer loop
      vertex -4.068826e+001 -1.596915e+001  0.000000e+000
      vertex -4.062500e+001 -1.562500e+001  2.930989e-013
      vertex -3.937500e+001 -1.562500e+001  2.930989e-013
    endloop
  endfacet
  facet normal -6.064838e-014  1.083084e-012 -1.000000e+000
    outer loop
      vertex -4.068826e+001 -1.596915e+001  0.000000e+000
      vertex -3.937500e+001 -1.562500e+001  2.930989e-013
      vertex -3.819400e+001 -1.582948e+001  0.000000e+000
    endloop
  endfacet
  facet normal  0.000000e+000  -0.000000e+000 -1.000000e+000
    outer loop
      vertex -4.068826e+001 -1.596915e+001  0.000000e+000
      vertex -3.819400e+001 -1.582948e+001  0.000000e+000
      vertex -3.747686e+001 -1.641213e+001  0.000000e+000
    endloop
  endfacet
  facet normal  -0.000000e+000  0.000000e+000 -1.000000e+000
    outer loop
      vertex -4.068826e+001 -1.596915e+001  0.000000e+000
      vertex -3.747686e+001 -1.641213e+001  0.000000e+000
      vertex -3.999188e+001 -1.685044e+001  0.000000e+000
    endloop
  endfacet
  facet normal  0.000000e+000  0.000000e+000 -1.000000e+000
    outer loop
      vertex -3.918029e+001 -1.762693e+001  0.000000e+000
      vertex -3.999188e+001 -1.685044e+001  0.000000e+000
      vertex -3.667995e+001 -1.687977e+001  0.000000e+000
    endloop
  endfacet
  facet normal  0.000000e+000  -0.000000e+000 -1.000000e+000
    outer loop
      vertex -3.918029e+001 -1.762693e+001  0.000000e+000
      vertex -3.667995e+001 -1.687977e+001  0.000000e+000
      vertex -3.582154e+001 -1.722168e+001  0.000000e+000
    endloop
  endfacet
  facet normal  0.000000e+000  -0.000000e+000 -1.000000e+000
    outer loop
      vertex -3.918029e+001 -1.762693e+001  0.000000e+000
      vertex -3.582154e+001 -1.722168e+001  0.000000e+000
      vertex -3.492134e+001 -1.743002e+001  0.000000e+000
    endloop
  endfacet
  facet normal  0.000000e+000  -0.000000e+000 -9.999999e-001
    outer loop
      vertex -3.918029e+001 -1.762693e+001  0.000000e+000
      vertex -3.492134e+001 -1.743002e+001  0.000000e+000
      vertex -3.400000e+001 -1.750000e+001  0.000000e+000
    endloop
  endfacet
  facet normal  0.000000e+000  -0.000000e+000 -1.000000e+000
    outer loop
      vertex -3.918029e+001 -1.762693e+001  0.000000e+000
      vertex -3.400000e+001 -1.750000e+001  0.000000e+000
      vertex -3.400000e+001 -1.850000e+001  0.000000e+000
    endloop
  endfacet
  facet normal  0.000000e+000  0.000000e+000 -1.000000e+000
    outer loop
      vertex -3.918029e+001 -1.762693e+001  0.000000e+000
      vertex -3.400000e+001 -1.850000e+001  0.000000e+000
      vertex -3.826907e+001 -1.828368e+001  0.000000e+000
    endloop
  endfacet
  facet normal  0.000000e+000  0.000000e+000 -1.000000e+000
    outer loop
      vertex -1.675000e+001 -1.950000e+001  0.000000e+000
      vertex -3.400000e+001 -1.950000e+001  0.000000e+000
      vertex -3.512051e+001 -1.942212e+001  0.000000e+000
    endloop
  endfacet
  facet normal  0.000000e+000  0.000000e+000 -1.000000e+000
    outer loop
      vertex -1.675000e+001 -1.950000e+001  0.000000e+000
      vertex -3.512051e+001 -1.942212e+001  0.000000e+000
      vertex -3.621949e+001 -1.918999e+001  0.000000e+000
    endloop
  endfacet
  facet normal  0.000000e+000  0.000000e+000 -9.999999e-001
    outer loop
      vertex -1.675000e+001 -1.950000e+001  0.000000e+000
      vertex -3.621949e+001 -1.918999e+001  0.000000e+000
      vertex -3.727578e+001 -1.880806e+001  0.000000e+000
    endloop
  endfacet
  facet normal  0.000000e+000  0.000000e+000 -1.000000e+000
    outer loop
      vertex -1.675000e+001 -1.950000e+001  0.000000e+000
      vertex -3.727578e+001 -1.880806e+001  0.000000e+000
      vertex -3.400000e+001 -1.850000e+001  0.000000e+000
    endloop
  endfacet
  facet normal  1.287215e-017  2.220446e-016 -1.000000e+000
    outer loop
      vertex -1.675000e+001 -1.950000e+001  0.000000e+000
      vertex -3.400000e+001 -1.850000e+001  0.000000e+000
      vertex -1.675000e+001 -1.850000e+001  2.220446e-016
    endloop
  endfacet
  facet normal -2.944393e-013 -2.671738e-013 -1.000000e+000
    outer loop
      vertex -3.819400e+001 -1.582948e+001  0.000000e+000
      vertex -3.937500e+001 -1.562500e+001  2.930989e-013
      vertex -3.881491e+001 -1.514521e+001  0.000000e+000
    endloop
  endfacet
  facet normal -3.224469e-013 -2.344791e-013 -1.000000e+000
    outer loop
      vertex -3.881491e+001 -1.514521e+001  0.000000e+000
      vertex -3.937500e+001 -1.562500e+001  2.930989e-013
      vertex -3.937500e+001 -1.437500e+001  0.000000e+000
    endloop
  endfacet
  facet normal  7.155763e-014  5.203576e-014 -1.000000e+000
    outer loop
      vertex -3.881491e+001 -1.514521e+001  0.000000e+000
      vertex -3.937500e+001 -1.437500e+001  0.000000e+000
      vertex -3.932535e+001 -1.437500e+001  3.552714e-015
    endloop
  endfacet
  facet normal  0.000000e+000  0.000000e+000 -1.000000e+000
    outer loop
      vertex  3.826907e+001 -1.828368e+001  0.000000e+000
      vertex  3.727578e+001 -1.880806e+001  0.000000e+000
      vertex  3.400000e+001 -1.850000e+001  0.000000e+000
    endloop
  endfacet
  facet normal  0.000000e+000  0.000000e+000 -1.000000e+000
    outer loop
      vertex  1.675000e+001 -1.950000e+001  0.000000e+000
      vertex  3.512051e+001 -1.942212e+001  0.000000e+000
      vertex  3.400000e+001 -1.950000e+001  0.000000e+000
    endloop
  endfacet
  facet normal  -0.000000e+000  0.000000e+000 -1.000000e+000
    outer loop
      vertex  3.918029e+001 -1.762693e+001  0.000000e+000
      vertex  3.826907e+001 -1.828368e+001  0.000000e+000
      vertex  3.400000e+001 -1.850000e+001  0.000000e+000
    endloop
  endfacet
  facet normal  0.000000e+000  0.000000e+000 -1.000000e+000
    outer loop
      vertex  3.918029e+001 -1.762693e+001  0.000000e+000
      vertex  3.400000e+001 -1.850000e+001  0.000000e+000
      vertex  3.400000e+001 -1.750000e+001  0.000000e+000
    endloop
  endfacet
  facet normal  0.000000e+000  0.000000e+000 -9.999999e-001
    outer loop
      vertex  3.918029e+001 -1.762693e+001  0.000000e+000
      vertex  3.400000e+001 -1.750000e+001  0.000000e+000
      vertex  3.492134e+001 -1.743002e+001  0.000000e+000
    endloop
  endfacet
  facet normal  0.000000e+000  0.000000e+000 -1.000000e+000
    outer loop
      vertex  3.918029e+001 -1.762693e+001  0.000000e+000
      vertex  3.492134e+001 -1.743002e+001  0.000000e+000
      vertex  3.582154e+001 -1.722168e+001  0.000000e+000
    endloop
  endfacet
  facet normal  0.000000e+000  0.000000e+000 -1.000000e+000
    outer loop
      vertex  3.918029e+001 -1.762693e+001  0.000000e+000
      vertex  3.582154e+001 -1.722168e+001  0.000000e+000
      vertex  3.667995e+001 -1.687977e+001  0.000000e+000
    endloop
  endfacet
  facet normal  0.000000e+000  0.000000e+000 -1.000000e+000
    outer loop
      vertex  3.918029e+001 -1.762693e+001  0.000000e+000
      vertex  3.667995e+001 -1.687977e+001  0.000000e+000
      vertex  3.999188e+001 -1.685044e+001  0.000000e+000
    endloop
  endfacet
  facet normal  2.944393e-013 -2.671738e-013 -1.000000e+000
    outer loop
      vertex  3.881491e+001 -1.514521e+001  0.000000e+000
      vertex  3.937500e+001 -1.562500e+001  2.930989e-013
      vertex  3.819400e+001 -1.582948e+001  0.000000e+000
    endloop
  endfacet
  facet normal -4.263263e-015  1.457981e-012 -1.000000e+000
    outer loop
      vertex  3.819400e+001 -1.582948e+001  0.000000e+000
      vertex  3.937500e+001 -1.562500e+001  2.930989e-013
      vertex  4.062500e+001 -1.562500e+001  2.877698e-013
    endloop
  endfacet
  facet normal  4.730910e-014  8.448661e-013 -1.000000e+000
    outer loop
      vertex  3.819400e+001 -1.582948e+001  0.000000e+000
      vertex  4.062500e+001 -1.562500e+001  2.877698e-013
      vertex  4.068826e+001 -1.596915e+001  0.000000e+000
    endloop
  endfacet
  facet normal -5.765410e-012 -2.236419e-013 -1.000000e+000
    outer loop
      vertex  4.068826e+001 -1.596915e+001  0.000000e+000
      vertex  4.062500e+001 -1.562500e+001  2.877698e-013
      vertex  4.062500e+001 -1.500000e+001  1.479936e-013
    endloop
  endfacet
  facet normal -2.345266e-013  1.373950e-013 -1.000000e+000
    outer loop
      vertex  4.068826e+001 -1.596915e+001  0.000000e+000
      vertex  4.062500e+001 -1.500000e+001  1.479936e-013
      vertex  4.125603e+001 -1.500000e+001  0.000000e+000
    endloop
  endfacet
  facet normal  0.000000e+000  -0.000000e+000 -1.000000e+000
    outer loop
      vertex  3.667995e+001 -1.687977e+001  0.000000e+000
      vertex  3.747686e+001 -1.641213e+001  0.000000e+000
      vertex  3.999188e+001 -1.685044e+001  0.000000e+000
    endloop
  endfacet
  facet normal  0.000000e+000  0.000000e+000 -1.000000e+000
    outer loop
      vertex  3.999188e+001 -1.685044e+001  0.000000e+000
      vertex  3.747686e+001 -1.641213e+001  0.000000e+000
      vertex  3.819400e+001 -1.582948e+001  0.000000e+000
    endloop
  endfacet
  facet normal  0.000000e+000  0.000000e+000 -1.000000e+000
    outer loop
      vertex  3.999188e+001 -1.685044e+001  0.000000e+000
      vertex  3.819400e+001 -1.582948e+001  0.000000e+000
      vertex  4.068826e+001 -1.596915e+001  0.000000e+000
    endloop
  endfacet
  facet normal -1.287215e-017 -1.368787e-016 -1.000000e+000
    outer loop
      vertex  3.400000e+001 -1.850000e+001  0.000000e+000
      vertex  3.727578e+001 -1.880806e+001  0.000000e+000
      vertex  1.675000e+001 -1.850000e+001  2.220446e-016
    endloop
  endfacet
  facet normal -7.485343e-018  2.220446e-016 -1.000000e+000
    outer loop
      vertex  1.675000e+001 -1.850000e+001  2.220446e-016
      vertex  3.727578e+001 -1.880806e+001  0.000000e+000
      vertex  1.675000e+001 -1.950000e+001  0.000000e+000
    endloop
  endfacet
  facet normal  -0.000000e+000  0.000000e+000 -9.999999e-001
    outer loop
      vertex  3.727578e+001 -1.880806e+001  0.000000e+000
      vertex  3.621949e+001 -1.918999e+001  0.000000e+000
      vertex  1.675000e+001 -1.950000e+001  0.000000e+000
    endloop
  endfacet
  facet normal  0.000000e+000  0.000000e+000 -1.000000e+000
    outer loop
      vertex  1.675000e+001 -1.950000e+001  0.000000e+000
      vertex  3.621949e+001 -1.918999e+001  0.000000e+000
      vertex  3.512051e+001 -1.942212e+001  0.000000e+000
    endloop
  endfacet
  facet normal  3.338044e-013 -2.212208e-013 -1.000000e+000
    outer loop
      vertex  3.881491e+001 -1.514521e+001  0.000000e+000
      vertex  3.932535e+001 -1.437500e+001  0.000000e+000
      vertex  3.937500e+001 -1.562500e+001  2.930989e-013
    endloop
  endfacet
  facet normal  5.901269e-012 -8.881784e-017 -1.000000e+000
    outer loop
      vertex  3.937500e+001 -1.562500e+001  2.930989e-013
      vertex  3.932535e+001 -1.437500e+001  0.000000e+000
      vertex  3.937500e+001 -1.437500e+001  2.929879e-013
    endloop
  endfacet
  facet normal  -0.000000e+000  0.000000e+000 -1.000000e+000
    outer loop
      vertex -1.328921e+001 -1.950000e+001 -4.875000e+000
      vertex -1.074166e+001 -1.950000e+001 -4.875000e+000
      vertex -1.328921e+001 -2.000000e+001 -4.875000e+000
    endloop
  endfacet
  facet normal  0.000000e+000  0.000000e+000 -1.000000e+000
    outer loop
      vertex -1.328921e+001 -2.000000e+001 -4.875000e+000
      vertex -1.074166e+001 -1.950000e+001 -4.875000e+000
      vertex -1.074166e+001 -2.000000e+001 -4.875000e+000
    endloop
  endfacet
  facet normal  -0.000000e+000  0.000000e+000 -1.000000e+000
    outer loop
      vertex  1.074166e+001 -1.950000e+001 -4.875000e+000
      vertex  1.328921e+001 -1.950000e+001 -4.875000e+000
      vertex  1.074166e+001 -2.000000e+001 -4.875000e+000
    endloop
  endfacet
  facet normal  0.000000e+000  0.000000e+000 -1.000000e+000
    outer loop
      vertex  1.074166e+001 -2.000000e+001 -4.875000e+000
      vertex  1.328921e+001 -1.950000e+001 -4.875000e+000
      vertex  1.328921e+001 -2.000000e+001 -4.875000e+000
    endloop
  endfacet
  facet normal -8.957922e-001  4.444731e-001  0.000000e+000
    outer loop
      vertex -4.181025e+001  1.500000e+001  1.536549e-013
      vertex -4.159106e+001  1.544175e+001  1.000000e+001
      vertex -4.181025e+001  1.500000e+001 -1.000000e+000
    endloop
  endfacet
  facet normal -2.014000e-001  9.795087e-001  7.966462e-004
    outer loop
      vertex -3.515911e+001  1.992153e+001  1.000000e+001
      vertex -3.615338e+001  1.972604e+001 -1.000000e+000
      vertex -3.629708e+001  1.968755e+001  1.000000e+001
    endloop
  endfacet
  facet normal -3.111074e-001  9.503745e-001 -7.384390e-004
    outer loop
      vertex -3.629708e+001  1.968755e+001  1.000000e+001
      vertex -3.615338e+001  1.972604e+001 -1.000000e+000
      vertex -3.718695e+001  1.938770e+001 -1.000000e+000
    endloop
  endfacet
  facet normal -3.315834e-001  9.434253e-001  1.107454e-003
    outer loop
      vertex -3.629708e+001  1.968755e+001  1.000000e+001
      vertex -3.718695e+001  1.938770e+001 -1.000000e+000
      vertex -3.739312e+001  1.930232e+001  1.000000e+001
    endloop
  endfacet
  facet normal -4.285604e-001  9.035125e-001 -1.019889e-003
    outer loop
      vertex -3.739312e+001  1.930232e+001  1.000000e+001
      vertex -3.718695e+001  1.938770e+001 -1.000000e+000
      vertex -3.816957e+001  1.892162e+001 -1.000000e+000
    endloop
  endfacet
  facet normal -4.557117e-001  8.901264e-001  1.359902e-003
    outer loop
      vertex -3.739312e+001  1.930232e+001  1.000000e+001
      vertex -3.816957e+001  1.892162e+001 -1.000000e+000
      vertex -3.842724e+001  1.877289e+001  1.000000e+001
    endloop
  endfacet
  facet normal -5.391648e-001  8.421994e-001 -1.242985e-003
    outer loop
      vertex -3.842724e+001  1.877289e+001  1.000000e+001
      vertex -3.816957e+001  1.892162e+001 -1.000000e+000
      vertex -3.908549e+001  1.833525e+001 -1.000000e+000
    endloop
  endfacet
  facet normal -5.715256e-001  8.205827e-001  1.553555e-003
    outer loop
      vertex -3.842724e+001  1.877289e+001  1.000000e+001
      vertex -3.908549e+001  1.833525e+001 -1.000000e+000
      vertex -3.938057e+001  1.810891e+001  1.000000e+001
    endloop
  endfacet
  facet normal -6.411427e-001  7.674203e-001 -1.407815e-003
    outer loop
      vertex -3.938057e+001  1.810891e+001  1.000000e+001
      vertex -3.908549e+001  1.833525e+001 -1.000000e+000
      vertex -3.992010e+001  1.763798e+001 -1.000000e+000
    endloop
  endfacet
  facet normal -6.769098e-001  7.360641e-001  1.688923e-003
    outer loop
      vertex -3.938057e+001  1.810891e+001  1.000000e+001
      vertex -3.992010e+001  1.763798e+001 -1.000000e+000
      vertex -4.023571e+001  1.732250e+001  1.000000e+001
    endloop
  endfacet
  facet normal -7.328678e-001  6.803693e-001 -1.513924e-003
    outer loop
      vertex -4.023571e+001  1.732250e+001  1.000000e+001
      vertex -3.992010e+001  1.763798e+001 -1.000000e+000
      vertex -4.066003e+001  1.684095e+001 -1.000000e+000
    endloop
  endfacet
  facet normal -7.699410e-001  6.381127e-001  1.766053e-003
    outer loop
      vertex -4.023571e+001  1.732250e+001  1.000000e+001
      vertex -4.066003e+001  1.684095e+001 -1.000000e+000
      vertex -4.097705e+001  1.642800e+001  1.000000e+001
    endloop
  endfacet
  facet normal -8.128750e-001  5.824361e-001 -1.561420e-003
    outer loop
      vertex -4.097705e+001  1.642800e+001  1.000000e+001
      vertex -4.066003e+001  1.684095e+001 -1.000000e+000
      vertex -4.129346e+001  1.595691e+001 -1.000000e+000
    endloop
  endfacet
  facet normal -8.489212e-001  5.285164e-001  1.784637e-003
    outer loop
      vertex -4.097705e+001  1.642800e+001  1.000000e+001
      vertex -4.129346e+001  1.595691e+001 -1.000000e+000
      vertex -4.159106e+001  1.544175e+001  1.000000e+001
    endloop
  endfacet
  facet normal -8.798828e-001  4.751882e-001 -1.550512e-003
    outer loop
      vertex -4.181025e+001  1.500000e+001 -1.000000e+000
      vertex -4.159106e+001  1.544175e+001  1.000000e+001
      vertex -4.129346e+001  1.595691e+001 -1.000000e+000
    endloop
  endfacet
  facet normal -9.673929e-001  2.532804e-001  2.684992e-004
    outer loop
      vertex -4.239482e+001  1.326732e+001  1.000000e+001
      vertex -4.224889e+001  1.383224e+001  2.901258e+000
      vertex -4.238353e+001  1.331741e+001  3.451330e+000
    endloop
  endfacet
  facet normal -9.841859e-001  1.771385e-001 -3.427975e-004
    outer loop
      vertex -4.239482e+001  1.326732e+001  1.000000e+001
      vertex -4.238353e+001  1.331741e+001  3.451330e+000
      vertex -4.252530e+001  1.253101e+001  4.122312e+000
    endloop
  endfacet
  facet normal -9.885743e-001  1.507033e-001  3.066222e-003
    outer loop
      vertex -4.239482e+001  1.326732e+001  1.000000e+001
      vertex -4.252530e+001  1.253101e+001  4.122312e+000
      vertex -4.256991e+001  1.211882e+001  1.000000e+001
    endloop
  endfacet
  facet normal -9.981344e-001 -6.105154e-002 -7.128883e-004
    outer loop
      vertex -4.258859e+001  1.095720e+001  1.000000e+001
      vertex -4.259592e+001  1.113510e+001  5.025175e+000
      vertex -4.256472e+001  1.062178e+001  5.295700e+000
    endloop
  endfacet
  facet normal -9.929095e-001 -1.188236e-001  3.432842e-003
    outer loop
      vertex -4.258859e+001  1.095720e+001  1.000000e+001
      vertex -4.256472e+001  1.062178e+001  5.295700e+000
      vertex -4.245055e+001  9.803667e+000  1.000000e+001
    endloop
  endfacet
  facet normal -9.889458e-001 -1.482664e-001 -1.783678e-003
    outer loop
      vertex -4.256472e+001  1.062178e+001  5.295700e+000
      vertex -4.241923e+001  9.646001e+000  5.743573e+000
      vertex -4.245055e+001  9.803667e+000  1.000000e+001
    endloop
  endfacet
  facet normal -9.678375e-001 -2.515667e-001  2.198061e-003
    outer loop
      vertex -4.215828e+001  8.679261e+000  1.000000e+001
      vertex -4.245055e+001  9.803667e+000  1.000000e+001
      vertex -4.241923e+001  9.646001e+000  5.743573e+000
    endloop
  endfacet
  facet normal -9.645934e-001 -2.637406e-001 -7.658053e-004
    outer loop
      vertex -4.241923e+001  9.646001e+000  5.743573e+000
      vertex -4.214197e+001  8.630829e+000  6.134098e+000
      vertex -4.215828e+001  8.679261e+000  1.000000e+001
    endloop
  endfacet
  facet normal -9.124080e-001  4.092776e-001  1.918976e-003
    outer loop
      vertex -4.206655e+001  1.438174e+001  1.000000e+001
      vertex -4.159106e+001  1.544175e+001  1.000000e+001
      vertex -4.181025e+001  1.500000e+001  1.536549e-013
    endloop
  endfacet
  facet normal -8.486892e-001  5.287789e-001  1.094030e-002
    outer loop
      vertex -4.206655e+001  1.438174e+001  1.000000e+001
      vertex -4.181025e+001  1.500000e+001  1.536549e-013
      vertex -4.183099e+001  1.495465e+001  5.827700e-001
    endloop
  endfacet
  facet normal -9.102041e-001  4.141529e-001  2.428291e-003
    outer loop
      vertex -4.206655e+001  1.438174e+001  1.000000e+001
      vertex -4.183099e+001  1.495465e+001  5.827700e-001
      vertex -4.189086e+001  1.481970e+001  1.159360e+000
    endloop
  endfacet
  facet normal -9.222552e-001  3.865810e-001  8.229110e-004
    outer loop
      vertex -4.206655e+001  1.438174e+001  1.000000e+001
      vertex -4.189086e+001  1.481970e+001  1.159360e+000
      vertex -4.198323e+001  1.459812e+001  1.724453e+000
    endloop
  endfacet
  facet normal -9.359865e-001  3.520362e-001 -2.185397e-004
    outer loop
      vertex -4.206655e+001  1.438174e+001  1.000000e+001
      vertex -4.198323e+001  1.459812e+001  1.724453e+000
      vertex -4.211003e+001  1.426137e+001  2.324514e+000
    endloop
  endfacet
  facet normal -9.512122e-001  3.085367e-001  5.499423e-004
    outer loop
      vertex -4.206655e+001  1.438174e+001  1.000000e+001
      vertex -4.211003e+001  1.426137e+001  2.324514e+000
      vertex -4.224889e+001  1.383224e+001  2.901258e+000
    endloop
  endfacet
  facet normal -9.592438e-001  2.825662e-001  2.766592e-003
    outer loop
      vertex -4.206655e+001  1.438174e+001  1.000000e+001
      vertex -4.224889e+001  1.383224e+001  2.901258e+000
      vertex -4.239482e+001  1.326732e+001  1.000000e+001
    endloop
  endfacet
  facet normal -6.754544e-002  9.977162e-001  0.000000e+000
    outer loop
      vertex -3.400000e+001  2.000000e+001  1.000000e+001
      vertex -3.400000e+001  2.000000e+001 -1.000000e+000
      vertex -3.515911e+001  1.992153e+001  1.000000e+001
    endloop
  endfacet
  facet normal -6.323013e-002  9.979988e-001  4.567383e-004
    outer loop
      vertex -3.515911e+001  1.992153e+001  1.000000e+001
      vertex -3.400000e+001  2.000000e+001 -1.000000e+000
      vertex -3.508537e+001  1.993123e+001 -1.000000e+000
    endloop
  endfacet
  facet normal -1.886767e-001  9.820392e-001 -3.983581e-004
    outer loop
      vertex -3.515911e+001  1.992153e+001  1.000000e+001
      vertex -3.508537e+001  1.993123e+001 -1.000000e+000
      vertex -3.615338e+001  1.972604e+001 -1.000000e+000
    endloop
  endfacet
  facet normal -9.999980e-001 -1.415864e-003  1.422390e-003
    outer loop
      vertex -4.259592e+001  1.113510e+001  5.025175e+000
      vertex -4.258859e+001  1.095720e+001  1.000000e+001
      vertex -4.259702e+001  1.162621e+001  4.738967e+000
    endloop
  endfacet
  facet normal -9.998640e-001  1.608260e-002  3.647328e-003
    outer loop
      vertex -4.259702e+001  1.162621e+001  4.738967e+000
      vertex -4.258859e+001  1.095720e+001  1.000000e+001
      vertex -4.256991e+001  1.211882e+001  1.000000e+001
    endloop
  endfacet
  facet normal -9.969839e-001  7.757870e-002 -2.125634e-003
    outer loop
      vertex -4.259702e+001  1.162621e+001  4.738967e+000
      vertex -4.256991e+001  1.211882e+001  1.000000e+001
      vertex -4.252530e+001  1.253101e+001  4.122312e+000
    endloop
  endfacet
  facet normal -9.251023e-001 -3.797170e-001  8.537841e-004
    outer loop
      vertex -4.215828e+001  8.679261e+000  1.000000e+001
      vertex -4.214197e+001  8.630829e+000  6.134098e+000
      vertex -4.171714e+001  7.604507e+000  1.000000e+001
    endloop
  endfacet
  facet normal -9.370743e-001 -3.489771e-001  1.033024e-002
    outer loop
      vertex -4.171714e+001  7.604507e+000  1.000000e+001
      vertex -4.214197e+001  8.630829e+000  6.134098e+000
      vertex -4.194875e+001  8.117106e+000  6.306991e+000
    endloop
  endfacet
  facet normal -9.112954e-001 -4.117533e-001  0.000000e+000
    outer loop
      vertex -4.171714e+001  7.604507e+000  1.000000e+001
      vertex -4.194875e+001  8.117106e+000  6.306991e+000
      vertex -4.171714e+001  7.604507e+000  6.464740e+000
    endloop
  endfacet
  facet normal  9.645934e-001 -2.637406e-001 -7.658053e-004
    outer loop
      vertex  4.215828e+001  8.679261e+000  1.000000e+001
      vertex  4.214197e+001  8.630829e+000  6.134098e+000
      vertex  4.241923e+001  9.646001e+000  5.743573e+000
    endloop
  endfacet
  facet normal  9.678375e-001 -2.515667e-001  2.198061e-003
    outer loop
      vertex  4.215828e+001  8.679261e+000  1.000000e+001
      vertex  4.241923e+001  9.646001e+000  5.743573e+000
      vertex  4.245055e+001  9.803667e+000  1.000000e+001
    endloop
  endfacet
  facet normal  9.889458e-001 -1.482664e-001 -1.783678e-003
    outer loop
      vertex  4.245055e+001  9.803667e+000  1.000000e+001
      vertex  4.241923e+001  9.646001e+000  5.743573e+000
      vertex  4.256472e+001  1.062178e+001  5.295700e+000
    endloop
  endfacet
  facet normal  9.929095e-001 -1.188236e-001  3.432842e-003
    outer loop
      vertex  4.245055e+001  9.803667e+000  1.000000e+001
      vertex  4.256472e+001  1.062178e+001  5.295700e+000
      vertex  4.258859e+001  1.095720e+001  1.000000e+001
    endloop
  endfacet
  facet normal  9.969839e-001  7.757872e-002 -2.125635e-003
    outer loop
      vertex  4.259702e+001  1.162621e+001  4.738967e+000
      vertex  4.252530e+001  1.253101e+001  4.122312e+000
      vertex  4.256991e+001  1.211882e+001  1.000000e+001
    endloop
  endfacet
  facet normal  9.885743e-001  1.507033e-001  3.066221e-003
    outer loop
      vertex  4.239482e+001  1.326732e+001  1.000000e+001
      vertex  4.256991e+001  1.211882e+001  1.000000e+001
      vertex  4.252530e+001  1.253101e+001  4.122312e+000
    endloop
  endfacet
  facet normal  9.841859e-001  1.771385e-001 -3.427975e-004
    outer loop
      vertex  4.252530e+001  1.253101e+001  4.122312e+000
      vertex  4.238353e+001  1.331741e+001  3.451330e+000
      vertex  4.239482e+001  1.326732e+001  1.000000e+001
    endloop
  endfacet
  facet normal  9.359864e-001  3.520362e-001 -2.185404e-004
    outer loop
      vertex  4.206655e+001  1.438174e+001  1.000000e+001
      vertex  4.211003e+001  1.426137e+001  2.324514e+000
      vertex  4.198323e+001  1.459812e+001  1.724453e+000
    endloop
  endfacet
  facet normal  8.128750e-001  5.824361e-001 -1.561420e-003
    outer loop
      vertex  4.129346e+001  1.595691e+001 -1.000000e+000
      vertex  4.066003e+001  1.684095e+001 -1.000000e+000
      vertex  4.097705e+001  1.642800e+001  1.000000e+001
    endloop
  endfacet
  facet normal  7.699410e-001  6.381127e-001  1.766053e-003
    outer loop
      vertex  4.023571e+001  1.732250e+001  1.000000e+001
      vertex  4.097705e+001  1.642800e+001  1.000000e+001
      vertex  4.066003e+001  1.684095e+001 -1.000000e+000
    endloop
  endfacet
  facet normal  7.328678e-001  6.803693e-001 -1.513924e-003
    outer loop
      vertex  4.066003e+001  1.684095e+001 -1.000000e+000
      vertex  3.992010e+001  1.763798e+001 -1.000000e+000
      vertex  4.023571e+001  1.732250e+001  1.000000e+001
    endloop
  endfacet
  facet normal  6.769098e-001  7.360641e-001  1.688923e-003
    outer loop
      vertex  3.938057e+001  1.810891e+001  1.000000e+001
      vertex  4.023571e+001  1.732250e+001  1.000000e+001
      vertex  3.992010e+001  1.763798e+001 -1.000000e+000
    endloop
  endfacet
  facet normal  6.411427e-001  7.674203e-001 -1.407815e-003
    outer loop
      vertex  3.992010e+001  1.763798e+001 -1.000000e+000
      vertex  3.908549e+001  1.833525e+001 -1.000000e+000
      vertex  3.938057e+001  1.810891e+001  1.000000e+001
    endloop
  endfacet
  facet normal  5.715256e-001  8.205827e-001  1.553555e-003
    outer loop
      vertex  3.842724e+001  1.877289e+001  1.000000e+001
      vertex  3.938057e+001  1.810891e+001  1.000000e+001
      vertex  3.908549e+001  1.833525e+001 -1.000000e+000
    endloop
  endfacet
  facet normal  5.391648e-001  8.421994e-001 -1.242985e-003
    outer loop
      vertex  3.908549e+001  1.833525e+001 -1.000000e+000
      vertex  3.816957e+001  1.892162e+001 -1.000000e+000
      vertex  3.842724e+001  1.877289e+001  1.000000e+001
    endloop
  endfacet
  facet normal  4.557117e-001  8.901264e-001  1.359902e-003
    outer loop
      vertex  3.739312e+001  1.930232e+001  1.000000e+001
      vertex  3.842724e+001  1.877289e+001  1.000000e+001
      vertex  3.816957e+001  1.892162e+001 -1.000000e+000
    endloop
  endfacet
  facet normal  4.285604e-001  9.035125e-001 -1.019889e-003
    outer loop
      vertex  3.816957e+001  1.892162e+001 -1.000000e+000
      vertex  3.718695e+001  1.938770e+001 -1.000000e+000
      vertex  3.739312e+001  1.930232e+001  1.000000e+001
    endloop
  endfacet
  facet normal  3.315834e-001  9.434253e-001  1.107453e-003
    outer loop
      vertex  3.629708e+001  1.968755e+001  1.000000e+001
      vertex  3.739312e+001  1.930232e+001  1.000000e+001
      vertex  3.718695e+001  1.938770e+001 -1.000000e+000
    endloop
  endfacet
  facet normal  3.111074e-001  9.503745e-001 -7.384390e-004
    outer loop
      vertex  3.718695e+001  1.938770e+001 -1.000000e+000
      vertex  3.615338e+001  1.972604e+001 -1.000000e+000
      vertex  3.629708e+001  1.968755e+001  1.000000e+001
    endloop
  endfacet
  facet normal  2.014000e-001  9.795087e-001  7.966460e-004
    outer loop
      vertex  3.515911e+001  1.992153e+001  1.000000e+001
      vertex  3.629708e+001  1.968755e+001  1.000000e+001
      vertex  3.615338e+001  1.972604e+001 -1.000000e+000
    endloop
  endfacet
  facet normal  9.124085e-001  4.092778e-001  1.515473e-003
    outer loop
      vertex  4.159106e+001  1.544175e+001  1.000000e+001
      vertex  4.206655e+001  1.438174e+001  1.000000e+001
      vertex  4.198323e+001  1.459812e+001  1.724453e+000
    endloop
  endfacet
  facet normal  9.197309e-001  3.925331e-001  3.569487e-003
    outer loop
      vertex  4.159106e+001  1.544175e+001  1.000000e+001
      vertex  4.198323e+001  1.459812e+001  1.724453e+000
      vertex  4.189086e+001  1.481970e+001  1.159360e+000
    endloop
  endfacet
  facet normal  9.110746e-001  4.122371e-001  1.889512e-003
    outer loop
      vertex  4.159106e+001  1.544175e+001  1.000000e+001
      vertex  4.189086e+001  1.481970e+001  1.159360e+000
      vertex  4.183099e+001  1.495465e+001  5.827700e-001
    endloop
  endfacet
  facet normal  9.045190e-001  4.264323e-001  9.882411e-004
    outer loop
      vertex  4.159106e+001  1.544175e+001  1.000000e+001
      vertex  4.183099e+001  1.495465e+001  5.827700e-001
      vertex  4.181025e+001  1.500000e+001  1.534328e-013
    endloop
  endfacet
  facet normal  8.957922e-001  4.444731e-001  0.000000e+000
    outer loop
      vertex  4.159106e+001  1.544175e+001  1.000000e+001
      vertex  4.181025e+001  1.500000e+001  1.534328e-013
      vertex  4.181025e+001  1.500000e+001 -1.000000e+000
    endloop
  endfacet
  facet normal  8.798828e-001  4.751882e-001 -1.550513e-003
    outer loop
      vertex  4.159106e+001  1.544175e+001  1.000000e+001
      vertex  4.181025e+001  1.500000e+001 -1.000000e+000
      vertex  4.129346e+001  1.595691e+001 -1.000000e+000
    endloop
  endfacet
  facet normal  8.489212e-001  5.285164e-001  1.784637e-003
    outer loop
      vertex  4.159106e+001  1.544175e+001  1.000000e+001
      vertex  4.129346e+001  1.595691e+001 -1.000000e+000
      vertex  4.097705e+001  1.642800e+001  1.000000e+001
    endloop
  endfacet
  facet normal  9.251027e-001 -3.797171e-001  0.000000e+000
    outer loop
      vertex  4.171714e+001  7.604507e+000  1.000000e+001
      vertex  4.171714e+001  7.604507e+000  6.464740e+000
      vertex  4.215828e+001  8.679261e+000  1.000000e+001
    endloop
  endfacet
  facet normal  9.124531e-001 -4.090466e-001  1.049493e-002
    outer loop
      vertex  4.215828e+001  8.679261e+000  1.000000e+001
      vertex  4.171714e+001  7.604507e+000  6.464740e+000
      vertex  4.194875e+001  8.117106e+000  6.306991e+000
    endloop
  endfacet
  facet normal  9.360345e-001 -3.519081e-001  4.592675e-004
    outer loop
      vertex  4.215828e+001  8.679261e+000  1.000000e+001
      vertex  4.194875e+001  8.117106e+000  6.306991e+000
      vertex  4.214197e+001  8.630829e+000  6.134098e+000
    endloop
  endfacet
  facet normal  9.999868e-001  7.195037e-004  5.086467e-003
    outer loop
      vertex  4.259702e+001  1.162621e+001  4.738967e+000
      vertex  4.256991e+001  1.211882e+001  1.000000e+001
      vertex  4.259592e+001  1.113510e+001  5.025175e+000
    endloop
  endfacet
  facet normal  9.998685e-001  1.608268e-002  2.047936e-003
    outer loop
      vertex  4.259592e+001  1.113510e+001  5.025175e+000
      vertex  4.256991e+001  1.211882e+001  1.000000e+001
      vertex  4.258859e+001  1.095720e+001  1.000000e+001
    endloop
  endfacet
  facet normal  9.981344e-001 -6.105155e-002 -7.128883e-004
    outer loop
      vertex  4.259592e+001  1.113510e+001  5.025175e+000
      vertex  4.258859e+001  1.095720e+001  1.000000e+001
      vertex  4.256472e+001  1.062178e+001  5.295700e+000
    endloop
  endfacet
  facet normal  9.592474e-001  2.825673e-001  5.065344e-004
    outer loop
      vertex  4.239482e+001  1.326732e+001  1.000000e+001
      vertex  4.238353e+001  1.331741e+001  3.451330e+000
      vertex  4.206655e+001  1.438174e+001  1.000000e+001
    endloop
  endfacet
  facet normal  9.661694e-001  2.578627e-001  4.856756e-003
    outer loop
      vertex  4.206655e+001  1.438174e+001  1.000000e+001
      vertex  4.238353e+001  1.331741e+001  3.451330e+000
      vertex  4.224889e+001  1.383224e+001  2.901258e+000
    endloop
  endfacet
  facet normal  9.512122e-001  3.085367e-001  5.499428e-004
    outer loop
      vertex  4.206655e+001  1.438174e+001  1.000000e+001
      vertex  4.224889e+001  1.383224e+001  2.901258e+000
      vertex  4.211003e+001  1.426137e+001  2.324514e+000
    endloop
  endfacet
  facet normal  6.323013e-002  9.979990e-001  0.000000e+000
    outer loop
      vertex  3.400000e+001  2.000000e+001 -1.000000e+000
      vertex  3.400000e+001  2.000000e+001  1.000000e+001
      vertex  3.508537e+001  1.993123e+001 -1.000000e+000
    endloop
  endfacet
  facet normal  6.754543e-002  9.977161e-001  4.275583e-004
    outer loop
      vertex  3.508537e+001  1.993123e+001 -1.000000e+000
      vertex  3.400000e+001  2.000000e+001  1.000000e+001
      vertex  3.515911e+001  1.992153e+001  1.000000e+001
    endloop
  endfacet
  facet normal  1.886767e-001  9.820392e-001 -3.983581e-004
    outer loop
      vertex  3.508537e+001  1.993123e+001 -1.000000e+000
      vertex  3.515911e+001  1.992153e+001  1.000000e+001
      vertex  3.615338e+001  1.972604e+001 -1.000000e+000
    endloop
  endfacet
  facet normal -9.645934e-001  2.637406e-001 -7.658053e-004
    outer loop
      vertex -4.215828e+001 -8.679261e+000  1.000000e+001
      vertex -4.214197e+001 -8.630829e+000  6.134098e+000
      vertex -4.241923e+001 -9.646001e+000  5.743573e+000
    endloop
  endfacet
  facet normal -9.678375e-001  2.515667e-001  2.198061e-003
    outer loop
      vertex -4.215828e+001 -8.679261e+000  1.000000e+001
      vertex -4.241923e+001 -9.646001e+000  5.743573e+000
      vertex -4.245055e+001 -9.803667e+000  1.000000e+001
    endloop
  endfacet
  facet normal -9.889458e-001  1.482664e-001 -1.783678e-003
    outer loop
      vertex -4.245055e+001 -9.803667e+000  1.000000e+001
      vertex -4.241923e+001 -9.646001e+000  5.743573e+000
      vertex -4.256472e+001 -1.062178e+001  5.295700e+000
    endloop
  endfacet
  facet normal -9.929095e-001  1.188236e-001  3.432842e-003
    outer loop
      vertex -4.245055e+001 -9.803667e+000  1.000000e+001
      vertex -4.256472e+001 -1.062178e+001  5.295700e+000
      vertex -4.258859e+001 -1.095720e+001  1.000000e+001
    endloop
  endfacet
  facet normal -9.969839e-001 -7.757872e-002 -2.125635e-003
    outer loop
      vertex -4.259702e+001 -1.162621e+001  4.738967e+000
      vertex -4.252530e+001 -1.253101e+001  4.122312e+000
      vertex -4.256991e+001 -1.211882e+001  1.000000e+001
    endloop
  endfacet
  facet normal -9.885743e-001 -1.507033e-001  3.066221e-003
    outer loop
      vertex -4.239482e+001 -1.326732e+001  1.000000e+001
      vertex -4.256991e+001 -1.211882e+001  1.000000e+001
      vertex -4.252530e+001 -1.253101e+001  4.122312e+000
    endloop
  endfacet
  facet normal -9.841859e-001 -1.771385e-001 -3.427975e-004
    outer loop
      vertex -4.252530e+001 -1.253101e+001  4.122312e+000
      vertex -4.238353e+001 -1.331741e+001  3.451330e+000
      vertex -4.239482e+001 -1.326732e+001  1.000000e+001
    endloop
  endfacet
  facet normal -9.359864e-001 -3.520362e-001 -2.185404e-004
    outer loop
      vertex -4.206655e+001 -1.438174e+001  1.000000e+001
      vertex -4.211003e+001 -1.426137e+001  2.324514e+000
      vertex -4.198323e+001 -1.459812e+001  1.724453e+000
    endloop
  endfacet
  facet normal -8.128750e-001 -5.824361e-001 -1.561420e-003
    outer loop
      vertex -4.129346e+001 -1.595691e+001 -1.000000e+000
      vertex -4.066003e+001 -1.684095e+001 -1.000000e+000
      vertex -4.097705e+001 -1.642800e+001  1.000000e+001
    endloop
  endfacet
  facet normal -7.699410e-001 -6.381127e-001  1.766053e-003
    outer loop
      vertex -4.023571e+001 -1.732250e+001  1.000000e+001
      vertex -4.097705e+001 -1.642800e+001  1.000000e+001
      vertex -4.066003e+001 -1.684095e+001 -1.000000e+000
    endloop
  endfacet
  facet normal -7.328678e-001 -6.803693e-001 -1.513924e-003
    outer loop
      vertex -4.066003e+001 -1.684095e+001 -1.000000e+000
      vertex -3.992010e+001 -1.763798e+001 -1.000000e+000
      vertex -4.023571e+001 -1.732250e+001  1.000000e+001
    endloop
  endfacet
  facet normal -6.769098e-001 -7.360641e-001  1.688923e-003
    outer loop
      vertex -3.938057e+001 -1.810891e+001  1.000000e+001
      vertex -4.023571e+001 -1.732250e+001  1.000000e+001
      vertex -3.992010e+001 -1.763798e+001 -1.000000e+000
    endloop
  endfacet
  facet normal -6.411427e-001 -7.674203e-001 -1.407815e-003
    outer loop
      vertex -3.992010e+001 -1.763798e+001 -1.000000e+000
      vertex -3.908549e+001 -1.833525e+001 -1.000000e+000
      vertex -3.938057e+001 -1.810891e+001  1.000000e+001
    endloop
  endfacet
  facet normal -5.715256e-001 -8.205827e-001  1.553555e-003
    outer loop
      vertex -3.842724e+001 -1.877289e+001  1.000000e+001
      vertex -3.938057e+001 -1.810891e+001  1.000000e+001
      vertex -3.908549e+001 -1.833525e+001 -1.000000e+000
    endloop
  endfacet
  facet normal -5.391648e-001 -8.421994e-001 -1.242985e-003
    outer loop
      vertex -3.908549e+001 -1.833525e+001 -1.000000e+000
      vertex -3.816957e+001 -1.892162e+001 -1.000000e+000
      vertex -3.842724e+001 -1.877289e+001  1.000000e+001
    endloop
  endfacet
  facet normal -4.557117e-001 -8.901264e-001  1.359902e-003
    outer loop
      vertex -3.739312e+001 -1.930232e+001  1.000000e+001
      vertex -3.842724e+001 -1.877289e+001  1.000000e+001
      vertex -3.816957e+001 -1.892162e+001 -1.000000e+000
    endloop
  endfacet
  facet normal -4.285604e-001 -9.035125e-001 -1.019889e-003
    outer loop
      vertex -3.816957e+001 -1.892162e+001 -1.000000e+000
      vertex -3.718695e+001 -1.938770e+001 -1.000000e+000
      vertex -3.739312e+001 -1.930232e+001  1.000000e+001
    endloop
  endfacet
  facet normal -3.315834e-001 -9.434253e-001  1.107453e-003
    outer loop
      vertex -3.629708e+001 -1.968755e+001  1.000000e+001
      vertex -3.739312e+001 -1.930232e+001  1.000000e+001
      vertex -3.718695e+001 -1.938770e+001 -1.000000e+000
    endloop
  endfacet
  facet normal -3.111074e-001 -9.503745e-001 -7.384390e-004
    outer loop
      vertex -3.718695e+001 -1.938770e+001 -1.000000e+000
      vertex -3.615338e+001 -1.972604e+001 -1.000000e+000
      vertex -3.629708e+001 -1.968755e+001  1.000000e+001
    endloop
  endfacet
  facet normal -2.014000e-001 -9.795087e-001  7.966460e-004
    outer loop
      vertex -3.515911e+001 -1.992153e+001  1.000000e+001
      vertex -3.629708e+001 -1.968755e+001  1.000000e+001
      vertex -3.615338e+001 -1.972604e+001 -1.000000e+000
    endloop
  endfacet
  facet normal -9.124085e-001 -4.092778e-001  1.515473e-003
    outer loop
      vertex -4.159106e+001 -1.544175e+001  1.000000e+001
      vertex -4.206655e+001 -1.438174e+001  1.000000e+001
      vertex -4.198323e+001 -1.459812e+001  1.724453e+000
    endloop
  endfacet
  facet normal -9.197309e-001 -3.925331e-001  3.569487e-003
    outer loop
      vertex -4.159106e+001 -1.544175e+001  1.000000e+001
      vertex -4.198323e+001 -1.459812e+001  1.724453e+000
      vertex -4.189086e+001 -1.481970e+001  1.159360e+000
    endloop
  endfacet
  facet normal -9.110746e-001 -4.122371e-001  1.889512e-003
    outer loop
      vertex -4.159106e+001 -1.544175e+001  1.000000e+001
      vertex -4.189086e+001 -1.481970e+001  1.159360e+000
      vertex -4.183099e+001 -1.495465e+001  5.827700e-001
    endloop
  endfacet
  facet normal -9.045190e-001 -4.264323e-001  9.882411e-004
    outer loop
      vertex -4.159106e+001 -1.544175e+001  1.000000e+001
      vertex -4.183099e+001 -1.495465e+001  5.827700e-001
      vertex -4.181025e+001 -1.500000e+001  1.509903e-013
    endloop
  endfacet
  facet normal -8.957922e-001 -4.444731e-001  -0.000000e+000
    outer loop
      vertex -4.159106e+001 -1.544175e+001  1.000000e+001
      vertex -4.181025e+001 -1.500000e+001  1.509903e-013
      vertex -4.181025e+001 -1.500000e+001 -1.000000e+000
    endloop
  endfacet
  facet normal -8.798828e-001 -4.751882e-001 -1.550513e-003
    outer loop
      vertex -4.159106e+001 -1.544175e+001  1.000000e+001
      vertex -4.181025e+001 -1.500000e+001 -1.000000e+000
      vertex -4.129346e+001 -1.595691e+001 -1.000000e+000
    endloop
  endfacet
  facet normal -8.489212e-001 -5.285164e-001  1.784637e-003
    outer loop
      vertex -4.159106e+001 -1.544175e+001  1.000000e+001
      vertex -4.129346e+001 -1.595691e+001 -1.000000e+000
      vertex -4.097705e+001 -1.642800e+001  1.000000e+001
    endloop
  endfacet
  facet normal -9.251027e-001  3.797171e-001  0.000000e+000
    outer loop
      vertex -4.171714e+001 -7.604507e+000  1.000000e+001
      vertex -4.171714e+001 -7.604507e+000  6.464740e+000
      vertex -4.215828e+001 -8.679261e+000  1.000000e+001
    endloop
  endfacet
  facet normal -9.124531e-001  4.090466e-001  1.049493e-002
    outer loop
      vertex -4.215828e+001 -8.679261e+000  1.000000e+001
      vertex -4.171714e+001 -7.604507e+000  6.464740e+000
      vertex -4.194875e+001 -8.117106e+000  6.306991e+000
    endloop
  endfacet
  facet normal -9.360345e-001  3.519081e-001  4.592675e-004
    outer loop
      vertex -4.215828e+001 -8.679261e+000  1.000000e+001
      vertex -4.194875e+001 -8.117106e+000  6.306991e+000
      vertex -4.214197e+001 -8.630829e+000  6.134098e+000
    endloop
  endfacet
  facet normal -9.999868e-001 -7.195037e-004  5.086467e-003
    outer loop
      vertex -4.259702e+001 -1.162621e+001  4.738967e+000
      vertex -4.256991e+001 -1.211882e+001  1.000000e+001
      vertex -4.259592e+001 -1.113510e+001  5.025175e+000
    endloop
  endfacet
  facet normal -9.998685e-001 -1.608268e-002  2.047936e-003
    outer loop
      vertex -4.259592e+001 -1.113510e+001  5.025175e+000
      vertex -4.256991e+001 -1.211882e+001  1.000000e+001
      vertex -4.258859e+001 -1.095720e+001  1.000000e+001
    endloop
  endfacet
  facet normal -9.981344e-001  6.105155e-002 -7.128883e-004
    outer loop
      vertex -4.259592e+001 -1.113510e+001  5.025175e+000
      vertex -4.258859e+001 -1.095720e+001  1.000000e+001
      vertex -4.256472e+001 -1.062178e+001  5.295700e+000
    endloop
  endfacet
  facet normal -9.592474e-001 -2.825673e-001  5.065344e-004
    outer loop
      vertex -4.239482e+001 -1.326732e+001  1.000000e+001
      vertex -4.238353e+001 -1.331741e+001  3.451330e+000
      vertex -4.206655e+001 -1.438174e+001  1.000000e+001
    endloop
  endfacet
  facet normal -9.661694e-001 -2.578627e-001  4.856756e-003
    outer loop
      vertex -4.206655e+001 -1.438174e+001  1.000000e+001
      vertex -4.238353e+001 -1.331741e+001  3.451330e+000
      vertex -4.224889e+001 -1.383224e+001  2.901258e+000
    endloop
  endfacet
  facet normal -9.512122e-001 -3.085367e-001  5.499428e-004
    outer loop
      vertex -4.206655e+001 -1.438174e+001  1.000000e+001
      vertex -4.224889e+001 -1.383224e+001  2.901258e+000
      vertex -4.211003e+001 -1.426137e+001  2.324514e+000
    endloop
  endfacet
  facet normal -6.323013e-002 -9.979990e-001  -0.000000e+000
    outer loop
      vertex -3.400000e+001 -2.000000e+001 -1.000000e+000
      vertex -3.400000e+001 -2.000000e+001  1.000000e+001
      vertex -3.508537e+001 -1.993123e+001 -1.000000e+000
    endloop
  endfacet
  facet normal -6.754543e-002 -9.977161e-001  4.275583e-004
    outer loop
      vertex -3.508537e+001 -1.993123e+001 -1.000000e+000
      vertex -3.400000e+001 -2.000000e+001  1.000000e+001
      vertex -3.515911e+001 -1.992153e+001  1.000000e+001
    endloop
  endfacet
  facet normal -1.886767e-001 -9.820392e-001 -3.983581e-004
    outer loop
      vertex -3.508537e+001 -1.993123e+001 -1.000000e+000
      vertex -3.515911e+001 -1.992153e+001  1.000000e+001
      vertex -3.615338e+001 -1.972604e+001 -1.000000e+000
    endloop
  endfacet
  facet normal  8.957922e-001 -4.444731e-001  0.000000e+000
    outer loop
      vertex  4.181025e+001 -1.500000e+001  1.521006e-013
      vertex  4.159106e+001 -1.544175e+001  1.000000e+001
      vertex  4.181025e+001 -1.500000e+001 -1.000000e+000
    endloop
  endfacet
  facet normal  2.014000e-001 -9.795087e-001  7.966462e-004
    outer loop
      vertex  3.515911e+001 -1.992153e+001  1.000000e+001
      vertex  3.615338e+001 -1.972604e+001 -1.000000e+000
      vertex  3.629708e+001 -1.968755e+001  1.000000e+001
    endloop
  endfacet
  facet normal  3.111074e-001 -9.503745e-001 -7.384390e-004
    outer loop
      vertex  3.629708e+001 -1.968755e+001  1.000000e+001
      vertex  3.615338e+001 -1.972604e+001 -1.000000e+000
      vertex  3.718695e+001 -1.938770e+001 -1.000000e+000
    endloop
  endfacet
  facet normal  3.315834e-001 -9.434253e-001  1.107454e-003
    outer loop
      vertex  3.629708e+001 -1.968755e+001  1.000000e+001
      vertex  3.718695e+001 -1.938770e+001 -1.000000e+000
      vertex  3.739312e+001 -1.930232e+001  1.000000e+001
    endloop
  endfacet
  facet normal  4.285604e-001 -9.035125e-001 -1.019889e-003
    outer loop
      vertex  3.739312e+001 -1.930232e+001  1.000000e+001
      vertex  3.718695e+001 -1.938770e+001 -1.000000e+000
      vertex  3.816957e+001 -1.892162e+001 -1.000000e+000
    endloop
  endfacet
  facet normal  4.557117e-001 -8.901264e-001  1.359902e-003
    outer loop
      vertex  3.739312e+001 -1.930232e+001  1.000000e+001
      vertex  3.816957e+001 -1.892162e+001 -1.000000e+000
      vertex  3.842724e+001 -1.877289e+001  1.000000e+001
    endloop
  endfacet
  facet normal  5.391648e-001 -8.421994e-001 -1.242985e-003
    outer loop
      vertex  3.842724e+001 -1.877289e+001  1.000000e+001
      vertex  3.816957e+001 -1.892162e+001 -1.000000e+000
      vertex  3.908549e+001 -1.833525e+001 -1.000000e+000
    endloop
  endfacet
  facet normal  5.715256e-001 -8.205827e-001  1.553555e-003
    outer loop
      vertex  3.842724e+001 -1.877289e+001  1.000000e+001
      vertex  3.908549e+001 -1.833525e+001 -1.000000e+000
      vertex  3.938057e+001 -1.810891e+001  1.000000e+001
    endloop
  endfacet
  facet normal  6.411427e-001 -7.674203e-001 -1.407815e-003
    outer loop
      vertex  3.938057e+001 -1.810891e+001  1.000000e+001
      vertex  3.908549e+001 -1.833525e+001 -1.000000e+000
      vertex  3.992010e+001 -1.763798e+001 -1.000000e+000
    endloop
  endfacet
  facet normal  6.769098e-001 -7.360641e-001  1.688923e-003
    outer loop
      vertex  3.938057e+001 -1.810891e+001  1.000000e+001
      vertex  3.992010e+001 -1.763798e+001 -1.000000e+000
      vertex  4.023571e+001 -1.732250e+001  1.000000e+001
    endloop
  endfacet
  facet normal  7.328678e-001 -6.803693e-001 -1.513924e-003
    outer loop
      vertex  4.023571e+001 -1.732250e+001  1.000000e+001
      vertex  3.992010e+001 -1.763798e+001 -1.000000e+000
      vertex  4.066003e+001 -1.684095e+001 -1.000000e+000
    endloop
  endfacet
  facet normal  7.699410e-001 -6.381127e-001  1.766053e-003
    outer loop
      vertex  4.023571e+001 -1.732250e+001  1.000000e+001
      vertex  4.066003e+001 -1.684095e+001 -1.000000e+000
      vertex  4.097705e+001 -1.642800e+001  1.000000e+001
    endloop
  endfacet
  facet normal  8.128750e-001 -5.824361e-001 -1.561420e-003
    outer loop
      vertex  4.097705e+001 -1.642800e+001  1.000000e+001
      vertex  4.066003e+001 -1.684095e+001 -1.000000e+000
      vertex  4.129346e+001 -1.595691e+001 -1.000000e+000
    endloop
  endfacet
  facet normal  8.489212e-001 -5.285164e-001  1.784637e-003
    outer loop
      vertex  4.097705e+001 -1.642800e+001  1.000000e+001
      vertex  4.129346e+001 -1.595691e+001 -1.000000e+000
      vertex  4.159106e+001 -1.544175e+001  1.000000e+001
    endloop
  endfacet
  facet normal  8.798828e-001 -4.751882e-001 -1.550512e-003
    outer loop
      vertex  4.181025e+001 -1.500000e+001 -1.000000e+000
      vertex  4.159106e+001 -1.544175e+001  1.000000e+001
      vertex  4.129346e+001 -1.595691e+001 -1.000000e+000
    endloop
  endfacet
  facet normal  9.673929e-001 -2.532804e-001  2.684992e-004
    outer loop
      vertex  4.239482e+001 -1.326732e+001  1.000000e+001
      vertex  4.224889e+001 -1.383224e+001  2.901258e+000
      vertex  4.238353e+001 -1.331741e+001  3.451330e+000
    endloop
  endfacet
  facet normal  9.841859e-001 -1.771385e-001 -3.427975e-004
    outer loop
      vertex  4.239482e+001 -1.326732e+001  1.000000e+001
      vertex  4.238353e+001 -1.331741e+001  3.451330e+000
      vertex  4.252530e+001 -1.253101e+001  4.122312e+000
    endloop
  endfacet
  facet normal  9.885743e-001 -1.507033e-001  3.066222e-003
    outer loop
      vertex  4.239482e+001 -1.326732e+001  1.000000e+001
      vertex  4.252530e+001 -1.253101e+001  4.122312e+000
      vertex  4.256991e+001 -1.211882e+001  1.000000e+001
    endloop
  endfacet
  facet normal  9.981344e-001  6.105154e-002 -7.128883e-004
    outer loop
      vertex  4.258859e+001 -1.095720e+001  1.000000e+001
      vertex  4.259592e+001 -1.113510e+001  5.025175e+000
      vertex  4.256472e+001 -1.062178e+001  5.295700e+000
    endloop
  endfacet
  facet normal  9.929095e-001  1.188236e-001  3.432842e-003
    outer loop
      vertex  4.258859e+001 -1.095720e+001  1.000000e+001
      vertex  4.256472e+001 -1.062178e+001  5.295700e+000
      vertex  4.245055e+001 -9.803667e+000  1.000000e+001
    endloop
  endfacet
  facet normal  9.889458e-001  1.482664e-001 -1.783678e-003
    outer loop
      vertex  4.256472e+001 -1.062178e+001  5.295700e+000
      vertex  4.241923e+001 -9.646001e+000  5.743573e+000
      vertex  4.245055e+001 -9.803667e+000  1.000000e+001
    endloop
  endfacet
  facet normal  9.678375e-001  2.515667e-001  2.198061e-003
    outer loop
      vertex  4.215828e+001 -8.679261e+000  1.000000e+001
      vertex  4.245055e+001 -9.803667e+000  1.000000e+001
      vertex  4.241923e+001 -9.646001e+000  5.743573e+000
    endloop
  endfacet
  facet normal  9.645934e-001  2.637406e-001 -7.658053e-004
    outer loop
      vertex  4.241923e+001 -9.646001e+000  5.743573e+000
      vertex  4.214197e+001 -8.630829e+000  6.134098e+000
      vertex  4.215828e+001 -8.679261e+000  1.000000e+001
    endloop
  endfacet
  facet normal  9.124080e-001 -4.092776e-001  1.918976e-003
    outer loop
      vertex  4.206655e+001 -1.438174e+001  1.000000e+001
      vertex  4.159106e+001 -1.544175e+001  1.000000e+001
      vertex  4.181025e+001 -1.500000e+001  1.521006e-013
    endloop
  endfacet
  facet normal  8.486892e-001 -5.287789e-001  1.094030e-002
    outer loop
      vertex  4.206655e+001 -1.438174e+001  1.000000e+001
      vertex  4.181025e+001 -1.500000e+001  1.521006e-013
      vertex  4.183099e+001 -1.495465e+001  5.827700e-001
    endloop
  endfacet
  facet normal  9.102041e-001 -4.141529e-001  2.428291e-003
    outer loop
      vertex  4.206655e+001 -1.438174e+001  1.000000e+001
      vertex  4.183099e+001 -1.495465e+001  5.827700e-001
      vertex  4.189086e+001 -1.481970e+001  1.159360e+000
    endloop
  endfacet
  facet normal  9.222552e-001 -3.865810e-001  8.229110e-004
    outer loop
      vertex  4.206655e+001 -1.438174e+001  1.000000e+001
      vertex  4.189086e+001 -1.481970e+001  1.159360e+000
      vertex  4.198323e+001 -1.459812e+001  1.724453e+000
    endloop
  endfacet
  facet normal  9.359865e-001 -3.520362e-001 -2.185397e-004
    outer loop
      vertex  4.206655e+001 -1.438174e+001  1.000000e+001
      vertex  4.198323e+001 -1.459812e+001  1.724453e+000
      vertex  4.211003e+001 -1.426137e+001  2.324514e+000
    endloop
  endfacet
  facet normal  9.512122e-001 -3.085367e-001  5.499423e-004
    outer loop
      vertex  4.206655e+001 -1.438174e+001  1.000000e+001
      vertex  4.211003e+001 -1.426137e+001  2.324514e+000
      vertex  4.224889e+001 -1.383224e+001  2.901258e+000
    endloop
  endfacet
  facet normal  9.592438e-001 -2.825662e-001  2.766592e-003
    outer loop
      vertex  4.206655e+001 -1.438174e+001  1.000000e+001
      vertex  4.224889e+001 -1.383224e+001  2.901258e+000
      vertex  4.239482e+001 -1.326732e+001  1.000000e+001
    endloop
  endfacet
  facet normal  6.754544e-002 -9.977162e-001  0.000000e+000
    outer loop
      vertex  3.400000e+001 -2.000000e+001  1.000000e+001
      vertex  3.400000e+001 -2.000000e+001 -1.000000e+000
      vertex  3.515911e+001 -1.992153e+001  1.000000e+001
    endloop
  endfacet
  facet normal  6.323013e-002 -9.979988e-001  4.567383e-004
    outer loop
      vertex  3.515911e+001 -1.992153e+001  1.000000e+001
      vertex  3.400000e+001 -2.000000e+001 -1.000000e+000
      vertex  3.508537e+001 -1.993123e+001 -1.000000e+000
    endloop
  endfacet
  facet normal  1.886767e-001 -9.820392e-001 -3.983581e-004
    outer loop
      vertex  3.515911e+001 -1.992153e+001  1.000000e+001
      vertex  3.508537e+001 -1.993123e+001 -1.000000e+000
      vertex  3.615338e+001 -1.972604e+001 -1.000000e+000
    endloop
  endfacet
  facet normal  9.999980e-001  1.415864e-003  1.422390e-003
    outer loop
      vertex  4.259592e+001 -1.113510e+001  5.025175e+000
      vertex  4.258859e+001 -1.095720e+001  1.000000e+001
      vertex  4.259702e+001 -1.162621e+001  4.738967e+000
    endloop
  endfacet
  facet normal  9.998640e-001 -1.608260e-002  3.647328e-003
    outer loop
      vertex  4.259702e+001 -1.162621e+001  4.738967e+000
      vertex  4.258859e+001 -1.095720e+001  1.000000e+001
      vertex  4.256991e+001 -1.211882e+001  1.000000e+001
    endloop
  endfacet
  facet normal  9.969839e-001 -7.757870e-002 -2.125634e-003
    outer loop
      vertex  4.259702e+001 -1.162621e+001  4.738967e+000
      vertex  4.256991e+001 -1.211882e+001  1.000000e+001
      vertex  4.252530e+001 -1.253101e+001  4.122312e+000
    endloop
  endfacet
  facet normal  9.251023e-001  3.797170e-001  8.537841e-004
    outer loop
      vertex  4.215828e+001 -8.679261e+000  1.000000e+001
      vertex  4.214197e+001 -8.630829e+000  6.134098e+000
      vertex  4.171714e+001 -7.604507e+000  1.000000e+001
    endloop
  endfacet
  facet normal  9.370743e-001  3.489771e-001  1.033024e-002
    outer loop
      vertex  4.171714e+001 -7.604507e+000  1.000000e+001
      vertex  4.214197e+001 -8.630829e+000  6.134098e+000
      vertex  4.194875e+001 -8.117106e+000  6.306991e+000
    endloop
  endfacet
  facet normal  9.112954e-001  4.117533e-001  0.000000e+000
    outer loop
      vertex  4.171714e+001 -7.604507e+000  1.000000e+001
      vertex  4.194875e+001 -8.117106e+000  6.306991e+000
      vertex  4.171714e+001 -7.604507e+000  6.464740e+000
    endloop
  endfacet
  facet normal  8.703968e-001  4.923121e-001 -6.198917e-003
    outer loop
      vertex  4.050210e+001 -5.813267e+000  6.913862e+000
      vertex  4.023439e+001 -5.301113e+000  1.000000e+001
      vertex  4.090982e+001 -6.495259e+000  1.000000e+001
    endloop
  endfacet
  facet normal  8.963379e-001  4.433519e-001  4.176407e-003
    outer loop
      vertex  4.001558e+001 -4.831421e+000  7.100306e+000
      vertex  4.023439e+001 -5.301113e+000  1.000000e+001
      vertex  4.050210e+001 -5.813267e+000  6.913862e+000
    endloop
  endfacet
  facet normal  9.209005e-001  3.897456e-001 -6.360228e-003
    outer loop
      vertex  3.969968e+001 -4.037678e+000  1.000000e+001
      vertex  4.023439e+001 -5.301113e+000  1.000000e+001
      vertex  4.001558e+001 -4.831421e+000  7.100306e+000
    endloop
  endfacet
  facet normal  9.348335e-001  3.550558e-001  4.653422e-003
    outer loop
      vertex  3.958254e+001 -3.693472e+000  7.269083e+000
      vertex  3.969968e+001 -4.037678e+000  1.000000e+001
      vertex  4.001558e+001 -4.831421e+000  7.100306e+000
    endloop
  endfacet
  facet normal  9.593725e-001  2.820866e-001 -5.596220e-003
    outer loop
      vertex  3.931267e+001 -2.721467e+000  1.000000e+001
      vertex  3.969968e+001 -4.037678e+000  1.000000e+001
      vertex  3.958254e+001 -3.693472e+000  7.269083e+000
    endloop
  endfacet
  facet normal  9.660363e-001  2.583827e-001  3.499124e-003
    outer loop
      vertex  3.926499e+001 -2.507917e+000  7.394430e+000
      vertex  3.931267e+001 -2.721467e+000  1.000000e+001
      vertex  3.958254e+001 -3.693472e+000  7.269083e+000
    endloop
  endfacet
  facet normal  9.853073e-001  1.707430e-001 -4.036406e-003
    outer loop
      vertex  3.907842e+001 -1.369685e+000  1.000000e+001
      vertex  3.931267e+001 -2.721467e+000  1.000000e+001
      vertex  3.926499e+001 -2.507917e+000  7.394430e+000
    endloop
  endfacet
  facet normal  8.522893e-001  5.230621e-001  2.988660e-003
    outer loop
      vertex  4.050210e+001 -5.813267e+000  6.913862e+000
      vertex  4.090982e+001 -6.495259e+000  1.000000e+001
      vertex  4.107124e+001 -6.739425e+000  6.700377e+000
    endloop
  endfacet
  facet normal  8.085251e-001  5.884482e-001 -3.990764e-003
    outer loop
      vertex  4.107124e+001 -6.739425e+000  6.700377e+000
      vertex  4.090982e+001 -6.495259e+000  1.000000e+001
      vertex  4.171714e+001 -7.604507e+000  1.000000e+001
    endloop
  endfacet
  facet normal  8.012939e-001  5.982709e-001  0.000000e+000
    outer loop
      vertex  4.107124e+001 -6.739425e+000  6.700377e+000
      vertex  4.171714e+001 -7.604507e+000  1.000000e+001
      vertex  4.171714e+001 -7.604507e+000  6.464740e+000
    endloop
  endfacet
  facet normal  9.873899e-001  1.582990e-001  1.548804e-003
    outer loop
      vertex  3.926499e+001 -2.507917e+000  7.394430e+000
      vertex  3.906939e+001 -1.288585e+000  7.472275e+000
      vertex  3.907842e+001 -1.369685e+000  1.000000e+001
    endloop
  endfacet
  facet normal  9.985496e-001  5.380785e-002 -1.843597e-003
    outer loop
      vertex  3.907842e+001 -1.369685e+000  1.000000e+001
      vertex  3.906939e+001 -1.288585e+000  7.472275e+000
      vertex  3.900000e+001  1.399133e-015  7.500000e+000
    endloop
  endfacet
  facet normal  9.983649e-001  5.716227e-002  -0.000000e+000
    outer loop
      vertex  3.907842e+001 -1.369685e+000  1.000000e+001
      vertex  3.900000e+001  1.399133e-015  7.500000e+000
      vertex  3.900000e+001  1.399133e-015  1.000000e+001
    endloop
  endfacet
  facet normal  9.853041e-001 -1.707424e-001 -4.796224e-003
    outer loop
      vertex  3.925395e+001  2.455682e+000  7.398812e+000
      vertex  3.931267e+001  2.721467e+000  1.000000e+001
      vertex  3.907842e+001  1.369685e+000  1.000000e+001
    endloop
  endfacet
  facet normal  9.671971e-001 -2.539940e-001  4.119033e-003
    outer loop
      vertex  3.931267e+001  2.721467e+000  1.000000e+001
      vertex  3.925395e+001  2.455682e+000  7.398812e+000
      vertex  3.956597e+001  3.641839e+000  7.275593e+000
    endloop
  endfacet
  facet normal  9.593698e-001 -2.820859e-001 -6.098831e-003
    outer loop
      vertex  3.956597e+001  3.641839e+000  7.275593e+000
      vertex  3.969968e+001  4.037678e+000  1.000000e+001
      vertex  3.931267e+001  2.721467e+000  1.000000e+001
    endloop
  endfacet
  facet normal  9.364524e-001 -3.507589e-001  5.003667e-003
    outer loop
      vertex  3.969968e+001  4.037678e+000  1.000000e+001
      vertex  3.956597e+001  3.641839e+000  7.275593e+000
      vertex  3.999357e+001  4.781065e+000  7.108822e+000
    endloop
  endfacet
  facet normal  9.208992e-001 -3.897450e-001 -6.601552e-003
    outer loop
      vertex  3.999357e+001  4.781065e+000  7.108822e+000
      vertex  4.023439e+001  5.301113e+000  1.000000e+001
      vertex  3.969968e+001  4.037678e+000  1.000000e+001
    endloop
  endfacet
  facet normal  8.980272e-001 -4.399186e-001  4.328504e-003
    outer loop
      vertex  4.048454e+001  5.781454e+000  6.920528e+000
      vertex  4.023439e+001  5.301113e+000  1.000000e+001
      vertex  3.999357e+001  4.781065e+000  7.108822e+000
    endloop
  endfacet
  facet normal  8.703973e-001 -4.923123e-001 -6.088379e-003
    outer loop
      vertex  4.090982e+001  6.495259e+000  1.000000e+001
      vertex  4.023439e+001  5.301113e+000  1.000000e+001
      vertex  4.048454e+001  5.781454e+000  6.920528e+000
    endloop
  endfacet
  facet normal  9.880837e-001 -1.538983e-001  2.423759e-003
    outer loop
      vertex  3.925395e+001  2.455682e+000  7.398812e+000
      vertex  3.907842e+001  1.369685e+000  1.000000e+001
      vertex  3.906387e+001  1.236474e+000  7.474475e+000
    endloop
  endfacet
  facet normal  9.983612e-001 -5.716207e-002 -2.737893e-003
    outer loop
      vertex  3.906387e+001  1.236474e+000  7.474475e+000
      vertex  3.907842e+001  1.369685e+000  1.000000e+001
      vertex  3.900000e+001  1.399133e-015  1.000000e+001
    endloop
  endfacet
  facet normal  9.986686e-001 -5.158574e-002  0.000000e+000
    outer loop
      vertex  3.906387e+001  1.236474e+000  7.474475e+000
      vertex  3.900000e+001  1.399133e-015  1.000000e+001
      vertex  3.900000e+001  1.399133e-015  7.500000e+000
    endloop
  endfacet
  facet normal  8.534644e-001 -5.211428e-001  2.932812e-003
    outer loop
      vertex  4.048454e+001  5.781454e+000  6.920528e+000
      vertex  4.106113e+001  6.724502e+000  6.704124e+000
      vertex  4.090982e+001  6.495259e+000  1.000000e+001
    endloop
  endfacet
  facet normal  8.011010e-001 -5.985096e-001 -4.852274e-003
    outer loop
      vertex  4.090982e+001  6.495259e+000  1.000000e+001
      vertex  4.106113e+001  6.724502e+000  6.704124e+000
      vertex  4.171714e+001  7.604507e+000  6.464740e+000
    endloop
  endfacet
  facet normal  8.085316e-001 -5.884529e-001  0.000000e+000
    outer loop
      vertex  4.090982e+001  6.495259e+000  1.000000e+001
      vertex  4.171714e+001  7.604507e+000  6.464740e+000
      vertex  4.171714e+001  7.604507e+000  1.000000e+001
    endloop
  endfacet
  facet normal -1.000000e+000  -0.000000e+000  0.000000e+000
    outer loop
      vertex  3.400000e+001 -1.850000e+001  8.500000e+000
      vertex  3.400000e+001 -1.750000e+001  8.500000e+000
      vertex  3.400000e+001 -1.850000e+001  0.000000e+000
    endloop
  endfacet
  facet normal -1.000000e+000  0.000000e+000  0.000000e+000
    outer loop
      vertex  3.400000e+001 -1.850000e+001  0.000000e+000
      vertex  3.400000e+001 -1.750000e+001  8.500000e+000
      vertex  3.400000e+001 -1.750000e+001  0.000000e+000
    endloop
  endfacet
  facet normal -1.000000e+000  -0.000000e+000  0.000000e+000
    outer loop
      vertex  3.400000e+001  1.750000e+001  8.500000e+000
      vertex  3.400000e+001  1.850000e+001  8.500000e+000
      vertex  3.400000e+001  1.750000e+001  0.000000e+000
    endloop
  endfacet
  facet normal -1.000000e+000  0.000000e+000  0.000000e+000
    outer loop
      vertex  3.400000e+001  1.750000e+001  0.000000e+000
      vertex  3.400000e+001  1.850000e+001  8.500000e+000
      vertex  3.400000e+001  1.850000e+001  0.000000e+000
    endloop
  endfacet
  facet normal -2.744416e-013  1.313004e-013  1.000000e+000
    outer loop
      vertex  4.181025e+001 -1.500000e+001  1.521006e-013
      vertex  4.135617e+001 -1.479070e+001  0.000000e+000
      vertex  4.125603e+001 -1.500000e+001  0.000000e+000
    endloop
  endfacet
  facet normal  4.186054e-001  9.081682e-001  0.000000e+000
    outer loop
      vertex  4.135617e+001 -1.479070e+001  0.000000e+000
      vertex  4.181025e+001 -1.500000e+001  1.521006e-013
      vertex  4.135617e+001 -1.479070e+001 -1.000000e+000
    endloop
  endfacet
  facet normal  4.186054e-001  9.081682e-001  0.000000e+000
    outer loop
      vertex  4.135617e+001 -1.479070e+001 -1.000000e+000
      vertex  4.181025e+001 -1.500000e+001  1.521006e-013
      vertex  4.181025e+001 -1.500000e+001 -1.000000e+000
    endloop
  endfacet
  facet normal  2.724384e-013  1.303420e-013  1.000000e+000
    outer loop
      vertex -4.125603e+001 -1.500000e+001  0.000000e+000
      vertex -4.135617e+001 -1.479070e+001  0.000000e+000
      vertex -4.181025e+001 -1.500000e+001  1.509903e-013
    endloop
  endfacet
  facet normal -4.186054e-001  9.081682e-001  0.000000e+000
    outer loop
      vertex -4.181025e+001 -1.500000e+001  1.509903e-013
      vertex -4.135617e+001 -1.479070e+001  0.000000e+000
      vertex -4.181025e+001 -1.500000e+001 -1.000000e+000
    endloop
  endfacet
  facet normal -4.186054e-001  9.081682e-001  0.000000e+000
    outer loop
      vertex -4.181025e+001 -1.500000e+001 -1.000000e+000
      vertex -4.135617e+001 -1.479070e+001  0.000000e+000
      vertex -4.135617e+001 -1.479070e+001 -1.000000e+000
    endloop
  endfacet
  facet normal -2.768455e-013 -1.324505e-013  1.000000e+000
    outer loop
      vertex  4.125603e+001  1.500000e+001  0.000000e+000
      vertex  4.135617e+001  1.479070e+001  0.000000e+000
      vertex  4.181025e+001  1.500000e+001  1.534328e-013
    endloop
  endfacet
  facet normal  4.186054e-001 -9.081682e-001  0.000000e+000
    outer loop
      vertex  4.181025e+001  1.500000e+001  1.534328e-013
      vertex  4.135617e+001  1.479070e+001  0.000000e+000
      vertex  4.181025e+001  1.500000e+001 -1.000000e+000
    endloop
  endfacet
  facet normal  4.186054e-001 -9.081682e-001  0.000000e+000
    outer loop
      vertex  4.181025e+001  1.500000e+001 -1.000000e+000
      vertex  4.135617e+001  1.479070e+001  0.000000e+000
      vertex  4.135617e+001  1.479070e+001 -1.000000e+000
    endloop
  endfacet
  facet normal  2.772461e-013 -1.326422e-013  1.000000e+000
    outer loop
      vertex -4.181025e+001  1.500000e+001  1.536549e-013
      vertex -4.135617e+001  1.479070e+001  0.000000e+000
      vertex -4.125603e+001  1.500000e+001  0.000000e+000
    endloop
  endfacet
  facet normal -4.186054e-001 -9.081682e-001  0.000000e+000
    outer loop
      vertex -4.135617e+001  1.479070e+001  0.000000e+000
      vertex -4.181025e+001  1.500000e+001  1.536549e-013
      vertex -4.135617e+001  1.479070e+001 -1.000000e+000
    endloop
  endfacet
  facet normal -4.186054e-001 -9.081682e-001  0.000000e+000
    outer loop
      vertex -4.135617e+001  1.479070e+001 -1.000000e+000
      vertex -4.181025e+001  1.500000e+001  1.536549e-013
      vertex -4.181025e+001  1.500000e+001 -1.000000e+000
    endloop
  endfacet
  facet normal  8.127962e-001  5.823756e-001  1.417802e-002
    outer loop
      vertex -4.027282e+001 -1.652462e+001 -1.000000e+000
      vertex -4.086942e+001 -1.569198e+001 -1.000000e+000
      vertex -4.068826e+001 -1.596915e+001  0.000000e+000
    endloop
  endfacet
  facet normal  7.844796e-001  6.198810e-001 -1.841874e-002
    outer loop
      vertex -3.999188e+001 -1.685044e+001  0.000000e+000
      vertex -4.027282e+001 -1.652462e+001 -1.000000e+000
      vertex -4.068826e+001 -1.596915e+001  0.000000e+000
    endloop
  endfacet
  facet normal  7.327768e-001  6.802859e-001  1.578824e-002
    outer loop
      vertex -3.957591e+001 -1.727531e+001 -1.000000e+000
      vertex -4.027282e+001 -1.652462e+001 -1.000000e+000
      vertex -3.999188e+001 -1.685044e+001  0.000000e+000
    endloop
  endfacet
  facet normal  6.911742e-001  7.224272e-001 -1.942151e-002
    outer loop
      vertex -3.918029e+001 -1.762693e+001  0.000000e+000
      vertex -3.957591e+001 -1.727531e+001 -1.000000e+000
      vertex -3.999188e+001 -1.685044e+001  0.000000e+000
    endloop
  endfacet
  facet normal  6.410599e-001  7.673200e-001  1.619017e-002
    outer loop
      vertex -3.918029e+001 -1.762693e+001  0.000000e+000
      vertex -3.878983e+001 -1.793204e+001 -1.000000e+000
      vertex -3.957591e+001 -1.727531e+001 -1.000000e+000
    endloop
  endfacet
  facet normal  5.845911e-001  8.111005e-001 -1.921632e-002
    outer loop
      vertex -3.878983e+001 -1.793204e+001 -1.000000e+000
      vertex -3.918029e+001 -1.762693e+001  0.000000e+000
      vertex -3.826907e+001 -1.828368e+001  0.000000e+000
    endloop
  endfacet
  facet normal  5.391011e-001  8.421007e-001  1.537368e-002
    outer loop
      vertex -3.826907e+001 -1.828368e+001  0.000000e+000
      vertex -3.792715e+001 -1.848431e+001 -1.000000e+000
      vertex -3.878983e+001 -1.793204e+001 -1.000000e+000
    endloop
  endfacet
  facet normal  4.667816e-001  8.841934e-001 -1.779937e-002
    outer loop
      vertex -3.792715e+001 -1.848431e+001 -1.000000e+000
      vertex -3.826907e+001 -1.828368e+001  0.000000e+000
      vertex -3.727578e+001 -1.880806e+001  0.000000e+000
    endloop
  endfacet
  facet normal  4.285225e-001  9.034325e-001  1.335019e-002
    outer loop
      vertex -3.727578e+001 -1.880806e+001  0.000000e+000
      vertex -3.700167e+001 -1.892330e+001 -1.000000e+000
      vertex -3.792715e+001 -1.848431e+001 -1.000000e+000
    endloop
  endfacet
  facet normal  3.399939e-001  9.403053e-001 -1.516552e-002
    outer loop
      vertex -3.700167e+001 -1.892330e+001 -1.000000e+000
      vertex -3.727578e+001 -1.880806e+001  0.000000e+000
      vertex -3.621949e+001 -1.918999e+001  0.000000e+000
    endloop
  endfacet
  facet normal  3.110914e-001  9.503263e-001  1.011392e-002
    outer loop
      vertex -3.621949e+001 -1.918999e+001  0.000000e+000
      vertex -3.602818e+001 -1.924197e+001 -1.000000e+000
      vertex -3.700167e+001 -1.892330e+001 -1.000000e+000
    endloop
  endfacet
  facet normal  2.066563e-001  9.783481e-001 -1.132146e-002
    outer loop
      vertex -3.602818e+001 -1.924197e+001 -1.000000e+000
      vertex -3.621949e+001 -1.918999e+001  0.000000e+000
      vertex -3.512051e+001 -1.942212e+001  0.000000e+000
    endloop
  endfacet
  facet normal  8.627229e-001  5.054174e-001 -1.619756e-002
    outer loop
      vertex -4.068826e+001 -1.596915e+001  0.000000e+000
      vertex -4.086942e+001 -1.569198e+001 -1.000000e+000
      vertex -4.125603e+001 -1.500000e+001  0.000000e+000
    endloop
  endfacet
  facet normal  8.798251e-001  4.751621e-001  1.135035e-002
    outer loop
      vertex -4.125603e+001 -1.500000e+001  0.000000e+000
      vertex -4.086942e+001 -1.569198e+001 -1.000000e+000
      vertex -4.135617e+001 -1.479070e+001 -1.000000e+000
    endloop
  endfacet
  facet normal  9.020757e-001  4.315778e-001  -0.000000e+000
    outer loop
      vertex -4.125603e+001 -1.500000e+001  0.000000e+000
      vertex -4.135617e+001 -1.479070e+001 -1.000000e+000
      vertex -4.135617e+001 -1.479070e+001  0.000000e+000
    endloop
  endfacet
  facet normal  1.886753e-001  9.820231e-001  5.661462e-003
    outer loop
      vertex -3.602818e+001 -1.924197e+001 -1.000000e+000
      vertex -3.512051e+001 -1.942212e+001  0.000000e+000
      vertex -3.502227e+001 -1.943523e+001 -1.000000e+000
    endloop
  endfacet
  facet normal  6.933257e-002  9.975739e-001 -6.267552e-003
    outer loop
      vertex -3.502227e+001 -1.943523e+001 -1.000000e+000
      vertex -3.512051e+001 -1.942212e+001  0.000000e+000
      vertex -3.400000e+001 -1.950000e+001  0.000000e+000
    endloop
  endfacet
  facet normal  6.322847e-002  9.979991e-001  0.000000e+000
    outer loop
      vertex -3.502227e+001 -1.943523e+001 -1.000000e+000
      vertex -3.400000e+001 -1.950000e+001  0.000000e+000
      vertex -3.400000e+001 -1.950000e+001 -1.000000e+000
    endloop
  endfacet
  facet normal -2.066563e-001  9.783481e-001 -1.132146e-002
    outer loop
      vertex  3.621949e+001 -1.918999e+001  0.000000e+000
      vertex  3.602818e+001 -1.924197e+001 -1.000000e+000
      vertex  3.512051e+001 -1.942212e+001  0.000000e+000
    endloop
  endfacet
  facet normal -3.110914e-001  9.503263e-001  1.011392e-002
    outer loop
      vertex  3.700167e+001 -1.892330e+001 -1.000000e+000
      vertex  3.602818e+001 -1.924197e+001 -1.000000e+000
      vertex  3.621949e+001 -1.918999e+001  0.000000e+000
    endloop
  endfacet
  facet normal -3.399939e-001  9.403053e-001 -1.516553e-002
    outer loop
      vertex  3.727578e+001 -1.880806e+001  0.000000e+000
      vertex  3.700167e+001 -1.892330e+001 -1.000000e+000
      vertex  3.621949e+001 -1.918999e+001  0.000000e+000
    endloop
  endfacet
  facet normal -4.285225e-001  9.034325e-001  1.335019e-002
    outer loop
      vertex  3.792715e+001 -1.848431e+001 -1.000000e+000
      vertex  3.700167e+001 -1.892330e+001 -1.000000e+000
      vertex  3.727578e+001 -1.880806e+001  0.000000e+000
    endloop
  endfacet
  facet normal -4.667816e-001  8.841934e-001 -1.779936e-002
    outer loop
      vertex  3.826907e+001 -1.828368e+001  0.000000e+000
      vertex  3.792715e+001 -1.848431e+001 -1.000000e+000
      vertex  3.727578e+001 -1.880806e+001  0.000000e+000
    endloop
  endfacet
  facet normal -5.391011e-001  8.421007e-001  1.537368e-002
    outer loop
      vertex  3.878983e+001 -1.793204e+001 -1.000000e+000
      vertex  3.792715e+001 -1.848431e+001 -1.000000e+000
      vertex  3.826907e+001 -1.828368e+001  0.000000e+000
    endloop
  endfacet
  facet normal -5.845911e-001  8.111005e-001 -1.921632e-002
    outer loop
      vertex  3.918029e+001 -1.762693e+001  0.000000e+000
      vertex  3.878983e+001 -1.793204e+001 -1.000000e+000
      vertex  3.826907e+001 -1.828368e+001  0.000000e+000
    endloop
  endfacet
  facet normal -6.410599e-001  7.673200e-001  1.619017e-002
    outer loop
      vertex  3.957591e+001 -1.727531e+001 -1.000000e+000
      vertex  3.878983e+001 -1.793204e+001 -1.000000e+000
      vertex  3.918029e+001 -1.762693e+001  0.000000e+000
    endloop
  endfacet
  facet normal -6.911742e-001  7.224272e-001 -1.942151e-002
    outer loop
      vertex  3.999188e+001 -1.685044e+001  0.000000e+000
      vertex  3.957591e+001 -1.727531e+001 -1.000000e+000
      vertex  3.918029e+001 -1.762693e+001  0.000000e+000
    endloop
  endfacet
  facet normal -7.327768e-001  6.802859e-001  1.578824e-002
    outer loop
      vertex  3.999188e+001 -1.685044e+001  0.000000e+000
      vertex  4.027282e+001 -1.652462e+001 -1.000000e+000
      vertex  3.957591e+001 -1.727531e+001 -1.000000e+000
    endloop
  endfacet
  facet normal -7.844796e-001  6.198810e-001 -1.841875e-002
    outer loop
      vertex  4.027282e+001 -1.652462e+001 -1.000000e+000
      vertex  3.999188e+001 -1.685044e+001  0.000000e+000
      vertex  4.068826e+001 -1.596915e+001  0.000000e+000
    endloop
  endfacet
  facet normal -8.127962e-001  5.823756e-001  1.417802e-002
    outer loop
      vertex  4.068826e+001 -1.596915e+001  0.000000e+000
      vertex  4.086942e+001 -1.569198e+001 -1.000000e+000
      vertex  4.027282e+001 -1.652462e+001 -1.000000e+000
    endloop
  endfacet
  facet normal -1.886753e-001  9.820231e-001  5.661462e-003
    outer loop
      vertex  3.602818e+001 -1.924197e+001 -1.000000e+000
      vertex  3.502227e+001 -1.943523e+001 -1.000000e+000
      vertex  3.512051e+001 -1.942212e+001  0.000000e+000
    endloop
  endfacet
  facet normal -6.322698e-002  9.979755e-001 -6.872677e-003
    outer loop
      vertex  3.512051e+001 -1.942212e+001  0.000000e+000
      vertex  3.502227e+001 -1.943523e+001 -1.000000e+000
      vertex  3.400000e+001 -1.950000e+001 -1.000000e+000
    endloop
  endfacet
  facet normal -6.933393e-002  9.975935e-001  0.000000e+000
    outer loop
      vertex  3.512051e+001 -1.942212e+001  0.000000e+000
      vertex  3.400000e+001 -1.950000e+001 -1.000000e+000
      vertex  3.400000e+001 -1.950000e+001  0.000000e+000
    endloop
  endfacet
  facet normal -8.627229e-001  5.054174e-001 -1.619754e-002
    outer loop
      vertex  4.068826e+001 -1.596915e+001  0.000000e+000
      vertex  4.125603e+001 -1.500000e+001  0.000000e+000
      vertex  4.086942e+001 -1.569198e+001 -1.000000e+000
    endloop
  endfacet
  facet normal -9.009452e-001  4.310369e-001  5.004916e-002
    outer loop
      vertex  4.086942e+001 -1.569198e+001 -1.000000e+000
      vertex  4.125603e+001 -1.500000e+001  0.000000e+000
      vertex  4.135617e+001 -1.479070e+001  0.000000e+000
    endloop
  endfacet
  facet normal -8.798817e-001  4.751926e-001  0.000000e+000
    outer loop
      vertex  4.086942e+001 -1.569198e+001 -1.000000e+000
      vertex  4.135617e+001 -1.479070e+001  0.000000e+000
      vertex  4.135617e+001 -1.479070e+001 -1.000000e+000
    endloop
  endfacet
  facet normal  2.066563e-001 -9.783481e-001 -1.132146e-002
    outer loop
      vertex -3.621949e+001  1.918999e+001  0.000000e+000
      vertex -3.602818e+001  1.924197e+001 -1.000000e+000
      vertex -3.512051e+001  1.942212e+001  0.000000e+000
    endloop
  endfacet
  facet normal  3.110914e-001 -9.503263e-001  1.011392e-002
    outer loop
      vertex -3.700167e+001  1.892330e+001 -1.000000e+000
      vertex -3.602818e+001  1.924197e+001 -1.000000e+000
      vertex -3.621949e+001  1.918999e+001  0.000000e+000
    endloop
  endfacet
  facet normal  3.399939e-001 -9.403053e-001 -1.516553e-002
    outer loop
      vertex -3.727578e+001  1.880806e+001  0.000000e+000
      vertex -3.700167e+001  1.892330e+001 -1.000000e+000
      vertex -3.621949e+001  1.918999e+001  0.000000e+000
    endloop
  endfacet
  facet normal  4.285225e-001 -9.034325e-001  1.335019e-002
    outer loop
      vertex -3.792715e+001  1.848431e+001 -1.000000e+000
      vertex -3.700167e+001  1.892330e+001 -1.000000e+000
      vertex -3.727578e+001  1.880806e+001  0.000000e+000
    endloop
  endfacet
  facet normal  4.667816e-001 -8.841934e-001 -1.779936e-002
    outer loop
      vertex -3.826907e+001  1.828368e+001  0.000000e+000
      vertex -3.792715e+001  1.848431e+001 -1.000000e+000
      vertex -3.727578e+001  1.880806e+001  0.000000e+000
    endloop
  endfacet
  facet normal  5.391011e-001 -8.421007e-001  1.537368e-002
    outer loop
      vertex -3.878983e+001  1.793204e+001 -1.000000e+000
      vertex -3.792715e+001  1.848431e+001 -1.000000e+000
      vertex -3.826907e+001  1.828368e+001  0.000000e+000
    endloop
  endfacet
  facet normal  5.845911e-001 -8.111005e-001 -1.921632e-002
    outer loop
      vertex -3.918029e+001  1.762693e+001  0.000000e+000
      vertex -3.878983e+001  1.793204e+001 -1.000000e+000
      vertex -3.826907e+001  1.828368e+001  0.000000e+000
    endloop
  endfacet
  facet normal  6.410599e-001 -7.673200e-001  1.619017e-002
    outer loop
      vertex -3.957591e+001  1.727531e+001 -1.000000e+000
      vertex -3.878983e+001  1.793204e+001 -1.000000e+000
      vertex -3.918029e+001  1.762693e+001  0.000000e+000
    endloop
  endfacet
  facet normal  6.911742e-001 -7.224272e-001 -1.942151e-002
    outer loop
      vertex -3.999188e+001  1.685044e+001  0.000000e+000
      vertex -3.957591e+001  1.727531e+001 -1.000000e+000
      vertex -3.918029e+001  1.762693e+001  0.000000e+000
    endloop
  endfacet
  facet normal  7.327768e-001 -6.802859e-001  1.578824e-002
    outer loop
      vertex -3.999188e+001  1.685044e+001  0.000000e+000
      vertex -4.027282e+001  1.652462e+001 -1.000000e+000
      vertex -3.957591e+001  1.727531e+001 -1.000000e+000
    endloop
  endfacet
  facet normal  7.844796e-001 -6.198810e-001 -1.841875e-002
    outer loop
      vertex -4.027282e+001  1.652462e+001 -1.000000e+000
      vertex -3.999188e+001  1.685044e+001  0.000000e+000
      vertex -4.068826e+001  1.596915e+001  0.000000e+000
    endloop
  endfacet
  facet normal  8.127962e-001 -5.823756e-001  1.417802e-002
    outer loop
      vertex -4.068826e+001  1.596915e+001  0.000000e+000
      vertex -4.086942e+001  1.569198e+001 -1.000000e+000
      vertex -4.027282e+001  1.652462e+001 -1.000000e+000
    endloop
  endfacet
  facet normal  1.886753e-001 -9.820231e-001  5.661462e-003
    outer loop
      vertex -3.602818e+001  1.924197e+001 -1.000000e+000
      vertex -3.502227e+001  1.943523e+001 -1.000000e+000
      vertex -3.512051e+001  1.942212e+001  0.000000e+000
    endloop
  endfacet
  facet normal  6.322698e-002 -9.979755e-001 -6.872677e-003
    outer loop
      vertex -3.512051e+001  1.942212e+001  0.000000e+000
      vertex -3.502227e+001  1.943523e+001 -1.000000e+000
      vertex -3.400000e+001  1.950000e+001 -1.000000e+000
    endloop
  endfacet
  facet normal  6.933393e-002 -9.975935e-001  0.000000e+000
    outer loop
      vertex -3.512051e+001  1.942212e+001  0.000000e+000
      vertex -3.400000e+001  1.950000e+001 -1.000000e+000
      vertex -3.400000e+001  1.950000e+001  0.000000e+000
    endloop
  endfacet
  facet normal  8.627229e-001 -5.054174e-001 -1.619754e-002
    outer loop
      vertex -4.068826e+001  1.596915e+001  0.000000e+000
      vertex -4.125603e+001  1.500000e+001  0.000000e+000
      vertex -4.086942e+001  1.569198e+001 -1.000000e+000
    endloop
  endfacet
  facet normal  9.009452e-001 -4.310369e-001  5.004916e-002
    outer loop
      vertex -4.086942e+001  1.569198e+001 -1.000000e+000
      vertex -4.125603e+001  1.500000e+001  0.000000e+000
      vertex -4.135617e+001  1.479070e+001  0.000000e+000
    endloop
  endfacet
  facet normal  8.798817e-001 -4.751926e-001  0.000000e+000
    outer loop
      vertex -4.086942e+001  1.569198e+001 -1.000000e+000
      vertex -4.135617e+001  1.479070e+001  0.000000e+000
      vertex -4.135617e+001  1.479070e+001 -1.000000e+000
    endloop
  endfacet
  facet normal -8.127962e-001 -5.823756e-001  1.417802e-002
    outer loop
      vertex  4.027282e+001  1.652462e+001 -1.000000e+000
      vertex  4.086942e+001  1.569198e+001 -1.000000e+000
      vertex  4.068826e+001  1.596915e+001  0.000000e+000
    endloop
  endfacet
  facet normal -7.844796e-001 -6.198810e-001 -1.841874e-002
    outer loop
      vertex  3.999188e+001  1.685044e+001  0.000000e+000
      vertex  4.027282e+001  1.652462e+001 -1.000000e+000
      vertex  4.068826e+001  1.596915e+001  0.000000e+000
    endloop
  endfacet
  facet normal -7.327768e-001 -6.802859e-001  1.578824e-002
    outer loop
      vertex  3.957591e+001  1.727531e+001 -1.000000e+000
      vertex  4.027282e+001  1.652462e+001 -1.000000e+000
      vertex  3.999188e+001  1.685044e+001  0.000000e+000
    endloop
  endfacet
  facet normal -6.911742e-001 -7.224272e-001 -1.942151e-002
    outer loop
      vertex  3.918029e+001  1.762693e+001  0.000000e+000
      vertex  3.957591e+001  1.727531e+001 -1.000000e+000
      vertex  3.999188e+001  1.685044e+001  0.000000e+000
    endloop
  endfacet
  facet normal -6.410599e-001 -7.673200e-001  1.619017e-002
    outer loop
      vertex  3.918029e+001  1.762693e+001  0.000000e+000
      vertex  3.878983e+001  1.793204e+001 -1.000000e+000
      vertex  3.957591e+001  1.727531e+001 -1.000000e+000
    endloop
  endfacet
  facet normal -5.845911e-001 -8.111005e-001 -1.921632e-002
    outer loop
      vertex  3.878983e+001  1.793204e+001 -1.000000e+000
      vertex  3.918029e+001  1.762693e+001  0.000000e+000
      vertex  3.826907e+001  1.828368e+001  0.000000e+000
    endloop
  endfacet
  facet normal -5.391011e-001 -8.421007e-001  1.537368e-002
    outer loop
      vertex  3.826907e+001  1.828368e+001  0.000000e+000
      vertex  3.792715e+001  1.848431e+001 -1.000000e+000
      vertex  3.878983e+001  1.793204e+001 -1.000000e+000
    endloop
  endfacet
  facet normal -4.667816e-001 -8.841934e-001 -1.779937e-002
    outer loop
      vertex  3.792715e+001  1.848431e+001 -1.000000e+000
      vertex  3.826907e+001  1.828368e+001  0.000000e+000
      vertex  3.727578e+001  1.880806e+001  0.000000e+000
    endloop
  endfacet
  facet normal -4.285225e-001 -9.034325e-001  1.335019e-002
    outer loop
      vertex  3.727578e+001  1.880806e+001  0.000000e+000
      vertex  3.700167e+001  1.892330e+001 -1.000000e+000
      vertex  3.792715e+001  1.848431e+001 -1.000000e+000
    endloop
  endfacet
  facet normal -3.399939e-001 -9.403053e-001 -1.516552e-002
    outer loop
      vertex  3.700167e+001  1.892330e+001 -1.000000e+000
      vertex  3.727578e+001  1.880806e+001  0.000000e+000
      vertex  3.621949e+001  1.918999e+001  0.000000e+000
    endloop
  endfacet
  facet normal -3.110914e-001 -9.503263e-001  1.011392e-002
    outer loop
      vertex  3.621949e+001  1.918999e+001  0.000000e+000
      vertex  3.602818e+001  1.924197e+001 -1.000000e+000
      vertex  3.700167e+001  1.892330e+001 -1.000000e+000
    endloop
  endfacet
  facet normal -2.066563e-001 -9.783481e-001 -1.132146e-002
    outer loop
      vertex  3.602818e+001  1.924197e+001 -1.000000e+000
      vertex  3.621949e+001  1.918999e+001  0.000000e+000
      vertex  3.512051e+001  1.942212e+001  0.000000e+000
    endloop
  endfacet
  facet normal -8.627229e-001 -5.054174e-001 -1.619756e-002
    outer loop
      vertex  4.068826e+001  1.596915e+001  0.000000e+000
      vertex  4.086942e+001  1.569198e+001 -1.000000e+000
      vertex  4.125603e+001  1.500000e+001  0.000000e+000
    endloop
  endfacet
  facet normal -8.798251e-001 -4.751621e-001  1.135035e-002
    outer loop
      vertex  4.125603e+001  1.500000e+001  0.000000e+000
      vertex  4.086942e+001  1.569198e+001 -1.000000e+000
      vertex  4.135617e+001  1.479070e+001 -1.000000e+000
    endloop
  endfacet
  facet normal -9.020757e-001 -4.315778e-001  0.000000e+000
    outer loop
      vertex  4.125603e+001  1.500000e+001  0.000000e+000
      vertex  4.135617e+001  1.479070e+001 -1.000000e+000
      vertex  4.135617e+001  1.479070e+001  0.000000e+000
    endloop
  endfacet
  facet normal -1.886753e-001 -9.820231e-001  5.661462e-003
    outer loop
      vertex  3.602818e+001  1.924197e+001 -1.000000e+000
      vertex  3.512051e+001  1.942212e+001  0.000000e+000
      vertex  3.502227e+001  1.943523e+001 -1.000000e+000
    endloop
  endfacet
  facet normal -6.933257e-002 -9.975739e-001 -6.267552e-003
    outer loop
      vertex  3.502227e+001  1.943523e+001 -1.000000e+000
      vertex  3.512051e+001  1.942212e+001  0.000000e+000
      vertex  3.400000e+001  1.950000e+001  0.000000e+000
    endloop
  endfacet
  facet normal -6.322847e-002 -9.979991e-001  -0.000000e+000
    outer loop
      vertex  3.502227e+001  1.943523e+001 -1.000000e+000
      vertex  3.400000e+001  1.950000e+001  0.000000e+000
      vertex  3.400000e+001  1.950000e+001 -1.000000e+000
    endloop
  endfacet
  facet normal  7.588395e-015  9.994764e-001 -3.235622e-002
    outer loop
      vertex -4.062962e+001 -1.499214e+001  2.427404e-001
      vertex -4.062500e+001 -1.500000e+001  1.479936e-013
      vertex -4.125603e+001 -1.500000e+001  0.000000e+000
    endloop
  endfacet
  facet normal  9.525822e-003 -9.753723e-001 -2.203590e-001
    outer loop
      vertex -4.066591e+001  1.492948e+001  7.264062e-001
      vertex -4.069680e+001  1.487497e+001  9.663441e-001
      vertex -4.189086e+001  1.481970e+001  1.159360e+000
    endloop
  endfacet
  facet normal  3.472927e-003 -3.524780e-001 -9.358136e-001
    outer loop
      vertex -4.127361e+001  9.254996e+000  5.902225e+000
      vertex -4.112497e+001  8.832746e+000  6.061819e+000
      vertex -4.214197e+001  8.630829e+000  6.134098e+000
    endloop
  endfacet
  facet normal -2.463316e-003  4.834092e-001 -8.753910e-001
    outer loop
      vertex -4.160514e+001 -1.134197e+001  4.908151e+000
      vertex -4.259592e+001 -1.113510e+001  5.025175e+000
      vertex -4.158698e+001 -1.088900e+001  5.158239e+000
    endloop
  endfacet
  facet normal -2.151064e-014 -9.969856e-001 -7.758681e-002
    outer loop
      vertex -4.183099e+001  1.495465e+001  5.827700e-001
      vertex -4.181025e+001  1.500000e+001  1.536549e-013
      vertex -4.125603e+001  1.500000e+001  0.000000e+000
    endloop
  endfacet
  facet normal -2.878183e-012 -9.969857e-001 -7.758682e-002
    outer loop
      vertex -4.183099e+001  1.495465e+001  5.827700e-001
      vertex -4.125603e+001  1.500000e+001  0.000000e+000
      vertex -4.062500e+001  1.500000e+001 -2.340891e-011
    endloop
  endfacet
  facet normal  2.214895e-002 -9.992447e-001 -3.192722e-002
    outer loop
      vertex -4.183099e+001  1.495465e+001  5.827700e-001
      vertex -4.062500e+001  1.500000e+001 -2.340891e-011
      vertex -4.062962e+001  1.499214e+001  2.427429e-001
    endloop
  endfacet
  facet normal  3.750015e-003 -9.953258e-001 -9.650191e-002
    outer loop
      vertex -4.183099e+001  1.495465e+001  5.827700e-001
      vertex -4.062962e+001  1.499214e+001  2.427429e-001
      vertex -4.064336e+001  1.496860e+001  4.850462e-001
    endloop
  endfacet
  facet normal -1.582477e-003 -9.870942e-001 -1.601326e-001
    outer loop
      vertex -4.183099e+001  1.495465e+001  5.827700e-001
      vertex -4.064336e+001  1.496860e+001  4.850462e-001
      vertex -4.066591e+001  1.492948e+001  7.264062e-001
    endloop
  endfacet
  facet normal  6.971675e-003 -9.738248e-001 -2.271930e-001
    outer loop
      vertex -4.183099e+001  1.495465e+001  5.827700e-001
      vertex -4.066591e+001  1.492948e+001  7.264062e-001
      vertex -4.189086e+001  1.481970e+001  1.159360e+000
    endloop
  endfacet
  facet normal  4.260754e-003 -4.166187e-001 -9.090714e-001
    outer loop
      vertex -4.241923e+001  9.646001e+000  5.743573e+000
      vertex -4.256472e+001  1.062178e+001  5.295700e+000
      vertex -4.154729e+001  1.049338e+001  5.359313e+000
    endloop
  endfacet
  facet normal  1.383666e-002 -4.247243e-001 -9.052169e-001
    outer loop
      vertex -4.241923e+001  9.646001e+000  5.743573e+000
      vertex -4.154729e+001  1.049338e+001  5.359313e+000
      vertex -4.148309e+001  1.008777e+001  5.550608e+000
    endloop
  endfacet
  facet normal  4.280662e-004 -4.010457e-001 -9.160579e-001
    outer loop
      vertex -4.241923e+001  9.646001e+000  5.743573e+000
      vertex -4.148309e+001  1.008777e+001  5.550608e+000
      vertex -4.139246e+001  9.674201e+000  5.731707e+000
    endloop
  endfacet
  facet normal -3.537776e-004 -3.768737e-001 -9.262646e-001
    outer loop
      vertex -4.241923e+001  9.646001e+000  5.743573e+000
      vertex -4.139246e+001  9.674201e+000  5.731707e+000
      vertex -4.127361e+001  9.254996e+000  5.902225e+000
    endloop
  endfacet
  facet normal  7.405918e-003 -3.572660e-001 -9.339733e-001
    outer loop
      vertex -4.241923e+001  9.646001e+000  5.743573e+000
      vertex -4.127361e+001  9.254996e+000  5.902225e+000
      vertex -4.214197e+001  8.630829e+000  6.134098e+000
    endloop
  endfacet
  facet normal  9.493823e-004  4.170302e-001 -9.088922e-001
    outer loop
      vertex -4.256472e+001 -1.062178e+001  5.295700e+000
      vertex -4.241923e+001 -9.646001e+000  5.743573e+000
      vertex -4.139246e+001 -9.674191e+000  5.731710e+000
    endloop
  endfacet
  facet normal  2.003481e-002  3.973554e-001 -9.174461e-001
    outer loop
      vertex -4.256472e+001 -1.062178e+001  5.295700e+000
      vertex -4.139246e+001 -9.674191e+000  5.731710e+000
      vertex -4.148309e+001 -1.008776e+001  5.550612e+000
    endloop
  endfacet
  facet normal  2.773989e-003  4.261964e-001 -9.046264e-001
    outer loop
      vertex -4.256472e+001 -1.062178e+001  5.295700e+000
      vertex -4.148309e+001 -1.008776e+001  5.550612e+000
      vertex -4.154729e+001 -1.049337e+001  5.359320e+000
    endloop
  endfacet
  facet normal -1.461813e-003  4.532062e-001 -8.914045e-001
    outer loop
      vertex -4.256472e+001 -1.062178e+001  5.295700e+000
      vertex -4.154729e+001 -1.049337e+001  5.359320e+000
      vertex -4.158698e+001 -1.088900e+001  5.158239e+000
    endloop
  endfacet
  facet normal  2.995189e-003  4.660837e-001 -8.847355e-001
    outer loop
      vertex -4.256472e+001 -1.062178e+001  5.295700e+000
      vertex -4.158698e+001 -1.088900e+001  5.158239e+000
      vertex -4.259592e+001 -1.113510e+001  5.025175e+000
    endloop
  endfacet
  facet normal -5.423572e-003 -9.103121e-001 -4.138870e-001
    outer loop
      vertex -4.088357e+001  1.451901e+001  1.884037e+000
      vertex -4.198323e+001  1.459812e+001  1.724453e+000
      vertex -4.077869e+001  1.472484e+001  1.429946e+000
    endloop
  endfacet
  facet normal  9.056521e-003 -9.314495e-001 -3.637580e-001
    outer loop
      vertex -4.077869e+001  1.472484e+001  1.429946e+000
      vertex -4.198323e+001  1.459812e+001  1.724453e+000
      vertex -4.189086e+001  1.481970e+001  1.159360e+000
    endloop
  endfacet
  facet normal -5.932065e-003 -9.510375e-001 -3.090184e-001
    outer loop
      vertex -4.077869e+001  1.472484e+001  1.429946e+000
      vertex -4.189086e+001  1.481970e+001  1.159360e+000
      vertex -4.069680e+001  1.487497e+001  9.663441e-001
    endloop
  endfacet
  facet normal -3.945512e-003 -7.668473e-001 -6.418174e-001
    outer loop
      vertex -4.122747e+001  1.368548e+001  3.070322e+000
      vertex -4.224889e+001  1.383224e+001  2.901258e+000
      vertex -4.111716e+001  1.398730e+001  2.709039e+000
    endloop
  endfacet
  facet normal  8.906556e-003 -8.032789e-001 -5.955365e-001
    outer loop
      vertex -4.111716e+001  1.398730e+001  2.709039e+000
      vertex -4.224889e+001  1.383224e+001  2.901258e+000
      vertex -4.211003e+001  1.426137e+001  2.324514e+000
    endloop
  endfacet
  facet normal -9.934144e-004 -8.155337e-001 -5.787088e-001
    outer loop
      vertex -4.111716e+001  1.398730e+001  2.709039e+000
      vertex -4.211003e+001  1.426137e+001  2.324514e+000
      vertex -4.099690e+001  1.427576e+001  2.302325e+000
    endloop
  endfacet
  facet normal  1.524375e-003 -8.721976e-001 -4.891515e-001
    outer loop
      vertex -4.099690e+001  1.427576e+001  2.302325e+000
      vertex -4.211003e+001  1.426137e+001  2.324514e+000
      vertex -4.198323e+001  1.459812e+001  1.724453e+000
    endloop
  endfacet
  facet normal  1.037351e-002 -8.656234e-001 -5.005882e-001
    outer loop
      vertex -4.099690e+001  1.427576e+001  2.302325e+000
      vertex -4.198323e+001  1.459812e+001  1.724453e+000
      vertex -4.088357e+001  1.451901e+001  1.884037e+000
    endloop
  endfacet
  facet normal  1.832520e-003 -6.317526e-001 -7.751679e-001
    outer loop
      vertex -4.150679e+001  1.257899e+001  4.085612e+000
      vertex -4.252530e+001  1.253101e+001  4.122312e+000
      vertex -4.142739e+001  1.297981e+001  3.759142e+000
    endloop
  endfacet
  facet normal  1.475422e-002 -6.505437e-001 -7.593256e-001
    outer loop
      vertex -4.142739e+001  1.297981e+001  3.759142e+000
      vertex -4.252530e+001  1.253101e+001  4.122312e+000
      vertex -4.238353e+001  1.331741e+001  3.451330e+000
    endloop
  endfacet
  facet normal -1.197841e-003 -6.756059e-001 -7.372621e-001
    outer loop
      vertex -4.142739e+001  1.297981e+001  3.759142e+000
      vertex -4.238353e+001  1.331741e+001  3.451330e+000
      vertex -4.133260e+001  1.334916e+001  3.420528e+000
    endloop
  endfacet
  facet normal  2.044606e-003 -7.303541e-001 -6.830657e-001
    outer loop
      vertex -4.133260e+001  1.334916e+001  3.420528e+000
      vertex -4.238353e+001  1.331741e+001  3.451330e+000
      vertex -4.224889e+001  1.383224e+001  2.901258e+000
    endloop
  endfacet
  facet normal  1.052355e-002 -7.227886e-001 -6.909891e-001
    outer loop
      vertex -4.133260e+001  1.334916e+001  3.420528e+000
      vertex -4.224889e+001  1.383224e+001  2.901258e+000
      vertex -4.122747e+001  1.368548e+001  3.070322e+000
    endloop
  endfacet
  facet normal  5.172915e-003 -5.537116e-001 -8.326923e-001
    outer loop
      vertex -4.159540e+001  1.177600e+001  4.645582e+000
      vertex -4.259702e+001  1.162621e+001  4.738967e+000
      vertex -4.156139e+001  1.218895e+001  4.371198e+000
    endloop
  endfacet
  facet normal  1.313234e-002 -5.638414e-001 -8.257787e-001
    outer loop
      vertex -4.156139e+001  1.218895e+001  4.371198e+000
      vertex -4.259702e+001  1.162621e+001  4.738967e+000
      vertex -4.252530e+001  1.253101e+001  4.122312e+000
    endloop
  endfacet
  facet normal -1.248393e-003 -5.906495e-001 -8.069273e-001
    outer loop
      vertex -4.156139e+001  1.218895e+001  4.371198e+000
      vertex -4.252530e+001  1.253101e+001  4.122312e+000
      vertex -4.150679e+001  1.257899e+001  4.085612e+000
    endloop
  endfacet
  facet normal -1.461428e-003 -4.532070e-001 -8.914041e-001
    outer loop
      vertex -4.154729e+001  1.049338e+001  5.359313e+000
      vertex -4.256472e+001  1.062178e+001  5.295700e+000
      vertex -4.158699e+001  1.088901e+001  5.158232e+000
    endloop
  endfacet
  facet normal  2.995566e-003 -4.660837e-001 -8.847355e-001
    outer loop
      vertex -4.158699e+001  1.088901e+001  5.158232e+000
      vertex -4.256472e+001  1.062178e+001  5.295700e+000
      vertex -4.259592e+001  1.113510e+001  5.025175e+000
    endloop
  endfacet
  facet normal -2.463214e-003 -4.834110e-001 -8.753899e-001
    outer loop
      vertex -4.158699e+001  1.088901e+001  5.158232e+000
      vertex -4.259592e+001  1.113510e+001  5.025175e+000
      vertex -4.160514e+001  1.134198e+001  4.908145e+000
    endloop
  endfacet
  facet normal  3.079343e-003 -5.035049e-001 -8.639869e-001
    outer loop
      vertex -4.160514e+001  1.134198e+001  4.908145e+000
      vertex -4.259592e+001  1.113510e+001  5.025175e+000
      vertex -4.259702e+001  1.162621e+001  4.738967e+000
    endloop
  endfacet
  facet normal -2.372705e-003 -5.175635e-001 -8.556415e-001
    outer loop
      vertex -4.160514e+001  1.134198e+001  4.908145e+000
      vertex -4.259702e+001  1.162621e+001  4.738967e+000
      vertex -4.159540e+001  1.177600e+001  4.645582e+000
    endloop
  endfacet
  facet normal -9.626495e-004 -3.104825e-001 -9.505787e-001
    outer loop
      vertex -4.060678e+001  7.966873e+000  6.354702e+000
      vertex -4.194875e+001  8.117106e+000  6.306991e+000
      vertex -4.094522e+001  8.410324e+000  6.210202e+000
    endloop
  endfacet
  facet normal  1.611834e-003 -3.184248e-001 -9.479467e-001
    outer loop
      vertex -4.094522e+001  8.410324e+000  6.210202e+000
      vertex -4.194875e+001  8.117106e+000  6.306991e+000
      vertex -4.214197e+001  8.630829e+000  6.134098e+000
    endloop
  endfacet
  facet normal -1.156047e-003 -3.318537e-001 -9.433302e-001
    outer loop
      vertex -4.094522e+001  8.410324e+000  6.210202e+000
      vertex -4.214197e+001  8.630829e+000  6.134098e+000
      vertex -4.112497e+001  8.832746e+000  6.061819e+000
    endloop
  endfacet
  facet normal -1.015872e-003 -2.464955e-001 -9.691434e-001
    outer loop
      vertex -3.969622e+001  6.541671e+000  6.749195e+000
      vertex -4.106113e+001  6.724502e+000  6.704124e+000
      vertex -3.998149e+001  7.032063e+000  6.624766e+000
    endloop
  endfacet
  facet normal  3.176705e-003 -2.602799e-001 -9.655281e-001
    outer loop
      vertex -3.998149e+001  7.032063e+000  6.624766e+000
      vertex -4.106113e+001  6.724502e+000  6.704124e+000
      vertex -4.171714e+001  7.604507e+000  6.464740e+000
    endloop
  endfacet
  facet normal  9.897114e-004 -2.664419e-001 -9.638504e-001
    outer loop
      vertex -3.998149e+001  7.032063e+000  6.624766e+000
      vertex -4.171714e+001  7.604507e+000  6.464740e+000
      vertex -4.028528e+001  7.507307e+000  6.493080e+000
    endloop
  endfacet
  facet normal -1.083056e-003 -2.945782e-001 -9.556267e-001
    outer loop
      vertex -4.028528e+001  7.507307e+000  6.493080e+000
      vertex -4.171714e+001  7.604507e+000  6.464740e+000
      vertex -4.194875e+001  8.117106e+000  6.306991e+000
    endloop
  endfacet
  facet normal  1.916511e-003 -2.870899e-001 -9.579018e-001
    outer loop
      vertex -4.028528e+001  7.507307e+000  6.493080e+000
      vertex -4.194875e+001  8.117106e+000  6.306991e+000
      vertex -4.060678e+001  7.966873e+000  6.354702e+000
    endloop
  endfacet
  facet normal  1.609688e-003 -1.815573e-001 -9.833791e-001
    outer loop
      vertex -3.892807e+001  4.905181e+000  7.087651e+000
      vertex -3.999357e+001  4.781065e+000  7.108822e+000
      vertex -3.918462e+001  5.518000e+000  6.974089e+000
    endloop
  endfacet
  facet normal  3.336791e-003 -1.833902e-001 -9.830346e-001
    outer loop
      vertex -3.918462e+001  5.518000e+000  6.974089e+000
      vertex -3.999357e+001  4.781065e+000  7.108822e+000
      vertex -4.048454e+001  5.781454e+000  6.920528e+000
    endloop
  endfacet
  facet normal -1.188847e-003 -2.048576e-001 -9.787911e-001
    outer loop
      vertex -3.918462e+001  5.518000e+000  6.974089e+000
      vertex -4.048454e+001  5.781454e+000  6.920528e+000
      vertex -3.943031e+001  6.036747e+000  6.865816e+000
    endloop
  endfacet
  facet normal  3.118156e-003 -2.218473e-001 -9.750764e-001
    outer loop
      vertex -3.943031e+001  6.036747e+000  6.865816e+000
      vertex -4.048454e+001  5.781454e+000  6.920528e+000
      vertex -4.106113e+001  6.724502e+000  6.704124e+000
    endloop
  endfacet
  facet normal  2.184344e-003 -2.239491e-001 -9.745983e-001
    outer loop
      vertex -3.943031e+001  6.036747e+000  6.865816e+000
      vertex -4.106113e+001  6.724502e+000  6.704124e+000
      vertex -3.969622e+001  6.541671e+000  6.749195e+000
    endloop
  endfacet
  facet normal -8.861496e-005 -1.354791e-001 -9.907802e-001
    outer loop
      vertex -3.850363e+001  3.633786e+000  7.276599e+000
      vertex -3.956597e+001  3.641839e+000  7.275593e+000
      vertex -3.870067e+001  4.276572e+000  7.188723e+000
    endloop
  endfacet
  facet normal  5.424035e-003 -1.428504e-001 -9.897294e-001
    outer loop
      vertex -3.870067e+001  4.276572e+000  7.188723e+000
      vertex -3.956597e+001  3.641839e+000  7.275593e+000
      vertex -3.999357e+001  4.781065e+000  7.108822e+000
    endloop
  endfacet
  facet normal -1.080146e-003 -1.591276e-001 -9.872575e-001
    outer loop
      vertex -3.870067e+001  4.276572e+000  7.188723e+000
      vertex -3.999357e+001  4.781065e+000  7.108822e+000
      vertex -3.892807e+001  4.905181e+000  7.087651e+000
    endloop
  endfacet
  facet normal -1.270478e-003 -8.951649e-002 -9.959845e-001
    outer loop
      vertex -3.820499e+001  2.313003e+000  7.410297e+000
      vertex -3.925395e+001  2.455682e+000  7.398812e+000
      vertex -3.833807e+001  2.978610e+000  7.350644e+000
    endloop
  endfacet
  facet normal  5.811655e-003 -1.018102e-001 -9.947869e-001
    outer loop
      vertex -3.833807e+001  2.978610e+000  7.350644e+000
      vertex -3.925395e+001  2.455682e+000  7.398812e+000
      vertex -3.956597e+001  3.641839e+000  7.275593e+000
    endloop
  endfacet
  facet normal  9.000160e-005 -1.122776e-001 -9.936768e-001
    outer loop
      vertex -3.833807e+001  2.978610e+000  7.350644e+000
      vertex -3.956597e+001  3.641839e+000  7.275593e+000
      vertex -3.850363e+001  3.633786e+000  7.276599e+000
    endloop
  endfacet
  facet normal -1.884412e-003 -4.361924e-002 -9.990465e-001
    outer loop
      vertex -3.803947e+001  9.591566e-001  7.484651e+000
      vertex -3.906387e+001  1.236474e+000  7.474475e+000
      vertex -3.810523e+001  1.639091e+000  7.455089e+000
    endloop
  endfacet
  facet normal  5.471758e-003 -6.108968e-002 -9.981173e-001
    outer loop
      vertex -3.810523e+001  1.639091e+000  7.455089e+000
      vertex -3.906387e+001  1.236474e+000  7.474475e+000
      vertex -3.925395e+001  2.455682e+000  7.398812e+000
    endloop
  endfacet
  facet normal  1.943976e-003 -6.603152e-002 -9.978157e-001
    outer loop
      vertex -3.810523e+001  1.639091e+000  7.455089e+000
      vertex -3.925395e+001  2.455682e+000  7.398812e+000
      vertex -3.820499e+001  2.313003e+000  7.410297e+000
    endloop
  endfacet
  facet normal  4.409665e-003 -2.039629e-002 -9.997823e-001
    outer loop
      vertex -3.800817e+001  2.756338e-001  7.498734e+000
      vertex -3.906387e+001  1.236474e+000  7.474475e+000
      vertex -3.803947e+001  9.591566e-001  7.484651e+000
    endloop
  endfacet
  facet normal  4.395815e-003 -2.041150e-002 -9.997820e-001
    outer loop
      vertex -3.906387e+001  1.236474e+000  7.474475e+000
      vertex -3.800817e+001  2.756338e-001  7.498734e+000
      vertex -3.900000e+001  1.399133e-015  7.500000e+000
    endloop
  endfacet
  facet normal -1.563105e-003  1.029829e-003 -9.999982e-001
    outer loop
      vertex -3.900000e+001  1.399133e-015  7.500000e+000
      vertex -3.800817e+001  2.756338e-001  7.498734e+000
      vertex -3.800957e+001 -3.372208e-001  7.498105e+000
    endloop
  endfacet
  facet normal  5.313312e-003  2.122476e-002 -9.997606e-001
    outer loop
      vertex -3.900000e+001  1.399133e-015  7.500000e+000
      vertex -3.800957e+001 -3.372208e-001  7.498105e+000
      vertex -3.906939e+001 -1.288585e+000  7.472275e+000
    endloop
  endfacet
  facet normal  5.333256e-003  2.120256e-002 -9.997610e-001
    outer loop
      vertex -3.906939e+001 -1.288585e+000  7.472275e+000
      vertex -3.800957e+001 -3.372208e-001  7.498105e+000
      vertex -3.803876e+001 -9.490502e-001  7.484973e+000
    endloop
  endfacet
  facet normal -1.541820e-003  4.204705e-002 -9.991145e-001
    outer loop
      vertex -3.906939e+001 -1.288585e+000  7.472275e+000
      vertex -3.803876e+001 -9.490502e-001  7.484973e+000
      vertex -3.809557e+001 -1.558053e+000  7.459432e+000
    endloop
  endfacet
  facet normal -1.480896e-003  8.318484e-002 -9.965331e-001
    outer loop
      vertex -3.829066e+001 -2.760710e+000  7.371881e+000
      vertex -3.926499e+001 -2.507917e+000  7.394430e+000
      vertex -3.817969e+001 -2.162493e+000  7.421651e+000
    endloop
  endfacet
  facet normal  5.008608e-003  6.291128e-002 -9.980066e-001
    outer loop
      vertex -3.817969e+001 -2.162493e+000  7.421651e+000
      vertex -3.926499e+001 -2.507917e+000  7.394430e+000
      vertex -3.906939e+001 -1.288585e+000  7.472275e+000
    endloop
  endfacet
  facet normal  3.947462e-003  6.183513e-002 -9.980786e-001
    outer loop
      vertex -3.817969e+001 -2.162493e+000  7.421651e+000
      vertex -3.906939e+001 -1.288585e+000  7.472275e+000
      vertex -3.809557e+001 -1.558053e+000  7.459432e+000
    endloop
  endfacet
  facet normal  1.279556e-003  1.509982e-001 -9.885333e-001
    outer loop
      vertex -3.886302e+001 -4.735003e+000  7.116526e+000
      vertex -4.001558e+001 -4.831421e+000  7.100306e+000
      vertex -3.862752e+001 -4.050980e+000  7.221315e+000
    endloop
  endfacet
  facet normal  4.766431e-003  1.449356e-001 -9.894296e-001
    outer loop
      vertex -3.862752e+001 -4.050980e+000  7.221315e+000
      vertex -4.001558e+001 -4.831421e+000  7.100306e+000
      vertex -3.958254e+001 -3.693472e+000  7.269083e+000
    endloop
  endfacet
  facet normal -2.104131e-003  1.269137e-001 -9.919115e-001
    outer loop
      vertex -3.862752e+001 -4.050980e+000  7.221315e+000
      vertex -3.958254e+001 -3.693472e+000  7.269083e+000
      vertex -3.842792e+001 -3.351127e+000  7.310437e+000
    endloop
  endfacet
  facet normal  4.826070e-003  1.038626e-001 -9.945799e-001
    outer loop
      vertex -3.842792e+001 -3.351127e+000  7.310437e+000
      vertex -3.958254e+001 -3.693472e+000  7.269083e+000
      vertex -3.926499e+001 -2.507917e+000  7.394430e+000
    endloop
  endfacet
  facet normal  3.618549e-003  1.026766e-001 -9.947082e-001
    outer loop
      vertex -3.842792e+001 -3.351127e+000  7.310437e+000
      vertex -3.926499e+001 -2.507917e+000  7.394430e+000
      vertex -3.829066e+001 -2.760710e+000  7.371881e+000
    endloop
  endfacet
  facet normal -1.712554e-003  2.030654e-001 -9.791637e-001
    outer loop
      vertex -3.943676e+001 -6.049614e+000  6.862984e+000
      vertex -4.050210e+001 -5.813267e+000  6.913862e+000
      vertex -3.913343e+001 -5.402226e+000  6.996713e+000
    endloop
  endfacet
  facet normal  4.047260e-003  1.846198e-001 -9.828017e-001
    outer loop
      vertex -3.913343e+001 -5.402226e+000  6.996713e+000
      vertex -4.050210e+001 -5.813267e+000  6.913862e+000
      vertex -4.001558e+001 -4.831421e+000  7.100306e+000
    endloop
  endfacet
  facet normal -9.669858e-004  1.771222e-001 -9.841884e-001
    outer loop
      vertex -3.913343e+001 -5.402226e+000  6.996713e+000
      vertex -4.001558e+001 -4.831421e+000  7.100306e+000
      vertex -3.886302e+001 -4.735003e+000  7.116526e+000
    endloop
  endfacet
  facet normal -1.505915e-003  2.814358e-001 -9.595788e-001
    outer loop
      vertex -4.052688e+001 -7.856392e+000  6.388997e+000
      vertex -4.171714e+001 -7.604507e+000  6.464740e+000
      vertex -4.013499e+001 -7.277664e+000  6.558117e+000
    endloop
  endfacet
  facet normal  3.138239e-003  2.606277e-001 -9.654343e-001
    outer loop
      vertex -4.013499e+001 -7.277664e+000  6.558117e+000
      vertex -4.171714e+001 -7.604507e+000  6.464740e+000
      vertex -4.107124e+001 -6.739425e+000  6.700377e+000
    endloop
  endfacet
  facet normal -6.331094e-004  2.545005e-001 -9.670724e-001
    outer loop
      vertex -4.013499e+001 -7.277664e+000  6.558117e+000
      vertex -4.107124e+001 -6.739425e+000  6.700377e+000
      vertex -3.977108e+001 -6.675029e+000  6.716472e+000
    endloop
  endfacet
  facet normal  9.678982e-004  2.240517e-001 -9.745768e-001
    outer loop
      vertex -3.977108e+001 -6.675029e+000  6.716472e+000
      vertex -4.107124e+001 -6.739425e+000  6.700377e+000
      vertex -4.050210e+001 -5.813267e+000  6.913862e+000
    endloop
  endfacet
  facet normal  3.669117e-003  2.262265e-001 -9.740678e-001
    outer loop
      vertex -3.977108e+001 -6.675029e+000  6.716472e+000
      vertex -4.050210e+001 -5.813267e+000  6.913862e+000
      vertex -3.943676e+001 -6.049614e+000  6.862984e+000
    endloop
  endfacet
  facet normal -3.538514e-004  3.768732e-001 -9.262648e-001
    outer loop
      vertex -4.139246e+001 -9.674191e+000  5.731710e+000
      vertex -4.241923e+001 -9.646001e+000  5.743573e+000
      vertex -4.127361e+001 -9.254990e+000  5.902227e+000
    endloop
  endfacet
  facet normal  7.405767e-003  3.572661e-001 -9.339733e-001
    outer loop
      vertex -4.127361e+001 -9.254990e+000  5.902227e+000
      vertex -4.241923e+001 -9.646001e+000  5.743573e+000
      vertex -4.214197e+001 -8.630829e+000  6.134098e+000
    endloop
  endfacet
  facet normal  3.472827e-003  3.524780e-001 -9.358137e-001
    outer loop
      vertex -4.127361e+001 -9.254990e+000  5.902227e+000
      vertex -4.214197e+001 -8.630829e+000  6.134098e+000
      vertex -4.112497e+001 -8.832743e+000  6.061820e+000
    endloop
  endfacet
  facet normal -3.747509e-003  3.202334e-001 -9.473312e-001
    outer loop
      vertex -4.112497e+001 -8.832743e+000  6.061820e+000
      vertex -4.214197e+001 -8.630829e+000  6.134098e+000
      vertex -4.194875e+001 -8.117106e+000  6.306991e+000
    endloop
  endfacet
  facet normal  5.196212e-003  3.294427e-001 -9.441613e-001
    outer loop
      vertex -4.112497e+001 -8.832743e+000  6.061820e+000
      vertex -4.194875e+001 -8.117106e+000  6.306991e+000
      vertex -4.094522e+001 -8.410324e+000  6.210202e+000
    endloop
  endfacet
  facet normal -5.508528e-003  2.963997e-001 -9.550481e-001
    outer loop
      vertex -4.094522e+001 -8.410324e+000  6.210202e+000
      vertex -4.194875e+001 -8.117106e+000  6.306991e+000
      vertex -4.171714e+001 -7.604507e+000  6.464740e+000
    endloop
  endfacet
  facet normal  3.834972e-003  3.045425e-001 -9.524910e-001
    outer loop
      vertex -4.094522e+001 -8.410324e+000  6.210202e+000
      vertex -4.171714e+001 -7.604507e+000  6.464740e+000
      vertex -4.052688e+001 -7.856392e+000  6.388997e+000
    endloop
  endfacet
  facet normal -1.247913e-003  5.906458e-001 -8.069299e-001
    outer loop
      vertex -4.150680e+001 -1.257897e+001  4.085632e+000
      vertex -4.252530e+001 -1.253101e+001  4.122312e+000
      vertex -4.156139e+001 -1.218892e+001  4.371220e+000
    endloop
  endfacet
  facet normal  1.313222e-002  5.638414e-001 -8.257788e-001
    outer loop
      vertex -4.156139e+001 -1.218892e+001  4.371220e+000
      vertex -4.252530e+001 -1.253101e+001  4.122312e+000
      vertex -4.259702e+001 -1.162621e+001  4.738967e+000
    endloop
  endfacet
  facet normal  5.171405e-003  5.537093e-001 -8.326939e-001
    outer loop
      vertex -4.156139e+001 -1.218892e+001  4.371220e+000
      vertex -4.259702e+001 -1.162621e+001  4.738967e+000
      vertex -4.159540e+001 -1.177598e+001  4.645595e+000
    endloop
  endfacet
  facet normal -5.249883e-003  5.035143e-001 -8.639709e-001
    outer loop
      vertex -4.159540e+001 -1.177598e+001  4.645595e+000
      vertex -4.259702e+001 -1.162621e+001  4.738967e+000
      vertex -4.259592e+001 -1.113510e+001  5.025175e+000
    endloop
  endfacet
  facet normal  7.043661e-003  5.177066e-001 -8.555292e-001
    outer loop
      vertex -4.159540e+001 -1.177598e+001  4.645595e+000
      vertex -4.259592e+001 -1.113510e+001  5.025175e+000
      vertex -4.160514e+001 -1.134197e+001  4.908151e+000
    endloop
  endfacet
  facet normal -1.196024e-003  6.756007e-001 -7.372668e-001
    outer loop
      vertex -4.133261e+001 -1.334910e+001  3.420577e+000
      vertex -4.238353e+001 -1.331741e+001  3.451330e+000
      vertex -4.142740e+001 -1.297977e+001  3.759176e+000
    endloop
  endfacet
  facet normal  1.475465e-002  6.505437e-001 -7.593254e-001
    outer loop
      vertex -4.142740e+001 -1.297977e+001  3.759176e+000
      vertex -4.238353e+001 -1.331741e+001  3.451330e+000
      vertex -4.252530e+001 -1.253101e+001  4.122312e+000
    endloop
  endfacet
  facet normal  1.831274e-003  6.317487e-001 -7.751712e-001
    outer loop
      vertex -4.142740e+001 -1.297977e+001  3.759176e+000
      vertex -4.252530e+001 -1.253101e+001  4.122312e+000
      vertex -4.150680e+001 -1.257897e+001  4.085632e+000
    endloop
  endfacet
  facet normal -9.911940e-004  8.155262e-001 -5.787193e-001
    outer loop
      vertex -4.099692e+001 -1.427572e+001  2.302383e+000
      vertex -4.211003e+001 -1.426137e+001  2.324514e+000
      vertex -4.111719e+001 -1.398723e+001  2.709121e+000
    endloop
  endfacet
  facet normal  8.905197e-003  8.032787e-001 -5.955367e-001
    outer loop
      vertex -4.111719e+001 -1.398723e+001  2.709121e+000
      vertex -4.211003e+001 -1.426137e+001  2.324514e+000
      vertex -4.224889e+001 -1.383224e+001  2.901258e+000
    endloop
  endfacet
  facet normal -3.945110e-003  7.668374e-001 -6.418293e-001
    outer loop
      vertex -4.111719e+001 -1.398723e+001  2.709121e+000
      vertex -4.224889e+001 -1.383224e+001  2.901258e+000
      vertex -4.122749e+001 -1.368543e+001  3.070388e+000
    endloop
  endfacet
  facet normal  7.897698e-003  7.310469e-001 -6.822815e-001
    outer loop
      vertex -4.122749e+001 -1.368543e+001  3.070388e+000
      vertex -4.224889e+001 -1.383224e+001  2.901258e+000
      vertex -4.238353e+001 -1.331741e+001  3.451330e+000
    endloop
  endfacet
  facet normal  1.499084e-003  7.214684e-001 -6.924456e-001
    outer loop
      vertex -4.122749e+001 -1.368543e+001  3.070388e+000
      vertex -4.238353e+001 -1.331741e+001  3.451330e+000
      vertex -4.133261e+001 -1.334910e+001  3.420577e+000
    endloop
  endfacet
  facet normal -5.932444e-003  9.510375e-001 -3.090187e-001
    outer loop
      vertex -4.069680e+001 -1.487497e+001  9.663369e-001
      vertex -4.189086e+001 -1.481970e+001  1.159360e+000
      vertex -4.077868e+001 -1.472484e+001  1.429956e+000
    endloop
  endfacet
  facet normal  9.056567e-003  9.314495e-001 -3.637580e-001
    outer loop
      vertex -4.077868e+001 -1.472484e+001  1.429956e+000
      vertex -4.189086e+001 -1.481970e+001  1.159360e+000
      vertex -4.198323e+001 -1.459812e+001  1.724453e+000
    endloop
  endfacet
  facet normal -5.424496e-003  9.103099e-001 -4.138921e-001
    outer loop
      vertex -4.077868e+001 -1.472484e+001  1.429956e+000
      vertex -4.198323e+001 -1.459812e+001  1.724453e+000
      vertex -4.088358e+001 -1.451899e+001  1.884066e+000
    endloop
  endfacet
  facet normal  8.046836e-003  8.727576e-001 -4.880875e-001
    outer loop
      vertex -4.088358e+001 -1.451899e+001  1.884066e+000
      vertex -4.198323e+001 -1.459812e+001  1.724453e+000
      vertex -4.211003e+001 -1.426137e+001  2.324514e+000
    endloop
  endfacet
  facet normal  1.156877e-003  8.645818e-001 -5.024908e-001
    outer loop
      vertex -4.088358e+001 -1.451899e+001  1.884066e+000
      vertex -4.211003e+001 -1.426137e+001  2.324514e+000
      vertex -4.099692e+001 -1.427572e+001  2.302383e+000
    endloop
  endfacet
  facet normal -1.582404e-003  9.870940e-001 -1.601337e-001
    outer loop
      vertex -4.064336e+001 -1.496860e+001  4.850415e-001
      vertex -4.183099e+001 -1.495465e+001  5.827700e-001
      vertex -4.066591e+001 -1.492948e+001  7.263998e-001
    endloop
  endfacet
  facet normal  6.971245e-003  9.738247e-001 -2.271931e-001
    outer loop
      vertex -4.066591e+001 -1.492948e+001  7.263998e-001
      vertex -4.183099e+001 -1.495465e+001  5.827700e-001
      vertex -4.189086e+001 -1.481970e+001  1.159360e+000
    endloop
  endfacet
  facet normal  9.526510e-003  9.753730e-001 -2.203562e-001
    outer loop
      vertex -4.066591e+001 -1.492948e+001  7.263998e-001
      vertex -4.189086e+001 -1.481970e+001  1.159360e+000
      vertex -4.069680e+001 -1.487497e+001  9.663369e-001
    endloop
  endfacet
  facet normal -8.815076e-015  9.994764e-001 -3.235622e-002
    outer loop
      vertex -4.125603e+001 -1.500000e+001  0.000000e+000
      vertex -4.181025e+001 -1.500000e+001  1.509903e-013
      vertex -4.062962e+001 -1.499214e+001  2.427404e-001
    endloop
  endfacet
  facet normal  9.248225e-003  9.969683e-001 -7.725627e-002
    outer loop
      vertex -4.062962e+001 -1.499214e+001  2.427404e-001
      vertex -4.181025e+001 -1.500000e+001  1.509903e-013
      vertex -4.183099e+001 -1.495465e+001  5.827700e-001
    endloop
  endfacet
  facet normal  3.750686e-003  9.953260e-001 -9.649885e-002
    outer loop
      vertex -4.062962e+001 -1.499214e+001  2.427404e-001
      vertex -4.183099e+001 -1.495465e+001  5.827700e-001
      vertex -4.064336e+001 -1.496860e+001  4.850415e-001
    endloop
  endfacet
  facet normal -7.588395e-015  9.994764e-001 -3.235622e-002
    outer loop
      vertex  4.125603e+001 -1.500000e+001  0.000000e+000
      vertex  4.062500e+001 -1.500000e+001  1.479936e-013
      vertex  4.062962e+001 -1.499214e+001  2.427404e-001
    endloop
  endfacet
  facet normal -9.525822e-003 -9.753723e-001 -2.203590e-001
    outer loop
      vertex  4.189086e+001  1.481970e+001  1.159360e+000
      vertex  4.069680e+001  1.487497e+001  9.663441e-001
      vertex  4.066591e+001  1.492948e+001  7.264062e-001
    endloop
  endfacet
  facet normal -3.472927e-003 -3.524780e-001 -9.358136e-001
    outer loop
      vertex  4.214197e+001  8.630829e+000  6.134098e+000
      vertex  4.112497e+001  8.832746e+000  6.061819e+000
      vertex  4.127361e+001  9.254996e+000  5.902225e+000
    endloop
  endfacet
  facet normal  2.463316e-003  4.834092e-001 -8.753910e-001
    outer loop
      vertex  4.158698e+001 -1.088900e+001  5.158239e+000
      vertex  4.259592e+001 -1.113510e+001  5.025175e+000
      vertex  4.160514e+001 -1.134197e+001  4.908151e+000
    endloop
  endfacet
  facet normal -6.971670e-003 -9.738248e-001 -2.271930e-001
    outer loop
      vertex  4.183099e+001  1.495465e+001  5.827700e-001
      vertex  4.189086e+001  1.481970e+001  1.159360e+000
      vertex  4.066591e+001  1.492948e+001  7.264062e-001
    endloop
  endfacet
  facet normal  1.582477e-003 -9.870942e-001 -1.601326e-001
    outer loop
      vertex  4.183099e+001  1.495465e+001  5.827700e-001
      vertex  4.066591e+001  1.492948e+001  7.264062e-001
      vertex  4.064336e+001  1.496860e+001  4.850462e-001
    endloop
  endfacet
  facet normal -3.750013e-003 -9.953258e-001 -9.650191e-002
    outer loop
      vertex  4.183099e+001  1.495465e+001  5.827700e-001
      vertex  4.064336e+001  1.496860e+001  4.850462e-001
      vertex  4.062962e+001  1.499214e+001  2.427429e-001
    endloop
  endfacet
  facet normal -2.214895e-002 -9.992447e-001 -3.192722e-002
    outer loop
      vertex  4.183099e+001  1.495465e+001  5.827700e-001
      vertex  4.062962e+001  1.499214e+001  2.427429e-001
      vertex  4.062500e+001  1.500000e+001  2.371673e-011
    endloop
  endfacet
  facet normal -2.916030e-012 -9.969857e-001 -7.758682e-002
    outer loop
      vertex  4.183099e+001  1.495465e+001  5.827700e-001
      vertex  4.062500e+001  1.500000e+001  2.371673e-011
      vertex  4.125603e+001  1.500000e+001  0.000000e+000
    endloop
  endfacet
  facet normal  2.147956e-014 -9.969856e-001 -7.758681e-002
    outer loop
      vertex  4.183099e+001  1.495465e+001  5.827700e-001
      vertex  4.125603e+001  1.500000e+001  0.000000e+000
      vertex  4.181025e+001  1.500000e+001  1.534328e-013
    endloop
  endfacet
  facet normal -7.405925e-003 -3.572660e-001 -9.339733e-001
    outer loop
      vertex  4.241923e+001  9.646001e+000  5.743573e+000
      vertex  4.214197e+001  8.630829e+000  6.134098e+000
      vertex  4.127361e+001  9.254996e+000  5.902225e+000
    endloop
  endfacet
  facet normal  3.537796e-004 -3.768737e-001 -9.262646e-001
    outer loop
      vertex  4.241923e+001  9.646001e+000  5.743573e+000
      vertex  4.127361e+001  9.254996e+000  5.902225e+000
      vertex  4.139246e+001  9.674201e+000  5.731707e+000
    endloop
  endfacet
  facet normal -4.280602e-004 -4.010457e-001 -9.160579e-001
    outer loop
      vertex  4.241923e+001  9.646001e+000  5.743573e+000
      vertex  4.139246e+001  9.674201e+000  5.731707e+000
      vertex  4.148309e+001  1.008777e+001  5.550608e+000
    endloop
  endfacet
  facet normal -1.383666e-002 -4.247243e-001 -9.052169e-001
    outer loop
      vertex  4.241923e+001  9.646001e+000  5.743573e+000
      vertex  4.148309e+001  1.008777e+001  5.550608e+000
      vertex  4.154729e+001  1.049338e+001  5.359313e+000
    endloop
  endfacet
  facet normal -4.260754e-003 -4.166187e-001 -9.090714e-001
    outer loop
      vertex  4.241923e+001  9.646001e+000  5.743573e+000
      vertex  4.154729e+001  1.049338e+001  5.359313e+000
      vertex  4.256472e+001  1.062178e+001  5.295700e+000
    endloop
  endfacet
  facet normal -2.995183e-003  4.660837e-001 -8.847355e-001
    outer loop
      vertex  4.256472e+001 -1.062178e+001  5.295700e+000
      vertex  4.259592e+001 -1.113510e+001  5.025175e+000
      vertex  4.158698e+001 -1.088900e+001  5.158239e+000
    endloop
  endfacet
  facet normal  1.461817e-003  4.532062e-001 -8.914044e-001
    outer loop
      vertex  4.256472e+001 -1.062178e+001  5.295700e+000
      vertex  4.158698e+001 -1.088900e+001  5.158239e+000
      vertex  4.154729e+001 -1.049337e+001  5.359320e+000
    endloop
  endfacet
  facet normal -2.773997e-003  4.261964e-001 -9.046263e-001
    outer loop
      vertex  4.256472e+001 -1.062178e+001  5.295700e+000
      vertex  4.154729e+001 -1.049337e+001  5.359320e+000
      vertex  4.148309e+001 -1.008776e+001  5.550612e+000
    endloop
  endfacet
  facet normal -2.003483e-002  3.973554e-001 -9.174461e-001
    outer loop
      vertex  4.256472e+001 -1.062178e+001  5.295700e+000
      vertex  4.148309e+001 -1.008776e+001  5.550612e+000
      vertex  4.139246e+001 -9.674191e+000  5.731710e+000
    endloop
  endfacet
  facet normal -9.493830e-004  4.170301e-001 -9.088922e-001
    outer loop
      vertex  4.256472e+001 -1.062178e+001  5.295700e+000
      vertex  4.139246e+001 -9.674191e+000  5.731710e+000
      vertex  4.241923e+001 -9.646001e+000  5.743573e+000
    endloop
  endfacet
  facet normal  5.932065e-003 -9.510375e-001 -3.090184e-001
    outer loop
      vertex  4.069680e+001  1.487497e+001  9.663441e-001
      vertex  4.189086e+001  1.481970e+001  1.159360e+000
      vertex  4.077869e+001  1.472484e+001  1.429946e+000
    endloop
  endfacet
  facet normal -9.056521e-003 -9.314495e-001 -3.637580e-001
    outer loop
      vertex  4.077869e+001  1.472484e+001  1.429946e+000
      vertex  4.189086e+001  1.481970e+001  1.159360e+000
      vertex  4.198323e+001  1.459812e+001  1.724453e+000
    endloop
  endfacet
  facet normal  5.423572e-003 -9.103121e-001 -4.138870e-001
    outer loop
      vertex  4.077869e+001  1.472484e+001  1.429946e+000
      vertex  4.198323e+001  1.459812e+001  1.724453e+000
      vertex  4.088357e+001  1.451901e+001  1.884037e+000
    endloop
  endfacet
  facet normal -1.037351e-002 -8.656234e-001 -5.005882e-001
    outer loop
      vertex  4.088357e+001  1.451901e+001  1.884037e+000
      vertex  4.198323e+001  1.459812e+001  1.724453e+000
      vertex  4.099690e+001  1.427576e+001  2.302325e+000
    endloop
  endfacet
  facet normal -1.524375e-003 -8.721976e-001 -4.891515e-001
    outer loop
      vertex  4.099690e+001  1.427576e+001  2.302325e+000
      vertex  4.198323e+001  1.459812e+001  1.724453e+000
      vertex  4.211003e+001  1.426137e+001  2.324514e+000
    endloop
  endfacet
  facet normal  9.934144e-004 -8.155337e-001 -5.787088e-001
    outer loop
      vertex  4.099690e+001  1.427576e+001  2.302325e+000
      vertex  4.211003e+001  1.426137e+001  2.324514e+000
      vertex  4.111716e+001  1.398730e+001  2.709039e+000
    endloop
  endfacet
  facet normal -8.906556e-003 -8.032789e-001 -5.955365e-001
    outer loop
      vertex  4.111716e+001  1.398730e+001  2.709039e+000
      vertex  4.211003e+001  1.426137e+001  2.324514e+000
      vertex  4.224889e+001  1.383224e+001  2.901258e+000
    endloop
  endfacet
  facet normal  3.945512e-003 -7.668473e-001 -6.418174e-001
    outer loop
      vertex  4.111716e+001  1.398730e+001  2.709039e+000
      vertex  4.224889e+001  1.383224e+001  2.901258e+000
      vertex  4.122747e+001  1.368548e+001  3.070322e+000
    endloop
  endfacet
  facet normal -1.052355e-002 -7.227886e-001 -6.909891e-001
    outer loop
      vertex  4.122747e+001  1.368548e+001  3.070322e+000
      vertex  4.224889e+001  1.383224e+001  2.901258e+000
      vertex  4.133260e+001  1.334916e+001  3.420528e+000
    endloop
  endfacet
  facet normal -2.044606e-003 -7.303541e-001 -6.830657e-001
    outer loop
      vertex  4.133260e+001  1.334916e+001  3.420528e+000
      vertex  4.224889e+001  1.383224e+001  2.901258e+000
      vertex  4.238353e+001  1.331741e+001  3.451330e+000
    endloop
  endfacet
  facet normal  1.197841e-003 -6.756059e-001 -7.372621e-001
    outer loop
      vertex  4.133260e+001  1.334916e+001  3.420528e+000
      vertex  4.238353e+001  1.331741e+001  3.451330e+000
      vertex  4.142739e+001  1.297981e+001  3.759142e+000
    endloop
  endfacet
  facet normal -1.475422e-002 -6.505437e-001 -7.593256e-001
    outer loop
      vertex  4.142739e+001  1.297981e+001  3.759142e+000
      vertex  4.238353e+001  1.331741e+001  3.451330e+000
      vertex  4.252530e+001  1.253101e+001  4.122312e+000
    endloop
  endfacet
  facet normal -1.832520e-003 -6.317526e-001 -7.751679e-001
    outer loop
      vertex  4.142739e+001  1.297981e+001  3.759142e+000
      vertex  4.252530e+001  1.253101e+001  4.122312e+000
      vertex  4.150679e+001  1.257899e+001  4.085612e+000
    endloop
  endfacet
  facet normal  1.248393e-003 -5.906495e-001 -8.069273e-001
    outer loop
      vertex  4.150679e+001  1.257899e+001  4.085612e+000
      vertex  4.252530e+001  1.253101e+001  4.122312e+000
      vertex  4.156139e+001  1.218895e+001  4.371198e+000
    endloop
  endfacet
  facet normal -1.313234e-002 -5.638414e-001 -8.257787e-001
    outer loop
      vertex  4.156139e+001  1.218895e+001  4.371198e+000
      vertex  4.252530e+001  1.253101e+001  4.122312e+000
      vertex  4.259702e+001  1.162621e+001  4.738967e+000
    endloop
  endfacet
  facet normal -5.172915e-003 -5.537116e-001 -8.326923e-001
    outer loop
      vertex  4.156139e+001  1.218895e+001  4.371198e+000
      vertex  4.259702e+001  1.162621e+001  4.738967e+000
      vertex  4.159540e+001  1.177600e+001  4.645582e+000
    endloop
  endfacet
  facet normal  2.372705e-003 -5.175635e-001 -8.556415e-001
    outer loop
      vertex  4.159540e+001  1.177600e+001  4.645582e+000
      vertex  4.259702e+001  1.162621e+001  4.738967e+000
      vertex  4.160514e+001  1.134198e+001  4.908145e+000
    endloop
  endfacet
  facet normal -3.079343e-003 -5.035049e-001 -8.639869e-001
    outer loop
      vertex  4.160514e+001  1.134198e+001  4.908145e+000
      vertex  4.259702e+001  1.162621e+001  4.738967e+000
      vertex  4.259592e+001  1.113510e+001  5.025175e+000
    endloop
  endfacet
  facet normal  2.463214e-003 -4.834110e-001 -8.753899e-001
    outer loop
      vertex  4.160514e+001  1.134198e+001  4.908145e+000
      vertex  4.259592e+001  1.113510e+001  5.025175e+000
      vertex  4.158699e+001  1.088901e+001  5.158232e+000
    endloop
  endfacet
  facet normal -2.995566e-003 -4.660837e-001 -8.847355e-001
    outer loop
      vertex  4.158699e+001  1.088901e+001  5.158232e+000
      vertex  4.259592e+001  1.113510e+001  5.025175e+000
      vertex  4.256472e+001  1.062178e+001  5.295700e+000
    endloop
  endfacet
  facet normal  1.461428e-003 -4.532070e-001 -8.914041e-001
    outer loop
      vertex  4.158699e+001  1.088901e+001  5.158232e+000
      vertex  4.256472e+001  1.062178e+001  5.295700e+000
      vertex  4.154729e+001  1.049338e+001  5.359313e+000
    endloop
  endfacet
  facet normal  1.156047e-003 -3.318537e-001 -9.433302e-001
    outer loop
      vertex  4.112497e+001  8.832746e+000  6.061819e+000
      vertex  4.214197e+001  8.630829e+000  6.134098e+000
      vertex  4.094522e+001  8.410324e+000  6.210202e+000
    endloop
  endfacet
  facet normal -1.611834e-003 -3.184248e-001 -9.479467e-001
    outer loop
      vertex  4.094522e+001  8.410324e+000  6.210202e+000
      vertex  4.214197e+001  8.630829e+000  6.134098e+000
      vertex  4.194875e+001  8.117106e+000  6.306991e+000
    endloop
  endfacet
  facet normal  9.626495e-004 -3.104825e-001 -9.505787e-001
    outer loop
      vertex  4.094522e+001  8.410324e+000  6.210202e+000
      vertex  4.194875e+001  8.117106e+000  6.306991e+000
      vertex  4.060678e+001  7.966873e+000  6.354702e+000
    endloop
  endfacet
  facet normal -1.916511e-003 -2.870899e-001 -9.579018e-001
    outer loop
      vertex  4.060678e+001  7.966873e+000  6.354702e+000
      vertex  4.194875e+001  8.117106e+000  6.306991e+000
      vertex  4.028528e+001  7.507307e+000  6.493080e+000
    endloop
  endfacet
  facet normal  1.083056e-003 -2.945782e-001 -9.556267e-001
    outer loop
      vertex  4.028528e+001  7.507307e+000  6.493080e+000
      vertex  4.194875e+001  8.117106e+000  6.306991e+000
      vertex  4.171714e+001  7.604507e+000  6.464740e+000
    endloop
  endfacet
  facet normal -9.897114e-004 -2.664419e-001 -9.638504e-001
    outer loop
      vertex  4.028528e+001  7.507307e+000  6.493080e+000
      vertex  4.171714e+001  7.604507e+000  6.464740e+000
      vertex  3.998149e+001  7.032063e+000  6.624766e+000
    endloop
  endfacet
  facet normal -3.176705e-003 -2.602799e-001 -9.655281e-001
    outer loop
      vertex  3.998149e+001  7.032063e+000  6.624766e+000
      vertex  4.171714e+001  7.604507e+000  6.464740e+000
      vertex  4.106113e+001  6.724502e+000  6.704124e+000
    endloop
  endfacet
  facet normal  1.015872e-003 -2.464955e-001 -9.691434e-001
    outer loop
      vertex  3.998149e+001  7.032063e+000  6.624766e+000
      vertex  4.106113e+001  6.724502e+000  6.704124e+000
      vertex  3.969622e+001  6.541671e+000  6.749195e+000
    endloop
  endfacet
  facet normal -2.184344e-003 -2.239491e-001 -9.745983e-001
    outer loop
      vertex  3.969622e+001  6.541671e+000  6.749195e+000
      vertex  4.106113e+001  6.724502e+000  6.704124e+000
      vertex  3.943031e+001  6.036747e+000  6.865816e+000
    endloop
  endfacet
  facet normal -3.118156e-003 -2.218473e-001 -9.750764e-001
    outer loop
      vertex  3.943031e+001  6.036747e+000  6.865816e+000
      vertex  4.106113e+001  6.724502e+000  6.704124e+000
      vertex  4.048454e+001  5.781454e+000  6.920528e+000
    endloop
  endfacet
  facet normal  1.188847e-003 -2.048576e-001 -9.787911e-001
    outer loop
      vertex  3.943031e+001  6.036747e+000  6.865816e+000
      vertex  4.048454e+001  5.781454e+000  6.920528e+000
      vertex  3.918462e+001  5.518000e+000  6.974089e+000
    endloop
  endfacet
  facet normal -3.336791e-003 -1.833902e-001 -9.830346e-001
    outer loop
      vertex  3.918462e+001  5.518000e+000  6.974089e+000
      vertex  4.048454e+001  5.781454e+000  6.920528e+000
      vertex  3.999357e+001  4.781065e+000  7.108822e+000
    endloop
  endfacet
  facet normal -1.609688e-003 -1.815573e-001 -9.833791e-001
    outer loop
      vertex  3.918462e+001  5.518000e+000  6.974089e+000
      vertex  3.999357e+001  4.781065e+000  7.108822e+000
      vertex  3.892807e+001  4.905181e+000  7.087651e+000
    endloop
  endfacet
  facet normal  1.080146e-003 -1.591276e-001 -9.872575e-001
    outer loop
      vertex  3.892807e+001  4.905181e+000  7.087651e+000
      vertex  3.999357e+001  4.781065e+000  7.108822e+000
      vertex  3.870067e+001  4.276572e+000  7.188723e+000
    endloop
  endfacet
  facet normal -5.424035e-003 -1.428504e-001 -9.897294e-001
    outer loop
      vertex  3.870067e+001  4.276572e+000  7.188723e+000
      vertex  3.999357e+001  4.781065e+000  7.108822e+000
      vertex  3.956597e+001  3.641839e+000  7.275593e+000
    endloop
  endfacet
  facet normal  8.861496e-005 -1.354791e-001 -9.907802e-001
    outer loop
      vertex  3.870067e+001  4.276572e+000  7.188723e+000
      vertex  3.956597e+001  3.641839e+000  7.275593e+000
      vertex  3.850363e+001  3.633786e+000  7.276599e+000
    endloop
  endfacet
  facet normal -9.000160e-005 -1.122776e-001 -9.936768e-001
    outer loop
      vertex  3.850363e+001  3.633786e+000  7.276599e+000
      vertex  3.956597e+001  3.641839e+000  7.275593e+000
      vertex  3.833807e+001  2.978610e+000  7.350644e+000
    endloop
  endfacet
  facet normal -5.811655e-003 -1.018102e-001 -9.947869e-001
    outer loop
      vertex  3.833807e+001  2.978610e+000  7.350644e+000
      vertex  3.956597e+001  3.641839e+000  7.275593e+000
      vertex  3.925395e+001  2.455682e+000  7.398812e+000
    endloop
  endfacet
  facet normal  1.270478e-003 -8.951649e-002 -9.959845e-001
    outer loop
      vertex  3.833807e+001  2.978610e+000  7.350644e+000
      vertex  3.925395e+001  2.455682e+000  7.398812e+000
      vertex  3.820499e+001  2.313003e+000  7.410297e+000
    endloop
  endfacet
  facet normal -1.943976e-003 -6.603152e-002 -9.978157e-001
    outer loop
      vertex  3.820499e+001  2.313003e+000  7.410297e+000
      vertex  3.925395e+001  2.455682e+000  7.398812e+000
      vertex  3.810523e+001  1.639091e+000  7.455089e+000
    endloop
  endfacet
  facet normal -5.471758e-003 -6.108968e-002 -9.981173e-001
    outer loop
      vertex  3.810523e+001  1.639091e+000  7.455089e+000
      vertex  3.925395e+001  2.455682e+000  7.398812e+000
      vertex  3.906387e+001  1.236474e+000  7.474475e+000
    endloop
  endfacet
  facet normal  1.884412e-003 -4.361924e-002 -9.990465e-001
    outer loop
      vertex  3.810523e+001  1.639091e+000  7.455089e+000
      vertex  3.906387e+001  1.236474e+000  7.474475e+000
      vertex  3.803947e+001  9.591566e-001  7.484651e+000
    endloop
  endfacet
  facet normal -4.409665e-003 -2.039629e-002 -9.997823e-001
    outer loop
      vertex  3.803947e+001  9.591566e-001  7.484651e+000
      vertex  3.906387e+001  1.236474e+000  7.474475e+000
      vertex  3.800817e+001  2.756338e-001  7.498734e+000
    endloop
  endfacet
  facet normal -4.395815e-003 -2.041150e-002 -9.997820e-001
    outer loop
      vertex  3.800817e+001  2.756338e-001  7.498734e+000
      vertex  3.906387e+001  1.236474e+000  7.474475e+000
      vertex  3.900000e+001  1.399133e-015  7.500000e+000
    endloop
  endfacet
  facet normal  1.563105e-003  1.029829e-003 -9.999982e-001
    outer loop
      vertex  3.800817e+001  2.756338e-001  7.498734e+000
      vertex  3.900000e+001  1.399133e-015  7.500000e+000
      vertex  3.800957e+001 -3.372208e-001  7.498105e+000
    endloop
  endfacet
  facet normal -5.313312e-003  2.122476e-002 -9.997606e-001
    outer loop
      vertex  3.800957e+001 -3.372208e-001  7.498105e+000
      vertex  3.900000e+001  1.399133e-015  7.500000e+000
      vertex  3.906939e+001 -1.288585e+000  7.472275e+000
    endloop
  endfacet
  facet normal -5.333256e-003  2.120256e-002 -9.997610e-001
    outer loop
      vertex  3.800957e+001 -3.372208e-001  7.498105e+000
      vertex  3.906939e+001 -1.288585e+000  7.472275e+000
      vertex  3.803876e+001 -9.490502e-001  7.484973e+000
    endloop
  endfacet
  facet normal  1.541820e-003  4.204705e-002 -9.991145e-001
    outer loop
      vertex  3.803876e+001 -9.490502e-001  7.484973e+000
      vertex  3.906939e+001 -1.288585e+000  7.472275e+000
      vertex  3.809557e+001 -1.558053e+000  7.459432e+000
    endloop
  endfacet
  facet normal -3.947462e-003  6.183513e-002 -9.980786e-001
    outer loop
      vertex  3.809557e+001 -1.558053e+000  7.459432e+000
      vertex  3.906939e+001 -1.288585e+000  7.472275e+000
      vertex  3.817969e+001 -2.162493e+000  7.421651e+000
    endloop
  endfacet
  facet normal -5.008608e-003  6.291128e-002 -9.980066e-001
    outer loop
      vertex  3.817969e+001 -2.162493e+000  7.421651e+000
      vertex  3.906939e+001 -1.288585e+000  7.472275e+000
      vertex  3.926499e+001 -2.507917e+000  7.394430e+000
    endloop
  endfacet
  facet normal  1.480896e-003  8.318484e-002 -9.965331e-001
    outer loop
      vertex  3.817969e+001 -2.162493e+000  7.421651e+000
      vertex  3.926499e+001 -2.507917e+000  7.394430e+000
      vertex  3.829066e+001 -2.760710e+000  7.371881e+000
    endloop
  endfacet
  facet normal -3.618549e-003  1.026766e-001 -9.947082e-001
    outer loop
      vertex  3.829066e+001 -2.760710e+000  7.371881e+000
      vertex  3.926499e+001 -2.507917e+000  7.394430e+000
      vertex  3.842792e+001 -3.351127e+000  7.310437e+000
    endloop
  endfacet
  facet normal -4.826070e-003  1.038626e-001 -9.945799e-001
    outer loop
      vertex  3.842792e+001 -3.351127e+000  7.310437e+000
      vertex  3.926499e+001 -2.507917e+000  7.394430e+000
      vertex  3.958254e+001 -3.693472e+000  7.269083e+000
    endloop
  endfacet
  facet normal  2.104131e-003  1.269137e-001 -9.919115e-001
    outer loop
      vertex  3.842792e+001 -3.351127e+000  7.310437e+000
      vertex  3.958254e+001 -3.693472e+000  7.269083e+000
      vertex  3.862752e+001 -4.050980e+000  7.221315e+000
    endloop
  endfacet
  facet normal -4.766431e-003  1.449356e-001 -9.894296e-001
    outer loop
      vertex  3.862752e+001 -4.050980e+000  7.221315e+000
      vertex  3.958254e+001 -3.693472e+000  7.269083e+000
      vertex  4.001558e+001 -4.831421e+000  7.100306e+000
    endloop
  endfacet
  facet normal -1.279556e-003  1.509982e-001 -9.885333e-001
    outer loop
      vertex  3.862752e+001 -4.050980e+000  7.221315e+000
      vertex  4.001558e+001 -4.831421e+000  7.100306e+000
      vertex  3.886302e+001 -4.735003e+000  7.116526e+000
    endloop
  endfacet
  facet normal  9.669858e-004  1.771222e-001 -9.841884e-001
    outer loop
      vertex  3.886302e+001 -4.735003e+000  7.116526e+000
      vertex  4.001558e+001 -4.831421e+000  7.100306e+000
      vertex  3.913343e+001 -5.402226e+000  6.996713e+000
    endloop
  endfacet
  facet normal -4.047260e-003  1.846198e-001 -9.828017e-001
    outer loop
      vertex  3.913343e+001 -5.402226e+000  6.996713e+000
      vertex  4.001558e+001 -4.831421e+000  7.100306e+000
      vertex  4.050210e+001 -5.813267e+000  6.913862e+000
    endloop
  endfacet
  facet normal  1.712554e-003  2.030654e-001 -9.791637e-001
    outer loop
      vertex  3.913343e+001 -5.402226e+000  6.996713e+000
      vertex  4.050210e+001 -5.813267e+000  6.913862e+000
      vertex  3.943676e+001 -6.049614e+000  6.862984e+000
    endloop
  endfacet
  facet normal -3.669117e-003  2.262265e-001 -9.740678e-001
    outer loop
      vertex  3.943676e+001 -6.049614e+000  6.862984e+000
      vertex  4.050210e+001 -5.813267e+000  6.913862e+000
      vertex  3.977108e+001 -6.675029e+000  6.716472e+000
    endloop
  endfacet
  facet normal -9.678982e-004  2.240517e-001 -9.745768e-001
    outer loop
      vertex  3.977108e+001 -6.675029e+000  6.716472e+000
      vertex  4.050210e+001 -5.813267e+000  6.913862e+000
      vertex  4.107124e+001 -6.739425e+000  6.700377e+000
    endloop
  endfacet
  facet normal  6.331094e-004  2.545005e-001 -9.670724e-001
    outer loop
      vertex  3.977108e+001 -6.675029e+000  6.716472e+000
      vertex  4.107124e+001 -6.739425e+000  6.700377e+000
      vertex  4.013499e+001 -7.277664e+000  6.558117e+000
    endloop
  endfacet
  facet normal -3.138239e-003  2.606277e-001 -9.654343e-001
    outer loop
      vertex  4.013499e+001 -7.277664e+000  6.558117e+000
      vertex  4.107124e+001 -6.739425e+000  6.700377e+000
      vertex  4.171714e+001 -7.604507e+000  6.464740e+000
    endloop
  endfacet
  facet normal  1.505915e-003  2.814358e-001 -9.595788e-001
    outer loop
      vertex  4.013499e+001 -7.277664e+000  6.558117e+000
      vertex  4.171714e+001 -7.604507e+000  6.464740e+000
      vertex  4.052688e+001 -7.856392e+000  6.388997e+000
    endloop
  endfacet
  facet normal -3.834972e-003  3.045425e-001 -9.524910e-001
    outer loop
      vertex  4.052688e+001 -7.856392e+000  6.388997e+000
      vertex  4.171714e+001 -7.604507e+000  6.464740e+000
      vertex  4.094522e+001 -8.410324e+000  6.210202e+000
    endloop
  endfacet
  facet normal  5.508528e-003  2.963997e-001 -9.550481e-001
    outer loop
      vertex  4.094522e+001 -8.410324e+000  6.210202e+000
      vertex  4.171714e+001 -7.604507e+000  6.464740e+000
      vertex  4.194875e+001 -8.117106e+000  6.306991e+000
    endloop
  endfacet
  facet normal -5.196212e-003  3.294427e-001 -9.441613e-001
    outer loop
      vertex  4.094522e+001 -8.410324e+000  6.210202e+000
      vertex  4.194875e+001 -8.117106e+000  6.306991e+000
      vertex  4.112497e+001 -8.832743e+000  6.061820e+000
    endloop
  endfacet
  facet normal  3.747509e-003  3.202334e-001 -9.473312e-001
    outer loop
      vertex  4.112497e+001 -8.832743e+000  6.061820e+000
      vertex  4.194875e+001 -8.117106e+000  6.306991e+000
      vertex  4.214197e+001 -8.630829e+000  6.134098e+000
    endloop
  endfacet
  facet normal -3.472827e-003  3.524780e-001 -9.358137e-001
    outer loop
      vertex  4.112497e+001 -8.832743e+000  6.061820e+000
      vertex  4.214197e+001 -8.630829e+000  6.134098e+000
      vertex  4.127361e+001 -9.254990e+000  5.902227e+000
    endloop
  endfacet
  facet normal -7.405767e-003  3.572661e-001 -9.339733e-001
    outer loop
      vertex  4.127361e+001 -9.254990e+000  5.902227e+000
      vertex  4.214197e+001 -8.630829e+000  6.134098e+000
      vertex  4.241923e+001 -9.646001e+000  5.743573e+000
    endloop
  endfacet
  facet normal  3.538514e-004  3.768732e-001 -9.262648e-001
    outer loop
      vertex  4.127361e+001 -9.254990e+000  5.902227e+000
      vertex  4.241923e+001 -9.646001e+000  5.743573e+000
      vertex  4.139246e+001 -9.674191e+000  5.731710e+000
    endloop
  endfacet
  facet normal -7.043661e-003  5.177066e-001 -8.555292e-001
    outer loop
      vertex  4.160514e+001 -1.134197e+001  4.908151e+000
      vertex  4.259592e+001 -1.113510e+001  5.025175e+000
      vertex  4.159540e+001 -1.177598e+001  4.645595e+000
    endloop
  endfacet
  facet normal  5.249883e-003  5.035143e-001 -8.639709e-001
    outer loop
      vertex  4.159540e+001 -1.177598e+001  4.645595e+000
      vertex  4.259592e+001 -1.113510e+001  5.025175e+000
      vertex  4.259702e+001 -1.162621e+001  4.738967e+000
    endloop
  endfacet
  facet normal -5.171405e-003  5.537093e-001 -8.326939e-001
    outer loop
      vertex  4.159540e+001 -1.177598e+001  4.645595e+000
      vertex  4.259702e+001 -1.162621e+001  4.738967e+000
      vertex  4.156139e+001 -1.218892e+001  4.371220e+000
    endloop
  endfacet
  facet normal -1.313222e-002  5.638414e-001 -8.257788e-001
    outer loop
      vertex  4.156139e+001 -1.218892e+001  4.371220e+000
      vertex  4.259702e+001 -1.162621e+001  4.738967e+000
      vertex  4.252530e+001 -1.253101e+001  4.122312e+000
    endloop
  endfacet
  facet normal  1.247913e-003  5.906458e-001 -8.069299e-001
    outer loop
      vertex  4.156139e+001 -1.218892e+001  4.371220e+000
      vertex  4.252530e+001 -1.253101e+001  4.122312e+000
      vertex  4.150680e+001 -1.257897e+001  4.085632e+000
    endloop
  endfacet
  facet normal -1.831274e-003  6.317487e-001 -7.751712e-001
    outer loop
      vertex  4.150680e+001 -1.257897e+001  4.085632e+000
      vertex  4.252530e+001 -1.253101e+001  4.122312e+000
      vertex  4.142740e+001 -1.297977e+001  3.759176e+000
    endloop
  endfacet
  facet normal -1.475465e-002  6.505437e-001 -7.593254e-001
    outer loop
      vertex  4.142740e+001 -1.297977e+001  3.759176e+000
      vertex  4.252530e+001 -1.253101e+001  4.122312e+000
      vertex  4.238353e+001 -1.331741e+001  3.451330e+000
    endloop
  endfacet
  facet normal  1.196024e-003  6.756007e-001 -7.372668e-001
    outer loop
      vertex  4.142740e+001 -1.297977e+001  3.759176e+000
      vertex  4.238353e+001 -1.331741e+001  3.451330e+000
      vertex  4.133261e+001 -1.334910e+001  3.420577e+000
    endloop
  endfacet
  facet normal -1.499084e-003  7.214684e-001 -6.924456e-001
    outer loop
      vertex  4.133261e+001 -1.334910e+001  3.420577e+000
      vertex  4.238353e+001 -1.331741e+001  3.451330e+000
      vertex  4.122749e+001 -1.368543e+001  3.070388e+000
    endloop
  endfacet
  facet normal -7.897698e-003  7.310469e-001 -6.822815e-001
    outer loop
      vertex  4.122749e+001 -1.368543e+001  3.070388e+000
      vertex  4.238353e+001 -1.331741e+001  3.451330e+000
      vertex  4.224889e+001 -1.383224e+001  2.901258e+000
    endloop
  endfacet
  facet normal  3.945110e-003  7.668374e-001 -6.418293e-001
    outer loop
      vertex  4.122749e+001 -1.368543e+001  3.070388e+000
      vertex  4.224889e+001 -1.383224e+001  2.901258e+000
      vertex  4.111719e+001 -1.398723e+001  2.709121e+000
    endloop
  endfacet
  facet normal -8.905197e-003  8.032787e-001 -5.955367e-001
    outer loop
      vertex  4.111719e+001 -1.398723e+001  2.709121e+000
      vertex  4.224889e+001 -1.383224e+001  2.901258e+000
      vertex  4.211003e+001 -1.426137e+001  2.324514e+000
    endloop
  endfacet
  facet normal  9.911940e-004  8.155262e-001 -5.787193e-001
    outer loop
      vertex  4.111719e+001 -1.398723e+001  2.709121e+000
      vertex  4.211003e+001 -1.426137e+001  2.324514e+000
      vertex  4.099692e+001 -1.427572e+001  2.302383e+000
    endloop
  endfacet
  facet normal -1.156877e-003  8.645818e-001 -5.024908e-001
    outer loop
      vertex  4.099692e+001 -1.427572e+001  2.302383e+000
      vertex  4.211003e+001 -1.426137e+001  2.324514e+000
      vertex  4.088358e+001 -1.451899e+001  1.884066e+000
    endloop
  endfacet
  facet normal -8.046836e-003  8.727576e-001 -4.880875e-001
    outer loop
      vertex  4.088358e+001 -1.451899e+001  1.884066e+000
      vertex  4.211003e+001 -1.426137e+001  2.324514e+000
      vertex  4.198323e+001 -1.459812e+001  1.724453e+000
    endloop
  endfacet
  facet normal  5.424496e-003  9.103099e-001 -4.138921e-001
    outer loop
      vertex  4.088358e+001 -1.451899e+001  1.884066e+000
      vertex  4.198323e+001 -1.459812e+001  1.724453e+000
      vertex  4.077868e+001 -1.472484e+001  1.429956e+000
    endloop
  endfacet
  facet normal -9.056567e-003  9.314495e-001 -3.637580e-001
    outer loop
      vertex  4.077868e+001 -1.472484e+001  1.429956e+000
      vertex  4.198323e+001 -1.459812e+001  1.724453e+000
      vertex  4.189086e+001 -1.481970e+001  1.159360e+000
    endloop
  endfacet
  facet normal  5.932444e-003  9.510375e-001 -3.090187e-001
    outer loop
      vertex  4.077868e+001 -1.472484e+001  1.429956e+000
      vertex  4.189086e+001 -1.481970e+001  1.159360e+000
      vertex  4.069680e+001 -1.487497e+001  9.663369e-001
    endloop
  endfacet
  facet normal -9.526510e-003  9.753730e-001 -2.203562e-001
    outer loop
      vertex  4.069680e+001 -1.487497e+001  9.663369e-001
      vertex  4.189086e+001 -1.481970e+001  1.159360e+000
      vertex  4.066591e+001 -1.492948e+001  7.263998e-001
    endloop
  endfacet
  facet normal -6.971245e-003  9.738247e-001 -2.271931e-001
    outer loop
      vertex  4.066591e+001 -1.492948e+001  7.263998e-001
      vertex  4.189086e+001 -1.481970e+001  1.159360e+000
      vertex  4.183099e+001 -1.495465e+001  5.827700e-001
    endloop
  endfacet
  facet normal  1.582404e-003  9.870940e-001 -1.601337e-001
    outer loop
      vertex  4.066591e+001 -1.492948e+001  7.263998e-001
      vertex  4.183099e+001 -1.495465e+001  5.827700e-001
      vertex  4.064336e+001 -1.496860e+001  4.850415e-001
    endloop
  endfacet
  facet normal -3.750686e-003  9.953260e-001 -9.649885e-002
    outer loop
      vertex  4.064336e+001 -1.496860e+001  4.850415e-001
      vertex  4.183099e+001 -1.495465e+001  5.827700e-001
      vertex  4.062962e+001 -1.499214e+001  2.427404e-001
    endloop
  endfacet
  facet normal -9.248225e-003  9.969683e-001 -7.725627e-002
    outer loop
      vertex  4.062962e+001 -1.499214e+001  2.427404e-001
      vertex  4.183099e+001 -1.495465e+001  5.827700e-001
      vertex  4.181025e+001 -1.500000e+001  1.521006e-013
    endloop
  endfacet
  facet normal  8.879893e-015  9.994764e-001 -3.235622e-002
    outer loop
      vertex  4.062962e+001 -1.499214e+001  2.427404e-001
      vertex  4.181025e+001 -1.500000e+001  1.521006e-013
      vertex  4.125603e+001 -1.500000e+001  0.000000e+000
    endloop
  endfacet
  facet normal  9.994156e-001  3.402173e-002 -3.353248e-003
    outer loop
      vertex -4.010000e+001  1.139475e+001  4.191273e+000
      vertex -4.009452e+001  1.165851e+001  8.500000e+000
      vertex -4.006283e+001  1.072763e+001  8.500000e+000
    endloop
  endfacet
  facet normal  9.112475e-001 -4.118590e-001 -2.931014e-004
    outer loop
      vertex -3.935058e+001  1.432938e+001  8.500000e+000
      vertex -3.973420e+001  1.348063e+001  8.500000e+000
      vertex -3.972588e+001  1.350339e+001  2.357545e+000
    endloop
  endfacet
  facet normal  9.270527e-001 -3.748792e-001 -6.231553e-003
    outer loop
      vertex -3.935058e+001  1.432938e+001  8.500000e+000
      vertex -3.972588e+001  1.350339e+001  2.357545e+000
      vertex -3.961897e+001  1.377429e+001  1.966669e+000
    endloop
  endfacet
  facet normal  9.114686e-001 -4.113621e-001 -2.491675e-003
    outer loop
      vertex -3.935058e+001  1.432938e+001  8.500000e+000
      vertex -3.961897e+001  1.377429e+001  1.966669e+000
      vertex -3.951925e+001  1.399768e+001  1.564849e+000
    endloop
  endfacet
  facet normal  8.959993e-001 -4.440551e-001 -5.517727e-004
    outer loop
      vertex -3.935058e+001  1.432938e+001  8.500000e+000
      vertex -3.951925e+001  1.399768e+001  1.564849e+000
      vertex -3.941653e+001  1.420556e+001  1.052471e+000
    endloop
  endfacet
  facet normal  8.824828e-001 -4.703447e-001  5.015805e-006
    outer loop
      vertex -3.935058e+001  1.432938e+001  8.500000e+000
      vertex -3.941653e+001  1.420556e+001  1.052471e+000
      vertex -3.934896e+001  1.433235e+001  5.292291e-001
    endloop
  endfacet
  facet normal  8.749472e-001 -4.842182e-001 -1.679835e-006
    outer loop
      vertex -3.935058e+001  1.432938e+001  8.500000e+000
      vertex -3.934896e+001  1.433235e+001  5.292291e-001
      vertex -3.932535e+001  1.437500e+001  0.000000e+000
    endloop
  endfacet
  facet normal  8.335632e-001 -5.524239e-001 -4.905755e-004
    outer loop
      vertex -3.935058e+001  1.432938e+001  8.500000e+000
      vertex -3.932535e+001  1.437500e+001  0.000000e+000
      vertex -3.881491e+001  1.514521e+001  0.000000e+000
    endloop
  endfacet
  facet normal  8.379207e-001 -5.457919e-001  4.205668e-004
    outer loop
      vertex -3.935058e+001  1.432938e+001  8.500000e+000
      vertex -3.881491e+001  1.514521e+001  0.000000e+000
      vertex -3.884222e+001  1.510984e+001  8.500000e+000
    endloop
  endfacet
  facet normal  9.564303e-001  2.919603e-001  3.927159e-004
    outer loop
      vertex -3.989956e+001  9.849138e+000  5.007716e+000
      vertex -3.988979e+001  9.812425e+000  8.500000e+000
      vertex -3.976059e+001  9.393613e+000  5.204055e+000
    endloop
  endfacet
  facet normal  9.428370e-001  3.332108e-001 -5.381798e-003
    outer loop
      vertex -3.976059e+001  9.393613e+000  5.204055e+000
      vertex -3.988979e+001  9.812425e+000  8.500000e+000
      vertex -3.957943e+001  8.934235e+000  8.500000e+000
    endloop
  endfacet
  facet normal  9.302726e-001  3.668691e-001  0.000000e+000
    outer loop
      vertex -3.976059e+001  9.393613e+000  5.204055e+000
      vertex -3.957943e+001  8.934235e+000  8.500000e+000
      vertex -3.957943e+001  8.934235e+000  5.385907e+000
    endloop
  endfacet
  facet normal  9.980125e-001  6.300449e-002  1.146264e-003
    outer loop
      vertex -4.010000e+001  1.139475e+001  4.191273e+000
      vertex -4.006283e+001  1.072763e+001  8.500000e+000
      vertex -4.005322e+001  1.064601e+001  4.619687e+000
    endloop
  endfacet
  facet normal  9.825897e-001  1.857831e-001 -1.474417e-003
    outer loop
      vertex -4.005322e+001  1.064601e+001  4.619687e+000
      vertex -4.006283e+001  1.072763e+001  8.500000e+000
      vertex -3.988979e+001  9.812425e+000  8.500000e+000
    endloop
  endfacet
  facet normal  9.819801e-001  1.889828e-001 -7.613654e-004
    outer loop
      vertex -4.005322e+001  1.064601e+001  4.619687e+000
      vertex -3.988979e+001  9.812425e+000  8.500000e+000
      vertex -3.989956e+001  9.849138e+000  5.007716e+000
    endloop
  endfacet
  facet normal  9.985393e-001 -5.399347e-002  2.035715e-003
    outer loop
      vertex -4.010000e+001  1.139475e+001  4.191273e+000
      vertex -4.006202e+001  1.207969e+001  3.726810e+000
      vertex -4.009452e+001  1.165851e+001  8.500000e+000
    endloop
  endfacet
  facet normal  9.886895e-001 -1.498369e-001 -6.488360e-003
    outer loop
      vertex -4.009452e+001  1.165851e+001  8.500000e+000
      vertex -4.006202e+001  1.207969e+001  3.726810e+000
      vertex -4.000249e+001  1.248635e+001  3.406469e+000
    endloop
  endfacet
  facet normal  9.929491e-001 -1.185339e-001 -1.323791e-003
    outer loop
      vertex -4.009452e+001  1.165851e+001  8.500000e+000
      vertex -4.000249e+001  1.248635e+001  3.406469e+000
      vertex -3.998412e+001  1.258336e+001  8.500000e+000
    endloop
  endfacet
  facet normal  9.717045e-001 -2.361979e-001  9.938885e-004
    outer loop
      vertex -4.000249e+001  1.248635e+001  3.406469e+000
      vertex -3.982808e+001  1.320096e+001  2.721275e+000
      vertex -3.998412e+001  1.258336e+001  8.500000e+000
    endloop
  endfacet
  facet normal  9.436644e-001 -3.307568e-001 -9.869064e-003
    outer loop
      vertex -3.998412e+001  1.258336e+001  8.500000e+000
      vertex -3.982808e+001  1.320096e+001  2.721275e+000
      vertex -3.972588e+001  1.350339e+001  2.357545e+000
    endloop
  endfacet
  facet normal  9.633293e-001 -2.683215e-001  3.092891e-004
    outer loop
      vertex -3.998412e+001  1.258336e+001  8.500000e+000
      vertex -3.972588e+001  1.350339e+001  2.357545e+000
      vertex -3.973420e+001  1.348063e+001  8.500000e+000
    endloop
  endfacet
  facet normal  5.061089e-001 -8.624695e-001 -2.742200e-004
    outer loop
      vertex -3.667995e+001  1.687977e+001  0.000000e+000
      vertex -3.750130e+001  1.639509e+001  8.500000e+000
      vertex -3.747686e+001  1.641213e+001  0.000000e+000
    endloop
  endfacet
  facet normal  6.348238e-001 -7.726569e-001  2.758196e-004
    outer loop
      vertex -3.747686e+001  1.641213e+001  0.000000e+000
      vertex -3.750130e+001  1.639509e+001  8.500000e+000
      vertex -3.822097e+001  1.580380e+001  8.500000e+000
    endloop
  endfacet
  facet normal  6.305717e-001 -7.761309e-001 -3.450318e-004
    outer loop
      vertex -3.747686e+001  1.641213e+001  0.000000e+000
      vertex -3.822097e+001  1.580380e+001  8.500000e+000
      vertex -3.819400e+001  1.582948e+001  0.000000e+000
    endloop
  endfacet
  facet normal  7.450595e-001 -6.669978e-001  3.478934e-004
    outer loop
      vertex -3.819400e+001  1.582948e+001  0.000000e+000
      vertex -3.822097e+001  1.580380e+001  8.500000e+000
      vertex -3.884222e+001  1.510984e+001  8.500000e+000
    endloop
  endfacet
  facet normal  7.405636e-001 -6.719863e-001 -4.173146e-004
    outer loop
      vertex -3.819400e+001  1.582948e+001  0.000000e+000
      vertex -3.884222e+001  1.510984e+001  8.500000e+000
      vertex -3.881491e+001  1.514521e+001  0.000000e+000
    endloop
  endfacet
  facet normal  5.097932e-001 -8.602970e-001  2.056641e-004
    outer loop
      vertex -3.750130e+001  1.639509e+001  8.500000e+000
      vertex -3.667995e+001  1.687977e+001  0.000000e+000
      vertex -3.670000e+001  1.686992e+001  8.500000e+000
    endloop
  endfacet
  facet normal  3.700382e-001 -9.290165e-001 -2.037023e-004
    outer loop
      vertex -3.670000e+001  1.686992e+001  8.500000e+000
      vertex -3.667995e+001  1.687977e+001  0.000000e+000
      vertex -3.582154e+001  1.722168e+001  0.000000e+000
    endloop
  endfacet
  facet normal  3.728706e-001 -9.278834e-001  1.359180e-004
    outer loop
      vertex -3.670000e+001  1.686992e+001  8.500000e+000
      vertex -3.582154e+001  1.722168e+001  0.000000e+000
      vertex -3.583575e+001  1.721722e+001  8.500000e+000
    endloop
  endfacet
  facet normal  2.254734e-001 -9.742494e-001 -1.348476e-004
    outer loop
      vertex -3.583575e+001  1.721722e+001  8.500000e+000
      vertex -3.582154e+001  1.722168e+001  0.000000e+000
      vertex -3.492134e+001  1.743002e+001  0.000000e+000
    endloop
  endfacet
  facet normal  2.272567e-001 -9.738349e-001  6.737340e-005
    outer loop
      vertex -3.583575e+001  1.721722e+001  8.500000e+000
      vertex -3.492134e+001  1.743002e+001  0.000000e+000
      vertex -3.492870e+001  1.742889e+001  8.500000e+000
    endloop
  endfacet
  facet normal  7.573703e-002 -9.971278e-001 -6.689323e-005
    outer loop
      vertex -3.492870e+001  1.742889e+001  8.500000e+000
      vertex -3.492134e+001  1.743002e+001  0.000000e+000
      vertex -3.400000e+001  1.750000e+001  0.000000e+000
    endloop
  endfacet
  facet normal  7.634572e-002 -9.970814e-001  0.000000e+000
    outer loop
      vertex -3.492870e+001  1.742889e+001  8.500000e+000
      vertex -3.400000e+001  1.750000e+001  0.000000e+000
      vertex -3.400000e+001  1.750000e+001  8.500000e+000
    endloop
  endfacet
  facet normal -9.660839e-001  1.354033e-001 -2.198814e-001
    outer loop
      vertex -3.976207e+001  1.373875e+001  2.022725e+000
      vertex -3.971842e+001  1.487177e+001  2.528650e+000
      vertex -3.965269e+001  1.394493e+001  1.669085e+000
    endloop
  endfacet
  facet normal -9.772951e-001  1.166381e-001 -1.768893e-001
    outer loop
      vertex -3.983896e+001  1.455961e+001  2.988787e+000
      vertex -3.971842e+001  1.487177e+001  2.528650e+000
      vertex -3.976207e+001  1.373875e+001  2.022725e+000
    endloop
  endfacet
  facet normal -9.657360e-001  1.547429e-001 -2.083466e-001
    outer loop
      vertex -3.987568e+001  1.349512e+001  2.368347e+000
      vertex -3.983896e+001  1.455961e+001  2.988787e+000
      vertex -3.976207e+001  1.373875e+001  2.022725e+000
    endloop
  endfacet
  facet normal -9.989843e-001 -3.801913e-002  2.418842e-002
    outer loop
      vertex -4.034415e+001  1.072071e+001  4.580007e+000
      vertex -4.032883e+001  1.107350e+001  5.766912e+000
      vertex -4.035390e+001  1.156324e+001  5.501597e+000
    endloop
  endfacet
  facet normal -9.900841e-001  3.897219e-002 -1.349619e-001
    outer loop
      vertex -3.949838e+001  1.537224e+001  1.479592e+000
      vertex -3.945614e+001  1.546065e+001  1.195247e+000
      vertex -3.946557e+001  1.424738e+001  9.140754e-001
    endloop
  endfacet
  facet normal -9.934430e-001  3.308322e-002 -1.094380e-001
    outer loop
      vertex -3.946557e+001  1.424738e+001  9.140754e-001
      vertex -3.945614e+001  1.546065e+001  1.195247e+000
      vertex -3.942166e+001  1.553134e+001  9.036084e-001
    endloop
  endfacet
  facet normal -9.866696e-001  3.244372e-002 -1.594696e-001
    outer loop
      vertex -3.946557e+001  1.424738e+001  9.140754e-001
      vertex -3.942166e+001  1.553134e+001  9.036084e-001
      vertex -3.942705e+001  1.430303e+001  6.870857e-001
    endloop
  endfacet
  facet normal -9.964231e-001  1.889468e-002 -8.236453e-002
    outer loop
      vertex -3.942705e+001  1.430303e+001  6.870857e-001
      vertex -3.942166e+001  1.553134e+001  9.036084e-001
      vertex -3.939608e+001  1.558296e+001  6.060207e-001
    endloop
  endfacet
  facet normal -9.924904e-001  1.633817e-002 -1.212266e-001
    outer loop
      vertex -3.942705e+001  1.430303e+001  6.870857e-001
      vertex -3.939608e+001  1.558296e+001  6.060207e-001
      vertex -3.939851e+001  1.434296e+001  4.587947e-001
    endloop
  endfacet
  facet normal -9.986518e-001  8.045693e-003 -5.128181e-002
    outer loop
      vertex -3.939851e+001  1.434296e+001  4.587947e-001
      vertex -3.939608e+001  1.558296e+001  6.060207e-001
      vertex -3.938033e+001  1.561442e+001  3.041531e-001
    endloop
  endfacet
  facet normal -9.971001e-001  5.024972e-003 -7.593577e-002
    outer loop
      vertex -3.939851e+001  1.434296e+001  4.587947e-001
      vertex -3.938033e+001  1.561442e+001  3.041531e-001
      vertex -3.938094e+001  1.436698e+001  2.296192e-001
    endloop
  endfacet
  facet normal -9.998465e-001  1.531994e-003 -1.745272e-002
    outer loop
      vertex -3.938094e+001  1.436698e+001  2.296192e-001
      vertex -3.938033e+001  1.561442e+001  3.041531e-001
      vertex -3.937500e+001  1.562500e+001  2.664535e-015
    endloop
  endfacet
  facet normal -9.996660e-001  5.310376e-017 -2.584142e-002
    outer loop
      vertex -3.938094e+001  1.436698e+001  2.296192e-001
      vertex -3.937500e+001  1.562500e+001  2.664535e-015
      vertex -3.937500e+001  1.437500e+001  9.580236e-017
    endloop
  endfacet
  facet normal -9.793079e-001  9.584635e-002 -1.782398e-001
    outer loop
      vertex -3.971842e+001  1.487177e+001  2.528650e+000
      vertex -3.962925e+001  1.508370e+001  2.152688e+000
      vertex -3.965269e+001  1.394493e+001  1.669085e+000
    endloop
  endfacet
  facet normal -9.827409e-001  8.907528e-002 -1.621294e-001
    outer loop
      vertex -3.965269e+001  1.394493e+001  1.669085e+000
      vertex -3.962925e+001  1.508370e+001  2.152688e+000
      vertex -3.954708e+001  1.526762e+001  1.755628e+000
    endloop
  endfacet
  facet normal -9.703438e-001  9.210065e-002 -2.234957e-001
    outer loop
      vertex -3.965269e+001  1.394493e+001  1.669085e+000
      vertex -3.954708e+001  1.526762e+001  1.755628e+000
      vertex -3.955007e+001  1.411776e+001  1.294785e+000
    endloop
  endfacet
  facet normal -9.866495e-001  6.279355e-002 -1.502654e-001
    outer loop
      vertex -3.955007e+001  1.411776e+001  1.294785e+000
      vertex -3.954708e+001  1.526762e+001  1.755628e+000
      vertex -3.949838e+001  1.537224e+001  1.479592e+000
    endloop
  endfacet
  facet normal -9.786264e-001  6.887202e-002 -1.937705e-001
    outer loop
      vertex -3.955007e+001  1.411776e+001  1.294785e+000
      vertex -3.949838e+001  1.537224e+001  1.479592e+000
      vertex -3.946557e+001  1.424738e+001  9.140754e-001
    endloop
  endfacet
  facet normal -9.997208e-001 -2.172929e-002  9.288236e-003
    outer loop
      vertex -4.034415e+001  1.072071e+001  4.580007e+000
      vertex -4.035390e+001  1.156324e+001  5.501597e+000
      vertex -4.035530e+001  1.113464e+001  4.348239e+000
    endloop
  endfacet
  facet normal -9.999486e-001  9.844721e-003 -2.444577e-003
    outer loop
      vertex -4.035530e+001  1.113464e+001  4.348239e+000
      vertex -4.035390e+001  1.156324e+001  5.501597e+000
      vertex -4.034846e+001  1.204426e+001  5.215208e+000
    endloop
  endfacet
  facet normal -9.995360e-001  2.461088e-002 -1.794042e-002
    outer loop
      vertex -4.035530e+001  1.113464e+001  4.348239e+000
      vertex -4.034846e+001  1.204426e+001  5.215208e+000
      vertex -4.034121e+001  1.153005e+001  4.105771e+000
    endloop
  endfacet
  facet normal -9.982036e-001  5.160202e-002 -3.044199e-002
    outer loop
      vertex -4.034121e+001  1.153005e+001  4.105771e+000
      vertex -4.034846e+001  1.204426e+001  5.215208e+000
      vertex -4.031480e+001  1.251340e+001  4.906809e+000
    endloop
  endfacet
  facet normal -9.968124e-001  6.474312e-002 -4.661986e-002
    outer loop
      vertex -4.034121e+001  1.153005e+001  4.105771e+000
      vertex -4.031480e+001  1.251340e+001  4.906809e+000
      vertex -4.030504e+001  1.190503e+001  3.853217e+000
    endloop
  endfacet
  facet normal -9.945166e-001  8.631057e-002 -5.905213e-002
    outer loop
      vertex -4.030504e+001  1.190503e+001  3.853217e+000
      vertex -4.031480e+001  1.251340e+001  4.906809e+000
      vertex -4.025608e+001  1.296466e+001  4.577458e+000
    endloop
  endfacet
  facet normal -9.922440e-001  9.805919e-002 -7.639505e-002
    outer loop
      vertex -4.030504e+001  1.190503e+001  3.853217e+000
      vertex -4.025608e+001  1.296466e+001  4.577458e+000
      vertex -4.024998e+001  1.225800e+001  3.591168e+000
    endloop
  endfacet
  facet normal -9.897224e-001  1.132758e-001 -8.728199e-002
    outer loop
      vertex -4.024998e+001  1.225800e+001  3.591168e+000
      vertex -4.025608e+001  1.296466e+001  4.577458e+000
      vertex -4.017534e+001  1.339777e+001  4.223984e+000
    endloop
  endfacet
  facet normal -9.863092e-001  1.245805e-001 -1.080457e-001
    outer loop
      vertex -4.024998e+001  1.225800e+001  3.591168e+000
      vertex -4.017534e+001  1.339777e+001  4.223984e+000
      vertex -4.017336e+001  1.261152e+001  3.299310e+000
    endloop
  endfacet
  facet normal -9.846268e-001  1.320216e-001 -1.143691e-001
    outer loop
      vertex -4.017336e+001  1.261152e+001  3.299310e+000
      vertex -4.017534e+001  1.339777e+001  4.223984e+000
      vertex -4.007372e+001  1.381891e+001  3.835202e+000
    endloop
  endfacet
  facet normal -9.796829e-001  1.431809e-001 -1.404308e-001
    outer loop
      vertex -4.017336e+001  1.261152e+001  3.299310e+000
      vertex -4.007372e+001  1.381891e+001  3.835202e+000
      vertex -4.008266e+001  1.293641e+001  2.997821e+000
    endloop
  endfacet
  facet normal -9.801927e-001  1.414564e-001 -1.386080e-001
    outer loop
      vertex -4.008266e+001  1.293641e+001  2.997821e+000
      vertex -4.007372e+001  1.381891e+001  3.835202e+000
      vertex -3.995767e+001  1.421328e+001  3.417053e+000
    endloop
  endfacet
  facet normal -9.734448e-001  1.516040e-001 -1.715265e-001
    outer loop
      vertex -4.008266e+001  1.293641e+001  2.997821e+000
      vertex -3.995767e+001  1.421328e+001  3.417053e+000
      vertex -3.998201e+001  1.323134e+001  2.687308e+000
    endloop
  endfacet
  facet normal -9.774947e-001  1.409085e-001 -1.569998e-001
    outer loop
      vertex -3.998201e+001  1.323134e+001  2.687308e+000
      vertex -3.995767e+001  1.421328e+001  3.417053e+000
      vertex -3.983896e+001  1.455961e+001  2.988787e+000
    endloop
  endfacet
  facet normal -9.684792e-001  1.495219e-001 -1.992268e-001
    outer loop
      vertex -3.998201e+001  1.323134e+001  2.687308e+000
      vertex -3.983896e+001  1.455961e+001  2.988787e+000
      vertex -3.987568e+001  1.349512e+001  2.368347e+000
    endloop
  endfacet
  facet normal -9.968699e-001 -7.134362e-002  3.406633e-002
    outer loop
      vertex -4.034415e+001  1.072071e+001  4.580007e+000
      vertex -4.030884e+001  1.032463e+001  4.783629e+000
      vertex -4.032883e+001  1.107350e+001  5.766912e+000
    endloop
  endfacet
  facet normal -9.907123e-001 -1.171305e-001  6.906287e-002
    outer loop
      vertex -4.032883e+001  1.107350e+001  5.766912e+000
      vertex -4.030884e+001  1.032463e+001  4.783629e+000
      vertex -4.024712e+001  9.916670e+000  4.977138e+000
    endloop
  endfacet
  facet normal -9.946044e-001 -9.640840e-002  3.830735e-002
    outer loop
      vertex -4.032883e+001  1.107350e+001  5.766912e+000
      vertex -4.024712e+001  9.916670e+000  4.977138e+000
      vertex -4.027140e+001  1.057830e+001  6.011942e+000
    endloop
  endfacet
  facet normal -9.808596e-001 -1.736787e-001  8.803435e-002
    outer loop
      vertex -4.027140e+001  1.057830e+001  6.011942e+000
      vertex -4.024712e+001  9.916670e+000  4.977138e+000
      vertex -4.015678e+001  9.499163e+000  5.160046e+000
    endloop
  endfacet
  facet normal -9.862370e-001 -1.534164e-001  6.164385e-002
    outer loop
      vertex -4.027140e+001  1.057830e+001  6.011942e+000
      vertex -4.015678e+001  9.499163e+000  5.160046e+000
      vertex -4.017895e+001  1.007552e+001  6.239734e+000
    endloop
  endfacet
  facet normal -9.667779e-001 -2.332177e-001  1.046425e-001
    outer loop
      vertex -4.017895e+001  1.007552e+001  6.239734e+000
      vertex -4.015678e+001  9.499163e+000  5.160046e+000
      vertex -4.003580e+001  9.074764e+000  5.331896e+000
    endloop
  endfacet
  facet normal -9.732713e-001 -2.142486e-001  8.270810e-002
    outer loop
      vertex -4.017895e+001  1.007552e+001  6.239734e+000
      vertex -4.003580e+001  9.074764e+000  5.331896e+000
      vertex -4.005086e+001  9.574088e+000  6.448130e+000
    endloop
  endfacet
  facet normal -9.480776e-001 -2.948882e-001  1.191204e-001
    outer loop
      vertex -4.005086e+001  9.574088e+000  6.448130e+000
      vertex -4.003580e+001  9.074764e+000  5.331896e+000
      vertex -3.988243e+001  8.646463e+000  5.492286e+000
    endloop
  endfacet
  facet normal -9.555753e-001 -2.770786e-001  1.005154e-001
    outer loop
      vertex -4.005086e+001  9.574088e+000  6.448130e+000
      vertex -3.988243e+001  8.646463e+000  5.492286e+000
      vertex -3.989047e+001  9.088315e+000  6.633837e+000
    endloop
  endfacet
  facet normal -9.244336e-001 -3.577794e-001  1.319711e-001
    outer loop
      vertex -3.989047e+001  9.088315e+000  6.633837e+000
      vertex -3.988243e+001  8.646463e+000  5.492286e+000
      vertex -3.969522e+001  8.217571e+000  5.640887e+000
    endloop
  endfacet
  facet normal -9.330329e-001 -3.407888e-001  1.153807e-001
    outer loop
      vertex -3.989047e+001  9.088315e+000  6.633837e+000
      vertex -3.969522e+001  8.217571e+000  5.640887e+000
      vertex -3.969522e+001  8.610754e+000  6.802193e+000
    endloop
  endfacet
  facet normal  0.000000e+000  6.764386e-001 -7.364990e-001
    outer loop
      vertex -4.007796e+001 -1.380303e+001  3.850823e+000
      vertex -4.142899e+001 -1.338064e+001  4.238769e+000
      vertex -4.017899e+001 -1.338064e+001  4.238769e+000
    endloop
  endfacet
  facet normal  0.000000e+000  6.304822e-001 -7.762037e-001
    outer loop
      vertex -4.017899e+001 -1.338064e+001  4.238769e+000
      vertex -4.142899e+001 -1.338064e+001  4.238769e+000
      vertex -4.150900e+001 -1.294619e+001  4.591660e+000
    endloop
  endfacet
  facet normal  0.000000e+000  6.304822e-001 -7.762037e-001
    outer loop
      vertex -4.017899e+001 -1.338064e+001  4.238769e+000
      vertex -4.150900e+001 -1.294619e+001  4.591660e+000
      vertex -4.025900e+001 -1.294619e+001  4.591660e+000
    endloop
  endfacet
  facet normal  0.000000e+000  5.877786e-001 -8.090218e-001
    outer loop
      vertex -4.025900e+001 -1.294619e+001  4.591660e+000
      vertex -4.150900e+001 -1.294619e+001  4.591660e+000
      vertex -4.156678e+001 -1.249366e+001  4.920434e+000
    endloop
  endfacet
  facet normal  0.000000e+000  5.877786e-001 -8.090218e-001
    outer loop
      vertex -4.025900e+001 -1.294619e+001  4.591660e+000
      vertex -4.156678e+001 -1.249366e+001  4.920434e+000
      vertex -4.031678e+001 -1.249366e+001  4.920434e+000
    endloop
  endfacet
  facet normal  0.000000e+000  5.477553e-001 -8.366386e-001
    outer loop
      vertex -4.031678e+001 -1.249366e+001  4.920434e+000
      vertex -4.156678e+001 -1.249366e+001  4.920434e+000
      vertex -4.159919e+001 -1.202649e+001  5.226295e+000
    endloop
  endfacet
  facet normal  0.000000e+000  5.477553e-001 -8.366386e-001
    outer loop
      vertex -4.031678e+001 -1.249366e+001  4.920434e+000
      vertex -4.159919e+001 -1.202649e+001  5.226295e+000
      vertex -4.034919e+001 -1.202649e+001  5.226295e+000
    endloop
  endfacet
  facet normal  0.000000e+000  5.103057e-001 -8.599931e-001
    outer loop
      vertex -4.034919e+001 -1.202649e+001  5.226295e+000
      vertex -4.159919e+001 -1.202649e+001  5.226295e+000
      vertex -4.160358e+001 -1.154768e+001  5.510416e+000
    endloop
  endfacet
  facet normal  0.000000e+000  5.103057e-001 -8.599931e-001
    outer loop
      vertex -4.034919e+001 -1.202649e+001  5.226295e+000
      vertex -4.160358e+001 -1.154768e+001  5.510416e+000
      vertex -4.035358e+001 -1.154768e+001  5.510416e+000
    endloop
  endfacet
  facet normal  0.000000e+000  4.753404e-001 -8.798020e-001
    outer loop
      vertex -4.035358e+001 -1.154768e+001  5.510416e+000
      vertex -4.160358e+001 -1.154768e+001  5.510416e+000
      vertex -4.157772e+001 -1.106034e+001  5.773715e+000
    endloop
  endfacet
  facet normal  0.000000e+000  4.753404e-001 -8.798020e-001
    outer loop
      vertex -4.035358e+001 -1.154768e+001  5.510416e+000
      vertex -4.157772e+001 -1.106034e+001  5.773715e+000
      vertex -4.032772e+001 -1.106034e+001  5.773715e+000
    endloop
  endfacet
  facet normal  0.000000e+000  4.427242e-001 -8.966579e-001
    outer loop
      vertex -4.032772e+001 -1.106034e+001  5.773715e+000
      vertex -4.157772e+001 -1.106034e+001  5.773715e+000
      vertex -4.151981e+001 -1.056769e+001  6.016961e+000
    endloop
  endfacet
  facet normal  0.000000e+000  4.427242e-001 -8.966579e-001
    outer loop
      vertex -4.032772e+001 -1.106034e+001  5.773715e+000
      vertex -4.151981e+001 -1.056769e+001  6.016961e+000
      vertex -4.026981e+001 -1.056769e+001  6.016961e+000
    endloop
  endfacet
  facet normal  0.000000e+000  4.122869e-001 -9.110541e-001
    outer loop
      vertex -4.026981e+001 -1.056769e+001  6.016961e+000
      vertex -4.151981e+001 -1.056769e+001  6.016961e+000
      vertex -4.142839e+001 -1.007301e+001  6.240825e+000
    endloop
  endfacet
  facet normal  0.000000e+000  4.122869e-001 -9.110541e-001
    outer loop
      vertex -4.026981e+001 -1.056769e+001  6.016961e+000
      vertex -4.142839e+001 -1.007301e+001  6.240825e+000
      vertex -4.017839e+001 -1.007301e+001  6.240825e+000
    endloop
  endfacet
  facet normal  0.000000e+000  3.838588e-001 -9.233917e-001
    outer loop
      vertex -4.017839e+001 -1.007301e+001  6.240825e+000
      vertex -4.142839e+001 -1.007301e+001  6.240825e+000
      vertex -4.130248e+001 -9.579649e+000  6.445916e+000
    endloop
  endfacet
  facet normal  0.000000e+000  3.838588e-001 -9.233917e-001
    outer loop
      vertex -4.017839e+001 -1.007301e+001  6.240825e+000
      vertex -4.130248e+001 -9.579649e+000  6.445916e+000
      vertex -4.005248e+001 -9.579649e+000  6.445916e+000
    endloop
  endfacet
  facet normal  0.000000e+000  3.573059e-001 -9.339874e-001
    outer loop
      vertex -4.005248e+001 -9.579649e+000  6.445916e+000
      vertex -4.130248e+001 -9.579649e+000  6.445916e+000
      vertex -4.114148e+001 -9.091059e+000  6.632831e+000
    endloop
  endfacet
  facet normal  0.000000e+000  3.573059e-001 -9.339874e-001
    outer loop
      vertex -4.005248e+001 -9.579649e+000  6.445916e+000
      vertex -4.114148e+001 -9.091059e+000  6.632831e+000
      vertex -3.989148e+001 -9.091059e+000  6.632831e+000
    endloop
  endfacet
  facet normal  0.000000e+000  3.325464e-001 -9.430869e-001
    outer loop
      vertex -3.989148e+001 -9.091059e+000  6.632831e+000
      vertex -4.114148e+001 -9.091059e+000  6.632831e+000
      vertex -4.094522e+001 -8.610754e+000  6.802193e+000
    endloop
  endfacet
  facet normal  0.000000e+000  3.325464e-001 -9.430869e-001
    outer loop
      vertex -3.989148e+001 -9.091059e+000  6.632831e+000
      vertex -4.094522e+001 -8.610754e+000  6.802193e+000
      vertex -3.969522e+001 -8.610754e+000  6.802193e+000
    endloop
  endfacet
  facet normal  0.000000e+000  6.764386e-001 -7.364990e-001
    outer loop
      vertex -4.142899e+001 -1.338064e+001  4.238769e+000
      vertex -4.007796e+001 -1.380303e+001  3.850823e+000
      vertex -4.132796e+001 -1.380303e+001  3.850823e+000
    endloop
  endfacet
  facet normal  0.000000e+000  7.255541e-001 -6.881651e-001
    outer loop
      vertex -4.132796e+001 -1.380303e+001  3.850823e+000
      vertex -4.007796e+001 -1.380303e+001  3.850823e+000
      vertex -3.996230e+001 -1.419879e+001  3.433570e+000
    endloop
  endfacet
  facet normal  0.000000e+000  7.255541e-001 -6.881651e-001
    outer loop
      vertex -4.132796e+001 -1.380303e+001  3.850823e+000
      vertex -3.996230e+001 -1.419879e+001  3.433570e+000
      vertex -4.121230e+001 -1.419879e+001  3.433570e+000
    endloop
  endfacet
  facet normal  0.000000e+000  7.756282e-001 -6.311900e-001
    outer loop
      vertex -4.121230e+001 -1.419879e+001  3.433570e+000
      vertex -3.996230e+001 -1.419879e+001  3.433570e+000
      vertex -3.984357e+001 -1.454696e+001  3.005718e+000
    endloop
  endfacet
  facet normal  0.000000e+000  7.756282e-001 -6.311900e-001
    outer loop
      vertex -4.121230e+001 -1.419879e+001  3.433570e+000
      vertex -3.984357e+001 -1.454696e+001  3.005718e+000
      vertex -4.109357e+001 -1.454696e+001  3.005718e+000
    endloop
  endfacet
  facet normal  0.000000e+000  8.256707e-001 -5.641523e-001
    outer loop
      vertex -4.109357e+001 -1.454696e+001  3.005718e+000
      vertex -3.984357e+001 -1.454696e+001  3.005718e+000
      vertex -3.972276e+001 -1.486109e+001  2.545969e+000
    endloop
  endfacet
  facet normal  0.000000e+000  8.256707e-001 -5.641523e-001
    outer loop
      vertex -4.109357e+001 -1.454696e+001  3.005718e+000
      vertex -3.972276e+001 -1.486109e+001  2.545969e+000
      vertex -4.097276e+001 -1.486109e+001  2.545969e+000
    endloop
  endfacet
  facet normal  0.000000e+000  8.695139e-001 -4.939085e-001
    outer loop
      vertex -4.097276e+001 -1.486109e+001  2.545969e+000
      vertex -3.972276e+001 -1.486109e+001  2.545969e+000
      vertex -3.963267e+001 -1.507582e+001  2.167941e+000
    endloop
  endfacet
  facet normal  0.000000e+000  8.695139e-001 -4.939085e-001
    outer loop
      vertex -4.097276e+001 -1.486109e+001  2.545969e+000
      vertex -3.963267e+001 -1.507582e+001  2.167941e+000
      vertex -4.088267e+001 -1.507582e+001  2.167941e+000
    endloop
  endfacet
  facet normal  0.000000e+000  9.061403e-001 -4.229772e-001
    outer loop
      vertex -4.088267e+001 -1.507582e+001  2.167941e+000
      vertex -3.963267e+001 -1.507582e+001  2.167941e+000
      vertex -3.954951e+001 -1.526229e+001  1.768474e+000
    endloop
  endfacet
  facet normal  0.000000e+000  9.061403e-001 -4.229772e-001
    outer loop
      vertex -4.088267e+001 -1.507582e+001  2.167941e+000
      vertex -3.954951e+001 -1.526229e+001  1.768474e+000
      vertex -4.079951e+001 -1.526229e+001  1.768474e+000
    endloop
  endfacet
  facet normal  0.000000e+000  9.341759e-001 -3.568127e-001
    outer loop
      vertex -4.079951e+001 -1.526229e+001  1.768474e+000
      vertex -3.954951e+001 -1.526229e+001  1.768474e+000
      vertex -3.950018e+001 -1.536842e+001  1.490630e+000
    endloop
  endfacet
  facet normal  0.000000e+000  9.341759e-001 -3.568127e-001
    outer loop
      vertex -4.079951e+001 -1.526229e+001  1.768474e+000
      vertex -3.950018e+001 -1.536842e+001  1.490630e+000
      vertex -4.075018e+001 -1.536842e+001  1.490630e+000
    endloop
  endfacet
  facet normal  0.000000e+000  9.542517e-001 -2.990044e-001
    outer loop
      vertex -4.075018e+001 -1.536842e+001  1.490630e+000
      vertex -3.950018e+001 -1.536842e+001  1.490630e+000
      vertex -3.945736e+001 -1.545813e+001  1.204317e+000
    endloop
  endfacet
  facet normal  0.000000e+000  9.542517e-001 -2.990044e-001
    outer loop
      vertex -4.075018e+001 -1.536842e+001  1.490630e+000
      vertex -3.945736e+001 -1.545813e+001  1.204317e+000
      vertex -4.070736e+001 -1.545813e+001  1.204317e+000
    endloop
  endfacet
  facet normal  0.000000e+000  9.714355e-001 -2.373034e-001
    outer loop
      vertex -4.070736e+001 -1.545813e+001  1.204317e+000
      vertex -3.945736e+001 -1.545813e+001  1.204317e+000
      vertex -3.942237e+001 -1.552989e+001  9.105638e-001
    endloop
  endfacet
  facet normal  0.000000e+000  9.714355e-001 -2.373034e-001
    outer loop
      vertex -4.070736e+001 -1.545813e+001  1.204317e+000
      vertex -3.942237e+001 -1.552989e+001  9.105638e-001
      vertex -4.067237e+001 -1.552989e+001  9.105638e-001
    endloop
  endfacet
  facet normal  0.000000e+000  9.850605e-001 -1.722085e-001
    outer loop
      vertex -4.067237e+001 -1.552989e+001  9.105638e-001
      vertex -3.942237e+001 -1.552989e+001  9.105638e-001
      vertex -3.939641e+001 -1.558230e+001  6.107367e-001
    endloop
  endfacet
  facet normal  0.000000e+000  9.850605e-001 -1.722085e-001
    outer loop
      vertex -4.067237e+001 -1.552989e+001  9.105638e-001
      vertex -3.939641e+001 -1.558230e+001  6.107367e-001
      vertex -4.064641e+001 -1.558230e+001  6.107367e-001
    endloop
  endfacet
  facet normal  0.000000e+000  9.945279e-001 -1.044704e-001
    outer loop
      vertex -4.064641e+001 -1.558230e+001  6.107367e-001
      vertex -3.939641e+001 -1.558230e+001  6.107367e-001
      vertex -3.938041e+001 -1.561426e+001  3.065366e-001
    endloop
  endfacet
  facet normal  0.000000e+000  9.945279e-001 -1.044704e-001
    outer loop
      vertex -4.064641e+001 -1.558230e+001  6.107367e-001
      vertex -3.938041e+001 -1.561426e+001  3.065366e-001
      vertex -4.063041e+001 -1.561426e+001  3.065366e-001
    endloop
  endfacet
  facet normal  0.000000e+000  9.993865e-001 -3.502223e-002
    outer loop
      vertex -4.063041e+001 -1.561426e+001  3.065366e-001
      vertex -3.938041e+001 -1.561426e+001  3.065366e-001
      vertex -3.937500e+001 -1.562500e+001  2.930989e-013
    endloop
  endfacet
  facet normal  0.000000e+000  9.993865e-001 -3.502223e-002
    outer loop
      vertex -4.063041e+001 -1.561426e+001  3.065366e-001
      vertex -3.937500e+001 -1.562500e+001  2.930989e-013
      vertex -4.062500e+001 -1.562500e+001  2.930989e-013
    endloop
  endfacet
  facet normal -8.703968e-001  4.923121e-001 -6.198917e-003
    outer loop
      vertex -4.023439e+001 -5.301113e+000  1.000000e+001
      vertex -4.050210e+001 -5.813267e+000  6.913862e+000
      vertex -4.090982e+001 -6.495259e+000  1.000000e+001
    endloop
  endfacet
  facet normal -8.963379e-001  4.433519e-001  4.176407e-003
    outer loop
      vertex -4.023439e+001 -5.301113e+000  1.000000e+001
      vertex -4.001558e+001 -4.831421e+000  7.100306e+000
      vertex -4.050210e+001 -5.813267e+000  6.913862e+000
    endloop
  endfacet
  facet normal -9.209005e-001  3.897456e-001 -6.360228e-003
    outer loop
      vertex -4.001558e+001 -4.831421e+000  7.100306e+000
      vertex -4.023439e+001 -5.301113e+000  1.000000e+001
      vertex -3.969968e+001 -4.037678e+000  1.000000e+001
    endloop
  endfacet
  facet normal -9.348335e-001  3.550558e-001  4.653418e-003
    outer loop
      vertex -3.969968e+001 -4.037678e+000  1.000000e+001
      vertex -3.958254e+001 -3.693472e+000  7.269083e+000
      vertex -4.001558e+001 -4.831421e+000  7.100306e+000
    endloop
  endfacet
  facet normal -9.593725e-001  2.820866e-001 -5.596220e-003
    outer loop
      vertex -3.958254e+001 -3.693472e+000  7.269083e+000
      vertex -3.969968e+001 -4.037678e+000  1.000000e+001
      vertex -3.931267e+001 -2.721467e+000  1.000000e+001
    endloop
  endfacet
  facet normal -9.660363e-001  2.583828e-001  3.499123e-003
    outer loop
      vertex -3.931267e+001 -2.721467e+000  1.000000e+001
      vertex -3.926499e+001 -2.507917e+000  7.394430e+000
      vertex -3.958254e+001 -3.693472e+000  7.269083e+000
    endloop
  endfacet
  facet normal -9.853073e-001  1.707430e-001 -4.036406e-003
    outer loop
      vertex -3.926499e+001 -2.507917e+000  7.394430e+000
      vertex -3.931267e+001 -2.721467e+000  1.000000e+001
      vertex -3.907842e+001 -1.369685e+000  1.000000e+001
    endloop
  endfacet
  facet normal -8.522893e-001  5.230621e-001  2.988662e-003
    outer loop
      vertex -4.050210e+001 -5.813267e+000  6.913862e+000
      vertex -4.107124e+001 -6.739425e+000  6.700377e+000
      vertex -4.090982e+001 -6.495259e+000  1.000000e+001
    endloop
  endfacet
  facet normal -8.006074e-001  5.991669e-001 -5.171270e-003
    outer loop
      vertex -4.090982e+001 -6.495259e+000  1.000000e+001
      vertex -4.107124e+001 -6.739425e+000  6.700377e+000
      vertex -4.171714e+001 -7.604507e+000  6.464740e+000
    endloop
  endfacet
  facet normal -8.085316e-001  5.884529e-001  0.000000e+000
    outer loop
      vertex -4.090982e+001 -6.495259e+000  1.000000e+001
      vertex -4.171714e+001 -7.604507e+000  6.464740e+000
      vertex -4.171714e+001 -7.604507e+000  1.000000e+001
    endloop
  endfacet
  facet normal -9.873899e-001  1.582990e-001  1.548804e-003
    outer loop
      vertex -3.926499e+001 -2.507917e+000  7.394430e+000
      vertex -3.907842e+001 -1.369685e+000  1.000000e+001
      vertex -3.906939e+001 -1.288585e+000  7.472275e+000
    endloop
  endfacet
  facet normal -9.983633e-001  5.716219e-002 -1.735311e-003
    outer loop
      vertex -3.906939e+001 -1.288585e+000  7.472275e+000
      vertex -3.907842e+001 -1.369685e+000  1.000000e+001
      vertex -3.900000e+001  1.399133e-015  1.000000e+001
    endloop
  endfacet
  facet normal -9.985535e-001  5.376839e-002  0.000000e+000
    outer loop
      vertex -3.906939e+001 -1.288585e+000  7.472275e+000
      vertex -3.900000e+001  1.399133e-015  1.000000e+001
      vertex -3.900000e+001  1.399133e-015  7.500000e+000
    endloop
  endfacet
  facet normal -9.853041e-001 -1.707424e-001 -4.796226e-003
    outer loop
      vertex -3.931267e+001  2.721467e+000  1.000000e+001
      vertex -3.925395e+001  2.455682e+000  7.398812e+000
      vertex -3.907842e+001  1.369685e+000  1.000000e+001
    endloop
  endfacet
  facet normal -9.671971e-001 -2.539940e-001  4.119033e-003
    outer loop
      vertex -3.956597e+001  3.641839e+000  7.275593e+000
      vertex -3.925395e+001  2.455682e+000  7.398812e+000
      vertex -3.931267e+001  2.721467e+000  1.000000e+001
    endloop
  endfacet
  facet normal -9.593698e-001 -2.820859e-001 -6.098831e-003
    outer loop
      vertex -3.969968e+001  4.037678e+000  1.000000e+001
      vertex -3.956597e+001  3.641839e+000  7.275593e+000
      vertex -3.931267e+001  2.721467e+000  1.000000e+001
    endloop
  endfacet
  facet normal -9.364524e-001 -3.507589e-001  5.003667e-003
    outer loop
      vertex -3.999357e+001  4.781065e+000  7.108822e+000
      vertex -3.956597e+001  3.641839e+000  7.275593e+000
      vertex -3.969968e+001  4.037678e+000  1.000000e+001
    endloop
  endfacet
  facet normal -9.208992e-001 -3.897450e-001 -6.601559e-003
    outer loop
      vertex -4.023439e+001  5.301113e+000  1.000000e+001
      vertex -3.999357e+001  4.781065e+000  7.108822e+000
      vertex -3.969968e+001  4.037678e+000  1.000000e+001
    endloop
  endfacet
  facet normal -8.980272e-001 -4.399185e-001  4.328506e-003
    outer loop
      vertex -4.023439e+001  5.301113e+000  1.000000e+001
      vertex -4.048454e+001  5.781454e+000  6.920528e+000
      vertex -3.999357e+001  4.781065e+000  7.108822e+000
    endloop
  endfacet
  facet normal -8.703973e-001 -4.923123e-001 -6.088379e-003
    outer loop
      vertex -4.048454e+001  5.781454e+000  6.920528e+000
      vertex -4.023439e+001  5.301113e+000  1.000000e+001
      vertex -4.090982e+001  6.495259e+000  1.000000e+001
    endloop
  endfacet
  facet normal -9.880838e-001 -1.538984e-001  2.423760e-003
    outer loop
      vertex -3.925395e+001  2.455682e+000  7.398812e+000
      vertex -3.906387e+001  1.236474e+000  7.474475e+000
      vertex -3.907842e+001  1.369685e+000  1.000000e+001
    endloop
  endfacet
  facet normal -9.986607e-001 -5.164789e-002 -3.030469e-003
    outer loop
      vertex -3.907842e+001  1.369685e+000  1.000000e+001
      vertex -3.906387e+001  1.236474e+000  7.474475e+000
      vertex -3.900000e+001  1.399133e-015  7.500000e+000
    endloop
  endfacet
  facet normal -9.983649e-001 -5.716227e-002  0.000000e+000
    outer loop
      vertex -3.907842e+001  1.369685e+000  1.000000e+001
      vertex -3.900000e+001  1.399133e-015  7.500000e+000
      vertex -3.900000e+001  1.399133e-015  1.000000e+001
    endloop
  endfacet
  facet normal -8.534645e-001 -5.211428e-001  2.932814e-003
    outer loop
      vertex -4.048454e+001  5.781454e+000  6.920528e+000
      vertex -4.090982e+001  6.495259e+000  1.000000e+001
      vertex -4.106113e+001  6.724502e+000  6.704124e+000
    endloop
  endfacet
  facet normal -8.085256e-001 -5.884486e-001 -3.811646e-003
    outer loop
      vertex -4.106113e+001  6.724502e+000  6.704124e+000
      vertex -4.090982e+001  6.495259e+000  1.000000e+001
      vertex -4.171714e+001  7.604507e+000  1.000000e+001
    endloop
  endfacet
  facet normal -8.017433e-001 -5.976684e-001  -0.000000e+000
    outer loop
      vertex -4.106113e+001  6.724502e+000  6.704124e+000
      vertex -4.171714e+001  7.604507e+000  1.000000e+001
      vertex -4.171714e+001  7.604507e+000  6.464740e+000
    endloop
  endfacet
  facet normal  9.772415e-001  1.146142e-001  1.785007e-001
    outer loop
      vertex -4.097276e+001 -1.486109e+001  2.545969e+000
      vertex -4.099692e+001 -1.427572e+001  2.302383e+000
      vertex -4.109357e+001 -1.454696e+001  3.005718e+000
    endloop
  endfacet
  facet normal  9.898971e-001 -1.302250e-001 -5.608241e-002
    outer loop
      vertex -4.154729e+001 -1.049337e+001  5.359320e+000
      vertex -4.148309e+001 -1.008776e+001  5.550612e+000
      vertex -4.151981e+001 -1.056769e+001  6.016961e+000
    endloop
  endfacet
  facet normal  9.801993e-001 -1.713755e-001 -9.919536e-002
    outer loop
      vertex -4.151981e+001 -1.056769e+001  6.016961e+000
      vertex -4.148309e+001 -1.008776e+001  5.550612e+000
      vertex -4.139246e+001 -9.674191e+000  5.731710e+000
    endloop
  endfacet
  facet normal  9.859991e-001 -1.577694e-001 -5.398704e-002
    outer loop
      vertex -4.151981e+001 -1.056769e+001  6.016961e+000
      vertex -4.139246e+001 -9.674191e+000  5.731710e+000
      vertex -4.142839e+001 -1.007301e+001  6.240825e+000
    endloop
  endfacet
  facet normal  9.670702e-001 -2.289781e-001 -1.111046e-001
    outer loop
      vertex -4.142839e+001 -1.007301e+001  6.240825e+000
      vertex -4.139246e+001 -9.674191e+000  5.731710e+000
      vertex -4.127361e+001 -9.254990e+000  5.902227e+000
    endloop
  endfacet
  facet normal  9.732727e-001 -2.162091e-001 -7.742041e-002
    outer loop
      vertex -4.142839e+001 -1.007301e+001  6.240825e+000
      vertex -4.127361e+001 -9.254990e+000  5.902227e+000
      vertex -4.130248e+001 -9.579649e+000  6.445916e+000
    endloop
  endfacet
  facet normal  9.497628e-001 -2.883260e-001 -1.217330e-001
    outer loop
      vertex -4.130248e+001 -9.579649e+000  6.445916e+000
      vertex -4.127361e+001 -9.254990e+000  5.902227e+000
      vertex -4.112497e+001 -8.832743e+000  6.061820e+000
    endloop
  endfacet
  facet normal  9.557288e-001 -2.774861e-001 -9.789661e-002
    outer loop
      vertex -4.130248e+001 -9.579649e+000  6.445916e+000
      vertex -4.112497e+001 -8.832743e+000  6.061820e+000
      vertex -4.114148e+001 -9.091059e+000  6.632831e+000
    endloop
  endfacet
  facet normal  9.279749e-001 -3.488620e-001 -1.309884e-001
    outer loop
      vertex -4.114148e+001 -9.091059e+000  6.632831e+000
      vertex -4.112497e+001 -8.832743e+000  6.061820e+000
      vertex -4.094522e+001 -8.410324e+000  6.210202e+000
    endloop
  endfacet
  facet normal  9.331040e-001 -3.406140e-001 -1.153214e-001
    outer loop
      vertex -4.114148e+001 -9.091059e+000  6.632831e+000
      vertex -4.094522e+001 -8.410324e+000  6.210202e+000
      vertex -4.094522e+001 -8.610754e+000  6.802193e+000
    endloop
  endfacet
  facet normal  9.721056e-001  1.405227e-001  1.877867e-001
    outer loop
      vertex -4.099692e+001 -1.427572e+001  2.302383e+000
      vertex -4.111719e+001 -1.398723e+001  2.709121e+000
      vertex -4.109357e+001 -1.454696e+001  3.005718e+000
    endloop
  endfacet
  facet normal  9.735684e-001  1.376524e-001  1.822535e-001
    outer loop
      vertex -4.109357e+001 -1.454696e+001  3.005718e+000
      vertex -4.111719e+001 -1.398723e+001  2.709121e+000
      vertex -4.122749e+001 -1.368543e+001  3.070388e+000
    endloop
  endfacet
  facet normal  9.775690e-001  1.401540e-001  1.572117e-001
    outer loop
      vertex -4.109357e+001 -1.454696e+001  3.005718e+000
      vertex -4.122749e+001 -1.368543e+001  3.070388e+000
      vertex -4.121230e+001 -1.419879e+001  3.433570e+000
    endloop
  endfacet
  facet normal  9.773259e-001  1.408038e-001  1.581403e-001
    outer loop
      vertex -4.121230e+001 -1.419879e+001  3.433570e+000
      vertex -4.122749e+001 -1.368543e+001  3.070388e+000
      vertex -4.133261e+001 -1.334910e+001  3.420577e+000
    endloop
  endfacet
  facet normal  9.803419e-001  1.409243e-001  1.380949e-001
    outer loop
      vertex -4.121230e+001 -1.419879e+001  3.433570e+000
      vertex -4.133261e+001 -1.334910e+001  3.420577e+000
      vertex -4.132796e+001 -1.380303e+001  3.850823e+000
    endloop
  endfacet
  facet normal  9.825552e-001  1.331323e-001  1.298501e-001
    outer loop
      vertex -4.132796e+001 -1.380303e+001  3.850823e+000
      vertex -4.133261e+001 -1.334910e+001  3.420577e+000
      vertex -4.142740e+001 -1.297977e+001  3.759176e+000
    endloop
  endfacet
  facet normal  9.848208e-001  1.315558e-001  1.132297e-001
    outer loop
      vertex -4.132796e+001 -1.380303e+001  3.850823e+000
      vertex -4.142740e+001 -1.297977e+001  3.759176e+000
      vertex -4.142899e+001 -1.338064e+001  4.238769e+000
    endloop
  endfacet
  facet normal  9.883999e-001  1.148984e-001  9.931822e-002
    outer loop
      vertex -4.142899e+001 -1.338064e+001  4.238769e+000
      vertex -4.142740e+001 -1.297977e+001  3.759176e+000
      vertex -4.150680e+001 -1.257897e+001  4.085632e+000
    endloop
  endfacet
  facet normal  9.899293e-001  1.124915e-001  8.594073e-002
    outer loop
      vertex -4.142899e+001 -1.338064e+001  4.238769e+000
      vertex -4.150680e+001 -1.257897e+001  4.085632e+000
      vertex -4.150900e+001 -1.294619e+001  4.591660e+000
    endloop
  endfacet
  facet normal  9.936786e-001  8.876030e-002  6.873538e-002
    outer loop
      vertex -4.150900e+001 -1.294619e+001  4.591660e+000
      vertex -4.150680e+001 -1.257897e+001  4.085632e+000
      vertex -4.156139e+001 -1.218892e+001  4.371220e+000
    endloop
  endfacet
  facet normal  9.946983e-001  8.546913e-002  5.718688e-002
    outer loop
      vertex -4.150900e+001 -1.294619e+001  4.591660e+000
      vertex -4.156139e+001 -1.218892e+001  4.371220e+000
      vertex -4.156678e+001 -1.249366e+001  4.920434e+000
    endloop
  endfacet
  facet normal  9.976508e-001  5.527735e-002  4.046322e-002
    outer loop
      vertex -4.156678e+001 -1.249366e+001  4.920434e+000
      vertex -4.156139e+001 -1.218892e+001  4.371220e+000
      vertex -4.159540e+001 -1.177598e+001  4.645595e+000
    endloop
  endfacet
  facet normal  9.983125e-001  5.067053e-002  2.836464e-002
    outer loop
      vertex -4.156678e+001 -1.249366e+001  4.920434e+000
      vertex -4.159540e+001 -1.177598e+001  4.645595e+000
      vertex -4.159919e+001 -1.202649e+001  5.226295e+000
    endloop
  endfacet
  facet normal  9.998100e-001  1.466602e-002  1.284221e-002
    outer loop
      vertex -4.159919e+001 -1.202649e+001  5.226295e+000
      vertex -4.159540e+001 -1.177598e+001  4.645595e+000
      vertex -4.160514e+001 -1.134197e+001  4.908151e+000
    endloop
  endfacet
  facet normal  9.999602e-001  8.905536e-003  4.449824e-004
    outer loop
      vertex -4.159919e+001 -1.202649e+001  5.226295e+000
      vertex -4.160514e+001 -1.134197e+001  4.908151e+000
      vertex -4.160358e+001 -1.154768e+001  5.510416e+000
    endloop
  endfacet
  facet normal  9.993779e-001 -3.249981e-002 -1.369596e-002
    outer loop
      vertex -4.160358e+001 -1.154768e+001  5.510416e+000
      vertex -4.160514e+001 -1.134197e+001  4.908151e+000
      vertex -4.158698e+001 -1.088900e+001  5.158239e+000
    endloop
  endfacet
  facet normal  9.989038e-001 -3.900482e-002 -2.588470e-002
    outer loop
      vertex -4.160358e+001 -1.154768e+001  5.510416e+000
      vertex -4.158698e+001 -1.088900e+001  5.158239e+000
      vertex -4.157772e+001 -1.106034e+001  5.773715e+000
    endloop
  endfacet
  facet normal  9.960185e-001 -8.087737e-002 -3.749838e-002
    outer loop
      vertex -4.157772e+001 -1.106034e+001  5.773715e+000
      vertex -4.158698e+001 -1.088900e+001  5.158239e+000
      vertex -4.154729e+001 -1.049337e+001  5.359320e+000
    endloop
  endfacet
  facet normal  9.944712e-001 -9.130176e-002 -5.187468e-002
    outer loop
      vertex -4.157772e+001 -1.106034e+001  5.773715e+000
      vertex -4.154729e+001 -1.049337e+001  5.359320e+000
      vertex -4.151981e+001 -1.056769e+001  6.016961e+000
    endloop
  endfacet
  facet normal  9.865199e-001  5.811377e-002  1.529747e-001
    outer loop
      vertex -4.075018e+001 -1.536842e+001  1.490630e+000
      vertex -4.077868e+001 -1.472484e+001  1.429956e+000
      vertex -4.079951e+001 -1.526229e+001  1.768474e+000
    endloop
  endfacet
  facet normal  9.785702e-001  8.124368e-002  1.892081e-001
    outer loop
      vertex -4.079951e+001 -1.526229e+001  1.768474e+000
      vertex -4.077868e+001 -1.472484e+001  1.429956e+000
      vertex -4.088358e+001 -1.451899e+001  1.884066e+000
    endloop
  endfacet
  facet normal  9.826415e-001  8.552744e-002  1.646226e-001
    outer loop
      vertex -4.079951e+001 -1.526229e+001  1.768474e+000
      vertex -4.088358e+001 -1.451899e+001  1.884066e+000
      vertex -4.088267e+001 -1.507582e+001  2.167941e+000
    endloop
  endfacet
  facet normal  9.735886e-001  1.049531e-001  2.027558e-001
    outer loop
      vertex -4.088267e+001 -1.507582e+001  2.167941e+000
      vertex -4.088358e+001 -1.451899e+001  1.884066e+000
      vertex -4.099692e+001 -1.427572e+001  2.302383e+000
    endloop
  endfacet
  facet normal  9.791201e-001  1.112204e-001  1.701583e-001
    outer loop
      vertex -4.088267e+001 -1.507582e+001  2.167941e+000
      vertex -4.099692e+001 -1.427572e+001  2.302383e+000
      vertex -4.097276e+001 -1.486109e+001  2.545969e+000
    endloop
  endfacet
  facet normal  9.984104e-001  4.487946e-003  5.618230e-002
    outer loop
      vertex -4.064336e+001 -1.496860e+001  4.850415e-001
      vertex -4.063041e+001 -1.561426e+001  3.065366e-001
      vertex -4.062962e+001 -1.499214e+001  2.427404e-001
    endloop
  endfacet
  facet normal  9.998446e-001  5.321669e-004  1.762492e-002
    outer loop
      vertex -4.062962e+001 -1.499214e+001  2.427404e-001
      vertex -4.063041e+001 -1.561426e+001  3.065366e-001
      vertex -4.062500e+001 -1.562500e+001  2.930989e-013
    endloop
  endfacet
  facet normal  9.998193e-001  4.413957e-015  1.901187e-002
    outer loop
      vertex -4.062962e+001 -1.499214e+001  2.427404e-001
      vertex -4.062500e+001 -1.562500e+001  2.930989e-013
      vertex -4.062500e+001 -1.500000e+001  1.479936e-013
    endloop
  endfacet
  facet normal  9.986348e-001  5.669232e-003  5.192582e-002
    outer loop
      vertex -4.063041e+001 -1.561426e+001  3.065366e-001
      vertex -4.064336e+001 -1.496860e+001  4.850415e-001
      vertex -4.064641e+001 -1.558230e+001  6.107367e-001
    endloop
  endfacet
  facet normal  9.957712e-001  1.365513e-002  9.084728e-002
    outer loop
      vertex -4.064641e+001 -1.558230e+001  6.107367e-001
      vertex -4.064336e+001 -1.496860e+001  4.850415e-001
      vertex -4.066591e+001 -1.492948e+001  7.263998e-001
    endloop
  endfacet
  facet normal  9.963818e-001  1.494560e-002  8.366657e-002
    outer loop
      vertex -4.064641e+001 -1.558230e+001  6.107367e-001
      vertex -4.066591e+001 -1.492948e+001  7.263998e-001
      vertex -4.067237e+001 -1.552989e+001  9.105638e-001
    endloop
  endfacet
  facet normal  9.922140e-001  2.664453e-002  1.216610e-001
    outer loop
      vertex -4.067237e+001 -1.552989e+001  9.105638e-001
      vertex -4.066591e+001 -1.492948e+001  7.263998e-001
      vertex -4.069680e+001 -1.487497e+001  9.663369e-001
    endloop
  endfacet
  facet normal  9.933739e-001  2.754654e-002  1.115771e-001
    outer loop
      vertex -4.067237e+001 -1.552989e+001  9.105638e-001
      vertex -4.069680e+001 -1.487497e+001  9.663369e-001
      vertex -4.070736e+001 -1.545813e+001  1.204317e+000
    endloop
  endfacet
  facet normal  9.861657e-001  4.701210e-002  1.589567e-001
    outer loop
      vertex -4.070736e+001 -1.545813e+001  1.204317e+000
      vertex -4.069680e+001 -1.487497e+001  9.663369e-001
      vertex -4.077868e+001 -1.472484e+001  1.429956e+000
    endloop
  endfacet
  facet normal  9.898624e-001  5.613949e-002  1.304628e-001
    outer loop
      vertex -4.070736e+001 -1.545813e+001  1.204317e+000
      vertex -4.077868e+001 -1.472484e+001  1.429956e+000
      vertex -4.075018e+001 -1.536842e+001  1.490630e+000
    endloop
  endfacet
  facet normal  9.807215e-001  1.939537e-001 -2.381598e-002
    outer loop
      vertex -3.825974e+001  2.663294e+000  8.008362e+000
      vertex -3.820499e+001  2.313003e+000  7.410297e+000
      vertex -3.833807e+001  2.978610e+000  7.350644e+000
    endloop
  endfacet
  facet normal  9.862016e-001  1.654173e-001 -6.600267e-003
    outer loop
      vertex -3.820499e+001  2.313003e+000  7.410297e+000
      vertex -3.825974e+001  2.663294e+000  8.008362e+000
      vertex -3.814882e+001  2.004028e+000  8.059175e+000
    endloop
  endfacet
  facet normal  9.892455e-001  1.453391e-001 -1.642434e-002
    outer loop
      vertex -3.814882e+001  2.004028e+000  8.059175e+000
      vertex -3.810523e+001  1.639091e+000  7.455089e+000
      vertex -3.820499e+001  2.313003e+000  7.410297e+000
    endloop
  endfacet
  facet normal  9.929135e-001  1.188386e-001 -1.503208e-004
    outer loop
      vertex -3.810523e+001  1.639091e+000  7.455089e+000
      vertex -3.814882e+001  2.004028e+000  8.059175e+000
      vertex -3.806924e+001  1.339185e+000  8.095673e+000
    endloop
  endfacet
  facet normal  9.953408e-001  9.577953e-002 -1.108237e-002
    outer loop
      vertex -3.806924e+001  1.339185e+000  8.095673e+000
      vertex -3.803947e+001  9.591566e-001  7.484651e+000
      vertex -3.810523e+001  1.639091e+000  7.455089e+000
    endloop
  endfacet
  facet normal  9.974266e-001  7.157886e-002  4.071006e-003
    outer loop
      vertex -3.802135e+001  6.705552e-001  8.117656e+000
      vertex -3.803947e+001  9.591566e-001  7.484651e+000
      vertex -3.806924e+001  1.339185e+000  8.095673e+000
    endloop
  endfacet
  facet normal  9.989297e-001  4.558699e-002 -7.822330e-003
    outer loop
      vertex -3.800817e+001  2.756338e-001  7.498734e+000
      vertex -3.803947e+001  9.591566e-001  7.484651e+000
      vertex -3.802135e+001  6.705552e-001  8.117656e+000
    endloop
  endfacet
  facet normal  9.996960e-001  2.390643e-002  6.027894e-003
    outer loop
      vertex -3.800536e+001 -1.584969e-006  8.125000e+000
      vertex -3.800817e+001  2.756338e-001  7.498734e+000
      vertex -3.802135e+001  6.705552e-001  8.117656e+000
    endloop
  endfacet
  facet normal  9.999823e-001 -2.278699e-003 -5.498118e-003
    outer loop
      vertex -3.800957e+001 -3.372208e-001  7.498105e+000
      vertex -3.800817e+001  2.756338e-001  7.498734e+000
      vertex -3.800536e+001 -1.584969e-006  8.125000e+000
    endloop
  endfacet
  facet normal  9.996953e-001 -2.390768e-002  6.138461e-003
    outer loop
      vertex -3.802135e+001 -6.705567e-001  8.117657e+000
      vertex -3.800957e+001 -3.372208e-001  7.498105e+000
      vertex -3.800536e+001 -1.584969e-006  8.125000e+000
    endloop
  endfacet
  facet normal  9.988493e-001 -4.750724e-002 -6.574827e-003
    outer loop
      vertex -3.802135e+001 -6.705567e-001  8.117657e+000
      vertex -3.803876e+001 -9.490502e-001  7.484973e+000
      vertex -3.800957e+001 -3.372208e-001  7.498105e+000
    endloop
  endfacet
  facet normal  9.288038e-001 -3.632763e-001 -7.316993e-002
    outer loop
      vertex -3.900590e+001 -5.211437e+000  7.668254e+000
      vertex -3.913343e+001 -5.402226e+000  6.996713e+000
      vertex -3.886302e+001 -4.735003e+000  7.116526e+000
    endloop
  endfacet
  facet normal  9.225542e-001 -3.799632e-001 -6.724229e-002
    outer loop
      vertex -3.926451e+001 -5.818628e+000  7.551143e+000
      vertex -3.913343e+001 -5.402226e+000  6.996713e+000
      vertex -3.900590e+001 -5.211437e+000  7.668254e+000
    endloop
  endfacet
  facet normal  9.088647e-001 -4.070778e-001 -9.084327e-002
    outer loop
      vertex -3.943676e+001 -6.049614e+000  6.862984e+000
      vertex -3.913343e+001 -5.402226e+000  6.996713e+000
      vertex -3.926451e+001 -5.818628e+000  7.551143e+000
    endloop
  endfacet
  facet normal  8.897042e-001  4.438602e-001 -1.068389e-001
    outer loop
      vertex -3.943031e+001  6.036747e+000  6.865816e+000
      vertex -3.969622e+001  6.541671e+000  6.749195e+000
      vertex -3.955026e+001  6.411119e+000  7.422256e+000
    endloop
  endfacet
  facet normal  8.707709e-001  4.823723e-001 -9.526304e-002
    outer loop
      vertex -3.955026e+001  6.411119e+000  7.422256e+000
      vertex -3.969622e+001  6.541671e+000  6.749195e+000
      vertex -3.998149e+001  7.032063e+000  6.624766e+000
    endloop
  endfacet
  facet normal  8.849224e-001  4.471221e-001 -1.303619e-001
    outer loop
      vertex -3.955026e+001  6.411119e+000  7.422256e+000
      vertex -3.998149e+001  7.032063e+000  6.624766e+000
      vertex -3.986221e+001  6.987680e+000  7.282221e+000
    endloop
  endfacet
  facet normal  8.512313e-001  5.108997e-001 -1.199441e-001
    outer loop
      vertex -3.986221e+001  6.987680e+000  7.282221e+000
      vertex -3.998149e+001  7.032063e+000  6.624766e+000
      vertex -4.028528e+001  7.507307e+000  6.493080e+000
    endloop
  endfacet
  facet normal  8.641909e-001  4.814254e-001 -1.462998e-001
    outer loop
      vertex -3.986221e+001  6.987680e+000  7.282221e+000
      vertex -4.028528e+001  7.507307e+000  6.493080e+000
      vertex -4.019937e+001  7.547163e+000  7.131710e+000
    endloop
  endfacet
  facet normal  8.307129e-001  5.374075e-001 -1.452901e-001
    outer loop
      vertex -4.019937e+001  7.547163e+000  7.131710e+000
      vertex -4.028528e+001  7.507307e+000  6.493080e+000
      vertex -4.060678e+001  7.966873e+000  6.354702e+000
    endloop
  endfacet
  facet normal  8.421997e-001  5.135552e-001 -1.641973e-001
    outer loop
      vertex -4.019937e+001  7.547163e+000  7.131710e+000
      vertex -4.060678e+001  7.966873e+000  6.354702e+000
      vertex -4.056071e+001  8.088511e+000  6.971446e+000
    endloop
  endfacet
  facet normal  8.093150e-001  5.618515e-001 -1.712661e-001
    outer loop
      vertex -4.056071e+001  8.088511e+000  6.971446e+000
      vertex -4.060678e+001  7.966873e+000  6.354702e+000
      vertex -4.094522e+001  8.410324e+000  6.210202e+000
    endloop
  endfacet
  facet normal  8.190571e-001  5.434114e-001 -1.839824e-001
    outer loop
      vertex -4.056071e+001  8.088511e+000  6.971446e+000
      vertex -4.094522e+001  8.410324e+000  6.210202e+000
      vertex -4.094522e+001  8.610754e+000  6.802193e+000
    endloop
  endfacet
  facet normal  9.773595e-001  2.110368e-001 -1.522578e-002
    outer loop
      vertex -3.825974e+001  2.663294e+000  8.008362e+000
      vertex -3.833807e+001  2.978610e+000  7.350644e+000
      vertex -3.840153e+001  3.315269e+000  7.943497e+000
    endloop
  endfacet
  facet normal  9.698740e-001  2.413299e-001 -3.322930e-002
    outer loop
      vertex -3.840153e+001  3.315269e+000  7.943497e+000
      vertex -3.833807e+001  2.978610e+000  7.350644e+000
      vertex -3.850363e+001  3.633786e+000  7.276599e+000
    endloop
  endfacet
  facet normal  9.664698e-001  2.554651e-001 -2.595698e-002
    outer loop
      vertex -3.840153e+001  3.315269e+000  7.943497e+000
      vertex -3.850363e+001  3.633786e+000  7.276599e+000
      vertex -3.857361e+001  3.958312e+000  7.864916e+000
    endloop
  endfacet
  facet normal  9.568286e-001  2.872083e-001 -4.461397e-002
    outer loop
      vertex -3.857361e+001  3.958312e+000  7.864916e+000
      vertex -3.850363e+001  3.633786e+000  7.276599e+000
      vertex -3.870067e+001  4.276572e+000  7.188723e+000
    endloop
  endfacet
  facet normal  9.536324e-001  2.984738e-001 -3.871112e-002
    outer loop
      vertex -3.857361e+001  3.958312e+000  7.864916e+000
      vertex -3.870067e+001  4.276572e+000  7.188723e+000
      vertex -3.877532e+001  4.590861e+000  7.773015e+000
    endloop
  endfacet
  facet normal  9.417250e-001  3.313596e-001 -5.792158e-002
    outer loop
      vertex -3.877532e+001  4.590861e+000  7.773015e+000
      vertex -3.870067e+001  4.276572e+000  7.188723e+000
      vertex -3.892807e+001  4.905181e+000  7.087651e+000
    endloop
  endfacet
  facet normal  9.389593e-001  3.398574e-001 -5.340793e-002
    outer loop
      vertex -3.877532e+001  4.590861e+000  7.773015e+000
      vertex -3.892807e+001  4.905181e+000  7.087651e+000
      vertex -3.900590e+001  5.211433e+000  7.668251e+000
    endloop
  endfacet
  facet normal  9.247148e-001  3.735753e-001 -7.310261e-002
    outer loop
      vertex -3.900590e+001  5.211433e+000  7.668251e+000
      vertex -3.892807e+001  4.905181e+000  7.087651e+000
      vertex -3.918462e+001  5.518000e+000  6.974089e+000
    endloop
  endfacet
  facet normal  9.225661e-001  3.794440e-001 -6.995754e-002
    outer loop
      vertex -3.900590e+001  5.211433e+000  7.668251e+000
      vertex -3.918462e+001  5.518000e+000  6.974089e+000
      vertex -3.926451e+001  5.818625e+000  7.551140e+000
    endloop
  endfacet
  facet normal  9.072328e-001  4.111880e-001 -8.861794e-002
    outer loop
      vertex -3.926451e+001  5.818625e+000  7.551140e+000
      vertex -3.918462e+001  5.518000e+000  6.974089e+000
      vertex -3.943031e+001  6.036747e+000  6.865816e+000
    endloop
  endfacet
  facet normal  9.045724e-001  4.175673e-001 -8.594394e-002
    outer loop
      vertex -3.926451e+001  5.818625e+000  7.551140e+000
      vertex -3.943031e+001  6.036747e+000  6.865816e+000
      vertex -3.955026e+001  6.411119e+000  7.422256e+000
    endloop
  endfacet
  facet normal  9.389456e-001 -3.403082e-001 -5.070994e-002
    outer loop
      vertex -3.900590e+001 -5.211437e+000  7.668254e+000
      vertex -3.886302e+001 -4.735003e+000  7.116526e+000
      vertex -3.877533e+001 -4.590866e+000  7.773018e+000
    endloop
  endfacet
  facet normal  9.466501e-001 -3.172164e-001 -5.680910e-002
    outer loop
      vertex -3.877533e+001 -4.590866e+000  7.773018e+000
      vertex -3.886302e+001 -4.735003e+000  7.116526e+000
      vertex -3.862752e+001 -4.050980e+000  7.221315e+000
    endloop
  endfacet
  facet normal  9.536224e-001 -2.987399e-001 -3.686050e-002
    outer loop
      vertex -3.877533e+001 -4.590866e+000  7.773018e+000
      vertex -3.862752e+001 -4.050980e+000  7.221315e+000
      vertex -3.857362e+001 -3.958318e+000  7.864920e+000
    endloop
  endfacet
  facet normal  9.622028e-001 -2.690996e-001 -4.184659e-002
    outer loop
      vertex -3.857362e+001 -3.958318e+000  7.864920e+000
      vertex -3.862752e+001 -4.050980e+000  7.221315e+000
      vertex -3.842792e+001 -3.351127e+000  7.310437e+000
    endloop
  endfacet
  facet normal  9.664677e-001 -2.554870e-001 -2.581936e-002
    outer loop
      vertex -3.857362e+001 -3.958318e+000  7.864920e+000
      vertex -3.842792e+001 -3.351127e+000  7.310437e+000
      vertex -3.840153e+001 -3.315275e+000  7.943501e+000
    endloop
  endfacet
  facet normal  9.742832e-001 -2.235868e-001 -2.795176e-002
    outer loop
      vertex -3.840153e+001 -3.315275e+000  7.943501e+000
      vertex -3.842792e+001 -3.351127e+000  7.310437e+000
      vertex -3.829066e+001 -2.760710e+000  7.371881e+000
    endloop
  endfacet
  facet normal  9.773592e-001 -2.110408e-001 -1.518356e-002
    outer loop
      vertex -3.840153e+001 -3.315275e+000  7.943501e+000
      vertex -3.829066e+001 -2.760710e+000  7.371881e+000
      vertex -3.825974e+001 -2.663299e+000  8.008366e+000
    endloop
  endfacet
  facet normal  9.833253e-001 -1.807403e-001 -2.011077e-002
    outer loop
      vertex -3.825974e+001 -2.663299e+000  8.008366e+000
      vertex -3.829066e+001 -2.760710e+000  7.371881e+000
      vertex -3.817969e+001 -2.162493e+000  7.421651e+000
    endloop
  endfacet
  facet normal  9.862019e-001 -1.654142e-001 -6.636287e-003
    outer loop
      vertex -3.825974e+001 -2.663299e+000  8.008366e+000
      vertex -3.817969e+001 -2.162493e+000  7.421651e+000
      vertex -3.814882e+001 -2.004031e+000  8.059178e+000
    endloop
  endfacet
  facet normal  9.904772e-001 -1.369717e-001 -1.391285e-002
    outer loop
      vertex -3.814882e+001 -2.004031e+000  8.059178e+000
      vertex -3.817969e+001 -2.162493e+000  7.421651e+000
      vertex -3.809557e+001 -1.558053e+000  7.459432e+000
    endloop
  endfacet
  facet normal  9.929140e-001 -1.188351e-001 -2.099181e-004
    outer loop
      vertex -3.814882e+001 -2.004031e+000  8.059178e+000
      vertex -3.809557e+001 -1.558053e+000  7.459432e+000
      vertex -3.806924e+001 -1.339187e+000  8.095675e+000
    endloop
  endfacet
  facet normal  9.956693e-001 -9.248975e-002 -9.386668e-003
    outer loop
      vertex -3.806924e+001 -1.339187e+000  8.095675e+000
      vertex -3.809557e+001 -1.558053e+000  7.459432e+000
      vertex -3.803876e+001 -9.490502e-001  7.484973e+000
    endloop
  endfacet
  facet normal  9.974267e-001 -7.157843e-002  4.059933e-003
    outer loop
      vertex -3.806924e+001 -1.339187e+000  8.095675e+000
      vertex -3.803876e+001 -9.490502e-001  7.484973e+000
      vertex -3.802135e+001 -6.705567e-001  8.117657e+000
    endloop
  endfacet
  facet normal  9.045739e-001 -4.174964e-001 -8.627217e-002
    outer loop
      vertex -3.926451e+001 -5.818628e+000  7.551143e+000
      vertex -3.955027e+001 -6.411121e+000  7.422257e+000
      vertex -3.943676e+001 -6.049614e+000  6.862984e+000
    endloop
  endfacet
  facet normal  8.851152e-001 -4.516239e-001 -1.122810e-001
    outer loop
      vertex -3.943676e+001 -6.049614e+000  6.862984e+000
      vertex -3.955027e+001 -6.411121e+000  7.422257e+000
      vertex -3.986222e+001 -6.987683e+000  7.282221e+000
    endloop
  endfacet
  facet normal  8.870452e-001 -4.494675e-001 -1.054973e-001
    outer loop
      vertex -3.943676e+001 -6.049614e+000  6.862984e+000
      vertex -3.986222e+001 -6.987683e+000  7.282221e+000
      vertex -3.977108e+001 -6.675029e+000  6.716472e+000
    endloop
  endfacet
  facet normal  8.643062e-001 -4.860425e-001 -1.293730e-001
    outer loop
      vertex -3.977108e+001 -6.675029e+000  6.716472e+000
      vertex -3.986222e+001 -6.987683e+000  7.282221e+000
      vertex -4.019937e+001 -7.547166e+000  7.131710e+000
    endloop
  endfacet
  facet normal  8.635075e-001 -4.868082e-001 -1.318052e-001
    outer loop
      vertex -3.977108e+001 -6.675029e+000  6.716472e+000
      vertex -4.019937e+001 -7.547166e+000  7.131710e+000
      vertex -4.013499e+001 -7.277664e+000  6.558117e+000
    endloop
  endfacet
  facet normal  8.422487e-001 -5.181172e-001 -1.489017e-001
    outer loop
      vertex -4.013499e+001 -7.277664e+000  6.558117e+000
      vertex -4.019937e+001 -7.547166e+000  7.131710e+000
      vertex -4.056072e+001 -8.088511e+000  6.971445e+000
    endloop
  endfacet
  facet normal  8.384382e-001 -5.212786e-001 -1.590283e-001
    outer loop
      vertex -4.013499e+001 -7.277664e+000  6.558117e+000
      vertex -4.056072e+001 -8.088511e+000  6.971445e+000
      vertex -4.052688e+001 -7.856392e+000  6.388997e+000
    endloop
  endfacet
  facet normal  8.190650e-001 -5.477198e-001 -1.706914e-001
    outer loop
      vertex -4.052688e+001 -7.856392e+000  6.388997e+000
      vertex -4.056072e+001 -8.088511e+000  6.971445e+000
      vertex -4.094522e+001 -8.610754e+000  6.802193e+000
    endloop
  endfacet
  facet normal  8.120016e-001 -5.528294e-001 -1.871710e-001
    outer loop
      vertex -4.052688e+001 -7.856392e+000  6.388997e+000
      vertex -4.094522e+001 -8.610754e+000  6.802193e+000
      vertex -4.094522e+001 -8.410324e+000  6.210202e+000
    endloop
  endfacet
  facet normal  1.000000e+000  0.000000e+000  0.000000e+000
    outer loop
      vertex -3.400000e+001  1.750000e+001  8.500000e+000
      vertex -3.400000e+001  1.750000e+001  0.000000e+000
      vertex -3.400000e+001  1.850000e+001  8.500000e+000
    endloop
  endfacet
  facet normal  1.000000e+000  0.000000e+000  0.000000e+000
    outer loop
      vertex -3.400000e+001  1.850000e+001  8.500000e+000
      vertex -3.400000e+001  1.750000e+001  0.000000e+000
      vertex -3.400000e+001  1.850000e+001  0.000000e+000
    endloop
  endfacet
  facet normal  9.721096e-001 -1.399082e-001  1.882248e-001
    outer loop
      vertex -4.108896e+001  1.455961e+001  2.988787e+000
      vertex -4.111716e+001  1.398730e+001  2.709039e+000
      vertex -4.099690e+001  1.427576e+001  2.302325e+000
    endloop
  endfacet
  facet normal  9.866642e-001 -5.785736e-002  1.521389e-001
    outer loop
      vertex -4.079708e+001  1.526762e+001  1.755628e+000
      vertex -4.077869e+001  1.472484e+001  1.429946e+000
      vertex -4.074838e+001  1.537224e+001  1.479592e+000
    endloop
  endfacet
  facet normal  9.861466e-001 -5.808131e-002  1.553753e-001
    outer loop
      vertex -4.074838e+001  1.537224e+001  1.479592e+000
      vertex -4.077869e+001  1.472484e+001  1.429946e+000
      vertex -4.069680e+001  1.487497e+001  9.663441e-001
    endloop
  endfacet
  facet normal  9.900770e-001 -3.717873e-002  1.355184e-001
    outer loop
      vertex -4.074838e+001  1.537224e+001  1.479592e+000
      vertex -4.069680e+001  1.487497e+001  9.663441e-001
      vertex -4.070614e+001  1.546065e+001  1.195247e+000
    endloop
  endfacet
  facet normal  9.922054e-001 -3.131930e-002  1.206131e-001
    outer loop
      vertex -4.070614e+001  1.546065e+001  1.195247e+000
      vertex -4.069680e+001  1.487497e+001  9.663441e-001
      vertex -4.066591e+001  1.492948e+001  7.264062e-001
    endloop
  endfacet
  facet normal  9.934568e-001 -2.342791e-002  1.117800e-001
    outer loop
      vertex -4.070614e+001  1.546065e+001  1.195247e+000
      vertex -4.066591e+001  1.492948e+001  7.264062e-001
      vertex -4.067166e+001  1.553134e+001  9.036084e-001
    endloop
  endfacet
  facet normal  9.957689e-001 -1.707911e-002  9.029152e-002
    outer loop
      vertex -4.067166e+001  1.553134e+001  9.036084e-001
      vertex -4.066591e+001  1.492948e+001  7.264062e-001
      vertex -4.064336e+001  1.496860e+001  4.850462e-001
    endloop
  endfacet
  facet normal  9.964305e-001 -1.203532e-002  8.355504e-002
    outer loop
      vertex -4.067166e+001  1.553134e+001  9.036084e-001
      vertex -4.064336e+001  1.496860e+001  4.850462e-001
      vertex -4.064608e+001  1.558296e+001  6.060207e-001
    endloop
  endfacet
  facet normal  9.984103e-001 -6.596123e-003  5.597692e-002
    outer loop
      vertex -4.064608e+001  1.558296e+001  6.060207e-001
      vertex -4.064336e+001  1.496860e+001  4.850462e-001
      vertex -4.062962e+001  1.499214e+001  2.427429e-001
    endloop
  endfacet
  facet normal  9.986543e-001 -3.964086e-003  5.170735e-002
    outer loop
      vertex -4.064608e+001  1.558296e+001  6.060207e-001
      vertex -4.062962e+001  1.499214e+001  2.427429e-001
      vertex -4.063033e+001  1.561442e+001  3.041531e-001
    endloop
  endfacet
  facet normal  9.998194e-001 -7.338257e-004  1.898793e-002
    outer loop
      vertex -4.063033e+001  1.561442e+001  3.041531e-001
      vertex -4.062962e+001  1.499214e+001  2.427429e-001
      vertex -4.062500e+001  1.500000e+001 -2.340891e-011
    endloop
  endfacet
  facet normal  9.998467e-001 -6.557485e-013  1.750599e-002
    outer loop
      vertex -4.063033e+001  1.561442e+001  3.041531e-001
      vertex -4.062500e+001  1.500000e+001 -2.340891e-011
      vertex -4.062500e+001  1.562500e+001  2.664535e-015
    endloop
  endfacet
  facet normal  9.772844e-001 -1.144308e-001  1.783840e-001
    outer loop
      vertex -4.108896e+001  1.455961e+001  2.988787e+000
      vertex -4.099690e+001  1.427576e+001  2.302325e+000
      vertex -4.096842e+001  1.487177e+001  2.528650e+000
    endloop
  endfacet
  facet normal  9.736329e-001 -1.201532e-001  1.939130e-001
    outer loop
      vertex -4.096842e+001  1.487177e+001  2.528650e+000
      vertex -4.099690e+001  1.427576e+001  2.302325e+000
      vertex -4.088357e+001  1.451901e+001  1.884037e+000
    endloop
  endfacet
  facet normal  9.792901e-001 -9.303778e-002  1.798187e-001
    outer loop
      vertex -4.096842e+001  1.487177e+001  2.528650e+000
      vertex -4.088357e+001  1.451901e+001  1.884037e+000
      vertex -4.087925e+001  1.508370e+001  2.152688e+000
    endloop
  endfacet
  facet normal  9.785253e-001 -9.460865e-002  1.831329e-001
    outer loop
      vertex -4.087925e+001  1.508370e+001  2.152688e+000
      vertex -4.088357e+001  1.451901e+001  1.884037e+000
      vertex -4.077869e+001  1.472484e+001  1.429946e+000
    endloop
  endfacet
  facet normal  9.827805e-001 -6.944463e-002  1.712307e-001
    outer loop
      vertex -4.087925e+001  1.508370e+001  2.152688e+000
      vertex -4.077869e+001  1.472484e+001  1.429946e+000
      vertex -4.079708e+001  1.526762e+001  1.755628e+000
    endloop
  endfacet
  facet normal  9.898979e-001  1.301629e-001 -5.621190e-002
    outer loop
      vertex -4.148309e+001  1.008777e+001  5.550608e+000
      vertex -4.154729e+001  1.049338e+001  5.359313e+000
      vertex -4.152140e+001  1.057830e+001  6.011942e+000
    endloop
  endfacet
  facet normal  9.959741e-001  7.489365e-002 -4.926167e-002
    outer loop
      vertex -4.152140e+001  1.057830e+001  6.011942e+000
      vertex -4.154729e+001  1.049338e+001  5.359313e+000
      vertex -4.158699e+001  1.088901e+001  5.158232e+000
    endloop
  endfacet
  facet normal  9.946305e-001  9.458914e-002 -4.199009e-002
    outer loop
      vertex -4.152140e+001  1.057830e+001  6.011942e+000
      vertex -4.158699e+001  1.088901e+001  5.158232e+000
      vertex -4.157883e+001  1.107350e+001  5.766912e+000
    endloop
  endfacet
  facet normal  9.993692e-001  2.798115e-002 -2.186529e-002
    outer loop
      vertex -4.157883e+001  1.107350e+001  5.766912e+000
      vertex -4.158699e+001  1.088901e+001  5.158232e+000
      vertex -4.160514e+001  1.134198e+001  4.908145e+000
    endloop
  endfacet
  facet normal  9.989798e-001  4.158858e-002 -1.759922e-002
    outer loop
      vertex -4.157883e+001  1.107350e+001  5.766912e+000
      vertex -4.160514e+001  1.134198e+001  4.908145e+000
      vertex -4.160390e+001  1.156324e+001  5.501597e+000
    endloop
  endfacet
  facet normal  9.997997e-001 -1.934662e-002  5.118070e-003
    outer loop
      vertex -4.160390e+001  1.156324e+001  5.501597e+000
      vertex -4.160514e+001  1.134198e+001  4.908145e+000
      vertex -4.159540e+001  1.177600e+001  4.645582e+000
    endloop
  endfacet
  facet normal  9.999450e-001 -6.325165e-003  8.356044e-003
    outer loop
      vertex -4.160390e+001  1.156324e+001  5.501597e+000
      vertex -4.159540e+001  1.177600e+001  4.645582e+000
      vertex -4.159846e+001  1.204426e+001  5.215208e+000
    endloop
  endfacet
  facet normal  9.976424e-001 -5.986333e-002  3.355693e-002
    outer loop
      vertex -4.159846e+001  1.204426e+001  5.215208e+000
      vertex -4.159540e+001  1.177600e+001  4.645582e+000
      vertex -4.156139e+001  1.218895e+001  4.371198e+000
    endloop
  endfacet
  facet normal  9.982027e-001 -4.822672e-002  3.557638e-002
    outer loop
      vertex -4.159846e+001  1.204426e+001  5.215208e+000
      vertex -4.156139e+001  1.218895e+001  4.371198e+000
      vertex -4.156480e+001  1.251340e+001  4.906809e+000
    endloop
  endfacet
  facet normal  9.936725e-001 -9.314714e-002  6.275823e-002
    outer loop
      vertex -4.156480e+001  1.251340e+001  4.906809e+000
      vertex -4.156139e+001  1.218895e+001  4.371198e+000
      vertex -4.150679e+001  1.257899e+001  4.085612e+000
    endloop
  endfacet
  facet normal  9.945186e-001 -8.296898e-002  6.363101e-002
    outer loop
      vertex -4.156480e+001  1.251340e+001  4.906809e+000
      vertex -4.150679e+001  1.257899e+001  4.085612e+000
      vertex -4.150608e+001  1.296466e+001  4.577458e+000
    endloop
  endfacet
  facet normal  9.884017e-001 -1.201898e-001  9.282551e-002
    outer loop
      vertex -4.150608e+001  1.296466e+001  4.577458e+000
      vertex -4.150679e+001  1.257899e+001  4.085612e+000
      vertex -4.142739e+001  1.297981e+001  3.759142e+000
    endloop
  endfacet
  facet normal  9.897240e-001 -1.084710e-001  9.316953e-002
    outer loop
      vertex -4.150608e+001  1.296466e+001  4.577458e+000
      vertex -4.142739e+001  1.297981e+001  3.759142e+000
      vertex -4.142534e+001  1.339777e+001  4.223984e+000
    endloop
  endfacet
  facet normal  9.825590e-001 -1.404073e-001  1.219165e-001
    outer loop
      vertex -4.142534e+001  1.339777e+001  4.223984e+000
      vertex -4.142739e+001  1.297981e+001  3.759142e+000
      vertex -4.133260e+001  1.334916e+001  3.420528e+000
    endloop
  endfacet
  facet normal  9.846344e-001 -1.256587e-001  1.212637e-001
    outer loop
      vertex -4.142534e+001  1.339777e+001  4.223984e+000
      vertex -4.133260e+001  1.334916e+001  3.420528e+000
      vertex -4.132372e+001  1.381891e+001  3.835202e+000
    endloop
  endfacet
  facet normal  9.773434e-001 -1.501574e-001  1.491729e-001
    outer loop
      vertex -4.132372e+001  1.381891e+001  3.835202e+000
      vertex -4.133260e+001  1.334916e+001  3.420528e+000
      vertex -4.122747e+001  1.368548e+001  3.070322e+000
    endloop
  endfacet
  facet normal  9.802157e-001 -1.330434e-001  1.465489e-001
    outer loop
      vertex -4.132372e+001  1.381891e+001  3.835202e+000
      vertex -4.122747e+001  1.368548e+001  3.070322e+000
      vertex -4.120767e+001  1.421328e+001  3.417053e+000
    endloop
  endfacet
  facet normal  9.736198e-001 -1.496683e-001  1.722320e-001
    outer loop
      vertex -4.120767e+001  1.421328e+001  3.417053e+000
      vertex -4.122747e+001  1.368548e+001  3.070322e+000
      vertex -4.111716e+001  1.398730e+001  2.709039e+000
    endloop
  endfacet
  facet normal  9.775447e-001 -1.294495e-001  1.662803e-001
    outer loop
      vertex -4.120767e+001  1.421328e+001  3.417053e+000
      vertex -4.111716e+001  1.398730e+001  2.709039e+000
      vertex -4.108896e+001  1.455961e+001  2.988787e+000
    endloop
  endfacet
  facet normal  9.732589e-001  2.090413e-001 -9.523004e-002
    outer loop
      vertex -4.130086e+001  9.574088e+000  6.448130e+000
      vertex -4.139246e+001  9.674201e+000  5.731707e+000
      vertex -4.142895e+001  1.007552e+001  6.239734e+000
    endloop
  endfacet
  facet normal  9.804238e-001  1.825497e-001 -7.378851e-002
    outer loop
      vertex -4.142895e+001  1.007552e+001  6.239734e+000
      vertex -4.139246e+001  9.674201e+000  5.731707e+000
      vertex -4.148309e+001  1.008777e+001  5.550608e+000
    endloop
  endfacet
  facet normal  9.862356e-001  1.474241e-001 -7.486956e-002
    outer loop
      vertex -4.142895e+001  1.007552e+001  6.239734e+000
      vertex -4.148309e+001  1.008777e+001  5.550608e+000
      vertex -4.152140e+001  1.057830e+001  6.011942e+000
    endloop
  endfacet
  facet normal  9.671873e-001  2.374034e-001 -9.049042e-002
    outer loop
      vertex -4.139246e+001  9.674201e+000  5.731707e+000
      vertex -4.130086e+001  9.574088e+000  6.448130e+000
      vertex -4.127361e+001  9.254996e+000  5.902225e+000
    endloop
  endfacet
  facet normal  9.555643e-001  2.727803e-001 -1.117491e-001
    outer loop
      vertex -4.127361e+001  9.254996e+000  5.902225e+000
      vertex -4.130086e+001  9.574088e+000  6.448130e+000
      vertex -4.114047e+001  9.088315e+000  6.633837e+000
    endloop
  endfacet
  facet normal  9.498187e-001  2.943705e-001 -1.057847e-001
    outer loop
      vertex -4.127361e+001  9.254996e+000  5.902225e+000
      vertex -4.114047e+001  9.088315e+000  6.633837e+000
      vertex -4.112497e+001  8.832746e+000  6.061819e+000
    endloop
  endfacet
  facet normal  9.330247e-001  3.372536e-001 -1.253993e-001
    outer loop
      vertex -4.112497e+001  8.832746e+000  6.061819e+000
      vertex -4.114047e+001  9.088315e+000  6.633837e+000
      vertex -4.094522e+001  8.610754e+000  6.802193e+000
    endloop
  endfacet
  facet normal  9.279969e-001  3.529097e-001 -1.194844e-001
    outer loop
      vertex -4.112497e+001  8.832746e+000  6.061819e+000
      vertex -4.094522e+001  8.610754e+000  6.802193e+000
      vertex -4.094522e+001  8.410324e+000  6.210202e+000
    endloop
  endfacet
  facet normal  0.000000e+000 -7.274920e-001 -6.861163e-001
    outer loop
      vertex -4.007372e+001  1.381891e+001  3.835202e+000
      vertex -4.120767e+001  1.421328e+001  3.417053e+000
      vertex -3.995767e+001  1.421328e+001  3.417053e+000
    endloop
  endfacet
  facet normal  -0.000000e+000 -7.775681e-001 -6.287987e-001
    outer loop
      vertex -3.995767e+001  1.421328e+001  3.417053e+000
      vertex -4.120767e+001  1.421328e+001  3.417053e+000
      vertex -4.108896e+001  1.455961e+001  2.988787e+000
    endloop
  endfacet
  facet normal  0.000000e+000 -7.775681e-001 -6.287987e-001
    outer loop
      vertex -3.995767e+001  1.421328e+001  3.417053e+000
      vertex -4.108896e+001  1.455961e+001  2.988787e+000
      vertex -3.983896e+001  1.455961e+001  2.988787e+000
    endloop
  endfacet
  facet normal  -0.000000e+000 -8.275350e-001 -5.614142e-001
    outer loop
      vertex -3.983896e+001  1.455961e+001  2.988787e+000
      vertex -4.108896e+001  1.455961e+001  2.988787e+000
      vertex -4.096842e+001  1.487177e+001  2.528650e+000
    endloop
  endfacet
  facet normal  0.000000e+000 -8.275350e-001 -5.614142e-001
    outer loop
      vertex -3.983896e+001  1.455961e+001  2.988787e+000
      vertex -4.096842e+001  1.487177e+001  2.528650e+000
      vertex -3.971842e+001  1.487177e+001  2.528650e+000
    endloop
  endfacet
  facet normal  -0.000000e+000 -8.711345e-001 -4.910445e-001
    outer loop
      vertex -3.971842e+001  1.487177e+001  2.528650e+000
      vertex -4.096842e+001  1.487177e+001  2.528650e+000
      vertex -4.087925e+001  1.508370e+001  2.152688e+000
    endloop
  endfacet
  facet normal  0.000000e+000 -8.711345e-001 -4.910445e-001
    outer loop
      vertex -3.971842e+001  1.487177e+001  2.528650e+000
      vertex -4.087925e+001  1.508370e+001  2.152688e+000
      vertex -3.962925e+001  1.508370e+001  2.152688e+000
    endloop
  endfacet
  facet normal  -0.000000e+000 -9.073817e-001 -4.203078e-001
    outer loop
      vertex -3.962925e+001  1.508370e+001  2.152688e+000
      vertex -4.087925e+001  1.508370e+001  2.152688e+000
      vertex -4.079708e+001  1.526762e+001  1.755628e+000
    endloop
  endfacet
  facet normal  0.000000e+000 -9.073817e-001 -4.203078e-001
    outer loop
      vertex -3.962925e+001  1.508370e+001  2.152688e+000
      vertex -4.079708e+001  1.526762e+001  1.755628e+000
      vertex -3.954708e+001  1.526762e+001  1.755628e+000
    endloop
  endfacet
  facet normal  -0.000000e+000 -9.350891e-001 -3.544128e-001
    outer loop
      vertex -3.954708e+001  1.526762e+001  1.755628e+000
      vertex -4.079708e+001  1.526762e+001  1.755628e+000
      vertex -4.074838e+001  1.537224e+001  1.479592e+000
    endloop
  endfacet
  facet normal  0.000000e+000 -9.350891e-001 -3.544128e-001
    outer loop
      vertex -3.954708e+001  1.526762e+001  1.755628e+000
      vertex -4.074838e+001  1.537224e+001  1.479592e+000
      vertex -3.949838e+001  1.537224e+001  1.479592e+000
    endloop
  endfacet
  facet normal  -0.000000e+000 -9.549078e-001 -2.969025e-001
    outer loop
      vertex -3.949838e+001  1.537224e+001  1.479592e+000
      vertex -4.074838e+001  1.537224e+001  1.479592e+000
      vertex -4.070614e+001  1.546065e+001  1.195247e+000
    endloop
  endfacet
  facet normal  0.000000e+000 -9.549078e-001 -2.969025e-001
    outer loop
      vertex -3.949838e+001  1.537224e+001  1.479592e+000
      vertex -4.070614e+001  1.546065e+001  1.195247e+000
      vertex -3.945614e+001  1.546065e+001  1.195247e+000
    endloop
  endfacet
  facet normal  -0.000000e+000 -9.718578e-001 -2.355685e-001
    outer loop
      vertex -3.945614e+001  1.546065e+001  1.195247e+000
      vertex -4.070614e+001  1.546065e+001  1.195247e+000
      vertex -4.067166e+001  1.553134e+001  9.036084e-001
    endloop
  endfacet
  facet normal  0.000000e+000 -9.718578e-001 -2.355685e-001
    outer loop
      vertex -3.945614e+001  1.546065e+001  1.195247e+000
      vertex -4.067166e+001  1.553134e+001  9.036084e-001
      vertex -3.942166e+001  1.553134e+001  9.036084e-001
    endloop
  endfacet
  facet normal  -0.000000e+000 -9.852855e-001 -1.709170e-001
    outer loop
      vertex -3.942166e+001  1.553134e+001  9.036084e-001
      vertex -4.067166e+001  1.553134e+001  9.036084e-001
      vertex -4.064608e+001  1.558296e+001  6.060207e-001
    endloop
  endfacet
  facet normal  0.000000e+000 -9.852855e-001 -1.709170e-001
    outer loop
      vertex -3.942166e+001  1.553134e+001  9.036084e-001
      vertex -4.064608e+001  1.558296e+001  6.060207e-001
      vertex -3.939608e+001  1.558296e+001  6.060207e-001
    endloop
  endfacet
  facet normal  -0.000000e+000 -9.946123e-001 -1.036651e-001
    outer loop
      vertex -3.939608e+001  1.558296e+001  6.060207e-001
      vertex -4.064608e+001  1.558296e+001  6.060207e-001
      vertex -4.063033e+001  1.561442e+001  3.041531e-001
    endloop
  endfacet
  facet normal  0.000000e+000 -9.946123e-001 -1.036651e-001
    outer loop
      vertex -3.939608e+001  1.558296e+001  6.060207e-001
      vertex -4.063033e+001  1.561442e+001  3.041531e-001
      vertex -3.938033e+001  1.561442e+001  3.041531e-001
    endloop
  endfacet
  facet normal  -0.000000e+000 -9.993959e-001 -3.475178e-002
    outer loop
      vertex -3.938033e+001  1.561442e+001  3.041531e-001
      vertex -4.063033e+001  1.561442e+001  3.041531e-001
      vertex -4.062500e+001  1.562500e+001  2.664535e-015
    endloop
  endfacet
  facet normal  0.000000e+000 -9.993959e-001 -3.475178e-002
    outer loop
      vertex -3.938033e+001  1.561442e+001  3.041531e-001
      vertex -4.062500e+001  1.562500e+001  2.664535e-015
      vertex -3.937500e+001  1.562500e+001  2.664535e-015
    endloop
  endfacet
  facet normal  -0.000000e+000 -7.274920e-001 -6.861163e-001
    outer loop
      vertex -4.120767e+001  1.421328e+001  3.417053e+000
      vertex -4.007372e+001  1.381891e+001  3.835202e+000
      vertex -4.132372e+001  1.381891e+001  3.835202e+000
    endloop
  endfacet
  facet normal  0.000000e+000 -6.783110e-001 -7.347749e-001
    outer loop
      vertex -4.132372e+001  1.381891e+001  3.835202e+000
      vertex -4.007372e+001  1.381891e+001  3.835202e+000
      vertex -4.017534e+001  1.339777e+001  4.223984e+000
    endloop
  endfacet
  facet normal  -0.000000e+000 -6.783110e-001 -7.347749e-001
    outer loop
      vertex -4.132372e+001  1.381891e+001  3.835202e+000
      vertex -4.017534e+001  1.339777e+001  4.223984e+000
      vertex -4.142534e+001  1.339777e+001  4.223984e+000
    endloop
  endfacet
  facet normal  0.000000e+000 -6.322908e-001 -7.747311e-001
    outer loop
      vertex -4.142534e+001  1.339777e+001  4.223984e+000
      vertex -4.017534e+001  1.339777e+001  4.223984e+000
      vertex -4.025608e+001  1.296466e+001  4.577458e+000
    endloop
  endfacet
  facet normal  -0.000000e+000 -6.322908e-001 -7.747311e-001
    outer loop
      vertex -4.142534e+001  1.339777e+001  4.223984e+000
      vertex -4.025608e+001  1.296466e+001  4.577458e+000
      vertex -4.150608e+001  1.296466e+001  4.577458e+000
    endloop
  endfacet
  facet normal  0.000000e+000 -5.895277e-001 -8.077483e-001
    outer loop
      vertex -4.150608e+001  1.296466e+001  4.577458e+000
      vertex -4.025608e+001  1.296466e+001  4.577458e+000
      vertex -4.031480e+001  1.251340e+001  4.906809e+000
    endloop
  endfacet
  facet normal  -0.000000e+000 -5.895277e-001 -8.077483e-001
    outer loop
      vertex -4.150608e+001  1.296466e+001  4.577458e+000
      vertex -4.031480e+001  1.251340e+001  4.906809e+000
      vertex -4.156480e+001  1.251340e+001  4.906809e+000
    endloop
  endfacet
  facet normal  0.000000e+000 -5.493150e-001 -8.356153e-001
    outer loop
      vertex -4.156480e+001  1.251340e+001  4.906809e+000
      vertex -4.031480e+001  1.251340e+001  4.906809e+000
      vertex -4.034846e+001  1.204426e+001  5.215208e+000
    endloop
  endfacet
  facet normal  -0.000000e+000 -5.493150e-001 -8.356153e-001
    outer loop
      vertex -4.156480e+001  1.251340e+001  4.906809e+000
      vertex -4.034846e+001  1.204426e+001  5.215208e+000
      vertex -4.159846e+001  1.204426e+001  5.215208e+000
    endloop
  endfacet
  facet normal  0.000000e+000 -5.115684e-001 -8.592426e-001
    outer loop
      vertex -4.159846e+001  1.204426e+001  5.215208e+000
      vertex -4.034846e+001  1.204426e+001  5.215208e+000
      vertex -4.035390e+001  1.156324e+001  5.501597e+000
    endloop
  endfacet
  facet normal  -0.000000e+000 -5.115684e-001 -8.592426e-001
    outer loop
      vertex -4.159846e+001  1.204426e+001  5.215208e+000
      vertex -4.035390e+001  1.156324e+001  5.501597e+000
      vertex -4.160390e+001  1.156324e+001  5.501597e+000
    endloop
  endfacet
  facet normal  0.000000e+000 -4.763373e-001 -8.792626e-001
    outer loop
      vertex -4.160390e+001  1.156324e+001  5.501597e+000
      vertex -4.035390e+001  1.156324e+001  5.501597e+000
      vertex -4.032883e+001  1.107350e+001  5.766912e+000
    endloop
  endfacet
  facet normal  -0.000000e+000 -4.763373e-001 -8.792626e-001
    outer loop
      vertex -4.160390e+001  1.156324e+001  5.501597e+000
      vertex -4.032883e+001  1.107350e+001  5.766912e+000
      vertex -4.157883e+001  1.107350e+001  5.766912e+000
    endloop
  endfacet
  facet normal  0.000000e+000 -4.434876e-001 -8.962805e-001
    outer loop
      vertex -4.157883e+001  1.107350e+001  5.766912e+000
      vertex -4.032883e+001  1.107350e+001  5.766912e+000
      vertex -4.027140e+001  1.057830e+001  6.011942e+000
    endloop
  endfacet
  facet normal  -0.000000e+000 -4.434876e-001 -8.962805e-001
    outer loop
      vertex -4.157883e+001  1.107350e+001  5.766912e+000
      vertex -4.027140e+001  1.057830e+001  6.011942e+000
      vertex -4.152140e+001  1.057830e+001  6.011942e+000
    endloop
  endfacet
  facet normal  0.000000e+000 -4.126841e-001 -9.108742e-001
    outer loop
      vertex -4.152140e+001  1.057830e+001  6.011942e+000
      vertex -4.027140e+001  1.057830e+001  6.011942e+000
      vertex -4.017895e+001  1.007552e+001  6.239734e+000
    endloop
  endfacet
  facet normal  -0.000000e+000 -4.126841e-001 -9.108742e-001
    outer loop
      vertex -4.152140e+001  1.057830e+001  6.011942e+000
      vertex -4.017895e+001  1.007552e+001  6.239734e+000
      vertex -4.142895e+001  1.007552e+001  6.239734e+000
    endloop
  endfacet
  facet normal  0.000000e+000 -3.837801e-001 -9.234245e-001
    outer loop
      vertex -4.142895e+001  1.007552e+001  6.239734e+000
      vertex -4.017895e+001  1.007552e+001  6.239734e+000
      vertex -4.005086e+001  9.574088e+000  6.448130e+000
    endloop
  endfacet
  facet normal  -0.000000e+000 -3.837801e-001 -9.234245e-001
    outer loop
      vertex -4.142895e+001  1.007552e+001  6.239734e+000
      vertex -4.005086e+001  9.574088e+000  6.448130e+000
      vertex -4.130086e+001  9.574088e+000  6.448130e+000
    endloop
  endfacet
  facet normal  0.000000e+000 -3.570877e-001 -9.340709e-001
    outer loop
      vertex -4.130086e+001  9.574088e+000  6.448130e+000
      vertex -4.005086e+001  9.574088e+000  6.448130e+000
      vertex -3.989047e+001  9.088315e+000  6.633837e+000
    endloop
  endfacet
  facet normal  -0.000000e+000 -3.570877e-001 -9.340709e-001
    outer loop
      vertex -4.130086e+001  9.574088e+000  6.448130e+000
      vertex -3.989047e+001  9.088315e+000  6.633837e+000
      vertex -4.114047e+001  9.088315e+000  6.633837e+000
    endloop
  endfacet
  facet normal  0.000000e+000 -3.324777e-001 -9.431111e-001
    outer loop
      vertex -4.114047e+001  9.088315e+000  6.633837e+000
      vertex -3.989047e+001  9.088315e+000  6.633837e+000
      vertex -3.969522e+001  8.610754e+000  6.802193e+000
    endloop
  endfacet
  facet normal  -0.000000e+000 -3.324777e-001 -9.431111e-001
    outer loop
      vertex -4.114047e+001  9.088315e+000  6.633837e+000
      vertex -3.969522e+001  8.610754e+000  6.802193e+000
      vertex -4.094522e+001  8.610754e+000  6.802193e+000
    endloop
  endfacet
  facet normal  0.000000e+000 -1.095180e-002 -9.999400e-001
    outer loop
      vertex -3.675536e+001 -1.584969e-006  8.125000e+000
      vertex -3.802135e+001  6.705552e-001  8.117656e+000
      vertex -3.677135e+001  6.705552e-001  8.117656e+000
    endloop
  endfacet
  facet normal  -0.000000e+000 -3.286014e-002 -9.994600e-001
    outer loop
      vertex -3.677135e+001  6.705552e-001  8.117656e+000
      vertex -3.802135e+001  6.705552e-001  8.117656e+000
      vertex -3.806924e+001  1.339185e+000  8.095673e+000
    endloop
  endfacet
  facet normal  0.000000e+000 -3.286014e-002 -9.994600e-001
    outer loop
      vertex -3.677135e+001  6.705552e-001  8.117656e+000
      vertex -3.806924e+001  1.339185e+000  8.095673e+000
      vertex -3.681924e+001  1.339185e+000  8.095673e+000
    endloop
  endfacet
  facet normal  -0.000000e+000 -5.481333e-002 -9.984967e-001
    outer loop
      vertex -3.681924e+001  1.339185e+000  8.095673e+000
      vertex -3.806924e+001  1.339185e+000  8.095673e+000
      vertex -3.814882e+001  2.004028e+000  8.059175e+000
    endloop
  endfacet
  facet normal  0.000000e+000 -5.481333e-002 -9.984967e-001
    outer loop
      vertex -3.681924e+001  1.339185e+000  8.095673e+000
      vertex -3.814882e+001  2.004028e+000  8.059175e+000
      vertex -3.689882e+001  2.004028e+000  8.059175e+000
    endloop
  endfacet
  facet normal  -0.000000e+000 -7.684817e-002 -9.970428e-001
    outer loop
      vertex -3.689882e+001  2.004028e+000  8.059175e+000
      vertex -3.814882e+001  2.004028e+000  8.059175e+000
      vertex -3.825974e+001  2.663294e+000  8.008362e+000
    endloop
  endfacet
  facet normal  0.000000e+000 -7.684817e-002 -9.970428e-001
    outer loop
      vertex -3.689882e+001  2.004028e+000  8.059175e+000
      vertex -3.825974e+001  2.663294e+000  8.008362e+000
      vertex -3.700974e+001  2.663294e+000  8.008362e+000
    endloop
  endfacet
  facet normal  -0.000000e+000 -9.900071e-002 -9.950874e-001
    outer loop
      vertex -3.700974e+001  2.663294e+000  8.008362e+000
      vertex -3.825974e+001  2.663294e+000  8.008362e+000
      vertex -3.840153e+001  3.315269e+000  7.943497e+000
    endloop
  endfacet
  facet normal  0.000000e+000 -9.900071e-002 -9.950874e-001
    outer loop
      vertex -3.700974e+001  2.663294e+000  8.008362e+000
      vertex -3.840153e+001  3.315269e+000  7.943497e+000
      vertex -3.715153e+001  3.315269e+000  7.943497e+000
    endloop
  endfacet
  facet normal  -0.000000e+000 -1.212999e-001 -9.926159e-001
    outer loop
      vertex -3.715153e+001  3.315269e+000  7.943497e+000
      vertex -3.840153e+001  3.315269e+000  7.943497e+000
      vertex -3.857361e+001  3.958312e+000  7.864916e+000
    endloop
  endfacet
  facet normal  0.000000e+000 -1.212999e-001 -9.926159e-001
    outer loop
      vertex -3.715153e+001  3.315269e+000  7.943497e+000
      vertex -3.857361e+001  3.958312e+000  7.864916e+000
      vertex -3.732361e+001  3.958312e+000  7.864916e+000
    endloop
  endfacet
  facet normal  -0.000000e+000 -1.437777e-001 -9.896100e-001
    outer loop
      vertex -3.732361e+001  3.958312e+000  7.864916e+000
      vertex -3.857361e+001  3.958312e+000  7.864916e+000
      vertex -3.877532e+001  4.590861e+000  7.773015e+000
    endloop
  endfacet
  facet normal  0.000000e+000 -1.437777e-001 -9.896100e-001
    outer loop
      vertex -3.732361e+001  3.958312e+000  7.864916e+000
      vertex -3.877532e+001  4.590861e+000  7.773015e+000
      vertex -3.752532e+001  4.590861e+000  7.773015e+000
    endloop
  endfacet
  facet normal  -0.000000e+000 -1.664631e-001 -9.860476e-001
    outer loop
      vertex -3.752532e+001  4.590861e+000  7.773015e+000
      vertex -3.877532e+001  4.590861e+000  7.773015e+000
      vertex -3.900590e+001  5.211433e+000  7.668251e+000
    endloop
  endfacet
  facet normal  0.000000e+000 -1.664631e-001 -9.860476e-001
    outer loop
      vertex -3.752532e+001  4.590861e+000  7.773015e+000
      vertex -3.900590e+001  5.211433e+000  7.668251e+000
      vertex -3.775590e+001  5.211433e+000  7.668251e+000
    endloop
  endfacet
  facet normal  -0.000000e+000 -1.893816e-001 -9.819036e-001
    outer loop
      vertex -3.775590e+001  5.211433e+000  7.668251e+000
      vertex -3.900590e+001  5.211433e+000  7.668251e+000
      vertex -3.926451e+001  5.818625e+000  7.551140e+000
    endloop
  endfacet
  facet normal  0.000000e+000 -1.893816e-001 -9.819036e-001
    outer loop
      vertex -3.775590e+001  5.211433e+000  7.668251e+000
      vertex -3.926451e+001  5.818625e+000  7.551140e+000
      vertex -3.801451e+001  5.818625e+000  7.551140e+000
    endloop
  endfacet
  facet normal  -0.000000e+000 -2.125586e-001 -9.771484e-001
    outer loop
      vertex -3.801451e+001  5.818625e+000  7.551140e+000
      vertex -3.926451e+001  5.818625e+000  7.551140e+000
      vertex -3.955026e+001  6.411119e+000  7.422256e+000
    endloop
  endfacet
  facet normal  0.000000e+000 -2.125586e-001 -9.771484e-001
    outer loop
      vertex -3.801451e+001  5.818625e+000  7.551140e+000
      vertex -3.955026e+001  6.411119e+000  7.422256e+000
      vertex -3.830026e+001  6.411119e+000  7.422256e+000
    endloop
  endfacet
  facet normal  -0.000000e+000 -2.360172e-001 -9.717489e-001
    outer loop
      vertex -3.830026e+001  6.411119e+000  7.422256e+000
      vertex -3.955026e+001  6.411119e+000  7.422256e+000
      vertex -3.986221e+001  6.987680e+000  7.282221e+000
    endloop
  endfacet
  facet normal  0.000000e+000 -2.360172e-001 -9.717489e-001
    outer loop
      vertex -3.830026e+001  6.411119e+000  7.422256e+000
      vertex -3.986221e+001  6.987680e+000  7.282221e+000
      vertex -3.861221e+001  6.987680e+000  7.282221e+000
    endloop
  endfacet
  facet normal  -0.000000e+000 -2.597815e-001 -9.656674e-001
    outer loop
      vertex -3.861221e+001  6.987680e+000  7.282221e+000
      vertex -3.986221e+001  6.987680e+000  7.282221e+000
      vertex -4.019937e+001  7.547163e+000  7.131710e+000
    endloop
  endfacet
  facet normal  0.000000e+000 -2.597815e-001 -9.656674e-001
    outer loop
      vertex -3.861221e+001  6.987680e+000  7.282221e+000
      vertex -4.019937e+001  7.547163e+000  7.131710e+000
      vertex -3.894937e+001  7.547163e+000  7.131710e+000
    endloop
  endfacet
  facet normal  -0.000000e+000 -2.838691e-001 -9.588630e-001
    outer loop
      vertex -3.894937e+001  7.547163e+000  7.131710e+000
      vertex -4.019937e+001  7.547163e+000  7.131710e+000
      vertex -4.056071e+001  8.088511e+000  6.971446e+000
    endloop
  endfacet
  facet normal  0.000000e+000 -2.838691e-001 -9.588630e-001
    outer loop
      vertex -3.894937e+001  7.547163e+000  7.131710e+000
      vertex -4.056071e+001  8.088511e+000  6.971446e+000
      vertex -3.931071e+001  8.088511e+000  6.971446e+000
    endloop
  endfacet
  facet normal  -0.000000e+000 -3.083005e-001 -9.512891e-001
    outer loop
      vertex -3.931071e+001  8.088511e+000  6.971446e+000
      vertex -4.056071e+001  8.088511e+000  6.971446e+000
      vertex -4.094522e+001  8.610754e+000  6.802193e+000
    endloop
  endfacet
  facet normal  0.000000e+000 -3.083005e-001 -9.512891e-001
    outer loop
      vertex -3.931071e+001  8.088511e+000  6.971446e+000
      vertex -4.094522e+001  8.610754e+000  6.802193e+000
      vertex -3.969522e+001  8.610754e+000  6.802193e+000
    endloop
  endfacet
  facet normal  -0.000000e+000 -1.095180e-002 -9.999400e-001
    outer loop
      vertex -3.802135e+001  6.705552e-001  8.117656e+000
      vertex -3.675536e+001 -1.584969e-006  8.125000e+000
      vertex -3.800536e+001 -1.584969e-006  8.125000e+000
    endloop
  endfacet
  facet normal  0.000000e+000  1.095041e-002 -9.999400e-001
    outer loop
      vertex -3.800536e+001 -1.584969e-006  8.125000e+000
      vertex -3.675536e+001 -1.584969e-006  8.125000e+000
      vertex -3.677135e+001 -6.705567e-001  8.117657e+000
    endloop
  endfacet
  facet normal  0.000000e+000  1.095041e-002 -9.999400e-001
    outer loop
      vertex -3.800536e+001 -1.584969e-006  8.125000e+000
      vertex -3.677135e+001 -6.705567e-001  8.117657e+000
      vertex -3.802135e+001 -6.705567e-001  8.117657e+000
    endloop
  endfacet
  facet normal  0.000000e+000  3.285869e-002 -9.994600e-001
    outer loop
      vertex -3.802135e+001 -6.705567e-001  8.117657e+000
      vertex -3.677135e+001 -6.705567e-001  8.117657e+000
      vertex -3.681924e+001 -1.339187e+000  8.095675e+000
    endloop
  endfacet
  facet normal  0.000000e+000  3.285869e-002 -9.994600e-001
    outer loop
      vertex -3.802135e+001 -6.705567e-001  8.117657e+000
      vertex -3.681924e+001 -1.339187e+000  8.095675e+000
      vertex -3.806924e+001 -1.339187e+000  8.095675e+000
    endloop
  endfacet
  facet normal  0.000000e+000  5.481179e-002 -9.984967e-001
    outer loop
      vertex -3.806924e+001 -1.339187e+000  8.095675e+000
      vertex -3.681924e+001 -1.339187e+000  8.095675e+000
      vertex -3.689882e+001 -2.004031e+000  8.059178e+000
    endloop
  endfacet
  facet normal  0.000000e+000  5.481179e-002 -9.984967e-001
    outer loop
      vertex -3.806924e+001 -1.339187e+000  8.095675e+000
      vertex -3.689882e+001 -2.004031e+000  8.059178e+000
      vertex -3.814882e+001 -2.004031e+000  8.059178e+000
    endloop
  endfacet
  facet normal  0.000000e+000  7.684655e-002 -9.970429e-001
    outer loop
      vertex -3.814882e+001 -2.004031e+000  8.059178e+000
      vertex -3.689882e+001 -2.004031e+000  8.059178e+000
      vertex -3.700974e+001 -2.663299e+000  8.008366e+000
    endloop
  endfacet
  facet normal  0.000000e+000  7.684655e-002 -9.970429e-001
    outer loop
      vertex -3.814882e+001 -2.004031e+000  8.059178e+000
      vertex -3.700974e+001 -2.663299e+000  8.008366e+000
      vertex -3.825974e+001 -2.663299e+000  8.008366e+000
    endloop
  endfacet
  facet normal  0.000000e+000  9.899992e-002 -9.950875e-001
    outer loop
      vertex -3.825974e+001 -2.663299e+000  8.008366e+000
      vertex -3.700974e+001 -2.663299e+000  8.008366e+000
      vertex -3.715153e+001 -3.315275e+000  7.943501e+000
    endloop
  endfacet
  facet normal  0.000000e+000  9.899992e-002 -9.950875e-001
    outer loop
      vertex -3.825974e+001 -2.663299e+000  8.008366e+000
      vertex -3.715153e+001 -3.315275e+000  7.943501e+000
      vertex -3.840153e+001 -3.315275e+000  7.943501e+000
    endloop
  endfacet
  facet normal  0.000000e+000  1.212999e-001 -9.926159e-001
    outer loop
      vertex -3.840153e+001 -3.315275e+000  7.943501e+000
      vertex -3.715153e+001 -3.315275e+000  7.943501e+000
      vertex -3.732362e+001 -3.958318e+000  7.864920e+000
    endloop
  endfacet
  facet normal  0.000000e+000  1.212999e-001 -9.926159e-001
    outer loop
      vertex -3.840153e+001 -3.315275e+000  7.943501e+000
      vertex -3.732362e+001 -3.958318e+000  7.864920e+000
      vertex -3.857362e+001 -3.958318e+000  7.864920e+000
    endloop
  endfacet
  facet normal  0.000000e+000  1.437787e-001 -9.896099e-001
    outer loop
      vertex -3.857362e+001 -3.958318e+000  7.864920e+000
      vertex -3.732362e+001 -3.958318e+000  7.864920e+000
      vertex -3.752533e+001 -4.590866e+000  7.773018e+000
    endloop
  endfacet
  facet normal  0.000000e+000  1.437787e-001 -9.896099e-001
    outer loop
      vertex -3.857362e+001 -3.958318e+000  7.864920e+000
      vertex -3.752533e+001 -4.590866e+000  7.773018e+000
      vertex -3.877533e+001 -4.590866e+000  7.773018e+000
    endloop
  endfacet
  facet normal  0.000000e+000  1.664641e-001 -9.860474e-001
    outer loop
      vertex -3.877533e+001 -4.590866e+000  7.773018e+000
      vertex -3.752533e+001 -4.590866e+000  7.773018e+000
      vertex -3.775590e+001 -5.211437e+000  7.668254e+000
    endloop
  endfacet
  facet normal  0.000000e+000  1.664641e-001 -9.860474e-001
    outer loop
      vertex -3.877533e+001 -4.590866e+000  7.773018e+000
      vertex -3.775590e+001 -5.211437e+000  7.668254e+000
      vertex -3.900590e+001 -5.211437e+000  7.668254e+000
    endloop
  endfacet
  facet normal  0.000000e+000  1.893826e-001 -9.819034e-001
    outer loop
      vertex -3.900590e+001 -5.211437e+000  7.668254e+000
      vertex -3.775590e+001 -5.211437e+000  7.668254e+000
      vertex -3.801451e+001 -5.818628e+000  7.551143e+000
    endloop
  endfacet
  facet normal  0.000000e+000  1.893826e-001 -9.819034e-001
    outer loop
      vertex -3.900590e+001 -5.211437e+000  7.668254e+000
      vertex -3.801451e+001 -5.818628e+000  7.551143e+000
      vertex -3.926451e+001 -5.818628e+000  7.551143e+000
    endloop
  endfacet
  facet normal  0.000000e+000  2.125600e-001 -9.771481e-001
    outer loop
      vertex -3.926451e+001 -5.818628e+000  7.551143e+000
      vertex -3.801451e+001 -5.818628e+000  7.551143e+000
      vertex -3.830027e+001 -6.411121e+000  7.422257e+000
    endloop
  endfacet
  facet normal  0.000000e+000  2.125600e-001 -9.771481e-001
    outer loop
      vertex -3.926451e+001 -5.818628e+000  7.551143e+000
      vertex -3.830027e+001 -6.411121e+000  7.422257e+000
      vertex -3.955027e+001 -6.411121e+000  7.422257e+000
    endloop
  endfacet
  facet normal  0.000000e+000  2.360197e-001 -9.717483e-001
    outer loop
      vertex -3.955027e+001 -6.411121e+000  7.422257e+000
      vertex -3.830027e+001 -6.411121e+000  7.422257e+000
      vertex -3.861222e+001 -6.987683e+000  7.282221e+000
    endloop
  endfacet
  facet normal  0.000000e+000  2.360197e-001 -9.717483e-001
    outer loop
      vertex -3.955027e+001 -6.411121e+000  7.422257e+000
      vertex -3.861222e+001 -6.987683e+000  7.282221e+000
      vertex -3.986222e+001 -6.987683e+000  7.282221e+000
    endloop
  endfacet
  facet normal  0.000000e+000  2.597823e-001 -9.656672e-001
    outer loop
      vertex -3.986222e+001 -6.987683e+000  7.282221e+000
      vertex -3.861222e+001 -6.987683e+000  7.282221e+000
      vertex -3.894937e+001 -7.547166e+000  7.131710e+000
    endloop
  endfacet
  facet normal  0.000000e+000  2.597823e-001 -9.656672e-001
    outer loop
      vertex -3.986222e+001 -6.987683e+000  7.282221e+000
      vertex -3.894937e+001 -7.547166e+000  7.131710e+000
      vertex -4.019937e+001 -7.547166e+000  7.131710e+000
    endloop
  endfacet
  facet normal  0.000000e+000  2.838706e-001 -9.588626e-001
    outer loop
      vertex -4.019937e+001 -7.547166e+000  7.131710e+000
      vertex -3.894937e+001 -7.547166e+000  7.131710e+000
      vertex -3.931072e+001 -8.088511e+000  6.971445e+000
    endloop
  endfacet
  facet normal  0.000000e+000  2.838706e-001 -9.588626e-001
    outer loop
      vertex -4.019937e+001 -7.547166e+000  7.131710e+000
      vertex -3.931072e+001 -8.088511e+000  6.971445e+000
      vertex -4.056072e+001 -8.088511e+000  6.971445e+000
    endloop
  endfacet
  facet normal  0.000000e+000  3.083003e-001 -9.512891e-001
    outer loop
      vertex -4.056072e+001 -8.088511e+000  6.971445e+000
      vertex -3.931072e+001 -8.088511e+000  6.971445e+000
      vertex -3.969522e+001 -8.610754e+000  6.802193e+000
    endloop
  endfacet
  facet normal  0.000000e+000  3.083003e-001 -9.512891e-001
    outer loop
      vertex -4.056072e+001 -8.088511e+000  6.971445e+000
      vertex -3.969522e+001 -8.610754e+000  6.802193e+000
      vertex -4.094522e+001 -8.610754e+000  6.802193e+000
    endloop
  endfacet
  facet normal  1.000000e+000  0.000000e+000  0.000000e+000
    outer loop
      vertex -3.400000e+001 -1.850000e+001  8.500000e+000
      vertex -3.400000e+001 -1.850000e+001  0.000000e+000
      vertex -3.400000e+001 -1.750000e+001  8.500000e+000
    endloop
  endfacet
  facet normal  1.000000e+000  0.000000e+000  0.000000e+000
    outer loop
      vertex -3.400000e+001 -1.750000e+001  8.500000e+000
      vertex -3.400000e+001 -1.850000e+001  0.000000e+000
      vertex -3.400000e+001 -1.750000e+001  0.000000e+000
    endloop
  endfacet
  facet normal -8.851556e-001 -4.525749e-001  1.080531e-001
    outer loop
      vertex -3.814159e+001  5.829117e+000  6.284392e+000
      vertex -3.830026e+001  6.411119e+000  7.422256e+000
      vertex -3.848078e+001  6.458526e+000  6.142033e+000
    endloop
  endfacet
  facet normal -8.851189e-001 -4.526487e-001  1.080451e-001
    outer loop
      vertex -3.830026e+001  6.411119e+000  7.422256e+000
      vertex -3.861221e+001  6.987680e+000  7.282221e+000
      vertex -3.848078e+001  6.458526e+000  6.142033e+000
    endloop
  endfacet
  facet normal -8.642958e-001 -4.868625e-001  1.263238e-001
    outer loop
      vertex -3.848078e+001  6.458526e+000  6.142033e+000
      vertex -3.861221e+001  6.987680e+000  7.282221e+000
      vertex -3.894937e+001  7.547163e+000  7.131710e+000
    endloop
  endfacet
  facet normal -8.601118e-001 -4.921559e-001  1.341276e-001
    outer loop
      vertex -3.848078e+001  6.458526e+000  6.142033e+000
      vertex -3.894937e+001  7.547163e+000  7.131710e+000
      vertex -3.885117e+001  7.063777e+000  5.987698e+000
    endloop
  endfacet
  facet normal -8.422397e-001 -5.187082e-001  1.468809e-001
    outer loop
      vertex -3.885117e+001  7.063777e+000  5.987698e+000
      vertex -3.894937e+001  7.547163e+000  7.131710e+000
      vertex -3.931071e+001  8.088511e+000  6.971446e+000
    endloop
  endfacet
  facet normal -8.331107e-001 -5.289175e-001  1.617800e-001
    outer loop
      vertex -3.885117e+001  7.063777e+000  5.987698e+000
      vertex -3.931071e+001  8.088511e+000  6.971446e+000
      vertex -3.925882e+001  7.654364e+000  5.819304e+000
    endloop
  endfacet
  facet normal -8.190563e-001 -5.480631e-001  1.696274e-001
    outer loop
      vertex -3.925882e+001  7.654364e+000  5.819304e+000
      vertex -3.931071e+001  8.088511e+000  6.971446e+000
      vertex -3.969522e+001  8.610754e+000  6.802193e+000
    endloop
  endfacet
  facet normal -8.042976e-001 -5.628427e-001  1.905613e-001
    outer loop
      vertex -3.925882e+001  7.654364e+000  5.819304e+000
      vertex -3.969522e+001  8.610754e+000  6.802193e+000
      vertex -3.969522e+001  8.217571e+000  5.640887e+000
    endloop
  endfacet
  facet normal -9.670204e-001 -2.530086e-001  2.929569e-002
    outer loop
      vertex -3.712644e+001  3.077217e+000  6.715630e+000
      vertex -3.715153e+001  3.315269e+000  7.943497e+000
      vertex -3.725331e+001  3.555836e+000  6.661345e+000
    endloop
  endfacet
  facet normal -9.664804e-001 -2.551134e-001  2.885790e-002
    outer loop
      vertex -3.725331e+001  3.555836e+000  6.661345e+000
      vertex -3.715153e+001  3.315269e+000  7.943497e+000
      vertex -3.732361e+001  3.958312e+000  7.864916e+000
    endloop
  endfacet
  facet normal -9.568309e-001 -2.878294e-001  4.036183e-002
    outer loop
      vertex -3.725331e+001  3.555836e+000  6.661345e+000
      vertex -3.732361e+001  3.958312e+000  7.864916e+000
      vertex -3.739777e+001  4.027423e+000  6.599662e+000
    endloop
  endfacet
  facet normal -9.536361e-001 -2.983459e-001  3.960014e-002
    outer loop
      vertex -3.739777e+001  4.027423e+000  6.599662e+000
      vertex -3.732361e+001  3.958312e+000  7.864916e+000
      vertex -3.752532e+001  4.590861e+000  7.773015e+000
    endloop
  endfacet
  facet normal -9.454267e-001 -3.217055e-001  5.170973e-002
    outer loop
      vertex -3.739777e+001  4.027423e+000  6.599662e+000
      vertex -3.752532e+001  4.590861e+000  7.773015e+000
      vertex -3.755936e+001  4.491220e+000  6.530837e+000
    endloop
  endfacet
  facet normal -9.389576e-001 -3.399266e-001  5.299409e-002
    outer loop
      vertex -3.755936e+001  4.491220e+000  6.530837e+000
      vertex -3.752532e+001  4.590861e+000  7.773015e+000
      vertex -3.775590e+001  5.211433e+000  7.668251e+000
    endloop
  endfacet
  facet normal -9.328834e-001 -3.545697e-001  6.331574e-002
    outer loop
      vertex -3.755936e+001  4.491220e+000  6.530837e+000
      vertex -3.775590e+001  5.211433e+000  7.668251e+000
      vertex -3.773755e+001  4.946523e+000  6.455150e+000
    endloop
  endfacet
  facet normal -9.225626e-001 -3.796376e-001  6.894608e-002
    outer loop
      vertex -3.773755e+001  4.946523e+000  6.455150e+000
      vertex -3.775590e+001  5.211433e+000  7.668251e+000
      vertex -3.801451e+001  5.818625e+000  7.551140e+000
    endloop
  endfacet
  facet normal -9.192637e-001 -3.864002e-001  7.516087e-002
    outer loop
      vertex -3.773755e+001  4.946523e+000  6.455150e+000
      vertex -3.801451e+001  5.818625e+000  7.551140e+000
      vertex -3.793181e+001  5.392685e+000  6.372897e+000
    endloop
  endfacet
  facet normal -9.045777e-001 -4.172642e-001  8.734915e-002
    outer loop
      vertex -3.793181e+001  5.392685e+000  6.372897e+000
      vertex -3.801451e+001  5.818625e+000  7.551140e+000
      vertex -3.830026e+001  6.411119e+000  7.422256e+000
    endloop
  endfacet
  facet normal -9.046423e-001 -4.171515e-001  8.721706e-002
    outer loop
      vertex -3.793181e+001  5.392685e+000  6.372897e+000
      vertex -3.830026e+001  6.411119e+000  7.422256e+000
      vertex -3.814159e+001  5.829117e+000  6.284392e+000
    endloop
  endfacet
  facet normal -9.949657e-001 -1.000079e-001  6.455539e-003
    outer loop
      vertex -3.679720e+001  1.039979e+000  6.856985e+000
      vertex -3.681924e+001  1.339185e+000  8.095673e+000
      vertex -3.684918e+001  1.555669e+000  6.834622e+000
    endloop
  endfacet
  facet normal -9.929283e-001 -1.186728e-001  3.202986e-003
    outer loop
      vertex -3.684918e+001  1.555669e+000  6.834622e+000
      vertex -3.681924e+001  1.339185e+000  8.095673e+000
      vertex -3.689882e+001  2.004028e+000  8.059175e+000
    endloop
  endfacet
  facet normal -9.901845e-001 -1.393423e-001  1.088217e-002
    outer loop
      vertex -3.684918e+001  1.555669e+000  6.834622e+000
      vertex -3.689882e+001  2.004028e+000  8.059175e+000
      vertex -3.692160e+001  2.067824e+000  6.803498e+000
    endloop
  endfacet
  facet normal -9.862149e-001 -1.651963e-001  9.496621e-003
    outer loop
      vertex -3.692160e+001  2.067824e+000  6.803498e+000
      vertex -3.689882e+001  2.004028e+000  8.059175e+000
      vertex -3.700974e+001  2.663294e+000  8.008362e+000
    endloop
  endfacet
  facet normal -9.838731e-001 -1.781445e-001  1.606721e-002
    outer loop
      vertex -3.692160e+001  2.067824e+000  6.803498e+000
      vertex -3.700974e+001  2.663294e+000  8.008362e+000
      vertex -3.701414e+001  2.575355e+000  6.763768e+000
    endloop
  endfacet
  facet normal -9.773723e-001 -2.107291e-001  1.834656e-002
    outer loop
      vertex -3.701414e+001  2.575355e+000  6.763768e+000
      vertex -3.700974e+001  2.663294e+000  8.008362e+000
      vertex -3.715153e+001  3.315269e+000  7.943497e+000
    endloop
  endfacet
  facet normal -9.760779e-001 -2.163056e-001  2.199487e-002
    outer loop
      vertex -3.701414e+001  2.575355e+000  6.763768e+000
      vertex -3.715153e+001  3.315269e+000  7.943497e+000
      vertex -3.712644e+001  3.077217e+000  6.715630e+000
    endloop
  endfacet
  facet normal -9.609501e-001  2.753254e-001  2.776390e-002
    outer loop
      vertex -3.736378e+001 -3.922052e+000  6.614161e+000
      vertex -3.715153e+001 -3.315275e+000  7.943501e+000
      vertex -3.718041e+001 -3.289941e+000  6.692524e+000
    endloop
  endfacet
  facet normal -9.773586e-001  2.098832e-001  2.681748e-002
    outer loop
      vertex -3.718041e+001 -3.289941e+000  6.692524e+000
      vertex -3.715153e+001 -3.315275e+000  7.943501e+000
      vertex -3.700974e+001 -2.663299e+000  8.008366e+000
    endloop
  endfacet
  facet normal -9.735907e-001  2.275984e-001  1.789230e-002
    outer loop
      vertex -3.718041e+001 -3.289941e+000  6.692524e+000
      vertex -3.700974e+001 -2.663299e+000  8.008366e+000
      vertex -3.702872e+001 -2.646164e+000  6.757514e+000
    endloop
  endfacet
  facet normal -9.862100e-001  1.645997e-001  1.722078e-002
    outer loop
      vertex -3.702872e+001 -2.646164e+000  6.757514e+000
      vertex -3.700974e+001 -2.663299e+000  8.008366e+000
      vertex -3.689882e+001 -2.004031e+000  8.059178e+000
    endloop
  endfacet
  facet normal -9.838945e-001  1.784620e-001  1.015120e-002
    outer loop
      vertex -3.702872e+001 -2.646164e+000  6.757514e+000
      vertex -3.689882e+001 -2.004031e+000  8.059178e+000
      vertex -3.690968e+001 -1.992752e+000  6.808620e+000
    endloop
  endfacet
  facet normal -9.929286e-001  1.183166e-001  9.687167e-003
    outer loop
      vertex -3.690968e+001 -1.992752e+000  6.808620e+000
      vertex -3.689882e+001 -2.004031e+000  8.059178e+000
      vertex -3.681924e+001 -1.339187e+000  8.095675e+000
    endloop
  endfacet
  facet normal -9.917354e-001  1.282186e-001  4.575100e-003
    outer loop
      vertex -3.690968e+001 -1.992752e+000  6.808620e+000
      vertex -3.681924e+001 -1.339187e+000  8.095675e+000
      vertex -3.682407e+001 -1.331900e+000  6.845426e+000
    endloop
  endfacet
  facet normal -9.974454e-001  7.130606e-002  4.265438e-003
    outer loop
      vertex -3.682407e+001 -1.331900e+000  6.845426e+000
      vertex -3.681924e+001 -1.339187e+000  8.095675e+000
      vertex -3.677135e+001 -6.705567e-001  8.117657e+000
    endloop
  endfacet
  facet normal -9.970182e-001  7.715788e-002  1.205781e-003
    outer loop
      vertex -3.682407e+001 -1.331900e+000  6.845426e+000
      vertex -3.677135e+001 -6.705567e-001  8.117657e+000
      vertex -3.677250e+001 -6.659575e-001  6.867619e+000
    endloop
  endfacet
  facet normal -9.997155e-001  2.382985e-002  1.012068e-003
    outer loop
      vertex -3.677250e+001 -6.659575e-001  6.867619e+000
      vertex -3.677135e+001 -6.705567e-001  8.117657e+000
      vertex -3.675536e+001 -1.584969e-006  8.125000e+000
    endloop
  endfacet
  facet normal -9.996714e-001  2.563368e-002  5.609195e-005
    outer loop
      vertex -3.677250e+001 -6.659575e-001  6.867619e+000
      vertex -3.675536e+001 -1.584969e-006  8.125000e+000
      vertex -3.675536e+001  2.584914e-003  6.875000e+000
    endloop
  endfacet
  facet normal -9.997157e-001 -2.384139e-002 -4.628169e-005
    outer loop
      vertex -3.675536e+001  2.584914e-003  6.875000e+000
      vertex -3.675536e+001 -1.584969e-006  8.125000e+000
      vertex -3.677135e+001  6.705552e-001  8.117656e+000
    endloop
  endfacet
  facet normal -9.997925e-001 -2.027982e-002 -1.961734e-003
    outer loop
      vertex -3.675536e+001  2.584914e-003  6.875000e+000
      vertex -3.677135e+001  6.705552e-001  8.117656e+000
      vertex -3.676588e+001  5.218921e-001  6.870468e+000
    endloop
  endfacet
  facet normal -9.974455e-001 -7.131054e-002  4.131336e-003
    outer loop
      vertex -3.676588e+001  5.218921e-001  6.870468e+000
      vertex -3.677135e+001  6.705552e-001  8.117656e+000
      vertex -3.681924e+001  1.339185e+000  8.095673e+000
    endloop
  endfacet
  facet normal -9.981679e-001 -6.042214e-002 -3.163406e-003
    outer loop
      vertex -3.676588e+001  5.218921e-001  6.870468e+000
      vertex -3.681924e+001  1.339185e+000  8.095673e+000
      vertex -3.679720e+001  1.039979e+000  6.856985e+000
    endloop
  endfacet
  facet normal -9.664558e-001  2.539462e-001  3.840151e-002
    outer loop
      vertex -3.715153e+001 -3.315275e+000  7.943501e+000
      vertex -3.736378e+001 -3.922052e+000  6.614161e+000
      vertex -3.732362e+001 -3.958318e+000  7.864920e+000
    endloop
  endfacet
  facet normal -9.461156e-001  3.213857e-001  3.970372e-002
    outer loop
      vertex -3.732362e+001 -3.958318e+000  7.864920e+000
      vertex -3.736378e+001 -3.922052e+000  6.614161e+000
      vertex -3.757774e+001 -4.540635e+000  6.523016e+000
    endloop
  endfacet
  facet normal -9.536061e-001  2.965497e-001  5.189972e-002
    outer loop
      vertex -3.732362e+001 -3.958318e+000  7.864920e+000
      vertex -3.757774e+001 -4.540635e+000  6.523016e+000
      vertex -3.752533e+001 -4.590866e+000  7.773018e+000
    endloop
  endfacet
  facet normal -9.292362e-001  3.655701e-001  5.365152e-002
    outer loop
      vertex -3.752533e+001 -4.590866e+000  7.773018e+000
      vertex -3.757774e+001 -4.540635e+000  6.523016e+000
      vertex -3.782107e+001 -5.144000e+000  6.419748e+000
    endloop
  endfacet
  facet normal -9.389184e-001  3.375079e-001  6.723751e-002
    outer loop
      vertex -3.752533e+001 -4.590866e+000  7.773018e+000
      vertex -3.782107e+001 -5.144000e+000  6.419748e+000
      vertex -3.775590e+001 -5.211437e+000  7.668254e+000
    endloop
  endfacet
  facet normal -9.110195e-001  4.064631e-001  6.950586e-002
    outer loop
      vertex -3.775590e+001 -5.211437e+000  7.668254e+000
      vertex -3.782107e+001 -5.144000e+000  6.419748e+000
      vertex -3.807703e+001 -5.699193e+000  6.311591e+000
    endloop
  endfacet
  facet normal -9.225248e-001  3.769417e-001  8.284292e-002
    outer loop
      vertex -3.775590e+001 -5.211437e+000  7.668254e+000
      vertex -3.807703e+001 -5.699193e+000  6.311591e+000
      vertex -3.801451e+001 -5.818628e+000  7.551143e+000
    endloop
  endfacet
  facet normal -8.917562e-001  4.439277e-001  8.774552e-002
    outer loop
      vertex -3.801451e+001 -5.818628e+000  7.551143e+000
      vertex -3.807703e+001 -5.699193e+000  6.311591e+000
      vertex -3.835701e+001 -6.238345e+000  6.193870e+000
    endloop
  endfacet
  facet normal -9.045403e-001  4.144769e-001  1.000786e-001
    outer loop
      vertex -3.801451e+001 -5.818628e+000  7.551143e+000
      vertex -3.835701e+001 -6.238345e+000  6.193870e+000
      vertex -3.830027e+001 -6.411121e+000  7.422257e+000
    endloop
  endfacet
  facet normal -8.710893e-001  4.791849e-001  1.076349e-001
    outer loop
      vertex -3.830027e+001 -6.411121e+000  7.422257e+000
      vertex -3.835701e+001 -6.238345e+000  6.193870e+000
      vertex -3.865989e+001 -6.760508e+000  6.067247e+000
    endloop
  endfacet
  facet normal -8.850796e-001  4.500037e-001  1.188723e-001
    outer loop
      vertex -3.830027e+001 -6.411121e+000  7.422257e+000
      vertex -3.865989e+001 -6.760508e+000  6.067247e+000
      vertex -3.861222e+001 -6.987683e+000  7.282221e+000
    endloop
  endfacet
  facet normal -8.491397e-001  5.121518e-001  1.290825e-001
    outer loop
      vertex -3.861222e+001 -6.987683e+000  7.282221e+000
      vertex -3.865989e+001 -6.760508e+000  6.067247e+000
      vertex -3.898459e+001 -7.264869e+000  5.932407e+000
    endloop
  endfacet
  facet normal -8.642734e-001  4.833888e-001  1.391639e-001
    outer loop
      vertex -3.861222e+001 -6.987683e+000  7.282221e+000
      vertex -3.898459e+001 -7.264869e+000  5.932407e+000
      vertex -3.894937e+001 -7.547166e+000  7.131710e+000
    endloop
  endfacet
  facet normal -8.260239e-001  5.427492e-001  1.520131e-001
    outer loop
      vertex -3.894937e+001 -7.547166e+000  7.131710e+000
      vertex -3.898459e+001 -7.264869e+000  5.932407e+000
      vertex -3.933004e+001 -7.750743e+000  5.790051e+000
    endloop
  endfacet
  facet normal -8.422281e-001  5.145547e-001  1.608889e-001
    outer loop
      vertex -3.894937e+001 -7.547166e+000  7.131710e+000
      vertex -3.933004e+001 -7.750743e+000  5.790051e+000
      vertex -3.931072e+001 -8.088511e+000  6.971445e+000
    endloop
  endfacet
  facet normal -8.018509e-001  5.709106e-001  1.763410e-001
    outer loop
      vertex -3.931072e+001 -8.088511e+000  6.971445e+000
      vertex -3.933004e+001 -7.750743e+000  5.790051e+000
      vertex -3.969522e+001 -8.217571e+000  5.640887e+000
    endloop
  endfacet
  facet normal -8.190593e-001  5.434085e-001  1.839815e-001
    outer loop
      vertex -3.931072e+001 -8.088511e+000  6.971445e+000
      vertex -3.969522e+001 -8.217571e+000  5.640887e+000
      vertex -3.969522e+001 -8.610754e+000  6.802193e+000
    endloop
  endfacet
  facet normal -9.989075e-001  3.949538e-002  2.497710e-002
    outer loop
      vertex -4.034414e+001 -1.072069e+001  4.580016e+000
      vertex -4.035358e+001 -1.154768e+001  5.510416e+000
      vertex -4.032772e+001 -1.106034e+001  5.773715e+000
    endloop
  endfacet
  facet normal -9.997203e-001  2.177653e-002  9.219458e-003
    outer loop
      vertex -4.035530e+001 -1.113463e+001  4.348245e+000
      vertex -4.035358e+001 -1.154768e+001  5.510416e+000
      vertex -4.034414e+001 -1.072069e+001  4.580016e+000
    endloop
  endfacet
  facet normal -9.772537e-001 -1.167713e-001 -1.770301e-001
    outer loop
      vertex -3.976210e+001 -1.373871e+001  2.022799e+000
      vertex -3.972276e+001 -1.486109e+001  2.545969e+000
      vertex -3.984357e+001 -1.454696e+001  3.005718e+000
    endloop
  endfacet
  facet normal -9.660761e-001 -1.361533e-001 -2.194522e-001
    outer loop
      vertex -3.972276e+001 -1.486109e+001  2.545969e+000
      vertex -3.976210e+001 -1.373871e+001  2.022799e+000
      vertex -3.965271e+001 -1.394489e+001  1.669163e+000
    endloop
  endfacet
  facet normal -9.791880e-001 -9.617222e-002 -1.787222e-001
    outer loop
      vertex -3.965271e+001 -1.394489e+001  1.669163e+000
      vertex -3.963267e+001 -1.507582e+001  2.167941e+000
      vertex -3.972276e+001 -1.486109e+001  2.545969e+000
    endloop
  endfacet
  facet normal -9.968697e-001  7.136881e-002  3.401821e-002
    outer loop
      vertex -4.034414e+001 -1.072069e+001  4.580016e+000
      vertex -4.032772e+001 -1.106034e+001  5.773715e+000
      vertex -4.030884e+001 -1.032461e+001  4.783637e+000
    endloop
  endfacet
  facet normal -9.944831e-001  9.238596e-002  4.968165e-002
    outer loop
      vertex -4.030884e+001 -1.032461e+001  4.783637e+000
      vertex -4.032772e+001 -1.106034e+001  5.773715e+000
      vertex -4.026981e+001 -1.056769e+001  6.016961e+000
    endloop
  endfacet
  facet normal -9.907826e-001  1.234834e-001  5.569357e-002
    outer loop
      vertex -4.030884e+001 -1.032461e+001  4.783637e+000
      vertex -4.026981e+001 -1.056769e+001  6.016961e+000
      vertex -4.024712e+001 -9.916656e+000  4.977144e+000
    endloop
  endfacet
  facet normal -9.861150e-001  1.495787e-001  7.213378e-002
    outer loop
      vertex -4.024712e+001 -9.916656e+000  4.977144e+000
      vertex -4.026981e+001 -1.056769e+001  6.016961e+000
      vertex -4.017839e+001 -1.007301e+001  6.240825e+000
    endloop
  endfacet
  facet normal -9.809144e-001  1.791776e-001  7.551309e-002
    outer loop
      vertex -4.024712e+001 -9.916656e+000  4.977144e+000
      vertex -4.017839e+001 -1.007301e+001  6.240825e+000
      vertex -4.015677e+001 -9.499152e+000  5.160050e+000
    endloop
  endfacet
  facet normal -9.733278e-001  2.101226e-001  9.209558e-002
    outer loop
      vertex -4.015677e+001 -9.499152e+000  5.160050e+000
      vertex -4.017839e+001 -1.007301e+001  6.240825e+000
      vertex -4.005248e+001 -9.579649e+000  6.445916e+000
    endloop
  endfacet
  facet normal -9.668190e-001  2.378151e-001  9.330127e-002
    outer loop
      vertex -4.015677e+001 -9.499152e+000  5.160050e+000
      vertex -4.005248e+001 -9.579649e+000  6.445916e+000
      vertex -4.003580e+001 -9.074757e+000  5.331899e+000
    endloop
  endfacet
  facet normal -9.557469e-001  2.730734e-001  1.094468e-001
    outer loop
      vertex -4.003580e+001 -9.074757e+000  5.331899e+000
      vertex -4.005248e+001 -9.579649e+000  6.445916e+000
      vertex -3.989148e+001 -9.091059e+000  6.632831e+000
    endloop
  endfacet
  facet normal -9.481022e-001  2.987282e-001  1.089202e-001
    outer loop
      vertex -4.003580e+001 -9.074757e+000  5.331899e+000
      vertex -3.989148e+001 -9.091059e+000  6.632831e+000
      vertex -3.988242e+001 -8.646460e+000  5.492288e+000
    endloop
  endfacet
  facet normal -9.331025e-001  3.374993e-001  1.241528e-001
    outer loop
      vertex -3.988242e+001 -8.646460e+000  5.492288e+000
      vertex -3.989148e+001 -9.091059e+000  6.632831e+000
      vertex -3.969522e+001 -8.610754e+000  6.802193e+000
    endloop
  endfacet
  facet normal -9.244583e-001  3.611458e-001  1.222729e-001
    outer loop
      vertex -3.988242e+001 -8.646460e+000  5.492288e+000
      vertex -3.969522e+001 -8.610754e+000  6.802193e+000
      vertex -3.969522e+001 -8.217571e+000  5.640887e+000
    endloop
  endfacet
  facet normal -9.657300e-001 -1.554295e-001 -2.078637e-001
    outer loop
      vertex -3.976210e+001 -1.373871e+001  2.022799e+000
      vertex -3.984357e+001 -1.454696e+001  3.005718e+000
      vertex -3.987570e+001 -1.349507e+001  2.368413e+000
    endloop
  endfacet
  facet normal -9.776070e-001 -1.300781e-001 -1.654217e-001
    outer loop
      vertex -3.987570e+001 -1.349507e+001  2.368413e+000
      vertex -3.984357e+001 -1.454696e+001  3.005718e+000
      vertex -3.996230e+001 -1.419879e+001  3.433570e+000
    endloop
  endfacet
  facet normal -9.685234e-001 -1.641081e-001 -1.871657e-001
    outer loop
      vertex -3.987570e+001 -1.349507e+001  2.368413e+000
      vertex -3.996230e+001 -1.419879e+001  3.433570e+000
      vertex -3.998203e+001 -1.323129e+001  2.687361e+000
    endloop
  endfacet
  facet normal -9.803585e-001 -1.325972e-001 -1.459975e-001
    outer loop
      vertex -3.998203e+001 -1.323129e+001  2.687361e+000
      vertex -3.996230e+001 -1.419879e+001  3.433570e+000
      vertex -4.007796e+001 -1.380303e+001  3.850823e+000
    endloop
  endfacet
  facet normal -9.734458e-001 -1.632403e-001 -1.604859e-001
    outer loop
      vertex -3.998203e+001 -1.323129e+001  2.687361e+000
      vertex -4.007796e+001 -1.380303e+001  3.850823e+000
      vertex -4.008268e+001 -1.293637e+001  2.997859e+000
    endloop
  endfacet
  facet normal -9.848243e-001 -1.244298e-001 -1.209892e-001
    outer loop
      vertex -4.008268e+001 -1.293637e+001  2.997859e+000
      vertex -4.007796e+001 -1.380303e+001  3.850823e+000
      vertex -4.017899e+001 -1.338064e+001  4.238769e+000
    endloop
  endfacet
  facet normal -9.796674e-001 -1.523220e-001 -1.305750e-001
    outer loop
      vertex -4.008268e+001 -1.293637e+001  2.997859e+000
      vertex -4.017899e+001 -1.338064e+001  4.238769e+000
      vertex -4.017337e+001 -1.261150e+001  3.299334e+000
    endloop
  endfacet
  facet normal -9.899250e-001 -1.065955e-001 -9.319849e-002
    outer loop
      vertex -4.017337e+001 -1.261150e+001  3.299334e+000
      vertex -4.017899e+001 -1.338064e+001  4.238769e+000
      vertex -4.025900e+001 -1.294619e+001  4.591660e+000
    endloop
  endfacet
  facet normal -9.862939e-001 -1.316598e-001 -9.944922e-002
    outer loop
      vertex -4.017337e+001 -1.261150e+001  3.299334e+000
      vertex -4.025900e+001 -1.294619e+001  4.591660e+000
      vertex -4.024999e+001 -1.225798e+001  3.591182e+000
    endloop
  endfacet
  facet normal -9.946949e-001 -8.035125e-002 -6.423055e-002
    outer loop
      vertex -4.024999e+001 -1.225798e+001  3.591182e+000
      vertex -4.025900e+001 -1.294619e+001  4.591660e+000
      vertex -4.031678e+001 -1.249366e+001  4.920434e+000
    endloop
  endfacet
  facet normal -9.922228e-001 -1.040563e-001 -6.830939e-002
    outer loop
      vertex -4.024999e+001 -1.225798e+001  3.591182e+000
      vertex -4.031678e+001 -1.249366e+001  4.920434e+000
      vertex -4.030505e+001 -1.190501e+001  3.853233e+000
    endloop
  endfacet
  facet normal -9.983068e-001 -4.558856e-002 -3.612620e-002
    outer loop
      vertex -4.030505e+001 -1.190501e+001  3.853233e+000
      vertex -4.031678e+001 -1.249366e+001  4.920434e+000
      vertex -4.034919e+001 -1.202649e+001  5.226295e+000
    endloop
  endfacet
  facet normal -9.967868e-001 -7.036638e-002 -3.826963e-002
    outer loop
      vertex -4.030505e+001 -1.190501e+001  3.853233e+000
      vertex -4.034919e+001 -1.202649e+001  5.226295e+000
      vertex -4.034121e+001 -1.153003e+001  4.105782e+000
    endloop
  endfacet
  facet normal -9.999532e-001 -3.917655e-003 -8.850704e-003
    outer loop
      vertex -4.034121e+001 -1.153003e+001  4.105782e+000
      vertex -4.034919e+001 -1.202649e+001  5.226295e+000
      vertex -4.035358e+001 -1.154768e+001  5.510416e+000
    endloop
  endfacet
  facet normal -9.995085e-001 -2.997656e-002 -9.174229e-003
    outer loop
      vertex -4.034121e+001 -1.153003e+001  4.105782e+000
      vertex -4.035358e+001 -1.154768e+001  5.510416e+000
      vertex -4.035530e+001 -1.113463e+001  4.348245e+000
    endloop
  endfacet
  facet normal -9.899626e-001 -3.926029e-002 -1.357667e-001
    outer loop
      vertex -3.945736e+001 -1.545813e+001  1.204317e+000
      vertex -3.950018e+001 -1.536842e+001  1.490630e+000
      vertex -3.946557e+001 -1.424737e+001  9.141096e-001
    endloop
  endfacet
  facet normal -9.864786e-001 -4.983899e-002 -1.561280e-001
    outer loop
      vertex -3.946557e+001 -1.424737e+001  9.141096e-001
      vertex -3.950018e+001 -1.536842e+001  1.490630e+000
      vertex -3.954951e+001 -1.526229e+001  1.768474e+000
    endloop
  endfacet
  facet normal -9.785395e-001 -7.920275e-002 -1.902300e-001
    outer loop
      vertex -3.946557e+001 -1.424737e+001  9.141096e-001
      vertex -3.954951e+001 -1.526229e+001  1.768474e+000
      vertex -3.955008e+001 -1.411774e+001  1.294842e+000
    endloop
  endfacet
  facet normal -9.826422e-001 -7.134723e-002 -1.712419e-001
    outer loop
      vertex -3.955008e+001 -1.411774e+001  1.294842e+000
      vertex -3.954951e+001 -1.526229e+001  1.768474e+000
      vertex -3.963267e+001 -1.507582e+001  2.167941e+000
    endloop
  endfacet
  facet normal -9.703256e-001 -1.117610e-001 -2.144244e-001
    outer loop
      vertex -3.955008e+001 -1.411774e+001  1.294842e+000
      vertex -3.963267e+001 -1.507582e+001  2.167941e+000
      vertex -3.965271e+001 -1.394489e+001  1.669163e+000
    endloop
  endfacet
  facet normal -9.924920e-001 -2.557104e-002 -1.196071e-001
    outer loop
      vertex -3.939851e+001 -1.434295e+001  4.588103e-001
      vertex -3.942237e+001 -1.552989e+001  9.105638e-001
      vertex -3.942705e+001 -1.430303e+001  6.871103e-001
    endloop
  endfacet
  facet normal -9.933692e-001 -2.425806e-002 -1.123798e-001
    outer loop
      vertex -3.942705e+001 -1.430303e+001  6.871103e-001
      vertex -3.942237e+001 -1.552989e+001  9.105638e-001
      vertex -3.945736e+001 -1.545813e+001  1.204317e+000
    endloop
  endfacet
  facet normal -9.866729e-001 -4.422899e-002 -1.565896e-001
    outer loop
      vertex -3.942705e+001 -1.430303e+001  6.871103e-001
      vertex -3.945736e+001 -1.545813e+001  1.204317e+000
      vertex -3.946557e+001 -1.424737e+001  9.141096e-001
    endloop
  endfacet
  facet normal -9.963782e-001 -1.200904e-002 -8.417962e-002
    outer loop
      vertex -3.942237e+001 -1.552989e+001  9.105638e-001
      vertex -3.939851e+001 -1.434295e+001  4.588103e-001
      vertex -3.939641e+001 -1.558230e+001  6.107367e-001
    endloop
  endfacet
  facet normal -9.971012e-001 -1.092155e-002 -7.529839e-002
    outer loop
      vertex -3.939641e+001 -1.558230e+001  6.107367e-001
      vertex -3.939851e+001 -1.434295e+001  4.588103e-001
      vertex -3.938094e+001 -1.436698e+001  2.296267e-001
    endloop
  endfacet
  facet normal -9.986332e-001 -3.639542e-003 -5.213895e-002
    outer loop
      vertex -3.939641e+001 -1.558230e+001  6.107367e-001
      vertex -3.938094e+001 -1.436698e+001  2.296267e-001
      vertex -3.938041e+001 -1.561426e+001  3.065366e-001
    endloop
  endfacet
  facet normal -9.996654e-001 -2.015049e-003 -2.578679e-002
    outer loop
      vertex -3.938041e+001 -1.561426e+001  3.065366e-001
      vertex -3.938094e+001 -1.436698e+001  2.296267e-001
      vertex -3.937500e+001 -1.437500e+001  0.000000e+000
    endloop
  endfacet
  facet normal -9.998444e-001 -4.137047e-015 -1.764357e-002
    outer loop
      vertex -3.938041e+001 -1.561426e+001  3.065366e-001
      vertex -3.937500e+001 -1.437500e+001  0.000000e+000
      vertex -3.937500e+001 -1.562500e+001  2.930989e-013
    endloop
  endfacet
  facet normal  9.985392e-001  5.399347e-002  2.035715e-003
    outer loop
      vertex -4.010000e+001 -1.139475e+001  4.191273e+000
      vertex -4.009452e+001 -1.165851e+001  8.500000e+000
      vertex -4.006202e+001 -1.207969e+001  3.726810e+000
    endloop
  endfacet
  facet normal  9.994156e-001 -3.402173e-002 -3.353248e-003
    outer loop
      vertex -4.006283e+001 -1.072763e+001  8.500000e+000
      vertex -4.009452e+001 -1.165851e+001  8.500000e+000
      vertex -4.010000e+001 -1.139475e+001  4.191273e+000
    endloop
  endfacet
  facet normal  9.980125e-001 -6.300449e-002  1.146264e-003
    outer loop
      vertex -4.005322e+001 -1.064601e+001  4.619687e+000
      vertex -4.006283e+001 -1.072763e+001  8.500000e+000
      vertex -4.010000e+001 -1.139475e+001  4.191273e+000
    endloop
  endfacet
  facet normal  9.112476e-001  4.118590e-001  3.262856e-005
    outer loop
      vertex -3.973420e+001 -1.348063e+001  8.500000e+000
      vertex -3.935058e+001 -1.432938e+001  8.500000e+000
      vertex -3.934896e+001 -1.433235e+001  5.292291e-001
    endloop
  endfacet
  facet normal  8.586805e-001  5.123400e-001 -1.324493e-002
    outer loop
      vertex -3.973420e+001 -1.348063e+001  8.500000e+000
      vertex -3.934896e+001 -1.433235e+001  5.292291e-001
      vertex -3.941653e+001 -1.420556e+001  1.052471e+000
    endloop
  endfacet
  facet normal  8.901970e-001  4.555311e-001 -6.370947e-003
    outer loop
      vertex -3.973420e+001 -1.348063e+001  8.500000e+000
      vertex -3.941653e+001 -1.420556e+001  1.052471e+000
      vertex -3.951925e+001 -1.399768e+001  1.564849e+000
    endloop
  endfacet
  facet normal  9.115257e-001  4.112361e-001 -2.407477e-003
    outer loop
      vertex -3.973420e+001 -1.348063e+001  8.500000e+000
      vertex -3.951925e+001 -1.399768e+001  1.564849e+000
      vertex -3.961897e+001 -1.377429e+001  1.966669e+000
    endloop
  endfacet
  facet normal  9.301233e-001  3.672473e-001 -1.022394e-004
    outer loop
      vertex -3.973420e+001 -1.348063e+001  8.500000e+000
      vertex -3.961897e+001 -1.377429e+001  1.966669e+000
      vertex -3.972588e+001 -1.350339e+001  2.357545e+000
    endloop
  endfacet
  facet normal  9.563503e-001  2.922227e-001  2.112737e-004
    outer loop
      vertex -3.973420e+001 -1.348063e+001  8.500000e+000
      vertex -3.972588e+001 -1.350339e+001  2.357545e+000
      vertex -3.992298e+001 -1.285887e+001  3.073181e+000
    endloop
  endfacet
  facet normal  9.633257e-001  2.683206e-001 -2.769883e-003
    outer loop
      vertex -3.973420e+001 -1.348063e+001  8.500000e+000
      vertex -3.992298e+001 -1.285887e+001  3.073181e+000
      vertex -3.998412e+001 -1.258336e+001  8.500000e+000
    endloop
  endfacet
  facet normal  8.749472e-001  4.842182e-001 -1.679835e-006
    outer loop
      vertex -3.934896e+001 -1.433235e+001  5.292291e-001
      vertex -3.935058e+001 -1.432938e+001  8.500000e+000
      vertex -3.932535e+001 -1.437500e+001  3.552714e-015
    endloop
  endfacet
  facet normal  8.379207e-001  5.457919e-001 -4.420481e-004
    outer loop
      vertex -3.932535e+001 -1.437500e+001  3.552714e-015
      vertex -3.935058e+001 -1.432938e+001  8.500000e+000
      vertex -3.884222e+001 -1.510984e+001  8.500000e+000
    endloop
  endfacet
  facet normal  8.335633e-001  5.524240e-001  3.789714e-004
    outer loop
      vertex -3.932535e+001 -1.437500e+001  3.552714e-015
      vertex -3.884222e+001 -1.510984e+001  8.500000e+000
      vertex -3.881491e+001 -1.514521e+001  0.000000e+000
    endloop
  endfacet
  facet normal  7.450595e-001  6.669978e-001 -3.821134e-004
    outer loop
      vertex -3.881491e+001 -1.514521e+001  0.000000e+000
      vertex -3.884222e+001 -1.510984e+001  8.500000e+000
      vertex -3.822097e+001 -1.580380e+001  8.500000e+000
    endloop
  endfacet
  facet normal  7.405636e-001  6.719863e-001  3.185587e-004
    outer loop
      vertex -3.881491e+001 -1.514521e+001  0.000000e+000
      vertex -3.822097e+001 -1.580380e+001  8.500000e+000
      vertex -3.819400e+001 -1.582948e+001  0.000000e+000
    endloop
  endfacet
  facet normal  6.348238e-001  7.726569e-001 -3.210469e-004
    outer loop
      vertex -3.819400e+001 -1.582948e+001  0.000000e+000
      vertex -3.822097e+001 -1.580380e+001  8.500000e+000
      vertex -3.750130e+001 -1.639509e+001  8.500000e+000
    endloop
  endfacet
  facet normal  6.305717e-001  7.761309e-001  2.566329e-004
    outer loop
      vertex -3.819400e+001 -1.582948e+001  0.000000e+000
      vertex -3.750130e+001 -1.639509e+001  8.500000e+000
      vertex -3.747686e+001 -1.641213e+001  0.000000e+000
    endloop
  endfacet
  facet normal  5.097932e-001  8.602970e-001 -2.592743e-004
    outer loop
      vertex -3.747686e+001 -1.641213e+001  0.000000e+000
      vertex -3.750130e+001 -1.639509e+001  8.500000e+000
      vertex -3.670000e+001 -1.686992e+001  8.500000e+000
    endloop
  endfacet
  facet normal  5.061089e-001  8.624695e-001  1.944541e-004
    outer loop
      vertex -3.747686e+001 -1.641213e+001  0.000000e+000
      vertex -3.670000e+001 -1.686992e+001  8.500000e+000
      vertex -3.667995e+001 -1.687977e+001  0.000000e+000
    endloop
  endfacet
  facet normal  3.728706e-001  9.278834e-001 -1.957065e-004
    outer loop
      vertex -3.667995e+001 -1.687977e+001  0.000000e+000
      vertex -3.670000e+001 -1.686992e+001  8.500000e+000
      vertex -3.583575e+001 -1.721722e+001  8.500000e+000
    endloop
  endfacet
  facet normal  3.700382e-001  9.290165e-001  1.305876e-004
    outer loop
      vertex -3.667995e+001 -1.687977e+001  0.000000e+000
      vertex -3.583575e+001 -1.721722e+001  8.500000e+000
      vertex -3.582154e+001 -1.722168e+001  0.000000e+000
    endloop
  endfacet
  facet normal  2.272567e-001  9.738349e-001 -1.316486e-004
    outer loop
      vertex -3.582154e+001 -1.722168e+001  0.000000e+000
      vertex -3.583575e+001 -1.721722e+001  8.500000e+000
      vertex -3.492870e+001 -1.742889e+001  8.500000e+000
    endloop
  endfacet
  facet normal  2.254734e-001  9.742494e-001  6.577450e-005
    outer loop
      vertex -3.582154e+001 -1.722168e+001  0.000000e+000
      vertex -3.492870e+001 -1.742889e+001  8.500000e+000
      vertex -3.492134e+001 -1.743002e+001  0.000000e+000
    endloop
  endfacet
  facet normal  7.634572e-002  9.970814e-001 -6.636012e-005
    outer loop
      vertex -3.492134e+001 -1.743002e+001  0.000000e+000
      vertex -3.492870e+001 -1.742889e+001  8.500000e+000
      vertex -3.400000e+001 -1.750000e+001  8.500000e+000
    endloop
  endfacet
  facet normal  7.573703e-002  9.971278e-001  0.000000e+000
    outer loop
      vertex -3.492134e+001 -1.743002e+001  0.000000e+000
      vertex -3.400000e+001 -1.750000e+001  8.500000e+000
      vertex -3.400000e+001 -1.750000e+001  0.000000e+000
    endloop
  endfacet
  facet normal  9.780542e-001  2.083501e-001  4.405903e-004
    outer loop
      vertex -3.992298e+001 -1.285887e+001  3.073181e+000
      vertex -4.000249e+001 -1.248635e+001  3.406469e+000
      vertex -3.998412e+001 -1.258336e+001  8.500000e+000
    endloop
  endfacet
  facet normal  9.893648e-001  1.454534e-001 -7.981485e-004
    outer loop
      vertex -3.998412e+001 -1.258336e+001  8.500000e+000
      vertex -4.000249e+001 -1.248635e+001  3.406469e+000
      vertex -4.006202e+001 -1.207969e+001  3.726810e+000
    endloop
  endfacet
  facet normal  9.929432e-001  1.185332e-001 -3.697231e-003
    outer loop
      vertex -3.998412e+001 -1.258336e+001  8.500000e+000
      vertex -4.006202e+001 -1.207969e+001  3.726810e+000
      vertex -4.009452e+001 -1.165851e+001  8.500000e+000
    endloop
  endfacet
  facet normal  9.302726e-001 -3.668691e-001  0.000000e+000
    outer loop
      vertex -3.957943e+001 -8.934235e+000  5.385907e+000
      vertex -3.957943e+001 -8.934235e+000  8.500000e+000
      vertex -3.976059e+001 -9.393613e+000  5.204055e+000
    endloop
  endfacet
  facet normal  9.428370e-001 -3.332108e-001 -5.381798e-003
    outer loop
      vertex -3.976059e+001 -9.393613e+000  5.204055e+000
      vertex -3.957943e+001 -8.934235e+000  8.500000e+000
      vertex -3.988979e+001 -9.812425e+000  8.500000e+000
    endloop
  endfacet
  facet normal  9.564303e-001 -2.919603e-001  3.927159e-004
    outer loop
      vertex -3.976059e+001 -9.393613e+000  5.204055e+000
      vertex -3.988979e+001 -9.812425e+000  8.500000e+000
      vertex -3.989956e+001 -9.849138e+000  5.007716e+000
    endloop
  endfacet
  facet normal  9.825904e-001 -1.857832e-001 -7.967098e-004
    outer loop
      vertex -3.989956e+001 -9.849138e+000  5.007716e+000
      vertex -3.988979e+001 -9.812425e+000  8.500000e+000
      vertex -4.006283e+001 -1.072763e+001  8.500000e+000
    endloop
  endfacet
  facet normal  9.820491e-001 -1.886191e-001 -1.535409e-003
    outer loop
      vertex -3.989956e+001 -9.849138e+000  5.007716e+000
      vertex -4.006283e+001 -1.072763e+001  8.500000e+000
      vertex -4.005322e+001 -1.064601e+001  4.619687e+000
    endloop
  endfacet
  facet normal  8.724130e-001  4.887425e-001  5.140001e-003
    outer loop
      vertex -3.872806e+001  7.723314e+000  8.500000e+000
      vertex -3.800459e+001  6.431904e+000  8.500000e+000
      vertex -3.814381e+001  6.705855e+000  6.081101e+000
    endloop
  endfacet
  facet normal  9.078423e-001  4.192845e-001 -4.765586e-003
    outer loop
      vertex -3.756948e+001  5.465470e+000  6.358694e+000
      vertex -3.814381e+001  6.705855e+000  6.081101e+000
      vertex -3.800459e+001  6.431904e+000  8.500000e+000
    endloop
  endfacet
  facet normal  9.176853e-001  3.972432e-001  7.182315e-003
    outer loop
      vertex -3.800459e+001  6.431904e+000  8.500000e+000
      vertex -3.741655e+001  5.073462e+000  8.500000e+000
      vertex -3.756948e+001  5.465470e+000  6.358694e+000
    endloop
  endfacet
  facet normal  9.435896e-001  3.310476e-001 -6.786151e-003
    outer loop
      vertex -3.710770e+001  4.153822e+000  6.581716e+000
      vertex -3.756948e+001  5.465470e+000  6.358694e+000
      vertex -3.741655e+001  5.073462e+000  8.500000e+000
    endloop
  endfacet
  facet normal  9.533901e-001  3.016094e-001  8.904658e-003
    outer loop
      vertex -3.741655e+001  5.073462e+000  8.500000e+000
      vertex -3.697008e+001  3.662148e+000  8.500000e+000
      vertex -3.710770e+001  4.153822e+000  6.581716e+000
    endloop
  endfacet
  facet normal  9.710862e-001  2.385769e-001 -8.520758e-003
    outer loop
      vertex -3.676991e+001  2.784723e+000  6.744766e+000
      vertex -3.710770e+001  4.153822e+000  6.581716e+000
      vertex -3.697008e+001  3.662148e+000  8.500000e+000
    endloop
  endfacet
  facet normal  9.791592e-001  2.028345e-001  1.026714e-002
    outer loop
      vertex -3.697008e+001  3.662148e+000  8.500000e+000
      vertex -3.666982e+001  2.212667e+000  8.500000e+000
      vertex -3.676991e+001  2.784723e+000  6.744766e+000
    endloop
  endfacet
  facet normal  9.892457e-001  1.459959e-001 -8.832606e-003
    outer loop
      vertex -3.657397e+001  1.462745e+000  6.839314e+000
      vertex -3.676991e+001  2.784723e+000  6.744766e+000
      vertex -3.666982e+001  2.212667e+000  8.500000e+000
    endloop
  endfacet
  facet normal  9.947248e-001  1.019469e-001  1.137498e-002
    outer loop
      vertex -3.666982e+001  2.212667e+000  8.500000e+000
      vertex -3.651890e+001  7.401268e-001  8.500000e+000
      vertex -3.657397e+001  1.462745e+000  6.839314e+000
    endloop
  endfacet
  facet normal  9.984723e-001  5.444716e-002 -9.417982e-003
    outer loop
      vertex -3.657397e+001  1.462745e+000  6.839314e+000
      vertex -3.651890e+001  7.401268e-001  8.500000e+000
      vertex -3.650051e+001  1.217454e-001  6.874753e+000
    endloop
  endfacet
  facet normal  9.999360e-001  0.000000e+000  1.131488e-002
    outer loop
      vertex -3.650051e+001  1.217454e-001  6.874753e+000
      vertex -3.651890e+001  7.401268e-001  8.500000e+000
      vertex -3.651890e+001 -7.401268e-001  8.500000e+000
    endloop
  endfacet
  facet normal  9.992480e-001 -3.778164e-002 -8.728593e-003
    outer loop
      vertex -3.650051e+001  1.217454e-001  6.874753e+000
      vertex -3.651890e+001 -7.401268e-001  8.500000e+000
      vertex -3.655149e+001 -1.220880e+000  6.850159e+000
    endloop
  endfacet
  facet normal  9.947388e-001 -1.019484e-001  1.005827e-002
    outer loop
      vertex -3.655149e+001 -1.220880e+000  6.850159e+000
      vertex -3.651890e+001 -7.401268e-001  8.500000e+000
      vertex -3.666982e+001 -2.212667e+000  8.500000e+000
    endloop
  endfacet
  facet normal  9.387901e-001 -3.444836e-001 -2.041944e-003
    outer loop
      vertex -3.726965e+001 -4.661294e+000  6.503517e+000
      vertex -3.741655e+001 -5.073462e+000  8.500000e+000
      vertex -3.751708e+001 -5.334871e+000  6.384012e+000
    endloop
  endfacet
  facet normal  9.176952e-001 -3.972475e-001  5.478655e-003
    outer loop
      vertex -3.751708e+001 -5.334871e+000  6.384012e+000
      vertex -3.741655e+001 -5.073462e+000  8.500000e+000
      vertex -3.800459e+001 -6.431904e+000  8.500000e+000
    endloop
  endfacet
  facet normal  9.110945e-001 -4.121801e-001 -3.783896e-003
    outer loop
      vertex -3.751708e+001 -5.334871e+000  6.384012e+000
      vertex -3.800459e+001 -6.431904e+000  8.500000e+000
      vertex -3.810150e+001 -6.624104e+000  6.101561e+000
    endloop
  endfacet
  facet normal  8.724178e-001 -4.887452e-001  3.914456e-003
    outer loop
      vertex -3.810150e+001 -6.624104e+000  6.101561e+000
      vertex -3.800459e+001 -6.431904e+000  8.500000e+000
      vertex -3.872806e+001 -7.723314e+000  8.500000e+000
    endloop
  endfacet
  facet normal  8.147164e-001  5.798597e-001  0.000000e+000
    outer loop
      vertex -3.957943e+001  8.934235e+000  5.385907e+000
      vertex -3.957943e+001  8.934235e+000  8.500000e+000
      vertex -3.881805e+001  7.864484e+000  5.754861e+000
    endloop
  endfacet
  facet normal  8.180465e-001  5.751454e-001  2.760738e-003
    outer loop
      vertex -3.881805e+001  7.864484e+000  5.754861e+000
      vertex -3.957943e+001  8.934235e+000  8.500000e+000
      vertex -3.872806e+001  7.723314e+000  8.500000e+000
    endloop
  endfacet
  facet normal  8.646104e-001  5.024366e-001 -2.504769e-003
    outer loop
      vertex -3.881805e+001  7.864484e+000  5.754861e+000
      vertex -3.872806e+001  7.723314e+000  8.500000e+000
      vertex -3.814381e+001  6.705855e+000  6.081101e+000
    endloop
  endfacet
  facet normal  9.791765e-001 -2.028381e-001  8.366990e-003
    outer loop
      vertex -3.697008e+001 -3.662148e+000  8.500000e+000
      vertex -3.687249e+001 -3.265482e+000  6.695263e+000
      vertex -3.666982e+001 -2.212667e+000  8.500000e+000
    endloop
  endfacet
  facet normal  9.795198e-001 -2.012126e-001  7.380186e-003
    outer loop
      vertex -3.666982e+001 -2.212667e+000  8.500000e+000
      vertex -3.687249e+001 -3.265482e+000  6.695263e+000
      vertex -3.672556e+001 -2.547629e+000  6.766170e+000
    endloop
  endfacet
  facet normal  9.915352e-001 -1.296592e-001 -6.829639e-003
    outer loop
      vertex -3.666982e+001 -2.212667e+000  8.500000e+000
      vertex -3.672556e+001 -2.547629e+000  6.766170e+000
      vertex -3.655149e+001 -1.220880e+000  6.850159e+000
    endloop
  endfacet
  facet normal  9.533982e-001 -3.016120e-001  7.883643e-003
    outer loop
      vertex -3.741655e+001 -5.073462e+000  8.500000e+000
      vertex -3.726965e+001 -4.661294e+000  6.503517e+000
      vertex -3.697008e+001 -3.662148e+000  8.500000e+000
    endloop
  endfacet
  facet normal  9.543579e-001 -2.986006e-001  6.232620e-003
    outer loop
      vertex -3.697008e+001 -3.662148e+000  8.500000e+000
      vertex -3.726965e+001 -4.661294e+000  6.503517e+000
      vertex -3.705429e+001 -3.970803e+000  6.607503e+000
    endloop
  endfacet
  facet normal  9.684185e-001 -2.493184e-001 -2.430721e-003
    outer loop
      vertex -3.697008e+001 -3.662148e+000  8.500000e+000
      vertex -3.705429e+001 -3.970803e+000  6.607503e+000
      vertex -3.687249e+001 -3.265482e+000  6.695263e+000
    endloop
  endfacet
  facet normal  8.180497e-001 -5.751476e-001  0.000000e+000
    outer loop
      vertex -3.957943e+001 -8.934235e+000  8.500000e+000
      vertex -3.957943e+001 -8.934235e+000  5.385907e+000
      vertex -3.872806e+001 -7.723314e+000  8.500000e+000
    endloop
  endfacet
  facet normal  8.152385e-001 -5.791207e-001  2.313474e-003
    outer loop
      vertex -3.872806e+001 -7.723314e+000  8.500000e+000
      vertex -3.957943e+001 -8.934235e+000  5.385907e+000
      vertex -3.879366e+001 -7.826576e+000  5.766670e+000
    endloop
  endfacet
  facet normal  8.669128e-001 -4.984559e-001 -1.974085e-003
    outer loop
      vertex -3.872806e+001 -7.723314e+000  8.500000e+000
      vertex -3.879366e+001 -7.826576e+000  5.766670e+000
      vertex -3.810150e+001 -6.624104e+000  6.101561e+000
    endloop
  endfacet
  facet normal  3.624984e-003  1.896045e-001 -9.818539e-001
    outer loop
      vertex -3.807703e+001 -5.699193e+000  6.311591e+000
      vertex -3.782107e+001 -5.144000e+000  6.419748e+000
      vertex -3.751708e+001 -5.334871e+000  6.384012e+000
    endloop
  endfacet
  facet normal  2.488183e-003 -4.307259e-002 -9.990688e-001
    outer loop
      vertex -3.679720e+001  1.039979e+000  6.856985e+000
      vertex -3.684918e+001  1.555669e+000  6.834622e+000
      vertex -3.657397e+001  1.462745e+000  6.839314e+000
    endloop
  endfacet
  facet normal -2.702025e-002 -1.742063e-001 -9.843384e-001
    outer loop
      vertex -3.756948e+001  5.465470e+000  6.358694e+000
      vertex -3.755936e+001  4.491220e+000  6.530837e+000
      vertex -3.773755e+001  4.946523e+000  6.455150e+000
    endloop
  endfacet
  facet normal  5.748785e-015  9.967678e-001 -8.033784e-002
    outer loop
      vertex -3.932535e+001 -1.437500e+001  3.552714e-015
      vertex -3.937500e+001 -1.437500e+001  0.000000e+000
      vertex -3.934896e+001 -1.433235e+001  5.292291e-001
    endloop
  endfacet
  facet normal -5.192325e-001  8.535384e-001 -4.324277e-002
    outer loop
      vertex -3.934896e+001 -1.433235e+001  5.292291e-001
      vertex -3.937500e+001 -1.437500e+001  0.000000e+000
      vertex -3.938094e+001 -1.436698e+001  2.296267e-001
    endloop
  endfacet
  facet normal -5.826817e-002  9.923872e-001 -1.085017e-001
    outer loop
      vertex -3.934896e+001 -1.433235e+001  5.292291e-001
      vertex -3.938094e+001 -1.436698e+001  2.296267e-001
      vertex -3.939851e+001 -1.434295e+001  4.588103e-001
    endloop
  endfacet
  facet normal  1.066864e-001  9.693948e-001 -2.211145e-001
    outer loop
      vertex -3.934896e+001 -1.433235e+001  5.292291e-001
      vertex -3.939851e+001 -1.434295e+001  4.588103e-001
      vertex -3.941653e+001 -1.420556e+001  1.052471e+000
    endloop
  endfacet
  facet normal -5.014645e-001  8.394302e-001 -2.095003e-001
    outer loop
      vertex -3.941653e+001 -1.420556e+001  1.052471e+000
      vertex -3.939851e+001 -1.434295e+001  4.588103e-001
      vertex -3.942705e+001 -1.430303e+001  6.871103e-001
    endloop
  endfacet
  facet normal -1.045518e-001  9.616600e-001 -2.535330e-001
    outer loop
      vertex -3.941653e+001 -1.420556e+001  1.052471e+000
      vertex -3.942705e+001 -1.430303e+001  6.871103e-001
      vertex -3.946557e+001 -1.424737e+001  9.141096e-001
    endloop
  endfacet
  facet normal  1.724889e-001  9.243111e-001 -3.404359e-001
    outer loop
      vertex -3.941653e+001 -1.420556e+001  1.052471e+000
      vertex -3.946557e+001 -1.424737e+001  9.141096e-001
      vertex -3.951925e+001 -1.399768e+001  1.564849e+000
    endloop
  endfacet
  facet normal -2.757780e-001  8.895984e-001 -3.640893e-001
    outer loop
      vertex -3.951925e+001 -1.399768e+001  1.564849e+000
      vertex -3.946557e+001 -1.424737e+001  9.141096e-001
      vertex -3.955008e+001 -1.411774e+001  1.294842e+000
    endloop
  endfacet
  facet normal  4.010095e-002  9.112900e-001 -4.098077e-001
    outer loop
      vertex -3.951925e+001 -1.399768e+001  1.564849e+000
      vertex -3.955008e+001 -1.411774e+001  1.294842e+000
      vertex -3.965271e+001 -1.394489e+001  1.669163e+000
    endloop
  endfacet
  facet normal -4.206955e-002  8.687713e-001 -4.934234e-001
    outer loop
      vertex -3.951925e+001 -1.399768e+001  1.564849e+000
      vertex -3.965271e+001 -1.394489e+001  1.669163e+000
      vertex -3.961897e+001 -1.377429e+001  1.966669e+000
    endloop
  endfacet
  facet normal  1.967749e-002  8.663552e-001 -4.990408e-001
    outer loop
      vertex -3.961897e+001 -1.377429e+001  1.966669e+000
      vertex -3.965271e+001 -1.394489e+001  1.669163e+000
      vertex -3.976210e+001 -1.373871e+001  2.022799e+000
    endloop
  endfacet
  facet normal -2.126834e-002  8.189847e-001 -5.734211e-001
    outer loop
      vertex -3.961897e+001 -1.377429e+001  1.966669e+000
      vertex -3.976210e+001 -1.373871e+001  2.022799e+000
      vertex -3.972588e+001 -1.350339e+001  2.357545e+000
    endloop
  endfacet
  facet normal  3.671814e-003  8.178963e-001 -5.753540e-001
    outer loop
      vertex -3.972588e+001 -1.350339e+001  2.357545e+000
      vertex -3.976210e+001 -1.373871e+001  2.022799e+000
      vertex -3.987570e+001 -1.349507e+001  2.368413e+000
    endloop
  endfacet
  facet normal -7.430940e-003  7.420239e-001 -6.703323e-001
    outer loop
      vertex -3.972588e+001 -1.350339e+001  2.357545e+000
      vertex -3.987570e+001 -1.349507e+001  2.368413e+000
      vertex -3.992298e+001 -1.285887e+001  3.073181e+000
    endloop
  endfacet
  facet normal -2.045728e-001  7.197279e-001 -6.634317e-001
    outer loop
      vertex -3.992298e+001 -1.285887e+001  3.073181e+000
      vertex -3.987570e+001 -1.349507e+001  2.368413e+000
      vertex -3.998203e+001 -1.323129e+001  2.687361e+000
    endloop
  endfacet
  facet normal -2.332547e-002  7.210717e-001 -6.924678e-001
    outer loop
      vertex -3.992298e+001 -1.285887e+001  3.073181e+000
      vertex -3.998203e+001 -1.323129e+001  2.687361e+000
      vertex -4.008268e+001 -1.293637e+001  2.997859e+000
    endloop
  endfacet
  facet normal  2.520403e-002  6.695458e-001 -7.423430e-001
    outer loop
      vertex -3.992298e+001 -1.285887e+001  3.073181e+000
      vertex -4.008268e+001 -1.293637e+001  2.997859e+000
      vertex -4.000249e+001 -1.248635e+001  3.406469e+000
    endloop
  endfacet
  facet normal -3.221956e-002  6.750164e-001 -7.370988e-001
    outer loop
      vertex -4.000249e+001 -1.248635e+001  3.406469e+000
      vertex -4.008268e+001 -1.293637e+001  2.997859e+000
      vertex -4.017337e+001 -1.261150e+001  3.299334e+000
    endloop
  endfacet
  facet normal  3.538418e-002  6.216015e-001 -7.825342e-001
    outer loop
      vertex -4.000249e+001 -1.248635e+001  3.406469e+000
      vertex -4.017337e+001 -1.261150e+001  3.299334e+000
      vertex -4.006202e+001 -1.207969e+001  3.726810e+000
    endloop
  endfacet
  facet normal -3.952835e-002  6.310304e-001 -7.747503e-001
    outer loop
      vertex -4.006202e+001 -1.207969e+001  3.726810e+000
      vertex -4.017337e+001 -1.261150e+001  3.299334e+000
      vertex -4.024999e+001 -1.225798e+001  3.591182e+000
    endloop
  endfacet
  facet normal  1.211658e-002  5.972710e-001 -8.019480e-001
    outer loop
      vertex -4.006202e+001 -1.207969e+001  3.726810e+000
      vertex -4.024999e+001 -1.225798e+001  3.591182e+000
      vertex -4.030505e+001 -1.190501e+001  3.853233e+000
    endloop
  endfacet
  facet normal -2.829109e-002  5.599419e-001 -8.280487e-001
    outer loop
      vertex -4.006202e+001 -1.207969e+001  3.726810e+000
      vertex -4.030505e+001 -1.190501e+001  3.853233e+000
      vertex -4.010000e+001 -1.139475e+001  4.191273e+000
    endloop
  endfacet
  facet normal -1.834172e-002  5.573058e-001 -8.301047e-001
    outer loop
      vertex -4.010000e+001 -1.139475e+001  4.191273e+000
      vertex -4.030505e+001 -1.190501e+001  3.853233e+000
      vertex -4.034121e+001 -1.153003e+001  4.105782e+000
    endloop
  endfacet
  facet normal  3.017406e-002  4.949838e-001 -8.683781e-001
    outer loop
      vertex -4.010000e+001 -1.139475e+001  4.191273e+000
      vertex -4.034121e+001 -1.153003e+001  4.105782e+000
      vertex -4.005322e+001 -1.064601e+001  4.619687e+000
    endloop
  endfacet
  facet normal -7.511497e-002  5.193350e-001 -8.512632e-001
    outer loop
      vertex -4.005322e+001 -1.064601e+001  4.619687e+000
      vertex -4.034121e+001 -1.153003e+001  4.105782e+000
      vertex -4.035530e+001 -1.113463e+001  4.348245e+000
    endloop
  endfacet
  facet normal -6.472540e-003  4.886670e-001 -8.724464e-001
    outer loop
      vertex -4.005322e+001 -1.064601e+001  4.619687e+000
      vertex -4.035530e+001 -1.113463e+001  4.348245e+000
      vertex -4.034414e+001 -1.072069e+001  4.580016e+000
    endloop
  endfacet
  facet normal  1.075876e-002  4.360916e-001 -8.998380e-001
    outer loop
      vertex -4.005322e+001 -1.064601e+001  4.619687e+000
      vertex -4.034414e+001 -1.072069e+001  4.580016e+000
      vertex -3.989956e+001 -9.849138e+000  5.007716e+000
    endloop
  endfacet
  facet normal -4.919089e-002  4.601226e-001 -8.864917e-001
    outer loop
      vertex -3.989956e+001 -9.849138e+000  5.007716e+000
      vertex -4.034414e+001 -1.072069e+001  4.580016e+000
      vertex -4.030884e+001 -1.032461e+001  4.783637e+000
    endloop
  endfacet
  facet normal -3.893673e-003  4.290420e-001 -9.032760e-001
    outer loop
      vertex -3.989956e+001 -9.849138e+000  5.007716e+000
      vertex -4.030884e+001 -1.032461e+001  4.783637e+000
      vertex -4.024712e+001 -9.916656e+000  4.977144e+000
    endloop
  endfacet
  facet normal  4.131898e-003  3.947498e-001 -9.187793e-001
    outer loop
      vertex -3.989956e+001 -9.849138e+000  5.007716e+000
      vertex -4.024712e+001 -9.916656e+000  4.977144e+000
      vertex -3.976059e+001 -9.393613e+000  5.204055e+000
    endloop
  endfacet
  facet normal -5.470193e-003  4.022623e-001 -9.155081e-001
    outer loop
      vertex -3.976059e+001 -9.393613e+000  5.204055e+000
      vertex -4.024712e+001 -9.916656e+000  4.977144e+000
      vertex -4.015677e+001 -9.499152e+000  5.160050e+000
    endloop
  endfacet
  facet normal  5.842385e-003  3.660750e-001 -9.305670e-001
    outer loop
      vertex -3.976059e+001 -9.393613e+000  5.204055e+000
      vertex -4.015677e+001 -9.499152e+000  5.160050e+000
      vertex -3.957943e+001 -8.934235e+000  5.385907e+000
    endloop
  endfacet
  facet normal -6.436803e-003  3.768924e-001 -9.262347e-001
    outer loop
      vertex -3.957943e+001 -8.934235e+000  5.385907e+000
      vertex -4.015677e+001 -9.499152e+000  5.160050e+000
      vertex -4.003580e+001 -9.074757e+000  5.331899e+000
    endloop
  endfacet
  facet normal  1.517052e-002  3.154050e-001 -9.488359e-001
    outer loop
      vertex -3.957943e+001 -8.934235e+000  5.385907e+000
      vertex -4.003580e+001 -9.074757e+000  5.331899e+000
      vertex -3.879366e+001 -7.826576e+000  5.766670e+000
    endloop
  endfacet
  facet normal -3.823366e-002  3.624184e-001 -9.312309e-001
    outer loop
      vertex -3.879366e+001 -7.826576e+000  5.766670e+000
      vertex -4.003580e+001 -9.074757e+000  5.331899e+000
      vertex -3.988242e+001 -8.646460e+000  5.492288e+000
    endloop
  endfacet
  facet normal  2.977478e-003  3.138008e-001 -9.494842e-001
    outer loop
      vertex -3.879366e+001 -7.826576e+000  5.766670e+000
      vertex -3.988242e+001 -8.646460e+000  5.492288e+000
      vertex -3.933004e+001 -7.750743e+000  5.790051e+000
    endloop
  endfacet
  facet normal -7.265019e-002  3.546809e-001 -9.321606e-001
    outer loop
      vertex -3.933004e+001 -7.750743e+000  5.790051e+000
      vertex -3.988242e+001 -8.646460e+000  5.492288e+000
      vertex -3.969522e+001 -8.217571e+000  5.640887e+000
    endloop
  endfacet
  facet normal -3.752697e-003  2.702932e-001 -9.627708e-001
    outer loop
      vertex -3.879366e+001 -7.826576e+000  5.766670e+000
      vertex -3.933004e+001 -7.750743e+000  5.790051e+000
      vertex -3.810150e+001 -6.624104e+000  6.101561e+000
    endloop
  endfacet
  facet normal -4.132235e-002  3.078759e-001 -9.505287e-001
    outer loop
      vertex -3.810150e+001 -6.624104e+000  6.101561e+000
      vertex -3.933004e+001 -7.750743e+000  5.790051e+000
      vertex -3.898459e+001 -7.264869e+000  5.932407e+000
    endloop
  endfacet
  facet normal -4.417763e-003  2.609270e-001 -9.653484e-001
    outer loop
      vertex -3.810150e+001 -6.624104e+000  6.101561e+000
      vertex -3.898459e+001 -7.264869e+000  5.932407e+000
      vertex -3.865989e+001 -6.760508e+000  6.067247e+000
    endloop
  endfacet
  facet normal  8.720965e-003  2.102269e-001 -9.776137e-001
    outer loop
      vertex -3.810150e+001 -6.624104e+000  6.101561e+000
      vertex -3.865989e+001 -6.760508e+000  6.067247e+000
      vertex -3.751708e+001 -5.334871e+000  6.384012e+000
    endloop
  endfacet
  facet normal -8.754785e-002  2.824360e-001 -9.552828e-001
    outer loop
      vertex -3.751708e+001 -5.334871e+000  6.384012e+000
      vertex -3.865989e+001 -6.760508e+000  6.067247e+000
      vertex -3.835701e+001 -6.238345e+000  6.193870e+000
    endloop
  endfacet
  facet normal -1.873710e-002  2.225597e-001 -9.747391e-001
    outer loop
      vertex -3.751708e+001 -5.334871e+000  6.384012e+000
      vertex -3.835701e+001 -6.238345e+000  6.193870e+000
      vertex -3.807703e+001 -5.699193e+000  6.311591e+000
    endloop
  endfacet
  facet normal -4.926701e-003  1.764424e-001 -9.842986e-001
    outer loop
      vertex -3.751708e+001 -5.334871e+000  6.384012e+000
      vertex -3.782107e+001 -5.144000e+000  6.419748e+000
      vertex -3.726965e+001 -4.661294e+000  6.503517e+000
    endloop
  endfacet
  facet normal  3.182445e-003  1.674526e-001 -9.858750e-001
    outer loop
      vertex -3.726965e+001 -4.661294e+000  6.503517e+000
      vertex -3.782107e+001 -5.144000e+000  6.419748e+000
      vertex -3.757774e+001 -4.540635e+000  6.523016e+000
    endloop
  endfacet
  facet normal -3.799774e-003  1.500760e-001 -9.886671e-001
    outer loop
      vertex -3.726965e+001 -4.661294e+000  6.503517e+000
      vertex -3.757774e+001 -4.540635e+000  6.523016e+000
      vertex -3.705429e+001 -3.970803e+000  6.607503e+000
    endloop
  endfacet
  facet normal  1.590946e-003  1.452322e-001 -9.893963e-001
    outer loop
      vertex -3.705429e+001 -3.970803e+000  6.607503e+000
      vertex -3.757774e+001 -4.540635e+000  6.523016e+000
      vertex -3.736378e+001 -3.922052e+000  6.614161e+000
    endloop
  endfacet
  facet normal -1.825694e-003  1.239372e-001 -9.922884e-001
    outer loop
      vertex -3.705429e+001 -3.970803e+000  6.607503e+000
      vertex -3.736378e+001 -3.922052e+000  6.614161e+000
      vertex -3.687249e+001 -3.265482e+000  6.695263e+000
    endloop
  endfacet
  facet normal -9.673650e-004  1.233048e-001 -9.923684e-001
    outer loop
      vertex -3.687249e+001 -3.265482e+000  6.695263e+000
      vertex -3.736378e+001 -3.922052e+000  6.614161e+000
      vertex -3.718041e+001 -3.289941e+000  6.692524e+000
    endloop
  endfacet
  facet normal  1.061130e-003  9.808181e-002 -9.951778e-001
    outer loop
      vertex -3.687249e+001 -3.265482e+000  6.695263e+000
      vertex -3.718041e+001 -3.289941e+000  6.692524e+000
      vertex -3.672556e+001 -2.547629e+000  6.766170e+000
    endloop
  endfacet
  facet normal -4.588068e-003  1.015083e-001 -9.948241e-001
    outer loop
      vertex -3.672556e+001 -2.547629e+000  6.766170e+000
      vertex -3.718041e+001 -3.289941e+000  6.692524e+000
      vertex -3.702872e+001 -2.646164e+000  6.757514e+000
    endloop
  endfacet
  facet normal  8.315754e-003  6.208949e-002 -9.980360e-001
    outer loop
      vertex -3.672556e+001 -2.547629e+000  6.766170e+000
      vertex -3.702872e+001 -2.646164e+000  6.757514e+000
      vertex -3.655149e+001 -1.220880e+000  6.850159e+000
    endloop
  endfacet
  facet normal -8.586904e-002  9.322922e-002 -9.919349e-001
    outer loop
      vertex -3.655149e+001 -1.220880e+000  6.850159e+000
      vertex -3.702872e+001 -2.646164e+000  6.757514e+000
      vertex -3.690968e+001 -1.992752e+000  6.808620e+000
    endloop
  endfacet
  facet normal -5.607210e-003  5.633129e-002 -9.983964e-001
    outer loop
      vertex -3.655149e+001 -1.220880e+000  6.850159e+000
      vertex -3.690968e+001 -1.992752e+000  6.808620e+000
      vertex -3.682407e+001 -1.331900e+000  6.845426e+000
    endloop
  endfacet
  facet normal  1.005695e-002  1.793162e-002 -9.997886e-001
    outer loop
      vertex -3.655149e+001 -1.220880e+000  6.850159e+000
      vertex -3.682407e+001 -1.331900e+000  6.845426e+000
      vertex -3.650051e+001  1.217454e-001  6.874753e+000
    endloop
  endfacet
  facet normal -9.015369e-002  4.014272e-002 -9.951185e-001
    outer loop
      vertex -3.650051e+001  1.217454e-001  6.874753e+000
      vertex -3.682407e+001 -1.331900e+000  6.845426e+000
      vertex -3.677250e+001 -6.659575e-001  6.867619e+000
    endloop
  endfacet
  facet normal -6.207442e-003  1.119937e-002 -9.999180e-001
    outer loop
      vertex -3.650051e+001  1.217454e-001  6.874753e+000
      vertex -3.677250e+001 -6.659575e-001  6.867619e+000
      vertex -3.675536e+001  2.584914e-003  6.875000e+000
    endloop
  endfacet
  facet normal  1.109659e-002 -2.580865e-002 -9.996053e-001
    outer loop
      vertex -3.650051e+001  1.217454e-001  6.874753e+000
      vertex -3.675536e+001  2.584914e-003  6.875000e+000
      vertex -3.657397e+001  1.462745e+000  6.839314e+000
    endloop
  endfacet
  facet normal -1.080948e-001 -1.086675e-002 -9.940812e-001
    outer loop
      vertex -3.657397e+001  1.462745e+000  6.839314e+000
      vertex -3.675536e+001  2.584914e-003  6.875000e+000
      vertex -3.676588e+001  5.218921e-001  6.870468e+000
    endloop
  endfacet
  facet normal -2.678275e-002 -2.762443e-002 -9.992595e-001
    outer loop
      vertex -3.657397e+001  1.462745e+000  6.839314e+000
      vertex -3.676588e+001  5.218921e-001  6.870468e+000
      vertex -3.679720e+001  1.039979e+000  6.856985e+000
    endloop
  endfacet
  facet normal -7.455104e-003 -7.243507e-002 -9.973453e-001
    outer loop
      vertex -3.657397e+001  1.462745e+000  6.839314e+000
      vertex -3.684918e+001  1.555669e+000  6.834622e+000
      vertex -3.676991e+001  2.784723e+000  6.744766e+000
    endloop
  endfacet
  facet normal -5.967716e-002 -6.895638e-002 -9.958332e-001
    outer loop
      vertex -3.676991e+001  2.784723e+000  6.744766e+000
      vertex -3.684918e+001  1.555669e+000  6.834622e+000
      vertex -3.692160e+001  2.067824e+000  6.803498e+000
    endloop
  endfacet
  facet normal -9.221181e-003 -7.970922e-002 -9.967754e-001
    outer loop
      vertex -3.676991e+001  2.784723e+000  6.744766e+000
      vertex -3.692160e+001  2.067824e+000  6.803498e+000
      vertex -3.701414e+001  2.575355e+000  6.763768e+000
    endloop
  endfacet
  facet normal  1.991663e-002 -1.133877e-001 -9.933512e-001
    outer loop
      vertex -3.676991e+001  2.784723e+000  6.744766e+000
      vertex -3.701414e+001  2.575355e+000  6.763768e+000
      vertex -3.710770e+001  4.153822e+000  6.581716e+000
    endloop
  endfacet
  facet normal -1.163653e-001 -1.206014e-001 -9.858572e-001
    outer loop
      vertex -3.710770e+001  4.153822e+000  6.581716e+000
      vertex -3.701414e+001  2.575355e+000  6.763768e+000
      vertex -3.712644e+001  3.077217e+000  6.715630e+000
    endloop
  endfacet
  facet normal -3.850114e-002 -1.226832e-001 -9.916988e-001
    outer loop
      vertex -3.710770e+001  4.153822e+000  6.581716e+000
      vertex -3.712644e+001  3.077217e+000  6.715630e+000
      vertex -3.725331e+001  3.555836e+000  6.661345e+000
    endloop
  endfacet
  facet normal -8.215612e-002 -1.742374e-001 -9.812704e-001
    outer loop
      vertex -3.755936e+001  4.491220e+000  6.530837e+000
      vertex -3.756948e+001  5.465470e+000  6.358694e+000
      vertex -3.739777e+001  4.027423e+000  6.599662e+000
    endloop
  endfacet
  facet normal  1.045329e-002 -1.640387e-001 -9.863986e-001
    outer loop
      vertex -3.739777e+001  4.027423e+000  6.599662e+000
      vertex -3.756948e+001  5.465470e+000  6.358694e+000
      vertex -3.710770e+001  4.153822e+000  6.581716e+000
    endloop
  endfacet
  facet normal -4.261200e-003 -1.309775e-001 -9.913762e-001
    outer loop
      vertex -3.739777e+001  4.027423e+000  6.599662e+000
      vertex -3.710770e+001  4.153822e+000  6.581716e+000
      vertex -3.725331e+001  3.555836e+000  6.661345e+000
    endloop
  endfacet
  facet normal -5.913922e-002 -2.256260e-001 -9.724174e-001
    outer loop
      vertex -3.814159e+001  5.829117e+000  6.284392e+000
      vertex -3.814381e+001  6.705855e+000  6.081101e+000
      vertex -3.793181e+001  5.392685e+000  6.372897e+000
    endloop
  endfacet
  facet normal  5.142526e-003 -2.161227e-001 -9.763527e-001
    outer loop
      vertex -3.793181e+001  5.392685e+000  6.372897e+000
      vertex -3.814381e+001  6.705855e+000  6.081101e+000
      vertex -3.756948e+001  5.465470e+000  6.358694e+000
    endloop
  endfacet
  facet normal -1.958407e-003 -1.821247e-001 -9.832734e-001
    outer loop
      vertex -3.793181e+001  5.392685e+000  6.372897e+000
      vertex -3.756948e+001  5.465470e+000  6.358694e+000
      vertex -3.773755e+001  4.946523e+000  6.455150e+000
    endloop
  endfacet
  facet normal -5.256799e-002 -2.768308e-001 -9.594797e-001
    outer loop
      vertex -3.885117e+001  7.063777e+000  5.987698e+000
      vertex -3.881805e+001  7.864484e+000  5.754861e+000
      vertex -3.848078e+001  6.458526e+000  6.142033e+000
    endloop
  endfacet
  facet normal  1.747772e-002 -2.615563e-001 -9.650299e-001
    outer loop
      vertex -3.848078e+001  6.458526e+000  6.142033e+000
      vertex -3.881805e+001  7.864484e+000  5.754861e+000
      vertex -3.814381e+001  6.705855e+000  6.081101e+000
    endloop
  endfacet
  facet normal -1.033857e-002 -2.258920e-001 -9.740975e-001
    outer loop
      vertex -3.848078e+001  6.458526e+000  6.142033e+000
      vertex -3.814381e+001  6.705855e+000  6.081101e+000
      vertex -3.814159e+001  5.829117e+000  6.284392e+000
    endloop
  endfacet
  facet normal -3.040708e-001 -4.276644e-001 -8.512603e-001
    outer loop
      vertex -3.988243e+001  8.646463e+000  5.492286e+000
      vertex -4.003580e+001  9.074764e+000  5.331896e+000
      vertex -3.969522e+001  8.217571e+000  5.640887e+000
    endloop
  endfacet
  facet normal  7.886762e-003 -3.363238e-001 -9.417133e-001
    outer loop
      vertex -3.969522e+001  8.217571e+000  5.640887e+000
      vertex -4.003580e+001  9.074764e+000  5.331896e+000
      vertex -3.957943e+001  8.934235e+000  5.385907e+000
    endloop
  endfacet
  facet normal -3.929114e-002 -3.293034e-001 -9.434063e-001
    outer loop
      vertex -3.969522e+001  8.217571e+000  5.640887e+000
      vertex -3.957943e+001  8.934235e+000  5.385907e+000
      vertex -3.925882e+001  7.654364e+000  5.819304e+000
    endloop
  endfacet
  facet normal  1.289306e-002 -3.178095e-001 -9.480669e-001
    outer loop
      vertex -3.925882e+001  7.654364e+000  5.819304e+000
      vertex -3.957943e+001  8.934235e+000  5.385907e+000
      vertex -3.881805e+001  7.864484e+000  5.754861e+000
    endloop
  endfacet
  facet normal -7.426516e-003 -2.789315e-001 -9.602822e-001
    outer loop
      vertex -3.925882e+001  7.654364e+000  5.819304e+000
      vertex -3.881805e+001  7.864484e+000  5.754861e+000
      vertex -3.885117e+001  7.063777e+000  5.987698e+000
    endloop
  endfacet
  facet normal -3.754493e-003 -3.693512e-001 -9.292823e-001
    outer loop
      vertex -3.957943e+001  8.934235e+000  5.385907e+000
      vertex -4.003580e+001  9.074764e+000  5.331896e+000
      vertex -3.976059e+001  9.393613e+000  5.204055e+000
    endloop
  endfacet
  facet normal  3.215585e-003 -3.745352e-001 -9.272071e-001
    outer loop
      vertex -3.976059e+001  9.393613e+000  5.204055e+000
      vertex -4.003580e+001  9.074764e+000  5.331896e+000
      vertex -4.015678e+001  9.499163e+000  5.160046e+000
    endloop
  endfacet
  facet normal -3.742827e-003 -3.967765e-001 -9.179077e-001
    outer loop
      vertex -3.976059e+001  9.393613e+000  5.204055e+000
      vertex -4.015678e+001  9.499163e+000  5.160046e+000
      vertex -3.989956e+001  9.849138e+000  5.007716e+000
    endloop
  endfacet
  facet normal  2.732041e-003 -4.007792e-001 -9.161706e-001
    outer loop
      vertex -3.989956e+001  9.849138e+000  5.007716e+000
      vertex -4.015678e+001  9.499163e+000  5.160046e+000
      vertex -4.024712e+001  9.916670e+000  4.977138e+000
    endloop
  endfacet
  facet normal -6.193107e-003 -4.387514e-001 -8.985872e-001
    outer loop
      vertex -3.989956e+001  9.849138e+000  5.007716e+000
      vertex -4.024712e+001  9.916670e+000  4.977138e+000
      vertex -4.005322e+001  1.064601e+001  4.619687e+000
    endloop
  endfacet
  facet normal -3.405428e-002 -4.325181e-001 -9.009819e-001
    outer loop
      vertex -4.005322e+001  1.064601e+001  4.619687e+000
      vertex -4.024712e+001  9.916670e+000  4.977138e+000
      vertex -4.030884e+001  1.032463e+001  4.783629e+000
    endloop
  endfacet
  facet normal  4.000817e-003 -4.569266e-001 -8.894955e-001
    outer loop
      vertex -4.005322e+001  1.064601e+001  4.619687e+000
      vertex -4.030884e+001  1.032463e+001  4.783629e+000
      vertex -4.034415e+001  1.072071e+001  4.580007e+000
    endloop
  endfacet
  facet normal -9.276263e-003 -4.970459e-001 -8.676746e-001
    outer loop
      vertex -4.005322e+001  1.064601e+001  4.619687e+000
      vertex -4.034415e+001  1.072071e+001  4.580007e+000
      vertex -4.010000e+001  1.139475e+001  4.191273e+000
    endloop
  endfacet
  facet normal -3.763895e-002 -4.889714e-001 -8.714874e-001
    outer loop
      vertex -4.010000e+001  1.139475e+001  4.191273e+000
      vertex -4.034415e+001  1.072071e+001  4.580007e+000
      vertex -4.035530e+001  1.113464e+001  4.348239e+000
    endloop
  endfacet
  facet normal  8.787625e-003 -5.229658e-001 -8.523083e-001
    outer loop
      vertex -4.010000e+001  1.139475e+001  4.191273e+000
      vertex -4.035530e+001  1.113464e+001  4.348239e+000
      vertex -4.034121e+001  1.153005e+001  4.105771e+000
    endloop
  endfacet
  facet normal -2.078377e-002 -5.603307e-001 -8.280082e-001
    outer loop
      vertex -4.010000e+001  1.139475e+001  4.191273e+000
      vertex -4.034121e+001  1.153005e+001  4.105771e+000
      vertex -4.006202e+001  1.207969e+001  3.726810e+000
    endloop
  endfacet
  facet normal -3.222560e-002 -5.561891e-001 -8.304307e-001
    outer loop
      vertex -4.006202e+001  1.207969e+001  3.726810e+000
      vertex -4.034121e+001  1.153005e+001  4.105771e+000
      vertex -4.030504e+001  1.190503e+001  3.853217e+000
    endloop
  endfacet
  facet normal  4.017822e-002 -6.219208e-001 -7.820487e-001
    outer loop
      vertex -4.006202e+001  1.207969e+001  3.726810e+000
      vertex -4.030504e+001  1.190503e+001  3.853217e+000
      vertex -4.000249e+001  1.248635e+001  3.406469e+000
    endloop
  endfacet
  facet normal -5.767017e-002 -5.892925e-001 -8.058589e-001
    outer loop
      vertex -4.000249e+001  1.248635e+001  3.406469e+000
      vertex -4.030504e+001  1.190503e+001  3.853217e+000
      vertex -4.024998e+001  1.225800e+001  3.591168e+000
    endloop
  endfacet
  facet normal  1.485370e-002 -6.384823e-001 -7.694930e-001
    outer loop
      vertex -4.000249e+001  1.248635e+001  3.406469e+000
      vertex -4.024998e+001  1.225800e+001  3.591168e+000
      vertex -4.017336e+001  1.261152e+001  3.299310e+000
    endloop
  endfacet
  facet normal -4.639930e-002 -6.854288e-001 -7.266598e-001
    outer loop
      vertex -4.000249e+001  1.248635e+001  3.406469e+000
      vertex -4.017336e+001  1.261152e+001  3.299310e+000
      vertex -3.982808e+001  1.320096e+001  2.721275e+000
    endloop
  endfacet
  facet normal -1.279134e-001 -6.552115e-001 -7.445375e-001
    outer loop
      vertex -3.982808e+001  1.320096e+001  2.721275e+000
      vertex -4.017336e+001  1.261152e+001  3.299310e+000
      vertex -4.008266e+001  1.293641e+001  2.997821e+000
    endloop
  endfacet
  facet normal  8.268319e-003 -7.263745e-001 -6.872494e-001
    outer loop
      vertex -3.982808e+001  1.320096e+001  2.721275e+000
      vertex -4.008266e+001  1.293641e+001  2.997821e+000
      vertex -3.998201e+001  1.323134e+001  2.687308e+000
    endloop
  endfacet
  facet normal -1.005835e-002 -7.674927e-001 -6.409789e-001
    outer loop
      vertex -3.982808e+001  1.320096e+001  2.721275e+000
      vertex -3.998201e+001  1.323134e+001  2.687308e+000
      vertex -3.972588e+001  1.350339e+001  2.357545e+000
    endloop
  endfacet
  facet normal -3.513654e-003 -7.700345e-001 -6.379926e-001
    outer loop
      vertex -3.972588e+001  1.350339e+001  2.357545e+000
      vertex -3.998201e+001  1.323134e+001  2.687308e+000
      vertex -3.987568e+001  1.349512e+001  2.368347e+000
    endloop
  endfacet
  facet normal  4.368080e-003 -8.224548e-001 -5.688137e-001
    outer loop
      vertex -3.972588e+001  1.350339e+001  2.357545e+000
      vertex -3.987568e+001  1.349512e+001  2.368347e+000
      vertex -3.961897e+001  1.377429e+001  1.966669e+000
    endloop
  endfacet
  facet normal -2.594389e-002 -8.130338e-001 -5.816383e-001
    outer loop
      vertex -3.961897e+001  1.377429e+001  1.966669e+000
      vertex -3.987568e+001  1.349512e+001  2.368347e+000
      vertex -3.976207e+001  1.373875e+001  2.022725e+000
    endloop
  endfacet
  facet normal  2.966789e-002 -8.767393e-001 -4.800500e-001
    outer loop
      vertex -3.961897e+001  1.377429e+001  1.966669e+000
      vertex -3.976207e+001  1.373875e+001  2.022725e+000
      vertex -3.951925e+001  1.399768e+001  1.564849e+000
    endloop
  endfacet
  facet normal -6.765555e-002 -8.526689e-001 -5.180528e-001
    outer loop
      vertex -3.951925e+001  1.399768e+001  1.564849e+000
      vertex -3.976207e+001  1.373875e+001  2.022725e+000
      vertex -3.965269e+001  1.394493e+001  1.669085e+000
    endloop
  endfacet
  facet normal  8.627728e-002 -9.290878e-001 -3.596557e-001
    outer loop
      vertex -3.951925e+001  1.399768e+001  1.564849e+000
      vertex -3.965269e+001  1.394493e+001  1.669085e+000
      vertex -3.941653e+001  1.420556e+001  1.052471e+000
    endloop
  endfacet
  facet normal -2.989101e-001 -8.325550e-001 -4.663743e-001
    outer loop
      vertex -3.941653e+001  1.420556e+001  1.052471e+000
      vertex -3.965269e+001  1.394493e+001  1.669085e+000
      vertex -3.955007e+001  1.411776e+001  1.294785e+000
    endloop
  endfacet
  facet normal  6.304108e-002 -9.489455e-001 -3.090764e-001
    outer loop
      vertex -3.941653e+001  1.420556e+001  1.052471e+000
      vertex -3.955007e+001  1.411776e+001  1.294785e+000
      vertex -3.946557e+001  1.424738e+001  9.140754e-001
    endloop
  endfacet
  facet normal -1.190271e-001 -9.613390e-001 -2.483137e-001
    outer loop
      vertex -3.941653e+001  1.420556e+001  1.052471e+000
      vertex -3.946557e+001  1.424738e+001  9.140754e-001
      vertex -3.934896e+001  1.433235e+001  5.292291e-001
    endloop
  endfacet
  facet normal -1.737114e-001 -9.492462e-001 -2.622136e-001
    outer loop
      vertex -3.934896e+001  1.433235e+001  5.292291e-001
      vertex -3.946557e+001  1.424738e+001  9.140754e-001
      vertex -3.942705e+001  1.430303e+001  6.870857e-001
    endloop
  endfacet
  facet normal  2.882400e-002 -9.852458e-001 -1.687009e-001
    outer loop
      vertex -3.934896e+001  1.433235e+001  5.292291e-001
      vertex -3.942705e+001  1.430303e+001  6.870857e-001
      vertex -3.939851e+001  1.434296e+001  4.587947e-001
    endloop
  endfacet
  facet normal -9.289004e-002 -9.921178e-001 -8.410625e-002
    outer loop
      vertex -3.934896e+001  1.433235e+001  5.292291e-001
      vertex -3.939851e+001  1.434296e+001  4.587947e-001
      vertex -3.932535e+001  1.437500e+001  0.000000e+000
    endloop
  endfacet
  facet normal -3.862658e-001 -9.138210e-001 -1.254186e-001
    outer loop
      vertex -3.932535e+001  1.437500e+001  0.000000e+000
      vertex -3.939851e+001  1.434296e+001  4.587947e-001
      vertex -3.938094e+001  1.436698e+001  2.296192e-001
    endloop
  endfacet
  facet normal  0.000000e+000 -9.993907e-001 -3.490370e-002
    outer loop
      vertex -3.932535e+001  1.437500e+001  0.000000e+000
      vertex -3.938094e+001  1.436698e+001  2.296192e-001
      vertex -3.937500e+001  1.437500e+001  9.580236e-017
    endloop
  endfacet
  facet normal -3.624984e-003  1.896045e-001 -9.818539e-001
    outer loop
      vertex  3.751708e+001 -5.334871e+000  6.384012e+000
      vertex  3.782107e+001 -5.144000e+000  6.419748e+000
      vertex  3.807703e+001 -5.699193e+000  6.311591e+000
    endloop
  endfacet
  facet normal -2.488183e-003 -4.307259e-002 -9.990688e-001
    outer loop
      vertex  3.657397e+001  1.462745e+000  6.839314e+000
      vertex  3.684918e+001  1.555669e+000  6.834622e+000
      vertex  3.679720e+001  1.039979e+000  6.856985e+000
    endloop
  endfacet
  facet normal  2.702025e-002 -1.742063e-001 -9.843384e-001
    outer loop
      vertex  3.773755e+001  4.946523e+000  6.455150e+000
      vertex  3.755936e+001  4.491220e+000  6.530837e+000
      vertex  3.756948e+001  5.465470e+000  6.358694e+000
    endloop
  endfacet
  facet normal  5.826817e-002  9.923872e-001 -1.085017e-001
    outer loop
      vertex  3.939851e+001 -1.434295e+001  4.588103e-001
      vertex  3.938094e+001 -1.436698e+001  2.296267e-001
      vertex  3.934896e+001 -1.433235e+001  5.292291e-001
    endloop
  endfacet
  facet normal  5.192325e-001  8.535384e-001 -4.324277e-002
    outer loop
      vertex  3.934896e+001 -1.433235e+001  5.292291e-001
      vertex  3.938094e+001 -1.436698e+001  2.296267e-001
      vertex  3.937500e+001 -1.437500e+001  2.929879e-013
    endloop
  endfacet
  facet normal  4.740951e-013  9.967678e-001 -8.033784e-002
    outer loop
      vertex  3.934896e+001 -1.433235e+001  5.292291e-001
      vertex  3.937500e+001 -1.437500e+001  2.929879e-013
      vertex  3.932535e+001 -1.437500e+001  0.000000e+000
    endloop
  endfacet
  facet normal  1.045518e-001  9.616600e-001 -2.535330e-001
    outer loop
      vertex  3.946557e+001 -1.424737e+001  9.141096e-001
      vertex  3.942705e+001 -1.430303e+001  6.871103e-001
      vertex  3.941653e+001 -1.420556e+001  1.052471e+000
    endloop
  endfacet
  facet normal  5.014645e-001  8.394302e-001 -2.095003e-001
    outer loop
      vertex  3.941653e+001 -1.420556e+001  1.052471e+000
      vertex  3.942705e+001 -1.430303e+001  6.871103e-001
      vertex  3.939851e+001 -1.434295e+001  4.588103e-001
    endloop
  endfacet
  facet normal -1.066864e-001  9.693948e-001 -2.211145e-001
    outer loop
      vertex  3.941653e+001 -1.420556e+001  1.052471e+000
      vertex  3.939851e+001 -1.434295e+001  4.588103e-001
      vertex  3.934896e+001 -1.433235e+001  5.292291e-001
    endloop
  endfacet
  facet normal -4.010095e-002  9.112900e-001 -4.098077e-001
    outer loop
      vertex  3.965271e+001 -1.394489e+001  1.669163e+000
      vertex  3.955008e+001 -1.411774e+001  1.294842e+000
      vertex  3.951925e+001 -1.399768e+001  1.564849e+000
    endloop
  endfacet
  facet normal  2.757780e-001  8.895984e-001 -3.640893e-001
    outer loop
      vertex  3.951925e+001 -1.399768e+001  1.564849e+000
      vertex  3.955008e+001 -1.411774e+001  1.294842e+000
      vertex  3.946557e+001 -1.424737e+001  9.141096e-001
    endloop
  endfacet
  facet normal -1.724889e-001  9.243111e-001 -3.404359e-001
    outer loop
      vertex  3.951925e+001 -1.399768e+001  1.564849e+000
      vertex  3.946557e+001 -1.424737e+001  9.141096e-001
      vertex  3.941653e+001 -1.420556e+001  1.052471e+000
    endloop
  endfacet
  facet normal  2.332547e-002  7.210717e-001 -6.924678e-001
    outer loop
      vertex  4.008268e+001 -1.293637e+001  2.997859e+000
      vertex  3.998203e+001 -1.323129e+001  2.687361e+000
      vertex  3.992298e+001 -1.285887e+001  3.073181e+000
    endloop
  endfacet
  facet normal  2.045728e-001  7.197279e-001 -6.634317e-001
    outer loop
      vertex  3.992298e+001 -1.285887e+001  3.073181e+000
      vertex  3.998203e+001 -1.323129e+001  2.687361e+000
      vertex  3.987570e+001 -1.349507e+001  2.368413e+000
    endloop
  endfacet
  facet normal  7.430940e-003  7.420239e-001 -6.703323e-001
    outer loop
      vertex  3.992298e+001 -1.285887e+001  3.073181e+000
      vertex  3.987570e+001 -1.349507e+001  2.368413e+000
      vertex  3.972588e+001 -1.350339e+001  2.357545e+000
    endloop
  endfacet
  facet normal -3.671814e-003  8.178963e-001 -5.753540e-001
    outer loop
      vertex  3.972588e+001 -1.350339e+001  2.357545e+000
      vertex  3.987570e+001 -1.349507e+001  2.368413e+000
      vertex  3.976210e+001 -1.373871e+001  2.022799e+000
    endloop
  endfacet
  facet normal  2.126834e-002  8.189847e-001 -5.734211e-001
    outer loop
      vertex  3.972588e+001 -1.350339e+001  2.357545e+000
      vertex  3.976210e+001 -1.373871e+001  2.022799e+000
      vertex  3.961897e+001 -1.377429e+001  1.966669e+000
    endloop
  endfacet
  facet normal -1.967749e-002  8.663552e-001 -4.990408e-001
    outer loop
      vertex  3.961897e+001 -1.377429e+001  1.966669e+000
      vertex  3.976210e+001 -1.373871e+001  2.022799e+000
      vertex  3.965271e+001 -1.394489e+001  1.669163e+000
    endloop
  endfacet
  facet normal  4.206955e-002  8.687713e-001 -4.934234e-001
    outer loop
      vertex  3.961897e+001 -1.377429e+001  1.966669e+000
      vertex  3.965271e+001 -1.394489e+001  1.669163e+000
      vertex  3.951925e+001 -1.399768e+001  1.564849e+000
    endloop
  endfacet
  facet normal -1.211658e-002  5.972710e-001 -8.019480e-001
    outer loop
      vertex  4.030505e+001 -1.190501e+001  3.853233e+000
      vertex  4.024999e+001 -1.225798e+001  3.591182e+000
      vertex  4.006202e+001 -1.207969e+001  3.726810e+000
    endloop
  endfacet
  facet normal  3.952835e-002  6.310304e-001 -7.747503e-001
    outer loop
      vertex  4.006202e+001 -1.207969e+001  3.726810e+000
      vertex  4.024999e+001 -1.225798e+001  3.591182e+000
      vertex  4.017337e+001 -1.261150e+001  3.299334e+000
    endloop
  endfacet
  facet normal -3.538418e-002  6.216015e-001 -7.825342e-001
    outer loop
      vertex  4.006202e+001 -1.207969e+001  3.726810e+000
      vertex  4.017337e+001 -1.261150e+001  3.299334e+000
      vertex  4.000249e+001 -1.248635e+001  3.406469e+000
    endloop
  endfacet
  facet normal  3.221956e-002  6.750164e-001 -7.370988e-001
    outer loop
      vertex  4.000249e+001 -1.248635e+001  3.406469e+000
      vertex  4.017337e+001 -1.261150e+001  3.299334e+000
      vertex  4.008268e+001 -1.293637e+001  2.997859e+000
    endloop
  endfacet
  facet normal -2.520403e-002  6.695458e-001 -7.423430e-001
    outer loop
      vertex  4.000249e+001 -1.248635e+001  3.406469e+000
      vertex  4.008268e+001 -1.293637e+001  2.997859e+000
      vertex  3.992298e+001 -1.285887e+001  3.073181e+000
    endloop
  endfacet
  facet normal  6.472540e-003  4.886670e-001 -8.724464e-001
    outer loop
      vertex  4.034414e+001 -1.072069e+001  4.580016e+000
      vertex  4.035530e+001 -1.113463e+001  4.348245e+000
      vertex  4.005322e+001 -1.064601e+001  4.619687e+000
    endloop
  endfacet
  facet normal  7.511497e-002  5.193350e-001 -8.512632e-001
    outer loop
      vertex  4.005322e+001 -1.064601e+001  4.619687e+000
      vertex  4.035530e+001 -1.113463e+001  4.348245e+000
      vertex  4.034121e+001 -1.153003e+001  4.105782e+000
    endloop
  endfacet
  facet normal -3.017406e-002  4.949838e-001 -8.683781e-001
    outer loop
      vertex  4.005322e+001 -1.064601e+001  4.619687e+000
      vertex  4.034121e+001 -1.153003e+001  4.105782e+000
      vertex  4.010000e+001 -1.139475e+001  4.191273e+000
    endloop
  endfacet
  facet normal  1.834172e-002  5.573058e-001 -8.301047e-001
    outer loop
      vertex  4.010000e+001 -1.139475e+001  4.191273e+000
      vertex  4.034121e+001 -1.153003e+001  4.105782e+000
      vertex  4.030505e+001 -1.190501e+001  3.853233e+000
    endloop
  endfacet
  facet normal  2.829109e-002  5.599419e-001 -8.280487e-001
    outer loop
      vertex  4.010000e+001 -1.139475e+001  4.191273e+000
      vertex  4.030505e+001 -1.190501e+001  3.853233e+000
      vertex  4.006202e+001 -1.207969e+001  3.726810e+000
    endloop
  endfacet
  facet normal  3.893673e-003  4.290420e-001 -9.032760e-001
    outer loop
      vertex  4.024712e+001 -9.916656e+000  4.977144e+000
      vertex  4.030884e+001 -1.032461e+001  4.783637e+000
      vertex  3.989956e+001 -9.849138e+000  5.007716e+000
    endloop
  endfacet
  facet normal  4.919089e-002  4.601226e-001 -8.864917e-001
    outer loop
      vertex  3.989956e+001 -9.849138e+000  5.007716e+000
      vertex  4.030884e+001 -1.032461e+001  4.783637e+000
      vertex  4.034414e+001 -1.072069e+001  4.580016e+000
    endloop
  endfacet
  facet normal -1.075876e-002  4.360916e-001 -8.998380e-001
    outer loop
      vertex  3.989956e+001 -9.849138e+000  5.007716e+000
      vertex  4.034414e+001 -1.072069e+001  4.580016e+000
      vertex  4.005322e+001 -1.064601e+001  4.619687e+000
    endloop
  endfacet
  facet normal -5.842385e-003  3.660750e-001 -9.305670e-001
    outer loop
      vertex  3.957943e+001 -8.934235e+000  5.385907e+000
      vertex  4.015677e+001 -9.499152e+000  5.160050e+000
      vertex  3.976059e+001 -9.393613e+000  5.204055e+000
    endloop
  endfacet
  facet normal  5.470193e-003  4.022623e-001 -9.155081e-001
    outer loop
      vertex  3.976059e+001 -9.393613e+000  5.204055e+000
      vertex  4.015677e+001 -9.499152e+000  5.160050e+000
      vertex  4.024712e+001 -9.916656e+000  4.977144e+000
    endloop
  endfacet
  facet normal -4.131898e-003  3.947498e-001 -9.187793e-001
    outer loop
      vertex  3.976059e+001 -9.393613e+000  5.204055e+000
      vertex  4.024712e+001 -9.916656e+000  4.977144e+000
      vertex  3.989956e+001 -9.849138e+000  5.007716e+000
    endloop
  endfacet
  facet normal  6.436803e-003  3.768924e-001 -9.262347e-001
    outer loop
      vertex  4.015677e+001 -9.499152e+000  5.160050e+000
      vertex  3.957943e+001 -8.934235e+000  5.385907e+000
      vertex  4.003580e+001 -9.074757e+000  5.331899e+000
    endloop
  endfacet
  facet normal -1.517052e-002  3.154050e-001 -9.488359e-001
    outer loop
      vertex  4.003580e+001 -9.074757e+000  5.331899e+000
      vertex  3.957943e+001 -8.934235e+000  5.385907e+000
      vertex  3.879366e+001 -7.826576e+000  5.766670e+000
    endloop
  endfacet
  facet normal  3.823366e-002  3.624184e-001 -9.312309e-001
    outer loop
      vertex  4.003580e+001 -9.074757e+000  5.331899e+000
      vertex  3.879366e+001 -7.826576e+000  5.766670e+000
      vertex  3.988242e+001 -8.646460e+000  5.492288e+000
    endloop
  endfacet
  facet normal -2.977478e-003  3.138008e-001 -9.494842e-001
    outer loop
      vertex  3.988242e+001 -8.646460e+000  5.492288e+000
      vertex  3.879366e+001 -7.826576e+000  5.766670e+000
      vertex  3.933004e+001 -7.750743e+000  5.790051e+000
    endloop
  endfacet
  facet normal  7.265019e-002  3.546809e-001 -9.321606e-001
    outer loop
      vertex  3.988242e+001 -8.646460e+000  5.492288e+000
      vertex  3.933004e+001 -7.750743e+000  5.790051e+000
      vertex  3.969522e+001 -8.217571e+000  5.640887e+000
    endloop
  endfacet
  facet normal  4.417763e-003  2.609270e-001 -9.653484e-001
    outer loop
      vertex  3.865989e+001 -6.760508e+000  6.067247e+000
      vertex  3.898459e+001 -7.264869e+000  5.932407e+000
      vertex  3.810150e+001 -6.624104e+000  6.101561e+000
    endloop
  endfacet
  facet normal  4.132235e-002  3.078759e-001 -9.505287e-001
    outer loop
      vertex  3.810150e+001 -6.624104e+000  6.101561e+000
      vertex  3.898459e+001 -7.264869e+000  5.932407e+000
      vertex  3.933004e+001 -7.750743e+000  5.790051e+000
    endloop
  endfacet
  facet normal  3.752697e-003  2.702932e-001 -9.627708e-001
    outer loop
      vertex  3.810150e+001 -6.624104e+000  6.101561e+000
      vertex  3.933004e+001 -7.750743e+000  5.790051e+000
      vertex  3.879366e+001 -7.826576e+000  5.766670e+000
    endloop
  endfacet
  facet normal  1.873710e-002  2.225597e-001 -9.747391e-001
    outer loop
      vertex  3.807703e+001 -5.699193e+000  6.311591e+000
      vertex  3.835701e+001 -6.238345e+000  6.193870e+000
      vertex  3.751708e+001 -5.334871e+000  6.384012e+000
    endloop
  endfacet
  facet normal  8.754785e-002  2.824360e-001 -9.552828e-001
    outer loop
      vertex  3.751708e+001 -5.334871e+000  6.384012e+000
      vertex  3.835701e+001 -6.238345e+000  6.193870e+000
      vertex  3.865989e+001 -6.760508e+000  6.067247e+000
    endloop
  endfacet
  facet normal -8.720965e-003  2.102269e-001 -9.776137e-001
    outer loop
      vertex  3.751708e+001 -5.334871e+000  6.384012e+000
      vertex  3.865989e+001 -6.760508e+000  6.067247e+000
      vertex  3.810150e+001 -6.624104e+000  6.101561e+000
    endloop
  endfacet
  facet normal  5.607210e-003  5.633129e-002 -9.983964e-001
    outer loop
      vertex  3.682407e+001 -1.331900e+000  6.845426e+000
      vertex  3.690968e+001 -1.992752e+000  6.808620e+000
      vertex  3.655149e+001 -1.220880e+000  6.850159e+000
    endloop
  endfacet
  facet normal  8.586904e-002  9.322922e-002 -9.919349e-001
    outer loop
      vertex  3.655149e+001 -1.220880e+000  6.850159e+000
      vertex  3.690968e+001 -1.992752e+000  6.808620e+000
      vertex  3.702872e+001 -2.646164e+000  6.757514e+000
    endloop
  endfacet
  facet normal -8.315754e-003  6.208949e-002 -9.980360e-001
    outer loop
      vertex  3.655149e+001 -1.220880e+000  6.850159e+000
      vertex  3.702872e+001 -2.646164e+000  6.757514e+000
      vertex  3.672556e+001 -2.547629e+000  6.766170e+000
    endloop
  endfacet
  facet normal  4.588068e-003  1.015083e-001 -9.948241e-001
    outer loop
      vertex  3.672556e+001 -2.547629e+000  6.766170e+000
      vertex  3.702872e+001 -2.646164e+000  6.757514e+000
      vertex  3.718041e+001 -3.289941e+000  6.692524e+000
    endloop
  endfacet
  facet normal -1.061130e-003  9.808181e-002 -9.951778e-001
    outer loop
      vertex  3.672556e+001 -2.547629e+000  6.766170e+000
      vertex  3.718041e+001 -3.289941e+000  6.692524e+000
      vertex  3.687249e+001 -3.265482e+000  6.695263e+000
    endloop
  endfacet
  facet normal  9.673650e-004  1.233048e-001 -9.923684e-001
    outer loop
      vertex  3.687249e+001 -3.265482e+000  6.695263e+000
      vertex  3.718041e+001 -3.289941e+000  6.692524e+000
      vertex  3.736378e+001 -3.922052e+000  6.614161e+000
    endloop
  endfacet
  facet normal  1.825694e-003  1.239372e-001 -9.922884e-001
    outer loop
      vertex  3.687249e+001 -3.265482e+000  6.695263e+000
      vertex  3.736378e+001 -3.922052e+000  6.614161e+000
      vertex  3.705429e+001 -3.970803e+000  6.607503e+000
    endloop
  endfacet
  facet normal -1.590946e-003  1.452322e-001 -9.893963e-001
    outer loop
      vertex  3.705429e+001 -3.970803e+000  6.607503e+000
      vertex  3.736378e+001 -3.922052e+000  6.614161e+000
      vertex  3.757774e+001 -4.540635e+000  6.523016e+000
    endloop
  endfacet
  facet normal  3.799774e-003  1.500760e-001 -9.886671e-001
    outer loop
      vertex  3.705429e+001 -3.970803e+000  6.607503e+000
      vertex  3.757774e+001 -4.540635e+000  6.523016e+000
      vertex  3.726965e+001 -4.661294e+000  6.503517e+000
    endloop
  endfacet
  facet normal -3.182445e-003  1.674526e-001 -9.858750e-001
    outer loop
      vertex  3.726965e+001 -4.661294e+000  6.503517e+000
      vertex  3.757774e+001 -4.540635e+000  6.523016e+000
      vertex  3.782107e+001 -5.144000e+000  6.419748e+000
    endloop
  endfacet
  facet normal  4.926701e-003  1.764424e-001 -9.842986e-001
    outer loop
      vertex  3.726965e+001 -4.661294e+000  6.503517e+000
      vertex  3.782107e+001 -5.144000e+000  6.419748e+000
      vertex  3.751708e+001 -5.334871e+000  6.384012e+000
    endloop
  endfacet
  facet normal  6.207442e-003  1.119937e-002 -9.999180e-001
    outer loop
      vertex  3.675536e+001  2.584914e-003  6.875000e+000
      vertex  3.677250e+001 -6.659575e-001  6.867619e+000
      vertex  3.650051e+001  1.217454e-001  6.874753e+000
    endloop
  endfacet
  facet normal  9.015369e-002  4.014272e-002 -9.951185e-001
    outer loop
      vertex  3.650051e+001  1.217454e-001  6.874753e+000
      vertex  3.677250e+001 -6.659575e-001  6.867619e+000
      vertex  3.682407e+001 -1.331900e+000  6.845426e+000
    endloop
  endfacet
  facet normal -1.005695e-002  1.793162e-002 -9.997886e-001
    outer loop
      vertex  3.650051e+001  1.217454e-001  6.874753e+000
      vertex  3.682407e+001 -1.331900e+000  6.845426e+000
      vertex  3.655149e+001 -1.220880e+000  6.850159e+000
    endloop
  endfacet
  facet normal  2.678275e-002 -2.762443e-002 -9.992595e-001
    outer loop
      vertex  3.679720e+001  1.039979e+000  6.856985e+000
      vertex  3.676588e+001  5.218921e-001  6.870468e+000
      vertex  3.657397e+001  1.462745e+000  6.839314e+000
    endloop
  endfacet
  facet normal  1.080948e-001 -1.086675e-002 -9.940812e-001
    outer loop
      vertex  3.657397e+001  1.462745e+000  6.839314e+000
      vertex  3.676588e+001  5.218921e-001  6.870468e+000
      vertex  3.675536e+001  2.584914e-003  6.875000e+000
    endloop
  endfacet
  facet normal -1.109659e-002 -2.580865e-002 -9.996053e-001
    outer loop
      vertex  3.657397e+001  1.462745e+000  6.839314e+000
      vertex  3.675536e+001  2.584914e-003  6.875000e+000
      vertex  3.650051e+001  1.217454e-001  6.874753e+000
    endloop
  endfacet
  facet normal  9.221181e-003 -7.970922e-002 -9.967754e-001
    outer loop
      vertex  3.701414e+001  2.575355e+000  6.763768e+000
      vertex  3.692160e+001  2.067824e+000  6.803498e+000
      vertex  3.676991e+001  2.784723e+000  6.744766e+000
    endloop
  endfacet
  facet normal  5.967716e-002 -6.895638e-002 -9.958332e-001
    outer loop
      vertex  3.676991e+001  2.784723e+000  6.744766e+000
      vertex  3.692160e+001  2.067824e+000  6.803498e+000
      vertex  3.684918e+001  1.555669e+000  6.834622e+000
    endloop
  endfacet
  facet normal  7.455104e-003 -7.243507e-002 -9.973453e-001
    outer loop
      vertex  3.676991e+001  2.784723e+000  6.744766e+000
      vertex  3.684918e+001  1.555669e+000  6.834622e+000
      vertex  3.657397e+001  1.462745e+000  6.839314e+000
    endloop
  endfacet
  facet normal  3.850114e-002 -1.226832e-001 -9.916988e-001
    outer loop
      vertex  3.725331e+001  3.555836e+000  6.661345e+000
      vertex  3.712644e+001  3.077217e+000  6.715630e+000
      vertex  3.710770e+001  4.153822e+000  6.581716e+000
    endloop
  endfacet
  facet normal  1.163653e-001 -1.206014e-001 -9.858572e-001
    outer loop
      vertex  3.710770e+001  4.153822e+000  6.581716e+000
      vertex  3.712644e+001  3.077217e+000  6.715630e+000
      vertex  3.701414e+001  2.575355e+000  6.763768e+000
    endloop
  endfacet
  facet normal -1.991663e-002 -1.133877e-001 -9.933512e-001
    outer loop
      vertex  3.710770e+001  4.153822e+000  6.581716e+000
      vertex  3.701414e+001  2.575355e+000  6.763768e+000
      vertex  3.676991e+001  2.784723e+000  6.744766e+000
    endloop
  endfacet
  facet normal  4.261200e-003 -1.309775e-001 -9.913762e-001
    outer loop
      vertex  3.725331e+001  3.555836e+000  6.661345e+000
      vertex  3.710770e+001  4.153822e+000  6.581716e+000
      vertex  3.739777e+001  4.027423e+000  6.599662e+000
    endloop
  endfacet
  facet normal -1.045329e-002 -1.640387e-001 -9.863986e-001
    outer loop
      vertex  3.739777e+001  4.027423e+000  6.599662e+000
      vertex  3.710770e+001  4.153822e+000  6.581716e+000
      vertex  3.756948e+001  5.465470e+000  6.358694e+000
    endloop
  endfacet
  facet normal  8.215612e-002 -1.742374e-001 -9.812704e-001
    outer loop
      vertex  3.739777e+001  4.027423e+000  6.599662e+000
      vertex  3.756948e+001  5.465470e+000  6.358694e+000
      vertex  3.755936e+001  4.491220e+000  6.530837e+000
    endloop
  endfacet
  facet normal  1.958407e-003 -1.821247e-001 -9.832734e-001
    outer loop
      vertex  3.773755e+001  4.946523e+000  6.455150e+000
      vertex  3.756948e+001  5.465470e+000  6.358694e+000
      vertex  3.793181e+001  5.392685e+000  6.372897e+000
    endloop
  endfacet
  facet normal -5.142526e-003 -2.161227e-001 -9.763527e-001
    outer loop
      vertex  3.793181e+001  5.392685e+000  6.372897e+000
      vertex  3.756948e+001  5.465470e+000  6.358694e+000
      vertex  3.814381e+001  6.705855e+000  6.081101e+000
    endloop
  endfacet
  facet normal  5.913922e-002 -2.256260e-001 -9.724174e-001
    outer loop
      vertex  3.793181e+001  5.392685e+000  6.372897e+000
      vertex  3.814381e+001  6.705855e+000  6.081101e+000
      vertex  3.814159e+001  5.829117e+000  6.284392e+000
    endloop
  endfacet
  facet normal  1.033857e-002 -2.258920e-001 -9.740975e-001
    outer loop
      vertex  3.814159e+001  5.829117e+000  6.284392e+000
      vertex  3.814381e+001  6.705855e+000  6.081101e+000
      vertex  3.848078e+001  6.458526e+000  6.142033e+000
    endloop
  endfacet
  facet normal -1.747772e-002 -2.615563e-001 -9.650299e-001
    outer loop
      vertex  3.848078e+001  6.458526e+000  6.142033e+000
      vertex  3.814381e+001  6.705855e+000  6.081101e+000
      vertex  3.881805e+001  7.864484e+000  5.754861e+000
    endloop
  endfacet
  facet normal  5.256799e-002 -2.768308e-001 -9.594797e-001
    outer loop
      vertex  3.848078e+001  6.458526e+000  6.142033e+000
      vertex  3.881805e+001  7.864484e+000  5.754861e+000
      vertex  3.885117e+001  7.063777e+000  5.987698e+000
    endloop
  endfacet
  facet normal  7.426516e-003 -2.789315e-001 -9.602822e-001
    outer loop
      vertex  3.885117e+001  7.063777e+000  5.987698e+000
      vertex  3.881805e+001  7.864484e+000  5.754861e+000
      vertex  3.925882e+001  7.654364e+000  5.819304e+000
    endloop
  endfacet
  facet normal -1.289306e-002 -3.178095e-001 -9.480669e-001
    outer loop
      vertex  3.925882e+001  7.654364e+000  5.819304e+000
      vertex  3.881805e+001  7.864484e+000  5.754861e+000
      vertex  3.957943e+001  8.934235e+000  5.385907e+000
    endloop
  endfacet
  facet normal  3.929114e-002 -3.293034e-001 -9.434063e-001
    outer loop
      vertex  3.925882e+001  7.654364e+000  5.819304e+000
      vertex  3.957943e+001  8.934235e+000  5.385907e+000
      vertex  3.969522e+001  8.217571e+000  5.640887e+000
    endloop
  endfacet
  facet normal -7.886762e-003 -3.363238e-001 -9.417133e-001
    outer loop
      vertex  3.969522e+001  8.217571e+000  5.640887e+000
      vertex  3.957943e+001  8.934235e+000  5.385907e+000
      vertex  4.003580e+001  9.074764e+000  5.331896e+000
    endloop
  endfacet
  facet normal  3.040708e-001 -4.276644e-001 -8.512603e-001
    outer loop
      vertex  3.969522e+001  8.217571e+000  5.640887e+000
      vertex  4.003580e+001  9.074764e+000  5.331896e+000
      vertex  3.988243e+001  8.646463e+000  5.492286e+000
    endloop
  endfacet
  facet normal -4.000817e-003 -4.569266e-001 -8.894955e-001
    outer loop
      vertex  4.034415e+001  1.072071e+001  4.580007e+000
      vertex  4.030884e+001  1.032463e+001  4.783629e+000
      vertex  4.005322e+001  1.064601e+001  4.619687e+000
    endloop
  endfacet
  facet normal  3.405428e-002 -4.325181e-001 -9.009819e-001
    outer loop
      vertex  4.005322e+001  1.064601e+001  4.619687e+000
      vertex  4.030884e+001  1.032463e+001  4.783629e+000
      vertex  4.024712e+001  9.916670e+000  4.977138e+000
    endloop
  endfacet
  facet normal  6.193107e-003 -4.387514e-001 -8.985872e-001
    outer loop
      vertex  4.005322e+001  1.064601e+001  4.619687e+000
      vertex  4.024712e+001  9.916670e+000  4.977138e+000
      vertex  3.989956e+001  9.849138e+000  5.007716e+000
    endloop
  endfacet
  facet normal -2.732041e-003 -4.007792e-001 -9.161706e-001
    outer loop
      vertex  3.989956e+001  9.849138e+000  5.007716e+000
      vertex  4.024712e+001  9.916670e+000  4.977138e+000
      vertex  4.015678e+001  9.499163e+000  5.160046e+000
    endloop
  endfacet
  facet normal  3.742827e-003 -3.967765e-001 -9.179077e-001
    outer loop
      vertex  3.989956e+001  9.849138e+000  5.007716e+000
      vertex  4.015678e+001  9.499163e+000  5.160046e+000
      vertex  3.976059e+001  9.393613e+000  5.204055e+000
    endloop
  endfacet
  facet normal -3.215585e-003 -3.745352e-001 -9.272071e-001
    outer loop
      vertex  3.976059e+001  9.393613e+000  5.204055e+000
      vertex  4.015678e+001  9.499163e+000  5.160046e+000
      vertex  4.003580e+001  9.074764e+000  5.331896e+000
    endloop
  endfacet
  facet normal  3.754493e-003 -3.693512e-001 -9.292823e-001
    outer loop
      vertex  3.976059e+001  9.393613e+000  5.204055e+000
      vertex  4.003580e+001  9.074764e+000  5.331896e+000
      vertex  3.957943e+001  8.934235e+000  5.385907e+000
    endloop
  endfacet
  facet normal -8.787625e-003 -5.229658e-001 -8.523083e-001
    outer loop
      vertex  4.034121e+001  1.153005e+001  4.105771e+000
      vertex  4.035530e+001  1.113464e+001  4.348239e+000
      vertex  4.010000e+001  1.139475e+001  4.191273e+000
    endloop
  endfacet
  facet normal  3.763895e-002 -4.889714e-001 -8.714874e-001
    outer loop
      vertex  4.010000e+001  1.139475e+001  4.191273e+000
      vertex  4.035530e+001  1.113464e+001  4.348239e+000
      vertex  4.034415e+001  1.072071e+001  4.580007e+000
    endloop
  endfacet
  facet normal  9.276263e-003 -4.970459e-001 -8.676746e-001
    outer loop
      vertex  4.010000e+001  1.139475e+001  4.191273e+000
      vertex  4.034415e+001  1.072071e+001  4.580007e+000
      vertex  4.005322e+001  1.064601e+001  4.619687e+000
    endloop
  endfacet
  facet normal -1.485370e-002 -6.384823e-001 -7.694930e-001
    outer loop
      vertex  4.017336e+001  1.261152e+001  3.299310e+000
      vertex  4.024998e+001  1.225800e+001  3.591168e+000
      vertex  4.000249e+001  1.248635e+001  3.406469e+000
    endloop
  endfacet
  facet normal  5.767017e-002 -5.892925e-001 -8.058589e-001
    outer loop
      vertex  4.000249e+001  1.248635e+001  3.406469e+000
      vertex  4.024998e+001  1.225800e+001  3.591168e+000
      vertex  4.030504e+001  1.190503e+001  3.853217e+000
    endloop
  endfacet
  facet normal -4.017822e-002 -6.219208e-001 -7.820487e-001
    outer loop
      vertex  4.000249e+001  1.248635e+001  3.406469e+000
      vertex  4.030504e+001  1.190503e+001  3.853217e+000
      vertex  4.006202e+001  1.207969e+001  3.726810e+000
    endloop
  endfacet
  facet normal  3.222560e-002 -5.561891e-001 -8.304307e-001
    outer loop
      vertex  4.006202e+001  1.207969e+001  3.726810e+000
      vertex  4.030504e+001  1.190503e+001  3.853217e+000
      vertex  4.034121e+001  1.153005e+001  4.105771e+000
    endloop
  endfacet
  facet normal  2.078377e-002 -5.603307e-001 -8.280082e-001
    outer loop
      vertex  4.006202e+001  1.207969e+001  3.726810e+000
      vertex  4.034121e+001  1.153005e+001  4.105771e+000
      vertex  4.010000e+001  1.139475e+001  4.191273e+000
    endloop
  endfacet
  facet normal -8.268319e-003 -7.263745e-001 -6.872494e-001
    outer loop
      vertex  3.998201e+001  1.323134e+001  2.687308e+000
      vertex  4.008266e+001  1.293641e+001  2.997821e+000
      vertex  3.982808e+001  1.320096e+001  2.721275e+000
    endloop
  endfacet
  facet normal  1.279134e-001 -6.552115e-001 -7.445375e-001
    outer loop
      vertex  3.982808e+001  1.320096e+001  2.721275e+000
      vertex  4.008266e+001  1.293641e+001  2.997821e+000
      vertex  4.017336e+001  1.261152e+001  3.299310e+000
    endloop
  endfacet
  facet normal  4.639930e-002 -6.854288e-001 -7.266598e-001
    outer loop
      vertex  3.982808e+001  1.320096e+001  2.721275e+000
      vertex  4.017336e+001  1.261152e+001  3.299310e+000
      vertex  4.000249e+001  1.248635e+001  3.406469e+000
    endloop
  endfacet
  facet normal -6.304108e-002 -9.489455e-001 -3.090764e-001
    outer loop
      vertex  3.946557e+001  1.424738e+001  9.140754e-001
      vertex  3.955007e+001  1.411776e+001  1.294785e+000
      vertex  3.941653e+001  1.420556e+001  1.052471e+000
    endloop
  endfacet
  facet normal  2.989101e-001 -8.325550e-001 -4.663743e-001
    outer loop
      vertex  3.941653e+001  1.420556e+001  1.052471e+000
      vertex  3.955007e+001  1.411776e+001  1.294785e+000
      vertex  3.965269e+001  1.394493e+001  1.669085e+000
    endloop
  endfacet
  facet normal -8.627728e-002 -9.290878e-001 -3.596557e-001
    outer loop
      vertex  3.941653e+001  1.420556e+001  1.052471e+000
      vertex  3.965269e+001  1.394493e+001  1.669085e+000
      vertex  3.951925e+001  1.399768e+001  1.564849e+000
    endloop
  endfacet
  facet normal  6.765555e-002 -8.526689e-001 -5.180528e-001
    outer loop
      vertex  3.951925e+001  1.399768e+001  1.564849e+000
      vertex  3.965269e+001  1.394493e+001  1.669085e+000
      vertex  3.976207e+001  1.373875e+001  2.022725e+000
    endloop
  endfacet
  facet normal -2.966789e-002 -8.767393e-001 -4.800500e-001
    outer loop
      vertex  3.951925e+001  1.399768e+001  1.564849e+000
      vertex  3.976207e+001  1.373875e+001  2.022725e+000
      vertex  3.961897e+001  1.377429e+001  1.966669e+000
    endloop
  endfacet
  facet normal  2.594389e-002 -8.130338e-001 -5.816383e-001
    outer loop
      vertex  3.961897e+001  1.377429e+001  1.966669e+000
      vertex  3.976207e+001  1.373875e+001  2.022725e+000
      vertex  3.987568e+001  1.349512e+001  2.368347e+000
    endloop
  endfacet
  facet normal -4.368080e-003 -8.224548e-001 -5.688137e-001
    outer loop
      vertex  3.961897e+001  1.377429e+001  1.966669e+000
      vertex  3.987568e+001  1.349512e+001  2.368347e+000
      vertex  3.972588e+001  1.350339e+001  2.357545e+000
    endloop
  endfacet
  facet normal  3.513654e-003 -7.700345e-001 -6.379926e-001
    outer loop
      vertex  3.972588e+001  1.350339e+001  2.357545e+000
      vertex  3.987568e+001  1.349512e+001  2.368347e+000
      vertex  3.998201e+001  1.323134e+001  2.687308e+000
    endloop
  endfacet
  facet normal  1.005835e-002 -7.674927e-001 -6.409789e-001
    outer loop
      vertex  3.972588e+001  1.350339e+001  2.357545e+000
      vertex  3.998201e+001  1.323134e+001  2.687308e+000
      vertex  3.982808e+001  1.320096e+001  2.721275e+000
    endloop
  endfacet
  facet normal -2.882400e-002 -9.852458e-001 -1.687009e-001
    outer loop
      vertex  3.939851e+001  1.434296e+001  4.587947e-001
      vertex  3.942705e+001  1.430303e+001  6.870857e-001
      vertex  3.934896e+001  1.433235e+001  5.292291e-001
    endloop
  endfacet
  facet normal  1.737114e-001 -9.492462e-001 -2.622136e-001
    outer loop
      vertex  3.934896e+001  1.433235e+001  5.292291e-001
      vertex  3.942705e+001  1.430303e+001  6.870857e-001
      vertex  3.946557e+001  1.424738e+001  9.140754e-001
    endloop
  endfacet
  facet normal  1.190271e-001 -9.613390e-001 -2.483137e-001
    outer loop
      vertex  3.934896e+001  1.433235e+001  5.292291e-001
      vertex  3.946557e+001  1.424738e+001  9.140754e-001
      vertex  3.941653e+001  1.420556e+001  1.052471e+000
    endloop
  endfacet
  facet normal  0.000000e+000 -9.993907e-001 -3.490370e-002
    outer loop
      vertex  3.937500e+001  1.437500e+001  0.000000e+000
      vertex  3.938094e+001  1.436698e+001  2.296192e-001
      vertex  3.932535e+001  1.437500e+001  0.000000e+000
    endloop
  endfacet
  facet normal  3.862658e-001 -9.138210e-001 -1.254186e-001
    outer loop
      vertex  3.932535e+001  1.437500e+001  0.000000e+000
      vertex  3.938094e+001  1.436698e+001  2.296192e-001
      vertex  3.939851e+001  1.434296e+001  4.587947e-001
    endloop
  endfacet
  facet normal  9.289004e-002 -9.921178e-001 -8.410625e-002
    outer loop
      vertex  3.932535e+001  1.437500e+001  0.000000e+000
      vertex  3.939851e+001  1.434296e+001  4.587947e-001
      vertex  3.934896e+001  1.433235e+001  5.292291e-001
    endloop
  endfacet
  facet normal -8.724130e-001  4.887425e-001  5.140001e-003
    outer loop
      vertex  3.872806e+001  7.723314e+000  8.500000e+000
      vertex  3.814381e+001  6.705855e+000  6.081101e+000
      vertex  3.800459e+001  6.431904e+000  8.500000e+000
    endloop
  endfacet
  facet normal -9.078423e-001  4.192845e-001 -4.765586e-003
    outer loop
      vertex  3.800459e+001  6.431904e+000  8.500000e+000
      vertex  3.814381e+001  6.705855e+000  6.081101e+000
      vertex  3.756948e+001  5.465470e+000  6.358694e+000
    endloop
  endfacet
  facet normal -9.176853e-001  3.972432e-001  7.182315e-003
    outer loop
      vertex  3.800459e+001  6.431904e+000  8.500000e+000
      vertex  3.756948e+001  5.465470e+000  6.358694e+000
      vertex  3.741655e+001  5.073462e+000  8.500000e+000
    endloop
  endfacet
  facet normal -9.435896e-001  3.310476e-001 -6.786151e-003
    outer loop
      vertex  3.741655e+001  5.073462e+000  8.500000e+000
      vertex  3.756948e+001  5.465470e+000  6.358694e+000
      vertex  3.710770e+001  4.153822e+000  6.581716e+000
    endloop
  endfacet
  facet normal -9.533901e-001  3.016094e-001  8.904658e-003
    outer loop
      vertex  3.741655e+001  5.073462e+000  8.500000e+000
      vertex  3.710770e+001  4.153822e+000  6.581716e+000
      vertex  3.697008e+001  3.662148e+000  8.500000e+000
    endloop
  endfacet
  facet normal -9.710862e-001  2.385769e-001 -8.520758e-003
    outer loop
      vertex  3.697008e+001  3.662148e+000  8.500000e+000
      vertex  3.710770e+001  4.153822e+000  6.581716e+000
      vertex  3.676991e+001  2.784723e+000  6.744766e+000
    endloop
  endfacet
  facet normal -9.791592e-001  2.028345e-001  1.026713e-002
    outer loop
      vertex  3.697008e+001  3.662148e+000  8.500000e+000
      vertex  3.676991e+001  2.784723e+000  6.744766e+000
      vertex  3.666982e+001  2.212667e+000  8.500000e+000
    endloop
  endfacet
  facet normal -9.892457e-001  1.459959e-001 -8.832606e-003
    outer loop
      vertex  3.666982e+001  2.212667e+000  8.500000e+000
      vertex  3.676991e+001  2.784723e+000  6.744766e+000
      vertex  3.657397e+001  1.462745e+000  6.839314e+000
    endloop
  endfacet
  facet normal -9.947248e-001  1.019469e-001  1.137498e-002
    outer loop
      vertex  3.666982e+001  2.212667e+000  8.500000e+000
      vertex  3.657397e+001  1.462745e+000  6.839314e+000
      vertex  3.651890e+001  7.401268e-001  8.500000e+000
    endloop
  endfacet
  facet normal -9.984722e-001  5.444716e-002 -9.417981e-003
    outer loop
      vertex  3.657397e+001  1.462745e+000  6.839314e+000
      vertex  3.650051e+001  1.217454e-001  6.874753e+000
      vertex  3.651890e+001  7.401268e-001  8.500000e+000
    endloop
  endfacet
  facet normal -9.999360e-001  0.000000e+000  1.131488e-002
    outer loop
      vertex  3.651890e+001 -7.401268e-001  8.500000e+000
      vertex  3.651890e+001  7.401268e-001  8.500000e+000
      vertex  3.650051e+001  1.217454e-001  6.874753e+000
    endloop
  endfacet
  facet normal -9.992480e-001 -3.778164e-002 -8.728595e-003
    outer loop
      vertex  3.650051e+001  1.217454e-001  6.874753e+000
      vertex  3.655149e+001 -1.220880e+000  6.850159e+000
      vertex  3.651890e+001 -7.401268e-001  8.500000e+000
    endloop
  endfacet
  facet normal -9.947388e-001 -1.019484e-001  1.005827e-002
    outer loop
      vertex  3.666982e+001 -2.212667e+000  8.500000e+000
      vertex  3.651890e+001 -7.401268e-001  8.500000e+000
      vertex  3.655149e+001 -1.220880e+000  6.850159e+000
    endloop
  endfacet
  facet normal -9.387901e-001 -3.444836e-001 -2.041942e-003
    outer loop
      vertex  3.726965e+001 -4.661294e+000  6.503517e+000
      vertex  3.751708e+001 -5.334871e+000  6.384012e+000
      vertex  3.741655e+001 -5.073462e+000  8.500000e+000
    endloop
  endfacet
  facet normal -9.176952e-001 -3.972475e-001  5.478655e-003
    outer loop
      vertex  3.800459e+001 -6.431904e+000  8.500000e+000
      vertex  3.741655e+001 -5.073462e+000  8.500000e+000
      vertex  3.751708e+001 -5.334871e+000  6.384012e+000
    endloop
  endfacet
  facet normal -9.110945e-001 -4.121801e-001 -3.783896e-003
    outer loop
      vertex  3.751708e+001 -5.334871e+000  6.384012e+000
      vertex  3.810150e+001 -6.624104e+000  6.101561e+000
      vertex  3.800459e+001 -6.431904e+000  8.500000e+000
    endloop
  endfacet
  facet normal -8.724178e-001 -4.887452e-001  3.914456e-003
    outer loop
      vertex  3.872806e+001 -7.723314e+000  8.500000e+000
      vertex  3.800459e+001 -6.431904e+000  8.500000e+000
      vertex  3.810150e+001 -6.624104e+000  6.101561e+000
    endloop
  endfacet
  facet normal -8.180497e-001  5.751476e-001  0.000000e+000
    outer loop
      vertex  3.957943e+001  8.934235e+000  8.500000e+000
      vertex  3.957943e+001  8.934235e+000  5.385907e+000
      vertex  3.872806e+001  7.723314e+000  8.500000e+000
    endloop
  endfacet
  facet normal -8.141960e-001  5.805814e-001  3.166514e-003
    outer loop
      vertex  3.872806e+001  7.723314e+000  8.500000e+000
      vertex  3.957943e+001  8.934235e+000  5.385907e+000
      vertex  3.881805e+001  7.864484e+000  5.754861e+000
    endloop
  endfacet
  facet normal -8.646104e-001  5.024366e-001 -2.504771e-003
    outer loop
      vertex  3.872806e+001  7.723314e+000  8.500000e+000
      vertex  3.881805e+001  7.864484e+000  5.754861e+000
      vertex  3.814381e+001  6.705855e+000  6.081101e+000
    endloop
  endfacet
  facet normal -9.794832e-001 -2.013368e-001  8.713546e-003
    outer loop
      vertex  3.687249e+001 -3.265482e+000  6.695263e+000
      vertex  3.697008e+001 -3.662148e+000  8.500000e+000
      vertex  3.672556e+001 -2.547629e+000  6.766170e+000
    endloop
  endfacet
  facet normal -9.791818e-001 -2.028392e-001  7.705296e-003
    outer loop
      vertex  3.672556e+001 -2.547629e+000  6.766170e+000
      vertex  3.697008e+001 -3.662148e+000  8.500000e+000
      vertex  3.666982e+001 -2.212667e+000  8.500000e+000
    endloop
  endfacet
  facet normal -9.915350e-001 -1.296592e-001 -6.829638e-003
    outer loop
      vertex  3.672556e+001 -2.547629e+000  6.766170e+000
      vertex  3.666982e+001 -2.212667e+000  8.500000e+000
      vertex  3.655149e+001 -1.220880e+000  6.850159e+000
    endloop
  endfacet
  facet normal -9.542443e-001 -2.989073e-001  8.504268e-003
    outer loop
      vertex  3.726965e+001 -4.661294e+000  6.503517e+000
      vertex  3.741655e+001 -5.073462e+000  8.500000e+000
      vertex  3.705429e+001 -3.970803e+000  6.607503e+000
    endloop
  endfacet
  facet normal -9.534060e-001 -3.016144e-001  6.766511e-003
    outer loop
      vertex  3.705429e+001 -3.970803e+000  6.607503e+000
      vertex  3.741655e+001 -5.073462e+000  8.500000e+000
      vertex  3.697008e+001 -3.662148e+000  8.500000e+000
    endloop
  endfacet
  facet normal -9.684185e-001 -2.493184e-001 -2.430721e-003
    outer loop
      vertex  3.705429e+001 -3.970803e+000  6.607503e+000
      vertex  3.697008e+001 -3.662148e+000  8.500000e+000
      vertex  3.687249e+001 -3.265482e+000  6.695263e+000
    endloop
  endfacet
  facet normal -8.156163e-001 -5.785933e-001  -0.000000e+000
    outer loop
      vertex  3.957943e+001 -8.934235e+000  5.385907e+000
      vertex  3.957943e+001 -8.934235e+000  8.500000e+000
      vertex  3.879366e+001 -7.826576e+000  5.766670e+000
    endloop
  endfacet
  facet normal -8.180479e-001 -5.751463e-001  2.095905e-003
    outer loop
      vertex  3.879366e+001 -7.826576e+000  5.766670e+000
      vertex  3.957943e+001 -8.934235e+000  8.500000e+000
      vertex  3.872806e+001 -7.723314e+000  8.500000e+000
    endloop
  endfacet
  facet normal -8.669128e-001 -4.984559e-001 -1.974083e-003
    outer loop
      vertex  3.879366e+001 -7.826576e+000  5.766670e+000
      vertex  3.872806e+001 -7.723314e+000  8.500000e+000
      vertex  3.810150e+001 -6.624104e+000  6.101561e+000
    endloop
  endfacet
  facet normal -9.994156e-001  3.402174e-002 -3.353248e-003
    outer loop
      vertex  4.009452e+001  1.165851e+001  8.500000e+000
      vertex  4.010000e+001  1.139475e+001  4.191273e+000
      vertex  4.006283e+001  1.072763e+001  8.500000e+000
    endloop
  endfacet
  facet normal -8.379207e-001 -5.457919e-001  4.205668e-004
    outer loop
      vertex  3.935058e+001  1.432938e+001  8.500000e+000
      vertex  3.884222e+001  1.510984e+001  8.500000e+000
      vertex  3.881491e+001  1.514521e+001  0.000000e+000
    endloop
  endfacet
  facet normal -8.335632e-001 -5.524239e-001 -4.905760e-004
    outer loop
      vertex  3.935058e+001  1.432938e+001  8.500000e+000
      vertex  3.881491e+001  1.514521e+001  0.000000e+000
      vertex  3.932535e+001  1.437500e+001  0.000000e+000
    endloop
  endfacet
  facet normal -8.749472e-001 -4.842182e-001 -1.679741e-006
    outer loop
      vertex  3.935058e+001  1.432938e+001  8.500000e+000
      vertex  3.932535e+001  1.437500e+001  0.000000e+000
      vertex  3.934896e+001  1.433235e+001  5.292291e-001
    endloop
  endfacet
  facet normal -8.824828e-001 -4.703447e-001  5.015487e-006
    outer loop
      vertex  3.935058e+001  1.432938e+001  8.500000e+000
      vertex  3.934896e+001  1.433235e+001  5.292291e-001
      vertex  3.941653e+001  1.420556e+001  1.052471e+000
    endloop
  endfacet
  facet normal -8.959993e-001 -4.440551e-001 -5.517711e-004
    outer loop
      vertex  3.935058e+001  1.432938e+001  8.500000e+000
      vertex  3.941653e+001  1.420556e+001  1.052471e+000
      vertex  3.951925e+001  1.399768e+001  1.564849e+000
    endloop
  endfacet
  facet normal -9.114686e-001 -4.113621e-001 -2.491675e-003
    outer loop
      vertex  3.935058e+001  1.432938e+001  8.500000e+000
      vertex  3.951925e+001  1.399768e+001  1.564849e+000
      vertex  3.961897e+001  1.377429e+001  1.966669e+000
    endloop
  endfacet
  facet normal -9.270527e-001 -3.748792e-001 -6.231555e-003
    outer loop
      vertex  3.935058e+001  1.432938e+001  8.500000e+000
      vertex  3.961897e+001  1.377429e+001  1.966669e+000
      vertex  3.972588e+001  1.350339e+001  2.357545e+000
    endloop
  endfacet
  facet normal -9.112475e-001 -4.118590e-001 -2.931015e-004
    outer loop
      vertex  3.935058e+001  1.432938e+001  8.500000e+000
      vertex  3.972588e+001  1.350339e+001  2.357545e+000
      vertex  3.973420e+001  1.348063e+001  8.500000e+000
    endloop
  endfacet
  facet normal -9.564303e-001  2.919603e-001  3.927159e-004
    outer loop
      vertex  3.989956e+001  9.849138e+000  5.007716e+000
      vertex  3.976059e+001  9.393613e+000  5.204055e+000
      vertex  3.988979e+001  9.812425e+000  8.500000e+000
    endloop
  endfacet
  facet normal -9.315306e-001  3.635340e-001 -9.678137e-003
    outer loop
      vertex  3.988979e+001  9.812425e+000  8.500000e+000
      vertex  3.976059e+001  9.393613e+000  5.204055e+000
      vertex  3.957943e+001  8.934235e+000  5.385907e+000
    endloop
  endfacet
  facet normal -9.428506e-001  3.332157e-001  0.000000e+000
    outer loop
      vertex  3.988979e+001  9.812425e+000  8.500000e+000
      vertex  3.957943e+001  8.934235e+000  5.385907e+000
      vertex  3.957943e+001  8.934235e+000  8.500000e+000
    endloop
  endfacet
  facet normal -9.980125e-001  6.300449e-002  1.146264e-003
    outer loop
      vertex  4.010000e+001  1.139475e+001  4.191273e+000
      vertex  4.005322e+001  1.064601e+001  4.619687e+000
      vertex  4.006283e+001  1.072763e+001  8.500000e+000
    endloop
  endfacet
  facet normal -9.820491e-001  1.886191e-001 -1.535409e-003
    outer loop
      vertex  4.006283e+001  1.072763e+001  8.500000e+000
      vertex  4.005322e+001  1.064601e+001  4.619687e+000
      vertex  3.989956e+001  9.849138e+000  5.007716e+000
    endloop
  endfacet
  facet normal -9.825904e-001  1.857832e-001 -7.967098e-004
    outer loop
      vertex  4.006283e+001  1.072763e+001  8.500000e+000
      vertex  3.989956e+001  9.849138e+000  5.007716e+000
      vertex  3.988979e+001  9.812425e+000  8.500000e+000
    endloop
  endfacet
  facet normal -9.985392e-001 -5.399347e-002  2.035715e-003
    outer loop
      vertex  4.010000e+001  1.139475e+001  4.191273e+000
      vertex  4.009452e+001  1.165851e+001  8.500000e+000
      vertex  4.006202e+001  1.207969e+001  3.726810e+000
    endloop
  endfacet
  facet normal -9.929432e-001 -1.185332e-001 -3.697231e-003
    outer loop
      vertex  4.006202e+001  1.207969e+001  3.726810e+000
      vertex  4.009452e+001  1.165851e+001  8.500000e+000
      vertex  3.998412e+001  1.258336e+001  8.500000e+000
    endloop
  endfacet
  facet normal -9.893648e-001 -1.454534e-001 -7.981485e-004
    outer loop
      vertex  4.006202e+001  1.207969e+001  3.726810e+000
      vertex  3.998412e+001  1.258336e+001  8.500000e+000
      vertex  4.000249e+001  1.248635e+001  3.406469e+000
    endloop
  endfacet
  facet normal -9.717044e-001 -2.361979e-001  9.938892e-004
    outer loop
      vertex  4.000249e+001  1.248635e+001  3.406469e+000
      vertex  3.998412e+001  1.258336e+001  8.500000e+000
      vertex  3.982808e+001  1.320096e+001  2.721275e+000
    endloop
  endfacet
  facet normal -9.633260e-001 -2.683206e-001 -2.665411e-003
    outer loop
      vertex  3.982808e+001  1.320096e+001  2.721275e+000
      vertex  3.998412e+001  1.258336e+001  8.500000e+000
      vertex  3.973420e+001  1.348063e+001  8.500000e+000
    endloop
  endfacet
  facet normal -9.474053e-001 -3.200360e-001  9.610024e-005
    outer loop
      vertex  3.982808e+001  1.320096e+001  2.721275e+000
      vertex  3.973420e+001  1.348063e+001  8.500000e+000
      vertex  3.972588e+001  1.350339e+001  2.357545e+000
    endloop
  endfacet
  facet normal -5.097932e-001 -8.602970e-001 -2.592743e-004
    outer loop
      vertex  3.670000e+001  1.686992e+001  8.500000e+000
      vertex  3.747686e+001  1.641213e+001  0.000000e+000
      vertex  3.750130e+001  1.639509e+001  8.500000e+000
    endloop
  endfacet
  facet normal -6.305717e-001 -7.761309e-001  2.566329e-004
    outer loop
      vertex  3.750130e+001  1.639509e+001  8.500000e+000
      vertex  3.747686e+001  1.641213e+001  0.000000e+000
      vertex  3.819400e+001  1.582948e+001  0.000000e+000
    endloop
  endfacet
  facet normal -6.348238e-001 -7.726569e-001 -3.210469e-004
    outer loop
      vertex  3.750130e+001  1.639509e+001  8.500000e+000
      vertex  3.819400e+001  1.582948e+001  0.000000e+000
      vertex  3.822097e+001  1.580380e+001  8.500000e+000
    endloop
  endfacet
  facet normal -7.405636e-001 -6.719863e-001  3.185587e-004
    outer loop
      vertex  3.822097e+001  1.580380e+001  8.500000e+000
      vertex  3.819400e+001  1.582948e+001  0.000000e+000
      vertex  3.881491e+001  1.514521e+001  0.000000e+000
    endloop
  endfacet
  facet normal -7.450595e-001 -6.669978e-001 -3.821134e-004
    outer loop
      vertex  3.822097e+001  1.580380e+001  8.500000e+000
      vertex  3.881491e+001  1.514521e+001  0.000000e+000
      vertex  3.884222e+001  1.510984e+001  8.500000e+000
    endloop
  endfacet
  facet normal -5.061089e-001 -8.624695e-001  1.944541e-004
    outer loop
      vertex  3.747686e+001  1.641213e+001  0.000000e+000
      vertex  3.670000e+001  1.686992e+001  8.500000e+000
      vertex  3.667995e+001  1.687977e+001  0.000000e+000
    endloop
  endfacet
  facet normal -3.728706e-001 -9.278834e-001 -1.957065e-004
    outer loop
      vertex  3.667995e+001  1.687977e+001  0.000000e+000
      vertex  3.670000e+001  1.686992e+001  8.500000e+000
      vertex  3.583575e+001  1.721722e+001  8.500000e+000
    endloop
  endfacet
  facet normal -3.700382e-001 -9.290165e-001  1.305876e-004
    outer loop
      vertex  3.667995e+001  1.687977e+001  0.000000e+000
      vertex  3.583575e+001  1.721722e+001  8.500000e+000
      vertex  3.582154e+001  1.722168e+001  0.000000e+000
    endloop
  endfacet
  facet normal -2.272567e-001 -9.738349e-001 -1.316486e-004
    outer loop
      vertex  3.582154e+001  1.722168e+001  0.000000e+000
      vertex  3.583575e+001  1.721722e+001  8.500000e+000
      vertex  3.492870e+001  1.742889e+001  8.500000e+000
    endloop
  endfacet
  facet normal -2.254734e-001 -9.742494e-001  6.577450e-005
    outer loop
      vertex  3.582154e+001  1.722168e+001  0.000000e+000
      vertex  3.492870e+001  1.742889e+001  8.500000e+000
      vertex  3.492134e+001  1.743002e+001  0.000000e+000
    endloop
  endfacet
  facet normal -7.634572e-002 -9.970814e-001 -6.636012e-005
    outer loop
      vertex  3.492134e+001  1.743002e+001  0.000000e+000
      vertex  3.492870e+001  1.742889e+001  8.500000e+000
      vertex  3.400000e+001  1.750000e+001  8.500000e+000
    endloop
  endfacet
  facet normal -7.573703e-002 -9.971278e-001  -0.000000e+000
    outer loop
      vertex  3.492134e+001  1.743002e+001  0.000000e+000
      vertex  3.400000e+001  1.750000e+001  8.500000e+000
      vertex  3.400000e+001  1.750000e+001  0.000000e+000
    endloop
  endfacet
  facet normal -9.985392e-001  5.399347e-002  2.035715e-003
    outer loop
      vertex  4.009452e+001 -1.165851e+001  8.500000e+000
      vertex  4.010000e+001 -1.139475e+001  4.191273e+000
      vertex  4.006202e+001 -1.207969e+001  3.726810e+000
    endloop
  endfacet
  facet normal -9.994156e-001 -3.402173e-002 -3.353248e-003
    outer loop
      vertex  4.010000e+001 -1.139475e+001  4.191273e+000
      vertex  4.009452e+001 -1.165851e+001  8.500000e+000
      vertex  4.006283e+001 -1.072763e+001  8.500000e+000
    endloop
  endfacet
  facet normal -9.980125e-001 -6.300449e-002  1.146264e-003
    outer loop
      vertex  4.006283e+001 -1.072763e+001  8.500000e+000
      vertex  4.005322e+001 -1.064601e+001  4.619687e+000
      vertex  4.010000e+001 -1.139475e+001  4.191273e+000
    endloop
  endfacet
  facet normal -9.633257e-001  2.683206e-001 -2.769883e-003
    outer loop
      vertex  3.973420e+001 -1.348063e+001  8.500000e+000
      vertex  3.998412e+001 -1.258336e+001  8.500000e+000
      vertex  3.992298e+001 -1.285887e+001  3.073181e+000
    endloop
  endfacet
  facet normal -9.563503e-001  2.922227e-001  2.112736e-004
    outer loop
      vertex  3.973420e+001 -1.348063e+001  8.500000e+000
      vertex  3.992298e+001 -1.285887e+001  3.073181e+000
      vertex  3.972588e+001 -1.350339e+001  2.357545e+000
    endloop
  endfacet
  facet normal -9.301234e-001  3.672473e-001 -1.022388e-004
    outer loop
      vertex  3.973420e+001 -1.348063e+001  8.500000e+000
      vertex  3.972588e+001 -1.350339e+001  2.357545e+000
      vertex  3.961897e+001 -1.377429e+001  1.966669e+000
    endloop
  endfacet
  facet normal -9.115257e-001  4.112361e-001 -2.407476e-003
    outer loop
      vertex  3.973420e+001 -1.348063e+001  8.500000e+000
      vertex  3.961897e+001 -1.377429e+001  1.966669e+000
      vertex  3.951925e+001 -1.399768e+001  1.564849e+000
    endloop
  endfacet
  facet normal -8.901970e-001  4.555311e-001 -6.370947e-003
    outer loop
      vertex  3.973420e+001 -1.348063e+001  8.500000e+000
      vertex  3.951925e+001 -1.399768e+001  1.564849e+000
      vertex  3.941653e+001 -1.420556e+001  1.052471e+000
    endloop
  endfacet
  facet normal -8.586805e-001  5.123400e-001 -1.324492e-002
    outer loop
      vertex  3.973420e+001 -1.348063e+001  8.500000e+000
      vertex  3.941653e+001 -1.420556e+001  1.052471e+000
      vertex  3.934896e+001 -1.433235e+001  5.292291e-001
    endloop
  endfacet
  facet normal -9.112476e-001  4.118590e-001  3.262854e-005
    outer loop
      vertex  3.973420e+001 -1.348063e+001  8.500000e+000
      vertex  3.934896e+001 -1.433235e+001  5.292291e-001
      vertex  3.935058e+001 -1.432938e+001  8.500000e+000
    endloop
  endfacet
  facet normal -8.749472e-001  4.842182e-001 -1.679741e-006
    outer loop
      vertex  3.934896e+001 -1.433235e+001  5.292291e-001
      vertex  3.932535e+001 -1.437500e+001  0.000000e+000
      vertex  3.935058e+001 -1.432938e+001  8.500000e+000
    endloop
  endfacet
  facet normal -8.335632e-001  5.524239e-001 -4.905755e-004
    outer loop
      vertex  3.935058e+001 -1.432938e+001  8.500000e+000
      vertex  3.932535e+001 -1.437500e+001  0.000000e+000
      vertex  3.881491e+001 -1.514521e+001  0.000000e+000
    endloop
  endfacet
  facet normal -8.379207e-001  5.457919e-001  4.205668e-004
    outer loop
      vertex  3.935058e+001 -1.432938e+001  8.500000e+000
      vertex  3.881491e+001 -1.514521e+001  0.000000e+000
      vertex  3.884222e+001 -1.510984e+001  8.500000e+000
    endloop
  endfacet
  facet normal -7.405636e-001  6.719863e-001 -4.173146e-004
    outer loop
      vertex  3.884222e+001 -1.510984e+001  8.500000e+000
      vertex  3.881491e+001 -1.514521e+001  0.000000e+000
      vertex  3.819400e+001 -1.582948e+001  0.000000e+000
    endloop
  endfacet
  facet normal -7.450595e-001  6.669978e-001  3.478934e-004
    outer loop
      vertex  3.884222e+001 -1.510984e+001  8.500000e+000
      vertex  3.819400e+001 -1.582948e+001  0.000000e+000
      vertex  3.822097e+001 -1.580380e+001  8.500000e+000
    endloop
  endfacet
  facet normal -6.305717e-001  7.761309e-001 -3.450318e-004
    outer loop
      vertex  3.822097e+001 -1.580380e+001  8.500000e+000
      vertex  3.819400e+001 -1.582948e+001  0.000000e+000
      vertex  3.747686e+001 -1.641213e+001  0.000000e+000
    endloop
  endfacet
  facet normal -6.348238e-001  7.726569e-001  2.758196e-004
    outer loop
      vertex  3.822097e+001 -1.580380e+001  8.500000e+000
      vertex  3.747686e+001 -1.641213e+001  0.000000e+000
      vertex  3.750130e+001 -1.639509e+001  8.500000e+000
    endloop
  endfacet
  facet normal -5.061089e-001  8.624695e-001 -2.742200e-004
    outer loop
      vertex  3.750130e+001 -1.639509e+001  8.500000e+000
      vertex  3.747686e+001 -1.641213e+001  0.000000e+000
      vertex  3.667995e+001 -1.687977e+001  0.000000e+000
    endloop
  endfacet
  facet normal -5.097932e-001  8.602970e-001  2.056641e-004
    outer loop
      vertex  3.750130e+001 -1.639509e+001  8.500000e+000
      vertex  3.667995e+001 -1.687977e+001  0.000000e+000
      vertex  3.670000e+001 -1.686992e+001  8.500000e+000
    endloop
  endfacet
  facet normal -3.700382e-001  9.290165e-001 -2.037023e-004
    outer loop
      vertex  3.670000e+001 -1.686992e+001  8.500000e+000
      vertex  3.667995e+001 -1.687977e+001  0.000000e+000
      vertex  3.582154e+001 -1.722168e+001  0.000000e+000
    endloop
  endfacet
  facet normal -3.728706e-001  9.278834e-001  1.359180e-004
    outer loop
      vertex  3.670000e+001 -1.686992e+001  8.500000e+000
      vertex  3.582154e+001 -1.722168e+001  0.000000e+000
      vertex  3.583575e+001 -1.721722e+001  8.500000e+000
    endloop
  endfacet
  facet normal -2.254734e-001  9.742494e-001 -1.348476e-004
    outer loop
      vertex  3.583575e+001 -1.721722e+001  8.500000e+000
      vertex  3.582154e+001 -1.722168e+001  0.000000e+000
      vertex  3.492134e+001 -1.743002e+001  0.000000e+000
    endloop
  endfacet
  facet normal -2.272567e-001  9.738349e-001  6.737340e-005
    outer loop
      vertex  3.583575e+001 -1.721722e+001  8.500000e+000
      vertex  3.492134e+001 -1.743002e+001  0.000000e+000
      vertex  3.492870e+001 -1.742889e+001  8.500000e+000
    endloop
  endfacet
  facet normal -7.573703e-002  9.971278e-001 -6.689323e-005
    outer loop
      vertex  3.492870e+001 -1.742889e+001  8.500000e+000
      vertex  3.492134e+001 -1.743002e+001  0.000000e+000
      vertex  3.400000e+001 -1.750000e+001  0.000000e+000
    endloop
  endfacet
  facet normal -7.634572e-002  9.970814e-001  0.000000e+000
    outer loop
      vertex  3.492870e+001 -1.742889e+001  8.500000e+000
      vertex  3.400000e+001 -1.750000e+001  0.000000e+000
      vertex  3.400000e+001 -1.750000e+001  8.500000e+000
    endloop
  endfacet
  facet normal -9.780542e-001  2.083501e-001  4.405903e-004
    outer loop
      vertex  3.992298e+001 -1.285887e+001  3.073181e+000
      vertex  3.998412e+001 -1.258336e+001  8.500000e+000
      vertex  4.000249e+001 -1.248635e+001  3.406469e+000
    endloop
  endfacet
  facet normal -9.929491e-001  1.185339e-001 -1.323791e-003
    outer loop
      vertex  4.000249e+001 -1.248635e+001  3.406469e+000
      vertex  3.998412e+001 -1.258336e+001  8.500000e+000
      vertex  4.009452e+001 -1.165851e+001  8.500000e+000
    endloop
  endfacet
  facet normal -9.886895e-001  1.498369e-001 -6.488360e-003
    outer loop
      vertex  4.000249e+001 -1.248635e+001  3.406469e+000
      vertex  4.009452e+001 -1.165851e+001  8.500000e+000
      vertex  4.006202e+001 -1.207969e+001  3.726810e+000
    endloop
  endfacet
  facet normal -9.302726e-001 -3.668691e-001  0.000000e+000
    outer loop
      vertex  3.957943e+001 -8.934235e+000  5.385907e+000
      vertex  3.976059e+001 -9.393613e+000  5.204055e+000
      vertex  3.957943e+001 -8.934235e+000  8.500000e+000
    endloop
  endfacet
  facet normal -9.579135e-001 -2.867772e-001 -1.268225e-002
    outer loop
      vertex  3.957943e+001 -8.934235e+000  8.500000e+000
      vertex  3.976059e+001 -9.393613e+000  5.204055e+000
      vertex  3.989956e+001 -9.849138e+000  5.007716e+000
    endloop
  endfacet
  facet normal -9.428503e-001 -3.332155e-001  8.644275e-004
    outer loop
      vertex  3.957943e+001 -8.934235e+000  8.500000e+000
      vertex  3.989956e+001 -9.849138e+000  5.007716e+000
      vertex  3.988979e+001 -9.812425e+000  8.500000e+000
    endloop
  endfacet
  facet normal -9.819801e-001 -1.889828e-001 -7.613654e-004
    outer loop
      vertex  3.988979e+001 -9.812425e+000  8.500000e+000
      vertex  3.989956e+001 -9.849138e+000  5.007716e+000
      vertex  4.005322e+001 -1.064601e+001  4.619687e+000
    endloop
  endfacet
  facet normal -9.825897e-001 -1.857831e-001 -1.474417e-003
    outer loop
      vertex  3.988979e+001 -9.812425e+000  8.500000e+000
      vertex  4.005322e+001 -1.064601e+001  4.619687e+000
      vertex  4.006283e+001 -1.072763e+001  8.500000e+000
    endloop
  endfacet
  facet normal  9.989075e-001  3.949538e-002  2.497710e-002
    outer loop
      vertex  4.032772e+001 -1.106034e+001  5.773715e+000
      vertex  4.035358e+001 -1.154768e+001  5.510416e+000
      vertex  4.034414e+001 -1.072069e+001  4.580016e+000
    endloop
  endfacet
  facet normal  9.997203e-001  2.177653e-002  9.219458e-003
    outer loop
      vertex  4.034414e+001 -1.072069e+001  4.580016e+000
      vertex  4.035358e+001 -1.154768e+001  5.510416e+000
      vertex  4.035530e+001 -1.113463e+001  4.348245e+000
    endloop
  endfacet
  facet normal  9.772537e-001 -1.167713e-001 -1.770301e-001
    outer loop
      vertex  3.984357e+001 -1.454696e+001  3.005718e+000
      vertex  3.972276e+001 -1.486109e+001  2.545969e+000
      vertex  3.976210e+001 -1.373871e+001  2.022799e+000
    endloop
  endfacet
  facet normal  9.660761e-001 -1.361533e-001 -2.194522e-001
    outer loop
      vertex  3.965271e+001 -1.394489e+001  1.669163e+000
      vertex  3.976210e+001 -1.373871e+001  2.022799e+000
      vertex  3.972276e+001 -1.486109e+001  2.545969e+000
    endloop
  endfacet
  facet normal  9.791880e-001 -9.617222e-002 -1.787222e-001
    outer loop
      vertex  3.972276e+001 -1.486109e+001  2.545969e+000
      vertex  3.963267e+001 -1.507582e+001  2.167941e+000
      vertex  3.965271e+001 -1.394489e+001  1.669163e+000
    endloop
  endfacet
  facet normal  9.244583e-001  3.611458e-001  1.222729e-001
    outer loop
      vertex  3.969522e+001 -8.217571e+000  5.640887e+000
      vertex  3.969522e+001 -8.610754e+000  6.802193e+000
      vertex  3.988242e+001 -8.646460e+000  5.492288e+000
    endloop
  endfacet
  facet normal  9.331025e-001  3.374993e-001  1.241528e-001
    outer loop
      vertex  3.988242e+001 -8.646460e+000  5.492288e+000
      vertex  3.969522e+001 -8.610754e+000  6.802193e+000
      vertex  3.989148e+001 -9.091059e+000  6.632831e+000
    endloop
  endfacet
  facet normal  9.481022e-001  2.987282e-001  1.089202e-001
    outer loop
      vertex  3.988242e+001 -8.646460e+000  5.492288e+000
      vertex  3.989148e+001 -9.091059e+000  6.632831e+000
      vertex  4.003580e+001 -9.074757e+000  5.331899e+000
    endloop
  endfacet
  facet normal  9.557469e-001  2.730734e-001  1.094468e-001
    outer loop
      vertex  4.003580e+001 -9.074757e+000  5.331899e+000
      vertex  3.989148e+001 -9.091059e+000  6.632831e+000
      vertex  4.005248e+001 -9.579649e+000  6.445916e+000
    endloop
  endfacet
  facet normal  9.668190e-001  2.378151e-001  9.330127e-002
    outer loop
      vertex  4.003580e+001 -9.074757e+000  5.331899e+000
      vertex  4.005248e+001 -9.579649e+000  6.445916e+000
      vertex  4.015677e+001 -9.499152e+000  5.160050e+000
    endloop
  endfacet
  facet normal  9.733278e-001  2.101226e-001  9.209558e-002
    outer loop
      vertex  4.015677e+001 -9.499152e+000  5.160050e+000
      vertex  4.005248e+001 -9.579649e+000  6.445916e+000
      vertex  4.017839e+001 -1.007301e+001  6.240825e+000
    endloop
  endfacet
  facet normal  9.809144e-001  1.791776e-001  7.551309e-002
    outer loop
      vertex  4.015677e+001 -9.499152e+000  5.160050e+000
      vertex  4.017839e+001 -1.007301e+001  6.240825e+000
      vertex  4.024712e+001 -9.916656e+000  4.977144e+000
    endloop
  endfacet
  facet normal  9.861150e-001  1.495787e-001  7.213378e-002
    outer loop
      vertex  4.024712e+001 -9.916656e+000  4.977144e+000
      vertex  4.017839e+001 -1.007301e+001  6.240825e+000
      vertex  4.026981e+001 -1.056769e+001  6.016961e+000
    endloop
  endfacet
  facet normal  9.907826e-001  1.234834e-001  5.569357e-002
    outer loop
      vertex  4.024712e+001 -9.916656e+000  4.977144e+000
      vertex  4.026981e+001 -1.056769e+001  6.016961e+000
      vertex  4.030884e+001 -1.032461e+001  4.783637e+000
    endloop
  endfacet
  facet normal  9.944831e-001  9.238596e-002  4.968165e-002
    outer loop
      vertex  4.030884e+001 -1.032461e+001  4.783637e+000
      vertex  4.026981e+001 -1.056769e+001  6.016961e+000
      vertex  4.032772e+001 -1.106034e+001  5.773715e+000
    endloop
  endfacet
  facet normal  9.968697e-001  7.136881e-002  3.401821e-002
    outer loop
      vertex  4.030884e+001 -1.032461e+001  4.783637e+000
      vertex  4.032772e+001 -1.106034e+001  5.773715e+000
      vertex  4.034414e+001 -1.072069e+001  4.580016e+000
    endloop
  endfacet
  facet normal  9.995085e-001 -2.997656e-002 -9.174229e-003
    outer loop
      vertex  4.035530e+001 -1.113463e+001  4.348245e+000
      vertex  4.035358e+001 -1.154768e+001  5.510416e+000
      vertex  4.034121e+001 -1.153003e+001  4.105782e+000
    endloop
  endfacet
  facet normal  9.999532e-001 -3.917655e-003 -8.850704e-003
    outer loop
      vertex  4.034121e+001 -1.153003e+001  4.105782e+000
      vertex  4.035358e+001 -1.154768e+001  5.510416e+000
      vertex  4.034919e+001 -1.202649e+001  5.226295e+000
    endloop
  endfacet
  facet normal  9.967868e-001 -7.036638e-002 -3.826963e-002
    outer loop
      vertex  4.034121e+001 -1.153003e+001  4.105782e+000
      vertex  4.034919e+001 -1.202649e+001  5.226295e+000
      vertex  4.030505e+001 -1.190501e+001  3.853233e+000
    endloop
  endfacet
  facet normal  9.983068e-001 -4.558856e-002 -3.612620e-002
    outer loop
      vertex  4.030505e+001 -1.190501e+001  3.853233e+000
      vertex  4.034919e+001 -1.202649e+001  5.226295e+000
      vertex  4.031678e+001 -1.249366e+001  4.920434e+000
    endloop
  endfacet
  facet normal  9.922228e-001 -1.040563e-001 -6.830939e-002
    outer loop
      vertex  4.030505e+001 -1.190501e+001  3.853233e+000
      vertex  4.031678e+001 -1.249366e+001  4.920434e+000
      vertex  4.024999e+001 -1.225798e+001  3.591182e+000
    endloop
  endfacet
  facet normal  9.946949e-001 -8.035125e-002 -6.423055e-002
    outer loop
      vertex  4.024999e+001 -1.225798e+001  3.591182e+000
      vertex  4.031678e+001 -1.249366e+001  4.920434e+000
      vertex  4.025900e+001 -1.294619e+001  4.591660e+000
    endloop
  endfacet
  facet normal  9.862939e-001 -1.316598e-001 -9.944922e-002
    outer loop
      vertex  4.024999e+001 -1.225798e+001  3.591182e+000
      vertex  4.025900e+001 -1.294619e+001  4.591660e+000
      vertex  4.017337e+001 -1.261150e+001  3.299334e+000
    endloop
  endfacet
  facet normal  9.899250e-001 -1.065955e-001 -9.319849e-002
    outer loop
      vertex  4.017337e+001 -1.261150e+001  3.299334e+000
      vertex  4.025900e+001 -1.294619e+001  4.591660e+000
      vertex  4.017899e+001 -1.338064e+001  4.238769e+000
    endloop
  endfacet
  facet normal  9.796674e-001 -1.523220e-001 -1.305750e-001
    outer loop
      vertex  4.017337e+001 -1.261150e+001  3.299334e+000
      vertex  4.017899e+001 -1.338064e+001  4.238769e+000
      vertex  4.008268e+001 -1.293637e+001  2.997859e+000
    endloop
  endfacet
  facet normal  9.848243e-001 -1.244298e-001 -1.209892e-001
    outer loop
      vertex  4.008268e+001 -1.293637e+001  2.997859e+000
      vertex  4.017899e+001 -1.338064e+001  4.238769e+000
      vertex  4.007796e+001 -1.380303e+001  3.850823e+000
    endloop
  endfacet
  facet normal  9.734458e-001 -1.632403e-001 -1.604859e-001
    outer loop
      vertex  4.008268e+001 -1.293637e+001  2.997859e+000
      vertex  4.007796e+001 -1.380303e+001  3.850823e+000
      vertex  3.998203e+001 -1.323129e+001  2.687361e+000
    endloop
  endfacet
  facet normal  9.803585e-001 -1.325972e-001 -1.459975e-001
    outer loop
      vertex  3.998203e+001 -1.323129e+001  2.687361e+000
      vertex  4.007796e+001 -1.380303e+001  3.850823e+000
      vertex  3.996230e+001 -1.419879e+001  3.433570e+000
    endloop
  endfacet
  facet normal  9.685234e-001 -1.641081e-001 -1.871657e-001
    outer loop
      vertex  3.998203e+001 -1.323129e+001  2.687361e+000
      vertex  3.996230e+001 -1.419879e+001  3.433570e+000
      vertex  3.987570e+001 -1.349507e+001  2.368413e+000
    endloop
  endfacet
  facet normal  9.776070e-001 -1.300781e-001 -1.654217e-001
    outer loop
      vertex  3.987570e+001 -1.349507e+001  2.368413e+000
      vertex  3.996230e+001 -1.419879e+001  3.433570e+000
      vertex  3.984357e+001 -1.454696e+001  3.005718e+000
    endloop
  endfacet
  facet normal  9.657300e-001 -1.554295e-001 -2.078637e-001
    outer loop
      vertex  3.987570e+001 -1.349507e+001  2.368413e+000
      vertex  3.984357e+001 -1.454696e+001  3.005718e+000
      vertex  3.976210e+001 -1.373871e+001  2.022799e+000
    endloop
  endfacet
  facet normal  9.703256e-001 -1.117610e-001 -2.144244e-001
    outer loop
      vertex  3.965271e+001 -1.394489e+001  1.669163e+000
      vertex  3.963267e+001 -1.507582e+001  2.167941e+000
      vertex  3.955008e+001 -1.411774e+001  1.294842e+000
    endloop
  endfacet
  facet normal  9.826422e-001 -7.134723e-002 -1.712419e-001
    outer loop
      vertex  3.955008e+001 -1.411774e+001  1.294842e+000
      vertex  3.963267e+001 -1.507582e+001  2.167941e+000
      vertex  3.954951e+001 -1.526229e+001  1.768474e+000
    endloop
  endfacet
  facet normal  9.785395e-001 -7.920275e-002 -1.902300e-001
    outer loop
      vertex  3.955008e+001 -1.411774e+001  1.294842e+000
      vertex  3.954951e+001 -1.526229e+001  1.768474e+000
      vertex  3.946557e+001 -1.424737e+001  9.141096e-001
    endloop
  endfacet
  facet normal  9.864786e-001 -4.983899e-002 -1.561280e-001
    outer loop
      vertex  3.946557e+001 -1.424737e+001  9.141096e-001
      vertex  3.954951e+001 -1.526229e+001  1.768474e+000
      vertex  3.950018e+001 -1.536842e+001  1.490630e+000
    endloop
  endfacet
  facet normal  9.899626e-001 -3.926029e-002 -1.357667e-001
    outer loop
      vertex  3.946557e+001 -1.424737e+001  9.141096e-001
      vertex  3.950018e+001 -1.536842e+001  1.490630e+000
      vertex  3.945736e+001 -1.545813e+001  1.204317e+000
    endloop
  endfacet
  facet normal  9.866729e-001 -4.422899e-002 -1.565896e-001
    outer loop
      vertex  3.946557e+001 -1.424737e+001  9.141096e-001
      vertex  3.945736e+001 -1.545813e+001  1.204317e+000
      vertex  3.942705e+001 -1.430303e+001  6.871103e-001
    endloop
  endfacet
  facet normal  9.933692e-001 -2.425806e-002 -1.123798e-001
    outer loop
      vertex  3.942705e+001 -1.430303e+001  6.871103e-001
      vertex  3.945736e+001 -1.545813e+001  1.204317e+000
      vertex  3.942237e+001 -1.552989e+001  9.105638e-001
    endloop
  endfacet
  facet normal  9.924920e-001 -2.557104e-002 -1.196071e-001
    outer loop
      vertex  3.942705e+001 -1.430303e+001  6.871103e-001
      vertex  3.942237e+001 -1.552989e+001  9.105638e-001
      vertex  3.939851e+001 -1.434295e+001  4.588103e-001
    endloop
  endfacet
  facet normal  9.963782e-001 -1.200904e-002 -8.417962e-002
    outer loop
      vertex  3.939851e+001 -1.434295e+001  4.588103e-001
      vertex  3.942237e+001 -1.552989e+001  9.105638e-001
      vertex  3.939641e+001 -1.558230e+001  6.107367e-001
    endloop
  endfacet
  facet normal  9.971012e-001 -1.092155e-002 -7.529839e-002
    outer loop
      vertex  3.939851e+001 -1.434295e+001  4.588103e-001
      vertex  3.939641e+001 -1.558230e+001  6.107367e-001
      vertex  3.938094e+001 -1.436698e+001  2.296267e-001
    endloop
  endfacet
  facet normal  9.986332e-001 -3.639542e-003 -5.213895e-002
    outer loop
      vertex  3.938094e+001 -1.436698e+001  2.296267e-001
      vertex  3.939641e+001 -1.558230e+001  6.107367e-001
      vertex  3.938041e+001 -1.561426e+001  3.065366e-001
    endloop
  endfacet
  facet normal  9.996654e-001 -2.015049e-003 -2.578679e-002
    outer loop
      vertex  3.938094e+001 -1.436698e+001  2.296267e-001
      vertex  3.938041e+001 -1.561426e+001  3.065366e-001
      vertex  3.937500e+001 -1.437500e+001  2.929879e-013
    endloop
  endfacet
  facet normal  9.998444e-001 -1.567063e-018 -1.764357e-002
    outer loop
      vertex  3.937500e+001 -1.437500e+001  2.929879e-013
      vertex  3.938041e+001 -1.561426e+001  3.065366e-001
      vertex  3.937500e+001 -1.562500e+001  2.930989e-013
    endloop
  endfacet
  facet normal  8.851556e-001 -4.525749e-001  1.080531e-001
    outer loop
      vertex  3.848078e+001  6.458526e+000  6.142033e+000
      vertex  3.830026e+001  6.411119e+000  7.422256e+000
      vertex  3.814159e+001  5.829117e+000  6.284392e+000
    endloop
  endfacet
  facet normal  8.042976e-001 -5.628427e-001  1.905613e-001
    outer loop
      vertex  3.969522e+001  8.217571e+000  5.640887e+000
      vertex  3.969522e+001  8.610754e+000  6.802193e+000
      vertex  3.925882e+001  7.654364e+000  5.819304e+000
    endloop
  endfacet
  facet normal  8.190563e-001 -5.480631e-001  1.696274e-001
    outer loop
      vertex  3.925882e+001  7.654364e+000  5.819304e+000
      vertex  3.969522e+001  8.610754e+000  6.802193e+000
      vertex  3.931071e+001  8.088511e+000  6.971446e+000
    endloop
  endfacet
  facet normal  8.331107e-001 -5.289175e-001  1.617800e-001
    outer loop
      vertex  3.925882e+001  7.654364e+000  5.819304e+000
      vertex  3.931071e+001  8.088511e+000  6.971446e+000
      vertex  3.885117e+001  7.063777e+000  5.987698e+000
    endloop
  endfacet
  facet normal  8.422397e-001 -5.187082e-001  1.468809e-001
    outer loop
      vertex  3.885117e+001  7.063777e+000  5.987698e+000
      vertex  3.931071e+001  8.088511e+000  6.971446e+000
      vertex  3.894937e+001  7.547163e+000  7.131710e+000
    endloop
  endfacet
  facet normal  8.601118e-001 -4.921559e-001  1.341276e-001
    outer loop
      vertex  3.885117e+001  7.063777e+000  5.987698e+000
      vertex  3.894937e+001  7.547163e+000  7.131710e+000
      vertex  3.848078e+001  6.458526e+000  6.142033e+000
    endloop
  endfacet
  facet normal  8.642958e-001 -4.868625e-001  1.263238e-001
    outer loop
      vertex  3.848078e+001  6.458526e+000  6.142033e+000
      vertex  3.894937e+001  7.547163e+000  7.131710e+000
      vertex  3.861221e+001  6.987680e+000  7.282221e+000
    endloop
  endfacet
  facet normal  8.851189e-001 -4.526487e-001  1.080451e-001
    outer loop
      vertex  3.848078e+001  6.458526e+000  6.142033e+000
      vertex  3.861221e+001  6.987680e+000  7.282221e+000
      vertex  3.830026e+001  6.411119e+000  7.422256e+000
    endloop
  endfacet
  facet normal  9.046423e-001 -4.171515e-001  8.721706e-002
    outer loop
      vertex  3.814159e+001  5.829117e+000  6.284392e+000
      vertex  3.830026e+001  6.411119e+000  7.422256e+000
      vertex  3.793181e+001  5.392685e+000  6.372897e+000
    endloop
  endfacet
  facet normal  9.045777e-001 -4.172642e-001  8.734915e-002
    outer loop
      vertex  3.793181e+001  5.392685e+000  6.372897e+000
      vertex  3.830026e+001  6.411119e+000  7.422256e+000
      vertex  3.801451e+001  5.818625e+000  7.551140e+000
    endloop
  endfacet
  facet normal  9.192637e-001 -3.864002e-001  7.516087e-002
    outer loop
      vertex  3.793181e+001  5.392685e+000  6.372897e+000
      vertex  3.801451e+001  5.818625e+000  7.551140e+000
      vertex  3.773755e+001  4.946523e+000  6.455150e+000
    endloop
  endfacet
  facet normal  9.225626e-001 -3.796376e-001  6.894608e-002
    outer loop
      vertex  3.773755e+001  4.946523e+000  6.455150e+000
      vertex  3.801451e+001  5.818625e+000  7.551140e+000
      vertex  3.775590e+001  5.211433e+000  7.668251e+000
    endloop
  endfacet
  facet normal  9.328834e-001 -3.545697e-001  6.331574e-002
    outer loop
      vertex  3.773755e+001  4.946523e+000  6.455150e+000
      vertex  3.775590e+001  5.211433e+000  7.668251e+000
      vertex  3.755936e+001  4.491220e+000  6.530837e+000
    endloop
  endfacet
  facet normal  9.389576e-001 -3.399266e-001  5.299409e-002
    outer loop
      vertex  3.755936e+001  4.491220e+000  6.530837e+000
      vertex  3.775590e+001  5.211433e+000  7.668251e+000
      vertex  3.752532e+001  4.590861e+000  7.773015e+000
    endloop
  endfacet
  facet normal  9.454267e-001 -3.217055e-001  5.170973e-002
    outer loop
      vertex  3.755936e+001  4.491220e+000  6.530837e+000
      vertex  3.752532e+001  4.590861e+000  7.773015e+000
      vertex  3.739777e+001  4.027423e+000  6.599662e+000
    endloop
  endfacet
  facet normal  9.536361e-001 -2.983459e-001  3.960014e-002
    outer loop
      vertex  3.739777e+001  4.027423e+000  6.599662e+000
      vertex  3.752532e+001  4.590861e+000  7.773015e+000
      vertex  3.732361e+001  3.958312e+000  7.864916e+000
    endloop
  endfacet
  facet normal  9.568309e-001 -2.878294e-001  4.036183e-002
    outer loop
      vertex  3.739777e+001  4.027423e+000  6.599662e+000
      vertex  3.732361e+001  3.958312e+000  7.864916e+000
      vertex  3.725331e+001  3.555836e+000  6.661345e+000
    endloop
  endfacet
  facet normal  9.664804e-001 -2.551134e-001  2.885790e-002
    outer loop
      vertex  3.725331e+001  3.555836e+000  6.661345e+000
      vertex  3.732361e+001  3.958312e+000  7.864916e+000
      vertex  3.715153e+001  3.315269e+000  7.943497e+000
    endloop
  endfacet
  facet normal  9.670204e-001 -2.530086e-001  2.929569e-002
    outer loop
      vertex  3.725331e+001  3.555836e+000  6.661345e+000
      vertex  3.715153e+001  3.315269e+000  7.943497e+000
      vertex  3.712644e+001  3.077217e+000  6.715630e+000
    endloop
  endfacet
  facet normal  9.760779e-001 -2.163056e-001  2.199487e-002
    outer loop
      vertex  3.712644e+001  3.077217e+000  6.715630e+000
      vertex  3.715153e+001  3.315269e+000  7.943497e+000
      vertex  3.701414e+001  2.575355e+000  6.763768e+000
    endloop
  endfacet
  facet normal  9.773723e-001 -2.107291e-001  1.834656e-002
    outer loop
      vertex  3.701414e+001  2.575355e+000  6.763768e+000
      vertex  3.715153e+001  3.315269e+000  7.943497e+000
      vertex  3.700974e+001  2.663294e+000  8.008362e+000
    endloop
  endfacet
  facet normal  9.838731e-001 -1.781445e-001  1.606721e-002
    outer loop
      vertex  3.701414e+001  2.575355e+000  6.763768e+000
      vertex  3.700974e+001  2.663294e+000  8.008362e+000
      vertex  3.692160e+001  2.067824e+000  6.803498e+000
    endloop
  endfacet
  facet normal  9.862149e-001 -1.651963e-001  9.496621e-003
    outer loop
      vertex  3.692160e+001  2.067824e+000  6.803498e+000
      vertex  3.700974e+001  2.663294e+000  8.008362e+000
      vertex  3.689882e+001  2.004028e+000  8.059175e+000
    endloop
  endfacet
  facet normal  9.901845e-001 -1.393423e-001  1.088217e-002
    outer loop
      vertex  3.692160e+001  2.067824e+000  6.803498e+000
      vertex  3.689882e+001  2.004028e+000  8.059175e+000
      vertex  3.684918e+001  1.555669e+000  6.834622e+000
    endloop
  endfacet
  facet normal  9.929283e-001 -1.186728e-001  3.202986e-003
    outer loop
      vertex  3.684918e+001  1.555669e+000  6.834622e+000
      vertex  3.689882e+001  2.004028e+000  8.059175e+000
      vertex  3.681924e+001  1.339185e+000  8.095673e+000
    endloop
  endfacet
  facet normal  9.949657e-001 -1.000079e-001  6.455539e-003
    outer loop
      vertex  3.684918e+001  1.555669e+000  6.834622e+000
      vertex  3.681924e+001  1.339185e+000  8.095673e+000
      vertex  3.679720e+001  1.039979e+000  6.856985e+000
    endloop
  endfacet
  facet normal  9.981679e-001 -6.042214e-002 -3.163406e-003
    outer loop
      vertex  3.679720e+001  1.039979e+000  6.856985e+000
      vertex  3.681924e+001  1.339185e+000  8.095673e+000
      vertex  3.676588e+001  5.218921e-001  6.870468e+000
    endloop
  endfacet
  facet normal  9.974455e-001 -7.131054e-002  4.131336e-003
    outer loop
      vertex  3.676588e+001  5.218921e-001  6.870468e+000
      vertex  3.681924e+001  1.339185e+000  8.095673e+000
      vertex  3.677135e+001  6.705552e-001  8.117656e+000
    endloop
  endfacet
  facet normal  9.997925e-001 -2.027982e-002 -1.961734e-003
    outer loop
      vertex  3.676588e+001  5.218921e-001  6.870468e+000
      vertex  3.677135e+001  6.705552e-001  8.117656e+000
      vertex  3.675536e+001  2.584914e-003  6.875000e+000
    endloop
  endfacet
  facet normal  9.997157e-001 -2.384139e-002 -4.628169e-005
    outer loop
      vertex  3.675536e+001  2.584914e-003  6.875000e+000
      vertex  3.677135e+001  6.705552e-001  8.117656e+000
      vertex  3.675536e+001 -1.584969e-006  8.125000e+000
    endloop
  endfacet
  facet normal  9.996714e-001  2.563368e-002  5.609195e-005
    outer loop
      vertex  3.675536e+001  2.584914e-003  6.875000e+000
      vertex  3.675536e+001 -1.584969e-006  8.125000e+000
      vertex  3.677250e+001 -6.659575e-001  6.867619e+000
    endloop
  endfacet
  facet normal  9.997155e-001  2.382985e-002  1.012068e-003
    outer loop
      vertex  3.677250e+001 -6.659575e-001  6.867619e+000
      vertex  3.675536e+001 -1.584969e-006  8.125000e+000
      vertex  3.677135e+001 -6.705567e-001  8.117657e+000
    endloop
  endfacet
  facet normal  9.970182e-001  7.715788e-002  1.205781e-003
    outer loop
      vertex  3.677250e+001 -6.659575e-001  6.867619e+000
      vertex  3.677135e+001 -6.705567e-001  8.117657e+000
      vertex  3.682407e+001 -1.331900e+000  6.845426e+000
    endloop
  endfacet
  facet normal  9.974454e-001  7.130606e-002  4.265438e-003
    outer loop
      vertex  3.682407e+001 -1.331900e+000  6.845426e+000
      vertex  3.677135e+001 -6.705567e-001  8.117657e+000
      vertex  3.681924e+001 -1.339187e+000  8.095675e+000
    endloop
  endfacet
  facet normal  9.917354e-001  1.282186e-001  4.575100e-003
    outer loop
      vertex  3.682407e+001 -1.331900e+000  6.845426e+000
      vertex  3.681924e+001 -1.339187e+000  8.095675e+000
      vertex  3.690968e+001 -1.992752e+000  6.808620e+000
    endloop
  endfacet
  facet normal  9.929286e-001  1.183166e-001  9.687167e-003
    outer loop
      vertex  3.690968e+001 -1.992752e+000  6.808620e+000
      vertex  3.681924e+001 -1.339187e+000  8.095675e+000
      vertex  3.689882e+001 -2.004031e+000  8.059178e+000
    endloop
  endfacet
  facet normal  9.838945e-001  1.784620e-001  1.015120e-002
    outer loop
      vertex  3.690968e+001 -1.992752e+000  6.808620e+000
      vertex  3.689882e+001 -2.004031e+000  8.059178e+000
      vertex  3.702872e+001 -2.646164e+000  6.757514e+000
    endloop
  endfacet
  facet normal  9.862100e-001  1.645997e-001  1.722078e-002
    outer loop
      vertex  3.702872e+001 -2.646164e+000  6.757514e+000
      vertex  3.689882e+001 -2.004031e+000  8.059178e+000
      vertex  3.700974e+001 -2.663299e+000  8.008366e+000
    endloop
  endfacet
  facet normal  9.735907e-001  2.275984e-001  1.789230e-002
    outer loop
      vertex  3.702872e+001 -2.646164e+000  6.757514e+000
      vertex  3.700974e+001 -2.663299e+000  8.008366e+000
      vertex  3.718041e+001 -3.289941e+000  6.692524e+000
    endloop
  endfacet
  facet normal  9.773586e-001  2.098832e-001  2.681748e-002
    outer loop
      vertex  3.718041e+001 -3.289941e+000  6.692524e+000
      vertex  3.700974e+001 -2.663299e+000  8.008366e+000
      vertex  3.715153e+001 -3.315275e+000  7.943501e+000
    endloop
  endfacet
  facet normal  9.609501e-001  2.753254e-001  2.776390e-002
    outer loop
      vertex  3.718041e+001 -3.289941e+000  6.692524e+000
      vertex  3.715153e+001 -3.315275e+000  7.943501e+000
      vertex  3.736378e+001 -3.922052e+000  6.614161e+000
    endloop
  endfacet
  facet normal  9.664558e-001  2.539462e-001  3.840151e-002
    outer loop
      vertex  3.736378e+001 -3.922052e+000  6.614161e+000
      vertex  3.715153e+001 -3.315275e+000  7.943501e+000
      vertex  3.732362e+001 -3.958318e+000  7.864920e+000
    endloop
  endfacet
  facet normal  9.461156e-001  3.213857e-001  3.970372e-002
    outer loop
      vertex  3.736378e+001 -3.922052e+000  6.614161e+000
      vertex  3.732362e+001 -3.958318e+000  7.864920e+000
      vertex  3.757774e+001 -4.540635e+000  6.523016e+000
    endloop
  endfacet
  facet normal  9.536061e-001  2.965497e-001  5.189972e-002
    outer loop
      vertex  3.757774e+001 -4.540635e+000  6.523016e+000
      vertex  3.732362e+001 -3.958318e+000  7.864920e+000
      vertex  3.752533e+001 -4.590866e+000  7.773018e+000
    endloop
  endfacet
  facet normal  9.292362e-001  3.655701e-001  5.365152e-002
    outer loop
      vertex  3.757774e+001 -4.540635e+000  6.523016e+000
      vertex  3.752533e+001 -4.590866e+000  7.773018e+000
      vertex  3.782107e+001 -5.144000e+000  6.419748e+000
    endloop
  endfacet
  facet normal  9.389184e-001  3.375079e-001  6.723751e-002
    outer loop
      vertex  3.782107e+001 -5.144000e+000  6.419748e+000
      vertex  3.752533e+001 -4.590866e+000  7.773018e+000
      vertex  3.775590e+001 -5.211437e+000  7.668254e+000
    endloop
  endfacet
  facet normal  9.110195e-001  4.064631e-001  6.950586e-002
    outer loop
      vertex  3.782107e+001 -5.144000e+000  6.419748e+000
      vertex  3.775590e+001 -5.211437e+000  7.668254e+000
      vertex  3.807703e+001 -5.699193e+000  6.311591e+000
    endloop
  endfacet
  facet normal  9.225248e-001  3.769417e-001  8.284292e-002
    outer loop
      vertex  3.807703e+001 -5.699193e+000  6.311591e+000
      vertex  3.775590e+001 -5.211437e+000  7.668254e+000
      vertex  3.801451e+001 -5.818628e+000  7.551143e+000
    endloop
  endfacet
  facet normal  8.917562e-001  4.439277e-001  8.774552e-002
    outer loop
      vertex  3.807703e+001 -5.699193e+000  6.311591e+000
      vertex  3.801451e+001 -5.818628e+000  7.551143e+000
      vertex  3.835701e+001 -6.238345e+000  6.193870e+000
    endloop
  endfacet
  facet normal  9.045403e-001  4.144769e-001  1.000786e-001
    outer loop
      vertex  3.835701e+001 -6.238345e+000  6.193870e+000
      vertex  3.801451e+001 -5.818628e+000  7.551143e+000
      vertex  3.830027e+001 -6.411121e+000  7.422257e+000
    endloop
  endfacet
  facet normal  8.710893e-001  4.791849e-001  1.076349e-001
    outer loop
      vertex  3.835701e+001 -6.238345e+000  6.193870e+000
      vertex  3.830027e+001 -6.411121e+000  7.422257e+000
      vertex  3.865989e+001 -6.760508e+000  6.067247e+000
    endloop
  endfacet
  facet normal  8.850796e-001  4.500037e-001  1.188723e-001
    outer loop
      vertex  3.865989e+001 -6.760508e+000  6.067247e+000
      vertex  3.830027e+001 -6.411121e+000  7.422257e+000
      vertex  3.861222e+001 -6.987683e+000  7.282221e+000
    endloop
  endfacet
  facet normal  8.491397e-001  5.121518e-001  1.290825e-001
    outer loop
      vertex  3.865989e+001 -6.760508e+000  6.067247e+000
      vertex  3.861222e+001 -6.987683e+000  7.282221e+000
      vertex  3.898459e+001 -7.264869e+000  5.932407e+000
    endloop
  endfacet
  facet normal  8.642734e-001  4.833888e-001  1.391639e-001
    outer loop
      vertex  3.898459e+001 -7.264869e+000  5.932407e+000
      vertex  3.861222e+001 -6.987683e+000  7.282221e+000
      vertex  3.894937e+001 -7.547166e+000  7.131710e+000
    endloop
  endfacet
  facet normal  8.260239e-001  5.427492e-001  1.520131e-001
    outer loop
      vertex  3.898459e+001 -7.264869e+000  5.932407e+000
      vertex  3.894937e+001 -7.547166e+000  7.131710e+000
      vertex  3.933004e+001 -7.750743e+000  5.790051e+000
    endloop
  endfacet
  facet normal  8.422281e-001  5.145547e-001  1.608889e-001
    outer loop
      vertex  3.933004e+001 -7.750743e+000  5.790051e+000
      vertex  3.894937e+001 -7.547166e+000  7.131710e+000
      vertex  3.931072e+001 -8.088511e+000  6.971445e+000
    endloop
  endfacet
  facet normal  8.018509e-001  5.709106e-001  1.763410e-001
    outer loop
      vertex  3.933004e+001 -7.750743e+000  5.790051e+000
      vertex  3.931072e+001 -8.088511e+000  6.971445e+000
      vertex  3.969522e+001 -8.217571e+000  5.640887e+000
    endloop
  endfacet
  facet normal  8.190593e-001  5.434085e-001  1.839815e-001
    outer loop
      vertex  3.969522e+001 -8.217571e+000  5.640887e+000
      vertex  3.931072e+001 -8.088511e+000  6.971445e+000
      vertex  3.969522e+001 -8.610754e+000  6.802193e+000
    endloop
  endfacet
  facet normal  9.660839e-001  1.354033e-001 -2.198814e-001
    outer loop
      vertex  3.965269e+001  1.394493e+001  1.669085e+000
      vertex  3.971842e+001  1.487177e+001  2.528650e+000
      vertex  3.976207e+001  1.373875e+001  2.022725e+000
    endloop
  endfacet
  facet normal  9.772951e-001  1.166381e-001 -1.768893e-001
    outer loop
      vertex  3.976207e+001  1.373875e+001  2.022725e+000
      vertex  3.971842e+001  1.487177e+001  2.528650e+000
      vertex  3.983896e+001  1.455961e+001  2.988787e+000
    endloop
  endfacet
  facet normal  9.657360e-001  1.547429e-001 -2.083466e-001
    outer loop
      vertex  3.976207e+001  1.373875e+001  2.022725e+000
      vertex  3.983896e+001  1.455961e+001  2.988787e+000
      vertex  3.987568e+001  1.349512e+001  2.368347e+000
    endloop
  endfacet
  facet normal  9.989843e-001 -3.801913e-002  2.418842e-002
    outer loop
      vertex  4.035390e+001  1.156324e+001  5.501597e+000
      vertex  4.032883e+001  1.107350e+001  5.766912e+000
      vertex  4.034415e+001  1.072071e+001  4.580007e+000
    endloop
  endfacet
  facet normal  9.996660e-001 -4.590358e-018 -2.584142e-002
    outer loop
      vertex  3.937500e+001  1.437500e+001  0.000000e+000
      vertex  3.937500e+001  1.562500e+001 -2.220446e-016
      vertex  3.938094e+001  1.436698e+001  2.296192e-001
    endloop
  endfacet
  facet normal  9.998465e-001  1.531994e-003 -1.745272e-002
    outer loop
      vertex  3.938094e+001  1.436698e+001  2.296192e-001
      vertex  3.937500e+001  1.562500e+001 -2.220446e-016
      vertex  3.938033e+001  1.561442e+001  3.041531e-001
    endloop
  endfacet
  facet normal  9.971001e-001  5.024972e-003 -7.593577e-002
    outer loop
      vertex  3.938094e+001  1.436698e+001  2.296192e-001
      vertex  3.938033e+001  1.561442e+001  3.041531e-001
      vertex  3.939851e+001  1.434296e+001  4.587947e-001
    endloop
  endfacet
  facet normal  9.986518e-001  8.045693e-003 -5.128181e-002
    outer loop
      vertex  3.939851e+001  1.434296e+001  4.587947e-001
      vertex  3.938033e+001  1.561442e+001  3.041531e-001
      vertex  3.939608e+001  1.558296e+001  6.060207e-001
    endloop
  endfacet
  facet normal  9.924904e-001  1.633817e-002 -1.212266e-001
    outer loop
      vertex  3.939851e+001  1.434296e+001  4.587947e-001
      vertex  3.939608e+001  1.558296e+001  6.060207e-001
      vertex  3.942705e+001  1.430303e+001  6.870857e-001
    endloop
  endfacet
  facet normal  9.964231e-001  1.889468e-002 -8.236453e-002
    outer loop
      vertex  3.942705e+001  1.430303e+001  6.870857e-001
      vertex  3.939608e+001  1.558296e+001  6.060207e-001
      vertex  3.942166e+001  1.553134e+001  9.036084e-001
    endloop
  endfacet
  facet normal  9.866696e-001  3.244372e-002 -1.594696e-001
    outer loop
      vertex  3.942705e+001  1.430303e+001  6.870857e-001
      vertex  3.942166e+001  1.553134e+001  9.036084e-001
      vertex  3.946557e+001  1.424738e+001  9.140754e-001
    endloop
  endfacet
  facet normal  9.934430e-001  3.308322e-002 -1.094380e-001
    outer loop
      vertex  3.946557e+001  1.424738e+001  9.140754e-001
      vertex  3.942166e+001  1.553134e+001  9.036084e-001
      vertex  3.945614e+001  1.546065e+001  1.195247e+000
    endloop
  endfacet
  facet normal  9.900841e-001  3.897219e-002 -1.349619e-001
    outer loop
      vertex  3.946557e+001  1.424738e+001  9.140754e-001
      vertex  3.945614e+001  1.546065e+001  1.195247e+000
      vertex  3.949838e+001  1.537224e+001  1.479592e+000
    endloop
  endfacet
  facet normal  9.786264e-001  6.887202e-002 -1.937705e-001
    outer loop
      vertex  3.946557e+001  1.424738e+001  9.140754e-001
      vertex  3.949838e+001  1.537224e+001  1.479592e+000
      vertex  3.955007e+001  1.411776e+001  1.294785e+000
    endloop
  endfacet
  facet normal  9.866495e-001  6.279355e-002 -1.502654e-001
    outer loop
      vertex  3.955007e+001  1.411776e+001  1.294785e+000
      vertex  3.949838e+001  1.537224e+001  1.479592e+000
      vertex  3.954708e+001  1.526762e+001  1.755628e+000
    endloop
  endfacet
  facet normal  9.703438e-001  9.210065e-002 -2.234957e-001
    outer loop
      vertex  3.955007e+001  1.411776e+001  1.294785e+000
      vertex  3.954708e+001  1.526762e+001  1.755628e+000
      vertex  3.965269e+001  1.394493e+001  1.669085e+000
    endloop
  endfacet
  facet normal  9.827409e-001  8.907528e-002 -1.621294e-001
    outer loop
      vertex  3.965269e+001  1.394493e+001  1.669085e+000
      vertex  3.954708e+001  1.526762e+001  1.755628e+000
      vertex  3.962925e+001  1.508370e+001  2.152688e+000
    endloop
  endfacet
  facet normal  9.793079e-001  9.584635e-002 -1.782398e-001
    outer loop
      vertex  3.965269e+001  1.394493e+001  1.669085e+000
      vertex  3.962925e+001  1.508370e+001  2.152688e+000
      vertex  3.971842e+001  1.487177e+001  2.528650e+000
    endloop
  endfacet
  facet normal  9.684792e-001  1.495219e-001 -1.992268e-001
    outer loop
      vertex  3.987568e+001  1.349512e+001  2.368347e+000
      vertex  3.983896e+001  1.455961e+001  2.988787e+000
      vertex  3.998201e+001  1.323134e+001  2.687308e+000
    endloop
  endfacet
  facet normal  9.774947e-001  1.409085e-001 -1.569998e-001
    outer loop
      vertex  3.998201e+001  1.323134e+001  2.687308e+000
      vertex  3.983896e+001  1.455961e+001  2.988787e+000
      vertex  3.995767e+001  1.421328e+001  3.417053e+000
    endloop
  endfacet
  facet normal  9.734448e-001  1.516040e-001 -1.715265e-001
    outer loop
      vertex  3.998201e+001  1.323134e+001  2.687308e+000
      vertex  3.995767e+001  1.421328e+001  3.417053e+000
      vertex  4.008266e+001  1.293641e+001  2.997821e+000
    endloop
  endfacet
  facet normal  9.801927e-001  1.414564e-001 -1.386080e-001
    outer loop
      vertex  4.008266e+001  1.293641e+001  2.997821e+000
      vertex  3.995767e+001  1.421328e+001  3.417053e+000
      vertex  4.007372e+001  1.381891e+001  3.835202e+000
    endloop
  endfacet
  facet normal  9.796829e-001  1.431809e-001 -1.404308e-001
    outer loop
      vertex  4.008266e+001  1.293641e+001  2.997821e+000
      vertex  4.007372e+001  1.381891e+001  3.835202e+000
      vertex  4.017336e+001  1.261152e+001  3.299310e+000
    endloop
  endfacet
  facet normal  9.846268e-001  1.320216e-001 -1.143691e-001
    outer loop
      vertex  4.017336e+001  1.261152e+001  3.299310e+000
      vertex  4.007372e+001  1.381891e+001  3.835202e+000
      vertex  4.017534e+001  1.339777e+001  4.223984e+000
    endloop
  endfacet
  facet normal  9.863092e-001  1.245805e-001 -1.080457e-001
    outer loop
      vertex  4.017336e+001  1.261152e+001  3.299310e+000
      vertex  4.017534e+001  1.339777e+001  4.223984e+000
      vertex  4.024998e+001  1.225800e+001  3.591168e+000
    endloop
  endfacet
  facet normal  9.897224e-001  1.132758e-001 -8.728199e-002
    outer loop
      vertex  4.024998e+001  1.225800e+001  3.591168e+000
      vertex  4.017534e+001  1.339777e+001  4.223984e+000
      vertex  4.025608e+001  1.296466e+001  4.577458e+000
    endloop
  endfacet
  facet normal  9.922440e-001  9.805919e-002 -7.639505e-002
    outer loop
      vertex  4.024998e+001  1.225800e+001  3.591168e+000
      vertex  4.025608e+001  1.296466e+001  4.577458e+000
      vertex  4.030504e+001  1.190503e+001  3.853217e+000
    endloop
  endfacet
  facet normal  9.945166e-001  8.631057e-002 -5.905213e-002
    outer loop
      vertex  4.030504e+001  1.190503e+001  3.853217e+000
      vertex  4.025608e+001  1.296466e+001  4.577458e+000
      vertex  4.031480e+001  1.251340e+001  4.906809e+000
    endloop
  endfacet
  facet normal  9.968124e-001  6.474312e-002 -4.661986e-002
    outer loop
      vertex  4.030504e+001  1.190503e+001  3.853217e+000
      vertex  4.031480e+001  1.251340e+001  4.906809e+000
      vertex  4.034121e+001  1.153005e+001  4.105771e+000
    endloop
  endfacet
  facet normal  9.982036e-001  5.160202e-002 -3.044199e-002
    outer loop
      vertex  4.034121e+001  1.153005e+001  4.105771e+000
      vertex  4.031480e+001  1.251340e+001  4.906809e+000
      vertex  4.034846e+001  1.204426e+001  5.215208e+000
    endloop
  endfacet
  facet normal  9.995360e-001  2.461088e-002 -1.794042e-002
    outer loop
      vertex  4.034121e+001  1.153005e+001  4.105771e+000
      vertex  4.034846e+001  1.204426e+001  5.215208e+000
      vertex  4.035530e+001  1.113464e+001  4.348239e+000
    endloop
  endfacet
  facet normal  9.999486e-001  9.844721e-003 -2.444577e-003
    outer loop
      vertex  4.035530e+001  1.113464e+001  4.348239e+000
      vertex  4.034846e+001  1.204426e+001  5.215208e+000
      vertex  4.035390e+001  1.156324e+001  5.501597e+000
    endloop
  endfacet
  facet normal  9.997208e-001 -2.172929e-002  9.288236e-003
    outer loop
      vertex  4.035530e+001  1.113464e+001  4.348239e+000
      vertex  4.035390e+001  1.156324e+001  5.501597e+000
      vertex  4.034415e+001  1.072071e+001  4.580007e+000
    endloop
  endfacet
  facet normal  9.330329e-001 -3.407888e-001  1.153807e-001
    outer loop
      vertex  3.969522e+001  8.610754e+000  6.802193e+000
      vertex  3.969522e+001  8.217571e+000  5.640887e+000
      vertex  3.989047e+001  9.088315e+000  6.633837e+000
    endloop
  endfacet
  facet normal  9.244336e-001 -3.577794e-001  1.319711e-001
    outer loop
      vertex  3.989047e+001  9.088315e+000  6.633837e+000
      vertex  3.969522e+001  8.217571e+000  5.640887e+000
      vertex  3.988243e+001  8.646463e+000  5.492286e+000
    endloop
  endfacet
  facet normal  9.555753e-001 -2.770786e-001  1.005154e-001
    outer loop
      vertex  3.989047e+001  9.088315e+000  6.633837e+000
      vertex  3.988243e+001  8.646463e+000  5.492286e+000
      vertex  4.005086e+001  9.574088e+000  6.448130e+000
    endloop
  endfacet
  facet normal  9.480776e-001 -2.948882e-001  1.191204e-001
    outer loop
      vertex  4.005086e+001  9.574088e+000  6.448130e+000
      vertex  3.988243e+001  8.646463e+000  5.492286e+000
      vertex  4.003580e+001  9.074764e+000  5.331896e+000
    endloop
  endfacet
  facet normal  9.732713e-001 -2.142486e-001  8.270810e-002
    outer loop
      vertex  4.005086e+001  9.574088e+000  6.448130e+000
      vertex  4.003580e+001  9.074764e+000  5.331896e+000
      vertex  4.017895e+001  1.007552e+001  6.239734e+000
    endloop
  endfacet
  facet normal  9.667779e-001 -2.332177e-001  1.046425e-001
    outer loop
      vertex  4.017895e+001  1.007552e+001  6.239734e+000
      vertex  4.003580e+001  9.074764e+000  5.331896e+000
      vertex  4.015678e+001  9.499163e+000  5.160046e+000
    endloop
  endfacet
  facet normal  9.862370e-001 -1.534164e-001  6.164385e-002
    outer loop
      vertex  4.017895e+001  1.007552e+001  6.239734e+000
      vertex  4.015678e+001  9.499163e+000  5.160046e+000
      vertex  4.027140e+001  1.057830e+001  6.011942e+000
    endloop
  endfacet
  facet normal  9.808596e-001 -1.736787e-001  8.803435e-002
    outer loop
      vertex  4.027140e+001  1.057830e+001  6.011942e+000
      vertex  4.015678e+001  9.499163e+000  5.160046e+000
      vertex  4.024712e+001  9.916670e+000  4.977138e+000
    endloop
  endfacet
  facet normal  9.946044e-001 -9.640840e-002  3.830735e-002
    outer loop
      vertex  4.027140e+001  1.057830e+001  6.011942e+000
      vertex  4.024712e+001  9.916670e+000  4.977138e+000
      vertex  4.032883e+001  1.107350e+001  5.766912e+000
    endloop
  endfacet
  facet normal  9.907123e-001 -1.171305e-001  6.906287e-002
    outer loop
      vertex  4.032883e+001  1.107350e+001  5.766912e+000
      vertex  4.024712e+001  9.916670e+000  4.977138e+000
      vertex  4.030884e+001  1.032463e+001  4.783629e+000
    endloop
  endfacet
  facet normal  9.968699e-001 -7.134362e-002  3.406633e-002
    outer loop
      vertex  4.032883e+001  1.107350e+001  5.766912e+000
      vertex  4.030884e+001  1.032463e+001  4.783629e+000
      vertex  4.034415e+001  1.072071e+001  4.580007e+000
    endloop
  endfacet
  facet normal -9.772415e-001  1.146142e-001  1.785007e-001
    outer loop
      vertex  4.109357e+001 -1.454696e+001  3.005718e+000
      vertex  4.099692e+001 -1.427572e+001  2.302383e+000
      vertex  4.097276e+001 -1.486109e+001  2.545969e+000
    endloop
  endfacet
  facet normal -9.331040e-001 -3.406140e-001 -1.153214e-001
    outer loop
      vertex  4.094522e+001 -8.610754e+000  6.802193e+000
      vertex  4.094522e+001 -8.410324e+000  6.210202e+000
      vertex  4.114148e+001 -9.091059e+000  6.632831e+000
    endloop
  endfacet
  facet normal -9.279749e-001 -3.488620e-001 -1.309884e-001
    outer loop
      vertex  4.114148e+001 -9.091059e+000  6.632831e+000
      vertex  4.094522e+001 -8.410324e+000  6.210202e+000
      vertex  4.112497e+001 -8.832743e+000  6.061820e+000
    endloop
  endfacet
  facet normal -9.557288e-001 -2.774861e-001 -9.789661e-002
    outer loop
      vertex  4.114148e+001 -9.091059e+000  6.632831e+000
      vertex  4.112497e+001 -8.832743e+000  6.061820e+000
      vertex  4.130248e+001 -9.579649e+000  6.445916e+000
    endloop
  endfacet
  facet normal -9.497628e-001 -2.883260e-001 -1.217330e-001
    outer loop
      vertex  4.130248e+001 -9.579649e+000  6.445916e+000
      vertex  4.112497e+001 -8.832743e+000  6.061820e+000
      vertex  4.127361e+001 -9.254990e+000  5.902227e+000
    endloop
  endfacet
  facet normal -9.732727e-001 -2.162091e-001 -7.742041e-002
    outer loop
      vertex  4.130248e+001 -9.579649e+000  6.445916e+000
      vertex  4.127361e+001 -9.254990e+000  5.902227e+000
      vertex  4.142839e+001 -1.007301e+001  6.240825e+000
    endloop
  endfacet
  facet normal -9.670702e-001 -2.289781e-001 -1.111046e-001
    outer loop
      vertex  4.142839e+001 -1.007301e+001  6.240825e+000
      vertex  4.127361e+001 -9.254990e+000  5.902227e+000
      vertex  4.139246e+001 -9.674191e+000  5.731710e+000
    endloop
  endfacet
  facet normal -9.859991e-001 -1.577694e-001 -5.398704e-002
    outer loop
      vertex  4.142839e+001 -1.007301e+001  6.240825e+000
      vertex  4.139246e+001 -9.674191e+000  5.731710e+000
      vertex  4.151981e+001 -1.056769e+001  6.016961e+000
    endloop
  endfacet
  facet normal -9.801993e-001 -1.713755e-001 -9.919536e-002
    outer loop
      vertex  4.151981e+001 -1.056769e+001  6.016961e+000
      vertex  4.139246e+001 -9.674191e+000  5.731710e+000
      vertex  4.148309e+001 -1.008776e+001  5.550612e+000
    endloop
  endfacet
  facet normal -9.898971e-001 -1.302250e-001 -5.608241e-002
    outer loop
      vertex  4.151981e+001 -1.056769e+001  6.016961e+000
      vertex  4.148309e+001 -1.008776e+001  5.550612e+000
      vertex  4.154729e+001 -1.049337e+001  5.359320e+000
    endloop
  endfacet
  facet normal -9.944712e-001 -9.130176e-002 -5.187468e-002
    outer loop
      vertex  4.151981e+001 -1.056769e+001  6.016961e+000
      vertex  4.154729e+001 -1.049337e+001  5.359320e+000
      vertex  4.157772e+001 -1.106034e+001  5.773715e+000
    endloop
  endfacet
  facet normal -9.960185e-001 -8.087737e-002 -3.749838e-002
    outer loop
      vertex  4.157772e+001 -1.106034e+001  5.773715e+000
      vertex  4.154729e+001 -1.049337e+001  5.359320e+000
      vertex  4.158698e+001 -1.088900e+001  5.158239e+000
    endloop
  endfacet
  facet normal -9.989038e-001 -3.900482e-002 -2.588470e-002
    outer loop
      vertex  4.157772e+001 -1.106034e+001  5.773715e+000
      vertex  4.158698e+001 -1.088900e+001  5.158239e+000
      vertex  4.160358e+001 -1.154768e+001  5.510416e+000
    endloop
  endfacet
  facet normal -9.993779e-001 -3.249981e-002 -1.369596e-002
    outer loop
      vertex  4.160358e+001 -1.154768e+001  5.510416e+000
      vertex  4.158698e+001 -1.088900e+001  5.158239e+000
      vertex  4.160514e+001 -1.134197e+001  4.908151e+000
    endloop
  endfacet
  facet normal -9.999602e-001  8.905536e-003  4.449824e-004
    outer loop
      vertex  4.160358e+001 -1.154768e+001  5.510416e+000
      vertex  4.160514e+001 -1.134197e+001  4.908151e+000
      vertex  4.159919e+001 -1.202649e+001  5.226295e+000
    endloop
  endfacet
  facet normal -9.998100e-001  1.466602e-002  1.284221e-002
    outer loop
      vertex  4.159919e+001 -1.202649e+001  5.226295e+000
      vertex  4.160514e+001 -1.134197e+001  4.908151e+000
      vertex  4.159540e+001 -1.177598e+001  4.645595e+000
    endloop
  endfacet
  facet normal -9.983125e-001  5.067053e-002  2.836464e-002
    outer loop
      vertex  4.159919e+001 -1.202649e+001  5.226295e+000
      vertex  4.159540e+001 -1.177598e+001  4.645595e+000
      vertex  4.156678e+001 -1.249366e+001  4.920434e+000
    endloop
  endfacet
  facet normal -9.976508e-001  5.527735e-002  4.046322e-002
    outer loop
      vertex  4.156678e+001 -1.249366e+001  4.920434e+000
      vertex  4.159540e+001 -1.177598e+001  4.645595e+000
      vertex  4.156139e+001 -1.218892e+001  4.371220e+000
    endloop
  endfacet
  facet normal -9.946983e-001  8.546913e-002  5.718688e-002
    outer loop
      vertex  4.156678e+001 -1.249366e+001  4.920434e+000
      vertex  4.156139e+001 -1.218892e+001  4.371220e+000
      vertex  4.150900e+001 -1.294619e+001  4.591660e+000
    endloop
  endfacet
  facet normal -9.936786e-001  8.876030e-002  6.873538e-002
    outer loop
      vertex  4.150900e+001 -1.294619e+001  4.591660e+000
      vertex  4.156139e+001 -1.218892e+001  4.371220e+000
      vertex  4.150680e+001 -1.257897e+001  4.085632e+000
    endloop
  endfacet
  facet normal -9.899293e-001  1.124915e-001  8.594073e-002
    outer loop
      vertex  4.150900e+001 -1.294619e+001  4.591660e+000
      vertex  4.150680e+001 -1.257897e+001  4.085632e+000
      vertex  4.142899e+001 -1.338064e+001  4.238769e+000
    endloop
  endfacet
  facet normal -9.883999e-001  1.148984e-001  9.931822e-002
    outer loop
      vertex  4.142899e+001 -1.338064e+001  4.238769e+000
      vertex  4.150680e+001 -1.257897e+001  4.085632e+000
      vertex  4.142740e+001 -1.297977e+001  3.759176e+000
    endloop
  endfacet
  facet normal -9.848208e-001  1.315558e-001  1.132297e-001
    outer loop
      vertex  4.142899e+001 -1.338064e+001  4.238769e+000
      vertex  4.142740e+001 -1.297977e+001  3.759176e+000
      vertex  4.132796e+001 -1.380303e+001  3.850823e+000
    endloop
  endfacet
  facet normal -9.825552e-001  1.331323e-001  1.298501e-001
    outer loop
      vertex  4.132796e+001 -1.380303e+001  3.850823e+000
      vertex  4.142740e+001 -1.297977e+001  3.759176e+000
      vertex  4.133261e+001 -1.334910e+001  3.420577e+000
    endloop
  endfacet
  facet normal -9.803419e-001  1.409243e-001  1.380949e-001
    outer loop
      vertex  4.132796e+001 -1.380303e+001  3.850823e+000
      vertex  4.133261e+001 -1.334910e+001  3.420577e+000
      vertex  4.121230e+001 -1.419879e+001  3.433570e+000
    endloop
  endfacet
  facet normal -9.773259e-001  1.408038e-001  1.581403e-001
    outer loop
      vertex  4.121230e+001 -1.419879e+001  3.433570e+000
      vertex  4.133261e+001 -1.334910e+001  3.420577e+000
      vertex  4.122749e+001 -1.368543e+001  3.070388e+000
    endloop
  endfacet
  facet normal -9.775690e-001  1.401540e-001  1.572117e-001
    outer loop
      vertex  4.121230e+001 -1.419879e+001  3.433570e+000
      vertex  4.122749e+001 -1.368543e+001  3.070388e+000
      vertex  4.109357e+001 -1.454696e+001  3.005718e+000
    endloop
  endfacet
  facet normal -9.735684e-001  1.376524e-001  1.822535e-001
    outer loop
      vertex  4.109357e+001 -1.454696e+001  3.005718e+000
      vertex  4.122749e+001 -1.368543e+001  3.070388e+000
      vertex  4.111719e+001 -1.398723e+001  2.709121e+000
    endloop
  endfacet
  facet normal -9.721056e-001  1.405227e-001  1.877867e-001
    outer loop
      vertex  4.109357e+001 -1.454696e+001  3.005718e+000
      vertex  4.111719e+001 -1.398723e+001  2.709121e+000
      vertex  4.099692e+001 -1.427572e+001  2.302383e+000
    endloop
  endfacet
  facet normal -9.791201e-001  1.112204e-001  1.701583e-001
    outer loop
      vertex  4.097276e+001 -1.486109e+001  2.545969e+000
      vertex  4.099692e+001 -1.427572e+001  2.302383e+000
      vertex  4.088267e+001 -1.507582e+001  2.167941e+000
    endloop
  endfacet
  facet normal -9.735886e-001  1.049531e-001  2.027558e-001
    outer loop
      vertex  4.088267e+001 -1.507582e+001  2.167941e+000
      vertex  4.099692e+001 -1.427572e+001  2.302383e+000
      vertex  4.088358e+001 -1.451899e+001  1.884066e+000
    endloop
  endfacet
  facet normal -9.826415e-001  8.552744e-002  1.646226e-001
    outer loop
      vertex  4.088267e+001 -1.507582e+001  2.167941e+000
      vertex  4.088358e+001 -1.451899e+001  1.884066e+000
      vertex  4.079951e+001 -1.526229e+001  1.768474e+000
    endloop
  endfacet
  facet normal -9.785702e-001  8.124368e-002  1.892081e-001
    outer loop
      vertex  4.079951e+001 -1.526229e+001  1.768474e+000
      vertex  4.088358e+001 -1.451899e+001  1.884066e+000
      vertex  4.077868e+001 -1.472484e+001  1.429956e+000
    endloop
  endfacet
  facet normal -9.865199e-001  5.811377e-002  1.529747e-001
    outer loop
      vertex  4.079951e+001 -1.526229e+001  1.768474e+000
      vertex  4.077868e+001 -1.472484e+001  1.429956e+000
      vertex  4.075018e+001 -1.536842e+001  1.490630e+000
    endloop
  endfacet
  facet normal -9.998193e-001  4.251852e-015  1.901187e-002
    outer loop
      vertex  4.062500e+001 -1.500000e+001  1.479936e-013
      vertex  4.062500e+001 -1.562500e+001  2.877698e-013
      vertex  4.062962e+001 -1.499214e+001  2.427404e-001
    endloop
  endfacet
  facet normal -9.998446e-001  5.321669e-004  1.762492e-002
    outer loop
      vertex  4.062962e+001 -1.499214e+001  2.427404e-001
      vertex  4.062500e+001 -1.562500e+001  2.877698e-013
      vertex  4.063041e+001 -1.561426e+001  3.065366e-001
    endloop
  endfacet
  facet normal -9.984104e-001  4.487946e-003  5.618230e-002
    outer loop
      vertex  4.062962e+001 -1.499214e+001  2.427404e-001
      vertex  4.063041e+001 -1.561426e+001  3.065366e-001
      vertex  4.064336e+001 -1.496860e+001  4.850415e-001
    endloop
  endfacet
  facet normal -9.986348e-001  5.669232e-003  5.192582e-002
    outer loop
      vertex  4.064336e+001 -1.496860e+001  4.850415e-001
      vertex  4.063041e+001 -1.561426e+001  3.065366e-001
      vertex  4.064641e+001 -1.558230e+001  6.107367e-001
    endloop
  endfacet
  facet normal -9.957712e-001  1.365513e-002  9.084728e-002
    outer loop
      vertex  4.064336e+001 -1.496860e+001  4.850415e-001
      vertex  4.064641e+001 -1.558230e+001  6.107367e-001
      vertex  4.066591e+001 -1.492948e+001  7.263998e-001
    endloop
  endfacet
  facet normal -9.963818e-001  1.494560e-002  8.366657e-002
    outer loop
      vertex  4.066591e+001 -1.492948e+001  7.263998e-001
      vertex  4.064641e+001 -1.558230e+001  6.107367e-001
      vertex  4.067237e+001 -1.552989e+001  9.105638e-001
    endloop
  endfacet
  facet normal -9.922140e-001  2.664453e-002  1.216610e-001
    outer loop
      vertex  4.066591e+001 -1.492948e+001  7.263998e-001
      vertex  4.067237e+001 -1.552989e+001  9.105638e-001
      vertex  4.069680e+001 -1.487497e+001  9.663369e-001
    endloop
  endfacet
  facet normal -9.933739e-001  2.754654e-002  1.115771e-001
    outer loop
      vertex  4.069680e+001 -1.487497e+001  9.663369e-001
      vertex  4.067237e+001 -1.552989e+001  9.105638e-001
      vertex  4.070736e+001 -1.545813e+001  1.204317e+000
    endloop
  endfacet
  facet normal -9.861657e-001  4.701210e-002  1.589567e-001
    outer loop
      vertex  4.069680e+001 -1.487497e+001  9.663369e-001
      vertex  4.070736e+001 -1.545813e+001  1.204317e+000
      vertex  4.077868e+001 -1.472484e+001  1.429956e+000
    endloop
  endfacet
  facet normal -9.898624e-001  5.613949e-002  1.304628e-001
    outer loop
      vertex  4.077868e+001 -1.472484e+001  1.429956e+000
      vertex  4.070736e+001 -1.545813e+001  1.204317e+000
      vertex  4.075018e+001 -1.536842e+001  1.490630e+000
    endloop
  endfacet
  facet normal  0.000000e+000  3.325464e-001 -9.430869e-001
    outer loop
      vertex  3.969522e+001 -8.610754e+000  6.802193e+000
      vertex  4.094522e+001 -8.610754e+000  6.802193e+000
      vertex  3.989148e+001 -9.091059e+000  6.632831e+000
    endloop
  endfacet
  facet normal  0.000000e+000  3.325464e-001 -9.430869e-001
    outer loop
      vertex  3.989148e+001 -9.091059e+000  6.632831e+000
      vertex  4.094522e+001 -8.610754e+000  6.802193e+000
      vertex  4.114148e+001 -9.091059e+000  6.632831e+000
    endloop
  endfacet
  facet normal  0.000000e+000  3.573059e-001 -9.339874e-001
    outer loop
      vertex  3.989148e+001 -9.091059e+000  6.632831e+000
      vertex  4.114148e+001 -9.091059e+000  6.632831e+000
      vertex  4.005248e+001 -9.579649e+000  6.445916e+000
    endloop
  endfacet
  facet normal  0.000000e+000  3.573059e-001 -9.339874e-001
    outer loop
      vertex  4.005248e+001 -9.579649e+000  6.445916e+000
      vertex  4.114148e+001 -9.091059e+000  6.632831e+000
      vertex  4.130248e+001 -9.579649e+000  6.445916e+000
    endloop
  endfacet
  facet normal  0.000000e+000  3.838588e-001 -9.233917e-001
    outer loop
      vertex  4.005248e+001 -9.579649e+000  6.445916e+000
      vertex  4.130248e+001 -9.579649e+000  6.445916e+000
      vertex  4.017839e+001 -1.007301e+001  6.240825e+000
    endloop
  endfacet
  facet normal  0.000000e+000  3.838588e-001 -9.233917e-001
    outer loop
      vertex  4.017839e+001 -1.007301e+001  6.240825e+000
      vertex  4.130248e+001 -9.579649e+000  6.445916e+000
      vertex  4.142839e+001 -1.007301e+001  6.240825e+000
    endloop
  endfacet
  facet normal  0.000000e+000  4.122869e-001 -9.110541e-001
    outer loop
      vertex  4.017839e+001 -1.007301e+001  6.240825e+000
      vertex  4.142839e+001 -1.007301e+001  6.240825e+000
      vertex  4.026981e+001 -1.056769e+001  6.016961e+000
    endloop
  endfacet
  facet normal  0.000000e+000  4.122869e-001 -9.110541e-001
    outer loop
      vertex  4.026981e+001 -1.056769e+001  6.016961e+000
      vertex  4.142839e+001 -1.007301e+001  6.240825e+000
      vertex  4.151981e+001 -1.056769e+001  6.016961e+000
    endloop
  endfacet
  facet normal  0.000000e+000  4.427242e-001 -8.966579e-001
    outer loop
      vertex  4.026981e+001 -1.056769e+001  6.016961e+000
      vertex  4.151981e+001 -1.056769e+001  6.016961e+000
      vertex  4.032772e+001 -1.106034e+001  5.773715e+000
    endloop
  endfacet
  facet normal  0.000000e+000  4.427242e-001 -8.966579e-001
    outer loop
      vertex  4.032772e+001 -1.106034e+001  5.773715e+000
      vertex  4.151981e+001 -1.056769e+001  6.016961e+000
      vertex  4.157772e+001 -1.106034e+001  5.773715e+000
    endloop
  endfacet
  facet normal  0.000000e+000  4.753404e-001 -8.798020e-001
    outer loop
      vertex  4.032772e+001 -1.106034e+001  5.773715e+000
      vertex  4.157772e+001 -1.106034e+001  5.773715e+000
      vertex  4.035358e+001 -1.154768e+001  5.510416e+000
    endloop
  endfacet
  facet normal  0.000000e+000  4.753404e-001 -8.798020e-001
    outer loop
      vertex  4.035358e+001 -1.154768e+001  5.510416e+000
      vertex  4.157772e+001 -1.106034e+001  5.773715e+000
      vertex  4.160358e+001 -1.154768e+001  5.510416e+000
    endloop
  endfacet
  facet normal  0.000000e+000  5.103057e-001 -8.599931e-001
    outer loop
      vertex  4.035358e+001 -1.154768e+001  5.510416e+000
      vertex  4.160358e+001 -1.154768e+001  5.510416e+000
      vertex  4.034919e+001 -1.202649e+001  5.226295e+000
    endloop
  endfacet
  facet normal  0.000000e+000  5.103057e-001 -8.599931e-001
    outer loop
      vertex  4.034919e+001 -1.202649e+001  5.226295e+000
      vertex  4.160358e+001 -1.154768e+001  5.510416e+000
      vertex  4.159919e+001 -1.202649e+001  5.226295e+000
    endloop
  endfacet
  facet normal  0.000000e+000  5.477553e-001 -8.366386e-001
    outer loop
      vertex  4.034919e+001 -1.202649e+001  5.226295e+000
      vertex  4.159919e+001 -1.202649e+001  5.226295e+000
      vertex  4.031678e+001 -1.249366e+001  4.920434e+000
    endloop
  endfacet
  facet normal  0.000000e+000  5.477553e-001 -8.366386e-001
    outer loop
      vertex  4.031678e+001 -1.249366e+001  4.920434e+000
      vertex  4.159919e+001 -1.202649e+001  5.226295e+000
      vertex  4.156678e+001 -1.249366e+001  4.920434e+000
    endloop
  endfacet
  facet normal  0.000000e+000  5.877786e-001 -8.090218e-001
    outer loop
      vertex  4.031678e+001 -1.249366e+001  4.920434e+000
      vertex  4.156678e+001 -1.249366e+001  4.920434e+000
      vertex  4.025900e+001 -1.294619e+001  4.591660e+000
    endloop
  endfacet
  facet normal  0.000000e+000  5.877786e-001 -8.090218e-001
    outer loop
      vertex  4.025900e+001 -1.294619e+001  4.591660e+000
      vertex  4.156678e+001 -1.249366e+001  4.920434e+000
      vertex  4.150900e+001 -1.294619e+001  4.591660e+000
    endloop
  endfacet
  facet normal  0.000000e+000  6.304822e-001 -7.762037e-001
    outer loop
      vertex  4.025900e+001 -1.294619e+001  4.591660e+000
      vertex  4.150900e+001 -1.294619e+001  4.591660e+000
      vertex  4.017899e+001 -1.338064e+001  4.238769e+000
    endloop
  endfacet
  facet normal  0.000000e+000  6.304822e-001 -7.762037e-001
    outer loop
      vertex  4.017899e+001 -1.338064e+001  4.238769e+000
      vertex  4.150900e+001 -1.294619e+001  4.591660e+000
      vertex  4.142899e+001 -1.338064e+001  4.238769e+000
    endloop
  endfacet
  facet normal  0.000000e+000  6.764386e-001 -7.364990e-001
    outer loop
      vertex  4.017899e+001 -1.338064e+001  4.238769e+000
      vertex  4.142899e+001 -1.338064e+001  4.238769e+000
      vertex  4.007796e+001 -1.380303e+001  3.850823e+000
    endloop
  endfacet
  facet normal  0.000000e+000  6.764386e-001 -7.364990e-001
    outer loop
      vertex  4.007796e+001 -1.380303e+001  3.850823e+000
      vertex  4.142899e+001 -1.338064e+001  4.238769e+000
      vertex  4.132796e+001 -1.380303e+001  3.850823e+000
    endloop
  endfacet
  facet normal  0.000000e+000  7.255541e-001 -6.881651e-001
    outer loop
      vertex  4.007796e+001 -1.380303e+001  3.850823e+000
      vertex  4.132796e+001 -1.380303e+001  3.850823e+000
      vertex  3.996230e+001 -1.419879e+001  3.433570e+000
    endloop
  endfacet
  facet normal  0.000000e+000  7.255541e-001 -6.881651e-001
    outer loop
      vertex  3.996230e+001 -1.419879e+001  3.433570e+000
      vertex  4.132796e+001 -1.380303e+001  3.850823e+000
      vertex  4.121230e+001 -1.419879e+001  3.433570e+000
    endloop
  endfacet
  facet normal  0.000000e+000  7.756282e-001 -6.311900e-001
    outer loop
      vertex  3.996230e+001 -1.419879e+001  3.433570e+000
      vertex  4.121230e+001 -1.419879e+001  3.433570e+000
      vertex  3.984357e+001 -1.454696e+001  3.005718e+000
    endloop
  endfacet
  facet normal  0.000000e+000  7.756282e-001 -6.311900e-001
    outer loop
      vertex  3.984357e+001 -1.454696e+001  3.005718e+000
      vertex  4.121230e+001 -1.419879e+001  3.433570e+000
      vertex  4.109357e+001 -1.454696e+001  3.005718e+000
    endloop
  endfacet
  facet normal  0.000000e+000  8.256707e-001 -5.641523e-001
    outer loop
      vertex  3.984357e+001 -1.454696e+001  3.005718e+000
      vertex  4.109357e+001 -1.454696e+001  3.005718e+000
      vertex  3.972276e+001 -1.486109e+001  2.545969e+000
    endloop
  endfacet
  facet normal  0.000000e+000  8.256707e-001 -5.641523e-001
    outer loop
      vertex  3.972276e+001 -1.486109e+001  2.545969e+000
      vertex  4.109357e+001 -1.454696e+001  3.005718e+000
      vertex  4.097276e+001 -1.486109e+001  2.545969e+000
    endloop
  endfacet
  facet normal  0.000000e+000  8.695139e-001 -4.939085e-001
    outer loop
      vertex  3.972276e+001 -1.486109e+001  2.545969e+000
      vertex  4.097276e+001 -1.486109e+001  2.545969e+000
      vertex  3.963267e+001 -1.507582e+001  2.167941e+000
    endloop
  endfacet
  facet normal  0.000000e+000  8.695139e-001 -4.939085e-001
    outer loop
      vertex  3.963267e+001 -1.507582e+001  2.167941e+000
      vertex  4.097276e+001 -1.486109e+001  2.545969e+000
      vertex  4.088267e+001 -1.507582e+001  2.167941e+000
    endloop
  endfacet
  facet normal  0.000000e+000  9.061403e-001 -4.229772e-001
    outer loop
      vertex  3.963267e+001 -1.507582e+001  2.167941e+000
      vertex  4.088267e+001 -1.507582e+001  2.167941e+000
      vertex  3.954951e+001 -1.526229e+001  1.768474e+000
    endloop
  endfacet
  facet normal  0.000000e+000  9.061403e-001 -4.229772e-001
    outer loop
      vertex  3.954951e+001 -1.526229e+001  1.768474e+000
      vertex  4.088267e+001 -1.507582e+001  2.167941e+000
      vertex  4.079951e+001 -1.526229e+001  1.768474e+000
    endloop
  endfacet
  facet normal  0.000000e+000  9.341759e-001 -3.568127e-001
    outer loop
      vertex  3.954951e+001 -1.526229e+001  1.768474e+000
      vertex  4.079951e+001 -1.526229e+001  1.768474e+000
      vertex  3.950018e+001 -1.536842e+001  1.490630e+000
    endloop
  endfacet
  facet normal  0.000000e+000  9.341759e-001 -3.568127e-001
    outer loop
      vertex  3.950018e+001 -1.536842e+001  1.490630e+000
      vertex  4.079951e+001 -1.526229e+001  1.768474e+000
      vertex  4.075018e+001 -1.536842e+001  1.490630e+000
    endloop
  endfacet
  facet normal  0.000000e+000  9.542517e-001 -2.990044e-001
    outer loop
      vertex  3.950018e+001 -1.536842e+001  1.490630e+000
      vertex  4.075018e+001 -1.536842e+001  1.490630e+000
      vertex  3.945736e+001 -1.545813e+001  1.204317e+000
    endloop
  endfacet
  facet normal  0.000000e+000  9.542517e-001 -2.990044e-001
    outer loop
      vertex  3.945736e+001 -1.545813e+001  1.204317e+000
      vertex  4.075018e+001 -1.536842e+001  1.490630e+000
      vertex  4.070736e+001 -1.545813e+001  1.204317e+000
    endloop
  endfacet
  facet normal  0.000000e+000  9.714355e-001 -2.373034e-001
    outer loop
      vertex  3.945736e+001 -1.545813e+001  1.204317e+000
      vertex  4.070736e+001 -1.545813e+001  1.204317e+000
      vertex  3.942237e+001 -1.552989e+001  9.105638e-001
    endloop
  endfacet
  facet normal  0.000000e+000  9.714355e-001 -2.373034e-001
    outer loop
      vertex  3.942237e+001 -1.552989e+001  9.105638e-001
      vertex  4.070736e+001 -1.545813e+001  1.204317e+000
      vertex  4.067237e+001 -1.552989e+001  9.105638e-001
    endloop
  endfacet
  facet normal  0.000000e+000  9.850605e-001 -1.722085e-001
    outer loop
      vertex  3.942237e+001 -1.552989e+001  9.105638e-001
      vertex  4.067237e+001 -1.552989e+001  9.105638e-001
      vertex  3.939641e+001 -1.558230e+001  6.107367e-001
    endloop
  endfacet
  facet normal  0.000000e+000  9.850605e-001 -1.722085e-001
    outer loop
      vertex  3.939641e+001 -1.558230e+001  6.107367e-001
      vertex  4.067237e+001 -1.552989e+001  9.105638e-001
      vertex  4.064641e+001 -1.558230e+001  6.107367e-001
    endloop
  endfacet
  facet normal  0.000000e+000  9.945279e-001 -1.044704e-001
    outer loop
      vertex  3.939641e+001 -1.558230e+001  6.107367e-001
      vertex  4.064641e+001 -1.558230e+001  6.107367e-001
      vertex  3.938041e+001 -1.561426e+001  3.065366e-001
    endloop
  endfacet
  facet normal  0.000000e+000  9.945279e-001 -1.044704e-001
    outer loop
      vertex  3.938041e+001 -1.561426e+001  3.065366e-001
      vertex  4.064641e+001 -1.558230e+001  6.107367e-001
      vertex  4.063041e+001 -1.561426e+001  3.065366e-001
    endloop
  endfacet
  facet normal  0.000000e+000  9.993865e-001 -3.502223e-002
    outer loop
      vertex  3.938041e+001 -1.561426e+001  3.065366e-001
      vertex  4.063041e+001 -1.561426e+001  3.065366e-001
      vertex  3.937500e+001 -1.562500e+001  2.930989e-013
    endloop
  endfacet
  facet normal -1.493088e-016  9.993865e-001 -3.502223e-002
    outer loop
      vertex  3.937500e+001 -1.562500e+001  2.930989e-013
      vertex  4.063041e+001 -1.561426e+001  3.065366e-001
      vertex  4.062500e+001 -1.562500e+001  2.877698e-013
    endloop
  endfacet
  facet normal -9.721096e-001 -1.399082e-001  1.882248e-001
    outer loop
      vertex  4.099690e+001  1.427576e+001  2.302325e+000
      vertex  4.111716e+001  1.398730e+001  2.709039e+000
      vertex  4.108896e+001  1.455961e+001  2.988787e+000
    endloop
  endfacet
  facet normal -9.998467e-001  6.642210e-013  1.750599e-002
    outer loop
      vertex  4.062500e+001  1.562500e+001  2.664535e-015
      vertex  4.062500e+001  1.500000e+001  2.371673e-011
      vertex  4.063033e+001  1.561442e+001  3.041531e-001
    endloop
  endfacet
  facet normal -9.998194e-001 -7.338257e-004  1.898793e-002
    outer loop
      vertex  4.063033e+001  1.561442e+001  3.041531e-001
      vertex  4.062500e+001  1.500000e+001  2.371673e-011
      vertex  4.062962e+001  1.499214e+001  2.427429e-001
    endloop
  endfacet
  facet normal -9.986543e-001 -3.964086e-003  5.170735e-002
    outer loop
      vertex  4.063033e+001  1.561442e+001  3.041531e-001
      vertex  4.062962e+001  1.499214e+001  2.427429e-001
      vertex  4.064608e+001  1.558296e+001  6.060207e-001
    endloop
  endfacet
  facet normal -9.984103e-001 -6.596123e-003  5.597692e-002
    outer loop
      vertex  4.064608e+001  1.558296e+001  6.060207e-001
      vertex  4.062962e+001  1.499214e+001  2.427429e-001
      vertex  4.064336e+001  1.496860e+001  4.850462e-001
    endloop
  endfacet
  facet normal -9.964305e-001 -1.203532e-002  8.355504e-002
    outer loop
      vertex  4.064608e+001  1.558296e+001  6.060207e-001
      vertex  4.064336e+001  1.496860e+001  4.850462e-001
      vertex  4.067166e+001  1.553134e+001  9.036084e-001
    endloop
  endfacet
  facet normal -9.957689e-001 -1.707911e-002  9.029152e-002
    outer loop
      vertex  4.067166e+001  1.553134e+001  9.036084e-001
      vertex  4.064336e+001  1.496860e+001  4.850462e-001
      vertex  4.066591e+001  1.492948e+001  7.264062e-001
    endloop
  endfacet
  facet normal -9.934568e-001 -2.342791e-002  1.117800e-001
    outer loop
      vertex  4.067166e+001  1.553134e+001  9.036084e-001
      vertex  4.066591e+001  1.492948e+001  7.264062e-001
      vertex  4.070614e+001  1.546065e+001  1.195247e+000
    endloop
  endfacet
  facet normal -9.922054e-001 -3.131930e-002  1.206131e-001
    outer loop
      vertex  4.070614e+001  1.546065e+001  1.195247e+000
      vertex  4.066591e+001  1.492948e+001  7.264062e-001
      vertex  4.069680e+001  1.487497e+001  9.663441e-001
    endloop
  endfacet
  facet normal -9.900770e-001 -3.717873e-002  1.355184e-001
    outer loop
      vertex  4.070614e+001  1.546065e+001  1.195247e+000
      vertex  4.069680e+001  1.487497e+001  9.663441e-001
      vertex  4.074838e+001  1.537224e+001  1.479592e+000
    endloop
  endfacet
  facet normal -9.861466e-001 -5.808131e-002  1.553753e-001
    outer loop
      vertex  4.074838e+001  1.537224e+001  1.479592e+000
      vertex  4.069680e+001  1.487497e+001  9.663441e-001
      vertex  4.077869e+001  1.472484e+001  1.429946e+000
    endloop
  endfacet
  facet normal -9.866642e-001 -5.785736e-002  1.521389e-001
    outer loop
      vertex  4.074838e+001  1.537224e+001  1.479592e+000
      vertex  4.077869e+001  1.472484e+001  1.429946e+000
      vertex  4.079708e+001  1.526762e+001  1.755628e+000
    endloop
  endfacet
  facet normal -9.827805e-001 -6.944463e-002  1.712307e-001
    outer loop
      vertex  4.079708e+001  1.526762e+001  1.755628e+000
      vertex  4.077869e+001  1.472484e+001  1.429946e+000
      vertex  4.087925e+001  1.508370e+001  2.152688e+000
    endloop
  endfacet
  facet normal -9.785253e-001 -9.460865e-002  1.831329e-001
    outer loop
      vertex  4.087925e+001  1.508370e+001  2.152688e+000
      vertex  4.077869e+001  1.472484e+001  1.429946e+000
      vertex  4.088357e+001  1.451901e+001  1.884037e+000
    endloop
  endfacet
  facet normal -9.792901e-001 -9.303778e-002  1.798187e-001
    outer loop
      vertex  4.087925e+001  1.508370e+001  2.152688e+000
      vertex  4.088357e+001  1.451901e+001  1.884037e+000
      vertex  4.096842e+001  1.487177e+001  2.528650e+000
    endloop
  endfacet
  facet normal -9.736329e-001 -1.201532e-001  1.939130e-001
    outer loop
      vertex  4.096842e+001  1.487177e+001  2.528650e+000
      vertex  4.088357e+001  1.451901e+001  1.884037e+000
      vertex  4.099690e+001  1.427576e+001  2.302325e+000
    endloop
  endfacet
  facet normal -9.772844e-001 -1.144308e-001  1.783840e-001
    outer loop
      vertex  4.096842e+001  1.487177e+001  2.528650e+000
      vertex  4.099690e+001  1.427576e+001  2.302325e+000
      vertex  4.108896e+001  1.455961e+001  2.988787e+000
    endloop
  endfacet
  facet normal -9.775447e-001 -1.294495e-001  1.662803e-001
    outer loop
      vertex  4.108896e+001  1.455961e+001  2.988787e+000
      vertex  4.111716e+001  1.398730e+001  2.709039e+000
      vertex  4.120767e+001  1.421328e+001  3.417053e+000
    endloop
  endfacet
  facet normal -9.736198e-001 -1.496683e-001  1.722320e-001
    outer loop
      vertex  4.120767e+001  1.421328e+001  3.417053e+000
      vertex  4.111716e+001  1.398730e+001  2.709039e+000
      vertex  4.122747e+001  1.368548e+001  3.070322e+000
    endloop
  endfacet
  facet normal -9.802157e-001 -1.330434e-001  1.465489e-001
    outer loop
      vertex  4.120767e+001  1.421328e+001  3.417053e+000
      vertex  4.122747e+001  1.368548e+001  3.070322e+000
      vertex  4.132372e+001  1.381891e+001  3.835202e+000
    endloop
  endfacet
  facet normal -9.773434e-001 -1.501574e-001  1.491729e-001
    outer loop
      vertex  4.132372e+001  1.381891e+001  3.835202e+000
      vertex  4.122747e+001  1.368548e+001  3.070322e+000
      vertex  4.133260e+001  1.334916e+001  3.420528e+000
    endloop
  endfacet
  facet normal -9.846344e-001 -1.256587e-001  1.212637e-001
    outer loop
      vertex  4.132372e+001  1.381891e+001  3.835202e+000
      vertex  4.133260e+001  1.334916e+001  3.420528e+000
      vertex  4.142534e+001  1.339777e+001  4.223984e+000
    endloop
  endfacet
  facet normal -9.825590e-001 -1.404073e-001  1.219165e-001
    outer loop
      vertex  4.142534e+001  1.339777e+001  4.223984e+000
      vertex  4.133260e+001  1.334916e+001  3.420528e+000
      vertex  4.142739e+001  1.297981e+001  3.759142e+000
    endloop
  endfacet
  facet normal -9.897240e-001 -1.084710e-001  9.316953e-002
    outer loop
      vertex  4.142534e+001  1.339777e+001  4.223984e+000
      vertex  4.142739e+001  1.297981e+001  3.759142e+000
      vertex  4.150608e+001  1.296466e+001  4.577458e+000
    endloop
  endfacet
  facet normal -9.884017e-001 -1.201898e-001  9.282551e-002
    outer loop
      vertex  4.150608e+001  1.296466e+001  4.577458e+000
      vertex  4.142739e+001  1.297981e+001  3.759142e+000
      vertex  4.150679e+001  1.257899e+001  4.085612e+000
    endloop
  endfacet
  facet normal -9.945186e-001 -8.296898e-002  6.363101e-002
    outer loop
      vertex  4.150608e+001  1.296466e+001  4.577458e+000
      vertex  4.150679e+001  1.257899e+001  4.085612e+000
      vertex  4.156480e+001  1.251340e+001  4.906809e+000
    endloop
  endfacet
  facet normal -9.936725e-001 -9.314714e-002  6.275823e-002
    outer loop
      vertex  4.156480e+001  1.251340e+001  4.906809e+000
      vertex  4.150679e+001  1.257899e+001  4.085612e+000
      vertex  4.156139e+001  1.218895e+001  4.371198e+000
    endloop
  endfacet
  facet normal -9.982027e-001 -4.822672e-002  3.557638e-002
    outer loop
      vertex  4.156480e+001  1.251340e+001  4.906809e+000
      vertex  4.156139e+001  1.218895e+001  4.371198e+000
      vertex  4.159846e+001  1.204426e+001  5.215208e+000
    endloop
  endfacet
  facet normal -9.976424e-001 -5.986333e-002  3.355693e-002
    outer loop
      vertex  4.159846e+001  1.204426e+001  5.215208e+000
      vertex  4.156139e+001  1.218895e+001  4.371198e+000
      vertex  4.159540e+001  1.177600e+001  4.645582e+000
    endloop
  endfacet
  facet normal -9.999450e-001 -6.325165e-003  8.356044e-003
    outer loop
      vertex  4.159846e+001  1.204426e+001  5.215208e+000
      vertex  4.159540e+001  1.177600e+001  4.645582e+000
      vertex  4.160390e+001  1.156324e+001  5.501597e+000
    endloop
  endfacet
  facet normal -9.997997e-001 -1.934662e-002  5.118070e-003
    outer loop
      vertex  4.160390e+001  1.156324e+001  5.501597e+000
      vertex  4.159540e+001  1.177600e+001  4.645582e+000
      vertex  4.160514e+001  1.134198e+001  4.908145e+000
    endloop
  endfacet
  facet normal -9.989798e-001  4.158858e-002 -1.759922e-002
    outer loop
      vertex  4.160390e+001  1.156324e+001  5.501597e+000
      vertex  4.160514e+001  1.134198e+001  4.908145e+000
      vertex  4.157883e+001  1.107350e+001  5.766912e+000
    endloop
  endfacet
  facet normal -9.993692e-001  2.798115e-002 -2.186529e-002
    outer loop
      vertex  4.157883e+001  1.107350e+001  5.766912e+000
      vertex  4.160514e+001  1.134198e+001  4.908145e+000
      vertex  4.158699e+001  1.088901e+001  5.158232e+000
    endloop
  endfacet
  facet normal -9.946305e-001  9.458914e-002 -4.199009e-002
    outer loop
      vertex  4.157883e+001  1.107350e+001  5.766912e+000
      vertex  4.158699e+001  1.088901e+001  5.158232e+000
      vertex  4.152140e+001  1.057830e+001  6.011942e+000
    endloop
  endfacet
  facet normal -9.959741e-001  7.489365e-002 -4.926167e-002
    outer loop
      vertex  4.152140e+001  1.057830e+001  6.011942e+000
      vertex  4.158699e+001  1.088901e+001  5.158232e+000
      vertex  4.154729e+001  1.049338e+001  5.359313e+000
    endloop
  endfacet
  facet normal -9.898979e-001  1.301629e-001 -5.621190e-002
    outer loop
      vertex  4.152140e+001  1.057830e+001  6.011942e+000
      vertex  4.154729e+001  1.049338e+001  5.359313e+000
      vertex  4.148309e+001  1.008777e+001  5.550608e+000
    endloop
  endfacet
  facet normal -9.862356e-001  1.474241e-001 -7.486956e-002
    outer loop
      vertex  4.152140e+001  1.057830e+001  6.011942e+000
      vertex  4.148309e+001  1.008777e+001  5.550608e+000
      vertex  4.142895e+001  1.007552e+001  6.239734e+000
    endloop
  endfacet
  facet normal -9.804238e-001  1.825497e-001 -7.378851e-002
    outer loop
      vertex  4.142895e+001  1.007552e+001  6.239734e+000
      vertex  4.148309e+001  1.008777e+001  5.550608e+000
      vertex  4.139246e+001  9.674201e+000  5.731707e+000
    endloop
  endfacet
  facet normal -9.732589e-001  2.090413e-001 -9.523004e-002
    outer loop
      vertex  4.142895e+001  1.007552e+001  6.239734e+000
      vertex  4.139246e+001  9.674201e+000  5.731707e+000
      vertex  4.130086e+001  9.574088e+000  6.448130e+000
    endloop
  endfacet
  facet normal -9.671873e-001  2.374034e-001 -9.049042e-002
    outer loop
      vertex  4.130086e+001  9.574088e+000  6.448130e+000
      vertex  4.139246e+001  9.674201e+000  5.731707e+000
      vertex  4.127361e+001  9.254996e+000  5.902225e+000
    endloop
  endfacet
  facet normal -9.555643e-001  2.727803e-001 -1.117491e-001
    outer loop
      vertex  4.130086e+001  9.574088e+000  6.448130e+000
      vertex  4.127361e+001  9.254996e+000  5.902225e+000
      vertex  4.114047e+001  9.088315e+000  6.633837e+000
    endloop
  endfacet
  facet normal -9.498187e-001  2.943705e-001 -1.057847e-001
    outer loop
      vertex  4.114047e+001  9.088315e+000  6.633837e+000
      vertex  4.127361e+001  9.254996e+000  5.902225e+000
      vertex  4.112497e+001  8.832746e+000  6.061819e+000
    endloop
  endfacet
  facet normal -9.330247e-001  3.372536e-001 -1.253993e-001
    outer loop
      vertex  4.114047e+001  9.088315e+000  6.633837e+000
      vertex  4.112497e+001  8.832746e+000  6.061819e+000
      vertex  4.094522e+001  8.610754e+000  6.802193e+000
    endloop
  endfacet
  facet normal -9.279969e-001  3.529097e-001 -1.194844e-001
    outer loop
      vertex  4.094522e+001  8.610754e+000  6.802193e+000
      vertex  4.112497e+001  8.832746e+000  6.061819e+000
      vertex  4.094522e+001  8.410324e+000  6.210202e+000
    endloop
  endfacet
  facet normal  8.025102e-017 -9.993959e-001 -3.475178e-002
    outer loop
      vertex  3.937500e+001  1.562500e+001 -2.220446e-016
      vertex  4.062500e+001  1.562500e+001  2.664535e-015
      vertex  3.938033e+001  1.561442e+001  3.041531e-001
    endloop
  endfacet
  facet normal  0.000000e+000 -9.993959e-001 -3.475178e-002
    outer loop
      vertex  3.938033e+001  1.561442e+001  3.041531e-001
      vertex  4.062500e+001  1.562500e+001  2.664535e-015
      vertex  4.063033e+001  1.561442e+001  3.041531e-001
    endloop
  endfacet
  facet normal  -0.000000e+000 -9.946123e-001 -1.036651e-001
    outer loop
      vertex  3.938033e+001  1.561442e+001  3.041531e-001
      vertex  4.063033e+001  1.561442e+001  3.041531e-001
      vertex  3.939608e+001  1.558296e+001  6.060207e-001
    endloop
  endfacet
  facet normal  0.000000e+000 -9.946123e-001 -1.036651e-001
    outer loop
      vertex  3.939608e+001  1.558296e+001  6.060207e-001
      vertex  4.063033e+001  1.561442e+001  3.041531e-001
      vertex  4.064608e+001  1.558296e+001  6.060207e-001
    endloop
  endfacet
  facet normal  -0.000000e+000 -9.852855e-001 -1.709170e-001
    outer loop
      vertex  3.939608e+001  1.558296e+001  6.060207e-001
      vertex  4.064608e+001  1.558296e+001  6.060207e-001
      vertex  3.942166e+001  1.553134e+001  9.036084e-001
    endloop
  endfacet
  facet normal  0.000000e+000 -9.852855e-001 -1.709170e-001
    outer loop
      vertex  3.942166e+001  1.553134e+001  9.036084e-001
      vertex  4.064608e+001  1.558296e+001  6.060207e-001
      vertex  4.067166e+001  1.553134e+001  9.036084e-001
    endloop
  endfacet
  facet normal  -0.000000e+000 -9.718578e-001 -2.355685e-001
    outer loop
      vertex  3.942166e+001  1.553134e+001  9.036084e-001
      vertex  4.067166e+001  1.553134e+001  9.036084e-001
      vertex  3.945614e+001  1.546065e+001  1.195247e+000
    endloop
  endfacet
  facet normal  0.000000e+000 -9.718578e-001 -2.355685e-001
    outer loop
      vertex  3.945614e+001  1.546065e+001  1.195247e+000
      vertex  4.067166e+001  1.553134e+001  9.036084e-001
      vertex  4.070614e+001  1.546065e+001  1.195247e+000
    endloop
  endfacet
  facet normal  -0.000000e+000 -9.549078e-001 -2.969025e-001
    outer loop
      vertex  3.945614e+001  1.546065e+001  1.195247e+000
      vertex  4.070614e+001  1.546065e+001  1.195247e+000
      vertex  3.949838e+001  1.537224e+001  1.479592e+000
    endloop
  endfacet
  facet normal  0.000000e+000 -9.549078e-001 -2.969025e-001
    outer loop
      vertex  3.949838e+001  1.537224e+001  1.479592e+000
      vertex  4.070614e+001  1.546065e+001  1.195247e+000
      vertex  4.074838e+001  1.537224e+001  1.479592e+000
    endloop
  endfacet
  facet normal  -0.000000e+000 -9.350891e-001 -3.544128e-001
    outer loop
      vertex  3.949838e+001  1.537224e+001  1.479592e+000
      vertex  4.074838e+001  1.537224e+001  1.479592e+000
      vertex  3.954708e+001  1.526762e+001  1.755628e+000
    endloop
  endfacet
  facet normal  0.000000e+000 -9.350891e-001 -3.544128e-001
    outer loop
      vertex  3.954708e+001  1.526762e+001  1.755628e+000
      vertex  4.074838e+001  1.537224e+001  1.479592e+000
      vertex  4.079708e+001  1.526762e+001  1.755628e+000
    endloop
  endfacet
  facet normal  -0.000000e+000 -9.073817e-001 -4.203078e-001
    outer loop
      vertex  3.954708e+001  1.526762e+001  1.755628e+000
      vertex  4.079708e+001  1.526762e+001  1.755628e+000
      vertex  3.962925e+001  1.508370e+001  2.152688e+000
    endloop
  endfacet
  facet normal  0.000000e+000 -9.073817e-001 -4.203078e-001
    outer loop
      vertex  3.962925e+001  1.508370e+001  2.152688e+000
      vertex  4.079708e+001  1.526762e+001  1.755628e+000
      vertex  4.087925e+001  1.508370e+001  2.152688e+000
    endloop
  endfacet
  facet normal  -0.000000e+000 -8.711345e-001 -4.910445e-001
    outer loop
      vertex  3.962925e+001  1.508370e+001  2.152688e+000
      vertex  4.087925e+001  1.508370e+001  2.152688e+000
      vertex  3.971842e+001  1.487177e+001  2.528650e+000
    endloop
  endfacet
  facet normal  0.000000e+000 -8.711345e-001 -4.910445e-001
    outer loop
      vertex  3.971842e+001  1.487177e+001  2.528650e+000
      vertex  4.087925e+001  1.508370e+001  2.152688e+000
      vertex  4.096842e+001  1.487177e+001  2.528650e+000
    endloop
  endfacet
  facet normal  -0.000000e+000 -8.275350e-001 -5.614142e-001
    outer loop
      vertex  3.971842e+001  1.487177e+001  2.528650e+000
      vertex  4.096842e+001  1.487177e+001  2.528650e+000
      vertex  3.983896e+001  1.455961e+001  2.988787e+000
    endloop
  endfacet
  facet normal  0.000000e+000 -8.275350e-001 -5.614142e-001
    outer loop
      vertex  3.983896e+001  1.455961e+001  2.988787e+000
      vertex  4.096842e+001  1.487177e+001  2.528650e+000
      vertex  4.108896e+001  1.455961e+001  2.988787e+000
    endloop
  endfacet
  facet normal  -0.000000e+000 -7.775681e-001 -6.287987e-001
    outer loop
      vertex  3.983896e+001  1.455961e+001  2.988787e+000
      vertex  4.108896e+001  1.455961e+001  2.988787e+000
      vertex  3.995767e+001  1.421328e+001  3.417053e+000
    endloop
  endfacet
  facet normal  0.000000e+000 -7.775681e-001 -6.287987e-001
    outer loop
      vertex  3.995767e+001  1.421328e+001  3.417053e+000
      vertex  4.108896e+001  1.455961e+001  2.988787e+000
      vertex  4.120767e+001  1.421328e+001  3.417053e+000
    endloop
  endfacet
  facet normal  -0.000000e+000 -7.274920e-001 -6.861163e-001
    outer loop
      vertex  3.995767e+001  1.421328e+001  3.417053e+000
      vertex  4.120767e+001  1.421328e+001  3.417053e+000
      vertex  4.007372e+001  1.381891e+001  3.835202e+000
    endloop
  endfacet
  facet normal  0.000000e+000 -7.274920e-001 -6.861163e-001
    outer loop
      vertex  4.007372e+001  1.381891e+001  3.835202e+000
      vertex  4.120767e+001  1.421328e+001  3.417053e+000
      vertex  4.132372e+001  1.381891e+001  3.835202e+000
    endloop
  endfacet
  facet normal  -0.000000e+000 -6.783110e-001 -7.347749e-001
    outer loop
      vertex  4.007372e+001  1.381891e+001  3.835202e+000
      vertex  4.132372e+001  1.381891e+001  3.835202e+000
      vertex  4.017534e+001  1.339777e+001  4.223984e+000
    endloop
  endfacet
  facet normal  0.000000e+000 -6.783110e-001 -7.347749e-001
    outer loop
      vertex  4.017534e+001  1.339777e+001  4.223984e+000
      vertex  4.132372e+001  1.381891e+001  3.835202e+000
      vertex  4.142534e+001  1.339777e+001  4.223984e+000
    endloop
  endfacet
  facet normal  -0.000000e+000 -6.322908e-001 -7.747311e-001
    outer loop
      vertex  4.017534e+001  1.339777e+001  4.223984e+000
      vertex  4.142534e+001  1.339777e+001  4.223984e+000
      vertex  4.025608e+001  1.296466e+001  4.577458e+000
    endloop
  endfacet
  facet normal  0.000000e+000 -6.322908e-001 -7.747311e-001
    outer loop
      vertex  4.025608e+001  1.296466e+001  4.577458e+000
      vertex  4.142534e+001  1.339777e+001  4.223984e+000
      vertex  4.150608e+001  1.296466e+001  4.577458e+000
    endloop
  endfacet
  facet normal  -0.000000e+000 -5.895277e-001 -8.077483e-001
    outer loop
      vertex  4.025608e+001  1.296466e+001  4.577458e+000
      vertex  4.150608e+001  1.296466e+001  4.577458e+000
      vertex  4.031480e+001  1.251340e+001  4.906809e+000
    endloop
  endfacet
  facet normal  0.000000e+000 -5.895277e-001 -8.077483e-001
    outer loop
      vertex  4.031480e+001  1.251340e+001  4.906809e+000
      vertex  4.150608e+001  1.296466e+001  4.577458e+000
      vertex  4.156480e+001  1.251340e+001  4.906809e+000
    endloop
  endfacet
  facet normal  -0.000000e+000 -5.493150e-001 -8.356153e-001
    outer loop
      vertex  4.031480e+001  1.251340e+001  4.906809e+000
      vertex  4.156480e+001  1.251340e+001  4.906809e+000
      vertex  4.034846e+001  1.204426e+001  5.215208e+000
    endloop
  endfacet
  facet normal  0.000000e+000 -5.493150e-001 -8.356153e-001
    outer loop
      vertex  4.034846e+001  1.204426e+001  5.215208e+000
      vertex  4.156480e+001  1.251340e+001  4.906809e+000
      vertex  4.159846e+001  1.204426e+001  5.215208e+000
    endloop
  endfacet
  facet normal  -0.000000e+000 -5.115684e-001 -8.592426e-001
    outer loop
      vertex  4.034846e+001  1.204426e+001  5.215208e+000
      vertex  4.159846e+001  1.204426e+001  5.215208e+000
      vertex  4.035390e+001  1.156324e+001  5.501597e+000
    endloop
  endfacet
  facet normal  0.000000e+000 -5.115684e-001 -8.592426e-001
    outer loop
      vertex  4.035390e+001  1.156324e+001  5.501597e+000
      vertex  4.159846e+001  1.204426e+001  5.215208e+000
      vertex  4.160390e+001  1.156324e+001  5.501597e+000
    endloop
  endfacet
  facet normal  -0.000000e+000 -4.763373e-001 -8.792626e-001
    outer loop
      vertex  4.035390e+001  1.156324e+001  5.501597e+000
      vertex  4.160390e+001  1.156324e+001  5.501597e+000
      vertex  4.032883e+001  1.107350e+001  5.766912e+000
    endloop
  endfacet
  facet normal  0.000000e+000 -4.763373e-001 -8.792626e-001
    outer loop
      vertex  4.032883e+001  1.107350e+001  5.766912e+000
      vertex  4.160390e+001  1.156324e+001  5.501597e+000
      vertex  4.157883e+001  1.107350e+001  5.766912e+000
    endloop
  endfacet
  facet normal  -0.000000e+000 -4.434876e-001 -8.962805e-001
    outer loop
      vertex  4.032883e+001  1.107350e+001  5.766912e+000
      vertex  4.157883e+001  1.107350e+001  5.766912e+000
      vertex  4.027140e+001  1.057830e+001  6.011942e+000
    endloop
  endfacet
  facet normal  0.000000e+000 -4.434876e-001 -8.962805e-001
    outer loop
      vertex  4.027140e+001  1.057830e+001  6.011942e+000
      vertex  4.157883e+001  1.107350e+001  5.766912e+000
      vertex  4.152140e+001  1.057830e+001  6.011942e+000
    endloop
  endfacet
  facet normal  -0.000000e+000 -4.126841e-001 -9.108742e-001
    outer loop
      vertex  4.027140e+001  1.057830e+001  6.011942e+000
      vertex  4.152140e+001  1.057830e+001  6.011942e+000
      vertex  4.017895e+001  1.007552e+001  6.239734e+000
    endloop
  endfacet
  facet normal  0.000000e+000 -4.126841e-001 -9.108742e-001
    outer loop
      vertex  4.017895e+001  1.007552e+001  6.239734e+000
      vertex  4.152140e+001  1.057830e+001  6.011942e+000
      vertex  4.142895e+001  1.007552e+001  6.239734e+000
    endloop
  endfacet
  facet normal  -0.000000e+000 -3.837801e-001 -9.234245e-001
    outer loop
      vertex  4.017895e+001  1.007552e+001  6.239734e+000
      vertex  4.142895e+001  1.007552e+001  6.239734e+000
      vertex  4.005086e+001  9.574088e+000  6.448130e+000
    endloop
  endfacet
  facet normal  0.000000e+000 -3.837801e-001 -9.234245e-001
    outer loop
      vertex  4.005086e+001  9.574088e+000  6.448130e+000
      vertex  4.142895e+001  1.007552e+001  6.239734e+000
      vertex  4.130086e+001  9.574088e+000  6.448130e+000
    endloop
  endfacet
  facet normal  -0.000000e+000 -3.570877e-001 -9.340709e-001
    outer loop
      vertex  4.005086e+001  9.574088e+000  6.448130e+000
      vertex  4.130086e+001  9.574088e+000  6.448130e+000
      vertex  3.989047e+001  9.088315e+000  6.633837e+000
    endloop
  endfacet
  facet normal  0.000000e+000 -3.570877e-001 -9.340709e-001
    outer loop
      vertex  3.989047e+001  9.088315e+000  6.633837e+000
      vertex  4.130086e+001  9.574088e+000  6.448130e+000
      vertex  4.114047e+001  9.088315e+000  6.633837e+000
    endloop
  endfacet
  facet normal  -0.000000e+000 -3.324777e-001 -9.431111e-001
    outer loop
      vertex  3.989047e+001  9.088315e+000  6.633837e+000
      vertex  4.114047e+001  9.088315e+000  6.633837e+000
      vertex  3.969522e+001  8.610754e+000  6.802193e+000
    endloop
  endfacet
  facet normal  0.000000e+000 -3.324777e-001 -9.431111e-001
    outer loop
      vertex  3.969522e+001  8.610754e+000  6.802193e+000
      vertex  4.114047e+001  9.088315e+000  6.633837e+000
      vertex  4.094522e+001  8.610754e+000  6.802193e+000
    endloop
  endfacet
  facet normal -9.807215e-001  1.939537e-001 -2.381598e-002
    outer loop
      vertex  3.833807e+001  2.978610e+000  7.350644e+000
      vertex  3.820499e+001  2.313003e+000  7.410297e+000
      vertex  3.825974e+001  2.663294e+000  8.008362e+000
    endloop
  endfacet
  facet normal -9.862016e-001  1.654173e-001 -6.600267e-003
    outer loop
      vertex  3.814882e+001  2.004028e+000  8.059175e+000
      vertex  3.825974e+001  2.663294e+000  8.008362e+000
      vertex  3.820499e+001  2.313003e+000  7.410297e+000
    endloop
  endfacet
  facet normal -9.892455e-001  1.453391e-001 -1.642434e-002
    outer loop
      vertex  3.820499e+001  2.313003e+000  7.410297e+000
      vertex  3.810523e+001  1.639091e+000  7.455089e+000
      vertex  3.814882e+001  2.004028e+000  8.059175e+000
    endloop
  endfacet
  facet normal -9.929135e-001  1.188386e-001 -1.503208e-004
    outer loop
      vertex  3.806924e+001  1.339185e+000  8.095673e+000
      vertex  3.814882e+001  2.004028e+000  8.059175e+000
      vertex  3.810523e+001  1.639091e+000  7.455089e+000
    endloop
  endfacet
  facet normal -9.953408e-001  9.577953e-002 -1.108237e-002
    outer loop
      vertex  3.810523e+001  1.639091e+000  7.455089e+000
      vertex  3.803947e+001  9.591566e-001  7.484651e+000
      vertex  3.806924e+001  1.339185e+000  8.095673e+000
    endloop
  endfacet
  facet normal -9.974266e-001  7.157886e-002  4.071006e-003
    outer loop
      vertex  3.806924e+001  1.339185e+000  8.095673e+000
      vertex  3.803947e+001  9.591566e-001  7.484651e+000
      vertex  3.802135e+001  6.705552e-001  8.117656e+000
    endloop
  endfacet
  facet normal -9.989297e-001  4.558699e-002 -7.822330e-003
    outer loop
      vertex  3.802135e+001  6.705552e-001  8.117656e+000
      vertex  3.803947e+001  9.591566e-001  7.484651e+000
      vertex  3.800817e+001  2.756338e-001  7.498734e+000
    endloop
  endfacet
  facet normal -9.996960e-001  2.390643e-002  6.027894e-003
    outer loop
      vertex  3.802135e+001  6.705552e-001  8.117656e+000
      vertex  3.800817e+001  2.756338e-001  7.498734e+000
      vertex  3.800536e+001 -1.584969e-006  8.125000e+000
    endloop
  endfacet
  facet normal -9.999823e-001 -2.278699e-003 -5.498118e-003
    outer loop
      vertex  3.800536e+001 -1.584969e-006  8.125000e+000
      vertex  3.800817e+001  2.756338e-001  7.498734e+000
      vertex  3.800957e+001 -3.372208e-001  7.498105e+000
    endloop
  endfacet
  facet normal -9.996953e-001 -2.390768e-002  6.138461e-003
    outer loop
      vertex  3.800536e+001 -1.584969e-006  8.125000e+000
      vertex  3.800957e+001 -3.372208e-001  7.498105e+000
      vertex  3.802135e+001 -6.705567e-001  8.117657e+000
    endloop
  endfacet
  facet normal -9.988493e-001 -4.750724e-002 -6.574827e-003
    outer loop
      vertex  3.800957e+001 -3.372208e-001  7.498105e+000
      vertex  3.803876e+001 -9.490502e-001  7.484973e+000
      vertex  3.802135e+001 -6.705567e-001  8.117657e+000
    endloop
  endfacet
  facet normal -9.288038e-001 -3.632763e-001 -7.316993e-002
    outer loop
      vertex  3.886302e+001 -4.735003e+000  7.116526e+000
      vertex  3.913343e+001 -5.402226e+000  6.996713e+000
      vertex  3.900590e+001 -5.211437e+000  7.668254e+000
    endloop
  endfacet
  facet normal -9.225542e-001 -3.799632e-001 -6.724229e-002
    outer loop
      vertex  3.900590e+001 -5.211437e+000  7.668254e+000
      vertex  3.913343e+001 -5.402226e+000  6.996713e+000
      vertex  3.926451e+001 -5.818628e+000  7.551143e+000
    endloop
  endfacet
  facet normal -9.088647e-001 -4.070778e-001 -9.084327e-002
    outer loop
      vertex  3.926451e+001 -5.818628e+000  7.551143e+000
      vertex  3.913343e+001 -5.402226e+000  6.996713e+000
      vertex  3.943676e+001 -6.049614e+000  6.862984e+000
    endloop
  endfacet
  facet normal -8.190571e-001  5.434114e-001 -1.839824e-001
    outer loop
      vertex  4.094522e+001  8.610754e+000  6.802193e+000
      vertex  4.094522e+001  8.410324e+000  6.210202e+000
      vertex  4.056071e+001  8.088511e+000  6.971446e+000
    endloop
  endfacet
  facet normal -8.093150e-001  5.618515e-001 -1.712661e-001
    outer loop
      vertex  4.056071e+001  8.088511e+000  6.971446e+000
      vertex  4.094522e+001  8.410324e+000  6.210202e+000
      vertex  4.060678e+001  7.966873e+000  6.354702e+000
    endloop
  endfacet
  facet normal -8.421997e-001  5.135552e-001 -1.641973e-001
    outer loop
      vertex  4.056071e+001  8.088511e+000  6.971446e+000
      vertex  4.060678e+001  7.966873e+000  6.354702e+000
      vertex  4.019937e+001  7.547163e+000  7.131710e+000
    endloop
  endfacet
  facet normal -8.307129e-001  5.374075e-001 -1.452901e-001
    outer loop
      vertex  4.019937e+001  7.547163e+000  7.131710e+000
      vertex  4.060678e+001  7.966873e+000  6.354702e+000
      vertex  4.028528e+001  7.507307e+000  6.493080e+000
    endloop
  endfacet
  facet normal -8.641909e-001  4.814254e-001 -1.462998e-001
    outer loop
      vertex  4.019937e+001  7.547163e+000  7.131710e+000
      vertex  4.028528e+001  7.507307e+000  6.493080e+000
      vertex  3.986221e+001  6.987680e+000  7.282221e+000
    endloop
  endfacet
  facet normal -8.512313e-001  5.108997e-001 -1.199441e-001
    outer loop
      vertex  3.986221e+001  6.987680e+000  7.282221e+000
      vertex  4.028528e+001  7.507307e+000  6.493080e+000
      vertex  3.998149e+001  7.032063e+000  6.624766e+000
    endloop
  endfacet
  facet normal -8.849224e-001  4.471221e-001 -1.303619e-001
    outer loop
      vertex  3.986221e+001  6.987680e+000  7.282221e+000
      vertex  3.998149e+001  7.032063e+000  6.624766e+000
      vertex  3.955026e+001  6.411119e+000  7.422256e+000
    endloop
  endfacet
  facet normal -8.707709e-001  4.823723e-001 -9.526304e-002
    outer loop
      vertex  3.955026e+001  6.411119e+000  7.422256e+000
      vertex  3.998149e+001  7.032063e+000  6.624766e+000
      vertex  3.969622e+001  6.541671e+000  6.749195e+000
    endloop
  endfacet
  facet normal -8.897042e-001  4.438602e-001 -1.068389e-001
    outer loop
      vertex  3.955026e+001  6.411119e+000  7.422256e+000
      vertex  3.969622e+001  6.541671e+000  6.749195e+000
      vertex  3.943031e+001  6.036747e+000  6.865816e+000
    endloop
  endfacet
  facet normal -9.045724e-001  4.175673e-001 -8.594394e-002
    outer loop
      vertex  3.955026e+001  6.411119e+000  7.422256e+000
      vertex  3.943031e+001  6.036747e+000  6.865816e+000
      vertex  3.926451e+001  5.818625e+000  7.551140e+000
    endloop
  endfacet
  facet normal -9.072328e-001  4.111880e-001 -8.861794e-002
    outer loop
      vertex  3.926451e+001  5.818625e+000  7.551140e+000
      vertex  3.943031e+001  6.036747e+000  6.865816e+000
      vertex  3.918462e+001  5.518000e+000  6.974089e+000
    endloop
  endfacet
  facet normal -9.225661e-001  3.794440e-001 -6.995754e-002
    outer loop
      vertex  3.926451e+001  5.818625e+000  7.551140e+000
      vertex  3.918462e+001  5.518000e+000  6.974089e+000
      vertex  3.900590e+001  5.211433e+000  7.668251e+000
    endloop
  endfacet
  facet normal -9.247148e-001  3.735753e-001 -7.310261e-002
    outer loop
      vertex  3.900590e+001  5.211433e+000  7.668251e+000
      vertex  3.918462e+001  5.518000e+000  6.974089e+000
      vertex  3.892807e+001  4.905181e+000  7.087651e+000
    endloop
  endfacet
  facet normal -9.389593e-001  3.398574e-001 -5.340793e-002
    outer loop
      vertex  3.900590e+001  5.211433e+000  7.668251e+000
      vertex  3.892807e+001  4.905181e+000  7.087651e+000
      vertex  3.877532e+001  4.590861e+000  7.773015e+000
    endloop
  endfacet
  facet normal -9.417250e-001  3.313596e-001 -5.792158e-002
    outer loop
      vertex  3.877532e+001  4.590861e+000  7.773015e+000
      vertex  3.892807e+001  4.905181e+000  7.087651e+000
      vertex  3.870067e+001  4.276572e+000  7.188723e+000
    endloop
  endfacet
  facet normal -9.536324e-001  2.984738e-001 -3.871112e-002
    outer loop
      vertex  3.877532e+001  4.590861e+000  7.773015e+000
      vertex  3.870067e+001  4.276572e+000  7.188723e+000
      vertex  3.857361e+001  3.958312e+000  7.864916e+000
    endloop
  endfacet
  facet normal -9.568286e-001  2.872083e-001 -4.461397e-002
    outer loop
      vertex  3.857361e+001  3.958312e+000  7.864916e+000
      vertex  3.870067e+001  4.276572e+000  7.188723e+000
      vertex  3.850363e+001  3.633786e+000  7.276599e+000
    endloop
  endfacet
  facet normal -9.664698e-001  2.554651e-001 -2.595698e-002
    outer loop
      vertex  3.857361e+001  3.958312e+000  7.864916e+000
      vertex  3.850363e+001  3.633786e+000  7.276599e+000
      vertex  3.840153e+001  3.315269e+000  7.943497e+000
    endloop
  endfacet
  facet normal -9.698740e-001  2.413299e-001 -3.322930e-002
    outer loop
      vertex  3.840153e+001  3.315269e+000  7.943497e+000
      vertex  3.850363e+001  3.633786e+000  7.276599e+000
      vertex  3.833807e+001  2.978610e+000  7.350644e+000
    endloop
  endfacet
  facet normal -9.773595e-001  2.110368e-001 -1.522578e-002
    outer loop
      vertex  3.840153e+001  3.315269e+000  7.943497e+000
      vertex  3.833807e+001  2.978610e+000  7.350644e+000
      vertex  3.825974e+001  2.663294e+000  8.008362e+000
    endloop
  endfacet
  facet normal -9.974267e-001 -7.157843e-002  4.059933e-003
    outer loop
      vertex  3.802135e+001 -6.705567e-001  8.117657e+000
      vertex  3.803876e+001 -9.490502e-001  7.484973e+000
      vertex  3.806924e+001 -1.339187e+000  8.095675e+000
    endloop
  endfacet
  facet normal -9.956693e-001 -9.248975e-002 -9.386668e-003
    outer loop
      vertex  3.806924e+001 -1.339187e+000  8.095675e+000
      vertex  3.803876e+001 -9.490502e-001  7.484973e+000
      vertex  3.809557e+001 -1.558053e+000  7.459432e+000
    endloop
  endfacet
  facet normal -9.929140e-001 -1.188351e-001 -2.099181e-004
    outer loop
      vertex  3.806924e+001 -1.339187e+000  8.095675e+000
      vertex  3.809557e+001 -1.558053e+000  7.459432e+000
      vertex  3.814882e+001 -2.004031e+000  8.059178e+000
    endloop
  endfacet
  facet normal -9.904772e-001 -1.369717e-001 -1.391285e-002
    outer loop
      vertex  3.814882e+001 -2.004031e+000  8.059178e+000
      vertex  3.809557e+001 -1.558053e+000  7.459432e+000
      vertex  3.817969e+001 -2.162493e+000  7.421651e+000
    endloop
  endfacet
  facet normal -9.862019e-001 -1.654142e-001 -6.636287e-003
    outer loop
      vertex  3.814882e+001 -2.004031e+000  8.059178e+000
      vertex  3.817969e+001 -2.162493e+000  7.421651e+000
      vertex  3.825974e+001 -2.663299e+000  8.008366e+000
    endloop
  endfacet
  facet normal -9.833253e-001 -1.807403e-001 -2.011077e-002
    outer loop
      vertex  3.825974e+001 -2.663299e+000  8.008366e+000
      vertex  3.817969e+001 -2.162493e+000  7.421651e+000
      vertex  3.829066e+001 -2.760710e+000  7.371881e+000
    endloop
  endfacet
  facet normal -9.773592e-001 -2.110408e-001 -1.518356e-002
    outer loop
      vertex  3.825974e+001 -2.663299e+000  8.008366e+000
      vertex  3.829066e+001 -2.760710e+000  7.371881e+000
      vertex  3.840153e+001 -3.315275e+000  7.943501e+000
    endloop
  endfacet
  facet normal -9.742832e-001 -2.235868e-001 -2.795176e-002
    outer loop
      vertex  3.840153e+001 -3.315275e+000  7.943501e+000
      vertex  3.829066e+001 -2.760710e+000  7.371881e+000
      vertex  3.842792e+001 -3.351127e+000  7.310437e+000
    endloop
  endfacet
  facet normal -9.664677e-001 -2.554870e-001 -2.581936e-002
    outer loop
      vertex  3.840153e+001 -3.315275e+000  7.943501e+000
      vertex  3.842792e+001 -3.351127e+000  7.310437e+000
      vertex  3.857362e+001 -3.958318e+000  7.864920e+000
    endloop
  endfacet
  facet normal -9.622028e-001 -2.690996e-001 -4.184659e-002
    outer loop
      vertex  3.857362e+001 -3.958318e+000  7.864920e+000
      vertex  3.842792e+001 -3.351127e+000  7.310437e+000
      vertex  3.862752e+001 -4.050980e+000  7.221315e+000
    endloop
  endfacet
  facet normal -9.536224e-001 -2.987399e-001 -3.686050e-002
    outer loop
      vertex  3.857362e+001 -3.958318e+000  7.864920e+000
      vertex  3.862752e+001 -4.050980e+000  7.221315e+000
      vertex  3.877533e+001 -4.590866e+000  7.773018e+000
    endloop
  endfacet
  facet normal -9.466501e-001 -3.172164e-001 -5.680910e-002
    outer loop
      vertex  3.877533e+001 -4.590866e+000  7.773018e+000
      vertex  3.862752e+001 -4.050980e+000  7.221315e+000
      vertex  3.886302e+001 -4.735003e+000  7.116526e+000
    endloop
  endfacet
  facet normal -9.389456e-001 -3.403082e-001 -5.070994e-002
    outer loop
      vertex  3.877533e+001 -4.590866e+000  7.773018e+000
      vertex  3.886302e+001 -4.735003e+000  7.116526e+000
      vertex  3.900590e+001 -5.211437e+000  7.668254e+000
    endloop
  endfacet
  facet normal -8.120016e-001 -5.528294e-001 -1.871710e-001
    outer loop
      vertex  4.094522e+001 -8.410324e+000  6.210202e+000
      vertex  4.094522e+001 -8.610754e+000  6.802193e+000
      vertex  4.052688e+001 -7.856392e+000  6.388997e+000
    endloop
  endfacet
  facet normal -8.190650e-001 -5.477198e-001 -1.706914e-001
    outer loop
      vertex  4.052688e+001 -7.856392e+000  6.388997e+000
      vertex  4.094522e+001 -8.610754e+000  6.802193e+000
      vertex  4.056072e+001 -8.088511e+000  6.971445e+000
    endloop
  endfacet
  facet normal -8.384382e-001 -5.212786e-001 -1.590283e-001
    outer loop
      vertex  4.052688e+001 -7.856392e+000  6.388997e+000
      vertex  4.056072e+001 -8.088511e+000  6.971445e+000
      vertex  4.013499e+001 -7.277664e+000  6.558117e+000
    endloop
  endfacet
  facet normal -8.422487e-001 -5.181172e-001 -1.489017e-001
    outer loop
      vertex  4.013499e+001 -7.277664e+000  6.558117e+000
      vertex  4.056072e+001 -8.088511e+000  6.971445e+000
      vertex  4.019937e+001 -7.547166e+000  7.131710e+000
    endloop
  endfacet
  facet normal -8.635075e-001 -4.868082e-001 -1.318052e-001
    outer loop
      vertex  4.013499e+001 -7.277664e+000  6.558117e+000
      vertex  4.019937e+001 -7.547166e+000  7.131710e+000
      vertex  3.977108e+001 -6.675029e+000  6.716472e+000
    endloop
  endfacet
  facet normal -8.643062e-001 -4.860425e-001 -1.293730e-001
    outer loop
      vertex  3.977108e+001 -6.675029e+000  6.716472e+000
      vertex  4.019937e+001 -7.547166e+000  7.131710e+000
      vertex  3.986222e+001 -6.987683e+000  7.282221e+000
    endloop
  endfacet
  facet normal -8.870452e-001 -4.494675e-001 -1.054973e-001
    outer loop
      vertex  3.977108e+001 -6.675029e+000  6.716472e+000
      vertex  3.986222e+001 -6.987683e+000  7.282221e+000
      vertex  3.943676e+001 -6.049614e+000  6.862984e+000
    endloop
  endfacet
  facet normal -8.851152e-001 -4.516239e-001 -1.122810e-001
    outer loop
      vertex  3.943676e+001 -6.049614e+000  6.862984e+000
      vertex  3.986222e+001 -6.987683e+000  7.282221e+000
      vertex  3.955027e+001 -6.411121e+000  7.422257e+000
    endloop
  endfacet
  facet normal -9.045739e-001 -4.174964e-001 -8.627217e-002
    outer loop
      vertex  3.943676e+001 -6.049614e+000  6.862984e+000
      vertex  3.955027e+001 -6.411121e+000  7.422257e+000
      vertex  3.926451e+001 -5.818628e+000  7.551143e+000
    endloop
  endfacet
  facet normal  -0.000000e+000 -3.083005e-001 -9.512891e-001
    outer loop
      vertex  3.969522e+001  8.610754e+000  6.802193e+000
      vertex  4.094522e+001  8.610754e+000  6.802193e+000
      vertex  3.931071e+001  8.088511e+000  6.971446e+000
    endloop
  endfacet
  facet normal  0.000000e+000 -3.083005e-001 -9.512891e-001
    outer loop
      vertex  3.931071e+001  8.088511e+000  6.971446e+000
      vertex  4.094522e+001  8.610754e+000  6.802193e+000
      vertex  4.056071e+001  8.088511e+000  6.971446e+000
    endloop
  endfacet
  facet normal  -0.000000e+000 -2.838691e-001 -9.588630e-001
    outer loop
      vertex  3.931071e+001  8.088511e+000  6.971446e+000
      vertex  4.056071e+001  8.088511e+000  6.971446e+000
      vertex  3.894937e+001  7.547163e+000  7.131710e+000
    endloop
  endfacet
  facet normal  0.000000e+000 -2.838691e-001 -9.588630e-001
    outer loop
      vertex  3.894937e+001  7.547163e+000  7.131710e+000
      vertex  4.056071e+001  8.088511e+000  6.971446e+000
      vertex  4.019937e+001  7.547163e+000  7.131710e+000
    endloop
  endfacet
  facet normal  -0.000000e+000 -2.597815e-001 -9.656674e-001
    outer loop
      vertex  3.894937e+001  7.547163e+000  7.131710e+000
      vertex  4.019937e+001  7.547163e+000  7.131710e+000
      vertex  3.861221e+001  6.987680e+000  7.282221e+000
    endloop
  endfacet
  facet normal  0.000000e+000 -2.597815e-001 -9.656674e-001
    outer loop
      vertex  3.861221e+001  6.987680e+000  7.282221e+000
      vertex  4.019937e+001  7.547163e+000  7.131710e+000
      vertex  3.986221e+001  6.987680e+000  7.282221e+000
    endloop
  endfacet
  facet normal  -0.000000e+000 -2.360172e-001 -9.717489e-001
    outer loop
      vertex  3.861221e+001  6.987680e+000  7.282221e+000
      vertex  3.986221e+001  6.987680e+000  7.282221e+000
      vertex  3.830026e+001  6.411119e+000  7.422256e+000
    endloop
  endfacet
  facet normal  0.000000e+000 -2.360172e-001 -9.717489e-001
    outer loop
      vertex  3.830026e+001  6.411119e+000  7.422256e+000
      vertex  3.986221e+001  6.987680e+000  7.282221e+000
      vertex  3.955026e+001  6.411119e+000  7.422256e+000
    endloop
  endfacet
  facet normal  -0.000000e+000 -2.125586e-001 -9.771484e-001
    outer loop
      vertex  3.830026e+001  6.411119e+000  7.422256e+000
      vertex  3.955026e+001  6.411119e+000  7.422256e+000
      vertex  3.801451e+001  5.818625e+000  7.551140e+000
    endloop
  endfacet
  facet normal  0.000000e+000 -2.125586e-001 -9.771484e-001
    outer loop
      vertex  3.801451e+001  5.818625e+000  7.551140e+000
      vertex  3.955026e+001  6.411119e+000  7.422256e+000
      vertex  3.926451e+001  5.818625e+000  7.551140e+000
    endloop
  endfacet
  facet normal  -0.000000e+000 -1.893816e-001 -9.819036e-001
    outer loop
      vertex  3.801451e+001  5.818625e+000  7.551140e+000
      vertex  3.926451e+001  5.818625e+000  7.551140e+000
      vertex  3.775590e+001  5.211433e+000  7.668251e+000
    endloop
  endfacet
  facet normal  0.000000e+000 -1.893816e-001 -9.819036e-001
    outer loop
      vertex  3.775590e+001  5.211433e+000  7.668251e+000
      vertex  3.926451e+001  5.818625e+000  7.551140e+000
      vertex  3.900590e+001  5.211433e+000  7.668251e+000
    endloop
  endfacet
  facet normal  -0.000000e+000 -1.664631e-001 -9.860476e-001
    outer loop
      vertex  3.775590e+001  5.211433e+000  7.668251e+000
      vertex  3.900590e+001  5.211433e+000  7.668251e+000
      vertex  3.752532e+001  4.590861e+000  7.773015e+000
    endloop
  endfacet
  facet normal  0.000000e+000 -1.664631e-001 -9.860476e-001
    outer loop
      vertex  3.752532e+001  4.590861e+000  7.773015e+000
      vertex  3.900590e+001  5.211433e+000  7.668251e+000
      vertex  3.877532e+001  4.590861e+000  7.773015e+000
    endloop
  endfacet
  facet normal  -0.000000e+000 -1.437777e-001 -9.896100e-001
    outer loop
      vertex  3.752532e+001  4.590861e+000  7.773015e+000
      vertex  3.877532e+001  4.590861e+000  7.773015e+000
      vertex  3.732361e+001  3.958312e+000  7.864916e+000
    endloop
  endfacet
  facet normal  0.000000e+000 -1.437777e-001 -9.896100e-001
    outer loop
      vertex  3.732361e+001  3.958312e+000  7.864916e+000
      vertex  3.877532e+001  4.590861e+000  7.773015e+000
      vertex  3.857361e+001  3.958312e+000  7.864916e+000
    endloop
  endfacet
  facet normal  -0.000000e+000 -1.212999e-001 -9.926159e-001
    outer loop
      vertex  3.732361e+001  3.958312e+000  7.864916e+000
      vertex  3.857361e+001  3.958312e+000  7.864916e+000
      vertex  3.715153e+001  3.315269e+000  7.943497e+000
    endloop
  endfacet
  facet normal  0.000000e+000 -1.212999e-001 -9.926159e-001
    outer loop
      vertex  3.715153e+001  3.315269e+000  7.943497e+000
      vertex  3.857361e+001  3.958312e+000  7.864916e+000
      vertex  3.840153e+001  3.315269e+000  7.943497e+000
    endloop
  endfacet
  facet normal  -0.000000e+000 -9.900071e-002 -9.950874e-001
    outer loop
      vertex  3.715153e+001  3.315269e+000  7.943497e+000
      vertex  3.840153e+001  3.315269e+000  7.943497e+000
      vertex  3.700974e+001  2.663294e+000  8.008362e+000
    endloop
  endfacet
  facet normal  0.000000e+000 -9.900071e-002 -9.950874e-001
    outer loop
      vertex  3.700974e+001  2.663294e+000  8.008362e+000
      vertex  3.840153e+001  3.315269e+000  7.943497e+000
      vertex  3.825974e+001  2.663294e+000  8.008362e+000
    endloop
  endfacet
  facet normal  -0.000000e+000 -7.684817e-002 -9.970428e-001
    outer loop
      vertex  3.700974e+001  2.663294e+000  8.008362e+000
      vertex  3.825974e+001  2.663294e+000  8.008362e+000
      vertex  3.689882e+001  2.004028e+000  8.059175e+000
    endloop
  endfacet
  facet normal  0.000000e+000 -7.684817e-002 -9.970428e-001
    outer loop
      vertex  3.689882e+001  2.004028e+000  8.059175e+000
      vertex  3.825974e+001  2.663294e+000  8.008362e+000
      vertex  3.814882e+001  2.004028e+000  8.059175e+000
    endloop
  endfacet
  facet normal  -0.000000e+000 -5.481333e-002 -9.984967e-001
    outer loop
      vertex  3.689882e+001  2.004028e+000  8.059175e+000
      vertex  3.814882e+001  2.004028e+000  8.059175e+000
      vertex  3.681924e+001  1.339185e+000  8.095673e+000
    endloop
  endfacet
  facet normal  0.000000e+000 -5.481333e-002 -9.984967e-001
    outer loop
      vertex  3.681924e+001  1.339185e+000  8.095673e+000
      vertex  3.814882e+001  2.004028e+000  8.059175e+000
      vertex  3.806924e+001  1.339185e+000  8.095673e+000
    endloop
  endfacet
  facet normal  -0.000000e+000 -3.286014e-002 -9.994600e-001
    outer loop
      vertex  3.681924e+001  1.339185e+000  8.095673e+000
      vertex  3.806924e+001  1.339185e+000  8.095673e+000
      vertex  3.677135e+001  6.705552e-001  8.117656e+000
    endloop
  endfacet
  facet normal  0.000000e+000 -3.286014e-002 -9.994600e-001
    outer loop
      vertex  3.677135e+001  6.705552e-001  8.117656e+000
      vertex  3.806924e+001  1.339185e+000  8.095673e+000
      vertex  3.802135e+001  6.705552e-001  8.117656e+000
    endloop
  endfacet
  facet normal  -0.000000e+000 -1.095180e-002 -9.999400e-001
    outer loop
      vertex  3.677135e+001  6.705552e-001  8.117656e+000
      vertex  3.802135e+001  6.705552e-001  8.117656e+000
      vertex  3.675536e+001 -1.584969e-006  8.125000e+000
    endloop
  endfacet
  facet normal  0.000000e+000 -1.095180e-002 -9.999400e-001
    outer loop
      vertex  3.675536e+001 -1.584969e-006  8.125000e+000
      vertex  3.802135e+001  6.705552e-001  8.117656e+000
      vertex  3.800536e+001 -1.584969e-006  8.125000e+000
    endloop
  endfacet
  facet normal  0.000000e+000  1.095041e-002 -9.999400e-001
    outer loop
      vertex  3.675536e+001 -1.584969e-006  8.125000e+000
      vertex  3.800536e+001 -1.584969e-006  8.125000e+000
      vertex  3.677135e+001 -6.705567e-001  8.117657e+000
    endloop
  endfacet
  facet normal  0.000000e+000  1.095041e-002 -9.999400e-001
    outer loop
      vertex  3.677135e+001 -6.705567e-001  8.117657e+000
      vertex  3.800536e+001 -1.584969e-006  8.125000e+000
      vertex  3.802135e+001 -6.705567e-001  8.117657e+000
    endloop
  endfacet
  facet normal  0.000000e+000  3.285869e-002 -9.994600e-001
    outer loop
      vertex  3.677135e+001 -6.705567e-001  8.117657e+000
      vertex  3.802135e+001 -6.705567e-001  8.117657e+000
      vertex  3.681924e+001 -1.339187e+000  8.095675e+000
    endloop
  endfacet
  facet normal  0.000000e+000  3.285869e-002 -9.994600e-001
    outer loop
      vertex  3.681924e+001 -1.339187e+000  8.095675e+000
      vertex  3.802135e+001 -6.705567e-001  8.117657e+000
      vertex  3.806924e+001 -1.339187e+000  8.095675e+000
    endloop
  endfacet
  facet normal  0.000000e+000  5.481179e-002 -9.984967e-001
    outer loop
      vertex  3.681924e+001 -1.339187e+000  8.095675e+000
      vertex  3.806924e+001 -1.339187e+000  8.095675e+000
      vertex  3.689882e+001 -2.004031e+000  8.059178e+000
    endloop
  endfacet
  facet normal  0.000000e+000  5.481179e-002 -9.984967e-001
    outer loop
      vertex  3.689882e+001 -2.004031e+000  8.059178e+000
      vertex  3.806924e+001 -1.339187e+000  8.095675e+000
      vertex  3.814882e+001 -2.004031e+000  8.059178e+000
    endloop
  endfacet
  facet normal  0.000000e+000  7.684655e-002 -9.970429e-001
    outer loop
      vertex  3.689882e+001 -2.004031e+000  8.059178e+000
      vertex  3.814882e+001 -2.004031e+000  8.059178e+000
      vertex  3.700974e+001 -2.663299e+000  8.008366e+000
    endloop
  endfacet
  facet normal  0.000000e+000  7.684655e-002 -9.970429e-001
    outer loop
      vertex  3.700974e+001 -2.663299e+000  8.008366e+000
      vertex  3.814882e+001 -2.004031e+000  8.059178e+000
      vertex  3.825974e+001 -2.663299e+000  8.008366e+000
    endloop
  endfacet
  facet normal  0.000000e+000  9.899992e-002 -9.950875e-001
    outer loop
      vertex  3.700974e+001 -2.663299e+000  8.008366e+000
      vertex  3.825974e+001 -2.663299e+000  8.008366e+000
      vertex  3.715153e+001 -3.315275e+000  7.943501e+000
    endloop
  endfacet
  facet normal  0.000000e+000  9.899992e-002 -9.950875e-001
    outer loop
      vertex  3.715153e+001 -3.315275e+000  7.943501e+000
      vertex  3.825974e+001 -2.663299e+000  8.008366e+000
      vertex  3.840153e+001 -3.315275e+000  7.943501e+000
    endloop
  endfacet
  facet normal  0.000000e+000  1.212999e-001 -9.926159e-001
    outer loop
      vertex  3.715153e+001 -3.315275e+000  7.943501e+000
      vertex  3.840153e+001 -3.315275e+000  7.943501e+000
      vertex  3.732362e+001 -3.958318e+000  7.864920e+000
    endloop
  endfacet
  facet normal  0.000000e+000  1.212999e-001 -9.926159e-001
    outer loop
      vertex  3.732362e+001 -3.958318e+000  7.864920e+000
      vertex  3.840153e+001 -3.315275e+000  7.943501e+000
      vertex  3.857362e+001 -3.958318e+000  7.864920e+000
    endloop
  endfacet
  facet normal  0.000000e+000  1.437787e-001 -9.896099e-001
    outer loop
      vertex  3.732362e+001 -3.958318e+000  7.864920e+000
      vertex  3.857362e+001 -3.958318e+000  7.864920e+000
      vertex  3.752533e+001 -4.590866e+000  7.773018e+000
    endloop
  endfacet
  facet normal  0.000000e+000  1.437787e-001 -9.896099e-001
    outer loop
      vertex  3.752533e+001 -4.590866e+000  7.773018e+000
      vertex  3.857362e+001 -3.958318e+000  7.864920e+000
      vertex  3.877533e+001 -4.590866e+000  7.773018e+000
    endloop
  endfacet
  facet normal  0.000000e+000  1.664641e-001 -9.860474e-001
    outer loop
      vertex  3.752533e+001 -4.590866e+000  7.773018e+000
      vertex  3.877533e+001 -4.590866e+000  7.773018e+000
      vertex  3.775590e+001 -5.211437e+000  7.668254e+000
    endloop
  endfacet
  facet normal  0.000000e+000  1.664641e-001 -9.860474e-001
    outer loop
      vertex  3.775590e+001 -5.211437e+000  7.668254e+000
      vertex  3.877533e+001 -4.590866e+000  7.773018e+000
      vertex  3.900590e+001 -5.211437e+000  7.668254e+000
    endloop
  endfacet
  facet normal  0.000000e+000  1.893826e-001 -9.819034e-001
    outer loop
      vertex  3.775590e+001 -5.211437e+000  7.668254e+000
      vertex  3.900590e+001 -5.211437e+000  7.668254e+000
      vertex  3.801451e+001 -5.818628e+000  7.551143e+000
    endloop
  endfacet
  facet normal  0.000000e+000  1.893826e-001 -9.819034e-001
    outer loop
      vertex  3.801451e+001 -5.818628e+000  7.551143e+000
      vertex  3.900590e+001 -5.211437e+000  7.668254e+000
      vertex  3.926451e+001 -5.818628e+000  7.551143e+000
    endloop
  endfacet
  facet normal  0.000000e+000  2.125600e-001 -9.771481e-001
    outer loop
      vertex  3.801451e+001 -5.818628e+000  7.551143e+000
      vertex  3.926451e+001 -5.818628e+000  7.551143e+000
      vertex  3.830027e+001 -6.411121e+000  7.422257e+000
    endloop
  endfacet
  facet normal  0.000000e+000  2.125600e-001 -9.771481e-001
    outer loop
      vertex  3.830027e+001 -6.411121e+000  7.422257e+000
      vertex  3.926451e+001 -5.818628e+000  7.551143e+000
      vertex  3.955027e+001 -6.411121e+000  7.422257e+000
    endloop
  endfacet
  facet normal  0.000000e+000  2.360197e-001 -9.717483e-001
    outer loop
      vertex  3.830027e+001 -6.411121e+000  7.422257e+000
      vertex  3.955027e+001 -6.411121e+000  7.422257e+000
      vertex  3.861222e+001 -6.987683e+000  7.282221e+000
    endloop
  endfacet
  facet normal  0.000000e+000  2.360197e-001 -9.717483e-001
    outer loop
      vertex  3.861222e+001 -6.987683e+000  7.282221e+000
      vertex  3.955027e+001 -6.411121e+000  7.422257e+000
      vertex  3.986222e+001 -6.987683e+000  7.282221e+000
    endloop
  endfacet
  facet normal  0.000000e+000  2.597823e-001 -9.656672e-001
    outer loop
      vertex  3.861222e+001 -6.987683e+000  7.282221e+000
      vertex  3.986222e+001 -6.987683e+000  7.282221e+000
      vertex  3.894937e+001 -7.547166e+000  7.131710e+000
    endloop
  endfacet
  facet normal  0.000000e+000  2.597823e-001 -9.656672e-001
    outer loop
      vertex  3.894937e+001 -7.547166e+000  7.131710e+000
      vertex  3.986222e+001 -6.987683e+000  7.282221e+000
      vertex  4.019937e+001 -7.547166e+000  7.131710e+000
    endloop
  endfacet
  facet normal  0.000000e+000  2.838706e-001 -9.588626e-001
    outer loop
      vertex  3.894937e+001 -7.547166e+000  7.131710e+000
      vertex  4.019937e+001 -7.547166e+000  7.131710e+000
      vertex  3.931072e+001 -8.088511e+000  6.971445e+000
    endloop
  endfacet
  facet normal  0.000000e+000  2.838706e-001 -9.588626e-001
    outer loop
      vertex  3.931072e+001 -8.088511e+000  6.971445e+000
      vertex  4.019937e+001 -7.547166e+000  7.131710e+000
      vertex  4.056072e+001 -8.088511e+000  6.971445e+000
    endloop
  endfacet
  facet normal  0.000000e+000  3.083003e-001 -9.512891e-001
    outer loop
      vertex  3.931072e+001 -8.088511e+000  6.971445e+000
      vertex  4.056072e+001 -8.088511e+000  6.971445e+000
      vertex  3.969522e+001 -8.610754e+000  6.802193e+000
    endloop
  endfacet
  facet normal  0.000000e+000  3.083003e-001 -9.512891e-001
    outer loop
      vertex  3.969522e+001 -8.610754e+000  6.802193e+000
      vertex  4.056072e+001 -8.088511e+000  6.971445e+000
      vertex  4.094522e+001 -8.610754e+000  6.802193e+000
    endloop
  endfacet
endsolid CATIA STL
