  0
SECTION
  2
HEADER
  9
$ACADVER
  1
AC1032
  9
$ACADMAINTVER
 90
      329
  9
$DWGCODEPAGE
  3
ANSI_1252
  9
$REQUIREDVERSIONS
160
                 0
  9
$INSBASE
 10
0.0
 20
0.0
 30
0.0
  9
$EXTMIN
 10
1.000000000000000E+20
 20
1.000000000000000E+20
 30
1.000000000000000E+20
  9
$EXTMAX
 10
-1.000000000000000E+20
 20
-1.000000000000000E+20
 30
-1.000000000000000E+20
  9
$LIMMIN
 10
0.0
 20
0.0
  9
$LIMMAX
 10
12.0
 20
9.0
  9
$ORTHOMODE
 70
     0
  9
$REGENMODE
 70
     1
  9
$FILLMODE
 70
     1
  9
$QTEXTMODE
 70
     0
  9
$MIRRTEXT
 70
     0
  9
$LTSCALE
 40
1.0
  9
$ATTMODE
 70
     1
  9
$TEXTSIZE
 40
0.2
  9
$TRACEWID
 40
0.05
  9
$TEXTSTYLE
  7
Standard
  9
$CLAYER
  8
0
  9
$CELTYPE
  6
ByLayer
  9
$CECOLOR
 62
   256
  9
$CELTSCALE
 40
1.0
  9
$DISPSILH
 70
     0
  9
$DIMSCALE
 40
1.0
  9
$DIMASZ
 40
0.18
  9
$DIMEXO
 40
0.0625
  9
$DIMDLI
 40
0.38
  9
$DIMRND
 40
0.0
  9
$DIMDLE
 40
0.0
  9
$DIMEXE
 40
0.18
  9
$DIMTP
 40
0.0
  9
$DIMTM
 40
0.0
  9
$DIMTXT
 40
0.18
  9
$DIMCEN
 40
0.09
  9
$DIMTSZ
 40
0.0
  9
$DIMTOL
 70
     0
  9
$DIMLIM
 70
     0
  9
$DIMTIH
 70
     1
  9
$DIMTOH
 70
     1
  9
$DIMSE1
 70
     0
  9
$DIMSE2
 70
     0
  9
$DIMTAD
 70
     0
  9
$DIMZIN
 70
     0
  9
$DIMBLK
  1

  9
$DIMASO
 70
     1
  9
$DIMSHO
 70
     1
  9
$DIMPOST
  1

  9
$DIMAPOST
  1

  9
$DIMALT
 70
     0
  9
$DIMALTD
 70
     2
  9
$DIMALTF
 40
25.4
  9
$DIMLFAC
 40
1.0
  9
$DIMTOFL
 70
     0
  9
$DIMTVP
 40
0.0
  9
$DIMTIX
 70
     0
  9
$DIMSOXD
 70
     0
  9
$DIMSAH
 70
     0
  9
$DIMBLK1
  1

  9
$DIMBLK2
  1

  9
$DIMSTYLE
  2
Standard
  9
$DIMCLRD
 70
     0
  9
$DIMCLRE
 70
     0
  9
$DIMCLRT
 70
     0
  9
$DIMTFAC
 40
1.0
  9
$DIMGAP
 40
0.09
  9
$DIMJUST
 70
     0
  9
$DIMSD1
 70
     0
  9
$DIMSD2
 70
     0
  9
$DIMTOLJ
 70
     1
  9
$DIMTZIN
 70
     0
  9
$DIMALTZ
 70
     0
  9
$DIMALTTZ
 70
     0
  9
$DIMUPT
 70
     0
  9
$DIMDEC
 70
     4
  9
$DIMTDEC
 70
     4
  9
$DIMALTU
 70
     2
  9
$DIMALTTD
 70
     2
  9
$DIMTXSTY
  7
Standard
  9
$DIMAUNIT
 70
     0
  9
$DIMADEC
 70
     0
  9
$DIMALTRND
 40
0.0
  9
$DIMAZIN
 70
     0
  9
$DIMDSEP
 70
    46
  9
$DIMATFIT
 70
     3
  9
$DIMFRAC
 70
     0
  9
$DIMLDRBLK
  1

  9
$DIMLUNIT
 70
     2
  9
$DIMLWD
 70
    -2
  9
$DIMLWE
 70
    -2
  9
$DIMTMOVE
 70
     0
  9
$DIMFXL
 40
1.0
  9
$DIMFXLON
 70
     0
  9
$DIMJOGANG
 40
0.7853981633974483
  9
$DIMTFILL
 70
     0
  9
$DIMTFILLCLR
 70
     0
  9
$DIMARCSYM
 70
     0
  9
$DIMLTYPE
  6

  9
$DIMLTEX1
  6

  9
$DIMLTEX2
  6

  9
$DIMTXTDIRECTION
 70
     0
  9
$LUNITS
 70
     2
  9
$LUPREC
 70
     4
  9
$SKETCHINC
 40
0.1
  9
$FILLETRAD
 40
0.0
  9
$AUNITS
 70
     0
  9
$AUPREC
 70
     0
  9
$MENU
  1
.
  9
$ELEVATION
 40
0.0
  9
$PELEVATION
 40
0.0
  9
$THICKNESS
 40
0.0
  9
$LIMCHECK
 70
     0
  9
$CHAMFERA
 40
0.0
  9
$CHAMFERB
 40
0.0
  9
$CHAMFERC
 40
0.0
  9
$CHAMFERD
 40
0.0
  9
$SKPOLY
 70
     0
  9
$TDCREATE
 40
2461227.027546296
  9
$TDUCREATE
 40
2461226.944212963
  9
$TDUPDATE
 40
2461227.027546296
  9
$TDUUPDATE
 40
2461226.944212963
  9
$TDINDWG
 40
0.0000810185
  9
$TDUSRTIMER
 40
0.0000810185
  9
$USRTIMER
 70
     1
  9
$ANGBASE
 50
0.0
  9
$ANGDIR
 70
     0
  9
$PDMODE
 70
     0
  9
$PDSIZE
 40
0.0
  9
$PLINEWID
 40
0.0
  9
$SPLFRAME
 70
     0
  9
$SPLINETYPE
 70
     6
  9
$SPLINESEGS
 70
     8
  9
$HANDSEED
  5
F7
  9
$SURFTAB1
 70
     6
  9
$SURFTAB2
 70
     6
  9
$SURFTYPE
 70
     6
  9
$SURFU
 70
     6
  9
$SURFV
 70
     6
  9
$UCSBASE
  2

  9
$UCSNAME
  2

  9
$UCSORG
 10
0.0
 20
0.0
 30
0.0
  9
$UCSXDIR
 10
1.0
 20
0.0
 30
0.0
  9
$UCSYDIR
 10
0.0
 20
1.0
 30
0.0
  9
$UCSORTHOREF
  2

  9
$UCSORTHOVIEW
 70
     0
  9
$UCSORGTOP
 10
0.0
 20
0.0
 30
0.0
  9
$UCSORGBOTTOM
 10
0.0
 20
0.0
 30
0.0
  9
$UCSORGLEFT
 10
0.0
 20
0.0
 30
0.0
  9
$UCSORGRIGHT
 10
0.0
 20
0.0
 30
0.0
  9
$UCSORGFRONT
 10
0.0
 20
0.0
 30
0.0
  9
$UCSORGBACK
 10
0.0
 20
0.0
 30
0.0
  9
$PUCSBASE
  2

  9
$PUCSNAME
  2

  9
$PUCSORG
 10
0.0
 20
0.0
 30
0.0
  9
$PUCSXDIR
 10
1.0
 20
0.0
 30
0.0
  9
$PUCSYDIR
 10
0.0
 20
1.0
 30
0.0
  9
$PUCSORTHOREF
  2

  9
$PUCSORTHOVIEW
 70
     0
  9
$PUCSORGTOP
 10
0.0
 20
0.0
 30
0.0
  9
$PUCSORGBOTTOM
 10
0.0
 20
0.0
 30
0.0
  9
$PUCSORGLEFT
 10
0.0
 20
0.0
 30
0.0
  9
$PUCSORGRIGHT
 10
0.0
 20
0.0
 30
0.0
  9
$PUCSORGFRONT
 10
0.0
 20
0.0
 30
0.0
  9
$PUCSORGBACK
 10
0.0
 20
0.0
 30
0.0
  9
$USERI1
 70
     0
  9
$USERI2
 70
     0
  9
$USERI3
 70
     0
  9
$USERI4
 70
     0
  9
$USERI5
 70
     0
  9
$USERR1
 40
0.0
  9
$USERR2
 40
0.0
  9
$USERR3
 40
0.0
  9
$USERR4
 40
0.0
  9
$USERR5
 40
0.0
  9
$WORLDVIEW
 70
     1
  9
$SHADEDGE
 70
     3
  9
$SHADEDIF
 70
    70
  9
$TILEMODE
 70
     1
  9
$MAXACTVP
 70
    64
  9
$PINSBASE
 10
0.0
 20
0.0
 30
0.0
  9
$PLIMCHECK
 70
     0
  9
$PEXTMIN
 10
1.000000000000000E+20
 20
1.000000000000000E+20
 30
1.000000000000000E+20
  9
$PEXTMAX
 10
-1.000000000000000E+20
 20
-1.000000000000000E+20
 30
-1.000000000000000E+20
  9
$PLIMMIN
 10
0.0
 20
0.0
  9
$PLIMMAX
 10
12.0
 20
9.0
  9
$UNITMODE
 70
     0
  9
$VISRETAIN
 70
     1
  9
$PLINEGEN
 70
     0
  9
$PSLTSCALE
 70
     1
  9
$TREEDEPTH
 70
  3020
  9
$CMLSTYLE
  2
Standard
  9
$CMLJUST
 70
     0
  9
$CMLSCALE
 40
1.0
  9
$PROXYGRAPHICS
 70
     1
  9
$MEASUREMENT
 70
     0
  9
$CELWEIGHT
370
    -1
  9
$ENDCAPS
280
     0
  9
$JOINSTYLE
280
     0
  9
$LWDISPLAY
290
     1
  9
$INSUNITS
 70
     0
  9
$HYPERLINKBASE
  1

  9
$STYLESHEET
  1

  9
$XEDIT
290
     1
  9
$CEPSNTYPE
380
     0
  9
$PSTYLEMODE
290
     1
  9
$FINGERPRINTGUID
  2
{B15A1E5F-78D2-B14C-858C-6DC14094A07D}
  9
$VERSIONGUID
  2
{C0FE9133-38AB-7E47-8972-F81451748B38}
  9
$EXTNAMES
290
     1
  9
$PSVPSCALE
 40
0.0
  9
$OLESTARTUP
290
     0
  9
$SORTENTS
280
   127
  9
$INDEXCTL
280
     0
  9
$HIDETEXT
280
     1
  9
$XCLIPFRAME
280
     2
  9
$HALOGAP
280
     0
  9
$OBSCOLOR
 70
   257
  9
$OBSLTYPE
280
     0
  9
$INTERSECTIONDISPLAY
280
     0
  9
$INTERSECTIONCOLOR
 70
   257
  9
$DIMASSOC
280
     2
  9
$PROJECTNAME
  1

  9
$CAMERADISPLAY
290
     0
  9
$LENSLENGTH
 40
50.0
  9
$CAMERAHEIGHT
 40
0.0
  9
$STEPSPERSEC
 40
2.0
  9
$STEPSIZE
 40
6.0
  9
$3DDWFPREC
 40
2.0
  9
$PSOLWIDTH
 40
0.25
  9
$PSOLHEIGHT
 40
4.0
  9
$LOFTANG1
 40
1.570796326794896
  9
$LOFTANG2
 40
1.570796326794896
  9
$LOFTMAG1
 40
0.0
  9
$LOFTMAG2
 40
0.0
  9
$LOFTPARAM
 70
     7
  9
$LOFTNORMALS
280
     1
  9
$LATITUDE
 40
37.795
  9
$LONGITUDE
 40
-122.394
  9
$NORTHDIRECTION
 40
0.0
  9
$TIMEZONE
 70
 -8000
  9
$LIGHTGLYPHDISPLAY
280
     1
  9
$TILEMODELIGHTSYNCH
280
     1
  9
$CMATERIAL
347
11
  9
$SOLIDHIST
280
     0
  9
$SHOWHIST
280
     1
  9
$DWFFRAME
280
     2
  9
$DGNFRAME
280
     0
  9
$REALWORLDSCALE
290
     1
  9
$INTERFERECOLOR
 62
     1
  9
$INTERFEREOBJVS
345
33
  9
$INTERFEREVPVS
346
30
  9
$CSHADOW
280
     0
  9
$SHADOWPLANELOCATION
 40
0.0
  0
ENDSEC
  0
SECTION
  2
CLASSES
  0
CLASS
  1
ACDBDICTIONARYWDFLT
  2
AcDbDictionaryWithDefault
  3
ObjectDBX Classes
 90
        0
 91
        1
280
     0
281
     0
  0
CLASS
  1
MATERIAL
  2
AcDbMaterial
  3
ObjectDBX Classes
 90
     1153
 91
        3
280
     0
281
     0
  0
CLASS
  1
VISUALSTYLE
  2
AcDbVisualStyle
  3
ObjectDBX Classes
 90
     4095
 91
       24
280
     0
281
     0
  0
CLASS
  1
SCALE
  2
AcDbScale
  3
ObjectDBX Classes
 90
     1153
 91
       17
280
     0
281
     0
  0
CLASS
  1
TABLESTYLE
  2
AcDbTableStyle
  3
ObjectDBX Classes
 90
     4095
 91
        1
280
     0
281
     0
  0
CLASS
  1
MLEADERSTYLE
  2
AcDbMLeaderStyle
  3
ACDB_MLEADERSTYLE_CLASS
 90
     4095
 91
        1
280
     0
281
     0
  0
CLASS
  1
ACDBSECTIONVIEWSTYLE
  2
AcDbSectionViewStyle
  3
ObjectDBX Classes
 90
     1025
 91
        1
280
     0
281
     0
  0
CLASS
  1
ACDBDETAILVIEWSTYLE
  2
AcDbDetailViewStyle
  3
ObjectDBX Classes
 90
     1025
 91
        1
280
     0
281
     0
  0
CLASS
  1
IMAGEDEF
  2
AcDbRasterImageDef
  3
ISM
 90
        0
 91
        1
280
     0
281
     0
  0
CLASS
  1
IMAGE
  2
AcDbRasterImage
  3
ISM
 90
     2175
 91
        1
280
     0
281
     1
  0
CLASS
  1
DICTIONARYVAR
  2
AcDbDictionaryVar
  3
ObjectDBX Classes
 90
        0
 91
        5
280
     0
281
     0
  0
CLASS
  1
CELLSTYLEMAP
  2
AcDbCellStyleMap
  3
ObjectDBX Classes
 90
     1152
 91
        1
280
     0
281
     0
  0
ENDSEC
  0
SECTION
  2
TABLES
  0
TABLE
  2
VPORT
  5
8
330
0
100
AcDbSymbolTable
 70
     1
  0
VPORT
  5
57
330
8
100
AcDbSymbolTableRecord
100
AcDbViewportTableRecord
  2
*Active
 70
     0
 10
0.0
 20
0.0
 11
1.0
 21
1.0
 12
0.0
 22
0.0
 13
0.0
 23
0.0
 14
1.0
 24
1.0
 15
0.0
 25
0.0
 16
0.0
 26
0.0
 36
1.0
 17
1312.412136371207
 27
-458.5704341351661
 37
0.0
 40
1144.440000000001
 41
2.984231200110946
 42
50.0
 43
0.0
 44
0.0
 50
0.0
 51
0.0
 71
     0
 72
   100
 73
     1
 74
     1
 75
     0
 76
     0
 77
     0
 78
     0
281
     0
 65
     1
110
0.0
120
0.0
130
0.0
111
1.0
121
0.0
131
0.0
112
0.0
122
1.0
132
0.0
 79
     0
146
0.0
 60
     3
 61
     5
292
     1
282
     1
141
0.0
142
0.0
 63
   250
421
  3355443
  0
ENDTAB
  0
TABLE
  2
LTYPE
  5
5
330
0
100
AcDbSymbolTable
 70
     1
  0
LTYPE
  5
5B
330
5
100
AcDbSymbolTableRecord
100
AcDbLinetypeTableRecord
  2
ByBlock
 70
     0
  3

 72
    65
 73
     0
 40
0.0
  0
LTYPE
  5
5C
330
5
100
AcDbSymbolTableRecord
100
AcDbLinetypeTableRecord
  2
ByLayer
 70
     0
  3

 72
    65
 73
     0
 40
0.0
  0
LTYPE
  5
5D
330
5
100
AcDbSymbolTableRecord
100
AcDbLinetypeTableRecord
  2
Continuous
 70
     0
  3
Solid line
 72
    65
 73
     0
 40
0.0
  0
ENDTAB
  0
TABLE
  2
LAYER
  5
2
330
0
100
AcDbSymbolTable
 70
     2
  0
LAYER
  5
54
330
2
100
AcDbSymbolTableRecord
100
AcDbLayerTableRecord
  2
0
 70
     0
 62
     7
  6
Continuous
370
    -3
390
F
347
21
348
0
  0
LAYER
  5
78
330
2
100
AcDbSymbolTableRecord
100
AcDbLayerTableRecord
  2
Capa 1
 70
     0
 62
     7
  6
Continuous
370
     0
390
F
347
21
348
0
  0
ENDTAB
  0
TABLE
  2
STYLE
  5
3
330
0
100
AcDbSymbolTable
 70
     2
  0
STYLE
  5
55
330
3
100
AcDbSymbolTableRecord
100
AcDbTextStyleTableRecord
  2
Standard
 70
     0
 40
0.0
 41
1.0
 50
0.0
 71
     0
 42
0.2
  3
txt
  4

  0
STYLE
  5
5A
330
3
100
AcDbSymbolTableRecord
100
AcDbTextStyleTableRecord
  2
Annotative
 70
     0
 40
0.0
 41
1.0
 50
0.0
 71
     0
 42
0.2
  3
txt
  4

1001
AcadAnnotative
1000
AnnotativeData
1002
{
1070
     1
1070
     1
1002
}
  0
ENDTAB
  0
TABLE
  2
VIEW
  5
6
330
0
100
AcDbSymbolTable
 70
     0
  0
ENDTAB
  0
TABLE
  2
UCS
  5
7
330
0
100
AcDbSymbolTable
 70
     0
  0
ENDTAB
  0
TABLE
  2
APPID
  5
9
330
0
100
AcDbSymbolTable
 70
     2
  0
APPID
  5
56
330
9
100
AcDbSymbolTableRecord
100
AcDbRegAppTableRecord
  2
ACAD
 70
     0
  0
APPID
  5
5E
330
9
100
AcDbSymbolTableRecord
100
AcDbRegAppTableRecord
  2
AcadAnnotative
 70
     0
  0
ENDTAB
  0
TABLE
  2
DIMSTYLE
  5
A
330
0
100
AcDbSymbolTable
 70
     2
100
AcDbDimStyleTable
 71
     0
  0
DIMSTYLE
105
58
330
A
100
AcDbSymbolTableRecord
100
AcDbDimStyleTableRecord
  2
Standard
 70
     0
340
55
  0
DIMSTYLE
105
59
330
A
100
AcDbSymbolTableRecord
100
AcDbDimStyleTableRecord
  2
Annotative
 70
     0
340
55
1001
AcadAnnotative
1000
AnnotativeData
1002
{
1070
     1
1070
     1
1002
}
  0
ENDTAB
  0
TABLE
  2
BLOCK_RECORD
  5
1
330
0
100
AcDbSymbolTable
 70
    12
  0
BLOCK_RECORD
  5
70
330
1
100
AcDbSymbolTableRecord
100
AcDbBlockTableRecord
  2
*Model_Space
340
73
 70
     0
280
     1
281
     0
  0
BLOCK_RECORD
  5
6C
330
1
100
AcDbSymbolTableRecord
100
AcDbBlockTableRecord
  2
*Paper_Space
340
6F
 70
     0
280
     1
281
     0
  0
BLOCK_RECORD
  5
74
330
1
100
AcDbSymbolTableRecord
100
AcDbBlockTableRecord
  2
*Paper_Space0
340
77
 70
     0
280
     1
281
     0
  0
BLOCK_RECORD
  5
79
330
1
100
AcDbSymbolTableRecord
100
AcDbBlockTableRecord
  2
Block_0
340
0
102
{BLKREFS
331
7A
102
}
 70
     0
280
     1
281
     0
  0
BLOCK_RECORD
  5
81
330
1
100
AcDbSymbolTableRecord
100
AcDbBlockTableRecord
  2
Block_1
340
0
102
{BLKREFS
331
82
102
}
 70
     0
280
     1
281
     0
  0
BLOCK_RECORD
  5
85
330
1
100
AcDbSymbolTableRecord
100
AcDbBlockTableRecord
  2
Block_2
340
0
102
{BLKREFS
331
86
102
}
 70
     0
280
     1
281
     0
  0
BLOCK_RECORD
  5
8A
330
1
100
AcDbSymbolTableRecord
100
AcDbBlockTableRecord
  2
Block_3
340
0
102
{BLKREFS
331
8B
102
}
 70
     0
280
     1
281
     0
  0
BLOCK_RECORD
  5
94
330
1
100
AcDbSymbolTableRecord
100
AcDbBlockTableRecord
  2
Block_4
340
0
102
{BLKREFS
331
95
102
}
 70
     0
280
     1
281
     0
  0
BLOCK_RECORD
  5
A8
330
1
100
AcDbSymbolTableRecord
100
AcDbBlockTableRecord
  2
Block_5
340
0
102
{BLKREFS
331
A9
102
}
 70
     0
280
     1
281
     0
  0
BLOCK_RECORD
  5
AC
330
1
100
AcDbSymbolTableRecord
100
AcDbBlockTableRecord
  2
Block_6
340
0
102
{BLKREFS
331
AD
102
}
 70
     0
280
     1
281
     0
  0
BLOCK_RECORD
  5
B1
330
1
100
AcDbSymbolTableRecord
100
AcDbBlockTableRecord
  2
Block_7
340
0
102
{BLKREFS
331
B2
102
}
 70
     0
280
     1
281
     0
  0
BLOCK_RECORD
  5
BB
330
1
100
AcDbSymbolTableRecord
100
AcDbBlockTableRecord
  2
Block_8
340
0
102
{BLKREFS
331
BC
102
}
 70
     0
280
     1
281
     0
  0
BLOCK_RECORD
  5
CC
330
1
100
AcDbSymbolTableRecord
100
AcDbBlockTableRecord
  2
Block_9
340
0
102
{BLKREFS
331
CD
102
}
 70
     0
280
     1
281
     0
  0
BLOCK_RECORD
  5
DD
330
1
100
AcDbSymbolTableRecord
100
AcDbBlockTableRecord
  2
Block_10
340
0
102
{BLKREFS
331
DE
102
}
 70
     0
280
     1
281
     0
  0
ENDTAB
  0
ENDSEC
  0
SECTION
  2
BLOCKS
  0
BLOCK
  5
71
330
70
100
AcDbEntity
  8
0
100
AcDbBlockBegin
  2
*Model_Space
 70
     0
 10
0.0
 20
0.0
 30
0.0
  3
*Model_Space
  1

  0
ENDBLK
  5
72
330
70
100
AcDbEntity
  8
0
100
AcDbBlockEnd
  0
BLOCK
  5
6D
330
6C
100
AcDbEntity
 67
     1
  8
0
100
AcDbBlockBegin
  2
*Paper_Space
 70
     0
 10
0.0
 20
0.0
 30
0.0
  3
*Paper_Space
  1

  0
ENDBLK
  5
6E
330
6C
100
AcDbEntity
 67
     1
  8
0
100
AcDbBlockEnd
  0
BLOCK
  5
75
330
74
100
AcDbEntity
 67
     1
  8
0
100
AcDbBlockBegin
  2
*Paper_Space0
 70
     0
 10
0.0
 20
0.0
 30
0.0
  3
*Paper_Space0
  1

  0
ENDBLK
  5
76
330
74
100
AcDbEntity
 67
     1
  8
0
100
AcDbBlockEnd
  0
BLOCK
  5
7B
330
79
100
AcDbEntity
  8
0
100
AcDbBlockBegin
  2
Block_0
 70
     0
 10
0.0
 20
0.0
 30
0.0
  3
Block_0
  1

  0
LWPOLYLINE
  5
7D
330
79
100
AcDbEntity
  8
Capa 1
100
AcDbPolyline
 90
        4
 70
     1
 43
0.0
 10
1523.16955555556
 20
-410.6929999999993
 10
571.0847777777781
 20
-410.6929999999993
 10
571.0847777777781
 20
16.0
 10
1523.16955555556
 20
16.0
  0
HATCH
  5
7E
330
79
100
AcDbEntity
  8
Capa 1
 62
   250
420
  1778733
440
 33554687
100
AcDbHatch
 10
0.0
 20
0.0
 30
0.0
210
0.0
220
0.0
230
1.0
  2
SOLID
 70
     1
 71
     1
 91
        1
 92
        1
 93
        4
 72
     1
 10
1523.16955555556
 20
-410.6929999999993
 11
571.0847777777781
 21
-410.6929999999993
 72
     1
 10
571.0847777777781
 20
-410.6929999999993
 11
571.0847777777781
 21
16.0
 72
     1
 10
571.0847777777781
 20
16.0
 11
1523.16955555556
 21
16.0
 72
     1
 10
1523.16955555556
 20
16.0
 11
1523.16955555556
 21
-410.6929999999993
 97
        1
330
7D
 75
     2
 76
     1
 98
        1
 10
0.0
 20
0.0
450
        0
451
        0
460
0.0
461
0.0
452
        0
462
0.0
453
        0
470

  0
LWPOLYLINE
  5
7F
330
79
100
AcDbEntity
  8
Capa 1
100
AcDbPolyline
 90
        4
 70
     1
 43
0.0
 10
472.3859999999985
 20
-857.3859999999985
 10
45.69299999999929
 20
-857.3859999999985
 10
45.69299999999929
 20
-430.6929999999993
 10
472.3859999999985
 20
-430.6929999999993
  0
HATCH
  5
80
330
79
100
AcDbEntity
  8
Capa 1
 62
   250
420
  1778733
440
 33554687
100
AcDbHatch
 10
0.0
 20
0.0
 30
0.0
210
0.0
220
0.0
230
1.0
  2
SOLID
 70
     1
 71
     1
 91
        1
 92
        1
 93
        4
 72
     1
 10
472.3859999999985
 20
-857.3859999999985
 11
45.69299999999929
 21
-857.3859999999985
 72
     1
 10
45.69299999999929
 20
-857.3859999999985
 11
45.69299999999929
 21
-430.6929999999993
 72
     1
 10
45.69299999999929
 20
-430.6929999999993
 11
472.3859999999985
 21
-430.6929999999993
 72
     1
 10
472.3859999999985
 20
-430.6929999999993
 11
472.3859999999985
 21
-857.3859999999985
 97
        1
330
7F
 75
     2
 76
     1
 98
        1
 10
0.0
 20
0.0
450
        0
451
        0
460
0.0
461
0.0
452
        0
462
0.0
453
        0
470

  0
ENDBLK
  5
7C
330
79
100
AcDbEntity
  8
0
100
AcDbBlockEnd
  0
BLOCK
  5
83
330
81
100
AcDbEntity
  8
0
100
AcDbBlockBegin
  2
Block_1
 70
     0
 10
0.0
 20
0.0
 30
0.0
  3
Block_1
  1

  0
INSERT
  5
86
330
81
100
AcDbEntity
  8
Capa 1
100
AcDbBlockReference
  2
Block_2
 10
0.0
 20
0.0
 30
0.0
  0
INSERT
  5
95
330
81
100
AcDbEntity
  8
Capa 1
100
AcDbBlockReference
  2
Block_4
 10
0.0
 20
0.0
 30
0.0
  0
ENDBLK
  5
84
330
81
100
AcDbEntity
  8
0
100
AcDbBlockEnd
  0
BLOCK
  5
87
330
85
100
AcDbEntity
  8
0
100
AcDbBlockBegin
  2
Block_2
 70
     0
 10
0.0
 20
0.0
 30
0.0
  3
Block_2
  1

  0
MTEXT
  5
89
330
85
100
AcDbEntity
  8
Capa 1
100
AcDbMText
 10
80.76408386230468
 20
-276.63427734375
 30
0.0
 40
0.2
 41
0.0
 46
0.0
 71
     7
 72
     1
  1
\C125;\c8760636;\FCalibri|b0|i0|c1;\H29.394078;\W1.107380;OFF-GRID. ON TRACK
 73
     1
 44
1.0
  0
INSERT
  5
8B
330
85
100
AcDbEntity
  8
Capa 1
100
AcDbBlockReference
  2
Block_3
 10
0.0
 20
0.0
 30
0.0
  0
ENDBLK
  5
88
330
85
100
AcDbEntity
  8
0
100
AcDbBlockEnd
  0
BLOCK
  5
8C
330
8A
100
AcDbEntity
  8
0
100
AcDbBlockBegin
  2
Block_3
 70
     0
 10
0.0
 20
0.0
 30
0.0
  3
Block_3
  1

  0
SPLINE
  5
8E
330
8A
100
AcDbEntity
  8
Capa 1
100
AcDbSpline
210
0.0
220
0.0
230
1.0
 70
     9
 71
     3
 72
    32
 73
    28
 74
     0
 42
0.0000000001
 43
0.0000000001
 40
0.0
 40
0.0
 40
0.0
 40
0.0
 40
1.0
 40
1.0
 40
1.0
 40
2.0
 40
2.0
 40
2.0
 40
3.0
 40
3.0
 40
3.0
 40
4.0
 40
4.0
 40
4.0
 40
5.0
 40
5.0
 40
5.0
 40
6.0
 40
6.0
 40
6.0
 40
7.0
 40
7.0
 40
7.0
 40
8.0
 40
8.0
 40
8.0
 40
9.0
 40
9.0
 40
9.0
 40
9.0
 10
401.6713882020885
 20
-105.3745633264261
 30
0.0
 10
406.876316838523
 20
-104.4818931720438
 30
0.0
 10
411.3746318853882
 20
-105.7393024128177
 30
0.0
 10
415.4202385058924
 20
-109.0204355216374
 30
0.0
 10
415.4202385058924
 20
-109.0204355216374
 30
0.0
 10
469.602304139753
 20
-203.9907644716913
 30
0.0
 10
469.602304139753
 20
-203.9907644716913
 30
0.0
 10
472.0365014686249
 20
-211.9064839410748
 30
0.0
 10
461.7571043848474
 20
-216.9327705118994
 30
0.0
 10
456.5388873671618
 20
-210.0985282585061
 30
0.0
 10
456.5388873671618
 20
-210.0985282585061
 30
0.0
 10
407.4188053259604
 20
-122.7094723689588
 30
0.0
 10
407.4188053259604
 20
-122.7094723689588
 30
0.0
 10
403.9901170364974
 20
-117.8778246418505
 30
0.0
 10
403.1543533330441
 20
-121.6961589117236
 30
0.0
 10
401.0953089373797
 20
-125.0220720293582
 30
0.0
 10
384.0093243897536
 20
-152.6205542447824
 30
0.0
 10
369.7215466476846
 20
-182.9144689518107
 30
0.0
 10
352.8361543497849
 20
-210.7438308781311
 30
0.0
 10
346.6681746618415
 20
-216.9745061469039
 30
0.0
 10
337.1050072484722
 20
-211.2552238274184
 30
0.0
 10
340.597687880123
 20
-202.9287953836319
 30
0.0
 10
357.6844985018943
 20
-174.472296265274
 30
0.0
 10
372.544142805873
 20
-144.5609956863445
 30
0.0
 10
389.7205317813495
 20
-116.1752256764666
 30
0.0
 10
392.757552211282
 20
-111.1562334096706
 30
0.0
 10
395.1603664787108
 20
-106.4912346917772
 30
0.0
 10
401.6713882020885
 20
-105.3745633264261
 30
0.0
  0
HATCH
  5
8F
330
8A
100
AcDbEntity
  8
Capa 1
 62
   250
420
  2107699
440
 33554687
100
AcDbHatch
 10
0.0
 20
0.0
 30
0.0
210
0.0
220
0.0
230
1.0
  2
SOLID
 70
     1
 71
     1
 91
        1
 92
        1
 93
        1
 72
     4
 94
        3
 73
     0
 74
     0
 95
       32
 96
       28
 40
0.0
 40
0.0
 40
0.0
 40
0.0
 40
1.0
 40
1.0
 40
1.0
 40
2.0
 40
2.0
 40
2.0
 40
3.0
 40
3.0
 40
3.0
 40
4.0
 40
4.0
 40
4.0
 40
5.0
 40
5.0
 40
5.0
 40
6.0
 40
6.0
 40
6.0
 40
7.0
 40
7.0
 40
7.0
 40
8.0
 40
8.0
 40
8.0
 40
9.0
 40
9.0
 40
9.0
 40
9.0
 10
401.6713882020885
 20
-105.3745633264261
 10
406.876316838523
 20
-104.4818931720438
 10
411.3746318853882
 20
-105.7393024128177
 10
415.4202385058924
 20
-109.0204355216374
 10
415.4202385058924
 20
-109.0204355216374
 10
469.602304139753
 20
-203.9907644716913
 10
469.602304139753
 20
-203.9907644716913
 10
472.0365014686249
 20
-211.9064839410748
 10
461.7571043848474
 20
-216.9327705118994
 10
456.5388873671618
 20
-210.0985282585061
 10
456.5388873671618
 20
-210.0985282585061
 10
407.4188053259604
 20
-122.7094723689588
 10
407.4188053259604
 20
-122.7094723689588
 10
403.9901170364974
 20
-117.8778246418505
 10
403.1543533330441
 20
-121.6961589117236
 10
401.0953089373797
 20
-125.0220720293582
 10
384.0093243897536
 20
-152.6205542447824
 10
369.7215466476846
 20
-182.9144689518107
 10
352.8361543497849
 20
-210.7438308781311
 10
346.6681746618415
 20
-216.9745061469039
 10
337.1050072484722
 20
-211.2552238274184
 10
340.597687880123
 20
-202.9287953836319
 10
357.6844985018943
 20
-174.472296265274
 10
372.544142805873
 20
-144.5609956863445
 10
389.7205317813495
 20
-116.1752256764666
 10
392.757552211282
 20
-111.1562334096706
 10
395.1603664787108
 20
-106.4912346917772
 10
401.6713882020885
 20
-105.3745633264261
 97
        0
 97
        1
330
8E
 75
     2
 76
     1
 98
        1
 10
0.0
 20
0.0
450
        0
451
        0
460
0.0
461
0.0
452
        0
462
0.0
453
        0
470

  0
SPLINE
  5
90
330
8A
100
AcDbEntity
  8
Capa 1
100
AcDbSpline
210
0.0
220
0.0
230
1.0
 70
     9
 71
     3
 72
    32
 73
    28
 74
     0
 42
0.0000000001
 43
0.0000000001
 40
0.0
 40
0.0
 40
0.0
 40
0.0
 40
1.0
 40
1.0
 40
1.0
 40
2.0
 40
2.0
 40
2.0
 40
3.0
 40
3.0
 40
3.0
 40
4.0
 40
4.0
 40
4.0
 40
5.0
 40
5.0
 40
5.0
 40
6.0
 40
6.0
 40
6.0
 40
7.0
 40
7.0
 40
7.0
 40
8.0
 40
8.0
 40
8.0
 40
9.0
 40
9.0
 40
9.0
 40
9.0
 10
86.29081762461192
 20
-105.3598214439953
 30
0.0
 10
90.76981579513358
 20
-104.3264108615294
 30
0.0
 10
94.67106380314271
 20
-106.2298732194031
 30
0.0
 10
95.91990251950392
 20
-110.632068073246
 30
0.0
 10
95.91990251950392
 20
-110.632068073246
 30
0.0
 10
95.93024014229104
 20
-190.251902715423
 30
0.0
 10
95.93024014229104
 20
-190.251902715423
 30
0.0
 10
96.28607891713091
 20
-194.2706477154133
 30
0.0
 10
97.71810845113122
 20
-197.0222725962667
 30
0.0
 10
101.6249105324268
 20
-198.4609131888755
 30
0.0
 10
101.6249105324268
 20
-198.4609131888755
 30
0.0
 10
197.3535624921633
 20
-198.7940563076035
 30
0.0
 10
197.3535624921633
 20
-198.7940563076035
 30
0.0
 10
205.497616291871
 20
-201.3799807763753
 30
0.0
 10
205.1301040871694
 20
-212.633580941685
 30
0.0
 10
196.1578027160931
 20
-213.325823710984
 30
0.0
 10
165.5523217394284
 20
-211.4619609164656
 30
0.0
 10
132.2195600065815
 20
-215.696496057597
 30
0.0
 10
101.9370936180266
 20
-213.3163819544643
 30
0.0
 10
89.79163238451565
 20
-212.3617838976243
 30
0.0
 10
82.3278633081618
 20
-204.0743202373051
 30
0.0
 10
81.39775396745154
 20
-192.1446790142727
 30
0.0
 10
79.38542022828824
 20
-166.3343592180463
 30
0.0
 10
82.94841425832691
 20
-137.944523818518
 30
0.0
 10
81.42091182475907
 20
-111.860628241342
 30
0.0
 10
81.41869175514784
 20
-109.242164127194
 30
0.0
 10
83.70829854427119
 20
-105.9556695433775
 30
0.0
 10
86.29081762461192
 20
-105.3598214439953
 30
0.0
  0
HATCH
  5
91
330
8A
100
AcDbEntity
  8
Capa 1
 62
   250
420
  2107699
440
 33554687
100
AcDbHatch
 10
0.0
 20
0.0
 30
0.0
210
0.0
220
0.0
230
1.0
  2
SOLID
 70
     1
 71
     1
 91
        1
 92
        1
 93
        1
 72
     4
 94
        3
 73
     0
 74
     0
 95
       32
 96
       28
 40
0.0
 40
0.0
 40
0.0
 40
0.0
 40
1.0
 40
1.0
 40
1.0
 40
2.0
 40
2.0
 40
2.0
 40
3.0
 40
3.0
 40
3.0
 40
4.0
 40
4.0
 40
4.0
 40
5.0
 40
5.0
 40
5.0
 40
6.0
 40
6.0
 40
6.0
 40
7.0
 40
7.0
 40
7.0
 40
8.0
 40
8.0
 40
8.0
 40
9.0
 40
9.0
 40
9.0
 40
9.0
 10
86.29081762461192
 20
-105.3598214439953
 10
90.76981579513358
 20
-104.3264108615294
 10
94.67106380314271
 20
-106.2298732194031
 10
95.91990251950392
 20
-110.632068073246
 10
95.91990251950392
 20
-110.632068073246
 10
95.93024014229104
 20
-190.251902715423
 10
95.93024014229104
 20
-190.251902715423
 10
96.28607891713091
 20
-194.2706477154133
 10
97.71810845113122
 20
-197.0222725962667
 10
101.6249105324268
 20
-198.4609131888755
 10
101.6249105324268
 20
-198.4609131888755
 10
197.3535624921633
 20
-198.7940563076035
 10
197.3535624921633
 20
-198.7940563076035
 10
205.497616291871
 20
-201.3799807763753
 10
205.1301040871694
 20
-212.633580941685
 10
196.1578027160931
 20
-213.325823710984
 10
165.5523217394284
 20
-211.4619609164656
 10
132.2195600065815
 20
-215.696496057597
 10
101.9370936180266
 20
-213.3163819544643
 10
89.79163238451565
 20
-212.3617838976243
 10
82.3278633081618
 20
-204.0743202373051
 10
81.39775396745154
 20
-192.1446790142727
 10
79.38542022828824
 20
-166.3343592180463
 10
82.94841425832691
 20
-137.944523818518
 10
81.42091182475907
 20
-111.860628241342
 10
81.41869175514784
 20
-109.242164127194
 10
83.70829854427119
 20
-105.9556695433775
 10
86.29081762461192
 20
-105.3598214439953
 97
        0
 97
        1
330
90
 75
     2
 76
     1
 98
        1
 10
0.0
 20
0.0
450
        0
451
        0
460
0.0
461
0.0
452
        0
462
0.0
453
        0
470

  0
SPLINE
  5
92
330
8A
100
AcDbEntity
  8
Capa 1
100
AcDbSpline
210
0.0
220
0.0
230
1.0
 70
     9
 71
     3
 72
    23
 73
    19
 74
     0
 42
0.0000000001
 43
0.0000000001
 40
0.0
 40
0.0
 40
0.0
 40
0.0
 40
1.0
 40
1.0
 40
1.0
 40
2.0
 40
2.0
 40
2.0
 40
3.0
 40
3.0
 40
3.0
 40
4.0
 40
4.0
 40
4.0
 40
5.0
 40
5.0
 40
5.0
 40
6.0
 40
6.0
 40
6.0
 40
6.0
 10
259.8590515942478
 20
-211.1781152120266
 30
0.0
 10
257.0222604808796
 20
-208.1778217365536
 30
0.0
 10
258.4256141132764
 20
-203.2454039445656
 30
0.0
 10
258.4091013252364
 20
-199.7349271520979
 30
0.0
 10
258.2841964612699
 20
-173.1812267632667
 30
0.0
 10
258.1859316962209
 20
-146.600122883472
 30
0.0
 10
258.4103423606093
 20
-120.0475649398031
 30
0.0
 10
258.4512974219324
 20
-115.2017094996081
 30
0.0
 10
256.3931340424997
 20
-107.2087332412848
 30
0.0
 10
262.7796976412747
 20
-105.5246962975689
 30
0.0
 10
267.802270703708
 20
-104.2003223273059
 30
0.0
 10
271.6893597254048
 20
-106.6535069687634
 30
0.0
 10
272.2792661536723
 20
-111.8606282303408
 30
0.0
 10
272.2792661536723
 20
-111.8606282303408
 30
0.0
 10
272.2794032175143
 20
-206.6573245850304
 30
0.0
 10
272.2794032175143
 20
-206.6573245850304
 30
0.0
 10
272.06771818572
 20
-212.8261383747668
 30
0.0
 10
264.0093744985597
 20
-215.5676476919616
 30
0.0
 10
259.8590515942478
 20
-211.1781152120266
 30
0.0
  0
HATCH
  5
93
330
8A
100
AcDbEntity
  8
Capa 1
 62
   250
420
  2107699
440
 33554687
100
AcDbHatch
 10
0.0
 20
0.0
 30
0.0
210
0.0
220
0.0
230
1.0
  2
SOLID
 70
     1
 71
     1
 91
        1
 92
        1
 93
        1
 72
     4
 94
        3
 73
     0
 74
     0
 95
       23
 96
       19
 40
0.0
 40
0.0
 40
0.0
 40
0.0
 40
1.0
 40
1.0
 40
1.0
 40
2.0
 40
2.0
 40
2.0
 40
3.0
 40
3.0
 40
3.0
 40
4.0
 40
4.0
 40
4.0
 40
5.0
 40
5.0
 40
5.0
 40
6.0
 40
6.0
 40
6.0
 40
6.0
 10
259.8590515942478
 20
-211.1781152120266
 10
257.0222604808796
 20
-208.1778217365536
 10
258.4256141132764
 20
-203.2454039445656
 10
258.4091013252364
 20
-199.7349271520979
 10
258.2841964612699
 20
-173.1812267632667
 10
258.1859316962209
 20
-146.600122883472
 10
258.4103423606093
 20
-120.0475649398031
 10
258.4512974219324
 20
-115.2017094996081
 10
256.3931340424997
 20
-107.2087332412848
 10
262.7796976412747
 20
-105.5246962975689
 10
267.802270703708
 20
-104.2003223273059
 10
271.6893597254048
 20
-106.6535069687634
 10
272.2792661536723
 20
-111.8606282303408
 10
272.2792661536723
 20
-111.8606282303408
 10
272.2794032175143
 20
-206.6573245850304
 10
272.2794032175143
 20
-206.6573245850304
 10
272.06771818572
 20
-212.8261383747668
 10
264.0093744985597
 20
-215.5676476919616
 10
259.8590515942478
 20
-211.1781152120266
 97
        0
 97
        1
330
92
 75
     2
 76
     1
 98
        1
 10
0.0
 20
0.0
450
        0
451
        0
460
0.0
461
0.0
452
        0
462
0.0
453
        0
470

  0
ENDBLK
  5
8D
330
8A
100
AcDbEntity
  8
0
100
AcDbBlockEnd
  0
BLOCK
  5
96
330
94
100
AcDbEntity
  8
0
100
AcDbBlockBegin
  2
Block_4
 70
     0
 10
0.0
 20
0.0
 30
0.0
  3
Block_4
  1

  0
SPLINE
  5
98
330
94
100
AcDbEntity
  8
Capa 1
100
AcDbSpline
210
0.0
220
0.0
230
1.0
 70
     9
 71
     3
 72
    89
 73
    85
 74
     0
 42
0.0000000001
 43
0.0000000001
 40
0.0
 40
0.0
 40
0.0
 40
0.0
 40
1.0
 40
1.0
 40
1.0
 40
2.0
 40
2.0
 40
2.0
 40
3.0
 40
3.0
 40
3.0
 40
4.0
 40
4.0
 40
4.0
 40
5.0
 40
5.0
 40
5.0
 40
6.0
 40
6.0
 40
6.0
 40
7.0
 40
7.0
 40
7.0
 40
8.0
 40
8.0
 40
8.0
 40
9.0
 40
9.0
 40
9.0
 40
10.0
 40
10.0
 40
10.0
 40
11.0
 40
11.0
 40
11.0
 40
12.0
 40
12.0
 40
12.0
 40
13.0
 40
13.0
 40
13.0
 40
14.0
 40
14.0
 40
14.0
 40
15.0
 40
15.0
 40
15.0
 40
16.0
 40
16.0
 40
16.0
 40
17.0
 40
17.0
 40
17.0
 40
18.0
 40
18.0
 40
18.0
 40
19.0
 40
19.0
 40
19.0
 40
20.0
 40
20.0
 40
20.0
 40
21.0
 40
21.0
 40
21.0
 40
22.0
 40
22.0
 40
22.0
 40
23.0
 40
23.0
 40
23.0
 40
24.0
 40
24.0
 40
24.0
 40
25.0
 40
25.0
 40
25.0
 40
26.0
 40
26.0
 40
26.0
 40
27.0
 40
27.0
 40
27.0
 40
28.0
 40
28.0
 40
28.0
 40
28.0
 10
-182.0255319426878
 20
-36.84465229942635
 30
0.0
 10
-148.7964419774316
 20
-35.71151495511094
 30
0.0
 10
-87.84314269073275
 20
-52.6592579853932
 30
0.0
 10
-73.28407217692348
 20
-85.72762117813182
 30
0.0
 10
-70.1286733342722
 20
-92.8945536308438
 30
0.0
 10
-69.8753536830236
 20
-99.34339446485592
 30
0.0
 10
-63.41295877910761
 20
-104.9278404950928
 30
0.0
 10
-50.73303165003835
 20
-115.8851357041421
 30
0.0
 10
-9.073744068425185
 20
-119.6036014768342
 30
0.0
 10
8.814600767421325
 20
-125.6021485370893
 30
0.0
 10
15.83562705207714
 20
-127.9565282724006
 30
0.0
 10
23.51354978695145
 20
-131.9933173021036
 30
0.0
 10
23.42794533894176
 20
-140.5526198929301
 30
0.0
 10
23.37406189035664
 20
-145.940245790639
 30
0.0
 10
20.03856758691927
 20
-157.1657943756827
 30
0.0
 10
18.64521932486514
 20
-162.9416166660758
 30
0.0
 10
6.117516342762428
 20
-214.8724857114812
 30
0.0
 10
-13.56842314115329
 20
-235.6946916094275
 30
0.0
 10
-68.46067621269412
 20
-240.1519495163884
 30
0.0
 10
-94.92280140515958
 20
-242.3006774360711
 30
0.0
 10
-128.7958926047386
 20
-234.9305780162631
 30
0.0
 10
-138.4560031046158
 20
-266.8504031757893
 30
0.0
 10
-140.3669946081963
 20
-273.1648769777621
 30
0.0
 10
-140.0267430295071
 20
-285.3563729730977
 30
0.0
 10
-149.6845454461227
 20
-282.8329877873202
 30
0.0
 10
-157.3546168574367
 20
-280.8289558411034
 30
0.0
 10
-153.9827400825015
 20
-270.2589057475379
 30
0.0
 10
-152.5053554093329
 20
-264.8087752238189
 30
0.0
 10
-140.9060650226993
 20
-222.0185339699874
 30
0.0
 10
-105.1599123206224
 20
-229.4659770367307
 30
0.0
 10
-70.35570491694762
 20
-226.2491964299443
 30
0.0
 10
-27.62422525024249
 20
-222.299737288502
 30
0.0
 10
-6.593287565549871
 20
-208.4056974488267
 30
0.0
 10
2.968506739466647
 20
-165.5924834009866
 30
0.0
 10
4.946128840450001
 20
-156.7376225229745
 30
0.0
 10
7.907632440185807
 20
-146.3966249131672
 30
0.0
 10
-0.2169549020809427
 20
-139.6895881569489
 30
0.0
 10
-7.738755400180707
 20
-133.48016603021
 30
0.0
 10
-44.83289874385173
 20
-128.3477649294291
 30
0.0
 10
-57.25937192033689
 20
-124.0536733883027
 30
0.0
 10
-66.36950439201701
 20
-120.905576399753
 30
0.0
 10
-74.7728433118491
 20
-115.8444212616323
 30
0.0
 10
-79.77895779858318
 20
-107.3901586509792
 30
0.0
 10
-83.04059637503177
 20
-101.8819448177955
 30
0.0
 10
-84.23690293623531
 20
-95.46948364462059
 30
0.0
 10
-86.98682528114387
 20
-89.95059187535844
 30
0.0
 10
-97.98570833444955
 20
-67.87664303590372
 30
0.0
 10
-145.1721414216672
 20
-52.664410475988
 30
0.0
 10
-168.3141072382614
 20
-51.20063001053949
 30
0.0
 10
-223.3242459285066
 20
-47.72111720447355
 30
0.0
 10
-270.2273584528884
 20
-80.97424119340393
 30
0.0
 10
-298.4435655067336
 20
-125.8224055876571
 30
0.0
 10
-304.1068763127123
 20
-134.8239377056206
 30
0.0
 10
-312.548725849224
 20
-147.8878008515776
 30
0.0
 10
-309.8777834553694
 20
-158.6364737148333
 30
0.0
 10
-304.4753110872953
 20
-180.3776420271242
 30
0.0
 10
-255.1961391754139
 20
-227.1533435879901
 30
0.0
 10
-232.7589928824382
 20
-228.7815552194916
 30
0.0
 10
-223.8864097581527
 20
-229.4254179842028
 30
0.0
 10
-216.2432456614642
 20
-221.1408964714392
 30
0.0
 10
-211.9654824185263
 20
-214.1964451572621
 30
0.0
 10
-189.9184932935041
 20
-178.4057213822534
 30
0.0
 10
-210.4563398826094
 20
-130.8483338818805
 30
0.0
 10
-201.1954008959537
 20
-92.24957298642767
 30
0.0
 10
-198.6282751948029
 20
-81.55002391585368
 30
0.0
 10
-189.0421857586616
 20
-82.21353268849725
 30
0.0
 10
-188.1924943635722
 20
-92.56137552794825
 30
0.0
 10
-187.7421551797042
 20
-98.045765656002
 30
0.0
 10
-189.3572026884294
 20
-105.2455544093054
 30
0.0
 10
-189.5097057232969
 20
-110.8871085864421
 30
0.0
 10
-190.4884548062437
 20
-147.0940337931843
 30
0.0
 10
-180.0872880769357
 20
-187.9722461828587
 30
0.0
 10
-199.714270104796
 20
-220.7597880267968
 30
0.0
 10
-219.906030656206
 20
-254.4908116269799
 30
0.0
 10
-245.909646837802
 20
-243.9067220977959
 30
0.0
 10
-272.2012722433928
 20
-224.606199333648
 30
0.0
 10
-290.7728569518913
 20
-210.9729116268918
 30
0.0
 10
-324.5236493012062
 20
-178.2315739847718
 30
0.0
 10
-324.7465981742934
 20
-153.8611031020145
 30
0.0
 10
-324.8725508372181
 20
-140.0932573088357
 30
0.0
 10
-311.4625190276683
 20
-119.248454502459
 30
0.0
 10
-303.4838454894061
 20
-108.1424157289939
 30
0.0
 10
-275.4620570410489
 20
-69.1370513013253
 30
0.0
 10
-231.4300661553543
 20
-38.52938464549243
 30
0.0
 10
-182.0255319426878
 20
-36.84465229942635
 30
0.0
  0
HATCH
  5
99
330
94
100
AcDbEntity
  8
Capa 1
 62
   250
420
  2107699
440
 33554687
100
AcDbHatch
 10
0.0
 20
0.0
 30
0.0
210
0.0
220
0.0
230
1.0
  2
SOLID
 70
     1
 71
     1
 91
        1
 92
        1
 93
        1
 72
     4
 94
        3
 73
     0
 74
     0
 95
       89
 96
       85
 40
0.0
 40
0.0
 40
0.0
 40
0.0
 40
1.0
 40
1.0
 40
1.0
 40
2.0
 40
2.0
 40
2.0
 40
3.0
 40
3.0
 40
3.0
 40
4.0
 40
4.0
 40
4.0
 40
5.0
 40
5.0
 40
5.0
 40
6.0
 40
6.0
 40
6.0
 40
7.0
 40
7.0
 40
7.0
 40
8.0
 40
8.0
 40
8.0
 40
9.0
 40
9.0
 40
9.0
 40
10.0
 40
10.0
 40
10.0
 40
11.0
 40
11.0
 40
11.0
 40
12.0
 40
12.0
 40
12.0
 40
13.0
 40
13.0
 40
13.0
 40
14.0
 40
14.0
 40
14.0
 40
15.0
 40
15.0
 40
15.0
 40
16.0
 40
16.0
 40
16.0
 40
17.0
 40
17.0
 40
17.0
 40
18.0
 40
18.0
 40
18.0
 40
19.0
 40
19.0
 40
19.0
 40
20.0
 40
20.0
 40
20.0
 40
21.0
 40
21.0
 40
21.0
 40
22.0
 40
22.0
 40
22.0
 40
23.0
 40
23.0
 40
23.0
 40
24.0
 40
24.0
 40
24.0
 40
25.0
 40
25.0
 40
25.0
 40
26.0
 40
26.0
 40
26.0
 40
27.0
 40
27.0
 40
27.0
 40
28.0
 40
28.0
 40
28.0
 40
28.0
 10
-182.0255319426878
 20
-36.84465229942635
 10
-148.7964419774316
 20
-35.71151495511094
 10
-87.84314269073275
 20
-52.6592579853932
 10
-73.28407217692348
 20
-85.72762117813182
 10
-70.1286733342722
 20
-92.8945536308438
 10
-69.8753536830236
 20
-99.34339446485592
 10
-63.41295877910761
 20
-104.9278404950928
 10
-50.73303165003835
 20
-115.8851357041421
 10
-9.073744068425185
 20
-119.6036014768342
 10
8.814600767421325
 20
-125.6021485370893
 10
15.83562705207714
 20
-127.9565282724006
 10
23.51354978695145
 20
-131.9933173021036
 10
23.42794533894176
 20
-140.5526198929301
 10
23.37406189035664
 20
-145.940245790639
 10
20.03856758691927
 20
-157.1657943756827
 10
18.64521932486514
 20
-162.9416166660758
 10
6.117516342762428
 20
-214.8724857114812
 10
-13.56842314115329
 20
-235.6946916094275
 10
-68.46067621269412
 20
-240.1519495163884
 10
-94.92280140515958
 20
-242.3006774360711
 10
-128.7958926047386
 20
-234.9305780162631
 10
-138.4560031046158
 20
-266.8504031757893
 10
-140.3669946081963
 20
-273.1648769777621
 10
-140.0267430295071
 20
-285.3563729730977
 10
-149.6845454461227
 20
-282.8329877873202
 10
-157.3546168574367
 20
-280.8289558411034
 10
-153.9827400825015
 20
-270.2589057475379
 10
-152.5053554093329
 20
-264.8087752238189
 10
-140.9060650226993
 20
-222.0185339699874
 10
-105.1599123206224
 20
-229.4659770367307
 10
-70.35570491694762
 20
-226.2491964299443
 10
-27.62422525024249
 20
-222.299737288502
 10
-6.593287565549871
 20
-208.4056974488267
 10
2.968506739466647
 20
-165.5924834009866
 10
4.946128840450001
 20
-156.7376225229745
 10
7.907632440185807
 20
-146.3966249131672
 10
-0.2169549020809427
 20
-139.6895881569489
 10
-7.738755400180707
 20
-133.48016603021
 10
-44.83289874385173
 20
-128.3477649294291
 10
-57.25937192033689
 20
-124.0536733883027
 10
-66.36950439201701
 20
-120.905576399753
 10
-74.7728433118491
 20
-115.8444212616323
 10
-79.77895779858318
 20
-107.3901586509792
 10
-83.04059637503177
 20
-101.8819448177955
 10
-84.23690293623531
 20
-95.46948364462059
 10
-86.98682528114387
 20
-89.95059187535844
 10
-97.98570833444955
 20
-67.87664303590372
 10
-145.1721414216672
 20
-52.664410475988
 10
-168.3141072382614
 20
-51.20063001053949
 10
-223.3242459285066
 20
-47.72111720447355
 10
-270.2273584528884
 20
-80.97424119340393
 10
-298.4435655067336
 20
-125.8224055876571
 10
-304.1068763127123
 20
-134.8239377056206
 10
-312.548725849224
 20
-147.8878008515776
 10
-309.8777834553694
 20
-158.6364737148333
 10
-304.4753110872953
 20
-180.3776420271242
 10
-255.1961391754139
 20
-227.1533435879901
 10
-232.7589928824382
 20
-228.7815552194916
 10
-223.8864097581527
 20
-229.4254179842028
 10
-216.2432456614642
 20
-221.1408964714392
 10
-211.9654824185263
 20
-214.1964451572621
 10
-189.9184932935041
 20
-178.4057213822534
 10
-210.4563398826094
 20
-130.8483338818805
 10
-201.1954008959537
 20
-92.24957298642767
 10
-198.6282751948029
 20
-81.55002391585368
 10
-189.0421857586616
 20
-82.21353268849725
 10
-188.1924943635722
 20
-92.56137552794825
 10
-187.7421551797042
 20
-98.045765656002
 10
-189.3572026884294
 20
-105.2455544093054
 10
-189.5097057232969
 20
-110.8871085864421
 10
-190.4884548062437
 20
-147.0940337931843
 10
-180.0872880769357
 20
-187.9722461828587
 10
-199.714270104796
 20
-220.7597880267968
 10
-219.906030656206
 20
-254.4908116269799
 10
-245.909646837802
 20
-243.9067220977959
 10
-272.2012722433928
 20
-224.606199333648
 10
-290.7728569518913
 20
-210.9729116268918
 10
-324.5236493012062
 20
-178.2315739847718
 10
-324.7465981742934
 20
-153.8611031020145
 10
-324.8725508372181
 20
-140.0932573088357
 10
-311.4625190276683
 20
-119.248454502459
 10
-303.4838454894061
 20
-108.1424157289939
 10
-275.4620570410489
 20
-69.1370513013253
 10
-231.4300661553543
 20
-38.52938464549243
 10
-182.0255319426878
 20
-36.84465229942635
 97
        0
 97
        1
330
98
 75
     2
 76
     1
 98
        1
 10
0.0
 20
0.0
450
        0
451
        0
460
0.0
461
0.0
452
        0
462
0.0
453
        0
470

  0
SPLINE
  5
9A
330
94
100
AcDbEntity
  8
Capa 1
100
AcDbSpline
210
0.0
220
0.0
230
1.0
 70
     9
 71
     3
 72
    17
 73
    13
 74
     0
 42
0.0000000001
 43
0.0000000001
 40
0.0
 40
0.0
 40
0.0
 40
0.0
 40
1.0
 40
1.0
 40
1.0
 40
2.0
 40
2.0
 40
2.0
 40
3.0
 40
3.0
 40
3.0
 40
4.0
 40
4.0
 40
4.0
 40
4.0
 10
-178.2226564508391
 20
-300.9692498361746
 30
0.0
 10
-192.3306209481243
 20
-301.6954926467024
 30
0.0
 10
-195.5621631177282
 20
-323.6418382972715
 30
0.0
 10
-183.9374057405739
 20
-329.0979084396767
 30
0.0
 10
-179.93898279523
 20
-330.9745649014858
 30
0.0
 10
-163.9793760355851
 20
-332.2834073027352
 30
0.0
 10
-158.8540760456389
 20
-332.4544144870688
 30
0.0
 10
-150.320347590462
 20
-332.7391449180341
 30
0.0
 10
-142.8110807491484
 20
-331.6311962673444
 30
0.0
 10
-140.9665597788307
 20
-321.8505076893253
 30
0.0
 10
-136.4114618757166
 20
-297.6968142644637
 30
0.0
 10
-163.2659775542388
 20
-303.8169092653716
 30
0.0
 10
-178.2226564508391
 20
-300.9692498361746
 30
0.0
  0
SPLINE
  5
9B
330
94
100
AcDbEntity
  8
Capa 1
100
AcDbSpline
210
0.0
220
0.0
230
1.0
 70
     9
 71
     3
 72
    50
 73
    46
 74
     0
 42
0.0000000001
 43
0.0000000001
 40
0.0
 40
0.0
 40
0.0
 40
0.0
 40
1.0
 40
1.0
 40
1.0
 40
2.0
 40
2.0
 40
2.0
 40
3.0
 40
3.0
 40
3.0
 40
4.0
 40
4.0
 40
4.0
 40
5.0
 40
5.0
 40
5.0
 40
6.0
 40
6.0
 40
6.0
 40
7.0
 40
7.0
 40
7.0
 40
8.0
 40
8.0
 40
8.0
 40
9.0
 40
9.0
 40
9.0
 40
10.0
 40
10.0
 40
10.0
 40
11.0
 40
11.0
 40
11.0
 40
12.0
 40
12.0
 40
12.0
 40
13.0
 40
13.0
 40
13.0
 40
14.0
 40
14.0
 40
14.0
 40
15.0
 40
15.0
 40
15.0
 40
15.0
 10
-202.1697385666885
 20
-318.5764053803668
 30
0.0
 10
-241.7540225157554
 20
-310.7998780376129
 30
0.0
 10
-279.8424960717138
 20
-291.1546231849225
 30
0.0
 10
-308.9336793061248
 20
-263.2345628777457
 30
0.0
 10
-312.7365337772289
 20
-259.5847998097724
 30
0.0
 10
-316.1898474017198
 20
-257.5790869488392
 30
0.0
 10
-315.9036163865458
 20
-251.8313819897539
 30
0.0
 10
-315.6553551862717
 20
-246.8461356107164
 30
0.0
 10
-310.609378960361
 20
-228.1277719350019
 30
0.0
 10
-308.7472729600677
 20
-222.9562323946702
 30
0.0
 10
-306.0947158824438
 20
-215.5894102010043
 30
0.0
 10
-296.7063596432954
 20
-214.9005825595614
 30
0.0
 10
-295.1561844678344
 20
-221.6457772843241
 30
0.0
 10
-293.8711061020222
 20
-227.237470372429
 30
0.0
 10
-299.2118087927956
 20
-240.6691232403209
 30
0.0
 10
-300.5164793360964
 20
-246.980725364474
 30
0.0
 10
-300.701093853384
 20
-247.8738346520604
 30
0.0
 10
-301.2049079245689
 20
-249.3912689255394
 30
0.0
 10
-301.1910089343655
 20
-250.1000624478984
 30
0.0
 10
-301.1656007315341
 20
-251.3957802892128
 30
0.0
 10
-290.8767640818723
 20
-260.0855817191605
 30
0.0
 10
-289.0017535843153
 20
-261.6302164761528
 30
0.0
 10
-267.3472885128931
 20
-279.4691776110176
 30
0.0
 10
-239.3950625162561
 20
-294.4701155879938
 30
0.0
 10
-212.2304832326045
 20
-301.7762625182131
 30
0.0
 10
-209.915180210146
 20
-302.3989831535464
 30
0.0
 10
-202.2346070434451
 20
-304.6484211552033
 30
0.0
 10
-200.4879695164791
 20
-304.59510917845
 30
0.0
 10
-199.2627956971046
 20
-304.5577136472257
 30
0.0
 10
-196.3679017604763
 20
-298.6186612826186
 30
0.0
 10
-194.8657977048806
 20
-297.0226211691533
 30
0.0
 10
-191.1705212047945
 20
-293.0962556803479
 30
0.0
 10
-183.7049797704612
 20
-289.6368615652627
 30
0.0
 10
-178.31868495264
 20
-289.4991572916097
 30
0.0
 10
-172.4318440523811
 20
-289.348656218479
 30
0.0
 10
-149.7099266763325
 20
-291.6638203699313
 30
0.0
 10
-144.6183780716555
 20
-293.5707937335556
 30
0.0
 10
-121.3830254410895
 20
-302.2732931107039
 30
0.0
 10
-126.0362726542962
 20
-341.3233250437315
 30
0.0
 10
-150.6185777527762
 20
-343.7979793627692
 30
0.0
 10
-157.3740481403192
 20
-344.478039833286
 30
0.0
 10
-182.7657360171124
 20
-342.1434409433814
 30
0.0
 10
-188.6534566147702
 20
-339.501828758066
 30
0.0
 10
-196.7131470896856
 20
-335.885730436954
 30
0.0
 10
-201.6351038186767
 20
-327.199763305538
 30
0.0
 10
-202.1697385666885
 20
-318.5764053803668
 30
0.0
  0
HATCH
  5
9C
330
94
100
AcDbEntity
  8
Capa 1
 62
   250
420
  2107699
440
 33554687
100
AcDbHatch
 10
0.0
 20
0.0
 30
0.0
210
0.0
220
0.0
230
1.0
  2
SOLID
 70
     1
 71
     1
 91
        2
 92
        1
 93
        1
 72
     4
 94
        3
 73
     0
 74
     0
 95
       17
 96
       13
 40
0.0
 40
0.0
 40
0.0
 40
0.0
 40
1.0
 40
1.0
 40
1.0
 40
2.0
 40
2.0
 40
2.0
 40
3.0
 40
3.0
 40
3.0
 40
4.0
 40
4.0
 40
4.0
 40
4.0
 10
-178.2226564508391
 20
-300.9692498361746
 10
-192.3306209481243
 20
-301.6954926467024
 10
-195.5621631177282
 20
-323.6418382972715
 10
-183.9374057405739
 20
-329.0979084396767
 10
-179.93898279523
 20
-330.9745649014858
 10
-163.9793760355851
 20
-332.2834073027352
 10
-158.8540760456389
 20
-332.4544144870688
 10
-150.320347590462
 20
-332.7391449180341
 10
-142.8110807491484
 20
-331.6311962673444
 10
-140.9665597788307
 20
-321.8505076893253
 10
-136.4114618757166
 20
-297.6968142644637
 10
-163.2659775542388
 20
-303.8169092653716
 10
-178.2226564508391
 20
-300.9692498361746
 97
        0
 97
        1
330
9A
 92
        1
 93
        1
 72
     4
 94
        3
 73
     0
 74
     0
 95
       50
 96
       46
 40
0.0
 40
0.0
 40
0.0
 40
0.0
 40
1.0
 40
1.0
 40
1.0
 40
2.0
 40
2.0
 40
2.0
 40
3.0
 40
3.0
 40
3.0
 40
4.0
 40
4.0
 40
4.0
 40
5.0
 40
5.0
 40
5.0
 40
6.0
 40
6.0
 40
6.0
 40
7.0
 40
7.0
 40
7.0
 40
8.0
 40
8.0
 40
8.0
 40
9.0
 40
9.0
 40
9.0
 40
10.0
 40
10.0
 40
10.0
 40
11.0
 40
11.0
 40
11.0
 40
12.0
 40
12.0
 40
12.0
 40
13.0
 40
13.0
 40
13.0
 40
14.0
 40
14.0
 40
14.0
 40
15.0
 40
15.0
 40
15.0
 40
15.0
 10
-202.1697385666885
 20
-318.5764053803668
 10
-241.7540225157554
 20
-310.7998780376129
 10
-279.8424960717138
 20
-291.1546231849225
 10
-308.9336793061248
 20
-263.2345628777457
 10
-312.7365337772289
 20
-259.5847998097724
 10
-316.1898474017198
 20
-257.5790869488392
 10
-315.9036163865458
 20
-251.8313819897539
 10
-315.6553551862717
 20
-246.8461356107164
 10
-310.609378960361
 20
-228.1277719350019
 10
-308.7472729600677
 20
-222.9562323946702
 10
-306.0947158824438
 20
-215.5894102010043
 10
-296.7063596432954
 20
-214.9005825595614
 10
-295.1561844678344
 20
-221.6457772843241
 10
-293.8711061020222
 20
-227.237470372429
 10
-299.2118087927956
 20
-240.6691232403209
 10
-300.5164793360964
 20
-246.980725364474
 10
-300.701093853384
 20
-247.8738346520604
 10
-301.2049079245689
 20
-249.3912689255394
 10
-301.1910089343655
 20
-250.1000624478984
 10
-301.1656007315341
 20
-251.3957802892128
 10
-290.8767640818723
 20
-260.0855817191605
 10
-289.0017535843153
 20
-261.6302164761528
 10
-267.3472885128931
 20
-279.4691776110176
 10
-239.3950625162561
 20
-294.4701155879938
 10
-212.2304832326045
 20
-301.7762625182131
 10
-209.915180210146
 20
-302.3989831535464
 10
-202.2346070434451
 20
-304.6484211552033
 10
-200.4879695164791
 20
-304.59510917845
 10
-199.2627956971046
 20
-304.5577136472257
 10
-196.3679017604763
 20
-298.6186612826186
 10
-194.8657977048806
 20
-297.0226211691533
 10
-191.1705212047945
 20
-293.0962556803479
 10
-183.7049797704612
 20
-289.6368615652627
 10
-178.31868495264
 20
-289.4991572916097
 10
-172.4318440523811
 20
-289.348656218479
 10
-149.7099266763325
 20
-291.6638203699313
 10
-144.6183780716555
 20
-293.5707937335556
 10
-121.3830254410895
 20
-302.2732931107039
 10
-126.0362726542962
 20
-341.3233250437315
 10
-150.6185777527762
 20
-343.7979793627692
 10
-157.3740481403192
 20
-344.478039833286
 10
-182.7657360171124
 20
-342.1434409433814
 10
-188.6534566147702
 20
-339.501828758066
 10
-196.7131470896856
 20
-335.885730436954
 10
-201.6351038186767
 20
-327.199763305538
 10
-202.1697385666885
 20
-318.5764053803668
 97
        0
 97
        1
330
9B
 75
     2
 76
     1
 98
        1
 10
0.0
 20
0.0
450
        0
451
        0
460
0.0
461
0.0
452
        0
462
0.0
453
        0
470

  0
SPLINE
  5
9D
330
94
100
AcDbEntity
  8
Capa 1
100
AcDbSpline
210
0.0
220
0.0
230
1.0
 70
     9
 71
     3
 72
    23
 73
    19
 74
     0
 42
0.0000000001
 43
0.0000000001
 40
0.0
 40
0.0
 40
0.0
 40
0.0
 40
1.0
 40
1.0
 40
1.0
 40
2.0
 40
2.0
 40
2.0
 40
3.0
 40
3.0
 40
3.0
 40
4.0
 40
4.0
 40
4.0
 40
5.0
 40
5.0
 40
5.0
 40
6.0
 40
6.0
 40
6.0
 40
6.0
 10
-111.9141734723862
 20
-280.718794532886
 30
0.0
 10
-108.1224766973564
 20
-279.9252967166094
 30
0.0
 10
-104.7536787486324
 20
-286.2715948796231
 30
0.0
 10
-103.0206760919436
 20
-289.2602358903041
 30
0.0
 10
-91.63873619659625
 20
-308.888903060024
 30
0.0
 10
-92.61863938378246
 20
-334.5408465222154
 30
0.0
 10
-107.6299603689094
 20
-352.0271983785587
 30
0.0
 10
-109.709642191855
 20
-354.4497731900174
 30
0.0
 10
-115.8664973510176
 20
-361.3412143097612
 30
0.0
 10
-118.3704509937879
 20
-355.7981555188799
 30
0.0
 10
-119.9326061838192
 20
-352.3399772559442
 30
0.0
 10
-115.5692755412538
 20
-350.3026386220681
 30
0.0
 10
-113.6600745243477
 20
-347.8930404501243
 30
0.0
 10
-101.2184190970083
 20
-332.1904560139392
 30
0.0
 10
-99.05826830161187
 20
-311.5714042788659
 30
0.0
 10
-108.889417767089
 20
-293.8650065654274
 30
0.0
 10
-110.5866806089589
 20
-290.8081502936384
 30
0.0
 10
-118.928651234798
 20
-282.1867317433407
 30
0.0
 10
-111.9141734723862
 20
-280.718794532886
 30
0.0
  0
HATCH
  5
9E
330
94
100
AcDbEntity
  8
Capa 1
 62
   125
420
  4107652
440
 33554687
100
AcDbHatch
 10
0.0
 20
0.0
 30
0.0
210
0.0
220
0.0
230
1.0
  2
SOLID
 70
     1
 71
     1
 91
        1
 92
        1
 93
        1
 72
     4
 94
        3
 73
     0
 74
     0
 95
       23
 96
       19
 40
0.0
 40
0.0
 40
0.0
 40
0.0
 40
1.0
 40
1.0
 40
1.0
 40
2.0
 40
2.0
 40
2.0
 40
3.0
 40
3.0
 40
3.0
 40
4.0
 40
4.0
 40
4.0
 40
5.0
 40
5.0
 40
5.0
 40
6.0
 40
6.0
 40
6.0
 40
6.0
 10
-111.9141734723862
 20
-280.718794532886
 10
-108.1224766973564
 20
-279.9252967166094
 10
-104.7536787486324
 20
-286.2715948796231
 10
-103.0206760919436
 20
-289.2602358903041
 10
-91.63873619659625
 20
-308.888903060024
 10
-92.61863938378246
 20
-334.5408465222154
 10
-107.6299603689094
 20
-352.0271983785587
 10
-109.709642191855
 20
-354.4497731900174
 10
-115.8664973510176
 20
-361.3412143097612
 10
-118.3704509937879
 20
-355.7981555188799
 10
-119.9326061838192
 20
-352.3399772559442
 10
-115.5692755412538
 20
-350.3026386220681
 10
-113.6600745243477
 20
-347.8930404501243
 10
-101.2184190970083
 20
-332.1904560139392
 10
-99.05826830161187
 20
-311.5714042788659
 10
-108.889417767089
 20
-293.8650065654274
 10
-110.5866806089589
 20
-290.8081502936384
 10
-118.928651234798
 20
-282.1867317433407
 10
-111.9141734723862
 20
-280.718794532886
 97
        0
 97
        1
330
9D
 75
     2
 76
     1
 98
        1
 10
0.0
 20
0.0
450
        0
451
        0
460
0.0
461
0.0
452
        0
462
0.0
453
        0
470

  0
SPLINE
  5
9F
330
94
100
AcDbEntity
  8
Capa 1
100
AcDbSpline
210
0.0
220
0.0
230
1.0
 70
     9
 71
     3
 72
    17
 73
    13
 74
     0
 42
0.0000000001
 43
0.0000000001
 40
0.0
 40
0.0
 40
0.0
 40
0.0
 40
1.0
 40
1.0
 40
1.0
 40
2.0
 40
2.0
 40
2.0
 40
3.0
 40
3.0
 40
3.0
 40
4.0
 40
4.0
 40
4.0
 40
4.0
 10
-109.3722673123311
 20
-109.5038379974939
 30
0.0
 10
-105.921299927767
 20
-109.0380965076701
 30
0.0
 10
-103.5091074940728
 20
-108.8641729738301
 30
0.0
 10
-101.4994590227843
 20
-112.0470516082832
 30
0.0
 10
-99.87136878314869
 20
-114.6256188118204
 30
0.0
 10
-97.92815935084309
 20
-121.8705288283508
 30
0.0
 10
-98.49069362832688
 20
-124.805542791546
 30
0.0
 10
-99.89406256323583
 20
-132.1275986810051
 30
0.0
 10
-123.8398178986417
 20
-129.6488686481943
 30
0.0
 10
-126.9548276613004
 20
-124.8674101768056
 30
0.0
 10
-131.273756663174
 20
-118.2379671776507
 30
0.0
 10
-114.6376973436827
 20
-110.214458804382
 30
0.0
 10
-109.3722673123311
 20
-109.5038379974939
 30
0.0
  0
HATCH
  5
A0
330
94
100
AcDbEntity
  8
Capa 1
 62
   250
420
  2107699
440
 33554687
100
AcDbHatch
 10
0.0
 20
0.0
 30
0.0
210
0.0
220
0.0
230
1.0
  2
SOLID
 70
     1
 71
     1
 91
        1
 92
        1
 93
        1
 72
     4
 94
        3
 73
     0
 74
     0
 95
       17
 96
       13
 40
0.0
 40
0.0
 40
0.0
 40
0.0
 40
1.0
 40
1.0
 40
1.0
 40
2.0
 40
2.0
 40
2.0
 40
3.0
 40
3.0
 40
3.0
 40
4.0
 40
4.0
 40
4.0
 40
4.0
 10
-109.3722673123311
 20
-109.5038379974939
 10
-105.921299927767
 20
-109.0380965076701
 10
-103.5091074940728
 20
-108.8641729738301
 10
-101.4994590227843
 20
-112.0470516082832
 10
-99.87136878314869
 20
-114.6256188118204
 10
-97.92815935084309
 20
-121.8705288283508
 10
-98.49069362832688
 20
-124.805542791546
 10
-99.89406256323583
 20
-132.1275986810051
 10
-123.8398178986417
 20
-129.6488686481943
 10
-126.9548276613004
 20
-124.8674101768056
 10
-131.273756663174
 20
-118.2379671776507
 10
-114.6376973436827
 20
-110.214458804382
 10
-109.3722673123311
 20
-109.5038379974939
 97
        0
 97
        1
330
9F
 75
     2
 76
     1
 98
        1
 10
0.0
 20
0.0
450
        0
451
        0
460
0.0
461
0.0
452
        0
462
0.0
453
        0
470

  0
SPLINE
  5
A1
330
94
100
AcDbEntity
  8
Capa 1
100
AcDbSpline
210
0.0
220
0.0
230
1.0
 70
     9
 71
     3
 72
    26
 73
    22
 74
     0
 42
0.0000000001
 43
0.0000000001
 40
0.0
 40
0.0
 40
0.0
 40
0.0
 40
1.0
 40
1.0
 40
1.0
 40
2.0
 40
2.0
 40
2.0
 40
3.0
 40
3.0
 40
3.0
 40
4.0
 40
4.0
 40
4.0
 40
5.0
 40
5.0
 40
5.0
 40
6.0
 40
6.0
 40
6.0
 40
7.0
 40
7.0
 40
7.0
 40
7.0
 10
-119.5115342787439
 20
-293.4387150815037
 30
0.0
 10
-118.7867518053326
 20
-294.0220423906094
 30
0.0
 10
-116.4222134031124
 20
-297.8425785498603
 30
0.0
 10
-115.8428192016717
 20
-298.9223561174786
 30
0.0
 10
-109.5103040029362
 20
-310.7238340080166
 30
0.0
 10
-109.2595169234546
 20
-324.4475649309006
 30
0.0
 10
-115.9042760141874
 20
-336.1690568077956
 30
0.0
 10
-117.4948714258844
 20
-338.9748998704326
 30
0.0
 10
-124.7471361728303
 20
-349.9925210024648
 30
0.0
 10
-127.8497726088644
 20
-343.1585720560415
 30
0.0
 10
-129.2964185439423
 20
-339.972151517346
 30
0.0
 10
-124.5403553248097
 20
-336.4387295883116
 30
0.0
 10
-122.8575821257145
 20
-333.639649168008
 30
0.0
 10
-117.8188722731465
 20
-325.2583925022136
 30
0.0
 10
-117.1741951143131
 20
-314.3002110551915
 30
0.0
 10
-120.9218705325665
 20
-305.2654737875692
 30
0.0
 10
-122.1079527964402
 20
-302.4061168700264
 30
0.0
 10
-125.7161085091002
 20
-298.42370409264
 30
0.0
 10
-125.6880449886257
 20
-296.1137331481605
 30
0.0
 10
-125.6448715954548
 20
-292.5600348911521
 30
0.0
 10
-121.9520257060549
 20
-291.4745322412546
 30
0.0
 10
-119.5115342787439
 20
-293.4387150815037
 30
0.0
  0
HATCH
  5
A2
330
94
100
AcDbEntity
  8
Capa 1
 62
   125
420
  4107652
440
 33554687
100
AcDbHatch
 10
0.0
 20
0.0
 30
0.0
210
0.0
220
0.0
230
1.0
  2
SOLID
 70
     1
 71
     1
 91
        1
 92
        1
 93
        1
 72
     4
 94
        3
 73
     0
 74
     0
 95
       26
 96
       22
 40
0.0
 40
0.0
 40
0.0
 40
0.0
 40
1.0
 40
1.0
 40
1.0
 40
2.0
 40
2.0
 40
2.0
 40
3.0
 40
3.0
 40
3.0
 40
4.0
 40
4.0
 40
4.0
 40
5.0
 40
5.0
 40
5.0
 40
6.0
 40
6.0
 40
6.0
 40
7.0
 40
7.0
 40
7.0
 40
7.0
 10
-119.5115342787439
 20
-293.4387150815037
 10
-118.7867518053326
 20
-294.0220423906094
 10
-116.4222134031124
 20
-297.8425785498603
 10
-115.8428192016717
 20
-298.9223561174786
 10
-109.5103040029362
 20
-310.7238340080166
 10
-109.2595169234546
 20
-324.4475649309006
 10
-115.9042760141874
 20
-336.1690568077956
 10
-117.4948714258844
 20
-338.9748998704326
 10
-124.7471361728303
 20
-349.9925210024648
 10
-127.8497726088644
 20
-343.1585720560415
 10
-129.2964185439423
 20
-339.972151517346
 10
-124.5403553248097
 20
-336.4387295883116
 10
-122.8575821257145
 20
-333.639649168008
 10
-117.8188722731465
 20
-325.2583925022136
 10
-117.1741951143131
 20
-314.3002110551915
 10
-120.9218705325665
 20
-305.2654737875692
 10
-122.1079527964402
 20
-302.4061168700264
 10
-125.7161085091002
 20
-298.42370409264
 10
-125.6880449886257
 20
-296.1137331481605
 10
-125.6448715954548
 20
-292.5600348911521
 10
-121.9520257060549
 20
-291.4745322412546
 10
-119.5115342787439
 20
-293.4387150815037
 97
        0
 97
        1
330
A1
 75
     2
 76
     1
 98
        1
 10
0.0
 20
0.0
450
        0
451
        0
460
0.0
461
0.0
452
        0
462
0.0
453
        0
470

  0
SPLINE
  5
A3
330
94
100
AcDbEntity
  8
Capa 1
100
AcDbSpline
210
0.0
220
0.0
230
1.0
 70
     9
 71
     3
 72
    11
 73
     7
 74
     0
 42
0.0000000001
 43
0.0000000001
 40
0.0
 40
0.0
 40
0.0
 40
0.0
 40
1.0
 40
1.0
 40
1.0
 40
2.0
 40
2.0
 40
2.0
 40
2.0
 10
-161.4574640974624
 20
-323.9974617386342
 30
0.0
 10
-169.6747021771852
 20
-315.697688388469
 30
0.0
 10
-156.7782396759257
 20
-304.006316481069
 30
0.0
 10
-149.3157887095376
 20
-312.1718241809094
 30
0.0
 10
-141.8564760683266
 20
-320.3338978858756
 30
0.0
 10
-154.2049844351977
 20
-331.3227864814999
 30
0.0
 10
-161.4574640974624
 20
-323.9974617386342
 30
0.0
  0
HATCH
  5
A4
330
94
100
AcDbEntity
  8
Capa 1
 62
   125
420
  4107652
440
 33554687
100
AcDbHatch
 10
0.0
 20
0.0
 30
0.0
210
0.0
220
0.0
230
1.0
  2
SOLID
 70
     1
 71
     1
 91
        1
 92
        1
 93
        1
 72
     4
 94
        3
 73
     0
 74
     0
 95
       11
 96
        7
 40
0.0
 40
0.0
 40
0.0
 40
0.0
 40
1.0
 40
1.0
 40
1.0
 40
2.0
 40
2.0
 40
2.0
 40
2.0
 10
-161.4574640974624
 20
-323.9974617386342
 10
-169.6747021771852
 20
-315.697688388469
 10
-156.7782396759257
 20
-304.006316481069
 10
-149.3157887095376
 20
-312.1718241809094
 10
-141.8564760683266
 20
-320.3338978858756
 10
-154.2049844351977
 20
-331.3227864814999
 10
-161.4574640974624
 20
-323.9974617386342
 97
        0
 97
        1
330
A3
 75
     2
 76
     1
 98
        1
 10
0.0
 20
0.0
450
        0
451
        0
460
0.0
461
0.0
452
        0
462
0.0
453
        0
470

  0
ENDBLK
  5
97
330
94
100
AcDbEntity
  8
0
100
AcDbBlockEnd
  0
BLOCK
  5
AA
330
A8
100
AcDbEntity
  8
0
100
AcDbBlockBegin
  2
Block_5
 70
     0
 10
0.0
 20
0.0
 30
0.0
  3
Block_5
  1

  0
INSERT
  5
AD
330
A8
100
AcDbEntity
  8
Capa 1
100
AcDbBlockReference
  2
Block_6
 10
0.0
 20
0.0
 30
0.0
  0
INSERT
  5
BC
330
A8
100
AcDbEntity
  8
Capa 1
100
AcDbBlockReference
  2
Block_8
 10
0.0
 20
0.0
 30
0.0
  0
ENDBLK
  5
AB
330
A8
100
AcDbEntity
  8
0
100
AcDbBlockEnd
  0
BLOCK
  5
AE
330
AC
100
AcDbEntity
  8
0
100
AcDbBlockBegin
  2
Block_6
 70
     0
 10
0.0
 20
0.0
 30
0.0
  3
Block_6
  1

  0
MTEXT
  5
B0
330
AC
100
AcDbEntity
  8
Capa 1
100
AcDbMText
 10
1052.848754882812
 20
-276.63427734375
 30
0.0
 40
0.2
 41
0.0
 46
0.0
 71
     7
 72
     1
  1
\C125;\c8760636;\FCalibri|b0|i0|c1;\H29.394078;\W1.107380;OFF-GRID. ON TRACK
 73
     1
 44
1.0
  0
INSERT
  5
B2
330
AC
100
AcDbEntity
  8
Capa 1
100
AcDbBlockReference
  2
Block_7
 10
0.0
 20
0.0
 30
0.0
  0
ENDBLK
  5
AF
330
AC
100
AcDbEntity
  8
0
100
AcDbBlockEnd
  0
BLOCK
  5
B3
330
B1
100
AcDbEntity
  8
0
100
AcDbBlockBegin
  2
Block_7
 70
     0
 10
0.0
 20
0.0
 30
0.0
  3
Block_7
  1

  0
SPLINE
  5
B5
330
B1
100
AcDbEntity
  8
Capa 1
100
AcDbSpline
210
0.0
220
0.0
230
1.0
 70
     9
 71
     3
 72
    32
 73
    28
 74
     0
 42
0.0000000001
 43
0.0000000001
 40
0.0
 40
0.0
 40
0.0
 40
0.0
 40
1.0
 40
1.0
 40
1.0
 40
2.0
 40
2.0
 40
2.0
 40
3.0
 40
3.0
 40
3.0
 40
4.0
 40
4.0
 40
4.0
 40
5.0
 40
5.0
 40
5.0
 40
6.0
 40
6.0
 40
6.0
 40
7.0
 40
7.0
 40
7.0
 40
8.0
 40
8.0
 40
8.0
 40
9.0
 40
9.0
 40
9.0
 40
9.0
 10
1373.75605055308
 20
-105.3745633264261
 30
0.0
 10
1378.960979189509
 20
-104.4818931720438
 30
0.0
 10
1383.45929423638
 20
-105.7393024128177
 30
0.0
 10
1387.50490085688
 20
-109.0204355216374
 30
0.0
 10
1387.50490085688
 20
-109.0204355216374
 30
0.0
 10
1441.686966490739
 20
-203.9907644716913
 30
0.0
 10
1441.686966490739
 20
-203.9907644716913
 30
0.0
 10
1444.121163819611
 20
-211.906483941073
 30
0.0
 10
1433.841766735841
 20
-216.9327705118976
 30
0.0
 10
1428.62354971815
 20
-210.0985282585043
 30
0.0
 10
1428.62354971815
 20
-210.0985282585043
 30
0.0
 10
1379.50346767695
 20
-122.7094723689588
 30
0.0
 10
1379.50346767695
 20
-122.7094723689588
 30
0.0
 10
1376.074779387491
 20
-117.8778246418505
 30
0.0
 10
1375.23901568403
 20
-121.6961589117236
 30
0.0
 10
1373.179971288369
 20
-125.0220720293582
 30
0.0
 10
1356.093986740739
 20
-152.6205542447824
 30
0.0
 10
1341.806208998671
 20
-182.9144689518107
 30
0.0
 10
1324.920816700771
 20
-210.7438308781293
 30
0.0
 10
1318.752837012829
 20
-216.9745061469021
 30
0.0
 10
1309.18966959946
 20
-211.2552238274166
 30
0.0
 10
1312.682350231109
 20
-202.9287953836319
 30
0.0
 10
1329.76916085288
 20
-174.472296265274
 30
0.0
 10
1344.628805156859
 20
-144.5609956863445
 30
0.0
 10
1361.805194132339
 20
-116.1752256764666
 30
0.0
 10
1364.84221456227
 20
-111.1562334096706
 30
0.0
 10
1367.2450288297
 20
-106.4912346917772
 30
0.0
 10
1373.75605055308
 20
-105.3745633264261
 30
0.0
  0
HATCH
  5
B6
330
B1
100
AcDbEntity
  8
Capa 1
 62
     7
420
 15921653
440
 33554687
100
AcDbHatch
 10
0.0
 20
0.0
 30
0.0
210
0.0
220
0.0
230
1.0
  2
SOLID
 70
     1
 71
     1
 91
        1
 92
        1
 93
        1
 72
     4
 94
        3
 73
     0
 74
     0
 95
       32
 96
       28
 40
0.0
 40
0.0
 40
0.0
 40
0.0
 40
1.0
 40
1.0
 40
1.0
 40
2.0
 40
2.0
 40
2.0
 40
3.0
 40
3.0
 40
3.0
 40
4.0
 40
4.0
 40
4.0
 40
5.0
 40
5.0
 40
5.0
 40
6.0
 40
6.0
 40
6.0
 40
7.0
 40
7.0
 40
7.0
 40
8.0
 40
8.0
 40
8.0
 40
9.0
 40
9.0
 40
9.0
 40
9.0
 10
1373.75605055308
 20
-105.3745633264261
 10
1378.960979189509
 20
-104.4818931720438
 10
1383.45929423638
 20
-105.7393024128177
 10
1387.50490085688
 20
-109.0204355216374
 10
1387.50490085688
 20
-109.0204355216374
 10
1441.686966490739
 20
-203.9907644716913
 10
1441.686966490739
 20
-203.9907644716913
 10
1444.121163819611
 20
-211.906483941073
 10
1433.841766735841
 20
-216.9327705118976
 10
1428.62354971815
 20
-210.0985282585043
 10
1428.62354971815
 20
-210.0985282585043
 10
1379.50346767695
 20
-122.7094723689588
 10
1379.50346767695
 20
-122.7094723689588
 10
1376.074779387491
 20
-117.8778246418505
 10
1375.23901568403
 20
-121.6961589117236
 10
1373.179971288369
 20
-125.0220720293582
 10
1356.093986740739
 20
-152.6205542447824
 10
1341.806208998671
 20
-182.9144689518107
 10
1324.920816700771
 20
-210.7438308781293
 10
1318.752837012829
 20
-216.9745061469021
 10
1309.18966959946
 20
-211.2552238274166
 10
1312.682350231109
 20
-202.9287953836319
 10
1329.76916085288
 20
-174.472296265274
 10
1344.628805156859
 20
-144.5609956863445
 10
1361.805194132339
 20
-116.1752256764666
 10
1364.84221456227
 20
-111.1562334096706
 10
1367.2450288297
 20
-106.4912346917772
 10
1373.75605055308
 20
-105.3745633264261
 97
        0
 97
        1
330
B5
 75
     2
 76
     1
 98
        1
 10
0.0
 20
0.0
450
        0
451
        0
460
0.0
461
0.0
452
        0
462
0.0
453
        0
470

  0
SPLINE
  5
B7
330
B1
100
AcDbEntity
  8
Capa 1
100
AcDbSpline
210
0.0
220
0.0
230
1.0
 70
     9
 71
     3
 72
    32
 73
    28
 74
     0
 42
0.0000000001
 43
0.0000000001
 40
0.0
 40
0.0
 40
0.0
 40
0.0
 40
1.0
 40
1.0
 40
1.0
 40
2.0
 40
2.0
 40
2.0
 40
3.0
 40
3.0
 40
3.0
 40
4.0
 40
4.0
 40
4.0
 40
5.0
 40
5.0
 40
5.0
 40
6.0
 40
6.0
 40
6.0
 40
7.0
 40
7.0
 40
7.0
 40
8.0
 40
8.0
 40
8.0
 40
9.0
 40
9.0
 40
9.0
 40
9.0
 10
1058.3754799756
 20
-105.3598214439953
 30
0.0
 10
1062.85447814612
 20
-104.3264108615294
 30
0.0
 10
1066.75572615413
 20
-106.2298732194031
 30
0.0
 10
1068.004564870491
 20
-110.632068073246
 30
0.0
 10
1068.004564870491
 20
-110.632068073246
 30
0.0
 10
1068.01490249328
 20
-190.251902715423
 30
0.0
 10
1068.01490249328
 20
-190.251902715423
 30
0.0
 10
1068.37074126812
 20
-194.2706477154133
 30
0.0
 10
1069.80277080212
 20
-197.0222725962667
 30
0.0
 10
1073.709572883419
 20
-198.4609131888755
 30
0.0
 10
1073.709572883419
 20
-198.4609131888755
 30
0.0
 10
1169.43822484315
 20
-198.7940563076035
 30
0.0
 10
1169.43822484315
 20
-198.7940563076035
 30
0.0
 10
1177.58227864286
 20
-201.3799807763753
 30
0.0
 10
1177.214766438159
 20
-212.6335809416832
 30
0.0
 10
1168.24246506708
 20
-213.3258237109822
 30
0.0
 10
1137.636984090419
 20
-211.4619609164638
 30
0.0
 10
1104.30422235757
 20
-215.6964960575951
 30
0.0
 10
1074.021755969021
 20
-213.3163819544634
 30
0.0
 10
1061.87629473551
 20
-212.3617838976224
 30
0.0
 10
1054.412525659151
 20
-204.0743202373051
 30
0.0
 10
1053.48241631844
 20
-192.1446790142727
 30
0.0
 10
1051.47008257928
 20
-166.3343592180463
 30
0.0
 10
1055.033076609319
 20
-137.944523818518
 30
0.0
 10
1053.505574175749
 20
-111.860628241342
 30
0.0
 10
1053.50335410614
 20
-109.242164127194
 30
0.0
 10
1055.79296089526
 20
-105.9556695433775
 30
0.0
 10
1058.3754799756
 20
-105.3598214439953
 30
0.0
  0
HATCH
  5
B8
330
B1
100
AcDbEntity
  8
Capa 1
 62
     7
420
 15921653
440
 33554687
100
AcDbHatch
 10
0.0
 20
0.0
 30
0.0
210
0.0
220
0.0
230
1.0
  2
SOLID
 70
     1
 71
     1
 91
        1
 92
        1
 93
        1
 72
     4
 94
        3
 73
     0
 74
     0
 95
       32
 96
       28
 40
0.0
 40
0.0
 40
0.0
 40
0.0
 40
1.0
 40
1.0
 40
1.0
 40
2.0
 40
2.0
 40
2.0
 40
3.0
 40
3.0
 40
3.0
 40
4.0
 40
4.0
 40
4.0
 40
5.0
 40
5.0
 40
5.0
 40
6.0
 40
6.0
 40
6.0
 40
7.0
 40
7.0
 40
7.0
 40
8.0
 40
8.0
 40
8.0
 40
9.0
 40
9.0
 40
9.0
 40
9.0
 10
1058.3754799756
 20
-105.3598214439953
 10
1062.85447814612
 20
-104.3264108615294
 10
1066.75572615413
 20
-106.2298732194031
 10
1068.004564870491
 20
-110.632068073246
 10
1068.004564870491
 20
-110.632068073246
 10
1068.01490249328
 20
-190.251902715423
 10
1068.01490249328
 20
-190.251902715423
 10
1068.37074126812
 20
-194.2706477154133
 10
1069.80277080212
 20
-197.0222725962667
 10
1073.709572883419
 20
-198.4609131888755
 10
1073.709572883419
 20
-198.4609131888755
 10
1169.43822484315
 20
-198.7940563076035
 10
1169.43822484315
 20
-198.7940563076035
 10
1177.58227864286
 20
-201.3799807763753
 10
1177.214766438159
 20
-212.6335809416832
 10
1168.24246506708
 20
-213.3258237109822
 10
1137.636984090419
 20
-211.4619609164638
 10
1104.30422235757
 20
-215.6964960575951
 10
1074.021755969021
 20
-213.3163819544634
 10
1061.87629473551
 20
-212.3617838976224
 10
1054.412525659151
 20
-204.0743202373051
 10
1053.48241631844
 20
-192.1446790142727
 10
1051.47008257928
 20
-166.3343592180463
 10
1055.033076609319
 20
-137.944523818518
 10
1053.505574175749
 20
-111.860628241342
 10
1053.50335410614
 20
-109.242164127194
 10
1055.79296089526
 20
-105.9556695433775
 10
1058.3754799756
 20
-105.3598214439953
 97
        0
 97
        1
330
B7
 75
     2
 76
     1
 98
        1
 10
0.0
 20
0.0
450
        0
451
        0
460
0.0
461
0.0
452
        0
462
0.0
453
        0
470

  0
SPLINE
  5
B9
330
B1
100
AcDbEntity
  8
Capa 1
100
AcDbSpline
210
0.0
220
0.0
230
1.0
 70
     9
 71
     3
 72
    23
 73
    19
 74
     0
 42
0.0000000001
 43
0.0000000001
 40
0.0
 40
0.0
 40
0.0
 40
0.0
 40
1.0
 40
1.0
 40
1.0
 40
2.0
 40
2.0
 40
2.0
 40
3.0
 40
3.0
 40
3.0
 40
4.0
 40
4.0
 40
4.0
 40
5.0
 40
5.0
 40
5.0
 40
6.0
 40
6.0
 40
6.0
 40
6.0
 10
1231.94371394524
 20
-211.1781152120256
 30
0.0
 10
1229.10692283187
 20
-208.1778217365518
 30
0.0
 10
1230.510276464271
 20
-203.2454039445656
 30
0.0
 10
1230.49376367623
 20
-199.7349271520979
 30
0.0
 10
1230.36885881226
 20
-173.1812267632667
 30
0.0
 10
1230.270594047209
 20
-146.600122883472
 30
0.0
 10
1230.4950047116
 20
-120.0475649398031
 30
0.0
 10
1230.53595977292
 20
-115.2017094996081
 30
0.0
 10
1228.47779639349
 20
-107.2087332412848
 30
0.0
 10
1234.864359992271
 20
-105.5246962975689
 30
0.0
 10
1239.8869330547
 20
-104.2003223273059
 30
0.0
 10
1243.774022076399
 20
-106.6535069687634
 30
0.0
 10
1244.363928504659
 20
-111.8606282303408
 30
0.0
 10
1244.363928504659
 20
-111.8606282303408
 30
0.0
 10
1244.364065568499
 20
-206.6573245850286
 30
0.0
 10
1244.364065568499
 20
-206.6573245850286
 30
0.0
 10
1244.15238053671
 20
-212.8261383747649
 30
0.0
 10
1236.09403684955
 20
-215.5676476919598
 30
0.0
 10
1231.94371394524
 20
-211.1781152120256
 30
0.0
  0
HATCH
  5
BA
330
B1
100
AcDbEntity
  8
Capa 1
 62
     7
420
 15921653
440
 33554687
100
AcDbHatch
 10
0.0
 20
0.0
 30
0.0
210
0.0
220
0.0
230
1.0
  2
SOLID
 70
     1
 71
     1
 91
        1
 92
        1
 93
        1
 72
     4
 94
        3
 73
     0
 74
     0
 95
       23
 96
       19
 40
0.0
 40
0.0
 40
0.0
 40
0.0
 40
1.0
 40
1.0
 40
1.0
 40
2.0
 40
2.0
 40
2.0
 40
3.0
 40
3.0
 40
3.0
 40
4.0
 40
4.0
 40
4.0
 40
5.0
 40
5.0
 40
5.0
 40
6.0
 40
6.0
 40
6.0
 40
6.0
 10
1231.94371394524
 20
-211.1781152120256
 10
1229.10692283187
 20
-208.1778217365518
 10
1230.510276464271
 20
-203.2454039445656
 10
1230.49376367623
 20
-199.7349271520979
 10
1230.36885881226
 20
-173.1812267632667
 10
1230.270594047209
 20
-146.600122883472
 10
1230.4950047116
 20
-120.0475649398031
 10
1230.53595977292
 20
-115.2017094996081
 10
1228.47779639349
 20
-107.2087332412848
 10
1234.864359992271
 20
-105.5246962975689
 10
1239.8869330547
 20
-104.2003223273059
 10
1243.774022076399
 20
-106.6535069687634
 10
1244.363928504659
 20
-111.8606282303408
 10
1244.363928504659
 20
-111.8606282303408
 10
1244.364065568499
 20
-206.6573245850286
 10
1244.364065568499
 20
-206.6573245850286
 10
1244.15238053671
 20
-212.8261383747649
 10
1236.09403684955
 20
-215.5676476919598
 10
1231.94371394524
 20
-211.1781152120256
 97
        0
 97
        1
330
B9
 75
     2
 76
     1
 98
        1
 10
0.0
 20
0.0
450
        0
451
        0
460
0.0
461
0.0
452
        0
462
0.0
453
        0
470

  0
ENDBLK
  5
B4
330
B1
100
AcDbEntity
  8
0
100
AcDbBlockEnd
  0
BLOCK
  5
BD
330
BB
100
AcDbEntity
  8
0
100
AcDbBlockBegin
  2
Block_8
 70
     0
 10
0.0
 20
0.0
 30
0.0
  3
Block_8
  1

  0
SPLINE
  5
BF
330
BB
100
AcDbEntity
  8
Capa 1
100
AcDbSpline
210
0.0
220
0.0
230
1.0
 70
     9
 71
     3
 72
    89
 73
    85
 74
     0
 42
0.0000000001
 43
0.0000000001
 40
0.0
 40
0.0
 40
0.0
 40
0.0
 40
1.0
 40
1.0
 40
1.0
 40
2.0
 40
2.0
 40
2.0
 40
3.0
 40
3.0
 40
3.0
 40
4.0
 40
4.0
 40
4.0
 40
5.0
 40
5.0
 40
5.0
 40
6.0
 40
6.0
 40
6.0
 40
7.0
 40
7.0
 40
7.0
 40
8.0
 40
8.0
 40
8.0
 40
9.0
 40
9.0
 40
9.0
 40
10.0
 40
10.0
 40
10.0
 40
11.0
 40
11.0
 40
11.0
 40
12.0
 40
12.0
 40
12.0
 40
13.0
 40
13.0
 40
13.0
 40
14.0
 40
14.0
 40
14.0
 40
15.0
 40
15.0
 40
15.0
 40
16.0
 40
16.0
 40
16.0
 40
17.0
 40
17.0
 40
17.0
 40
18.0
 40
18.0
 40
18.0
 40
19.0
 40
19.0
 40
19.0
 40
20.0
 40
20.0
 40
20.0
 40
21.0
 40
21.0
 40
21.0
 40
22.0
 40
22.0
 40
22.0
 40
23.0
 40
23.0
 40
23.0
 40
24.0
 40
24.0
 40
24.0
 40
25.0
 40
25.0
 40
25.0
 40
26.0
 40
26.0
 40
26.0
 40
27.0
 40
27.0
 40
27.0
 40
28.0
 40
28.0
 40
28.0
 40
28.0
 10
790.0591304083027
 20
-36.84465229942543
 30
0.0
 10
823.288220373557
 20
-35.71151495511003
 30
0.0
 10
884.241519660256
 20
-52.6592579853932
 30
0.0
 10
898.8005901740653
 20
-85.72762117813182
 30
0.0
 10
901.9559890167183
 20
-92.8945536308438
 30
0.0
 10
902.2093086679669
 20
-99.34339446485502
 30
0.0
 10
908.671703571883
 20
-104.9278404950928
 30
0.0
 10
921.3516307009522
 20
-115.8851357041421
 30
0.0
 10
963.0109182825654
 20
-119.6036014768342
 30
0.0
 10
980.899263118412
 20
-125.6021485370893
 30
0.0
 10
987.9202894030678
 20
-127.9565282723997
 30
0.0
 10
995.598212137942
 20
-131.9933173021036
 30
0.0
 10
995.5126076899324
 20
-140.5526198929292
 30
0.0
 10
995.4587242413472
 20
-145.940245790638
 30
0.0
 10
992.1232299379081
 20
-157.1657943756818
 30
0.0
 10
990.7298816758556
 20
-162.9416166660758
 30
0.0
 10
978.2021786937512
 20
-214.8724857114812
 30
0.0
 10
958.5162392098354
 20
-235.6946916094257
 30
0.0
 10
903.6239861382965
 20
-240.1519495163866
 30
0.0
 10
877.1618609458309
 20
-242.3006774360711
 30
0.0
 10
843.2887697462501
 20
-234.9305780162631
 30
0.0
 10
833.628659246373
 20
-266.8504031757893
 30
0.0
 10
831.7176677427923
 20
-273.1648769777621
 30
0.0
 10
832.0579193214834
 20
-285.3563729730977
 30
0.0
 10
822.4001169048678
 20
-282.8329877873202
 30
0.0
 10
814.7300454935539
 20
-280.8289558411034
 30
0.0
 10
818.1019222684881
 20
-270.2589057475361
 30
0.0
 10
819.5793069416577
 20
-264.8087752238189
 30
0.0
 10
831.1785973282894
 20
-222.0185339699874
 30
0.0
 10
866.9247500303681
 20
-229.4659770367307
 30
0.0
 10
901.7289574340429
 20
-226.2491964299425
 30
0.0
 10
944.460437100748
 20
-222.299737288502
 30
0.0
 10
965.4913747854406
 20
-208.4056974488249
 30
0.0
 10
975.0531690904573
 20
-165.5924834009866
 30
0.0
 10
977.0307911914388
 20
-156.7376225229745
 30
0.0
 10
979.9922947911763
 20
-146.3966249131663
 30
0.0
 10
971.8677074489097
 20
-139.6895881569489
 30
0.0
 10
964.3459069508098
 20
-133.4801660302091
 30
0.0
 10
927.2517636071388
 20
-128.3477649294291
 30
0.0
 10
914.8252904306536
 20
-124.0536733883018
 30
0.0
 10
905.7151579589735
 20
-120.905576399753
 30
0.0
 10
897.3118190391396
 20
-115.8444212616323
 30
0.0
 10
892.3057045524073
 20
-107.3901586509782
 30
0.0
 10
889.0440659759589
 20
-101.8819448177955
 30
0.0
 10
887.8477594147552
 20
-95.46948364461968
 30
0.0
 10
885.0978370698467
 20
-89.95059187535844
 30
0.0
 10
874.0989540165392
 20
-67.87664303590282
 30
0.0
 10
826.9125209293234
 20
-52.6644104759871
 30
0.0
 10
803.7705551127292
 20
-51.20063001053859
 30
0.0
 10
748.7604164224831
 20
-47.72111720447355
 30
0.0
 10
701.8573038981012
 20
-80.97424119340393
 30
0.0
 10
673.641096844256
 20
-125.8224055876562
 30
0.0
 10
667.9777860382764
 20
-134.8239377056197
 30
0.0
 10
659.5359365017648
 20
-147.8878008515767
 30
0.0
 10
662.2068788956203
 20
-158.6364737148324
 30
0.0
 10
667.6093512636944
 20
-180.3776420271242
 30
0.0
 10
716.8885231755758
 20
-227.1533435879883
 30
0.0
 10
739.3256694685515
 20
-228.7815552194897
 30
0.0
 10
748.198252592836
 20
-229.425417984201
 30
0.0
 10
755.8414166895254
 20
-221.1408964714374
 30
0.0
 10
760.1191799324624
 20
-214.1964451572621
 30
0.0
 10
782.1661690574856
 20
-178.4057213822534
 30
0.0
 10
761.6283224683812
 20
-130.8483338818805
 30
0.0
 10
770.889261455035
 20
-92.24957298642767
 30
0.0
 10
773.4563871561877
 20
-81.55002391585368
 30
0.0
 10
783.0424765923271
 20
-82.21353268849634
 30
0.0
 10
783.8921679874183
 20
-92.56137552794825
 30
0.0
 10
784.3425071712845
 20
-98.04576565600109
 30
0.0
 10
782.7274596625612
 20
-105.2455544093054
 30
0.0
 10
782.5749566276936
 20
-110.8871085864411
 30
0.0
 10
781.5962075447459
 20
-147.0940337931843
 30
0.0
 10
791.9973742740548
 20
-187.9722461828587
 30
0.0
 10
772.3703922461936
 20
-220.7597880267949
 30
0.0
 10
752.1786316947837
 20
-254.490811626978
 30
0.0
 10
726.1750155131885
 20
-243.906722097794
 30
0.0
 10
699.8833901075959
 20
-224.6061993336462
 30
0.0
 10
681.3118053990983
 20
-210.9729116268918
 30
0.0
 10
647.5610130497825
 20
-178.2315739847708
 30
0.0
 10
647.3380641766961
 20
-153.8611031020145
 30
0.0
 10
647.2121115137706
 20
-140.0932573088357
 30
0.0
 10
660.6221433233204
 20
-119.2484545024581
 30
0.0
 10
668.6008168615826
 20
-108.142415728993
 30
0.0
 10
696.6226053099417
 20
-69.13705130132439
 30
0.0
 10
740.6545961956362
 20
-38.52938464549152
 30
0.0
 10
790.0591304083027
 20
-36.84465229942543
 30
0.0
  0
HATCH
  5
C0
330
BB
100
AcDbEntity
  8
Capa 1
 62
     7
420
 15921653
440
 33554687
100
AcDbHatch
 10
0.0
 20
0.0
 30
0.0
210
0.0
220
0.0
230
1.0
  2
SOLID
 70
     1
 71
     1
 91
        1
 92
        1
 93
        1
 72
     4
 94
        3
 73
     0
 74
     0
 95
       89
 96
       85
 40
0.0
 40
0.0
 40
0.0
 40
0.0
 40
1.0
 40
1.0
 40
1.0
 40
2.0
 40
2.0
 40
2.0
 40
3.0
 40
3.0
 40
3.0
 40
4.0
 40
4.0
 40
4.0
 40
5.0
 40
5.0
 40
5.0
 40
6.0
 40
6.0
 40
6.0
 40
7.0
 40
7.0
 40
7.0
 40
8.0
 40
8.0
 40
8.0
 40
9.0
 40
9.0
 40
9.0
 40
10.0
 40
10.0
 40
10.0
 40
11.0
 40
11.0
 40
11.0
 40
12.0
 40
12.0
 40
12.0
 40
13.0
 40
13.0
 40
13.0
 40
14.0
 40
14.0
 40
14.0
 40
15.0
 40
15.0
 40
15.0
 40
16.0
 40
16.0
 40
16.0
 40
17.0
 40
17.0
 40
17.0
 40
18.0
 40
18.0
 40
18.0
 40
19.0
 40
19.0
 40
19.0
 40
20.0
 40
20.0
 40
20.0
 40
21.0
 40
21.0
 40
21.0
 40
22.0
 40
22.0
 40
22.0
 40
23.0
 40
23.0
 40
23.0
 40
24.0
 40
24.0
 40
24.0
 40
25.0
 40
25.0
 40
25.0
 40
26.0
 40
26.0
 40
26.0
 40
27.0
 40
27.0
 40
27.0
 40
28.0
 40
28.0
 40
28.0
 40
28.0
 10
790.0591304083027
 20
-36.84465229942543
 10
823.288220373557
 20
-35.71151495511003
 10
884.241519660256
 20
-52.6592579853932
 10
898.8005901740653
 20
-85.72762117813182
 10
901.9559890167183
 20
-92.8945536308438
 10
902.2093086679669
 20
-99.34339446485502
 10
908.671703571883
 20
-104.9278404950928
 10
921.3516307009522
 20
-115.8851357041421
 10
963.0109182825654
 20
-119.6036014768342
 10
980.899263118412
 20
-125.6021485370893
 10
987.9202894030678
 20
-127.9565282723997
 10
995.598212137942
 20
-131.9933173021036
 10
995.5126076899324
 20
-140.5526198929292
 10
995.4587242413472
 20
-145.940245790638
 10
992.1232299379081
 20
-157.1657943756818
 10
990.7298816758556
 20
-162.9416166660758
 10
978.2021786937512
 20
-214.8724857114812
 10
958.5162392098354
 20
-235.6946916094257
 10
903.6239861382965
 20
-240.1519495163866
 10
877.1618609458309
 20
-242.3006774360711
 10
843.2887697462501
 20
-234.9305780162631
 10
833.628659246373
 20
-266.8504031757893
 10
831.7176677427923
 20
-273.1648769777621
 10
832.0579193214834
 20
-285.3563729730977
 10
822.4001169048678
 20
-282.8329877873202
 10
814.7300454935539
 20
-280.8289558411034
 10
818.1019222684881
 20
-270.2589057475361
 10
819.5793069416577
 20
-264.8087752238189
 10
831.1785973282894
 20
-222.0185339699874
 10
866.9247500303681
 20
-229.4659770367307
 10
901.7289574340429
 20
-226.2491964299425
 10
944.460437100748
 20
-222.299737288502
 10
965.4913747854406
 20
-208.4056974488249
 10
975.0531690904573
 20
-165.5924834009866
 10
977.0307911914388
 20
-156.7376225229745
 10
979.9922947911763
 20
-146.3966249131663
 10
971.8677074489097
 20
-139.6895881569489
 10
964.3459069508098
 20
-133.4801660302091
 10
927.2517636071388
 20
-128.3477649294291
 10
914.8252904306536
 20
-124.0536733883018
 10
905.7151579589735
 20
-120.905576399753
 10
897.3118190391396
 20
-115.8444212616323
 10
892.3057045524073
 20
-107.3901586509782
 10
889.0440659759589
 20
-101.8819448177955
 10
887.8477594147552
 20
-95.46948364461968
 10
885.0978370698467
 20
-89.95059187535844
 10
874.0989540165392
 20
-67.87664303590282
 10
826.9125209293234
 20
-52.6644104759871
 10
803.7705551127292
 20
-51.20063001053859
 10
748.7604164224831
 20
-47.72111720447355
 10
701.8573038981012
 20
-80.97424119340393
 10
673.641096844256
 20
-125.8224055876562
 10
667.9777860382764
 20
-134.8239377056197
 10
659.5359365017648
 20
-147.8878008515767
 10
662.2068788956203
 20
-158.6364737148324
 10
667.6093512636944
 20
-180.3776420271242
 10
716.8885231755758
 20
-227.1533435879883
 10
739.3256694685515
 20
-228.7815552194897
 10
748.198252592836
 20
-229.425417984201
 10
755.8414166895254
 20
-221.1408964714374
 10
760.1191799324624
 20
-214.1964451572621
 10
782.1661690574856
 20
-178.4057213822534
 10
761.6283224683812
 20
-130.8483338818805
 10
770.889261455035
 20
-92.24957298642767
 10
773.4563871561877
 20
-81.55002391585368
 10
783.0424765923271
 20
-82.21353268849634
 10
783.8921679874183
 20
-92.56137552794825
 10
784.3425071712845
 20
-98.04576565600109
 10
782.7274596625612
 20
-105.2455544093054
 10
782.5749566276936
 20
-110.8871085864411
 10
781.5962075447459
 20
-147.0940337931843
 10
791.9973742740548
 20
-187.9722461828587
 10
772.3703922461936
 20
-220.7597880267949
 10
752.1786316947837
 20
-254.490811626978
 10
726.1750155131885
 20
-243.906722097794
 10
699.8833901075959
 20
-224.6061993336462
 10
681.3118053990983
 20
-210.9729116268918
 10
647.5610130497825
 20
-178.2315739847708
 10
647.3380641766961
 20
-153.8611031020145
 10
647.2121115137706
 20
-140.0932573088357
 10
660.6221433233204
 20
-119.2484545024581
 10
668.6008168615826
 20
-108.142415728993
 10
696.6226053099417
 20
-69.13705130132439
 10
740.6545961956362
 20
-38.52938464549152
 10
790.0591304083027
 20
-36.84465229942543
 97
        0
 97
        1
330
BF
 75
     2
 76
     1
 98
        1
 10
0.0
 20
0.0
450
        0
451
        0
460
0.0
461
0.0
452
        0
462
0.0
453
        0
470

  0
SPLINE
  5
C1
330
BB
100
AcDbEntity
  8
Capa 1
100
AcDbSpline
210
0.0
220
0.0
230
1.0
 70
     9
 71
     3
 72
    17
 73
    13
 74
     0
 42
0.0000000001
 43
0.0000000001
 40
0.0
 40
0.0
 40
0.0
 40
0.0
 40
1.0
 40
1.0
 40
1.0
 40
2.0
 40
2.0
 40
2.0
 40
3.0
 40
3.0
 40
3.0
 40
4.0
 40
4.0
 40
4.0
 40
4.0
 10
793.8620059001514
 20
-300.9692498361746
 30
0.0
 10
779.7540414028662
 20
-301.6954926467024
 30
0.0
 10
776.5224992332623
 20
-323.6418382972715
 30
0.0
 10
788.1472566104166
 20
-329.0979084396767
 30
0.0
 10
792.1456795557605
 20
-330.9745649014858
 30
0.0
 10
808.1052863154036
 20
-332.2834073027352
 30
0.0
 10
813.2305863053515
 20
-332.4544144870688
 30
0.0
 10
821.7643147605267
 20
-332.7391449180341
 30
0.0
 10
829.273581601843
 20
-331.6311962673444
 30
0.0
 10
831.1181025721598
 20
-321.8505076893253
 30
0.0
 10
835.6732004752739
 20
-297.6968142644637
 30
0.0
 10
808.8186847967516
 20
-303.8169092653716
 30
0.0
 10
793.8620059001514
 20
-300.9692498361746
 30
0.0
  0
SPLINE
  5
C2
330
BB
100
AcDbEntity
  8
Capa 1
100
AcDbSpline
210
0.0
220
0.0
230
1.0
 70
     9
 71
     3
 72
    50
 73
    46
 74
     0
 42
0.0000000001
 43
0.0000000001
 40
0.0
 40
0.0
 40
0.0
 40
0.0
 40
1.0
 40
1.0
 40
1.0
 40
2.0
 40
2.0
 40
2.0
 40
3.0
 40
3.0
 40
3.0
 40
4.0
 40
4.0
 40
4.0
 40
5.0
 40
5.0
 40
5.0
 40
6.0
 40
6.0
 40
6.0
 40
7.0
 40
7.0
 40
7.0
 40
8.0
 40
8.0
 40
8.0
 40
9.0
 40
9.0
 40
9.0
 40
10.0
 40
10.0
 40
10.0
 40
11.0
 40
11.0
 40
11.0
 40
12.0
 40
12.0
 40
12.0
 40
13.0
 40
13.0
 40
13.0
 40
14.0
 40
14.0
 40
14.0
 40
15.0
 40
15.0
 40
15.0
 40
15.0
 10
769.9149237843012
 20
-318.5764053803668
 30
0.0
 10
730.330639835236
 20
-310.7998780376129
 30
0.0
 10
692.2421662792767
 20
-291.1546231849225
 30
0.0
 10
663.1509830448649
 20
-263.2345628777457
 30
0.0
 10
659.3481285737598
 20
-259.5847998097724
 30
0.0
 10
655.8948149492699
 20
-257.5790869488392
 30
0.0
 10
656.1810459644439
 20
-251.8313819897539
 30
0.0
 10
656.4293071647171
 20
-246.8461356107164
 30
0.0
 10
661.4752833906277
 20
-228.1277719350019
 30
0.0
 10
663.3373893909211
 20
-222.9562323946684
 30
0.0
 10
665.9899464685459
 20
-215.5894102010043
 30
0.0
 10
675.3783027076933
 20
-214.9005825595614
 30
0.0
 10
676.9284778831551
 20
-221.6457772843223
 30
0.0
 10
678.2135562489675
 20
-227.237470372429
 30
0.0
 10
672.872853558194
 20
-240.6691232403191
 30
0.0
 10
671.5681830148932
 20
-246.980725364474
 30
0.0
 10
671.3835684976056
 20
-247.8738346520604
 30
0.0
 10
670.8797544264198
 20
-249.3912689255394
 30
0.0
 10
670.8936534166223
 20
-250.1000624478966
 30
0.0
 10
670.9190616194555
 20
-251.3957802892128
 30
0.0
 10
681.2078982691164
 20
-260.0855817191605
 30
0.0
 10
683.0829087666734
 20
-261.6302164761528
 30
0.0
 10
704.7373738380956
 20
-279.4691776110176
 30
0.0
 10
732.6895998347335
 20
-294.4701155879938
 30
0.0
 10
759.8541791183852
 20
-301.7762625182131
 30
0.0
 10
762.1694821408437
 20
-302.3989831535464
 30
0.0
 10
769.8500553075446
 20
-304.6484211552033
 30
0.0
 10
771.5966928345115
 20
-304.59510917845
 30
0.0
 10
772.821866653885
 20
-304.5577136472257
 30
0.0
 10
775.7167605905124
 20
-298.6186612826186
 30
0.0
 10
777.218864646109
 20
-297.0226211691533
 30
0.0
 10
780.9141411461933
 20
-293.0962556803479
 30
0.0
 10
788.3796825805293
 20
-289.6368615652627
 30
0.0
 10
793.7659773983505
 20
-289.4991572916097
 30
0.0
 10
799.6528182986076
 20
-289.348656218479
 30
0.0
 10
822.3747356746571
 20
-291.6638203699313
 30
0.0
 10
827.4662842793331
 20
-293.5707937335556
 30
0.0
 10
850.7016369099002
 20
-302.2732931107039
 30
0.0
 10
846.0483896966943
 20
-341.3233250437315
 30
0.0
 10
821.4660845982143
 20
-343.7979793627692
 30
0.0
 10
814.7106142106713
 20
-344.478039833286
 30
0.0
 10
789.3189263338791
 20
-342.1434409433814
 30
0.0
 10
783.4312057362185
 20
-339.501828758066
 30
0.0
 10
775.371515261304
 20
-335.885730436954
 30
0.0
 10
770.449558532313
 20
-327.199763305538
 30
0.0
 10
769.9149237843012
 20
-318.5764053803668
 30
0.0
  0
HATCH
  5
C3
330
BB
100
AcDbEntity
  8
Capa 1
 62
     7
420
 15921653
440
 33554687
100
AcDbHatch
 10
0.0
 20
0.0
 30
0.0
210
0.0
220
0.0
230
1.0
  2
SOLID
 70
     1
 71
     1
 91
        2
 92
        1
 93
        1
 72
     4
 94
        3
 73
     0
 74
     0
 95
       17
 96
       13
 40
0.0
 40
0.0
 40
0.0
 40
0.0
 40
1.0
 40
1.0
 40
1.0
 40
2.0
 40
2.0
 40
2.0
 40
3.0
 40
3.0
 40
3.0
 40
4.0
 40
4.0
 40
4.0
 40
4.0
 10
793.8620059001514
 20
-300.9692498361746
 10
779.7540414028662
 20
-301.6954926467024
 10
776.5224992332623
 20
-323.6418382972715
 10
788.1472566104166
 20
-329.0979084396767
 10
792.1456795557605
 20
-330.9745649014858
 10
808.1052863154036
 20
-332.2834073027352
 10
813.2305863053515
 20
-332.4544144870688
 10
821.7643147605267
 20
-332.7391449180341
 10
829.273581601843
 20
-331.6311962673444
 10
831.1181025721598
 20
-321.8505076893253
 10
835.6732004752739
 20
-297.6968142644637
 10
808.8186847967516
 20
-303.8169092653716
 10
793.8620059001514
 20
-300.9692498361746
 97
        0
 97
        1
330
C1
 92
        1
 93
        1
 72
     4
 94
        3
 73
     0
 74
     0
 95
       50
 96
       46
 40
0.0
 40
0.0
 40
0.0
 40
0.0
 40
1.0
 40
1.0
 40
1.0
 40
2.0
 40
2.0
 40
2.0
 40
3.0
 40
3.0
 40
3.0
 40
4.0
 40
4.0
 40
4.0
 40
5.0
 40
5.0
 40
5.0
 40
6.0
 40
6.0
 40
6.0
 40
7.0
 40
7.0
 40
7.0
 40
8.0
 40
8.0
 40
8.0
 40
9.0
 40
9.0
 40
9.0
 40
10.0
 40
10.0
 40
10.0
 40
11.0
 40
11.0
 40
11.0
 40
12.0
 40
12.0
 40
12.0
 40
13.0
 40
13.0
 40
13.0
 40
14.0
 40
14.0
 40
14.0
 40
15.0
 40
15.0
 40
15.0
 40
15.0
 10
769.9149237843012
 20
-318.5764053803668
 10
730.330639835236
 20
-310.7998780376129
 10
692.2421662792767
 20
-291.1546231849225
 10
663.1509830448649
 20
-263.2345628777457
 10
659.3481285737598
 20
-259.5847998097724
 10
655.8948149492699
 20
-257.5790869488392
 10
656.1810459644439
 20
-251.8313819897539
 10
656.4293071647171
 20
-246.8461356107164
 10
661.4752833906277
 20
-228.1277719350019
 10
663.3373893909211
 20
-222.9562323946684
 10
665.9899464685459
 20
-215.5894102010043
 10
675.3783027076933
 20
-214.9005825595614
 10
676.9284778831551
 20
-221.6457772843223
 10
678.2135562489675
 20
-227.237470372429
 10
672.872853558194
 20
-240.6691232403191
 10
671.5681830148932
 20
-246.980725364474
 10
671.3835684976056
 20
-247.8738346520604
 10
670.8797544264198
 20
-249.3912689255394
 10
670.8936534166223
 20
-250.1000624478966
 10
670.9190616194555
 20
-251.3957802892128
 10
681.2078982691164
 20
-260.0855817191605
 10
683.0829087666734
 20
-261.6302164761528
 10
704.7373738380956
 20
-279.4691776110176
 10
732.6895998347335
 20
-294.4701155879938
 10
759.8541791183852
 20
-301.7762625182131
 10
762.1694821408437
 20
-302.3989831535464
 10
769.8500553075446
 20
-304.6484211552033
 10
771.5966928345115
 20
-304.59510917845
 10
772.821866653885
 20
-304.5577136472257
 10
775.7167605905124
 20
-298.6186612826186
 10
777.218864646109
 20
-297.0226211691533
 10
780.9141411461933
 20
-293.0962556803479
 10
788.3796825805293
 20
-289.6368615652627
 10
793.7659773983505
 20
-289.4991572916097
 10
799.6528182986076
 20
-289.348656218479
 10
822.3747356746571
 20
-291.6638203699313
 10
827.4662842793331
 20
-293.5707937335556
 10
850.7016369099002
 20
-302.2732931107039
 10
846.0483896966943
 20
-341.3233250437315
 10
821.4660845982143
 20
-343.7979793627692
 10
814.7106142106713
 20
-344.478039833286
 10
789.3189263338791
 20
-342.1434409433814
 10
783.4312057362185
 20
-339.501828758066
 10
775.371515261304
 20
-335.885730436954
 10
770.449558532313
 20
-327.199763305538
 10
769.9149237843012
 20
-318.5764053803668
 97
        0
 97
        1
330
C2
 75
     2
 76
     1
 98
        1
 10
0.0
 20
0.0
450
        0
451
        0
460
0.0
461
0.0
452
        0
462
0.0
453
        0
470

  0
SPLINE
  5
C4
330
BB
100
AcDbEntity
  8
Capa 1
100
AcDbSpline
210
0.0
220
0.0
230
1.0
 70
     9
 71
     3
 72
    23
 73
    19
 74
     0
 42
0.0000000001
 43
0.0000000001
 40
0.0
 40
0.0
 40
0.0
 40
0.0
 40
1.0
 40
1.0
 40
1.0
 40
2.0
 40
2.0
 40
2.0
 40
3.0
 40
3.0
 40
3.0
 40
4.0
 40
4.0
 40
4.0
 40
5.0
 40
5.0
 40
5.0
 40
6.0
 40
6.0
 40
6.0
 40
6.0
 10
860.1704888786043
 20
-280.718794532886
 30
0.0
 10
863.9621856536322
 20
-279.9252967166094
 30
0.0
 10
867.3309836023582
 20
-286.2715948796231
 30
0.0
 10
869.0639862590469
 20
-289.2602358903041
 30
0.0
 10
880.4459261543925
 20
-308.888903060024
 30
0.0
 10
879.466022967208
 20
-334.5408465222154
 30
0.0
 10
864.4547019820819
 20
-352.0271983785587
 30
0.0
 10
862.3750201591356
 20
-354.4497731900174
 30
0.0
 10
856.2181649999729
 20
-361.3412143097612
 30
0.0
 10
853.7142113572008
 20
-355.7981555188799
 30
0.0
 10
852.1520561671714
 20
-352.3399772559442
 30
0.0
 10
856.5153868097368
 20
-350.3026386220681
 30
0.0
 10
858.4245878266411
 20
-347.8930404501243
 30
0.0
 10
870.8662432539822
 20
-332.1904560139392
 30
0.0
 10
873.0263940493786
 20
-311.5714042788659
 30
0.0
 10
863.1952445839015
 20
-293.8650065654274
 30
0.0
 10
861.4979817420318
 20
-290.8081502936384
 30
0.0
 10
853.1560111161924
 20
-282.1867317433407
 30
0.0
 10
860.1704888786043
 20
-280.718794532886
 30
0.0
  0
HATCH
  5
C5
330
BB
100
AcDbEntity
  8
Capa 1
 62
   125
420
  4107652
440
 33554687
100
AcDbHatch
 10
0.0
 20
0.0
 30
0.0
210
0.0
220
0.0
230
1.0
  2
SOLID
 70
     1
 71
     1
 91
        1
 92
        1
 93
        1
 72
     4
 94
        3
 73
     0
 74
     0
 95
       23
 96
       19
 40
0.0
 40
0.0
 40
0.0
 40
0.0
 40
1.0
 40
1.0
 40
1.0
 40
2.0
 40
2.0
 40
2.0
 40
3.0
 40
3.0
 40
3.0
 40
4.0
 40
4.0
 40
4.0
 40
5.0
 40
5.0
 40
5.0
 40
6.0
 40
6.0
 40
6.0
 40
6.0
 10
860.1704888786043
 20
-280.718794532886
 10
863.9621856536322
 20
-279.9252967166094
 10
867.3309836023582
 20
-286.2715948796231
 10
869.0639862590469
 20
-289.2602358903041
 10
880.4459261543925
 20
-308.888903060024
 10
879.466022967208
 20
-334.5408465222154
 10
864.4547019820819
 20
-352.0271983785587
 10
862.3750201591356
 20
-354.4497731900174
 10
856.2181649999729
 20
-361.3412143097612
 10
853.7142113572008
 20
-355.7981555188799
 10
852.1520561671714
 20
-352.3399772559442
 10
856.5153868097368
 20
-350.3026386220681
 10
858.4245878266411
 20
-347.8930404501243
 10
870.8662432539822
 20
-332.1904560139392
 10
873.0263940493786
 20
-311.5714042788659
 10
863.1952445839015
 20
-293.8650065654274
 10
861.4979817420318
 20
-290.8081502936384
 10
853.1560111161924
 20
-282.1867317433407
 10
860.1704888786043
 20
-280.718794532886
 97
        0
 97
        1
330
C4
 75
     2
 76
     1
 98
        1
 10
0.0
 20
0.0
450
        0
451
        0
460
0.0
461
0.0
452
        0
462
0.0
453
        0
470

  0
SPLINE
  5
C6
330
BB
100
AcDbEntity
  8
Capa 1
100
AcDbSpline
210
0.0
220
0.0
230
1.0
 70
     9
 71
     3
 72
    17
 73
    13
 74
     0
 42
0.0000000001
 43
0.0000000001
 40
0.0
 40
0.0
 40
0.0
 40
0.0
 40
1.0
 40
1.0
 40
1.0
 40
2.0
 40
2.0
 40
2.0
 40
3.0
 40
3.0
 40
3.0
 40
4.0
 40
4.0
 40
4.0
 40
4.0
 10
862.7123950386595
 20
-109.5038379974939
 30
0.0
 10
866.1633624232235
 20
-109.0380965076692
 30
0.0
 10
868.5755548569177
 20
-108.8641729738301
 30
0.0
 10
870.5852033282063
 20
-112.0470516082823
 30
0.0
 10
872.2132935678418
 20
-114.6256188118204
 30
0.0
 10
874.1565030001474
 20
-121.8705288283508
 30
0.0
 10
873.5939687226636
 20
-124.805542791546
 30
0.0
 10
872.1905997877547
 20
-132.1275986810051
 30
0.0
 10
848.244844452347
 20
-129.6488686481934
 30
0.0
 10
845.129834689691
 20
-124.8674101768047
 30
0.0
 10
840.8109056878165
 20
-118.2379671776507
 30
0.0
 10
857.4469650073078
 20
-110.2144588043811
 30
0.0
 10
862.7123950386595
 20
-109.5038379974939
 30
0.0
  0
HATCH
  5
C7
330
BB
100
AcDbEntity
  8
Capa 1
 62
     7
420
 15921653
440
 33554687
100
AcDbHatch
 10
0.0
 20
0.0
 30
0.0
210
0.0
220
0.0
230
1.0
  2
SOLID
 70
     1
 71
     1
 91
        1
 92
        1
 93
        1
 72
     4
 94
        3
 73
     0
 74
     0
 95
       17
 96
       13
 40
0.0
 40
0.0
 40
0.0
 40
0.0
 40
1.0
 40
1.0
 40
1.0
 40
2.0
 40
2.0
 40
2.0
 40
3.0
 40
3.0
 40
3.0
 40
4.0
 40
4.0
 40
4.0
 40
4.0
 10
862.7123950386595
 20
-109.5038379974939
 10
866.1633624232235
 20
-109.0380965076692
 10
868.5755548569177
 20
-108.8641729738301
 10
870.5852033282063
 20
-112.0470516082823
 10
872.2132935678418
 20
-114.6256188118204
 10
874.1565030001474
 20
-121.8705288283508
 10
873.5939687226636
 20
-124.805542791546
 10
872.1905997877547
 20
-132.1275986810051
 10
848.244844452347
 20
-129.6488686481934
 10
845.129834689691
 20
-124.8674101768047
 10
840.8109056878165
 20
-118.2379671776507
 10
857.4469650073078
 20
-110.2144588043811
 10
862.7123950386595
 20
-109.5038379974939
 97
        0
 97
        1
330
C6
 75
     2
 76
     1
 98
        1
 10
0.0
 20
0.0
450
        0
451
        0
460
0.0
461
0.0
452
        0
462
0.0
453
        0
470

  0
SPLINE
  5
C8
330
BB
100
AcDbEntity
  8
Capa 1
100
AcDbSpline
210
0.0
220
0.0
230
1.0
 70
     9
 71
     3
 72
    26
 73
    22
 74
     0
 42
0.0000000001
 43
0.0000000001
 40
0.0
 40
0.0
 40
0.0
 40
0.0
 40
1.0
 40
1.0
 40
1.0
 40
2.0
 40
2.0
 40
2.0
 40
3.0
 40
3.0
 40
3.0
 40
4.0
 40
4.0
 40
4.0
 40
5.0
 40
5.0
 40
5.0
 40
6.0
 40
6.0
 40
6.0
 40
7.0
 40
7.0
 40
7.0
 40
7.0
 10
852.5731280722466
 20
-293.4387150815037
 30
0.0
 10
853.2979105456579
 20
-294.0220423906094
 30
0.0
 10
855.6624489478782
 20
-297.8425785498603
 30
0.0
 10
856.2418431493169
 20
-298.9223561174786
 30
0.0
 10
862.5743583480543
 20
-310.7238340080166
 30
0.0
 10
862.8251454275341
 20
-324.4475649309006
 30
0.0
 10
856.1803863368041
 20
-336.1690568077956
 30
0.0
 10
854.589790925107
 20
-338.9748998704326
 30
0.0
 10
847.3375261781583
 20
-349.9925210024648
 30
0.0
 10
844.2348897421252
 20
-343.1585720560415
 30
0.0
 10
842.7882438070483
 20
-339.972151517346
 30
0.0
 10
847.5443070261789
 20
-336.4387295883116
 30
0.0
 10
849.227080225275
 20
-333.639649168008
 30
0.0
 10
854.2657900778431
 20
-325.2583925022136
 30
0.0
 10
854.9104672366775
 20
-314.3002110551915
 30
0.0
 10
851.162791818424
 20
-305.2654737875692
 30
0.0
 10
849.9767095545504
 20
-302.4061168700264
 30
0.0
 10
846.3685538418904
 20
-298.42370409264
 30
0.0
 10
846.396617362363
 20
-296.1137331481605
 30
0.0
 10
846.4397907555358
 20
-292.5600348911521
 30
0.0
 10
850.1326366449356
 20
-291.4745322412546
 30
0.0
 10
852.5731280722466
 20
-293.4387150815037
 30
0.0
  0
HATCH
  5
C9
330
BB
100
AcDbEntity
  8
Capa 1
 62
   125
420
  4107652
440
 33554687
100
AcDbHatch
 10
0.0
 20
0.0
 30
0.0
210
0.0
220
0.0
230
1.0
  2
SOLID
 70
     1
 71
     1
 91
        1
 92
        1
 93
        1
 72
     4
 94
        3
 73
     0
 74
     0
 95
       26
 96
       22
 40
0.0
 40
0.0
 40
0.0
 40
0.0
 40
1.0
 40
1.0
 40
1.0
 40
2.0
 40
2.0
 40
2.0
 40
3.0
 40
3.0
 40
3.0
 40
4.0
 40
4.0
 40
4.0
 40
5.0
 40
5.0
 40
5.0
 40
6.0
 40
6.0
 40
6.0
 40
7.0
 40
7.0
 40
7.0
 40
7.0
 10
852.5731280722466
 20
-293.4387150815037
 10
853.2979105456579
 20
-294.0220423906094
 10
855.6624489478782
 20
-297.8425785498603
 10
856.2418431493169
 20
-298.9223561174786
 10
862.5743583480543
 20
-310.7238340080166
 10
862.8251454275341
 20
-324.4475649309006
 10
856.1803863368041
 20
-336.1690568077956
 10
854.589790925107
 20
-338.9748998704326
 10
847.3375261781583
 20
-349.9925210024648
 10
844.2348897421252
 20
-343.1585720560415
 10
842.7882438070483
 20
-339.972151517346
 10
847.5443070261789
 20
-336.4387295883116
 10
849.227080225275
 20
-333.639649168008
 10
854.2657900778431
 20
-325.2583925022136
 10
854.9104672366775
 20
-314.3002110551915
 10
851.162791818424
 20
-305.2654737875692
 10
849.9767095545504
 20
-302.4061168700264
 10
846.3685538418904
 20
-298.42370409264
 10
846.396617362363
 20
-296.1137331481605
 10
846.4397907555358
 20
-292.5600348911521
 10
850.1326366449356
 20
-291.4745322412546
 10
852.5731280722466
 20
-293.4387150815037
 97
        0
 97
        1
330
C8
 75
     2
 76
     1
 98
        1
 10
0.0
 20
0.0
450
        0
451
        0
460
0.0
461
0.0
452
        0
462
0.0
453
        0
470

  0
SPLINE
  5
CA
330
BB
100
AcDbEntity
  8
Capa 1
100
AcDbSpline
210
0.0
220
0.0
230
1.0
 70
     9
 71
     3
 72
    11
 73
     7
 74
     0
 42
0.0000000001
 43
0.0000000001
 40
0.0
 40
0.0
 40
0.0
 40
0.0
 40
1.0
 40
1.0
 40
1.0
 40
2.0
 40
2.0
 40
2.0
 40
2.0
 10
810.627198253529
 20
-323.9974617386342
 30
0.0
 10
802.4099601738052
 20
-315.697688388469
 30
0.0
 10
815.3064226750649
 20
-304.006316481069
 30
0.0
 10
822.7688736414529
 20
-312.1718241809094
 30
0.0
 10
830.2281862826639
 20
-320.3338978858756
 30
0.0
 10
817.8796779157929
 20
-331.3227864814999
 30
0.0
 10
810.627198253529
 20
-323.9974617386342
 30
0.0
  0
HATCH
  5
CB
330
BB
100
AcDbEntity
  8
Capa 1
 62
   125
420
  4107652
440
 33554687
100
AcDbHatch
 10
0.0
 20
0.0
 30
0.0
210
0.0
220
0.0
230
1.0
  2
SOLID
 70
     1
 71
     1
 91
        1
 92
        1
 93
        1
 72
     4
 94
        3
 73
     0
 74
     0
 95
       11
 96
        7
 40
0.0
 40
0.0
 40
0.0
 40
0.0
 40
1.0
 40
1.0
 40
1.0
 40
2.0
 40
2.0
 40
2.0
 40
2.0
 10
810.627198253529
 20
-323.9974617386342
 10
802.4099601738052
 20
-315.697688388469
 10
815.3064226750649
 20
-304.006316481069
 10
822.7688736414529
 20
-312.1718241809094
 10
830.2281862826639
 20
-320.3338978858756
 10
817.8796779157929
 20
-331.3227864814999
 10
810.627198253529
 20
-323.9974617386342
 97
        0
 97
        1
330
CA
 75
     2
 76
     1
 98
        1
 10
0.0
 20
0.0
450
        0
451
        0
460
0.0
461
0.0
452
        0
462
0.0
453
        0
470

  0
ENDBLK
  5
BE
330
BB
100
AcDbEntity
  8
0
100
AcDbBlockEnd
  0
BLOCK
  5
CE
330
CC
100
AcDbEntity
  8
0
100
AcDbBlockBegin
  2
Block_9
 70
     0
 10
0.0
 20
0.0
 30
0.0
  3
Block_9
  1

  0
SPLINE
  5
D0
330
CC
100
AcDbEntity
  8
Capa 1
100
AcDbSpline
210
0.0
220
0.0
230
1.0
 70
     9
 71
     3
 72
    89
 73
    85
 74
     0
 42
0.0000000001
 43
0.0000000001
 40
0.0
 40
0.0
 40
0.0
 40
0.0
 40
1.0
 40
1.0
 40
1.0
 40
2.0
 40
2.0
 40
2.0
 40
3.0
 40
3.0
 40
3.0
 40
4.0
 40
4.0
 40
4.0
 40
5.0
 40
5.0
 40
5.0
 40
6.0
 40
6.0
 40
6.0
 40
7.0
 40
7.0
 40
7.0
 40
8.0
 40
8.0
 40
8.0
 40
9.0
 40
9.0
 40
9.0
 40
10.0
 40
10.0
 40
10.0
 40
11.0
 40
11.0
 40
11.0
 40
12.0
 40
12.0
 40
12.0
 40
13.0
 40
13.0
 40
13.0
 40
14.0
 40
14.0
 40
14.0
 40
15.0
 40
15.0
 40
15.0
 40
16.0
 40
16.0
 40
16.0
 40
17.0
 40
17.0
 40
17.0
 40
18.0
 40
18.0
 40
18.0
 40
19.0
 40
19.0
 40
19.0
 40
20.0
 40
20.0
 40
20.0
 40
21.0
 40
21.0
 40
21.0
 40
22.0
 40
22.0
 40
22.0
 40
23.0
 40
23.0
 40
23.0
 40
24.0
 40
24.0
 40
24.0
 40
25.0
 40
25.0
 40
25.0
 40
26.0
 40
26.0
 40
26.0
 40
27.0
 40
27.0
 40
27.0
 40
28.0
 40
28.0
 40
28.0
 40
28.0
 10
-219.0196197454388
 20
-483.5376522994247
 30
0.0
 10
-185.7905297801844
 20
-482.4045149551093
 30
0.0
 10
-124.8372304934855
 20
-499.3522579853925
 30
0.0
 10
-110.2781599796762
 20
-532.420621178131
 30
0.0
 10
-107.1227611370232
 20
-539.5875536308412
 30
0.0
 10
-106.8694414857746
 20
-546.0363944648543
 30
0.0
 10
-100.4070465818586
 20
-551.6208404950921
 30
0.0
 10
-87.72711945278933
 20
-562.5781357041415
 30
0.0
 10
-46.06783187117616
 20
-566.2966014768317
 30
0.0
 10
-28.17948703532966
 20
-572.2951485370868
 30
0.0
 10
-21.15846075067384
 20
-574.649528272399
 30
0.0
 10
-13.48053801579954
 20
-578.6863173021011
 30
0.0
 10
-13.56614246380923
 20
-587.2456198929285
 30
0.0
 10
-13.62002591239434
 20
-592.6332457906373
 30
0.0
 10
-16.95552021583353
 20
-603.8587943756811
 30
0.0
 10
-18.34886847788584
 20
-609.6346166660732
 30
0.0
 10
-30.87657145999037
 20
-661.5654857114787
 30
0.0
 10
-50.56251094390609
 20
-682.3876916094268
 30
0.0
 10
-105.4547640154451
 20
-686.8449495163877
 30
0.0
 10
-131.9168892079106
 20
-688.9936774360685
 30
0.0
 10
-165.7899804074913
 20
-681.6235780162606
 30
0.0
 10
-175.4500909073686
 20
-713.5434031757868
 30
0.0
 10
-177.3610824109491
 20
-719.8578769777595
 30
0.0
 10
-177.0208308322581
 20
-732.0493729730952
 30
0.0
 10
-186.6786332488736
 20
-729.5259877873177
 30
0.0
 10
-194.3487046601876
 20
-727.5219558411008
 30
0.0
 10
-190.9768278852534
 20
-716.9519057475372
 30
0.0
 10
-189.4994432120839
 20
-711.5017752238164
 30
0.0
 10
-177.9001528254521
 20
-668.7115339699849
 30
0.0
 10
-142.1540001233734
 20
-676.1589770367281
 30
0.0
 10
-107.3497927196986
 20
-672.9421964299436
 30
0.0
 10
-64.61831305299347
 20
-668.9927372884994
 30
0.0
 10
-43.58737536830085
 20
-655.0986974488259
 30
0.0
 10
-34.02558106328434
 20
-612.2854834009849
 30
0.0
 10
-32.0479589623028
 20
-603.4306225229738
 30
0.0
 10
-29.08645536256518
 20
-593.0896249131656
 30
0.0
 10
-37.21104270483193
 20
-586.3825881569464
 30
0.0
 10
-44.73284320293169
 20
-580.1731660302084
 30
0.0
 10
-81.82698654660271
 20
-575.0407649294284
 30
0.0
 10
-94.25345972308788
 20
-570.7466733883011
 30
0.0
 10
-103.363592194768
 20
-567.5985763997523
 30
0.0
 10
-111.7669311146019
 20
-562.5374212616297
 30
0.0
 10
-116.7730456013341
 20
-554.0831586509775
 30
0.0
 10
-120.0346841777827
 20
-548.5749448177958
 30
0.0
 10
-121.2309907389863
 20
-542.162483644619
 30
0.0
 10
-123.9809130838948
 20
-536.6435918753559
 30
0.0
 10
-134.9797961372023
 20
-514.5696430359021
 30
0.0
 10
-182.1662292244182
 20
-499.3574104759864
 30
0.0
 10
-205.3081950410124
 20
-497.8936300105378
 30
0.0
 10
-260.3183337312584
 20
-494.4141172044728
 30
0.0
 10
-307.2214462556403
 20
-527.6672411934014
 30
0.0
 10
-335.4376533094856
 20
-572.5154055876555
 30
0.0
 10
-341.1009641154633
 20
-581.516937705619
 30
0.0
 10
-349.5428136519767
 20
-594.580800851576
 30
0.0
 10
-346.8718712581213
 20
-605.3294737148316
 30
0.0
 10
-341.4693988900471
 20
-627.0706420271235
 30
0.0
 10
-292.1902269781658
 20
-673.8463435879894
 30
0.0
 10
-269.7530806851901
 20
-675.4745552194909
 30
0.0
 10
-260.8804975609064
 20
-676.1184179842021
 30
0.0
 10
-253.2373334642161
 20
-667.8338964714384
 30
0.0
 10
-248.9595702212791
 20
-660.8894451572596
 30
0.0
 10
-226.912581096256
 20
-625.0987213822518
 30
0.0
 10
-247.4504276853604
 20
-577.5413338818798
 30
0.0
 10
-238.1894886987065
 20
-538.9425729864269
 30
0.0
 10
-235.6223629975539
 20
-528.243023915853
 30
0.0
 10
-226.0362735614144
 20
-528.9065326884956
 30
0.0
 10
-225.1865821663232
 20
-539.2543755279475
 30
0.0
 10
-224.736242982457
 20
-544.7387656560003
 30
0.0
 10
-226.3512904911804
 20
-551.938554409302
 30
0.0
 10
-226.503793526048
 20
-557.5801085864404
 30
0.0
 10
-227.4825426089956
 20
-593.7870337931817
 30
0.0
 10
-217.0813758796867
 20
-634.6652461828561
 30
0.0
 10
-236.7083579075479
 20
-667.452788026796
 30
0.0
 10
-256.9001184589579
 20
-701.1838116269792
 30
0.0
 10
-282.903734640553
 20
-690.5997220977951
 30
0.0
 10
-309.1953600461457
 20
-671.2991993336473
 30
0.0
 10
-327.7669447546432
 20
-657.6659116268892
 30
0.0
 10
-361.5177371039572
 20
-624.9245739847701
 30
0.0
 10
-361.7406859770454
 20
-600.5541031020148
 30
0.0
 10
-361.8666386399709
 20
-586.786257308835
 30
0.0
 10
-348.4566068304193
 20
-565.9414545024573
 30
0.0
 10
-340.4779332921571
 20
-554.8354157289923
 30
0.0
 10
-312.4561448437999
 20
-515.8300513013236
 30
0.0
 10
-268.4241539581053
 20
-485.2223846454908
 30
0.0
 10
-219.0196197454388
 20
-483.5376522994247
 30
0.0
  0
HATCH
  5
D1
330
CC
100
AcDbEntity
  8
Capa 1
 62
   250
420
  2107699
440
 33554687
100
AcDbHatch
 10
0.0
 20
0.0
 30
0.0
210
0.0
220
0.0
230
1.0
  2
SOLID
 70
     1
 71
     1
 91
        1
 92
        1
 93
        1
 72
     4
 94
        3
 73
     0
 74
     0
 95
       89
 96
       85
 40
0.0
 40
0.0
 40
0.0
 40
0.0
 40
1.0
 40
1.0
 40
1.0
 40
2.0
 40
2.0
 40
2.0
 40
3.0
 40
3.0
 40
3.0
 40
4.0
 40
4.0
 40
4.0
 40
5.0
 40
5.0
 40
5.0
 40
6.0
 40
6.0
 40
6.0
 40
7.0
 40
7.0
 40
7.0
 40
8.0
 40
8.0
 40
8.0
 40
9.0
 40
9.0
 40
9.0
 40
10.0
 40
10.0
 40
10.0
 40
11.0
 40
11.0
 40
11.0
 40
12.0
 40
12.0
 40
12.0
 40
13.0
 40
13.0
 40
13.0
 40
14.0
 40
14.0
 40
14.0
 40
15.0
 40
15.0
 40
15.0
 40
16.0
 40
16.0
 40
16.0
 40
17.0
 40
17.0
 40
17.0
 40
18.0
 40
18.0
 40
18.0
 40
19.0
 40
19.0
 40
19.0
 40
20.0
 40
20.0
 40
20.0
 40
21.0
 40
21.0
 40
21.0
 40
22.0
 40
22.0
 40
22.0
 40
23.0
 40
23.0
 40
23.0
 40
24.0
 40
24.0
 40
24.0
 40
25.0
 40
25.0
 40
25.0
 40
26.0
 40
26.0
 40
26.0
 40
27.0
 40
27.0
 40
27.0
 40
28.0
 40
28.0
 40
28.0
 40
28.0
 10
-219.0196197454388
 20
-483.5376522994247
 10
-185.7905297801844
 20
-482.4045149551093
 10
-124.8372304934855
 20
-499.3522579853925
 10
-110.2781599796762
 20
-532.420621178131
 10
-107.1227611370232
 20
-539.5875536308412
 10
-106.8694414857746
 20
-546.0363944648543
 10
-100.4070465818586
 20
-551.6208404950921
 10
-87.72711945278933
 20
-562.5781357041415
 10
-46.06783187117616
 20
-566.2966014768317
 10
-28.17948703532966
 20
-572.2951485370868
 10
-21.15846075067384
 20
-574.649528272399
 10
-13.48053801579954
 20
-578.6863173021011
 10
-13.56614246380923
 20
-587.2456198929285
 10
-13.62002591239434
 20
-592.6332457906373
 10
-16.95552021583353
 20
-603.8587943756811
 10
-18.34886847788584
 20
-609.6346166660732
 10
-30.87657145999037
 20
-661.5654857114787
 10
-50.56251094390609
 20
-682.3876916094268
 10
-105.4547640154451
 20
-686.8449495163877
 10
-131.9168892079106
 20
-688.9936774360685
 10
-165.7899804074913
 20
-681.6235780162606
 10
-175.4500909073686
 20
-713.5434031757868
 10
-177.3610824109491
 20
-719.8578769777595
 10
-177.0208308322581
 20
-732.0493729730952
 10
-186.6786332488736
 20
-729.5259877873177
 10
-194.3487046601876
 20
-727.5219558411008
 10
-190.9768278852534
 20
-716.9519057475372
 10
-189.4994432120839
 20
-711.5017752238164
 10
-177.9001528254521
 20
-668.7115339699849
 10
-142.1540001233734
 20
-676.1589770367281
 10
-107.3497927196986
 20
-672.9421964299436
 10
-64.61831305299347
 20
-668.9927372884994
 10
-43.58737536830085
 20
-655.0986974488259
 10
-34.02558106328434
 20
-612.2854834009849
 10
-32.0479589623028
 20
-603.4306225229738
 10
-29.08645536256518
 20
-593.0896249131656
 10
-37.21104270483193
 20
-586.3825881569464
 10
-44.73284320293169
 20
-580.1731660302084
 10
-81.82698654660271
 20
-575.0407649294284
 10
-94.25345972308788
 20
-570.7466733883011
 10
-103.363592194768
 20
-567.5985763997523
 10
-111.7669311146019
 20
-562.5374212616297
 10
-116.7730456013341
 20
-554.0831586509775
 10
-120.0346841777827
 20
-548.5749448177958
 10
-121.2309907389863
 20
-542.162483644619
 10
-123.9809130838948
 20
-536.6435918753559
 10
-134.9797961372023
 20
-514.5696430359021
 10
-182.1662292244182
 20
-499.3574104759864
 10
-205.3081950410124
 20
-497.8936300105378
 10
-260.3183337312584
 20
-494.4141172044728
 10
-307.2214462556403
 20
-527.6672411934014
 10
-335.4376533094856
 20
-572.5154055876555
 10
-341.1009641154633
 20
-581.516937705619
 10
-349.5428136519767
 20
-594.580800851576
 10
-346.8718712581213
 20
-605.3294737148316
 10
-341.4693988900471
 20
-627.0706420271235
 10
-292.1902269781658
 20
-673.8463435879894
 10
-269.7530806851901
 20
-675.4745552194909
 10
-260.8804975609064
 20
-676.1184179842021
 10
-253.2373334642161
 20
-667.8338964714384
 10
-248.9595702212791
 20
-660.8894451572596
 10
-226.912581096256
 20
-625.0987213822518
 10
-247.4504276853604
 20
-577.5413338818798
 10
-238.1894886987065
 20
-538.9425729864269
 10
-235.6223629975539
 20
-528.243023915853
 10
-226.0362735614144
 20
-528.9065326884956
 10
-225.1865821663232
 20
-539.2543755279475
 10
-224.736242982457
 20
-544.7387656560003
 10
-226.3512904911804
 20
-551.938554409302
 10
-226.503793526048
 20
-557.5801085864404
 10
-227.4825426089956
 20
-593.7870337931817
 10
-217.0813758796867
 20
-634.6652461828561
 10
-236.7083579075479
 20
-667.452788026796
 10
-256.9001184589579
 20
-701.1838116269792
 10
-282.903734640553
 20
-690.5997220977951
 10
-309.1953600461457
 20
-671.2991993336473
 10
-327.7669447546432
 20
-657.6659116268892
 10
-361.5177371039572
 20
-624.9245739847701
 10
-361.7406859770454
 20
-600.5541031020148
 10
-361.8666386399709
 20
-586.786257308835
 10
-348.4566068304193
 20
-565.9414545024573
 10
-340.4779332921571
 20
-554.8354157289923
 10
-312.4561448437999
 20
-515.8300513013236
 10
-268.4241539581053
 20
-485.2223846454908
 10
-219.0196197454388
 20
-483.5376522994247
 97
        0
 97
        1
330
D0
 75
     2
 76
     1
 98
        1
 10
0.0
 20
0.0
450
        0
451
        0
460
0.0
461
0.0
452
        0
462
0.0
453
        0
470

  0
SPLINE
  5
D2
330
CC
100
AcDbEntity
  8
Capa 1
100
AcDbSpline
210
0.0
220
0.0
230
1.0
 70
     9
 71
     3
 72
    17
 73
    13
 74
     0
 42
0.0000000001
 43
0.0000000001
 40
0.0
 40
0.0
 40
0.0
 40
0.0
 40
1.0
 40
1.0
 40
1.0
 40
2.0
 40
2.0
 40
2.0
 40
3.0
 40
3.0
 40
3.0
 40
4.0
 40
4.0
 40
4.0
 40
4.0
 10
-215.2167442535902
 20
-747.6622498361721
 30
0.0
 10
-229.3247087508753
 20
-748.3884926466998
 30
0.0
 10
-232.5562509204792
 20
-770.334838297269
 30
0.0
 10
-220.9314935433249
 20
-775.7909084396742
 30
0.0
 10
-216.933070597981
 20
-777.6675649014832
 30
0.0
 10
-200.9734638383379
 20
-778.9764073027327
 30
0.0
 10
-195.8481638483899
 20
-779.1474144870663
 30
0.0
 10
-187.3144353932148
 20
-779.4321449180316
 30
0.0
 10
-179.8051685518985
 20
-778.3241962673419
 30
0.0
 10
-177.9606475815817
 20
-768.5435076893227
 30
0.0
 10
-173.4055496784676
 20
-744.3898142644611
 30
0.0
 10
-200.2600653569898
 20
-750.509909265369
 30
0.0
 10
-215.2167442535902
 20
-747.6622498361721
 30
0.0
  0
SPLINE
  5
D3
330
CC
100
AcDbEntity
  8
Capa 1
100
AcDbSpline
210
0.0
220
0.0
230
1.0
 70
     9
 71
     3
 72
    50
 73
    46
 74
     0
 42
0.0000000001
 43
0.0000000001
 40
0.0
 40
0.0
 40
0.0
 40
0.0
 40
1.0
 40
1.0
 40
1.0
 40
2.0
 40
2.0
 40
2.0
 40
3.0
 40
3.0
 40
3.0
 40
4.0
 40
4.0
 40
4.0
 40
5.0
 40
5.0
 40
5.0
 40
6.0
 40
6.0
 40
6.0
 40
7.0
 40
7.0
 40
7.0
 40
8.0
 40
8.0
 40
8.0
 40
9.0
 40
9.0
 40
9.0
 40
10.0
 40
10.0
 40
10.0
 40
11.0
 40
11.0
 40
11.0
 40
12.0
 40
12.0
 40
12.0
 40
13.0
 40
13.0
 40
13.0
 40
14.0
 40
14.0
 40
14.0
 40
15.0
 40
15.0
 40
15.0
 40
15.0
 10
-239.1638263694404
 20
-765.2694053803643
 30
0.0
 10
-278.7481103185064
 20
-757.4928780376104
 30
0.0
 10
-316.8365838744648
 20
-737.8476231849199
 30
0.0
 10
-345.9277671088766
 20
-709.9275628777432
 30
0.0
 10
-349.7306215799799
 20
-706.2777998097699
 30
0.0
 10
-353.1839352044717
 20
-704.2720869488366
 30
0.0
 10
-352.8977041892976
 20
-698.5243819897513
 30
0.0
 10
-352.6494429890226
 20
-693.5391356107138
 30
0.0
 10
-347.6034667631138
 20
-674.8207719349993
 30
0.0
 10
-345.7413607628187
 20
-669.6492323946695
 30
0.0
 10
-343.0888036851957
 20
-662.2824102010017
 30
0.0
 10
-333.7004474460482
 20
-661.5935825595588
 30
0.0
 10
-332.1502722705846
 20
-668.3387772843234
 30
0.0
 10
-330.8651939047741
 20
-673.9304703724265
 30
0.0
 10
-336.2058965955475
 20
-687.3621232403202
 30
0.0
 10
-337.5105671388483
 20
-693.6737253644714
 30
0.0
 10
-337.6951816561359
 20
-694.5668346520578
 30
0.0
 10
-338.1989957273217
 20
-696.0842689255368
 30
0.0
 10
-338.1850967371174
 20
-696.7930624478976
 30
0.0
 10
-338.159688534286
 20
-698.0887802892103
 30
0.0
 10
-327.8708518846252
 20
-706.7785817191579
 30
0.0
 10
-325.9958413870663
 20
-708.3232164761502
 30
0.0
 10
-304.3413763156459
 20
-726.1621776110151
 30
0.0
 10
-276.389150319008
 20
-741.1631155879913
 30
0.0
 10
-249.2245710353564
 20
-748.4692625182105
 30
0.0
 10
-246.9092680128979
 20
-749.0919831535429
 30
0.0
 10
-239.228694846197
 20
-751.3414211552007
 30
0.0
 10
-237.4820573192301
 20
-751.2881091784475
 30
0.0
 10
-236.2568834998574
 20
-751.2507136472232
 30
0.0
 10
-233.3619895632291
 20
-745.3116612826161
 30
0.0
 10
-231.8598855076334
 20
-743.7156211691508
 30
0.0
 10
-228.1646090075483
 20
-739.7892556803453
 30
0.0
 10
-220.6990675732122
 20
-736.3298615652602
 30
0.0
 10
-215.312772755391
 20
-736.1921572916071
 30
0.0
 10
-209.425931855134
 20
-736.0416562184764
 30
0.0
 10
-186.7040144790844
 20
-738.3568203699288
 30
0.0
 10
-181.6124658744083
 20
-740.263793733553
 30
0.0
 10
-158.3771132438414
 20
-748.9662931107013
 30
0.0
 10
-163.0303604570472
 20
-788.016325043729
 30
0.0
 10
-187.6126655555272
 20
-790.4909793627666
 30
0.0
 10
-194.3681359430702
 20
-791.1710398332834
 30
0.0
 10
-219.7598238198634
 20
-788.8364409433779
 30
0.0
 10
-225.647544417523
 20
-786.1948287580635
 30
0.0
 10
-233.7072348924376
 20
-782.5787304369514
 30
0.0
 10
-238.6291916214286
 20
-773.8927633055355
 30
0.0
 10
-239.1638263694404
 20
-765.2694053803643
 30
0.0
  0
HATCH
  5
D4
330
CC
100
AcDbEntity
  8
Capa 1
 62
   250
420
  2107699
440
 33554687
100
AcDbHatch
 10
0.0
 20
0.0
 30
0.0
210
0.0
220
0.0
230
1.0
  2
SOLID
 70
     1
 71
     1
 91
        2
 92
        1
 93
        1
 72
     4
 94
        3
 73
     0
 74
     0
 95
       17
 96
       13
 40
0.0
 40
0.0
 40
0.0
 40
0.0
 40
1.0
 40
1.0
 40
1.0
 40
2.0
 40
2.0
 40
2.0
 40
3.0
 40
3.0
 40
3.0
 40
4.0
 40
4.0
 40
4.0
 40
4.0
 10
-215.2167442535902
 20
-747.6622498361721
 10
-229.3247087508753
 20
-748.3884926466998
 10
-232.5562509204792
 20
-770.334838297269
 10
-220.9314935433249
 20
-775.7909084396742
 10
-216.933070597981
 20
-777.6675649014832
 10
-200.9734638383379
 20
-778.9764073027327
 10
-195.8481638483899
 20
-779.1474144870663
 10
-187.3144353932148
 20
-779.4321449180316
 10
-179.8051685518985
 20
-778.3241962673419
 10
-177.9606475815817
 20
-768.5435076893227
 10
-173.4055496784676
 20
-744.3898142644611
 10
-200.2600653569898
 20
-750.509909265369
 10
-215.2167442535902
 20
-747.6622498361721
 97
        0
 97
        1
330
D2
 92
        1
 93
        1
 72
     4
 94
        3
 73
     0
 74
     0
 95
       50
 96
       46
 40
0.0
 40
0.0
 40
0.0
 40
0.0
 40
1.0
 40
1.0
 40
1.0
 40
2.0
 40
2.0
 40
2.0
 40
3.0
 40
3.0
 40
3.0
 40
4.0
 40
4.0
 40
4.0
 40
5.0
 40
5.0
 40
5.0
 40
6.0
 40
6.0
 40
6.0
 40
7.0
 40
7.0
 40
7.0
 40
8.0
 40
8.0
 40
8.0
 40
9.0
 40
9.0
 40
9.0
 40
10.0
 40
10.0
 40
10.0
 40
11.0
 40
11.0
 40
11.0
 40
12.0
 40
12.0
 40
12.0
 40
13.0
 40
13.0
 40
13.0
 40
14.0
 40
14.0
 40
14.0
 40
15.0
 40
15.0
 40
15.0
 40
15.0
 10
-239.1638263694404
 20
-765.2694053803643
 10
-278.7481103185064
 20
-757.4928780376104
 10
-316.8365838744648
 20
-737.8476231849199
 10
-345.9277671088766
 20
-709.9275628777432
 10
-349.7306215799799
 20
-706.2777998097699
 10
-353.1839352044717
 20
-704.2720869488366
 10
-352.8977041892976
 20
-698.5243819897513
 10
-352.6494429890226
 20
-693.5391356107138
 10
-347.6034667631138
 20
-674.8207719349993
 10
-345.7413607628187
 20
-669.6492323946695
 10
-343.0888036851957
 20
-662.2824102010017
 10
-333.7004474460482
 20
-661.5935825595588
 10
-332.1502722705846
 20
-668.3387772843234
 10
-330.8651939047741
 20
-673.9304703724265
 10
-336.2058965955475
 20
-687.3621232403202
 10
-337.5105671388483
 20
-693.6737253644714
 10
-337.6951816561359
 20
-694.5668346520578
 10
-338.1989957273217
 20
-696.0842689255368
 10
-338.1850967371174
 20
-696.7930624478976
 10
-338.159688534286
 20
-698.0887802892103
 10
-327.8708518846252
 20
-706.7785817191579
 10
-325.9958413870663
 20
-708.3232164761502
 10
-304.3413763156459
 20
-726.1621776110151
 10
-276.389150319008
 20
-741.1631155879913
 10
-249.2245710353564
 20
-748.4692625182105
 10
-246.9092680128979
 20
-749.0919831535429
 10
-239.228694846197
 20
-751.3414211552007
 10
-237.4820573192301
 20
-751.2881091784475
 10
-236.2568834998574
 20
-751.2507136472232
 10
-233.3619895632291
 20
-745.3116612826161
 10
-231.8598855076334
 20
-743.7156211691508
 10
-228.1646090075483
 20
-739.7892556803453
 10
-220.6990675732122
 20
-736.3298615652602
 10
-215.312772755391
 20
-736.1921572916071
 10
-209.425931855134
 20
-736.0416562184764
 10
-186.7040144790844
 20
-738.3568203699288
 10
-181.6124658744083
 20
-740.263793733553
 10
-158.3771132438414
 20
-748.9662931107013
 10
-163.0303604570472
 20
-788.016325043729
 10
-187.6126655555272
 20
-790.4909793627666
 10
-194.3681359430702
 20
-791.1710398332834
 10
-219.7598238198634
 20
-788.8364409433779
 10
-225.647544417523
 20
-786.1948287580635
 10
-233.7072348924376
 20
-782.5787304369514
 10
-238.6291916214286
 20
-773.8927633055355
 10
-239.1638263694404
 20
-765.2694053803643
 97
        0
 97
        1
330
D3
 75
     2
 76
     1
 98
        1
 10
0.0
 20
0.0
450
        0
451
        0
460
0.0
461
0.0
452
        0
462
0.0
453
        0
470

  0
SPLINE
  5
D5
330
CC
100
AcDbEntity
  8
Capa 1
100
AcDbSpline
210
0.0
220
0.0
230
1.0
 70
     9
 71
     3
 72
    23
 73
    19
 74
     0
 42
0.0000000001
 43
0.0000000001
 40
0.0
 40
0.0
 40
0.0
 40
0.0
 40
1.0
 40
1.0
 40
1.0
 40
2.0
 40
2.0
 40
2.0
 40
3.0
 40
3.0
 40
3.0
 40
4.0
 40
4.0
 40
4.0
 40
5.0
 40
5.0
 40
5.0
 40
6.0
 40
6.0
 40
6.0
 40
6.0
 10
-148.9082612751372
 20
-727.4117945328835
 30
0.0
 10
-145.1165645001092
 20
-726.6182967166059
 30
0.0
 10
-141.7477665513834
 20
-732.9645948796205
 30
0.0
 10
-140.0147638946946
 20
-735.9532358903016
 30
0.0
 10
-128.632823999349
 20
-755.5819030600214
 30
0.0
 10
-129.6127271865334
 20
-781.2338465222128
 30
0.0
 10
-144.6240481716604
 20
-798.7201983785562
 30
0.0
 10
-146.7037299946059
 20
-801.1427731900148
 30
0.0
 10
-152.8605851537686
 20
-808.0342143097587
 30
0.0
 10
-155.3645387965407
 20
-802.4911555188774
 30
0.0
 10
-156.9266939865701
 20
-799.0329772559416
 30
0.0
 10
-152.5633633440047
 20
-796.9956386220656
 30
0.0
 10
-150.6541623271014
 20
-794.5860404501217
 30
0.0
 10
-138.2125068997593
 20
-778.8834560139366
 30
0.0
 10
-136.0523561043628
 20
-758.2644042788634
 30
0.0
 10
-145.88350556984
 20
-740.5580065654248
 30
0.0
 10
-147.5807684117098
 20
-737.5011502936358
 30
0.0
 10
-155.922739037549
 20
-728.8797317433382
 30
0.0
 10
-148.9082612751372
 20
-727.4117945328835
 30
0.0
  0
HATCH
  5
D6
330
CC
100
AcDbEntity
  8
Capa 1
 62
   125
420
  4107652
440
 33554687
100
AcDbHatch
 10
0.0
 20
0.0
 30
0.0
210
0.0
220
0.0
230
1.0
  2
SOLID
 70
     1
 71
     1
 91
        1
 92
        1
 93
        1
 72
     4
 94
        3
 73
     0
 74
     0
 95
       23
 96
       19
 40
0.0
 40
0.0
 40
0.0
 40
0.0
 40
1.0
 40
1.0
 40
1.0
 40
2.0
 40
2.0
 40
2.0
 40
3.0
 40
3.0
 40
3.0
 40
4.0
 40
4.0
 40
4.0
 40
5.0
 40
5.0
 40
5.0
 40
6.0
 40
6.0
 40
6.0
 40
6.0
 10
-148.9082612751372
 20
-727.4117945328835
 10
-145.1165645001092
 20
-726.6182967166059
 10
-141.7477665513834
 20
-732.9645948796205
 10
-140.0147638946946
 20
-735.9532358903016
 10
-128.632823999349
 20
-755.5819030600214
 10
-129.6127271865334
 20
-781.2338465222128
 10
-144.6240481716604
 20
-798.7201983785562
 10
-146.7037299946059
 20
-801.1427731900148
 10
-152.8605851537686
 20
-808.0342143097587
 10
-155.3645387965407
 20
-802.4911555188774
 10
-156.9266939865701
 20
-799.0329772559416
 10
-152.5633633440047
 20
-796.9956386220656
 10
-150.6541623271014
 20
-794.5860404501217
 10
-138.2125068997593
 20
-778.8834560139366
 10
-136.0523561043628
 20
-758.2644042788634
 10
-145.88350556984
 20
-740.5580065654248
 10
-147.5807684117098
 20
-737.5011502936358
 10
-155.922739037549
 20
-728.8797317433382
 10
-148.9082612751372
 20
-727.4117945328835
 97
        0
 97
        1
330
D5
 75
     2
 76
     1
 98
        1
 10
0.0
 20
0.0
450
        0
451
        0
460
0.0
461
0.0
452
        0
462
0.0
453
        0
470

  0
SPLINE
  5
D7
330
CC
100
AcDbEntity
  8
Capa 1
100
AcDbSpline
210
0.0
220
0.0
230
1.0
 70
     9
 71
     3
 72
    17
 73
    13
 74
     0
 42
0.0000000001
 43
0.0000000001
 40
0.0
 40
0.0
 40
0.0
 40
0.0
 40
1.0
 40
1.0
 40
1.0
 40
2.0
 40
2.0
 40
2.0
 40
3.0
 40
3.0
 40
3.0
 40
4.0
 40
4.0
 40
4.0
 40
4.0
 10
-146.3663551150821
 20
-556.1968379974932
 30
0.0
 10
-142.9153877305179
 20
-555.7310965076685
 30
0.0
 10
-140.5031952968238
 20
-555.5571729738294
 30
0.0
 10
-138.4935468255353
 20
-558.7400516082816
 30
0.0
 10
-136.8654565858996
 20
-561.3186188118198
 30
0.0
 10
-134.922247153594
 20
-568.5635288283483
 30
0.0
 10
-135.4847814310778
 20
-571.4985427915453
 30
0.0
 10
-136.8881503659868
 20
-578.8205986810026
 30
0.0
 10
-160.8339057013945
 20
-576.3418686481927
 30
0.0
 10
-163.9489154640514
 20
-571.560410176804
 30
0.0
 10
-168.267844465925
 20
-564.9309671776499
 30
0.0
 10
-151.6317851464337
 20
-556.9074588043804
 30
0.0
 10
-146.3663551150821
 20
-556.1968379974932
 30
0.0
  0
HATCH
  5
D8
330
CC
100
AcDbEntity
  8
Capa 1
 62
   250
420
  2107699
440
 33554687
100
AcDbHatch
 10
0.0
 20
0.0
 30
0.0
210
0.0
220
0.0
230
1.0
  2
SOLID
 70
     1
 71
     1
 91
        1
 92
        1
 93
        1
 72
     4
 94
        3
 73
     0
 74
     0
 95
       17
 96
       13
 40
0.0
 40
0.0
 40
0.0
 40
0.0
 40
1.0
 40
1.0
 40
1.0
 40
2.0
 40
2.0
 40
2.0
 40
3.0
 40
3.0
 40
3.0
 40
4.0
 40
4.0
 40
4.0
 40
4.0
 10
-146.3663551150821
 20
-556.1968379974932
 10
-142.9153877305179
 20
-555.7310965076685
 10
-140.5031952968238
 20
-555.5571729738294
 10
-138.4935468255353
 20
-558.7400516082816
 10
-136.8654565858996
 20
-561.3186188118198
 10
-134.922247153594
 20
-568.5635288283483
 10
-135.4847814310778
 20
-571.4985427915453
 10
-136.8881503659868
 20
-578.8205986810026
 10
-160.8339057013945
 20
-576.3418686481927
 10
-163.9489154640514
 20
-571.560410176804
 10
-168.267844465925
 20
-564.9309671776499
 10
-151.6317851464337
 20
-556.9074588043804
 10
-146.3663551150821
 20
-556.1968379974932
 97
        0
 97
        1
330
D7
 75
     2
 76
     1
 98
        1
 10
0.0
 20
0.0
450
        0
451
        0
460
0.0
461
0.0
452
        0
462
0.0
453
        0
470

  0
SPLINE
  5
D9
330
CC
100
AcDbEntity
  8
Capa 1
100
AcDbSpline
210
0.0
220
0.0
230
1.0
 70
     9
 71
     3
 72
    26
 73
    22
 74
     0
 42
0.0000000001
 43
0.0000000001
 40
0.0
 40
0.0
 40
0.0
 40
0.0
 40
1.0
 40
1.0
 40
1.0
 40
2.0
 40
2.0
 40
2.0
 40
3.0
 40
3.0
 40
3.0
 40
4.0
 40
4.0
 40
4.0
 40
5.0
 40
5.0
 40
5.0
 40
6.0
 40
6.0
 40
6.0
 40
7.0
 40
7.0
 40
7.0
 40
7.0
 10
-156.5056220814949
 20
-740.1317150815011
 30
0.0
 10
-155.7808396080836
 20
-740.715042390606
 30
0.0
 10
-153.4163012058634
 20
-744.5355785498577
 30
0.0
 10
-152.8369070044246
 20
-745.615356117476
 30
0.0
 10
-146.5043918056872
 20
-757.4168340080141
 30
0.0
 10
-146.2536047262074
 20
-771.140564930898
 30
0.0
 10
-152.8983638169384
 20
-782.8620568077931
 30
0.0
 10
-154.4889592286354
 20
-785.6678998704301
 30
0.0
 10
-161.7412239755831
 20
-796.6855210024623
 30
0.0
 10
-164.8438604116163
 20
-789.851572056039
 30
0.0
 10
-166.2905063466933
 20
-786.6651515173434
 30
0.0
 10
-161.5344431275625
 20
-783.131729588309
 30
0.0
 10
-159.8516699284664
 20
-780.3326491680054
 30
0.0
 10
-154.8129600758984
 20
-771.9513925022111
 30
0.0
 10
-154.168282917064
 20
-760.993211055189
 30
0.0
 10
-157.9159583353175
 20
-751.9584737875666
 30
0.0
 10
-159.1020405991912
 20
-749.0991168700238
 30
0.0
 10
-162.7101963118511
 20
-745.1167040926375
 30
0.0
 10
-162.6821327913785
 20
-742.8067331481579
 30
0.0
 10
-162.6389593982058
 20
-739.2530348911495
 30
0.0
 10
-158.9461135088058
 20
-738.167532241252
 30
0.0
 10
-156.5056220814949
 20
-740.1317150815011
 30
0.0
  0
HATCH
  5
DA
330
CC
100
AcDbEntity
  8
Capa 1
 62
   125
420
  4107652
440
 33554687
100
AcDbHatch
 10
0.0
 20
0.0
 30
0.0
210
0.0
220
0.0
230
1.0
  2
SOLID
 70
     1
 71
     1
 91
        1
 92
        1
 93
        1
 72
     4
 94
        3
 73
     0
 74
     0
 95
       26
 96
       22
 40
0.0
 40
0.0
 40
0.0
 40
0.0
 40
1.0
 40
1.0
 40
1.0
 40
2.0
 40
2.0
 40
2.0
 40
3.0
 40
3.0
 40
3.0
 40
4.0
 40
4.0
 40
4.0
 40
5.0
 40
5.0
 40
5.0
 40
6.0
 40
6.0
 40
6.0
 40
7.0
 40
7.0
 40
7.0
 40
7.0
 10
-156.5056220814949
 20
-740.1317150815011
 10
-155.7808396080836
 20
-740.715042390606
 10
-153.4163012058634
 20
-744.5355785498577
 10
-152.8369070044246
 20
-745.615356117476
 10
-146.5043918056872
 20
-757.4168340080141
 10
-146.2536047262074
 20
-771.140564930898
 10
-152.8983638169384
 20
-782.8620568077931
 10
-154.4889592286354
 20
-785.6678998704301
 10
-161.7412239755831
 20
-796.6855210024623
 10
-164.8438604116163
 20
-789.851572056039
 10
-166.2905063466933
 20
-786.6651515173434
 10
-161.5344431275625
 20
-783.131729588309
 10
-159.8516699284664
 20
-780.3326491680054
 10
-154.8129600758984
 20
-771.9513925022111
 10
-154.168282917064
 20
-760.993211055189
 10
-157.9159583353175
 20
-751.9584737875666
 10
-159.1020405991912
 20
-749.0991168700238
 10
-162.7101963118511
 20
-745.1167040926375
 10
-162.6821327913785
 20
-742.8067331481579
 10
-162.6389593982058
 20
-739.2530348911495
 10
-158.9461135088058
 20
-738.167532241252
 10
-156.5056220814949
 20
-740.1317150815011
 97
        0
 97
        1
330
D9
 75
     2
 76
     1
 98
        1
 10
0.0
 20
0.0
450
        0
451
        0
460
0.0
461
0.0
452
        0
462
0.0
453
        0
470

  0
SPLINE
  5
DB
330
CC
100
AcDbEntity
  8
Capa 1
100
AcDbSpline
210
0.0
220
0.0
230
1.0
 70
     9
 71
     3
 72
    11
 73
     7
 74
     0
 42
0.0000000001
 43
0.0000000001
 40
0.0
 40
0.0
 40
0.0
 40
0.0
 40
1.0
 40
1.0
 40
1.0
 40
2.0
 40
2.0
 40
2.0
 40
2.0
 10
-198.4515519002134
 20
-770.6904617386316
 30
0.0
 10
-206.6687899799362
 20
-762.3906883884664
 30
0.0
 10
-193.7723274786767
 20
-750.6993164810665
 30
0.0
 10
-186.3098765122886
 20
-758.8648241809059
 30
0.0
 10
-178.8505638710776
 20
-767.026897885873
 30
0.0
 10
-191.1990722379487
 20
-778.0157864814973
 30
0.0
 10
-198.4515519002134
 20
-770.6904617386316
 30
0.0
  0
HATCH
  5
DC
330
CC
100
AcDbEntity
  8
Capa 1
 62
   125
420
  4107652
440
 33554687
100
AcDbHatch
 10
0.0
 20
0.0
 30
0.0
210
0.0
220
0.0
230
1.0
  2
SOLID
 70
     1
 71
     1
 91
        1
 92
        1
 93
        1
 72
     4
 94
        3
 73
     0
 74
     0
 95
       11
 96
        7
 40
0.0
 40
0.0
 40
0.0
 40
0.0
 40
1.0
 40
1.0
 40
1.0
 40
2.0
 40
2.0
 40
2.0
 40
2.0
 10
-198.4515519002134
 20
-770.6904617386316
 10
-206.6687899799362
 20
-762.3906883884664
 10
-193.7723274786767
 20
-750.6993164810665
 10
-186.3098765122886
 20
-758.8648241809059
 10
-178.8505638710776
 20
-767.026897885873
 10
-191.1990722379487
 20
-778.0157864814973
 10
-198.4515519002134
 20
-770.6904617386316
 97
        0
 97
        1
330
DB
 75
     2
 76
     1
 98
        1
 10
0.0
 20
0.0
450
        0
451
        0
460
0.0
461
0.0
452
        0
462
0.0
453
        0
470

  0
ENDBLK
  5
CF
330
CC
100
AcDbEntity
  8
0
100
AcDbBlockEnd
  0
BLOCK
  5
DF
330
DD
100
AcDbEntity
  8
0
100
AcDbBlockBegin
  2
Block_10
 70
     0
 10
0.0
 20
0.0
 30
0.0
  3
Block_10
  1

  0
SPLINE
  5
E1
330
DD
100
AcDbEntity
  8
Capa 1
100
AcDbSpline
210
0.0
220
0.0
230
1.0
 70
     9
 71
     3
 72
    89
 73
    85
 74
     0
 42
0.0000000001
 43
0.0000000001
 40
0.0
 40
0.0
 40
0.0
 40
0.0
 40
1.0
 40
1.0
 40
1.0
 40
2.0
 40
2.0
 40
2.0
 40
3.0
 40
3.0
 40
3.0
 40
4.0
 40
4.0
 40
4.0
 40
5.0
 40
5.0
 40
5.0
 40
6.0
 40
6.0
 40
6.0
 40
7.0
 40
7.0
 40
7.0
 40
8.0
 40
8.0
 40
8.0
 40
9.0
 40
9.0
 40
9.0
 40
10.0
 40
10.0
 40
10.0
 40
11.0
 40
11.0
 40
11.0
 40
12.0
 40
12.0
 40
12.0
 40
13.0
 40
13.0
 40
13.0
 40
14.0
 40
14.0
 40
14.0
 40
15.0
 40
15.0
 40
15.0
 40
16.0
 40
16.0
 40
16.0
 40
17.0
 40
17.0
 40
17.0
 40
18.0
 40
18.0
 40
18.0
 40
19.0
 40
19.0
 40
19.0
 40
20.0
 40
20.0
 40
20.0
 40
21.0
 40
21.0
 40
21.0
 40
22.0
 40
22.0
 40
22.0
 40
23.0
 40
23.0
 40
23.0
 40
24.0
 40
24.0
 40
24.0
 40
25.0
 40
25.0
 40
25.0
 40
26.0
 40
26.0
 40
26.0
 40
27.0
 40
27.0
 40
27.0
 40
28.0
 40
28.0
 40
28.0
 40
28.0
 10
227.6733802545578
 20
-483.5376522994247
 30
0.0
 10
260.9024702198121
 20
-482.4045149551093
 30
0.0
 10
321.8557695065101
 20
-499.3522579853925
 30
0.0
 10
336.4148400203194
 20
-532.420621178131
 30
0.0
 10
339.5702388629725
 20
-539.587553630843
 30
0.0
 10
339.8235585142211
 20
-546.0363944648543
 30
0.0
 10
346.2859534181371
 20
-551.6208404950921
 30
0.0
 10
358.9658805472063
 20
-562.5781357041415
 30
0.0
 10
400.6251681288195
 20
-566.2966014768335
 30
0.0
 10
418.513512964666
 20
-572.2951485370885
 30
0.0
 10
425.5345392493218
 20
-574.649528272399
 30
0.0
 10
433.2124619841961
 20
-578.6863173021028
 30
0.0
 10
433.1268575361864
 20
-587.2456198929285
 30
0.0
 10
433.0729740876013
 20
-592.6332457906373
 30
0.0
 10
429.7374797841621
 20
-603.8587943756811
 30
0.0
 10
428.3441315221097
 20
-609.6346166660751
 30
0.0
 10
415.8164285400053
 20
-661.5654857114823
 30
0.0
 10
396.1304890560896
 20
-682.3876916094268
 30
0.0
 10
341.2382359845505
 20
-686.8449495163877
 30
0.0
 10
314.7761107920851
 20
-688.9936774360721
 30
0.0
 10
280.9030195925052
 20
-681.6235780162642
 30
0.0
 10
271.242909092628
 20
-713.5434031757904
 30
0.0
 10
269.3319175890474
 20
-719.8578769777632
 30
0.0
 10
269.6721691677394
 20
-732.0493729730988
 30
0.0
 10
260.0143667511229
 20
-729.5259877873213
 30
0.0
 10
252.3442953398089
 20
-727.5219558411045
 30
0.0
 10
255.7161721147431
 20
-716.9519057475372
 30
0.0
 10
257.1935567879127
 20
-711.50177522382
 30
0.0
 10
268.7928471745436
 20
-668.7115339699885
 30
0.0
 10
304.5389998766223
 20
-676.1589770367318
 30
0.0
 10
339.343207280297
 20
-672.9421964299436
 30
0.0
 10
382.0746869470022
 20
-668.9927372885031
 30
0.0
 10
403.1056246316948
 20
-655.0986974488259
 30
0.0
 10
412.6674189367113
 20
-612.2854834009867
 30
0.0
 10
414.6450410376928
 20
-603.4306225229738
 30
0.0
 10
417.6065446374304
 20
-593.0896249131656
 30
0.0
 10
409.4819572951637
 20
-586.3825881569482
 30
0.0
 10
401.960156797064
 20
-580.1731660302084
 30
0.0
 10
364.866013453393
 20
-575.0407649294284
 30
0.0
 10
352.4395402769078
 20
-570.7466733883011
 30
0.0
 10
343.3294078052277
 20
-567.5985763997523
 30
0.0
 10
334.9260688853938
 20
-562.5374212616316
 30
0.0
 10
329.9199543986615
 20
-554.0831586509775
 30
0.0
 10
326.6583158222129
 20
-548.5749448177958
 30
0.0
 10
325.4620092610094
 20
-542.162483644619
 30
0.0
 10
322.7120869161008
 20
-536.6435918753577
 30
0.0
 10
311.7132038627933
 20
-514.5696430359021
 30
0.0
 10
264.5267707755784
 20
-499.3574104759864
 30
0.0
 10
241.3848049589842
 20
-497.8936300105378
 30
0.0
 10
186.3746662687381
 20
-494.4141172044728
 30
0.0
 10
139.4715537443562
 20
-527.6672411934032
 30
0.0
 10
111.255346690511
 20
-572.5154055876555
 30
0.0
 10
105.5920358845305
 20
-581.516937705619
 30
0.0
 10
97.15018634801982
 20
-594.580800851576
 30
0.0
 10
99.82112874187533
 20
-605.3294737148316
 30
0.0
 10
105.2236011099494
 20
-627.0706420271235
 30
0.0
 10
154.5027730218308
 20
-673.8463435879894
 30
0.0
 10
176.9399193148074
 20
-675.4745552194909
 30
0.0
 10
185.8125024390911
 20
-676.1184179842021
 30
0.0
 10
193.4556665357804
 20
-667.8338964714384
 30
0.0
 10
197.7334297787174
 20
-660.8894451572632
 30
0.0
 10
219.7804189037406
 20
-625.0987213822518
 30
0.0
 10
199.2425723146361
 20
-577.5413338818798
 30
0.0
 10
208.50351130129
 20
-538.9425729864269
 30
0.0
 10
211.0706370024427
 20
-528.243023915853
 30
0.0
 10
220.6567264385821
 20
-528.9065326884956
 30
0.0
 10
221.5064178336734
 20
-539.2543755279475
 30
0.0
 10
221.9567570175404
 20
-544.7387656560003
 30
0.0
 10
220.3417095088162
 20
-551.9385544093038
 30
0.0
 10
220.1892064739486
 20
-557.5801085864404
 30
0.0
 10
219.210457391001
 20
-593.7870337931835
 30
0.0
 10
229.6116241203099
 20
-634.665246182858
 30
0.0
 10
209.9846420924487
 20
-667.452788026796
 30
0.0
 10
189.7928815410387
 20
-701.1838116269792
 30
0.0
 10
163.7892653594435
 20
-690.5997220977951
 30
0.0
 10
137.4976399538509
 20
-671.2991993336473
 30
0.0
 10
118.9260552453534
 20
-657.6659116268928
 30
0.0
 10
85.17526289603756
 20
-624.9245739847701
 30
0.0
 10
84.95231402295122
 20
-600.5541031020148
 30
0.0
 10
84.82636136002566
 20
-586.786257308835
 30
0.0
 10
98.23639316957542
 20
-565.9414545024573
 30
0.0
 10
106.2150667078376
 20
-554.8354157289923
 30
0.0
 10
134.2368551561967
 20
-515.8300513013236
 30
0.0
 10
178.2688460418912
 20
-485.2223846454908
 30
0.0
 10
227.6733802545578
 20
-483.5376522994247
 30
0.0
  0
HATCH
  5
E2
330
DD
100
AcDbEntity
  8
Capa 1
 62
     7
420
 15921653
440
 33554687
100
AcDbHatch
 10
0.0
 20
0.0
 30
0.0
210
0.0
220
0.0
230
1.0
  2
SOLID
 70
     1
 71
     1
 91
        1
 92
        1
 93
        1
 72
     4
 94
        3
 73
     0
 74
     0
 95
       89
 96
       85
 40
0.0
 40
0.0
 40
0.0
 40
0.0
 40
1.0
 40
1.0
 40
1.0
 40
2.0
 40
2.0
 40
2.0
 40
3.0
 40
3.0
 40
3.0
 40
4.0
 40
4.0
 40
4.0
 40
5.0
 40
5.0
 40
5.0
 40
6.0
 40
6.0
 40
6.0
 40
7.0
 40
7.0
 40
7.0
 40
8.0
 40
8.0
 40
8.0
 40
9.0
 40
9.0
 40
9.0
 40
10.0
 40
10.0
 40
10.0
 40
11.0
 40
11.0
 40
11.0
 40
12.0
 40
12.0
 40
12.0
 40
13.0
 40
13.0
 40
13.0
 40
14.0
 40
14.0
 40
14.0
 40
15.0
 40
15.0
 40
15.0
 40
16.0
 40
16.0
 40
16.0
 40
17.0
 40
17.0
 40
17.0
 40
18.0
 40
18.0
 40
18.0
 40
19.0
 40
19.0
 40
19.0
 40
20.0
 40
20.0
 40
20.0
 40
21.0
 40
21.0
 40
21.0
 40
22.0
 40
22.0
 40
22.0
 40
23.0
 40
23.0
 40
23.0
 40
24.0
 40
24.0
 40
24.0
 40
25.0
 40
25.0
 40
25.0
 40
26.0
 40
26.0
 40
26.0
 40
27.0
 40
27.0
 40
27.0
 40
28.0
 40
28.0
 40
28.0
 40
28.0
 10
227.6733802545578
 20
-483.5376522994247
 10
260.9024702198121
 20
-482.4045149551093
 10
321.8557695065101
 20
-499.3522579853925
 10
336.4148400203194
 20
-532.420621178131
 10
339.5702388629725
 20
-539.587553630843
 10
339.8235585142211
 20
-546.0363944648543
 10
346.2859534181371
 20
-551.6208404950921
 10
358.9658805472063
 20
-562.5781357041415
 10
400.6251681288195
 20
-566.2966014768335
 10
418.513512964666
 20
-572.2951485370885
 10
425.5345392493218
 20
-574.649528272399
 10
433.2124619841961
 20
-578.6863173021028
 10
433.1268575361864
 20
-587.2456198929285
 10
433.0729740876013
 20
-592.6332457906373
 10
429.7374797841621
 20
-603.8587943756811
 10
428.3441315221097
 20
-609.6346166660751
 10
415.8164285400053
 20
-661.5654857114823
 10
396.1304890560896
 20
-682.3876916094268
 10
341.2382359845505
 20
-686.8449495163877
 10
314.7761107920851
 20
-688.9936774360721
 10
280.9030195925052
 20
-681.6235780162642
 10
271.242909092628
 20
-713.5434031757904
 10
269.3319175890474
 20
-719.8578769777632
 10
269.6721691677394
 20
-732.0493729730988
 10
260.0143667511229
 20
-729.5259877873213
 10
252.3442953398089
 20
-727.5219558411045
 10
255.7161721147431
 20
-716.9519057475372
 10
257.1935567879127
 20
-711.50177522382
 10
268.7928471745436
 20
-668.7115339699885
 10
304.5389998766223
 20
-676.1589770367318
 10
339.343207280297
 20
-672.9421964299436
 10
382.0746869470022
 20
-668.9927372885031
 10
403.1056246316948
 20
-655.0986974488259
 10
412.6674189367113
 20
-612.2854834009867
 10
414.6450410376928
 20
-603.4306225229738
 10
417.6065446374304
 20
-593.0896249131656
 10
409.4819572951637
 20
-586.3825881569482
 10
401.960156797064
 20
-580.1731660302084
 10
364.866013453393
 20
-575.0407649294284
 10
352.4395402769078
 20
-570.7466733883011
 10
343.3294078052277
 20
-567.5985763997523
 10
334.9260688853938
 20
-562.5374212616316
 10
329.9199543986615
 20
-554.0831586509775
 10
326.6583158222129
 20
-548.5749448177958
 10
325.4620092610094
 20
-542.162483644619
 10
322.7120869161008
 20
-536.6435918753577
 10
311.7132038627933
 20
-514.5696430359021
 10
264.5267707755784
 20
-499.3574104759864
 10
241.3848049589842
 20
-497.8936300105378
 10
186.3746662687381
 20
-494.4141172044728
 10
139.4715537443562
 20
-527.6672411934032
 10
111.255346690511
 20
-572.5154055876555
 10
105.5920358845305
 20
-581.516937705619
 10
97.15018634801982
 20
-594.580800851576
 10
99.82112874187533
 20
-605.3294737148316
 10
105.2236011099494
 20
-627.0706420271235
 10
154.5027730218308
 20
-673.8463435879894
 10
176.9399193148074
 20
-675.4745552194909
 10
185.8125024390911
 20
-676.1184179842021
 10
193.4556665357804
 20
-667.8338964714384
 10
197.7334297787174
 20
-660.8894451572632
 10
219.7804189037406
 20
-625.0987213822518
 10
199.2425723146361
 20
-577.5413338818798
 10
208.50351130129
 20
-538.9425729864269
 10
211.0706370024427
 20
-528.243023915853
 10
220.6567264385821
 20
-528.9065326884956
 10
221.5064178336734
 20
-539.2543755279475
 10
221.9567570175404
 20
-544.7387656560003
 10
220.3417095088162
 20
-551.9385544093038
 10
220.1892064739486
 20
-557.5801085864404
 10
219.210457391001
 20
-593.7870337931835
 10
229.6116241203099
 20
-634.665246182858
 10
209.9846420924487
 20
-667.452788026796
 10
189.7928815410387
 20
-701.1838116269792
 10
163.7892653594435
 20
-690.5997220977951
 10
137.4976399538509
 20
-671.2991993336473
 10
118.9260552453534
 20
-657.6659116268928
 10
85.17526289603756
 20
-624.9245739847701
 10
84.95231402295122
 20
-600.5541031020148
 10
84.82636136002566
 20
-586.786257308835
 10
98.23639316957542
 20
-565.9414545024573
 10
106.2150667078376
 20
-554.8354157289923
 10
134.2368551561967
 20
-515.8300513013236
 10
178.2688460418912
 20
-485.2223846454908
 10
227.6733802545578
 20
-483.5376522994247
 97
        0
 97
        1
330
E1
 75
     2
 76
     1
 98
        1
 10
0.0
 20
0.0
450
        0
451
        0
460
0.0
461
0.0
452
        0
462
0.0
453
        0
470

  0
SPLINE
  5
E3
330
DD
100
AcDbEntity
  8
Capa 1
100
AcDbSpline
210
0.0
220
0.0
230
1.0
 70
     9
 71
     3
 72
    17
 73
    13
 74
     0
 42
0.0000000001
 43
0.0000000001
 40
0.0
 40
0.0
 40
0.0
 40
0.0
 40
1.0
 40
1.0
 40
1.0
 40
2.0
 40
2.0
 40
2.0
 40
3.0
 40
3.0
 40
3.0
 40
4.0
 40
4.0
 40
4.0
 40
4.0
 10
231.4762557464064
 20
-747.6622498361757
 30
0.0
 10
217.3682912491213
 20
-748.3884926467035
 30
0.0
 10
214.1367490795174
 20
-770.3348382972726
 30
0.0
 10
225.7615064566717
 20
-775.7909084396779
 30
0.0
 10
229.7599294020156
 20
-777.6675649014869
 30
0.0
 10
245.7195361616586
 20
-778.9764073027363
 30
0.0
 10
250.8448361516066
 20
-779.1474144870699
 30
0.0
 10
259.3785646067818
 20
-779.4321449180352
 30
0.0
 10
266.8878314480981
 20
-778.3241962673455
 30
0.0
 10
268.7323524184149
 20
-768.5435076893264
 30
0.0
 10
273.2874503215289
 20
-744.3898142644647
 30
0.0
 10
246.4329346430068
 20
-750.5099092653726
 30
0.0
 10
231.4762557464064
 20
-747.6622498361757
 30
0.0
  0
SPLINE
  5
E4
330
DD
100
AcDbEntity
  8
Capa 1
100
AcDbSpline
210
0.0
220
0.0
230
1.0
 70
     9
 71
     3
 72
    50
 73
    46
 74
     0
 42
0.0000000001
 43
0.0000000001
 40
0.0
 40
0.0
 40
0.0
 40
0.0
 40
1.0
 40
1.0
 40
1.0
 40
2.0
 40
2.0
 40
2.0
 40
3.0
 40
3.0
 40
3.0
 40
4.0
 40
4.0
 40
4.0
 40
5.0
 40
5.0
 40
5.0
 40
6.0
 40
6.0
 40
6.0
 40
7.0
 40
7.0
 40
7.0
 40
8.0
 40
8.0
 40
8.0
 40
9.0
 40
9.0
 40
9.0
 40
10.0
 40
10.0
 40
10.0
 40
11.0
 40
11.0
 40
11.0
 40
12.0
 40
12.0
 40
12.0
 40
13.0
 40
13.0
 40
13.0
 40
14.0
 40
14.0
 40
14.0
 40
15.0
 40
15.0
 40
15.0
 40
15.0
 10
207.5291736305562
 20
-765.269405380368
 30
0.0
 10
167.9448896814911
 20
-757.492878037614
 30
0.0
 10
129.8564161255317
 20
-737.8476231849235
 30
0.0
 10
100.7652328911199
 20
-709.9275628777468
 30
0.0
 10
96.96237842001483
 20
-706.2777998097735
 30
0.0
 10
93.50906479552486
 20
-704.2720869488403
 30
0.0
 10
93.79529581069892
 20
-698.524381989755
 30
0.0
 10
94.04355701097211
 20
-693.5391356107174
 30
0.0
 10
99.08953323688274
 20
-674.820771935003
 30
0.0
 10
100.9516392371761
 20
-669.6492323946695
 30
0.0
 10
103.6041963148009
 20
-662.2824102010054
 30
0.0
 10
112.9925525539483
 20
-661.5935825595625
 30
0.0
 10
114.5427277294102
 20
-668.3387772843234
 30
0.0
 10
115.8278060952234
 20
-673.9304703724301
 30
0.0
 10
110.487103404449
 20
-687.3621232403202
 30
0.0
 10
109.1824328611483
 20
-693.6737253644751
 30
0.0
 10
108.9978183438606
 20
-694.5668346520615
 30
0.0
 10
108.4940042726748
 20
-696.0842689255405
 30
0.0
 10
108.5079032628773
 20
-696.7930624478976
 30
0.0
 10
108.5333114657114
 20
-698.0887802892139
 30
0.0
 10
118.8221481153714
 20
-706.7785817191616
 30
0.0
 10
120.6971586129284
 20
-708.3232164761539
 30
0.0
 10
142.3516236843506
 20
-726.1621776110187
 30
0.0
 10
170.3038496809886
 20
-741.1631155879949
 30
0.0
 10
197.4684289646402
 20
-748.4692625182142
 30
0.0
 10
199.7837319870987
 20
-749.0919831535466
 30
0.0
 10
207.4643051537996
 20
-751.3414211552044
 30
0.0
 10
209.2109426807674
 20
-751.2881091784511
 30
0.0
 10
210.4361165001401
 20
-751.2507136472268
 30
0.0
 10
213.3310104367674
 20
-745.3116612826197
 30
0.0
 10
214.8331144923641
 20
-743.7156211691545
 30
0.0
 10
218.5283909924483
 20
-739.789255680349
 30
0.0
 10
225.9939324267843
 20
-736.3298615652638
 30
0.0
 10
231.3802272446064
 20
-736.1921572916108
 30
0.0
 10
237.2670681448626
 20
-736.04165621848
 30
0.0
 10
259.9889855209121
 20
-738.3568203699324
 30
0.0
 10
265.0805341255882
 20
-740.2637937335566
 30
0.0
 10
288.3158867561551
 20
-748.966293110705
 30
0.0
 10
283.6626395429494
 20
-788.0163250437326
 30
0.0
 10
259.0803344444694
 20
-790.4909793627703
 30
0.0
 10
252.3248640569264
 20
-791.171039833287
 30
0.0
 10
226.9331761801341
 20
-788.8364409433815
 30
0.0
 10
221.0454555824745
 20
-786.1948287580672
 30
0.0
 10
212.985765107559
 20
-782.578730436955
 30
0.0
 10
208.063808378568
 20
-773.8927633055391
 30
0.0
 10
207.5291736305562
 20
-765.269405380368
 30
0.0
  0
HATCH
  5
E5
330
DD
100
AcDbEntity
  8
Capa 1
 62
     7
420
 15921653
440
 33554687
100
AcDbHatch
 10
0.0
 20
0.0
 30
0.0
210
0.0
220
0.0
230
1.0
  2
SOLID
 70
     1
 71
     1
 91
        2
 92
        1
 93
        1
 72
     4
 94
        3
 73
     0
 74
     0
 95
       17
 96
       13
 40
0.0
 40
0.0
 40
0.0
 40
0.0
 40
1.0
 40
1.0
 40
1.0
 40
2.0
 40
2.0
 40
2.0
 40
3.0
 40
3.0
 40
3.0
 40
4.0
 40
4.0
 40
4.0
 40
4.0
 10
231.4762557464064
 20
-747.6622498361757
 10
217.3682912491213
 20
-748.3884926467035
 10
214.1367490795174
 20
-770.3348382972726
 10
225.7615064566717
 20
-775.7909084396779
 10
229.7599294020156
 20
-777.6675649014869
 10
245.7195361616586
 20
-778.9764073027363
 10
250.8448361516066
 20
-779.1474144870699
 10
259.3785646067818
 20
-779.4321449180352
 10
266.8878314480981
 20
-778.3241962673455
 10
268.7323524184149
 20
-768.5435076893264
 10
273.2874503215289
 20
-744.3898142644647
 10
246.4329346430068
 20
-750.5099092653726
 10
231.4762557464064
 20
-747.6622498361757
 97
        0
 97
        1
330
E3
 92
        1
 93
        1
 72
     4
 94
        3
 73
     0
 74
     0
 95
       50
 96
       46
 40
0.0
 40
0.0
 40
0.0
 40
0.0
 40
1.0
 40
1.0
 40
1.0
 40
2.0
 40
2.0
 40
2.0
 40
3.0
 40
3.0
 40
3.0
 40
4.0
 40
4.0
 40
4.0
 40
5.0
 40
5.0
 40
5.0
 40
6.0
 40
6.0
 40
6.0
 40
7.0
 40
7.0
 40
7.0
 40
8.0
 40
8.0
 40
8.0
 40
9.0
 40
9.0
 40
9.0
 40
10.0
 40
10.0
 40
10.0
 40
11.0
 40
11.0
 40
11.0
 40
12.0
 40
12.0
 40
12.0
 40
13.0
 40
13.0
 40
13.0
 40
14.0
 40
14.0
 40
14.0
 40
15.0
 40
15.0
 40
15.0
 40
15.0
 10
207.5291736305562
 20
-765.269405380368
 10
167.9448896814911
 20
-757.492878037614
 10
129.8564161255317
 20
-737.8476231849235
 10
100.7652328911199
 20
-709.9275628777468
 10
96.96237842001483
 20
-706.2777998097735
 10
93.50906479552486
 20
-704.2720869488403
 10
93.79529581069892
 20
-698.524381989755
 10
94.04355701097211
 20
-693.5391356107174
 10
99.08953323688274
 20
-674.820771935003
 10
100.9516392371761
 20
-669.6492323946695
 10
103.6041963148009
 20
-662.2824102010054
 10
112.9925525539483
 20
-661.5935825595625
 10
114.5427277294102
 20
-668.3387772843234
 10
115.8278060952234
 20
-673.9304703724301
 10
110.487103404449
 20
-687.3621232403202
 10
109.1824328611483
 20
-693.6737253644751
 10
108.9978183438606
 20
-694.5668346520615
 10
108.4940042726748
 20
-696.0842689255405
 10
108.5079032628773
 20
-696.7930624478976
 10
108.5333114657114
 20
-698.0887802892139
 10
118.8221481153714
 20
-706.7785817191616
 10
120.6971586129284
 20
-708.3232164761539
 10
142.3516236843506
 20
-726.1621776110187
 10
170.3038496809886
 20
-741.1631155879949
 10
197.4684289646402
 20
-748.4692625182142
 10
199.7837319870987
 20
-749.0919831535466
 10
207.4643051537996
 20
-751.3414211552044
 10
209.2109426807674
 20
-751.2881091784511
 10
210.4361165001401
 20
-751.2507136472268
 10
213.3310104367674
 20
-745.3116612826197
 10
214.8331144923641
 20
-743.7156211691545
 10
218.5283909924483
 20
-739.789255680349
 10
225.9939324267843
 20
-736.3298615652638
 10
231.3802272446064
 20
-736.1921572916108
 10
237.2670681448626
 20
-736.04165621848
 10
259.9889855209121
 20
-738.3568203699324
 10
265.0805341255882
 20
-740.2637937335566
 10
288.3158867561551
 20
-748.966293110705
 10
283.6626395429494
 20
-788.0163250437326
 10
259.0803344444694
 20
-790.4909793627703
 10
252.3248640569264
 20
-791.171039833287
 10
226.9331761801341
 20
-788.8364409433815
 10
221.0454555824745
 20
-786.1948287580672
 10
212.985765107559
 20
-782.578730436955
 10
208.063808378568
 20
-773.8927633055391
 10
207.5291736305562
 20
-765.269405380368
 97
        0
 97
        1
330
E4
 75
     2
 76
     1
 98
        1
 10
0.0
 20
0.0
450
        0
451
        0
460
0.0
461
0.0
452
        0
462
0.0
453
        0
470

  0
SPLINE
  5
E6
330
DD
100
AcDbEntity
  8
Capa 1
100
AcDbSpline
210
0.0
220
0.0
230
1.0
 70
     9
 71
     3
 72
    23
 73
    19
 74
     0
 42
0.0000000001
 43
0.0000000001
 40
0.0
 40
0.0
 40
0.0
 40
0.0
 40
1.0
 40
1.0
 40
1.0
 40
2.0
 40
2.0
 40
2.0
 40
3.0
 40
3.0
 40
3.0
 40
4.0
 40
4.0
 40
4.0
 40
5.0
 40
5.0
 40
5.0
 40
6.0
 40
6.0
 40
6.0
 40
6.0
 10
297.7847387248594
 20
-727.4117945328871
 30
0.0
 10
301.5764354998864
 20
-726.6182967166096
 30
0.0
 10
304.9452334486123
 20
-732.9645948796241
 30
0.0
 10
306.678236105301
 20
-735.9532358903052
 30
0.0
 10
318.0601760006466
 20
-755.581903060025
 30
0.0
 10
317.0802728134622
 20
-781.2338465222165
 30
0.0
 10
302.0689518283361
 20
-798.7201983785598
 30
0.0
 10
299.9892700053897
 20
-801.1427731900184
 30
0.0
 10
293.832414846228
 20
-808.0342143097622
 30
0.0
 10
291.3284612034559
 20
-802.4911555188809
 30
0.0
 10
289.7663060134264
 20
-799.0329772559452
 30
0.0
 10
294.1296366559918
 20
-796.9956386220692
 30
0.0
 10
296.0388376728961
 20
-794.5860404501254
 30
0.0
 10
308.4804931002363
 20
-778.8834560139402
 30
0.0
 10
310.6406438956328
 20
-758.264404278867
 30
0.0
 10
300.8094944301556
 20
-740.5580065654285
 30
0.0
 10
299.1122315882858
 20
-737.5011502936395
 30
0.0
 10
290.7702609624485
 20
-728.8797317433418
 30
0.0
 10
297.7847387248594
 20
-727.4117945328871
 30
0.0
  0
HATCH
  5
E7
330
DD
100
AcDbEntity
  8
Capa 1
 62
   125
420
  4107652
440
 33554687
100
AcDbHatch
 10
0.0
 20
0.0
 30
0.0
210
0.0
220
0.0
230
1.0
  2
SOLID
 70
     1
 71
     1
 91
        1
 92
        1
 93
        1
 72
     4
 94
        3
 73
     0
 74
     0
 95
       23
 96
       19
 40
0.0
 40
0.0
 40
0.0
 40
0.0
 40
1.0
 40
1.0
 40
1.0
 40
2.0
 40
2.0
 40
2.0
 40
3.0
 40
3.0
 40
3.0
 40
4.0
 40
4.0
 40
4.0
 40
5.0
 40
5.0
 40
5.0
 40
6.0
 40
6.0
 40
6.0
 40
6.0
 10
297.7847387248594
 20
-727.4117945328871
 10
301.5764354998864
 20
-726.6182967166096
 10
304.9452334486123
 20
-732.9645948796241
 10
306.678236105301
 20
-735.9532358903052
 10
318.0601760006466
 20
-755.581903060025
 10
317.0802728134622
 20
-781.2338465222165
 10
302.0689518283361
 20
-798.7201983785598
 10
299.9892700053897
 20
-801.1427731900184
 10
293.832414846228
 20
-808.0342143097622
 10
291.3284612034559
 20
-802.4911555188809
 10
289.7663060134264
 20
-799.0329772559452
 10
294.1296366559918
 20
-796.9956386220692
 10
296.0388376728961
 20
-794.5860404501254
 10
308.4804931002363
 20
-778.8834560139402
 10
310.6406438956328
 20
-758.264404278867
 10
300.8094944301556
 20
-740.5580065654285
 10
299.1122315882858
 20
-737.5011502936395
 10
290.7702609624485
 20
-728.8797317433418
 10
297.7847387248594
 20
-727.4117945328871
 97
        0
 97
        1
330
E6
 75
     2
 76
     1
 98
        1
 10
0.0
 20
0.0
450
        0
451
        0
460
0.0
461
0.0
452
        0
462
0.0
453
        0
470

  0
SPLINE
  5
E8
330
DD
100
AcDbEntity
  8
Capa 1
100
AcDbSpline
210
0.0
220
0.0
230
1.0
 70
     9
 71
     3
 72
    17
 73
    13
 74
     0
 42
0.0000000001
 43
0.0000000001
 40
0.0
 40
0.0
 40
0.0
 40
0.0
 40
1.0
 40
1.0
 40
1.0
 40
2.0
 40
2.0
 40
2.0
 40
3.0
 40
3.0
 40
3.0
 40
4.0
 40
4.0
 40
4.0
 40
4.0
 10
300.3266448849136
 20
-556.1968379974932
 30
0.0
 10
303.7776122694777
 20
-555.7310965076685
 30
0.0
 10
306.1898047031718
 20
-555.5571729738294
 30
0.0
 10
308.1994531744604
 20
-558.7400516082816
 30
0.0
 10
309.827543414096
 20
-561.3186188118198
 30
0.0
 10
311.7707528464016
 20
-568.5635288283501
 30
0.0
 10
311.2082185689178
 20
-571.4985427915453
 30
0.0
 10
309.8048496340088
 20
-578.8205986810043
 30
0.0
 10
285.859094298602
 20
-576.3418686481927
 30
0.0
 10
282.7440845359461
 20
-571.560410176804
 30
0.0
 10
278.4251555340725
 20
-564.9309671776499
 30
0.0
 10
295.0612148535629
 20
-556.9074588043804
 30
0.0
 10
300.3266448849136
 20
-556.1968379974932
 30
0.0
  0
HATCH
  5
E9
330
DD
100
AcDbEntity
  8
Capa 1
 62
     7
420
 15921653
440
 33554687
100
AcDbHatch
 10
0.0
 20
0.0
 30
0.0
210
0.0
220
0.0
230
1.0
  2
SOLID
 70
     1
 71
     1
 91
        1
 92
        1
 93
        1
 72
     4
 94
        3
 73
     0
 74
     0
 95
       17
 96
       13
 40
0.0
 40
0.0
 40
0.0
 40
0.0
 40
1.0
 40
1.0
 40
1.0
 40
2.0
 40
2.0
 40
2.0
 40
3.0
 40
3.0
 40
3.0
 40
4.0
 40
4.0
 40
4.0
 40
4.0
 10
300.3266448849136
 20
-556.1968379974932
 10
303.7776122694777
 20
-555.7310965076685
 10
306.1898047031718
 20
-555.5571729738294
 10
308.1994531744604
 20
-558.7400516082816
 10
309.827543414096
 20
-561.3186188118198
 10
311.7707528464016
 20
-568.5635288283501
 10
311.2082185689178
 20
-571.4985427915453
 10
309.8048496340088
 20
-578.8205986810043
 10
285.859094298602
 20
-576.3418686481927
 10
282.7440845359461
 20
-571.560410176804
 10
278.4251555340725
 20
-564.9309671776499
 10
295.0612148535629
 20
-556.9074588043804
 10
300.3266448849136
 20
-556.1968379974932
 97
        0
 97
        1
330
E8
 75
     2
 76
     1
 98
        1
 10
0.0
 20
0.0
450
        0
451
        0
460
0.0
461
0.0
452
        0
462
0.0
453
        0
470

  0
SPLINE
  5
EA
330
DD
100
AcDbEntity
  8
Capa 1
100
AcDbSpline
210
0.0
220
0.0
230
1.0
 70
     9
 71
     3
 72
    26
 73
    22
 74
     0
 42
0.0000000001
 43
0.0000000001
 40
0.0
 40
0.0
 40
0.0
 40
0.0
 40
1.0
 40
1.0
 40
1.0
 40
2.0
 40
2.0
 40
2.0
 40
3.0
 40
3.0
 40
3.0
 40
4.0
 40
4.0
 40
4.0
 40
5.0
 40
5.0
 40
5.0
 40
6.0
 40
6.0
 40
6.0
 40
7.0
 40
7.0
 40
7.0
 40
7.0
 10
290.1873779185016
 20
-740.1317150815048
 30
0.0
 10
290.912160391913
 20
-740.7150423906095
 30
0.0
 10
293.2766987941331
 20
-744.5355785498613
 30
0.0
 10
293.856092995572
 20
-745.6153561174796
 30
0.0
 10
300.1886081943085
 20
-757.4168340080177
 30
0.0
 10
300.4393952737883
 20
-771.1405649309017
 30
0.0
 10
293.7946361830591
 20
-782.8620568077967
 30
0.0
 10
292.2040407713621
 20
-785.6678998704337
 30
0.0
 10
284.9517760244125
 20
-796.6855210024659
 30
0.0
 10
281.8491395883802
 20
-789.8515720560426
 30
0.0
 10
280.4024936533033
 20
-786.6651515173471
 30
0.0
 10
285.158556872434
 20
-783.1317295883127
 30
0.0
 10
286.8413300715301
 20
-780.332649168009
 30
0.0
 10
291.8800399240981
 20
-771.9513925022147
 30
0.0
 10
292.5247170829334
 20
-760.9932110551926
 30
0.0
 10
288.777041664679
 20
-751.9584737875702
 30
0.0
 10
287.5909594008053
 20
-749.0991168700275
 30
0.0
 10
283.9828036881454
 20
-745.1167040926411
 30
0.0
 10
284.010867208618
 20
-742.8067331481615
 30
0.0
 10
284.0540406017908
 20
-739.2530348911532
 30
0.0
 10
287.7468864911907
 20
-738.1675322412556
 30
0.0
 10
290.1873779185016
 20
-740.1317150815048
 30
0.0
  0
HATCH
  5
EB
330
DD
100
AcDbEntity
  8
Capa 1
 62
   125
420
  4107652
440
 33554687
100
AcDbHatch
 10
0.0
 20
0.0
 30
0.0
210
0.0
220
0.0
230
1.0
  2
SOLID
 70
     1
 71
     1
 91
        1
 92
        1
 93
        1
 72
     4
 94
        3
 73
     0
 74
     0
 95
       26
 96
       22
 40
0.0
 40
0.0
 40
0.0
 40
0.0
 40
1.0
 40
1.0
 40
1.0
 40
2.0
 40
2.0
 40
2.0
 40
3.0
 40
3.0
 40
3.0
 40
4.0
 40
4.0
 40
4.0
 40
5.0
 40
5.0
 40
5.0
 40
6.0
 40
6.0
 40
6.0
 40
7.0
 40
7.0
 40
7.0
 40
7.0
 10
290.1873779185016
 20
-740.1317150815048
 10
290.912160391913
 20
-740.7150423906095
 10
293.2766987941331
 20
-744.5355785498613
 10
293.856092995572
 20
-745.6153561174796
 10
300.1886081943085
 20
-757.4168340080177
 10
300.4393952737883
 20
-771.1405649309017
 10
293.7946361830591
 20
-782.8620568077967
 10
292.2040407713621
 20
-785.6678998704337
 10
284.9517760244125
 20
-796.6855210024659
 10
281.8491395883802
 20
-789.8515720560426
 10
280.4024936533033
 20
-786.6651515173471
 10
285.158556872434
 20
-783.1317295883127
 10
286.8413300715301
 20
-780.332649168009
 10
291.8800399240981
 20
-771.9513925022147
 10
292.5247170829334
 20
-760.9932110551926
 10
288.777041664679
 20
-751.9584737875702
 10
287.5909594008053
 20
-749.0991168700275
 10
283.9828036881454
 20
-745.1167040926411
 10
284.010867208618
 20
-742.8067331481615
 10
284.0540406017908
 20
-739.2530348911532
 10
287.7468864911907
 20
-738.1675322412556
 10
290.1873779185016
 20
-740.1317150815048
 97
        0
 97
        1
330
EA
 75
     2
 76
     1
 98
        1
 10
0.0
 20
0.0
450
        0
451
        0
460
0.0
461
0.0
452
        0
462
0.0
453
        0
470

  0
SPLINE
  5
EC
330
DD
100
AcDbEntity
  8
Capa 1
100
AcDbSpline
210
0.0
220
0.0
230
1.0
 70
     9
 71
     3
 72
    11
 73
     7
 74
     0
 42
0.0000000001
 43
0.0000000001
 40
0.0
 40
0.0
 40
0.0
 40
0.0
 40
1.0
 40
1.0
 40
1.0
 40
2.0
 40
2.0
 40
2.0
 40
2.0
 10
248.2414480997841
 20
-770.6904617386353
 30
0.0
 10
240.0242100200603
 20
-762.3906883884701
 30
0.0
 10
252.9206725213198
 20
-750.6993164810701
 30
0.0
 10
260.383123487708
 20
-758.8648241809096
 30
0.0
 10
267.842436128919
 20
-767.0268978858766
 30
0.0
 10
255.4939277620479
 20
-778.0157864815009
 30
0.0
 10
248.2414480997841
 20
-770.6904617386353
 30
0.0
  0
HATCH
  5
ED
330
DD
100
AcDbEntity
  8
Capa 1
 62
   125
420
  4107652
440
 33554687
100
AcDbHatch
 10
0.0
 20
0.0
 30
0.0
210
0.0
220
0.0
230
1.0
  2
SOLID
 70
     1
 71
     1
 91
        1
 92
        1
 93
        1
 72
     4
 94
        3
 73
     0
 74
     0
 95
       11
 96
        7
 40
0.0
 40
0.0
 40
0.0
 40
0.0
 40
1.0
 40
1.0
 40
1.0
 40
2.0
 40
2.0
 40
2.0
 40
2.0
 10
248.2414480997841
 20
-770.6904617386353
 10
240.0242100200603
 20
-762.3906883884701
 10
252.9206725213198
 20
-750.6993164810701
 10
260.383123487708
 20
-758.8648241809096
 10
267.842436128919
 20
-767.0268978858766
 10
255.4939277620479
 20
-778.0157864815009
 10
248.2414480997841
 20
-770.6904617386353
 97
        0
 97
        1
330
EC
 75
     2
 76
     1
 98
        1
 10
0.0
 20
0.0
450
        0
451
        0
460
0.0
461
0.0
452
        0
462
0.0
453
        0
470

  0
ENDBLK
  5
E0
330
DD
100
AcDbEntity
  8
0
100
AcDbBlockEnd
  0
ENDSEC
  0
SECTION
  2
ENTITIES
  0
INSERT
  5
7A
330
70
100
AcDbEntity
  8
Capa 1
100
AcDbBlockReference
  2
Block_0
 10
0.0
 20
0.0
 30
0.0
  0
INSERT
  5
82
330
70
100
AcDbEntity
  8
Capa 1
100
AcDbBlockReference
  2
Block_1
 10
0.0
 20
0.0
 30
0.0
  0
IMAGE
  5
A7
330
70
100
AcDbEntity
  8
Capa 1
160
               140
310
8C00000001000000840000000600000005000000C801776B43C298407898C53F90DC8FC00000000000000000C801776B43C29840403CD3017E9B59400000000000000000E480BBB52155A740403CD3017E9B59400000000000000000E480BBB52155A7407898C53F90DC8FC00000000000000000C801776B43C298407898C5
310
3F90DC8FC00000000000000000
100
AcDbRasterImage
 90
        0
 10
1584.565839633449
 20
-1019.570434135165
 30
0.0
 11
1.0
 21
0.0
 31
0.0
 12
0.0
 22
1.0
 32
0.0
 13
1402.0
 23
1122.0
340
A6
 70
     3
280
     0
281
    50
282
    50
283
     0
290
     0
360
0
 71
     1
 91
        2
 14
-0.5
 24
-0.5
 14
1401.5
 24
1121.5
  0
INSERT
  5
A9
330
70
100
AcDbEntity
  8
Capa 1
100
AcDbBlockReference
  2
Block_5
 10
0.0
 20
0.0
 30
0.0
  0
INSERT
  5
CD
330
70
100
AcDbEntity
  8
Capa 1
100
AcDbBlockReference
  2
Block_9
 10
0.0
 20
0.0
 30
0.0
  0
INSERT
  5
DE
330
70
100
AcDbEntity
  8
Capa 1
100
AcDbBlockReference
  2
Block_10
 10
0.0
 20
0.0
 30
0.0
  0
ENDSEC
  0
SECTION
  2
OBJECTS
  0
DICTIONARY
  5
C
330
0
100
AcDbDictionary
281
     1
  3
ACAD_COLOR
350
63
  3
ACAD_DETAILVIEWSTYLE
350
6A
  3
ACAD_GROUP
350
D
  3
ACAD_IMAGE_DICT
350
A5
  3
ACAD_LAYOUT
350
62
  3
ACAD_MATERIAL
350
10
  3
ACAD_MLEADERSTYLE
350
66
  3
ACAD_MLINESTYLE
350
5F
  3
ACAD_PLOTSETTINGS
350
61
  3
ACAD_PLOTSTYLENAME
350
E
  3
ACAD_SCALELIST
350
42
  3
ACAD_SECTIONVIEWSTYLE
350
68
  3
ACAD_TABLESTYLE
350
64
  3
ACAD_VISUALSTYLE
350
29
  3
ACDB_RECOMPOSE_DATA
350
F6
  3
AcDbVariableDictionary
350
EE
  0
DICTIONARY
  5
63
102
{ACAD_REACTORS
330
C
102
}
330
C
100
AcDbDictionary
281
     1
  0
DICTIONARY
  5
6A
102
{ACAD_REACTORS
330
C
102
}
330
C
100
AcDbDictionary
281
     1
  3
Imperial24
350
6B
  0
DICTIONARY
  5
D
102
{ACAD_REACTORS
330
C
102
}
330
C
100
AcDbDictionary
281
     1
  0
DICTIONARY
  5
A5
102
{ACAD_REACTORS
330
C
102
}
330
C
100
AcDbDictionary
281
     1
  3
Styleguide_1.png
350
A6
  0
DICTIONARY
  5
62
102
{ACAD_REACTORS
330
C
102
}
330
C
100
AcDbDictionary
281
     1
  3
Layout1
350
6F
  3
Layout2
350
77
  3
Model
350
73
  0
DICTIONARY
  5
10
102
{ACAD_REACTORS
330
C
102
}
330
C
100
AcDbDictionary
281
     1
  3
ByBlock
350
19
  3
ByLayer
350
11
  3
Global
350
21
  0
DICTIONARY
  5
66
102
{ACAD_REACTORS
330
C
102
}
330
C
100
AcDbDictionary
281
     1
  3
Standard
350
67
  0
DICTIONARY
  5
5F
102
{ACAD_REACTORS
330
C
102
}
330
C
100
AcDbDictionary
281
     1
  3
Standard
350
60
  0
DICTIONARY
  5
61
102
{ACAD_REACTORS
330
C
102
}
330
C
100
AcDbDictionary
281
     1
  0
ACDBDICTIONARYWDFLT
  5
E
102
{ACAD_REACTORS
330
C
102
}
330
C
100
AcDbDictionary
281
     1
  3
Normal
350
F
100
AcDbDictionaryWithDefault
340
F
  0
DICTIONARY
  5
42
102
{ACAD_REACTORS
330
C
102
}
330
C
100
AcDbDictionary
281
     1
  3
A0
350
43
  3
A1
350
44
  3
A2
350
45
  3
A3
350
46
  3
A4
350
47
  3
A5
350
48
  3
A6
350
49
  3
A7
350
4A
  3
A8
350
4B
  3
A9
350
4C
  3
B0
350
4D
  3
B1
350
4E
  3
B2
350
4F
  3
B3
350
50
  3
B4
350
51
  3
B5
350
52
  3
B6
350
53
  0
DICTIONARY
  5
68
102
{ACAD_REACTORS
330
C
102
}
330
C
100
AcDbDictionary
281
     1
  3
Imperial24
350
69
  0
DICTIONARY
  5
64
102
{ACAD_REACTORS
330
C
102
}
330
C
100
AcDbDictionary
281
     1
  3
Standard
350
65
  0
DICTIONARY
  5
29
102
{ACAD_REACTORS
330
C
102
}
330
C
100
AcDbDictionary
281
     1
  3
2dWireframe
350
2F
  3
Basic
350
2E
  3
Brighten
350
35
  3
ColorChange
350
39
  3
Conceptual
350
32
  3
Dim
350
34
  3
EdgeColorOff
350
41
  3
Facepattern
350
38
  3
Flat
350
2A
  3
FlatWithEdges
350
2B
  3
Gouraud
350
2C
  3
GouraudWithEdges
350
2D
  3
Hidden
350
31
  3
JitterOff
350
3F
  3
Linepattern
350
37
  3
OverhangOff
350
40
  3
Realistic
350
33
  3
Shaded
350
3E
  3
Shaded with edges
350
3D
  3
Shades of Gray
350
3A
  3
Sketchy
350
3B
  3
Thicken
350
36
  3
Wireframe
350
30
  3
X-Ray
350
3C
  0
XRECORD
  5
F6
102
{ACAD_REACTORS
330
C
102
}
330
C
100
AcDbXrecord
280
     1
 90
        1
330
65
  0
DICTIONARY
  5
EE
102
{ACAD_REACTORS
330
C
102
}
330
C
100
AcDbDictionary
281
     1
  3
CANNOSCALE
350
F3
  3
CMLEADERSTYLE
350
F0
  3
CTABLESTYLE
350
EF
  3
CVIEWDETAILSTYLE
350
F1
  3
CVIEWSECTIONSTYLE
350
F2
  0
ACDBDETAILVIEWSTYLE
  5
6B
102
{ACAD_REACTORS
330
6A
102
}
330
6A
100
AcDbModelDocViewStyle
 70
     0
  3
Imperial24
290
     1
300
Imperial24
 90
        0
100
AcDbDetailViewStyle
 70
     0
 71
     0
 90
        3
 71
     1
340
55
 62
   256
 40
0.24
340
0
 62
   256
 40
0.24
300

 40
0.36
280
     3
 71
     2
340
5D
 90
       25
 62
   256
 71
     3
340
55
 62
   256
 40
0.24
 90
        1
 40
0.75
 90
        1
300
%<\AcVar ViewType \f "%tc1">% %<\AcVar ViewDetailId>%\PSCALE %<\AcVar ViewScale \f "%sn">%
 71
     4
340
5D
 90
       25
 62
   256
340
5D
 90
       25
 62
   256
280
     0
  0
IMAGEDEF
  5
A6
102
{ACAD_REACTORS
330
A5
102
}
330
A5
100
AcDbRasterImageDef
 90
        0
  1
C:\Users\jon-g\Andromeda\Proyectos\1_Activos\LIA\Style\Styleguide_1.png
 10
1402.0
 20
1122.0
 11
0.3527336860670194
 21
0.3527336860670194
280
     1
281
     2
  0
LAYOUT
  5
6F
102
{ACAD_REACTORS
330
62
102
}
330
62
100
AcDbPlotSettings
  1

  2

  4

  6

 40
0.0
 41
0.0
 42
0.0
 43
0.0
 44
0.0
 45
0.0
 46
0.0
 47
0.0
 48
0.0
 49
0.0
140
0.0
141
0.0
142
1.0
143
1.0
 70
   688
 72
     0
 73
     0
 74
     5
  7

 75
    16
147
1.0
 76
     0
 77
     2
 78
   300
148
0.0
149
0.0
100
AcDbLayout
  1
Layout1
 70
     1
 71
     1
 10
0.0
 20
0.0
 11
12.0
 21
9.0
 12
0.0
 22
0.0
 32
0.0
 14
0.0
 24
0.0
 34
0.0
 15
0.0
 25
0.0
 35
0.0
146
0.0
 13
0.0
 23
0.0
 33
0.0
 16
1.0
 26
0.0
 36
0.0
 17
0.0
 27
1.0
 37
0.0
 76
     0
330
6C
  0
LAYOUT
  5
77
102
{ACAD_REACTORS
330
62
102
}
330
62
100
AcDbPlotSettings
  1

  2

  4

  6

 40
0.0
 41
0.0
 42
0.0
 43
0.0
 44
0.0
 45
0.0
 46
0.0
 47
0.0
 48
0.0
 49
0.0
140
0.0
141
0.0
142
1.0
143
1.0
 70
   688
 72
     0
 73
     0
 74
     5
  7

 75
    16
147
1.0
 76
     0
 77
     2
 78
   300
148
0.0
149
0.0
100
AcDbLayout
  1
Layout2
 70
     1
 71
     2
 10
0.0
 20
0.0
 11
12.0
 21
9.0
 12
0.0
 22
0.0
 32
0.0
 14
0.0
 24
0.0
 34
0.0
 15
0.0
 25
0.0
 35
0.0
146
0.0
 13
0.0
 23
0.0
 33
0.0
 16
1.0
 26
0.0
 36
0.0
 17
0.0
 27
1.0
 37
0.0
 76
     0
330
74
  0
LAYOUT
  5
73
102
{ACAD_REACTORS
330
62
102
}
330
62
100
AcDbPlotSettings
  1

  2

  4

  6

 40
0.0
 41
0.0
 42
0.0
 43
0.0
 44
0.0
 45
0.0
 46
0.0
 47
0.0
 48
0.0
 49
0.0
140
0.0
141
0.0
142
1.0
143
1.0
 70
  1712
 72
     0
 73
     0
 74
     0
  7

 75
     0
147
1.0
 76
     0
 77
     2
 78
   300
148
0.0
149
0.0
100
AcDbLayout
  1
Model
 70
     1
 71
     0
 10
0.0
 20
0.0
 11
12.0
 21
9.0
 12
0.0
 22
0.0
 32
0.0
 14
0.0
 24
0.0
 34
0.0
 15
0.0
 25
0.0
 35
0.0
146
0.0
 13
0.0
 23
0.0
 33
0.0
 16
1.0
 26
0.0
 36
0.0
 17
0.0
 27
1.0
 37
0.0
 76
     0
330
70
  0
MATERIAL
  5
19
102
{ACAD_XDICTIONARY
360
1A
102
}
102
{ACAD_REACTORS
330
10
102
}
330
10
100
AcDbMaterial
  1
ByBlock
 72
     0
 43
0.0208333333333333
 43
0.0
 43
0.0
 43
0.0
 43
0.0
 43
0.0208333333333333
 43
0.0
 43
0.0
 43
0.0
 43
0.0
 43
1.0
 43
0.0
 43
0.0
 43
0.0
 43
0.0
 43
1.0
 77
     0
 47
0.0208333333333333
 47
0.0
 47
0.0
 47
0.0
 47
0.0
 47
0.0208333333333333
 47
0.0
 47
0.0
 47
0.0
 47
0.0
 47
1.0
 47
0.0
 47
0.0
 47
0.0
 47
0.0
 47
1.0
171
     0
 49
0.0208333333333333
 49
0.0
 49
0.0
 49
0.0
 49
0.0
 49
0.0208333333333333
 49
0.0
 49
0.0
 49
0.0
 49
0.0
 49
1.0
 49
0.0
 49
0.0
 49
0.0
 49
0.0
 49
1.0
175
     0
142
0.0208333333333333
142
0.0
142
0.0
142
0.0
142
0.0
142
0.0208333333333333
142
0.0
142
0.0
142
0.0
142
0.0
142
1.0
142
0.0
142
0.0
142
0.0
142
0.0
142
1.0
179
     0
144
0.0208333333333333
144
0.0
144
0.0
144
0.0
144
0.0
144
0.0208333333333333
144
0.0
144
0.0
144
0.0
144
0.0
144
1.0
144
0.0
144
0.0
144
0.0
144
0.0
144
1.0
147
0.0208333333333333
147
0.0
147
0.0
147
0.0
147
0.0
147
0.0208333333333333
147
0.0
147
0.0
147
0.0
147
0.0
147
1.0
147
0.0
147
0.0
147
0.0
147
0.0
147
1.0
  0
MATERIAL
  5
11
102
{ACAD_XDICTIONARY
360
12
102
}
102
{ACAD_REACTORS
330
10
102
}
330
10
100
AcDbMaterial
  1
ByLayer
 72
     0
 43
0.0208333333333333
 43
0.0
 43
0.0
 43
0.0
 43
0.0
 43
0.0208333333333333
 43
0.0
 43
0.0
 43
0.0
 43
0.0
 43
1.0
 43
0.0
 43
0.0
 43
0.0
 43
0.0
 43
1.0
 77
     0
 47
0.0208333333333333
 47
0.0
 47
0.0
 47
0.0
 47
0.0
 47
0.0208333333333333
 47
0.0
 47
0.0
 47
0.0
 47
0.0
 47
1.0
 47
0.0
 47
0.0
 47
0.0
 47
0.0
 47
1.0
171
     0
 49
0.0208333333333333
 49
0.0
 49
0.0
 49
0.0
 49
0.0
 49
0.0208333333333333
 49
0.0
 49
0.0
 49
0.0
 49
0.0
 49
1.0
 49
0.0
 49
0.0
 49
0.0
 49
0.0
 49
1.0
175
     0
142
0.0208333333333333
142
0.0
142
0.0
142
0.0
142
0.0
142
0.0208333333333333
142
0.0
142
0.0
142
0.0
142
0.0
142
1.0
142
0.0
142
0.0
142
0.0
142
0.0
142
1.0
179
     0
144
0.0208333333333333
144
0.0
144
0.0
144
0.0
144
0.0
144
0.0208333333333333
144
0.0
144
0.0
144
0.0
144
0.0
144
1.0
144
0.0
144
0.0
144
0.0
144
0.0
144
1.0
147
0.0208333333333333
147
0.0
147
0.0
147
0.0
147
0.0
147
0.0208333333333333
147
0.0
147
0.0
147
0.0
147
0.0
147
1.0
147
0.0
147
0.0
147
0.0
147
0.0
147
1.0
  0
MATERIAL
  5
21
102
{ACAD_XDICTIONARY
360
22
102
}
102
{ACAD_REACTORS
330
10
102
}
330
10
100
AcDbMaterial
  1
Global
 72
     0
 43
0.0208333333333333
 43
0.0
 43
0.0
 43
0.0
 43
0.0
 43
0.0208333333333333
 43
0.0
 43
0.0
 43
0.0
 43
0.0
 43
1.0
 43
0.0
 43
0.0
 43
0.0
 43
0.0
 43
1.0
 77
     0
 47
0.0208333333333333
 47
0.0
 47
0.0
 47
0.0
 47
0.0
 47
0.0208333333333333
 47
0.0
 47
0.0
 47
0.0
 47
0.0
 47
1.0
 47
0.0
 47
0.0
 47
0.0
 47
0.0
 47
1.0
171
     0
 49
0.0208333333333333
 49
0.0
 49
0.0
 49
0.0
 49
0.0
 49
0.0208333333333333
 49
0.0
 49
0.0
 49
0.0
 49
0.0
 49
1.0
 49
0.0
 49
0.0
 49
0.0
 49
0.0
 49
1.0
175
     0
142
0.0208333333333333
142
0.0
142
0.0
142
0.0
142
0.0
142
0.0208333333333333
142
0.0
142
0.0
142
0.0
142
0.0
142
1.0
142
0.0
142
0.0
142
0.0
142
0.0
142
1.0
179
     0
144
0.0208333333333333
144
0.0
144
0.0
144
0.0
144
0.0
144
0.0208333333333333
144
0.0
144
0.0
144
0.0
144
0.0
144
1.0
144
0.0
144
0.0
144
0.0
144
0.0
144
1.0
147
0.0208333333333333
147
0.0
147
0.0
147
0.0
147
0.0
147
0.0208333333333333
147
0.0
147
0.0
147
0.0
147
0.0
147
1.0
147
0.0
147
0.0
147
0.0
147
0.0
147
1.0
  0
MLEADERSTYLE
  5
67
102
{ACAD_REACTORS
330
66
102
}
330
66
100
AcDbMLeaderStyle
179
     2
170
     2
171
     1
172
     0
 90
        2
 40
0.0
 41
0.0
173
     1
 91
-1056964608
340
5B
 92
       -2
290
     1
 42
0.09
291
     1
 43
0.36
  3
Standard
 44
0.18
300

342
55
174
     1
178
     6
175
     1
176
     0
 93
-1056964608
 45
0.18
292
     0
297
     0
 46
0.18
 94
-1056964608
 47
1.0
 49
1.0
140
1.0
293
     1
141
0.0
294
     1
177
     0
142
1.0
295
     1
296
     0
143
0.125
271
     0
272
     9
273
     9
298
     1
  0
MLINESTYLE
  5
60
102
{ACAD_REACTORS
330
5F
102
}
330
5F
100
AcDbMlineStyle
  2
STANDARD
 70
     0
  3

 62
   256
 51
90.0
 52
90.0
 71
     2
 49
0.5
 62
   256
  6
BYLAYER
 49
-0.5
 62
   256
  6
BYLAYER
  0
ACDBPLACEHOLDER
  5
F
102
{ACAD_REACTORS
330
E
102
}
330
E
  0
SCALE
  5
43
102
{ACAD_REACTORS
330
42
102
}
330
42
100
AcDbScale
 70
     0
300
1:1
140
1.0
141
1.0
290
     1
  0
SCALE
  5
44
102
{ACAD_REACTORS
330
42
102
}
330
42
100
AcDbScale
 70
     0
300
1/128" = 1'-0"
140
0.0078125
141
12.0
290
     0
  0
SCALE
  5
45
102
{ACAD_REACTORS
330
42
102
}
330
42
100
AcDbScale
 70
     0
300
1/64" = 1'-0"
140
0.015625
141
12.0
290
     0
  0
SCALE
  5
46
102
{ACAD_REACTORS
330
42
102
}
330
42
100
AcDbScale
 70
     0
300
1/32" = 1'-0"
140
0.03125
141
12.0
290
     0
  0
SCALE
  5
47
102
{ACAD_REACTORS
330
42
102
}
330
42
100
AcDbScale
 70
     0
300
1/16" = 1'-0"
140
0.0625
141
12.0
290
     0
  0
SCALE
  5
48
102
{ACAD_REACTORS
330
42
102
}
330
42
100
AcDbScale
 70
     0
300
3/32" = 1'-0"
140
0.09375
141
12.0
290
     0
  0
SCALE
  5
49
102
{ACAD_REACTORS
330
42
102
}
330
42
100
AcDbScale
 70
     0
300
1/8" = 1'-0"
140
0.125
141
12.0
290
     0
  0
SCALE
  5
4A
102
{ACAD_REACTORS
330
42
102
}
330
42
100
AcDbScale
 70
     0
300
3/16" = 1'-0"
140
0.1875
141
12.0
290
     0
  0
SCALE
  5
4B
102
{ACAD_REACTORS
330
42
102
}
330
42
100
AcDbScale
 70
     0
300
1/4" = 1'-0"
140
0.25
141
12.0
290
     0
  0
SCALE
  5
4C
102
{ACAD_REACTORS
330
42
102
}
330
42
100
AcDbScale
 70
     0
300
3/8" = 1'-0"
140
0.375
141
12.0
290
     0
  0
SCALE
  5
4D
102
{ACAD_REACTORS
330
42
102
}
330
42
100
AcDbScale
 70
     0
300
1/2" = 1'-0"
140
0.5
141
12.0
290
     0
  0
SCALE
  5
4E
102
{ACAD_REACTORS
330
42
102
}
330
42
100
AcDbScale
 70
     0
300
3/4" = 1'-0"
140
0.75
141
12.0
290
     0
  0
SCALE
  5
4F
102
{ACAD_REACTORS
330
42
102
}
330
42
100
AcDbScale
 70
     0
300
1" = 1'-0"
140
1.0
141
12.0
290
     0
  0
SCALE
  5
50
102
{ACAD_REACTORS
330
42
102
}
330
42
100
AcDbScale
 70
     0
300
1-1/2" = 1'-0"
140
1.5
141
12.0
290
     0
  0
SCALE
  5
51
102
{ACAD_REACTORS
330
42
102
}
330
42
100
AcDbScale
 70
     0
300
3" = 1'-0"
140
3.0
141
12.0
290
     0
  0
SCALE
  5
52
102
{ACAD_REACTORS
330
42
102
}
330
42
100
AcDbScale
 70
     0
300
6" = 1'-0"
140
6.0
141
12.0
290
     0
  0
SCALE
  5
53
102
{ACAD_REACTORS
330
42
102
}
330
42
100
AcDbScale
 70
     0
300
1'-0" = 1'-0"
140
12.0
141
12.0
290
     0
  0
ACDBSECTIONVIEWSTYLE
  5
69
102
{ACAD_REACTORS
330
68
102
}
330
68
100
AcDbModelDocViewStyle
 70
     0
  3
Imperial24
290
     1
300
Imperial24
 90
        0
100
AcDbSectionViewStyle
 70
     0
 71
     0
 90
       78
 71
     1
340
55
 62
   256
 40
0.24
340
0
340
0
 62
   256
 40
0.24
300
I, O, Q, S, X, Z
 40
0.48
 90
        3
 40
0.18
 90
        1
 71
     2
340
5D
 90
       25
 62
   256
340
5D
 90
       50
 62
   256
 40
0.24
 40
0.0
 40
0.24
 71
     3
340
55
 62
   256
 40
0.24
 90
        1
 40
0.75
 90
        1
300
%<\AcVar ViewType \f "%tc1">% %<\AcVar ViewSectionStartId>%-%<\AcVar ViewSectionEndId>%\PSCALE %<\AcVar ViewScale \f "%sn">%
 71
     4
 62
   256
 62
   257
300
ANSI31
 40
1.0
 90
        0
290
     0
290
     0
 90
        6
 40
0.0
 40
1.570796326794896
 40
0.2617993877991494
 40
1.308996938995747
 40
-0.2617993877991494
 40
1.832595714594046
  0
TABLESTYLE
  5
65
102
{ACAD_XDICTIONARY
360
F4
102
}
102
{ACAD_REACTORS
330
64
102
}
330
64
100
AcDbTableStyle
280
     0
  3
Standard
 70
     0
 71
     0
 40
0.06
 41
0.06
280
     0
281
     0
  7
Standard
140
0.18
170
     2
 62
     0
 63
     7
283
     0
 90
      512
 91
        0
  1

274
    -2
284
     1
 64
     0
275
    -2
285
     1
 65
     0
276
    -2
286
     1
 66
     0
277
    -2
287
     1
 67
     0
278
    -2
288
     1
 68
     0
279
    -2
289
     1
 69
     0
  7
Standard
140
0.25
170
     5
 62
     0
 63
     7
283
     0
 90
      512
 91
        0
  1

274
    -2
284
     1
 64
     0
275
    -2
285
     1
 65
     0
276
    -2
286
     1
 66
     0
277
    -2
287
     1
 67
     0
278
    -2
288
     1
 68
     0
279
    -2
289
     1
 69
     0
  7
Standard
140
0.18
170
     5
 62
     0
 63
     7
283
     0
 90
      512
 91
        0
  1

274
    -2
284
     1
 64
     0
275
    -2
285
     1
 65
     0
276
    -2
286
     1
 66
     0
277
    -2
287
     1
 67
     0
278
    -2
288
     1
 68
     0
279
    -2
289
     1
 69
     0
  0
VISUALSTYLE
  5
2F
102
{ACAD_REACTORS
330
29
102
}
330
29
100
AcDbVisualStyle
  2
2dWireframe
 70
     4
177
     3
291
     0
 70
    58
 90
        0
176
     1
 90
        2
176
     1
 90
        0
176
     1
 90
        0
176
     1
 40
0.6
176
     1
 40
30.0
176
     1
 62
     7
420
 16777215
176
     1
 90
        1
176
     1
 90
        4
176
     1
 62
     7
176
     1
 62
   257
176
     1
 90
        1
176
     1
 90
        1
176
     1
 40
1.0
176
     1
 90
        0
176
     1
 62
   257
176
     1
 40
1.0
176
     1
 90
        1
176
     1
 90
        6
176
     1
 90
        2
176
     1
 62
     7
176
     1
 90
        5
176
     1
 90
        0
176
     1
 90
        0
176
     1
290
     0
176
     1
 90
        1
176
     1
 40
0.0
176
     1
 90
        0
176
     1
290
     1
176
     1
290
     1
176
     1
290
     0
176
     1
290
     0
176
     1
290
     0
176
     1
290
     0
176
     1
290
     0
176
     1
290
     0
176
     1
290
     0
176
     1
 90
       50
176
     1
 40
0.0
176
     1
 40
1.0
176
     1
 90
        0
176
     1
 62
    18
420
        0
176
     1
 90
       50
176
     1
 90
        3
176
     1
 62
     5
420
      255
176
     1
290
     0
176
     1
 90
       50
176
     1
 90
       50
176
     1
 90
       50
176
     1
290
     0
176
     1
 90
       50
176
     1
 62
   256
176
     0
 40
1.0
176
     0
 90
        2
176
     1
  1
strokes_ogs.tif
176
     1
290
     0
176
     1
 40
1.0
176
     1
 40
1.0
176
     1
  0
VISUALSTYLE
  5
2E
102
{ACAD_REACTORS
330
29
102
}
330
29
100
AcDbVisualStyle
  2
Basic
 70
     7
177
     3
291
     1
 70
    58
 90
        1
176
     1
 90
        0
176
     1
 90
        1
176
     1
 90
        0
176
     1
 40
0.6
176
     1
 40
30.0
176
     1
 62
     7
420
 16777215
176
     1
 90
        0
176
     1
 90
        4
176
     1
 62
     7
176
     1
 62
   257
176
     1
 90
        1
176
     1
 90
        1
176
     1
 40
1.0
176
     1
 90
        8
176
     1
 62
     7
176
     1
 40
1.0
176
     1
 90
        1
176
     1
 90
        6
176
     1
 90
        2
176
     1
 62
     7
176
     1
 90
        5
176
     1
 90
        0
176
     1
 90
        0
176
     1
290
     0
176
     1
 90
        1
176
     1
 40
0.0
176
     1
 90
        0
176
     1
290
     0
176
     1
290
     1
176
     1
290
     1
176
     1
290
     0
176
     1
290
     0
176
     1
290
     0
176
     1
290
     0
176
     1
290
     0
176
     1
290
     0
176
     1
 90
       50
176
     1
 40
0.0
176
     1
 40
1.0
176
     1
 90
        0
176
     1
 62
    18
420
        0
176
     1
 90
       50
176
     1
 90
        3
176
     1
 62
     5
420
      255
176
     1
290
     0
176
     1
 90
       50
176
     1
 90
       50
176
     1
 90
       50
176
     1
290
     0
176
     1
 90
       50
176
     1
 62
   256
176
     0
 40
1.0
176
     0
 90
        2
176
     1
  1
strokes_ogs.tif
176
     1
290
     0
176
     1
 40
1.0
176
     1
 40
1.0
176
     1
  0
VISUALSTYLE
  5
35
102
{ACAD_REACTORS
330
29
102
}
330
29
100
AcDbVisualStyle
  2
Brighten
 70
    12
177
     3
291
     1
 70
    58
 90
        2
176
     1
 90
        2
176
     1
 90
        0
176
     1
 90
        0
176
     1
 40
0.6
176
     1
 40
30.0
176
     1
 62
     7
420
 16777215
176
     1
 90
        1
176
     1
 90
        4
176
     1
 62
     7
176
     1
 62
   257
176
     1
 90
        1
176
     1
 90
        1
176
     1
 40
1.0
176
     1
 90
        8
176
     1
 62
     7
176
     1
 40
1.0
176
     1
 90
        1
176
     1
 90
        6
176
     1
 90
        2
176
     1
 62
     7
176
     1
 90
        5
176
     1
 90
        0
176
     1
 90
        0
176
     1
290
     0
176
     1
 90
        1
176
     1
 40
50.0
176
     1
 90
        0
176
     1
290
     0
176
     1
290
     1
176
     1
290
     1
176
     1
290
     0
176
     1
290
     0
176
     1
290
     0
176
     1
290
     0
176
     1
290
     0
176
     1
290
     0
176
     1
 90
       50
176
     1
 40
0.0
176
     1
 40
1.0
176
     1
 90
        0
176
     1
 62
    18
420
        0
176
     1
 90
       50
176
     1
 90
        3
176
     1
 62
     5
420
      255
176
     1
290
     0
176
     1
 90
       50
176
     1
 90
       50
176
     1
 90
       50
176
     1
290
     0
176
     1
 90
       50
176
     1
 62
   256
176
     0
 40
1.0
176
     0
 90
        2
176
     1
  1
strokes_ogs.tif
176
     1
290
     0
176
     1
 40
1.0
176
     1
 40
1.0
176
     1
  0
VISUALSTYLE
  5
39
102
{ACAD_REACTORS
330
29
102
}
330
29
100
AcDbVisualStyle
  2
ColorChange
 70
    16
177
     3
291
     1
 70
    58
 90
        2
176
     1
 90
        2
176
     1
 90
        3
176
     1
 90
        0
176
     1
 40
0.6
176
     1
 40
30.0
176
     1
 62
     8
420
  8421504
176
     1
 90
        1
176
     1
 90
        4
176
     1
 62
     7
176
     1
 62
   257
176
     1
 90
        1
176
     1
 90
        1
176
     1
 40
1.0
176
     1
 90
        8
176
     1
 62
     8
420
  8421504
176
     1
 40
1.0
176
     1
 90
        1
176
     1
 90
        6
176
     1
 90
        2
176
     1
 62
     7
176
     1
 90
        5
176
     1
 90
        0
176
     1
 90
        0
176
     1
290
     0
176
     1
 90
        1
176
     1
 40
0.0
176
     1
 90
        0
176
     1
290
     0
176
     1
290
     1
176
     1
290
     1
176
     1
290
     0
176
     1
290
     0
176
     1
290
     0
176
     1
290
     0
176
     1
290
     0
176
     1
290
     0
176
     1
 90
       50
176
     1
 40
0.0
176
     1
 40
1.0
176
     1
 90
        0
176
     1
 62
    18
420
        0
176
     1
 90
       50
176
     1
 90
        3
176
     1
 62
     5
420
      255
176
     1
290
     0
176
     1
 90
       50
176
     1
 90
       50
176
     1
 90
       50
176
     1
290
     0
176
     1
 90
       50
176
     1
 62
   256
176
     0
 40
1.0
176
     0
 90
        2
176
     1
  1
strokes_ogs.tif
176
     1
290
     0
176
     1
 40
1.0
176
     1
 40
1.0
176
     1
  0
VISUALSTYLE
  5
32
102
{ACAD_REACTORS
330
29
102
}
330
29
100
AcDbVisualStyle
  2
Conceptual
 70
     9
177
     3
291
     0
 70
    58
 90
        3
176
     1
 90
        2
176
     1
 90
        0
176
     1
 90
        0
176
     1
 40
0.6
176
     1
 40
30.0
176
     1
 62
     7
420
 16777215
176
     1
 90
        2
176
     1
 90
        2
176
     1
 62
     7
176
     1
 62
   257
176
     1
 90
        1
176
     1
 90
        1
176
     1
 40
179.0
176
     1
 90
        8
176
     1
 62
     7
176
     1
 40
1.0
176
     1
 90
        1
176
     1
 90
        6
176
     1
 90
        2
176
     1
 62
     7
176
     1
 90
        3
176
     1
 90
        0
176
     1
 90
        0
176
     1
290
     0
176
     1
 90
        1
176
     1
 40
0.0
176
     1
 90
        0
176
     1
290
     0
176
     1
290
     1
176
     1
290
     1
176
     1
290
     0
176
     1
290
     0
176
     1
290
     0
176
     1
290
     0
176
     1
290
     0
176
     1
290
     0
176
     1
 90
       50
176
     1
 40
0.0
176
     1
 40
1.0
176
     1
 90
        0
176
     1
 62
    18
420
        0
176
     1
 90
       50
176
     1
 90
        3
176
     1
 62
     5
420
      255
176
     1
290
     0
176
     1
 90
       50
176
     1
 90
       50
176
     1
 90
       50
176
     1
290
     0
176
     1
 90
       50
176
     1
 62
   256
176
     0
 40
1.0
176
     0
 90
        2
176
     1
  1
strokes_ogs.tif
176
     1
290
     0
176
     1
 40
1.0
176
     1
 40
1.0
176
     1
  0
VISUALSTYLE
  5
34
102
{ACAD_REACTORS
330
29
102
}
330
29
100
AcDbVisualStyle
  2
Dim
 70
    11
177
     3
291
     1
 70
    58
 90
        2
176
     1
 90
        2
176
     1
 90
        0
176
     1
 90
        0
176
     1
 40
0.6
176
     1
 40
30.0
176
     1
 62
     7
420
 16777215
176
     1
 90
        1
176
     1
 90
        4
176
     1
 62
     7
176
     1
 62
   257
176
     1
 90
        1
176
     1
 90
        1
176
     1
 40
1.0
176
     1
 90
        8
176
     1
 62
     7
176
     1
 40
1.0
176
     1
 90
        1
176
     1
 90
        6
176
     1
 90
        2
176
     1
 62
     7
176
     1
 90
        5
176
     1
 90
        0
176
     1
 90
        0
176
     1
290
     0
176
     1
 90
        1
176
     1
 40
-50.0
176
     1
 90
        0
176
     1
290
     0
176
     1
290
     1
176
     1
290
     1
176
     1
290
     0
176
     1
290
     0
176
     1
290
     0
176
     1
290
     0
176
     1
290
     0
176
     1
290
     0
176
     1
 90
       50
176
     1
 40
0.0
176
     1
 40
1.0
176
     1
 90
        0
176
     1
 62
    18
420
        0
176
     1
 90
       50
176
     1
 90
        3
176
     1
 62
     5
420
      255
176
     1
290
     0
176
     1
 90
       50
176
     1
 90
       50
176
     1
 90
       50
176
     1
290
     0
176
     1
 90
       50
176
     1
 62
   256
176
     0
 40
1.0
176
     0
 90
        2
176
     1
  1
strokes_ogs.tif
176
     1
290
     0
176
     1
 40
1.0
176
     1
 40
1.0
176
     1
  0
VISUALSTYLE
  5
41
102
{ACAD_REACTORS
330
29
102
}
330
29
100
AcDbVisualStyle
  2
EdgeColorOff
 70
    22
177
     3
291
     1
 70
    58
 90
        2
176
     0
 90
        2
176
     0
 90
        0
176
     0
 90
        0
176
     0
 40
0.6
176
     0
 40
30.0
176
     0
 62
     7
420
 16777215
176
     0
 90
        1
176
     0
 90
        4
176
     0
 62
     7
176
     0
 62
   257
176
     0
 90
        1
176
     0
 90
        1
176
     0
 40
1.0
176
     0
 90
        8
176
     2
 62
     7
176
     0
 40
1.0
176
     0
 90
        1
176
     0
 90
        6
176
     0
 90
        2
176
     0
 62
     7
176
     0
 90
        5
176
     0
 90
        0
176
     0
 90
        0
176
     0
290
     0
176
     0
 90
        1
176
     0
 40
0.0
176
     0
 90
        0
176
     0
290
     0
176
     0
290
     1
176
     0
290
     1
176
     0
290
     0
176
     0
290
     0
176
     0
290
     0
176
     0
290
     0
176
     0
290
     0
176
     0
290
     0
176
     0
 90
       50
176
     0
 40
0.0
176
     0
 40
1.0
176
     0
 90
        0
176
     0
 62
    18
420
        0
176
     0
 90
       50
176
     0
 90
        3
176
     0
 62
     5
420
      255
176
     0
290
     0
176
     0
 90
       50
176
     0
 90
       50
176
     0
 90
       50
176
     0
290
     0
176
     0
 90
       50
176
     0
 62
   256
176
     0
 40
1.0
176
     0
 90
        2
176
     0
  1
strokes_ogs.tif
176
     0
290
     0
176
     0
 40
1.0
176
     0
 40
1.0
176
     0
  0
VISUALSTYLE
  5
38
102
{ACAD_REACTORS
330
29
102
}
330
29
100
AcDbVisualStyle
  2
Facepattern
 70
    15
177
     3
291
     1
 70
    58
 90
        2
176
     1
 90
        2
176
     1
 90
        0
176
     1
 90
        0
176
     1
 40
0.6
176
     1
 40
30.0
176
     1
 62
     7
420
 16777215
176
     1
 90
        1
176
     1
 90
        4
176
     1
 62
     7
176
     1
 62
   257
176
     1
 90
        1
176
     1
 90
        1
176
     1
 40
1.0
176
     1
 90
        8
176
     1
 62
     7
176
     1
 40
1.0
176
     1
 90
        1
176
     1
 90
        6
176
     1
 90
        2
176
     1
 62
     7
176
     1
 90
        5
176
     1
 90
        0
176
     1
 90
        0
176
     1
290
     0
176
     1
 90
        1
176
     1
 40
0.0
176
     1
 90
        0
176
     1
290
     0
176
     1
290
     1
176
     1
290
     1
176
     1
290
     0
176
     1
290
     0
176
     1
290
     0
176
     1
290
     0
176
     1
290
     0
176
     1
290
     0
176
     1
 90
       50
176
     1
 40
0.0
176
     1
 40
1.0
176
     1
 90
        0
176
     1
 62
    18
420
        0
176
     1
 90
       50
176
     1
 90
        3
176
     1
 62
     5
420
      255
176
     1
290
     0
176
     1
 90
       50
176
     1
 90
       50
176
     1
 90
       50
176
     1
290
     0
176
     1
 90
       50
176
     1
 62
   256
176
     0
 40
1.0
176
     0
 90
        2
176
     1
  1
strokes_ogs.tif
176
     1
290
     0
176
     1
 40
1.0
176
     1
 40
1.0
176
     1
  0
VISUALSTYLE
  5
2A
102
{ACAD_REACTORS
330
29
102
}
330
29
100
AcDbVisualStyle
  2
Flat
 70
     0
177
     3
291
     1
 70
    58
 90
        2
176
     1
 90
        1
176
     1
 90
        1
176
     1
 90
        2
176
     1
 40
0.6
176
     1
 40
30.0
176
     1
 62
     7
420
 16777215
176
     1
 90
        0
176
     1
 90
        0
176
     1
 62
     7
176
     1
 62
   257
176
     1
 90
        1
176
     1
 90
        1
176
     1
 40
1.0
176
     1
 90
        8
176
     1
 62
     7
176
     1
 40
1.0
176
     1
 90
        1
176
     1
 90
        6
176
     1
 90
        2
176
     1
 62
     7
176
     1
 90
        5
176
     1
 90
        0
176
     1
 90
        0
176
     1
290
     0
176
     1
 90
       13
176
     1
 40
0.0
176
     1
 90
        0
176
     1
290
     0
176
     1
290
     1
176
     1
290
     1
176
     1
290
     0
176
     1
290
     0
176
     1
290
     0
176
     1
290
     0
176
     1
290
     0
176
     1
290
     0
176
     1
 90
       50
176
     1
 40
0.0
176
     1
 40
1.0
176
     1
 90
        0
176
     1
 62
    18
420
        0
176
     1
 90
       50
176
     1
 90
        3
176
     1
 62
     5
420
      255
176
     1
290
     0
176
     1
 90
       50
176
     1
 90
       50
176
     1
 90
       50
176
     1
290
     0
176
     1
 90
       50
176
     1
 62
   256
176
     0
 40
1.0
176
     0
 90
        2
176
     1
  1
strokes_ogs.tif
176
     1
290
     0
176
     1
 40
1.0
176
     1
 40
1.0
176
     1
  0
VISUALSTYLE
  5
2B
102
{ACAD_REACTORS
330
29
102
}
330
29
100
AcDbVisualStyle
  2
FlatWithEdges
 70
     1
177
     3
291
     1
 70
    58
 90
        2
176
     1
 90
        1
176
     1
 90
        1
176
     1
 90
        2
176
     1
 40
0.6
176
     1
 40
30.0
176
     1
 62
     7
420
 16777215
176
     1
 90
        1
176
     1
 90
        0
176
     1
 62
     7
176
     1
 62
   257
176
     1
 90
        1
176
     1
 90
        1
176
     1
 40
1.0
176
     1
 90
        0
176
     1
 62
   257
176
     1
 40
1.0
176
     1
 90
        1
176
     1
 90
        6
176
     1
 90
        2
176
     1
 62
     7
176
     1
 90
        5
176
     1
 90
        0
176
     1
 90
        0
176
     1
290
     0
176
     1
 90
       13
176
     1
 40
0.0
176
     1
 90
        0
176
     1
290
     0
176
     1
290
     1
176
     1
290
     1
176
     1
290
     0
176
     1
290
     0
176
     1
290
     0
176
     1
290
     0
176
     1
290
     0
176
     1
290
     0
176
     1
 90
       50
176
     1
 40
0.0
176
     1
 40
1.0
176
     1
 90
        0
176
     1
 62
    18
420
        0
176
     1
 90
       50
176
     1
 90
        3
176
     1
 62
     5
420
      255
176
     1
290
     0
176
     1
 90
       50
176
     1
 90
       50
176
     1
 90
       50
176
     1
290
     0
176
     1
 90
       50
176
     1
 62
   256
176
     0
 40
1.0
176
     0
 90
        2
176
     1
  1
strokes_ogs.tif
176
     1
290
     0
176
     1
 40
1.0
176
     1
 40
1.0
176
     1
  0
VISUALSTYLE
  5
2C
102
{ACAD_REACTORS
330
29
102
}
330
29
100
AcDbVisualStyle
  2
Gouraud
 70
     2
177
     3
291
     1
 70
    58
 90
        2
176
     1
 90
        2
176
     1
 90
        1
176
     1
 90
        2
176
     1
 40
0.6
176
     1
 40
30.0
176
     1
 62
     7
420
 16777215
176
     1
 90
        0
176
     1
 90
        0
176
     1
 62
     7
176
     1
 62
   257
176
     1
 90
        1
176
     1
 90
        1
176
     1
 40
1.0
176
     1
 90
        0
176
     1
 62
     7
176
     1
 40
1.0
176
     1
 90
        1
176
     1
 90
        6
176
     1
 90
        2
176
     1
 62
     7
176
     1
 90
        5
176
     1
 90
        0
176
     1
 90
        0
176
     1
290
     0
176
     1
 90
       13
176
     1
 40
0.0
176
     1
 90
        0
176
     1
290
     0
176
     1
290
     1
176
     1
290
     1
176
     1
290
     0
176
     1
290
     0
176
     1
290
     0
176
     1
290
     0
176
     1
290
     0
176
     1
290
     0
176
     1
 90
       50
176
     1
 40
0.0
176
     1
 40
1.0
176
     1
 90
        0
176
     1
 62
    18
420
        0
176
     1
 90
       50
176
     1
 90
        3
176
     1
 62
     5
420
      255
176
     1
290
     0
176
     1
 90
       50
176
     1
 90
       50
176
     1
 90
       50
176
     1
290
     0
176
     1
 90
       50
176
     1
 62
   256
176
     0
 40
1.0
176
     0
 90
        2
176
     1
  1
strokes_ogs.tif
176
     1
290
     0
176
     1
 40
1.0
176
     1
 40
1.0
176
     1
  0
VISUALSTYLE
  5
2D
102
{ACAD_REACTORS
330
29
102
}
330
29
100
AcDbVisualStyle
  2
GouraudWithEdges
 70
     3
177
     3
291
     1
 70
    58
 90
        2
176
     1
 90
        2
176
     1
 90
        1
176
     1
 90
        2
176
     1
 40
0.6
176
     1
 40
30.0
176
     1
 62
     7
420
 16777215
176
     1
 90
        1
176
     1
 90
        0
176
     1
 62
     7
176
     1
 62
   257
176
     1
 90
        1
176
     1
 90
        1
176
     1
 40
1.0
176
     1
 90
        0
176
     1
 62
   257
176
     1
 40
1.0
176
     1
 90
        1
176
     1
 90
        6
176
     1
 90
        2
176
     1
 62
     7
176
     1
 90
        5
176
     1
 90
        0
176
     1
 90
        0
176
     1
290
     0
176
     1
 90
       13
176
     1
 40
0.0
176
     1
 90
        0
176
     1
290
     0
176
     1
290
     1
176
     1
290
     1
176
     1
290
     0
176
     1
290
     0
176
     1
290
     0
176
     1
290
     0
176
     1
290
     0
176
     1
290
     0
176
     1
 90
       50
176
     1
 40
0.0
176
     1
 40
1.0
176
     1
 90
        0
176
     1
 62
    18
420
        0
176
     1
 90
       50
176
     1
 90
        3
176
     1
 62
     5
420
      255
176
     1
290
     0
176
     1
 90
       50
176
     1
 90
       50
176
     1
 90
       50
176
     1
290
     0
176
     1
 90
       50
176
     1
 62
   256
176
     0
 40
1.0
176
     0
 90
        2
176
     1
  1
strokes_ogs.tif
176
     1
290
     0
176
     1
 40
1.0
176
     1
 40
1.0
176
     1
  0
VISUALSTYLE
  5
31
102
{ACAD_REACTORS
330
29
102
}
330
29
100
AcDbVisualStyle
  2
Hidden
 70
     6
177
     3
291
     0
 70
    58
 90
        1
176
     1
 90
        2
176
     1
 90
        2
176
     1
 90
        0
176
     1
 40
0.6
176
     1
 40
30.0
176
     1
 62
     7
420
 16777215
176
     1
 90
        2
176
     1
 90
        2
176
     1
 62
     7
176
     1
 62
   257
176
     1
 90
        2
176
     1
 90
        1
176
     1
 40
40.0
176
     1
 90
        0
176
     1
 62
   257
176
     1
 40
1.0
176
     1
 90
        1
176
     1
 90
        6
176
     1
 90
        2
176
     1
 62
     7
176
     1
 90
        3
176
     1
 90
        0
176
     1
 90
        0
176
     1
290
     0
176
     1
 90
        1
176
     1
 40
0.0
176
     1
 90
        0
176
     1
290
     0
176
     1
290
     1
176
     1
290
     1
176
     1
290
     0
176
     1
290
     0
176
     1
290
     0
176
     1
290
     0
176
     1
290
     0
176
     1
290
     0
176
     1
 90
       50
176
     1
 40
0.0
176
     1
 40
1.0
176
     1
 90
        0
176
     1
 62
    18
420
        0
176
     1
 90
       50
176
     1
 90
        3
176
     1
 62
     5
420
      255
176
     1
290
     0
176
     1
 90
       50
176
     1
 90
       50
176
     1
 90
       50
176
     1
290
     0
176
     1
 90
       50
176
     1
 62
   256
176
     0
 40
1.0
176
     0
 90
        2
176
     1
  1
strokes_ogs.tif
176
     1
290
     0
176
     1
 40
1.0
176
     1
 40
1.0
176
     1
  0
VISUALSTYLE
  5
3F
102
{ACAD_REACTORS
330
29
102
}
330
29
100
AcDbVisualStyle
  2
JitterOff
 70
    20
177
     3
291
     1
 70
    58
 90
        2
176
     0
 90
        2
176
     0
 90
        0
176
     0
 90
        0
176
     0
 40
0.6
176
     0
 40
30.0
176
     0
 62
     7
420
 16777215
176
     0
 90
        1
176
     0
 90
        4
176
     0
 62
     7
176
     0
 62
   257
176
     0
 90
        1
176
     0
 90
        1
176
     0
 40
1.0
176
     0
 90
       10
176
     2
 62
     7
176
     0
 40
1.0
176
     0
 90
        1
176
     0
 90
        6
176
     0
 90
        2
176
     0
 62
     7
176
     0
 90
        5
176
     0
 90
        0
176
     0
 90
        0
176
     0
290
     0
176
     0
 90
        1
176
     0
 40
0.0
176
     0
 90
        0
176
     0
290
     0
176
     0
290
     1
176
     0
290
     1
176
     0
290
     0
176
     0
290
     0
176
     0
290
     0
176
     0
290
     0
176
     0
290
     0
176
     0
290
     0
176
     0
 90
       50
176
     0
 40
0.0
176
     0
 40
1.0
176
     0
 90
        0
176
     0
 62
    18
420
        0
176
     0
 90
       50
176
     0
 90
        3
176
     0
 62
     5
420
      255
176
     0
290
     0
176
     0
 90
       50
176
     0
 90
       50
176
     0
 90
       50
176
     0
290
     0
176
     0
 90
       50
176
     0
 62
   256
176
     0
 40
1.0
176
     0
 90
        2
176
     0
  1
strokes_ogs.tif
176
     0
290
     0
176
     0
 40
1.0
176
     0
 40
1.0
176
     0
  0
VISUALSTYLE
  5
37
102
{ACAD_REACTORS
330
29
102
}
330
29
100
AcDbVisualStyle
  2
Linepattern
 70
    14
177
     3
291
     1
 70
    58
 90
        2
176
     1
 90
        2
176
     1
 90
        0
176
     1
 90
        0
176
     1
 40
0.6
176
     1
 40
30.0
176
     1
 62
     7
420
 16777215
176
     1
 90
        1
176
     1
 90
        4
176
     1
 62
     7
176
     1
 62
   257
176
     1
 90
        7
176
     1
 90
        7
176
     1
 40
1.0
176
     1
 90
        8
176
     1
 62
     7
176
     1
 40
1.0
176
     1
 90
        1
176
     1
 90
        6
176
     1
 90
        2
176
     1
 62
     7
176
     1
 90
        5
176
     1
 90
        0
176
     1
 90
        0
176
     1
290
     0
176
     1
 90
        1
176
     1
 40
0.0
176
     1
 90
        0
176
     1
290
     0
176
     1
290
     1
176
     1
290
     1
176
     1
290
     0
176
     1
290
     0
176
     1
290
     0
176
     1
290
     0
176
     1
290
     0
176
     1
290
     0
176
     1
 90
       50
176
     1
 40
0.0
176
     1
 40
1.0
176
     1
 90
        0
176
     1
 62
    18
420
        0
176
     1
 90
       50
176
     1
 90
        3
176
     1
 62
     5
420
      255
176
     1
290
     0
176
     1
 90
       50
176
     1
 90
       50
176
     1
 90
       50
176
     1
290
     0
176
     1
 90
       50
176
     1
 62
   256
176
     0
 40
1.0
176
     0
 90
        2
176
     1
  1
strokes_ogs.tif
176
     1
290
     0
176
     1
 40
1.0
176
     1
 40
1.0
176
     1
  0
VISUALSTYLE
  5
40
102
{ACAD_REACTORS
330
29
102
}
330
29
100
AcDbVisualStyle
  2
OverhangOff
 70
    21
177
     3
291
     1
 70
    58
 90
        2
176
     0
 90
        2
176
     0
 90
        0
176
     0
 90
        0
176
     0
 40
0.6
176
     0
 40
30.0
176
     0
 62
     7
420
 16777215
176
     0
 90
        1
176
     0
 90
        4
176
     0
 62
     7
176
     0
 62
   257
176
     0
 90
        1
176
     0
 90
        1
176
     0
 40
1.0
176
     0
 90
        9
176
     2
 62
     7
176
     0
 40
1.0
176
     0
 90
        1
176
     0
 90
        6
176
     0
 90
        2
176
     0
 62
     7
176
     0
 90
        5
176
     0
 90
        0
176
     0
 90
        0
176
     0
290
     0
176
     0
 90
        1
176
     0
 40
0.0
176
     0
 90
        0
176
     0
290
     0
176
     0
290
     1
176
     0
290
     1
176
     0
290
     0
176
     0
290
     0
176
     0
290
     0
176
     0
290
     0
176
     0
290
     0
176
     0
290
     0
176
     0
 90
       50
176
     0
 40
0.0
176
     0
 40
1.0
176
     0
 90
        0
176
     0
 62
    18
420
        0
176
     0
 90
       50
176
     0
 90
        3
176
     0
 62
     5
420
      255
176
     0
290
     0
176
     0
 90
       50
176
     0
 90
       50
176
     0
 90
       50
176
     0
290
     0
176
     0
 90
       50
176
     0
 62
   256
176
     0
 40
1.0
176
     0
 90
        2
176
     0
  1
strokes_ogs.tif
176
     0
290
     0
176
     0
 40
1.0
176
     0
 40
1.0
176
     0
  0
VISUALSTYLE
  5
33
102
{ACAD_REACTORS
330
29
102
}
330
29
100
AcDbVisualStyle
  2
Realistic
 70
     8
177
     3
291
     0
 70
    58
 90
        2
176
     1
 90
        3
176
     1
 90
        0
176
     1
 90
        2
176
     1
 40
0.6
176
     1
 40
30.0
176
     1
 62
     7
420
 16777215
176
     1
 90
        0
176
     1
 90
        0
176
     1
 62
     7
176
     1
 62
   257
176
     1
 90
        1
176
     1
 90
        1
176
     1
 40
1.0
176
     1
 90
        8
176
     1
 62
   257
176
     1
 40
1.0
176
     1
 90
        1
176
     1
 90
        6
176
     1
 90
        2
176
     1
 62
     7
176
     1
 90
        3
176
     1
 90
        0
176
     1
 90
        0
176
     1
290
     0
176
     1
 90
       13
176
     1
 40
0.0
176
     1
 90
        0
176
     1
290
     0
176
     1
290
     1
176
     1
290
     1
176
     1
290
     0
176
     1
290
     0
176
     1
290
     0
176
     1
290
     0
176
     1
290
     0
176
     1
290
     0
176
     1
 90
       50
176
     1
 40
0.0
176
     1
 40
1.0
176
     1
 90
        0
176
     1
 62
    18
420
        0
176
     1
 90
       50
176
     1
 90
        3
176
     1
 62
     5
420
      255
176
     1
290
     0
176
     1
 90
       50
176
     1
 90
       50
176
     1
 90
       50
176
     1
290
     0
176
     1
 90
       50
176
     1
 62
   256
176
     0
 40
1.0
176
     0
 90
        2
176
     1
  1
strokes_ogs.tif
176
     1
290
     0
176
     1
 40
1.0
176
     1
 40
1.0
176
     1
  0
VISUALSTYLE
  5
3E
102
{ACAD_REACTORS
330
29
102
}
330
29
100
AcDbVisualStyle
  2
Shaded
 70
    27
177
     3
291
     0
 70
    58
 90
        2
176
     1
 90
        2
176
     1
 90
        1
176
     1
 90
        2
176
     1
 40
0.6
176
     1
 40
30.0
176
     1
 62
     7
420
 16777215
176
     1
 90
        0
176
     1
 90
        4
176
     1
 62
     7
176
     1
 62
   257
176
     1
 90
        1
176
     1
 90
        1
176
     1
 40
1.0
176
     1
 90
        8
176
     1
 62
   257
176
     1
 40
1.0
176
     1
 90
        1
176
     1
 90
        6
176
     1
 90
        2
176
     1
 62
     8
420
  7895160
176
     1
 90
        3
176
     1
 90
        0
176
     1
 90
        0
176
     1
290
     0
176
     1
 90
        5
176
     1
 40
0.0
176
     1
 90
        0
176
     1
290
     0
176
     1
290
     1
176
     1
290
     1
176
     1
290
     0
176
     1
290
     0
176
     1
290
     0
176
     1
290
     0
176
     1
290
     0
176
     1
290
     0
176
     1
 90
       50
176
     1
 40
0.0
176
     1
 40
1.0
176
     1
 90
        0
176
     1
 62
    18
420
        0
176
     1
 90
       50
176
     1
 90
        3
176
     1
 62
     5
420
      255
176
     1
290
     0
176
     1
 90
       50
176
     1
 90
       50
176
     1
 90
       50
176
     1
290
     0
176
     1
 90
       50
176
     1
 62
   256
176
     0
 40
1.0
176
     0
 90
        2
176
     1
  1
strokes_ogs.tif
176
     1
290
     0
176
     1
 40
1.0
176
     1
 40
1.0
176
     1
  0
VISUALSTYLE
  5
3D
102
{ACAD_REACTORS
330
29
102
}
330
29
100
AcDbVisualStyle
  2
Shaded with edges
 70
    26
177
     3
291
     0
 70
    58
 90
        2
176
     1
 90
        2
176
     1
 90
        1
176
     1
 90
        2
176
     1
 40
0.6
176
     1
 40
30.0
176
     1
 62
     7
420
 16777215
176
     1
 90
        1
176
     1
 90
        2
176
     1
 62
     7
176
     1
 62
   257
176
     1
 90
        2
176
     1
 90
        1
176
     1
 40
1.0
176
     1
 90
        8
176
     1
 62
   257
176
     1
 40
1.0
176
     1
 90
        1
176
     1
 90
        6
176
     1
 90
        2
176
     1
 62
     7
176
     1
 90
        3
176
     1
 90
        0
176
     1
 90
        0
176
     1
290
     0
176
     1
 90
        5
176
     1
 40
0.0
176
     1
 90
        0
176
     1
290
     0
176
     1
290
     1
176
     1
290
     1
176
     1
290
     0
176
     1
290
     0
176
     1
290
     0
176
     1
290
     0
176
     1
290
     0
176
     1
290
     0
176
     1
 90
       50
176
     1
 40
0.0
176
     1
 40
1.0
176
     1
 90
        0
176
     1
 62
    18
420
        0
176
     1
 90
       50
176
     1
 90
        3
176
     1
 62
     5
420
      255
176
     1
290
     0
176
     1
 90
       50
176
     1
 90
       50
176
     1
 90
       50
176
     1
290
     0
176
     1
 90
       50
176
     1
 62
   256
176
     0
 40
1.0
176
     0
 90
        2
176
     1
  1
strokes_ogs.tif
176
     1
290
     0
176
     1
 40
1.0
176
     1
 40
1.0
176
     1
  0
VISUALSTYLE
  5
3A
102
{ACAD_REACTORS
330
29
102
}
330
29
100
AcDbVisualStyle
  2
Shades of Gray
 70
    23
177
     3
291
     0
 70
    58
 90
        2
176
     1
 90
        2
176
     1
 90
        3
176
     1
 90
        0
176
     1
 40
0.6
176
     1
 40
30.0
176
     1
 62
     7
420
 16777215
176
     1
 90
        2
176
     1
 90
        2
176
     1
 62
     7
176
     1
 62
     7
176
     1
 90
        1
176
     1
 90
        1
176
     1
 40
40.0
176
     1
 90
        8
176
     1
 62
     7
176
     1
 40
1.0
176
     1
 90
        1
176
     1
 90
        6
176
     1
 90
        2
176
     1
 62
     7
176
     1
 90
        3
176
     1
 90
        0
176
     1
 90
        0
176
     1
290
     0
176
     1
 90
        1
176
     1
 40
0.0
176
     1
 90
        0
176
     1
290
     0
176
     1
290
     1
176
     1
290
     1
176
     1
290
     0
176
     1
290
     0
176
     1
290
     0
176
     1
290
     0
176
     1
290
     0
176
     1
290
     0
176
     1
 90
       50
176
     1
 40
0.0
176
     1
 40
1.0
176
     1
 90
        0
176
     1
 62
    18
420
        0
176
     1
 90
       50
176
     1
 90
        3
176
     1
 62
     5
420
      255
176
     1
290
     0
176
     1
 90
       50
176
     1
 90
       50
176
     1
 90
       50
176
     1
290
     0
176
     1
 90
       50
176
     1
 62
   256
176
     0
 40
1.0
176
     0
 90
        2
176
     1
  1
strokes_ogs.tif
176
     1
290
     0
176
     1
 40
1.0
176
     1
 40
1.0
176
     1
  0
VISUALSTYLE
  5
3B
102
{ACAD_REACTORS
330
29
102
}
330
29
100
AcDbVisualStyle
  2
Sketchy
 70
    24
177
     3
291
     0
 70
    58
 90
        1
176
     1
 90
        2
176
     1
 90
        2
176
     1
 90
        0
176
     1
 40
0.6
176
     1
 40
30.0
176
     1
 62
     7
420
 16777215
176
     1
 90
        2
176
     1
 90
        2
176
     1
 62
     7
176
     1
 62
     7
176
     1
 90
        1
176
     1
 90
        1
176
     1
 40
40.0
176
     1
 90
       11
176
     1
 62
     7
176
     1
 40
1.0
176
     1
 90
        1
176
     1
 90
        6
176
     1
 90
        2
176
     1
 62
     7
176
     1
 90
        6
176
     1
 90
        0
176
     1
 90
        0
176
     1
290
     0
176
     1
 90
        1
176
     1
 40
0.0
176
     1
 90
        0
176
     1
290
     0
176
     1
290
     1
176
     1
290
     1
176
     1
290
     0
176
     1
290
     0
176
     1
290
     0
176
     1
290
     0
176
     1
290
     0
176
     1
290
     0
176
     1
 90
       50
176
     1
 40
0.0
176
     1
 40
1.0
176
     1
 90
        0
176
     1
 62
    18
420
        0
176
     1
 90
       50
176
     1
 90
        3
176
     1
 62
     5
420
      255
176
     1
290
     0
176
     1
 90
       50
176
     1
 90
       50
176
     1
 90
       50
176
     1
290
     0
176
     1
 90
       50
176
     1
 62
   256
176
     0
 40
1.0
176
     0
 90
        2
176
     1
  1
strokes_ogs.tif
176
     1
290
     0
176
     1
 40
1.0
176
     1
 40
1.0
176
     1
  0
VISUALSTYLE
  5
36
102
{ACAD_REACTORS
330
29
102
}
330
29
100
AcDbVisualStyle
  2
Thicken
 70
    13
177
     3
291
     1
 70
    58
 90
        2
176
     1
 90
        2
176
     1
 90
        0
176
     1
 90
        0
176
     1
 40
0.6
176
     1
 40
30.0
176
     1
 62
     7
420
 16777215
176
     1
 90
        1
176
     1
 90
        4
176
     1
 62
     7
176
     1
 62
   257
176
     1
 90
        1
176
     1
 90
        1
176
     1
 40
1.0
176
     1
 90
       12
176
     1
 62
     7
176
     1
 40
1.0
176
     1
 90
        1
176
     1
 90
        6
176
     1
 90
        2
176
     1
 62
     7
176
     1
 90
        5
176
     1
 90
        0
176
     1
 90
        0
176
     1
290
     0
176
     1
 90
        1
176
     1
 40
0.0
176
     1
 90
        0
176
     1
290
     0
176
     1
290
     1
176
     1
290
     1
176
     1
290
     0
176
     1
290
     0
176
     1
290
     0
176
     1
290
     0
176
     1
290
     0
176
     1
290
     0
176
     1
 90
       50
176
     1
 40
0.0
176
     1
 40
1.0
176
     1
 90
        0
176
     1
 62
    18
420
        0
176
     1
 90
       50
176
     1
 90
        3
176
     1
 62
     5
420
      255
176
     1
290
     0
176
     1
 90
       50
176
     1
 90
       50
176
     1
 90
       50
176
     1
290
     0
176
     1
 90
       50
176
     1
 62
   256
176
     0
 40
1.0
176
     0
 90
        2
176
     1
  1
strokes_ogs.tif
176
     1
290
     0
176
     1
 40
1.0
176
     1
 40
1.0
176
     1
  0
VISUALSTYLE
  5
30
102
{ACAD_REACTORS
330
29
102
}
330
29
100
AcDbVisualStyle
  2
Wireframe
 70
     5
177
     3
291
     0
 70
    58
 90
        0
176
     1
 90
        2
176
     1
 90
        0
176
     1
 90
        0
176
     1
 40
0.6
176
     1
 40
30.0
176
     1
 62
     7
420
 16777215
176
     1
 90
        1
176
     1
 90
        4
176
     1
 62
     7
176
     1
 62
   257
176
     1
 90
        1
176
     1
 90
        1
176
     1
 40
1.0
176
     1
 90
        0
176
     1
 62
   257
176
     1
 40
1.0
176
     1
 90
        1
176
     1
 90
        6
176
     1
 90
        2
176
     1
 62
     7
176
     1
 90
        3
176
     1
 90
        0
176
     1
 90
        0
176
     1
290
     0
176
     1
 90
        1
176
     1
 40
0.0
176
     1
 90
        0
176
     1
290
     0
176
     1
290
     1
176
     1
290
     1
176
     1
290
     0
176
     1
290
     0
176
     1
290
     0
176
     1
290
     0
176
     1
290
     0
176
     1
290
     0
176
     1
 90
       50
176
     1
 40
0.0
176
     1
 40
1.0
176
     1
 90
        0
176
     1
 62
    18
420
        0
176
     1
 90
       50
176
     1
 90
        3
176
     1
 62
     5
420
      255
176
     1
290
     0
176
     1
 90
       50
176
     1
 90
       50
176
     1
 90
       50
176
     1
290
     0
176
     1
 90
       50
176
     1
 62
   256
176
     0
 40
1.0
176
     0
 90
        2
176
     1
  1
strokes_ogs.tif
176
     1
290
     0
176
     1
 40
1.0
176
     1
 40
1.0
176
     1
  0
VISUALSTYLE
  5
3C
102
{ACAD_REACTORS
330
29
102
}
330
29
100
AcDbVisualStyle
  2
X-Ray
 70
    25
177
     3
291
     0
 70
    58
 90
        2
176
     1
 90
        2
176
     1
 90
        1
176
     1
 90
        1
176
     1
 40
0.5
176
     1
 40
30.0
176
     1
 62
     7
420
 16777215
176
     1
 90
        1
176
     1
 90
        0
176
     1
 62
     7
176
     1
 62
   257
176
     1
 90
        1
176
     1
 90
        1
176
     1
 40
1.0
176
     1
 90
        8
176
     1
 62
     7
176
     1
 40
1.0
176
     1
 90
        1
176
     1
 90
        6
176
     1
 90
        2
176
     1
 62
     7
176
     1
 90
        3
176
     1
 90
        0
176
     1
 90
        0
176
     1
290
     0
176
     1
 90
       13
176
     1
 40
0.0
176
     1
 90
        0
176
     1
290
     0
176
     1
290
     1
176
     1
290
     1
176
     1
290
     0
176
     1
290
     0
176
     1
290
     0
176
     1
290
     0
176
     1
290
     0
176
     1
290
     0
176
     1
 90
       50
176
     1
 40
0.0
176
     1
 40
1.0
176
     1
 90
        0
176
     1
 62
    18
420
        0
176
     1
 90
       50
176
     1
 90
        3
176
     1
 62
     5
420
      255
176
     1
290
     0
176
     1
 90
       50
176
     1
 90
       50
176
     1
 90
       50
176
     1
290
     0
176
     1
 90
       50
176
     1
 62
   256
176
     0
 40
1.0
176
     0
 90
        2
176
     1
  1
strokes_ogs.tif
176
     1
290
     0
176
     1
 40
1.0
176
     1
 40
1.0
176
     1
  0
DICTIONARYVAR
  5
F3
102
{ACAD_REACTORS
330
EE
102
}
330
EE
100
DictionaryVariables
280
     0
  1
1:1
  0
DICTIONARYVAR
  5
F0
102
{ACAD_REACTORS
330
EE
102
}
330
EE
100
DictionaryVariables
280
     0
  1
STANDARD
  0
DICTIONARYVAR
  5
EF
102
{ACAD_REACTORS
330
EE
102
}
330
EE
100
DictionaryVariables
280
     0
  1
STANDARD
  0
DICTIONARYVAR
  5
F1
102
{ACAD_REACTORS
330
EE
102
}
330
EE
100
DictionaryVariables
280
     0
  1
Imperial24
  0
DICTIONARYVAR
  5
F2
102
{ACAD_REACTORS
330
EE
102
}
330
EE
100
DictionaryVariables
280
     0
  1
Imperial24
  0
DICTIONARY
  5
1A
330
19
100
AcDbDictionary
280
     1
281
     1
  3
BUMPTILE
360
1C
  3
DIFFUSETILE
360
1B
  3
OPACITYTILE
360
1F
  3
REFLECTIONTILE
360
1E
  3
REFRACTIONTILE
360
20
  3
SPECULARTILE
360
1D
  0
DICTIONARY
  5
12
330
11
100
AcDbDictionary
280
     1
281
     1
  3
BUMPTILE
360
14
  3
DIFFUSETILE
360
13
  3
OPACITYTILE
360
17
  3
REFLECTIONTILE
360
16
  3
REFRACTIONTILE
360
18
  3
SPECULARTILE
360
15
  0
DICTIONARY
  5
22
330
21
100
AcDbDictionary
280
     1
281
     1
  3
BUMPTILE
360
24
  3
DIFFUSETILE
360
23
  3
OPACITYTILE
360
27
  3
REFLECTIONTILE
360
26
  3
REFRACTIONTILE
360
28
  3
SPECULARTILE
360
25
  0
DICTIONARY
  5
F4
330
65
100
AcDbDictionary
280
     1
281
     1
  3
ACAD_ROUNDTRIP_2008_TABLESTYLE_CELLSTYLEMAP
360
F5
  0
XRECORD
  5
1C
102
{ACAD_REACTORS
330
1A
102
}
330
1A
100
AcDbXrecord
280
     1
270
     1
271
     1
  0
XRECORD
  5
1B
102
{ACAD_REACTORS
330
1A
102
}
330
1A
100
AcDbXrecord
280
     1
270
     1
271
     1
  0
XRECORD
  5
1F
102
{ACAD_REACTORS
330
1A
102
}
330
1A
100
AcDbXrecord
280
     1
270
     1
271
     1
  0
XRECORD
  5
1E
102
{ACAD_REACTORS
330
1A
102
}
330
1A
100
AcDbXrecord
280
     1
270
     1
271
     1
  0
XRECORD
  5
20
102
{ACAD_REACTORS
330
1A
102
}
330
1A
100
AcDbXrecord
280
     1
270
     1
271
     1
  0
XRECORD
  5
1D
102
{ACAD_REACTORS
330
1A
102
}
330
1A
100
AcDbXrecord
280
     1
270
     1
271
     1
  0
XRECORD
  5
14
102
{ACAD_REACTORS
330
12
102
}
330
12
100
AcDbXrecord
280
     1
270
     1
271
     1
  0
XRECORD
  5
13
102
{ACAD_REACTORS
330
12
102
}
330
12
100
AcDbXrecord
280
     1
270
     1
271
     1
  0
XRECORD
  5
17
102
{ACAD_REACTORS
330
12
102
}
330
12
100
AcDbXrecord
280
     1
270
     1
271
     1
  0
XRECORD
  5
16
102
{ACAD_REACTORS
330
12
102
}
330
12
100
AcDbXrecord
280
     1
270
     1
271
     1
  0
XRECORD
  5
18
102
{ACAD_REACTORS
330
12
102
}
330
12
100
AcDbXrecord
280
     1
270
     1
271
     1
  0
XRECORD
  5
15
102
{ACAD_REACTORS
330
12
102
}
330
12
100
AcDbXrecord
280
     1
270
     1
271
     1
  0
XRECORD
  5
24
102
{ACAD_REACTORS
330
22
102
}
330
22
100
AcDbXrecord
280
     1
270
     1
271
     1
  0
XRECORD
  5
23
102
{ACAD_REACTORS
330
22
102
}
330
22
100
AcDbXrecord
280
     1
270
     1
271
     1
  0
XRECORD
  5
27
102
{ACAD_REACTORS
330
22
102
}
330
22
100
AcDbXrecord
280
     1
270
     1
271
     1
  0
XRECORD
  5
26
102
{ACAD_REACTORS
330
22
102
}
330
22
100
AcDbXrecord
280
     1
270
     1
271
     1
  0
XRECORD
  5
28
102
{ACAD_REACTORS
330
22
102
}
330
22
100
AcDbXrecord
280
     1
270
     1
271
     1
  0
XRECORD
  5
25
102
{ACAD_REACTORS
330
22
102
}
330
22
100
AcDbXrecord
280
     1
270
     1
271
     1
  0
CELLSTYLEMAP
  5
F5
102
{ACAD_REACTORS
330
F4
102
}
330
F4
100
AcDbCellStyleMap
 90
        3
300
CELLSTYLE
  1
TABLEFORMAT_BEGIN
 90
        5
170
     1
 91
        0
 92
    32768
 62
   257
 93
        1
300
CONTENTFORMAT
  1
CONTENTFORMAT_BEGIN
 90
        0
 91
        0
 92
      512
 93
        0
300

 40
0.0
140
1.0
 94
        5
 62
     0
340
55
144
0.25
309
CONTENTFORMAT_END
171
     0
 94
        0
309
TABLEFORMAT_END
  1
CELLSTYLE_BEGIN
 90
        1
 91
        1
300
_TITLE
309
CELLSTYLE_END
300
CELLSTYLE
  1
TABLEFORMAT_BEGIN
 90
        5
170
     1
 91
        0
 92
        0
 62
   257
 93
        1
300
CONTENTFORMAT
  1
CONTENTFORMAT_BEGIN
 90
        0
 91
        0
 92
      512
 93
        0
300

 40
0.0
140
1.0
 94
        5
 62
     0
340
55
144
0.18
309
CONTENTFORMAT_END
171
     0
 94
        0
309
TABLEFORMAT_END
  1
CELLSTYLE_BEGIN
 90
        2
 91
        1
300
_HEADER
309
CELLSTYLE_END
300
CELLSTYLE
  1
TABLEFORMAT_BEGIN
 90
        5
170
     1
 91
        0
 92
        0
 62
   257
 93
        1
300
CONTENTFORMAT
  1
CONTENTFORMAT_BEGIN
 90
        0
 91
        0
 92
      512
 93
        0
300

 40
0.0
140
1.0
 94
        2
 62
     0
340
55
144
0.18
309
CONTENTFORMAT_END
171
     0
 94
        0
309
TABLEFORMAT_END
  1
CELLSTYLE_BEGIN
 90
        3
 91
        2
300
_DATA
309
CELLSTYLE_END
  0
ENDSEC
  0
EOF
