ISO-10303-21;
HEADER;
FILE_DESCRIPTION(('CATIA V5 STEP Exchange'),'2;1');

FILE_NAME('C:\\Users\\jon-g\\Andromeda\\Proyectos\\1_Activos\\LIA\\enclosure\\step\\Top_collar.stp','2026-07-06T07:59:41+00:00',('none'),('none'),'CATIA Version 5 Release 20 GA (IN-10)','CATIA V5 STEP AP203','none');

FILE_SCHEMA(('CONFIG_CONTROL_DESIGN'));

ENDSEC;
/* file written by CATIA V5R20 */
DATA;
#5=PRODUCT('Top','','',(#2)) ;
#1=APPLICATION_CONTEXT('configuration controlled 3D design of mechanical parts and assemblies') ;
#14=PRODUCT_DEFINITION('',' ',#6,#3) ;
#16=SECURITY_CLASSIFICATION(' ',' ',#15) ;
#15=SECURITY_CLASSIFICATION_LEVEL('unclassified') ;
#47=CARTESIAN_POINT(' ',(0.,0.,0.)) ;
#52=CARTESIAN_POINT('Axis2P3D Location',(0.,0.,0.)) ;
#57=CARTESIAN_POINT('Line Origine',(-27.5,-10.,0.)) ;
#61=CARTESIAN_POINT('Vertex',(-27.5,-8.,0.)) ;
#63=CARTESIAN_POINT('Vertex',(-27.5,-12.,0.)) ;
#66=CARTESIAN_POINT('Line Origine',(-31.,-8.,0.)) ;
#70=CARTESIAN_POINT('Vertex',(-34.5,-8.,0.)) ;
#73=CARTESIAN_POINT('Line Origine',(-34.5,-6.75,0.)) ;
#77=CARTESIAN_POINT('Vertex',(-34.5,-5.5,0.)) ;
#80=CARTESIAN_POINT('Line Origine',(-29.5,-5.5,0.)) ;
#84=CARTESIAN_POINT('Vertex',(-24.5,-5.5,0.)) ;
#87=CARTESIAN_POINT('Line Origine',(-24.5,-2.75,0.)) ;
#91=CARTESIAN_POINT('Vertex',(-24.5,2.6645352591E-015,0.)) ;
#94=CARTESIAN_POINT('Line Origine',(-24.5,2.75,0.)) ;
#98=CARTESIAN_POINT('Vertex',(-24.5,5.5,0.)) ;
#101=CARTESIAN_POINT('Line Origine',(-29.5,5.5,0.)) ;
#105=CARTESIAN_POINT('Vertex',(-34.5,5.5,0.)) ;
#108=CARTESIAN_POINT('Line Origine',(-34.5,6.75,0.)) ;
#112=CARTESIAN_POINT('Vertex',(-34.5,8.,0.)) ;
#115=CARTESIAN_POINT('Line Origine',(-31.,8.,0.)) ;
#119=CARTESIAN_POINT('Vertex',(-27.5,8.,0.)) ;
#122=CARTESIAN_POINT('Line Origine',(-27.5,10.,0.)) ;
#126=CARTESIAN_POINT('Vertex',(-27.5,12.,0.)) ;
#129=CARTESIAN_POINT('Line Origine',(-33.5,12.,0.)) ;
#133=CARTESIAN_POINT('Vertex',(-39.5,12.,0.)) ;
#136=CARTESIAN_POINT('Line Origine',(-39.5,11.,0.)) ;
#140=CARTESIAN_POINT('Vertex',(-39.5,10.,0.)) ;
#143=CARTESIAN_POINT('Line Origine',(-41.,10.,0.)) ;
#147=CARTESIAN_POINT('Vertex',(-42.5,10.,0.)) ;
#150=CARTESIAN_POINT('Line Origine',(-42.5,10.25,0.)) ;
#154=CARTESIAN_POINT('Vertex',(-42.5,10.5,0.)) ;
#157=CARTESIAN_POINT('Axis2P3D Location',(-35.,10.5,0.)) ;
#161=CARTESIAN_POINT('Vertex',(-35.,18.,0.)) ;
#164=CARTESIAN_POINT('Line Origine',(0.,18.,0.)) ;
#168=CARTESIAN_POINT('Vertex',(35.,18.,0.)) ;
#171=CARTESIAN_POINT('Axis2P3D Location',(35.,10.5,0.)) ;
#175=CARTESIAN_POINT('Vertex',(42.5,10.5,0.)) ;
#178=CARTESIAN_POINT('Line Origine',(42.5,10.25,0.)) ;
#182=CARTESIAN_POINT('Vertex',(42.5,10.,0.)) ;
#185=CARTESIAN_POINT('Line Origine',(41.,10.,0.)) ;
#189=CARTESIAN_POINT('Vertex',(39.5,10.,0.)) ;
#192=CARTESIAN_POINT('Line Origine',(39.5,11.,0.)) ;
#196=CARTESIAN_POINT('Vertex',(39.5,12.,0.)) ;
#199=CARTESIAN_POINT('Line Origine',(33.5,12.,0.)) ;
#203=CARTESIAN_POINT('Vertex',(27.5,12.,0.)) ;
#206=CARTESIAN_POINT('Line Origine',(27.5,10.,0.)) ;
#210=CARTESIAN_POINT('Vertex',(27.5,8.,0.)) ;
#213=CARTESIAN_POINT('Line Origine',(31.,8.,0.)) ;
#217=CARTESIAN_POINT('Vertex',(34.5,8.,0.)) ;
#220=CARTESIAN_POINT('Line Origine',(34.5,6.75,0.)) ;
#224=CARTESIAN_POINT('Vertex',(34.5,5.5,0.)) ;
#227=CARTESIAN_POINT('Line Origine',(29.5,5.5,0.)) ;
#231=CARTESIAN_POINT('Vertex',(24.5,5.5,0.)) ;
#234=CARTESIAN_POINT('Line Origine',(24.5,2.75,0.)) ;
#238=CARTESIAN_POINT('Vertex',(24.5,-2.6645352591E-015,0.)) ;
#241=CARTESIAN_POINT('Line Origine',(24.5,-2.75,0.)) ;
#245=CARTESIAN_POINT('Vertex',(24.5,-5.5,0.)) ;
#248=CARTESIAN_POINT('Line Origine',(29.5,-5.5,0.)) ;
#252=CARTESIAN_POINT('Vertex',(34.5,-5.5,0.)) ;
#255=CARTESIAN_POINT('Line Origine',(34.5,-6.75,0.)) ;
#259=CARTESIAN_POINT('Vertex',(34.5,-8.,0.)) ;
#262=CARTESIAN_POINT('Line Origine',(31.,-8.,0.)) ;
#266=CARTESIAN_POINT('Vertex',(27.5,-8.,0.)) ;
#269=CARTESIAN_POINT('Line Origine',(27.5,-10.,0.)) ;
#273=CARTESIAN_POINT('Vertex',(27.5,-12.,0.)) ;
#276=CARTESIAN_POINT('Line Origine',(33.5,-12.,0.)) ;
#280=CARTESIAN_POINT('Vertex',(39.5,-12.,0.)) ;
#283=CARTESIAN_POINT('Line Origine',(39.5,-11.,0.)) ;
#287=CARTESIAN_POINT('Vertex',(39.5,-10.,0.)) ;
#290=CARTESIAN_POINT('Line Origine',(41.,-10.,0.)) ;
#294=CARTESIAN_POINT('Vertex',(42.5,-10.,0.)) ;
#297=CARTESIAN_POINT('Line Origine',(42.5,-10.25,0.)) ;
#301=CARTESIAN_POINT('Vertex',(42.5,-10.5,0.)) ;
#304=CARTESIAN_POINT('Axis2P3D Location',(35.,-10.5,0.)) ;
#308=CARTESIAN_POINT('Vertex',(35.,-18.,0.)) ;
#311=CARTESIAN_POINT('Line Origine',(0.,-18.,0.)) ;
#315=CARTESIAN_POINT('Vertex',(-35.,-18.,0.)) ;
#318=CARTESIAN_POINT('Axis2P3D Location',(-35.,-10.5,0.)) ;
#322=CARTESIAN_POINT('Vertex',(-42.5,-10.5,0.)) ;
#325=CARTESIAN_POINT('Line Origine',(-42.5,-10.25,0.)) ;
#329=CARTESIAN_POINT('Vertex',(-42.5,-10.,0.)) ;
#332=CARTESIAN_POINT('Line Origine',(-41.,-10.,0.)) ;
#336=CARTESIAN_POINT('Vertex',(-39.5,-10.,0.)) ;
#339=CARTESIAN_POINT('Line Origine',(-39.5,-11.,0.)) ;
#343=CARTESIAN_POINT('Vertex',(-39.5,-12.,0.)) ;
#346=CARTESIAN_POINT('Line Origine',(-33.5,-12.,0.)) ;
#395=CARTESIAN_POINT('Axis2P3D Location',(-25.,-14.,0.)) ;
#399=CARTESIAN_POINT('Vertex',(-23.25,-14.,0.)) ;
#401=CARTESIAN_POINT('Vertex',(-26.75,-14.,0.)) ;
#404=CARTESIAN_POINT('Axis2P3D Location',(-25.,-14.,0.)) ;
#413=CARTESIAN_POINT('Axis2P3D Location',(-25.,14.,0.)) ;
#417=CARTESIAN_POINT('Vertex',(-23.25,14.,0.)) ;
#419=CARTESIAN_POINT('Vertex',(-26.75,14.,0.)) ;
#422=CARTESIAN_POINT('Axis2P3D Location',(-25.,14.,0.)) ;
#431=CARTESIAN_POINT('Axis2P3D Location',(25.,14.,0.)) ;
#435=CARTESIAN_POINT('Vertex',(23.25,14.,0.)) ;
#437=CARTESIAN_POINT('Vertex',(26.75,14.,0.)) ;
#440=CARTESIAN_POINT('Axis2P3D Location',(25.,14.,0.)) ;
#449=CARTESIAN_POINT('Axis2P3D Location',(25.,-14.,0.)) ;
#453=CARTESIAN_POINT('Vertex',(23.25,-14.,0.)) ;
#455=CARTESIAN_POINT('Vertex',(26.75,-14.,0.)) ;
#458=CARTESIAN_POINT('Axis2P3D Location',(25.,-14.,0.)) ;
#467=CARTESIAN_POINT('Axis2P3D Location',(16.,-10.5,0.)) ;
#471=CARTESIAN_POINT('Vertex',(16.,-14.5,0.)) ;
#473=CARTESIAN_POINT('Vertex',(20.,-10.5,0.)) ;
#476=CARTESIAN_POINT('Line Origine',(20.,-1.7763568394E-015,0.)) ;
#480=CARTESIAN_POINT('Vertex',(20.,10.5,0.)) ;
#483=CARTESIAN_POINT('Axis2P3D Location',(16.,10.5,0.)) ;
#487=CARTESIAN_POINT('Vertex',(16.,14.5,0.)) ;
#490=CARTESIAN_POINT('Line Origine',(0.,14.5,0.)) ;
#494=CARTESIAN_POINT('Vertex',(-16.,14.5,0.)) ;
#497=CARTESIAN_POINT('Axis2P3D Location',(-16.,10.5,0.)) ;
#501=CARTESIAN_POINT('Vertex',(-20.,10.5,0.)) ;
#504=CARTESIAN_POINT('Line Origine',(-20.,-5.3290705182E-015,0.)) ;
#508=CARTESIAN_POINT('Vertex',(-20.,-10.5,0.)) ;
#511=CARTESIAN_POINT('Axis2P3D Location',(-16.,-10.5,0.)) ;
#515=CARTESIAN_POINT('Vertex',(-16.,-14.5,0.)) ;
#518=CARTESIAN_POINT('Line Origine',(0.,-14.5,0.)) ;
#534=CARTESIAN_POINT('Axis2P3D Location',(27.5,-12.,0.)) ;
#539=CARTESIAN_POINT('Line Origine',(-39.5,-12.,1.)) ;
#543=CARTESIAN_POINT('Vertex',(-39.5,-12.,2.)) ;
#546=CARTESIAN_POINT('Line Origine',(-33.5,-12.,2.)) ;
#550=CARTESIAN_POINT('Vertex',(-27.5,-12.,2.)) ;
#553=CARTESIAN_POINT('Line Origine',(-27.5,-12.,1.)) ;
#565=CARTESIAN_POINT('Axis2P3D Location',(39.5,-10.,0.)) ;
#570=CARTESIAN_POINT('Line Origine',(-42.5,-10.,1.)) ;
#574=CARTESIAN_POINT('Vertex',(-42.5,-10.,2.)) ;
#577=CARTESIAN_POINT('Line Origine',(-41.,-10.,2.)) ;
#581=CARTESIAN_POINT('Vertex',(-39.5,-10.,2.)) ;
#584=CARTESIAN_POINT('Line Origine',(-39.5,-10.,1.)) ;
#596=CARTESIAN_POINT('Axis2P3D Location',(-42.5,-10.5,0.)) ;
#601=CARTESIAN_POINT('Line Origine',(-42.5,-10.5,2.)) ;
#605=CARTESIAN_POINT('Vertex',(-42.5,-10.5,4.)) ;
#608=CARTESIAN_POINT('Line Origine',(-42.5,-9.27336923486,4.)) ;
#612=CARTESIAN_POINT('Vertex',(-42.5,-8.04673846972,4.)) ;
#615=CARTESIAN_POINT('Line Origine',(-42.5,-8.04673846972,3.)) ;
#619=CARTESIAN_POINT('Vertex',(-42.5,-8.04673846972,2.)) ;
#622=CARTESIAN_POINT('Line Origine',(-42.5,-9.02336923486,2.)) ;
#636=CARTESIAN_POINT('Axis2P3D Location',(35.,-18.,0.)) ;
#641=CARTESIAN_POINT('Line Origine',(35.,-18.,2.)) ;
#645=CARTESIAN_POINT('Vertex',(35.,-18.,4.)) ;
#648=CARTESIAN_POINT('Line Origine',(0.,-18.,4.)) ;
#652=CARTESIAN_POINT('Vertex',(-35.,-18.,4.)) ;
#655=CARTESIAN_POINT('Line Origine',(-35.,-18.,2.)) ;
#667=CARTESIAN_POINT('Axis2P3D Location',(42.5,10.5,0.)) ;
#672=CARTESIAN_POINT('Line Origine',(42.5,-10.,1.)) ;
#676=CARTESIAN_POINT('Vertex',(42.5,-10.,2.)) ;
#679=CARTESIAN_POINT('Line Origine',(42.5,-9.02336923486,2.)) ;
#683=CARTESIAN_POINT('Vertex',(42.5,-8.04673846972,2.)) ;
#686=CARTESIAN_POINT('Line Origine',(42.5,-8.04673846972,3.)) ;
#690=CARTESIAN_POINT('Vertex',(42.5,-8.04673846972,4.)) ;
#693=CARTESIAN_POINT('Line Origine',(42.5,-9.27336923486,4.)) ;
#697=CARTESIAN_POINT('Vertex',(42.5,-10.5,4.)) ;
#700=CARTESIAN_POINT('Line Origine',(42.5,-10.5,2.)) ;
#714=CARTESIAN_POINT('Line Origine',(39.5,-10.,1.)) ;
#718=CARTESIAN_POINT('Vertex',(39.5,-10.,2.)) ;
#721=CARTESIAN_POINT('Line Origine',(41.,-10.,2.)) ;
#733=CARTESIAN_POINT('Axis2P3D Location',(39.5,10.,0.)) ;
#738=CARTESIAN_POINT('Line Origine',(39.5,-12.,1.)) ;
#742=CARTESIAN_POINT('Vertex',(39.5,-12.,2.)) ;
#745=CARTESIAN_POINT('Line Origine',(39.5,-11.,2.)) ;
#757=CARTESIAN_POINT('Line Origine',(27.5,-12.,1.)) ;
#761=CARTESIAN_POINT('Vertex',(27.5,-12.,2.)) ;
#764=CARTESIAN_POINT('Line Origine',(33.5,-12.,2.)) ;
#776=CARTESIAN_POINT('Axis2P3D Location',(27.5,12.,0.)) ;
#781=CARTESIAN_POINT('Line Origine',(27.5,-8.,1.)) ;
#785=CARTESIAN_POINT('Vertex',(27.5,-8.,2.)) ;
#788=CARTESIAN_POINT('Line Origine',(27.5,-10.,2.)) ;
#800=CARTESIAN_POINT('Axis2P3D Location',(34.5,-8.,0.)) ;
#805=CARTESIAN_POINT('Line Origine',(34.5,-8.,1.)) ;
#809=CARTESIAN_POINT('Vertex',(34.5,-8.,2.)) ;
#812=CARTESIAN_POINT('Line Origine',(31.,-8.,2.)) ;
#824=CARTESIAN_POINT('Axis2P3D Location',(34.5,8.,0.)) ;
#829=CARTESIAN_POINT('Line Origine',(34.5,-5.5,1.)) ;
#833=CARTESIAN_POINT('Vertex',(34.5,-5.5,2.)) ;
#836=CARTESIAN_POINT('Line Origine',(34.5,-6.75,2.)) ;
#848=CARTESIAN_POINT('Axis2P3D Location',(24.5,-5.5,0.)) ;
#853=CARTESIAN_POINT('Line Origine',(24.5,-5.5,1.)) ;
#857=CARTESIAN_POINT('Vertex',(24.5,-5.5,2.)) ;
#860=CARTESIAN_POINT('Line Origine',(29.5,-5.5,2.)) ;
#872=CARTESIAN_POINT('Axis2P3D Location',(24.5,5.5,0.)) ;
#877=CARTESIAN_POINT('Line Origine',(24.5,-2.6645352591E-015,1.)) ;
#881=CARTESIAN_POINT('Vertex',(24.5,-2.6645352591E-015,2.)) ;
#884=CARTESIAN_POINT('Line Origine',(24.5,-2.75,2.)) ;
#896=CARTESIAN_POINT('Line Origine',(24.5,5.5,1.)) ;
#900=CARTESIAN_POINT('Vertex',(24.5,5.5,2.)) ;
#903=CARTESIAN_POINT('Line Origine',(24.5,2.75,2.)) ;
#915=CARTESIAN_POINT('Axis2P3D Location',(34.5,5.5,0.)) ;
#920=CARTESIAN_POINT('Line Origine',(34.5,5.5,1.)) ;
#924=CARTESIAN_POINT('Vertex',(34.5,5.5,2.)) ;
#927=CARTESIAN_POINT('Line Origine',(29.5,5.5,2.)) ;
#939=CARTESIAN_POINT('Line Origine',(34.5,8.,1.)) ;
#943=CARTESIAN_POINT('Vertex',(34.5,8.,2.)) ;
#946=CARTESIAN_POINT('Line Origine',(34.5,6.75,2.)) ;
#958=CARTESIAN_POINT('Axis2P3D Location',(27.5,8.,0.)) ;
#963=CARTESIAN_POINT('Line Origine',(27.5,8.,1.)) ;
#967=CARTESIAN_POINT('Vertex',(27.5,8.,2.)) ;
#970=CARTESIAN_POINT('Line Origine',(31.,8.,2.)) ;
#982=CARTESIAN_POINT('Line Origine',(27.5,12.,1.)) ;
#986=CARTESIAN_POINT('Vertex',(27.5,12.,2.)) ;
#989=CARTESIAN_POINT('Line Origine',(27.5,10.,2.)) ;
#1001=CARTESIAN_POINT('Axis2P3D Location',(39.5,12.,0.)) ;
#1006=CARTESIAN_POINT('Line Origine',(39.5,12.,1.)) ;
#1010=CARTESIAN_POINT('Vertex',(39.5,12.,2.)) ;
#1013=CARTESIAN_POINT('Line Origine',(33.5,12.,2.)) ;
#1025=CARTESIAN_POINT('Line Origine',(39.5,10.,1.)) ;
#1029=CARTESIAN_POINT('Vertex',(39.5,10.,2.)) ;
#1032=CARTESIAN_POINT('Line Origine',(39.5,11.,2.)) ;
#1044=CARTESIAN_POINT('Axis2P3D Location',(42.5,10.,0.)) ;
#1049=CARTESIAN_POINT('Line Origine',(42.5,10.,1.)) ;
#1053=CARTESIAN_POINT('Vertex',(42.5,10.,2.)) ;
#1056=CARTESIAN_POINT('Line Origine',(41.,10.,2.)) ;
#1068=CARTESIAN_POINT('Line Origine',(42.5,10.5,2.)) ;
#1072=CARTESIAN_POINT('Vertex',(42.5,10.5,4.)) ;
#1075=CARTESIAN_POINT('Line Origine',(42.5,9.27336923486,4.)) ;
#1079=CARTESIAN_POINT('Vertex',(42.5,8.04673846972,4.)) ;
#1082=CARTESIAN_POINT('Line Origine',(42.5,8.04673846972,3.)) ;
#1086=CARTESIAN_POINT('Vertex',(42.5,8.04673846972,2.)) ;
#1089=CARTESIAN_POINT('Line Origine',(42.5,9.02336923486,2.)) ;
#1103=CARTESIAN_POINT('Axis2P3D Location',(-35.,18.,0.)) ;
#1108=CARTESIAN_POINT('Line Origine',(-35.,18.,2.)) ;
#1112=CARTESIAN_POINT('Vertex',(-35.,18.,4.)) ;
#1115=CARTESIAN_POINT('Line Origine',(0.,18.,4.)) ;
#1119=CARTESIAN_POINT('Vertex',(35.,18.,4.)) ;
#1122=CARTESIAN_POINT('Line Origine',(35.,18.,2.)) ;
#1134=CARTESIAN_POINT('Line Origine',(-42.5,10.,1.)) ;
#1138=CARTESIAN_POINT('Vertex',(-42.5,10.,2.)) ;
#1141=CARTESIAN_POINT('Line Origine',(-42.5,9.02336923486,2.)) ;
#1145=CARTESIAN_POINT('Vertex',(-42.5,8.04673846972,2.)) ;
#1148=CARTESIAN_POINT('Line Origine',(-42.5,8.04673846972,3.)) ;
#1152=CARTESIAN_POINT('Vertex',(-42.5,8.04673846972,4.)) ;
#1155=CARTESIAN_POINT('Line Origine',(-42.5,9.27336923486,4.)) ;
#1159=CARTESIAN_POINT('Vertex',(-42.5,10.5,4.)) ;
#1162=CARTESIAN_POINT('Line Origine',(-42.5,10.5,2.)) ;
#1176=CARTESIAN_POINT('Line Origine',(-39.5,10.,1.)) ;
#1180=CARTESIAN_POINT('Vertex',(-39.5,10.,2.)) ;
#1183=CARTESIAN_POINT('Line Origine',(-41.,10.,2.)) ;
#1195=CARTESIAN_POINT('Line Origine',(-27.5,12.,1.)) ;
#1199=CARTESIAN_POINT('Vertex',(-27.5,12.,2.)) ;
#1202=CARTESIAN_POINT('Line Origine',(-33.5,12.,2.)) ;
#1206=CARTESIAN_POINT('Vertex',(-39.5,12.,2.)) ;
#1209=CARTESIAN_POINT('Line Origine',(-39.5,12.,1.)) ;
#1221=CARTESIAN_POINT('Line Origine',(-34.5,8.,1.)) ;
#1225=CARTESIAN_POINT('Vertex',(-34.5,8.,2.)) ;
#1228=CARTESIAN_POINT('Line Origine',(-31.,8.,2.)) ;
#1232=CARTESIAN_POINT('Vertex',(-27.5,8.,2.)) ;
#1235=CARTESIAN_POINT('Line Origine',(-27.5,8.,1.)) ;
#1247=CARTESIAN_POINT('Line Origine',(-24.5,5.5,1.)) ;
#1251=CARTESIAN_POINT('Vertex',(-24.5,5.5,2.)) ;
#1254=CARTESIAN_POINT('Line Origine',(-29.5,5.5,2.)) ;
#1258=CARTESIAN_POINT('Vertex',(-34.5,5.5,2.)) ;
#1261=CARTESIAN_POINT('Line Origine',(-34.5,5.5,1.)) ;
#1273=CARTESIAN_POINT('Line Origine',(-34.5,-5.5,1.)) ;
#1277=CARTESIAN_POINT('Vertex',(-34.5,-5.5,2.)) ;
#1280=CARTESIAN_POINT('Line Origine',(-29.5,-5.5,2.)) ;
#1284=CARTESIAN_POINT('Vertex',(-24.5,-5.5,2.)) ;
#1287=CARTESIAN_POINT('Line Origine',(-24.5,-5.5,1.)) ;
#1299=CARTESIAN_POINT('Line Origine',(-27.5,-8.,1.)) ;
#1303=CARTESIAN_POINT('Vertex',(-27.5,-8.,2.)) ;
#1306=CARTESIAN_POINT('Line Origine',(-31.,-8.,2.)) ;
#1310=CARTESIAN_POINT('Vertex',(-34.5,-8.,2.)) ;
#1313=CARTESIAN_POINT('Line Origine',(-34.5,-8.,1.)) ;
#1325=CARTESIAN_POINT('Axis2P3D Location',(-25.,-14.,-0.660000000075)) ;
#1330=CARTESIAN_POINT('Line Origine',(-26.75,-14.,-0.660000000075)) ;
#1334=CARTESIAN_POINT('Vertex',(-26.75,-14.,1.75)) ;
#1337=CARTESIAN_POINT('Axis2P3D Location',(-25.,-14.,1.75)) ;
#1341=CARTESIAN_POINT('Vertex',(-23.25,-14.,1.75)) ;
#1344=CARTESIAN_POINT('Line Origine',(-23.25,-14.,-0.660000000075)) ;
#1356=CARTESIAN_POINT('Axis2P3D Location',(-25.,-14.,1.75)) ;
#1368=CARTESIAN_POINT('Axis2P3D Location',(-25.,14.,-0.660000000075)) ;
#1373=CARTESIAN_POINT('Line Origine',(-26.75,14.,-0.660000000075)) ;
#1377=CARTESIAN_POINT('Vertex',(-26.75,14.,1.75)) ;
#1380=CARTESIAN_POINT('Axis2P3D Location',(-25.,14.,1.75)) ;
#1384=CARTESIAN_POINT('Vertex',(-23.25,14.,1.75)) ;
#1387=CARTESIAN_POINT('Line Origine',(-23.25,14.,-0.660000000075)) ;
#1399=CARTESIAN_POINT('Axis2P3D Location',(-25.,14.,1.75)) ;
#1411=CARTESIAN_POINT('Axis2P3D Location',(25.,14.,-0.660000000075)) ;
#1416=CARTESIAN_POINT('Line Origine',(26.75,14.,-0.660000000075)) ;
#1420=CARTESIAN_POINT('Vertex',(26.75,14.,1.75)) ;
#1423=CARTESIAN_POINT('Axis2P3D Location',(25.,14.,1.75)) ;
#1427=CARTESIAN_POINT('Vertex',(23.25,14.,1.75)) ;
#1430=CARTESIAN_POINT('Line Origine',(23.25,14.,-0.660000000075)) ;
#1442=CARTESIAN_POINT('Axis2P3D Location',(25.,14.,1.75)) ;
#1454=CARTESIAN_POINT('Axis2P3D Location',(25.,-14.,-0.660000000075)) ;
#1459=CARTESIAN_POINT('Line Origine',(26.75,-14.,-0.660000000075)) ;
#1463=CARTESIAN_POINT('Vertex',(26.75,-14.,1.75)) ;
#1466=CARTESIAN_POINT('Axis2P3D Location',(25.,-14.,1.75)) ;
#1470=CARTESIAN_POINT('Vertex',(23.25,-14.,1.75)) ;
#1473=CARTESIAN_POINT('Line Origine',(23.25,-14.,-0.660000000075)) ;
#1485=CARTESIAN_POINT('Axis2P3D Location',(25.,-14.,1.75)) ;
#1497=CARTESIAN_POINT('Axis2P3D Location',(16.,-14.5,4.)) ;
#1502=CARTESIAN_POINT('Line Origine',(-16.,-14.5,2.)) ;
#1506=CARTESIAN_POINT('Vertex',(-16.,-14.5,4.)) ;
#1509=CARTESIAN_POINT('Line Origine',(0.,-14.5,4.)) ;
#1513=CARTESIAN_POINT('Vertex',(16.,-14.5,4.)) ;
#1516=CARTESIAN_POINT('Line Origine',(16.,-14.5,2.)) ;
#1528=CARTESIAN_POINT('Axis2P3D Location',(-16.,-10.5,0.)) ;
#1533=CARTESIAN_POINT('Line Origine',(-20.,-10.5,0.)) ;
#1537=CARTESIAN_POINT('Vertex',(-20.,-10.5,4.)) ;
#1540=CARTESIAN_POINT('Axis2P3D Location',(-16.,-10.5,4.)) ;
#1552=CARTESIAN_POINT('Axis2P3D Location',(-20.,10.5,0.)) ;
#1557=CARTESIAN_POINT('Line Origine',(-20.,10.5,2.)) ;
#1561=CARTESIAN_POINT('Vertex',(-20.,10.5,4.)) ;
#1564=CARTESIAN_POINT('Line Origine',(-20.,-8.881784197E-015,4.)) ;
#1576=CARTESIAN_POINT('Axis2P3D Location',(-16.,10.5,0.)) ;
#1581=CARTESIAN_POINT('Line Origine',(-16.,14.5,0.)) ;
#1585=CARTESIAN_POINT('Vertex',(-16.,14.5,4.)) ;
#1588=CARTESIAN_POINT('Axis2P3D Location',(-16.,10.5,4.)) ;
#1600=CARTESIAN_POINT('Axis2P3D Location',(-16.,14.5,4.)) ;
#1605=CARTESIAN_POINT('Line Origine',(16.,14.5,2.)) ;
#1609=CARTESIAN_POINT('Vertex',(16.,14.5,4.)) ;
#1612=CARTESIAN_POINT('Line Origine',(0.,14.5,4.)) ;
#1624=CARTESIAN_POINT('Axis2P3D Location',(16.,10.5,0.)) ;
#1629=CARTESIAN_POINT('Line Origine',(20.,10.5,0.)) ;
#1633=CARTESIAN_POINT('Vertex',(20.,10.5,4.)) ;
#1636=CARTESIAN_POINT('Axis2P3D Location',(16.,10.5,4.)) ;
#1648=CARTESIAN_POINT('Axis2P3D Location',(16.,-10.5,0.)) ;
#1653=CARTESIAN_POINT('Axis2P3D Location',(16.,-10.5,4.)) ;
#1657=CARTESIAN_POINT('Vertex',(20.,-10.5,4.)) ;
#1660=CARTESIAN_POINT('Line Origine',(20.,-10.5,0.)) ;
#1672=CARTESIAN_POINT('Axis2P3D Location',(0.,0.,2.)) ;
#1677=CARTESIAN_POINT('Axis2P3D Location',(-50.,-5.3290705182E-015,2.)) ;
#1681=CARTESIAN_POINT('Vertex',(-39.,-2.69422295812E-015,2.)) ;
#1684=CARTESIAN_POINT('Axis2P3D Location',(-50.,2.6645352591E-014,2.)) ;
#1689=CARTESIAN_POINT('Line Origine',(-39.5,11.,2.)) ;
#1694=CARTESIAN_POINT('Line Origine',(-27.5,10.,2.)) ;
#1699=CARTESIAN_POINT('Line Origine',(-34.5,6.75,2.)) ;
#1704=CARTESIAN_POINT('Line Origine',(-24.5,2.75,2.)) ;
#1708=CARTESIAN_POINT('Vertex',(-24.5,2.6645352591E-015,2.)) ;
#1711=CARTESIAN_POINT('Line Origine',(-24.5,-2.75,2.)) ;
#1716=CARTESIAN_POINT('Line Origine',(-34.5,-6.75,2.)) ;
#1721=CARTESIAN_POINT('Line Origine',(-27.5,-10.,2.)) ;
#1726=CARTESIAN_POINT('Line Origine',(-39.5,-11.,2.)) ;
#1753=CARTESIAN_POINT('Line Origine',(-31.5,5.,2.)) ;
#1757=CARTESIAN_POINT('Vertex',(-29.5,5.,2.)) ;
#1759=CARTESIAN_POINT('Vertex',(-33.5,5.,2.)) ;
#1762=CARTESIAN_POINT('Line Origine',(-33.5,1.33226762955E-014,2.)) ;
#1766=CARTESIAN_POINT('Vertex',(-33.5,-5.,2.)) ;
#1769=CARTESIAN_POINT('Line Origine',(-31.5,-5.,2.)) ;
#1773=CARTESIAN_POINT('Vertex',(-29.5,-5.,2.)) ;
#1776=CARTESIAN_POINT('Line Origine',(-29.5,0.,2.)) ;
#1788=CARTESIAN_POINT('Axis2P3D Location',(-50.,0.,-0.660000000075)) ;
#1793=CARTESIAN_POINT('Axis2P3D Location',(-50.,0.,4.)) ;
#1797=CARTESIAN_POINT('Vertex',(-39.,-2.69422295812E-015,4.)) ;
#1800=CARTESIAN_POINT('Line Origine',(-39.,-2.69422295812E-015,-0.660000000075)) ;
#1812=CARTESIAN_POINT('Axis2P3D Location',(50.,7.1054273576E-015,2.)) ;
#1816=CARTESIAN_POINT('Vertex',(39.,1.34711147906E-015,2.)) ;
#1819=CARTESIAN_POINT('Axis2P3D Location',(50.,2.22044604925E-015,2.)) ;
#1846=CARTESIAN_POINT('Line Origine',(33.5,-4.4408920985E-015,2.)) ;
#1850=CARTESIAN_POINT('Vertex',(33.5,-5.,2.)) ;
#1852=CARTESIAN_POINT('Vertex',(33.5,5.,2.)) ;
#1855=CARTESIAN_POINT('Line Origine',(31.5,5.,2.)) ;
#1859=CARTESIAN_POINT('Vertex',(29.5,5.,2.)) ;
#1862=CARTESIAN_POINT('Line Origine',(29.5,8.881784197E-016,2.)) ;
#1866=CARTESIAN_POINT('Vertex',(29.5,-5.,2.)) ;
#1869=CARTESIAN_POINT('Line Origine',(31.5,-5.,2.)) ;
#1881=CARTESIAN_POINT('Axis2P3D Location',(50.,0.,-0.660000000075)) ;
#1886=CARTESIAN_POINT('Axis2P3D Location',(50.,0.,4.)) ;
#1890=CARTESIAN_POINT('Vertex',(39.,1.34711147906E-015,4.)) ;
#1893=CARTESIAN_POINT('Line Origine',(39.,1.34711147906E-015,-0.660000000075)) ;
#1905=CARTESIAN_POINT('Axis2P3D Location',(-25.,-14.,1.33226762955E-015)) ;
#1910=CARTESIAN_POINT('Line Origine',(-27.375,-14.,2.375)) ;
#1914=CARTESIAN_POINT('Vertex',(-28.,-14.,3.)) ;
#1917=CARTESIAN_POINT('Axis2P3D Location',(-25.,-14.,3.)) ;
#1921=CARTESIAN_POINT('Vertex',(-22.,-14.,3.)) ;
#1924=CARTESIAN_POINT('Line Origine',(-22.625,-14.,2.375)) ;
#1936=CARTESIAN_POINT('Axis2P3D Location',(-25.,-14.,-1.7763568394E-015)) ;
#1941=CARTESIAN_POINT('Axis2P3D Location',(-25.,-14.,3.)) ;
#1953=CARTESIAN_POINT('Axis2P3D Location',(-25.,14.,-8.881784197E-016)) ;
#1958=CARTESIAN_POINT('Line Origine',(-27.375,14.,2.375)) ;
#1962=CARTESIAN_POINT('Vertex',(-28.,14.,3.)) ;
#1965=CARTESIAN_POINT('Axis2P3D Location',(-25.,14.,3.)) ;
#1969=CARTESIAN_POINT('Vertex',(-22.,14.,3.)) ;
#1972=CARTESIAN_POINT('Line Origine',(-22.625,14.,2.375)) ;
#1984=CARTESIAN_POINT('Axis2P3D Location',(-25.,14.,-4.4408920985E-016)) ;
#1989=CARTESIAN_POINT('Axis2P3D Location',(-25.,14.,3.)) ;
#2001=CARTESIAN_POINT('Axis2P3D Location',(25.,14.,1.33226762955E-015)) ;
#2006=CARTESIAN_POINT('Line Origine',(27.375,14.,2.375)) ;
#2010=CARTESIAN_POINT('Vertex',(28.,14.,3.)) ;
#2013=CARTESIAN_POINT('Axis2P3D Location',(25.,14.,3.)) ;
#2017=CARTESIAN_POINT('Vertex',(22.,14.,3.)) ;
#2020=CARTESIAN_POINT('Line Origine',(22.625,14.,2.375)) ;
#2032=CARTESIAN_POINT('Axis2P3D Location',(25.,14.,-4.4408920985E-016)) ;
#2037=CARTESIAN_POINT('Axis2P3D Location',(25.,14.,3.)) ;
#2049=CARTESIAN_POINT('Axis2P3D Location',(25.,-14.,1.33226762955E-015)) ;
#2054=CARTESIAN_POINT('Line Origine',(27.375,-14.,2.375)) ;
#2058=CARTESIAN_POINT('Vertex',(28.,-14.,3.)) ;
#2061=CARTESIAN_POINT('Axis2P3D Location',(25.,-14.,3.)) ;
#2065=CARTESIAN_POINT('Vertex',(22.,-14.,3.)) ;
#2068=CARTESIAN_POINT('Line Origine',(22.625,-14.,2.375)) ;
#2080=CARTESIAN_POINT('Axis2P3D Location',(25.,-14.,-4.4408920985E-016)) ;
#2085=CARTESIAN_POINT('Axis2P3D Location',(25.,-14.,3.)) ;
#2097=CARTESIAN_POINT('Axis2P3D Location',(-29.5,-5.,4.)) ;
#2102=CARTESIAN_POINT('Line Origine',(-29.5,-5.,3.)) ;
#2106=CARTESIAN_POINT('Vertex',(-29.5,-5.,4.)) ;
#2109=CARTESIAN_POINT('Line Origine',(-29.5,0.,4.)) ;
#2113=CARTESIAN_POINT('Vertex',(-29.5,5.,4.)) ;
#2116=CARTESIAN_POINT('Line Origine',(-29.5,5.,3.)) ;
#2128=CARTESIAN_POINT('Axis2P3D Location',(33.5,-5.,4.)) ;
#2133=CARTESIAN_POINT('Line Origine',(-33.5,-5.,3.)) ;
#2137=CARTESIAN_POINT('Vertex',(-33.5,-5.,4.)) ;
#2140=CARTESIAN_POINT('Line Origine',(-31.5,-5.,4.)) ;
#2152=CARTESIAN_POINT('Axis2P3D Location',(-33.5,5.,4.)) ;
#2157=CARTESIAN_POINT('Line Origine',(-33.5,5.,3.)) ;
#2161=CARTESIAN_POINT('Vertex',(-33.5,5.,4.)) ;
#2164=CARTESIAN_POINT('Line Origine',(-33.5,1.33226762955E-014,4.)) ;
#2176=CARTESIAN_POINT('Axis2P3D Location',(29.5,5.,4.)) ;
#2181=CARTESIAN_POINT('Line Origine',(-31.5,5.,4.)) ;
#2193=CARTESIAN_POINT('Line Origine',(29.5,-5.,3.)) ;
#2197=CARTESIAN_POINT('Vertex',(29.5,-5.,4.)) ;
#2200=CARTESIAN_POINT('Line Origine',(31.5,-5.,4.)) ;
#2204=CARTESIAN_POINT('Vertex',(33.5,-5.,4.)) ;
#2207=CARTESIAN_POINT('Line Origine',(33.5,-5.,3.)) ;
#2219=CARTESIAN_POINT('Axis2P3D Location',(29.5,-5.,4.)) ;
#2224=CARTESIAN_POINT('Line Origine',(29.5,5.,3.)) ;
#2228=CARTESIAN_POINT('Vertex',(29.5,5.,4.)) ;
#2231=CARTESIAN_POINT('Line Origine',(29.5,1.7763568394E-015,4.)) ;
#2243=CARTESIAN_POINT('Line Origine',(33.5,5.,3.)) ;
#2247=CARTESIAN_POINT('Vertex',(33.5,5.,4.)) ;
#2250=CARTESIAN_POINT('Line Origine',(31.5,5.,4.)) ;
#2262=CARTESIAN_POINT('Axis2P3D Location',(33.5,5.,4.)) ;
#2267=CARTESIAN_POINT('Line Origine',(33.5,-4.4408920985E-015,4.)) ;
#2279=CARTESIAN_POINT('Axis2P3D Location',(-25.,-14.,3.5)) ;
#2284=CARTESIAN_POINT('Line Origine',(-28.,-14.,3.5)) ;
#2288=CARTESIAN_POINT('Vertex',(-28.,-14.,4.)) ;
#2291=CARTESIAN_POINT('Axis2P3D Location',(-25.,-14.,4.)) ;
#2295=CARTESIAN_POINT('Vertex',(-22.,-14.,4.)) ;
#2298=CARTESIAN_POINT('Line Origine',(-22.,-14.,3.5)) ;
#2310=CARTESIAN_POINT('Axis2P3D Location',(-25.,-14.,4.)) ;
#2322=CARTESIAN_POINT('Axis2P3D Location',(-25.,14.,3.5)) ;
#2327=CARTESIAN_POINT('Line Origine',(-28.,14.,3.5)) ;
#2331=CARTESIAN_POINT('Vertex',(-28.,14.,4.)) ;
#2334=CARTESIAN_POINT('Axis2P3D Location',(-25.,14.,4.)) ;
#2338=CARTESIAN_POINT('Vertex',(-22.,14.,4.)) ;
#2341=CARTESIAN_POINT('Line Origine',(-22.,14.,3.5)) ;
#2353=CARTESIAN_POINT('Axis2P3D Location',(-25.,14.,4.)) ;
#2365=CARTESIAN_POINT('Axis2P3D Location',(25.,14.,3.5)) ;
#2370=CARTESIAN_POINT('Line Origine',(28.,14.,3.5)) ;
#2374=CARTESIAN_POINT('Vertex',(28.,14.,4.)) ;
#2377=CARTESIAN_POINT('Axis2P3D Location',(25.,14.,4.)) ;
#2381=CARTESIAN_POINT('Vertex',(22.,14.,4.)) ;
#2384=CARTESIAN_POINT('Line Origine',(22.,14.,3.5)) ;
#2396=CARTESIAN_POINT('Axis2P3D Location',(25.,14.,4.)) ;
#2408=CARTESIAN_POINT('Axis2P3D Location',(25.,-14.,3.5)) ;
#2413=CARTESIAN_POINT('Line Origine',(28.,-14.,3.5)) ;
#2417=CARTESIAN_POINT('Vertex',(28.,-14.,4.)) ;
#2420=CARTESIAN_POINT('Axis2P3D Location',(25.,-14.,4.)) ;
#2424=CARTESIAN_POINT('Vertex',(22.,-14.,4.)) ;
#2427=CARTESIAN_POINT('Line Origine',(22.,-14.,3.5)) ;
#2439=CARTESIAN_POINT('Axis2P3D Location',(25.,-14.,4.)) ;
#2451=CARTESIAN_POINT('Axis2P3D Location',(-50.,0.,4.)) ;
#2463=CARTESIAN_POINT('Axis2P3D Location',(50.,0.,4.)) ;
#2475=CARTESIAN_POINT('Axis2P3D Location',(0.,0.,4.)) ;
#2480=CARTESIAN_POINT('Axis2P3D Location',(-35.,-10.5,4.)) ;
#2485=CARTESIAN_POINT('Axis2P3D Location',(35.,-10.5,4.)) ;
#2490=CARTESIAN_POINT('Axis2P3D Location',(35.,10.5,4.)) ;
#2495=CARTESIAN_POINT('Axis2P3D Location',(-35.,10.5,4.)) ;
#2516=CARTESIAN_POINT('Line Origine',(20.,0.,4.)) ;
#2560=CARTESIAN_POINT('Axis2P3D Location',(20.,10.5,0.)) ;
#2572=CARTESIAN_POINT('Axis2P3D Location',(-27.5,-8.,0.)) ;
#2584=CARTESIAN_POINT('Axis2P3D Location',(-34.5,-5.5,0.)) ;
#2596=CARTESIAN_POINT('Axis2P3D Location',(-24.5,2.6645352591E-015,0.)) ;
#2601=CARTESIAN_POINT('Line Origine',(-24.5,2.6645352591E-015,1.)) ;
#2634=CARTESIAN_POINT('Axis2P3D Location',(-39.5,-12.,0.)) ;
#2646=CARTESIAN_POINT('Axis2P3D Location',(-35.,10.5,0.)) ;
#2658=CARTESIAN_POINT('Axis2P3D Location',(35.,10.5,0.)) ;
#2670=CARTESIAN_POINT('Axis2P3D Location',(35.,-10.5,0.)) ;
#2682=CARTESIAN_POINT('Axis2P3D Location',(-35.,-10.5,0.)) ;
#53=DIRECTION('Axis2P3D Direction',(0.,0.,1.)) ;
#54=DIRECTION('Axis2P3D XDirection',(1.,0.,0.)) ;
#58=DIRECTION('Vector Direction',(0.,-1.,0.)) ;
#67=DIRECTION('Vector Direction',(-1.,0.,0.)) ;
#74=DIRECTION('Vector Direction',(0.,-1.,0.)) ;
#81=DIRECTION('Vector Direction',(1.,0.,0.)) ;
#88=DIRECTION('Vector Direction',(0.,-1.,0.)) ;
#95=DIRECTION('Vector Direction',(0.,-1.,0.)) ;
#102=DIRECTION('Vector Direction',(-1.,0.,0.)) ;
#109=DIRECTION('Vector Direction',(0.,-1.,0.)) ;
#116=DIRECTION('Vector Direction',(1.,0.,0.)) ;
#123=DIRECTION('Vector Direction',(0.,-1.,0.)) ;
#130=DIRECTION('Vector Direction',(-1.,0.,0.)) ;
#137=DIRECTION('Vector Direction',(0.,1.,0.)) ;
#144=DIRECTION('Vector Direction',(-1.,0.,0.)) ;
#151=DIRECTION('Vector Direction',(0.,1.,0.)) ;
#158=DIRECTION('Axis2P3D Direction',(0.,0.,1.)) ;
#165=DIRECTION('Vector Direction',(1.,0.,0.)) ;
#172=DIRECTION('Axis2P3D Direction',(0.,0.,1.)) ;
#179=DIRECTION('Vector Direction',(0.,-1.,0.)) ;
#186=DIRECTION('Vector Direction',(-1.,0.,0.)) ;
#193=DIRECTION('Vector Direction',(0.,1.,0.)) ;
#200=DIRECTION('Vector Direction',(-1.,0.,0.)) ;
#207=DIRECTION('Vector Direction',(0.,-1.,0.)) ;
#214=DIRECTION('Vector Direction',(1.,0.,0.)) ;
#221=DIRECTION('Vector Direction',(0.,-1.,0.)) ;
#228=DIRECTION('Vector Direction',(-1.,0.,0.)) ;
#235=DIRECTION('Vector Direction',(0.,-1.,0.)) ;
#242=DIRECTION('Vector Direction',(0.,-1.,0.)) ;
#249=DIRECTION('Vector Direction',(1.,0.,0.)) ;
#256=DIRECTION('Vector Direction',(0.,-1.,0.)) ;
#263=DIRECTION('Vector Direction',(-1.,0.,0.)) ;
#270=DIRECTION('Vector Direction',(0.,-1.,0.)) ;
#277=DIRECTION('Vector Direction',(1.,0.,0.)) ;
#284=DIRECTION('Vector Direction',(0.,1.,0.)) ;
#291=DIRECTION('Vector Direction',(1.,0.,0.)) ;
#298=DIRECTION('Vector Direction',(0.,-1.,0.)) ;
#305=DIRECTION('Axis2P3D Direction',(0.,0.,1.)) ;
#312=DIRECTION('Vector Direction',(-1.,0.,0.)) ;
#319=DIRECTION('Axis2P3D Direction',(0.,0.,1.)) ;
#326=DIRECTION('Vector Direction',(0.,1.,0.)) ;
#333=DIRECTION('Vector Direction',(1.,0.,0.)) ;
#340=DIRECTION('Vector Direction',(0.,1.,0.)) ;
#347=DIRECTION('Vector Direction',(1.,0.,0.)) ;
#396=DIRECTION('Axis2P3D Direction',(0.,0.,1.)) ;
#405=DIRECTION('Axis2P3D Direction',(0.,0.,1.)) ;
#414=DIRECTION('Axis2P3D Direction',(0.,0.,1.)) ;
#423=DIRECTION('Axis2P3D Direction',(0.,0.,1.)) ;
#432=DIRECTION('Axis2P3D Direction',(0.,0.,1.)) ;
#441=DIRECTION('Axis2P3D Direction',(0.,0.,1.)) ;
#450=DIRECTION('Axis2P3D Direction',(0.,0.,1.)) ;
#459=DIRECTION('Axis2P3D Direction',(0.,0.,1.)) ;
#468=DIRECTION('Axis2P3D Direction',(0.,0.,1.)) ;
#477=DIRECTION('Vector Direction',(0.,-1.,0.)) ;
#484=DIRECTION('Axis2P3D Direction',(0.,0.,1.)) ;
#491=DIRECTION('Vector Direction',(1.,0.,0.)) ;
#498=DIRECTION('Axis2P3D Direction',(0.,0.,1.)) ;
#505=DIRECTION('Vector Direction',(0.,-1.,0.)) ;
#512=DIRECTION('Axis2P3D Direction',(0.,0.,1.)) ;
#519=DIRECTION('Vector Direction',(-1.,0.,0.)) ;
#535=DIRECTION('Axis2P3D Direction',(-0.,1.,0.)) ;
#536=DIRECTION('Axis2P3D XDirection',(1.,0.,0.)) ;
#540=DIRECTION('Vector Direction',(0.,0.,-1.)) ;
#547=DIRECTION('Vector Direction',(-1.,0.,0.)) ;
#554=DIRECTION('Vector Direction',(0.,0.,-1.)) ;
#566=DIRECTION('Axis2P3D Direction',(-0.,1.,0.)) ;
#567=DIRECTION('Axis2P3D XDirection',(1.,0.,0.)) ;
#571=DIRECTION('Vector Direction',(0.,0.,-1.)) ;
#578=DIRECTION('Vector Direction',(-1.,0.,0.)) ;
#585=DIRECTION('Vector Direction',(0.,0.,-1.)) ;
#597=DIRECTION('Axis2P3D Direction',(1.,0.,0.)) ;
#598=DIRECTION('Axis2P3D XDirection',(0.,1.,0.)) ;
#602=DIRECTION('Vector Direction',(0.,0.,1.)) ;
#609=DIRECTION('Vector Direction',(0.,1.,0.)) ;
#616=DIRECTION('Vector Direction',(0.,0.,-1.)) ;
#623=DIRECTION('Vector Direction',(0.,-1.,0.)) ;
#637=DIRECTION('Axis2P3D Direction',(0.,1.,-0.)) ;
#638=DIRECTION('Axis2P3D XDirection',(-1.,0.,0.)) ;
#642=DIRECTION('Vector Direction',(0.,0.,1.)) ;
#649=DIRECTION('Vector Direction',(-1.,0.,0.)) ;
#656=DIRECTION('Vector Direction',(0.,0.,1.)) ;
#668=DIRECTION('Axis2P3D Direction',(-1.,0.,0.)) ;
#669=DIRECTION('Axis2P3D XDirection',(0.,-1.,0.)) ;
#673=DIRECTION('Vector Direction',(0.,0.,-1.)) ;
#680=DIRECTION('Vector Direction',(0.,-1.,0.)) ;
#687=DIRECTION('Vector Direction',(0.,0.,-1.)) ;
#694=DIRECTION('Vector Direction',(0.,-1.,0.)) ;
#701=DIRECTION('Vector Direction',(0.,0.,1.)) ;
#715=DIRECTION('Vector Direction',(0.,0.,-1.)) ;
#722=DIRECTION('Vector Direction',(1.,0.,0.)) ;
#734=DIRECTION('Axis2P3D Direction',(-1.,0.,0.)) ;
#735=DIRECTION('Axis2P3D XDirection',(0.,1.,0.)) ;
#739=DIRECTION('Vector Direction',(0.,0.,-1.)) ;
#746=DIRECTION('Vector Direction',(0.,1.,0.)) ;
#758=DIRECTION('Vector Direction',(0.,0.,-1.)) ;
#765=DIRECTION('Vector Direction',(1.,0.,0.)) ;
#777=DIRECTION('Axis2P3D Direction',(1.,0.,0.)) ;
#778=DIRECTION('Axis2P3D XDirection',(0.,-1.,0.)) ;
#782=DIRECTION('Vector Direction',(0.,0.,-1.)) ;
#789=DIRECTION('Vector Direction',(0.,-1.,0.)) ;
#801=DIRECTION('Axis2P3D Direction',(-0.,-1.,-0.)) ;
#802=DIRECTION('Axis2P3D XDirection',(-1.,0.,0.)) ;
#806=DIRECTION('Vector Direction',(0.,0.,-1.)) ;
#813=DIRECTION('Vector Direction',(-1.,0.,0.)) ;
#825=DIRECTION('Axis2P3D Direction',(1.,0.,0.)) ;
#826=DIRECTION('Axis2P3D XDirection',(0.,-1.,0.)) ;
#830=DIRECTION('Vector Direction',(0.,0.,-1.)) ;
#837=DIRECTION('Vector Direction',(0.,-1.,0.)) ;
#849=DIRECTION('Axis2P3D Direction',(-0.,1.,0.)) ;
#850=DIRECTION('Axis2P3D XDirection',(1.,0.,0.)) ;
#854=DIRECTION('Vector Direction',(0.,0.,-1.)) ;
#861=DIRECTION('Vector Direction',(1.,0.,0.)) ;
#873=DIRECTION('Axis2P3D Direction',(1.,0.,0.)) ;
#874=DIRECTION('Axis2P3D XDirection',(0.,-1.,0.)) ;
#878=DIRECTION('Vector Direction',(0.,0.,-1.)) ;
#885=DIRECTION('Vector Direction',(0.,-1.,0.)) ;
#897=DIRECTION('Vector Direction',(0.,0.,-1.)) ;
#904=DIRECTION('Vector Direction',(0.,-1.,0.)) ;
#916=DIRECTION('Axis2P3D Direction',(-0.,-1.,-0.)) ;
#917=DIRECTION('Axis2P3D XDirection',(-1.,0.,0.)) ;
#921=DIRECTION('Vector Direction',(0.,0.,-1.)) ;
#928=DIRECTION('Vector Direction',(-1.,0.,0.)) ;
#940=DIRECTION('Vector Direction',(0.,0.,-1.)) ;
#947=DIRECTION('Vector Direction',(0.,-1.,0.)) ;
#959=DIRECTION('Axis2P3D Direction',(-0.,1.,0.)) ;
#960=DIRECTION('Axis2P3D XDirection',(1.,0.,0.)) ;
#964=DIRECTION('Vector Direction',(0.,0.,-1.)) ;
#971=DIRECTION('Vector Direction',(1.,0.,0.)) ;
#983=DIRECTION('Vector Direction',(0.,0.,-1.)) ;
#990=DIRECTION('Vector Direction',(0.,-1.,0.)) ;
#1002=DIRECTION('Axis2P3D Direction',(-0.,-1.,-0.)) ;
#1003=DIRECTION('Axis2P3D XDirection',(-1.,0.,0.)) ;
#1007=DIRECTION('Vector Direction',(0.,0.,-1.)) ;
#1014=DIRECTION('Vector Direction',(-1.,0.,0.)) ;
#1026=DIRECTION('Vector Direction',(0.,0.,-1.)) ;
#1033=DIRECTION('Vector Direction',(0.,1.,0.)) ;
#1045=DIRECTION('Axis2P3D Direction',(-0.,-1.,-0.)) ;
#1046=DIRECTION('Axis2P3D XDirection',(-1.,0.,0.)) ;
#1050=DIRECTION('Vector Direction',(0.,0.,-1.)) ;
#1057=DIRECTION('Vector Direction',(-1.,0.,0.)) ;
#1069=DIRECTION('Vector Direction',(0.,0.,1.)) ;
#1076=DIRECTION('Vector Direction',(0.,-1.,0.)) ;
#1083=DIRECTION('Vector Direction',(0.,0.,-1.)) ;
#1090=DIRECTION('Vector Direction',(0.,-1.,0.)) ;
#1104=DIRECTION('Axis2P3D Direction',(0.,-1.,0.)) ;
#1105=DIRECTION('Axis2P3D XDirection',(1.,0.,0.)) ;
#1109=DIRECTION('Vector Direction',(0.,0.,1.)) ;
#1116=DIRECTION('Vector Direction',(1.,0.,0.)) ;
#1123=DIRECTION('Vector Direction',(0.,0.,1.)) ;
#1135=DIRECTION('Vector Direction',(0.,0.,-1.)) ;
#1142=DIRECTION('Vector Direction',(0.,-1.,0.)) ;
#1149=DIRECTION('Vector Direction',(0.,0.,-1.)) ;
#1156=DIRECTION('Vector Direction',(0.,1.,0.)) ;
#1163=DIRECTION('Vector Direction',(0.,0.,1.)) ;
#1177=DIRECTION('Vector Direction',(0.,0.,-1.)) ;
#1184=DIRECTION('Vector Direction',(1.,0.,0.)) ;
#1196=DIRECTION('Vector Direction',(0.,0.,-1.)) ;
#1203=DIRECTION('Vector Direction',(1.,0.,0.)) ;
#1210=DIRECTION('Vector Direction',(0.,0.,-1.)) ;
#1222=DIRECTION('Vector Direction',(0.,0.,-1.)) ;
#1229=DIRECTION('Vector Direction',(-1.,0.,0.)) ;
#1236=DIRECTION('Vector Direction',(0.,0.,-1.)) ;
#1248=DIRECTION('Vector Direction',(0.,0.,-1.)) ;
#1255=DIRECTION('Vector Direction',(1.,0.,0.)) ;
#1262=DIRECTION('Vector Direction',(0.,0.,-1.)) ;
#1274=DIRECTION('Vector Direction',(0.,0.,-1.)) ;
#1281=DIRECTION('Vector Direction',(-1.,0.,0.)) ;
#1288=DIRECTION('Vector Direction',(0.,0.,-1.)) ;
#1300=DIRECTION('Vector Direction',(0.,0.,-1.)) ;
#1307=DIRECTION('Vector Direction',(1.,0.,0.)) ;
#1314=DIRECTION('Vector Direction',(0.,0.,-1.)) ;
#1326=DIRECTION('Axis2P3D Direction',(0.,0.,1.)) ;
#1327=DIRECTION('Axis2P3D XDirection',(-1.,1.22464679915E-016,0.)) ;
#1331=DIRECTION('Vector Direction',(0.,0.,1.)) ;
#1338=DIRECTION('Axis2P3D Direction',(0.,0.,1.)) ;
#1345=DIRECTION('Vector Direction',(0.,0.,1.)) ;
#1357=DIRECTION('Axis2P3D Direction',(0.,0.,1.)) ;
#1369=DIRECTION('Axis2P3D Direction',(0.,0.,1.)) ;
#1370=DIRECTION('Axis2P3D XDirection',(-1.,1.22464679915E-016,0.)) ;
#1374=DIRECTION('Vector Direction',(0.,0.,1.)) ;
#1381=DIRECTION('Axis2P3D Direction',(0.,0.,1.)) ;
#1388=DIRECTION('Vector Direction',(0.,0.,1.)) ;
#1400=DIRECTION('Axis2P3D Direction',(0.,0.,1.)) ;
#1412=DIRECTION('Axis2P3D Direction',(0.,0.,1.)) ;
#1413=DIRECTION('Axis2P3D XDirection',(1.,0.,0.)) ;
#1417=DIRECTION('Vector Direction',(0.,0.,1.)) ;
#1424=DIRECTION('Axis2P3D Direction',(0.,0.,1.)) ;
#1431=DIRECTION('Vector Direction',(0.,0.,1.)) ;
#1443=DIRECTION('Axis2P3D Direction',(0.,0.,1.)) ;
#1455=DIRECTION('Axis2P3D Direction',(0.,0.,1.)) ;
#1456=DIRECTION('Axis2P3D XDirection',(1.,0.,0.)) ;
#1460=DIRECTION('Vector Direction',(0.,0.,1.)) ;
#1467=DIRECTION('Axis2P3D Direction',(0.,0.,1.)) ;
#1474=DIRECTION('Vector Direction',(0.,0.,1.)) ;
#1486=DIRECTION('Axis2P3D Direction',(0.,0.,1.)) ;
#1498=DIRECTION('Axis2P3D Direction',(-0.,-1.,-0.)) ;
#1499=DIRECTION('Axis2P3D XDirection',(-1.,0.,0.)) ;
#1503=DIRECTION('Vector Direction',(0.,0.,-1.)) ;
#1510=DIRECTION('Vector Direction',(-1.,0.,0.)) ;
#1517=DIRECTION('Vector Direction',(0.,0.,-1.)) ;
#1529=DIRECTION('Axis2P3D Direction',(0.,0.,1.)) ;
#1530=DIRECTION('Axis2P3D XDirection',(-1.,1.22464679915E-016,0.)) ;
#1534=DIRECTION('Vector Direction',(0.,0.,1.)) ;
#1541=DIRECTION('Axis2P3D Direction',(0.,0.,1.)) ;
#1553=DIRECTION('Axis2P3D Direction',(-1.,0.,0.)) ;
#1554=DIRECTION('Axis2P3D XDirection',(0.,-1.,0.)) ;
#1558=DIRECTION('Vector Direction',(0.,0.,-1.)) ;
#1565=DIRECTION('Vector Direction',(0.,1.,0.)) ;
#1577=DIRECTION('Axis2P3D Direction',(0.,0.,1.)) ;
#1578=DIRECTION('Axis2P3D XDirection',(1.,-1.13310777953E-015,0.)) ;
#1582=DIRECTION('Vector Direction',(0.,0.,1.)) ;
#1589=DIRECTION('Axis2P3D Direction',(0.,0.,1.)) ;
#1601=DIRECTION('Axis2P3D Direction',(-0.,1.,0.)) ;
#1602=DIRECTION('Axis2P3D XDirection',(1.,0.,0.)) ;
#1606=DIRECTION('Vector Direction',(0.,0.,-1.)) ;
#1613=DIRECTION('Vector Direction',(1.,0.,0.)) ;
#1625=DIRECTION('Axis2P3D Direction',(0.,0.,1.)) ;
#1626=DIRECTION('Axis2P3D XDirection',(1.,0.,0.)) ;
#1630=DIRECTION('Vector Direction',(0.,0.,1.)) ;
#1637=DIRECTION('Axis2P3D Direction',(0.,0.,1.)) ;
#1649=DIRECTION('Axis2P3D Direction',(0.,0.,1.)) ;
#1650=DIRECTION('Axis2P3D XDirection',(-1.,1.22464679915E-016,0.)) ;
#1654=DIRECTION('Axis2P3D Direction',(0.,0.,1.)) ;
#1661=DIRECTION('Vector Direction',(0.,0.,1.)) ;
#1673=DIRECTION('Axis2P3D Direction',(0.,0.,1.)) ;
#1674=DIRECTION('Axis2P3D XDirection',(1.,0.,0.)) ;
#1678=DIRECTION('Axis2P3D Direction',(0.,0.,1.)) ;
#1685=DIRECTION('Axis2P3D Direction',(0.,0.,1.)) ;
#1690=DIRECTION('Vector Direction',(0.,1.,0.)) ;
#1695=DIRECTION('Vector Direction',(0.,-1.,0.)) ;
#1700=DIRECTION('Vector Direction',(0.,-1.,0.)) ;
#1705=DIRECTION('Vector Direction',(0.,-1.,0.)) ;
#1712=DIRECTION('Vector Direction',(0.,-1.,0.)) ;
#1717=DIRECTION('Vector Direction',(0.,-1.,0.)) ;
#1722=DIRECTION('Vector Direction',(0.,-1.,0.)) ;
#1727=DIRECTION('Vector Direction',(0.,1.,0.)) ;
#1754=DIRECTION('Vector Direction',(-1.,0.,0.)) ;
#1763=DIRECTION('Vector Direction',(0.,-1.,0.)) ;
#1770=DIRECTION('Vector Direction',(1.,0.,0.)) ;
#1777=DIRECTION('Vector Direction',(0.,1.,0.)) ;
#1789=DIRECTION('Axis2P3D Direction',(0.,0.,1.)) ;
#1790=DIRECTION('Axis2P3D XDirection',(-1.,1.22464679915E-016,0.)) ;
#1794=DIRECTION('Axis2P3D Direction',(0.,0.,1.)) ;
#1801=DIRECTION('Vector Direction',(0.,0.,1.)) ;
#1813=DIRECTION('Axis2P3D Direction',(0.,0.,1.)) ;
#1820=DIRECTION('Axis2P3D Direction',(0.,0.,1.)) ;
#1847=DIRECTION('Vector Direction',(0.,-1.,0.)) ;
#1856=DIRECTION('Vector Direction',(1.,0.,0.)) ;
#1863=DIRECTION('Vector Direction',(0.,1.,0.)) ;
#1870=DIRECTION('Vector Direction',(-1.,0.,0.)) ;
#1882=DIRECTION('Axis2P3D Direction',(0.,0.,1.)) ;
#1883=DIRECTION('Axis2P3D XDirection',(1.,0.,0.)) ;
#1887=DIRECTION('Axis2P3D Direction',(0.,0.,1.)) ;
#1894=DIRECTION('Vector Direction',(0.,0.,1.)) ;
#1906=DIRECTION('Axis2P3D Direction',(-2.84217094304E-015,-0.,1.)) ;
#1907=DIRECTION('Axis2P3D XDirection',(-1.,5.92119045959E-016,-2.89759583512E-015)) ;
#1911=DIRECTION('Vector Direction',(-0.707106781187,0.,0.707106781187)) ;
#1918=DIRECTION('Axis2P3D Direction',(-9.96478907964E-046,-1.68290326447E-030,1.)) ;
#1925=DIRECTION('Vector Direction',(0.707106781187,1.00485917356E-015,0.707106781187)) ;
#1937=DIRECTION('Axis2P3D Direction',(5.68434188608E-014,3.06954461848E-013,1.)) ;
#1938=DIRECTION('Axis2P3D XDirection',(0.999748989243,-0.0224044305328,-4.99176737051E-014)) ;
#1942=DIRECTION('Axis2P3D Direction',(6.90394671882E-015,3.08073608201E-013,1.)) ;
#1954=DIRECTION('Axis2P3D Direction',(-2.84217094304E-015,-1.42108547152E-015,1.)) ;
#1955=DIRECTION('Axis2P3D XDirection',(-1.,5.92119045959E-016,-2.89759583512E-015)) ;
#1959=DIRECTION('Vector Direction',(-0.707106781187,-2.00971834712E-015,0.707106781187)) ;
#1966=DIRECTION('Axis2P3D Direction',(-8.41451632236E-031,-1.42108547152E-015,1.)) ;
#1973=DIRECTION('Vector Direction',(0.707106781187,-1.00485917356E-015,0.707106781187)) ;
#1985=DIRECTION('Axis2P3D Direction',(5.68434188608E-014,3.0837554732E-013,1.)) ;
#1986=DIRECTION('Axis2P3D XDirection',(0.999748989243,-0.0224044305328,-4.99176737051E-014)) ;
#1990=DIRECTION('Axis2P3D Direction',(6.93577733772E-015,3.09493980346E-013,1.)) ;
#2002=DIRECTION('Axis2P3D Direction',(-0.,-1.42108547152E-015,1.)) ;
#2003=DIRECTION('Axis2P3D XDirection',(1.,5.92119045959E-016,0.)) ;
#2007=DIRECTION('Vector Direction',(0.707106781187,-1.00485917356E-015,0.707106781187)) ;
#2014=DIRECTION('Axis2P3D Direction',(8.41451632236E-031,-1.42108547152E-015,1.)) ;
#2021=DIRECTION('Vector Direction',(-0.707106781187,-1.00485917356E-015,0.707106781187)) ;
#2033=DIRECTION('Axis2P3D Direction',(-5.40012479178E-014,-3.0837554732E-013,1.)) ;
#2034=DIRECTION('Axis2P3D XDirection',(-0.999748989243,0.0224044305328,-4.702007787E-014)) ;
#2038=DIRECTION('Axis2P3D Direction',(-6.93435068583E-015,-3.09430319108E-013,1.)) ;
#2050=DIRECTION('Axis2P3D Direction',(-0.,-0.,1.)) ;
#2051=DIRECTION('Axis2P3D XDirection',(1.,0.,0.)) ;
#2055=DIRECTION('Vector Direction',(0.707106781187,0.,0.707106781187)) ;
#2062=DIRECTION('Axis2P3D Direction',(0.,-0.,1.)) ;
#2069=DIRECTION('Vector Direction',(-0.707106781187,1.00485917356E-015,0.707106781187)) ;
#2081=DIRECTION('Axis2P3D Direction',(-5.68434188608E-014,-3.0837554732E-013,1.)) ;
#2082=DIRECTION('Axis2P3D XDirection',(-0.999748989243,0.0224044305328,-4.99176737051E-014)) ;
#2086=DIRECTION('Axis2P3D Direction',(-6.93577733772E-015,-3.09493980346E-013,1.)) ;
#2098=DIRECTION('Axis2P3D Direction',(-1.,0.,0.)) ;
#2099=DIRECTION('Axis2P3D XDirection',(0.,1.,0.)) ;
#2103=DIRECTION('Vector Direction',(0.,0.,-1.)) ;
#2110=DIRECTION('Vector Direction',(0.,1.,0.)) ;
#2117=DIRECTION('Vector Direction',(0.,0.,-1.)) ;
#2129=DIRECTION('Axis2P3D Direction',(-0.,-1.,-0.)) ;
#2130=DIRECTION('Axis2P3D XDirection',(-1.,0.,0.)) ;
#2134=DIRECTION('Vector Direction',(0.,0.,-1.)) ;
#2141=DIRECTION('Vector Direction',(1.,0.,0.)) ;
#2153=DIRECTION('Axis2P3D Direction',(1.,0.,0.)) ;
#2154=DIRECTION('Axis2P3D XDirection',(0.,-1.,0.)) ;
#2158=DIRECTION('Vector Direction',(0.,0.,-1.)) ;
#2165=DIRECTION('Vector Direction',(0.,-1.,0.)) ;
#2177=DIRECTION('Axis2P3D Direction',(-0.,1.,0.)) ;
#2178=DIRECTION('Axis2P3D XDirection',(1.,0.,0.)) ;
#2182=DIRECTION('Vector Direction',(-1.,0.,0.)) ;
#2194=DIRECTION('Vector Direction',(0.,0.,-1.)) ;
#2201=DIRECTION('Vector Direction',(-1.,0.,0.)) ;
#2208=DIRECTION('Vector Direction',(0.,0.,-1.)) ;
#2220=DIRECTION('Axis2P3D Direction',(-1.,0.,0.)) ;
#2221=DIRECTION('Axis2P3D XDirection',(0.,1.,0.)) ;
#2225=DIRECTION('Vector Direction',(0.,0.,-1.)) ;
#2232=DIRECTION('Vector Direction',(0.,1.,0.)) ;
#2244=DIRECTION('Vector Direction',(0.,0.,-1.)) ;
#2251=DIRECTION('Vector Direction',(1.,0.,0.)) ;
#2263=DIRECTION('Axis2P3D Direction',(1.,0.,0.)) ;
#2264=DIRECTION('Axis2P3D XDirection',(0.,-1.,0.)) ;
#2268=DIRECTION('Vector Direction',(0.,-1.,0.)) ;
#2280=DIRECTION('Axis2P3D Direction',(0.,0.,1.)) ;
#2281=DIRECTION('Axis2P3D XDirection',(-1.,1.22464679915E-016,0.)) ;
#2285=DIRECTION('Vector Direction',(0.,0.,1.)) ;
#2292=DIRECTION('Axis2P3D Direction',(0.,0.,1.)) ;
#2299=DIRECTION('Vector Direction',(0.,0.,1.)) ;
#2311=DIRECTION('Axis2P3D Direction',(0.,0.,1.)) ;
#2323=DIRECTION('Axis2P3D Direction',(0.,0.,1.)) ;
#2324=DIRECTION('Axis2P3D XDirection',(-1.,1.22464679915E-016,0.)) ;
#2328=DIRECTION('Vector Direction',(0.,0.,1.)) ;
#2335=DIRECTION('Axis2P3D Direction',(0.,0.,1.)) ;
#2342=DIRECTION('Vector Direction',(0.,0.,1.)) ;
#2354=DIRECTION('Axis2P3D Direction',(0.,0.,1.)) ;
#2366=DIRECTION('Axis2P3D Direction',(0.,0.,1.)) ;
#2367=DIRECTION('Axis2P3D XDirection',(1.,0.,0.)) ;
#2371=DIRECTION('Vector Direction',(0.,0.,1.)) ;
#2378=DIRECTION('Axis2P3D Direction',(0.,0.,1.)) ;
#2385=DIRECTION('Vector Direction',(0.,0.,1.)) ;
#2397=DIRECTION('Axis2P3D Direction',(0.,0.,1.)) ;
#2409=DIRECTION('Axis2P3D Direction',(0.,0.,1.)) ;
#2410=DIRECTION('Axis2P3D XDirection',(1.,0.,0.)) ;
#2414=DIRECTION('Vector Direction',(0.,0.,1.)) ;
#2421=DIRECTION('Axis2P3D Direction',(0.,0.,1.)) ;
#2428=DIRECTION('Vector Direction',(0.,0.,1.)) ;
#2440=DIRECTION('Axis2P3D Direction',(0.,0.,1.)) ;
#2452=DIRECTION('Axis2P3D Direction',(0.,0.,1.)) ;
#2464=DIRECTION('Axis2P3D Direction',(0.,0.,1.)) ;
#2476=DIRECTION('Axis2P3D Direction',(0.,0.,1.)) ;
#2477=DIRECTION('Axis2P3D XDirection',(1.,0.,0.)) ;
#2481=DIRECTION('Axis2P3D Direction',(0.,0.,1.)) ;
#2486=DIRECTION('Axis2P3D Direction',(0.,0.,1.)) ;
#2491=DIRECTION('Axis2P3D Direction',(0.,0.,1.)) ;
#2496=DIRECTION('Axis2P3D Direction',(0.,0.,1.)) ;
#2517=DIRECTION('Vector Direction',(0.,-1.,0.)) ;
#2561=DIRECTION('Axis2P3D Direction',(-1.,0.,0.)) ;
#2562=DIRECTION('Axis2P3D XDirection',(0.,-1.,0.)) ;
#2573=DIRECTION('Axis2P3D Direction',(1.,0.,0.)) ;
#2574=DIRECTION('Axis2P3D XDirection',(0.,-1.,0.)) ;
#2585=DIRECTION('Axis2P3D Direction',(1.,0.,0.)) ;
#2586=DIRECTION('Axis2P3D XDirection',(0.,-1.,0.)) ;
#2597=DIRECTION('Axis2P3D Direction',(1.,0.,0.)) ;
#2598=DIRECTION('Axis2P3D XDirection',(0.,-1.,0.)) ;
#2602=DIRECTION('Vector Direction',(0.,0.,-1.)) ;
#2635=DIRECTION('Axis2P3D Direction',(-1.,0.,0.)) ;
#2636=DIRECTION('Axis2P3D XDirection',(0.,1.,0.)) ;
#2647=DIRECTION('Axis2P3D Direction',(0.,0.,1.)) ;
#2648=DIRECTION('Axis2P3D XDirection',(2.83276944882E-016,1.,0.)) ;
#2659=DIRECTION('Axis2P3D Direction',(0.,0.,1.)) ;
#2660=DIRECTION('Axis2P3D XDirection',(1.,2.36847578587E-016,0.)) ;
#2671=DIRECTION('Axis2P3D Direction',(0.,0.,1.)) ;
#2672=DIRECTION('Axis2P3D XDirection',(7.04481399828E-016,-1.,0.)) ;
#2683=DIRECTION('Axis2P3D Direction',(0.,0.,1.)) ;
#2684=DIRECTION('Axis2P3D XDirection',(-1.,1.45473230946E-015,0.)) ;
#48=AXIS2_PLACEMENT_3D(' ',#47,$,$) ;
#55=AXIS2_PLACEMENT_3D('Plane Axis2P3D',#52,#53,#54) ;
#159=AXIS2_PLACEMENT_3D('Circle Axis2P3D',#157,#158,$) ;
#173=AXIS2_PLACEMENT_3D('Circle Axis2P3D',#171,#172,$) ;
#306=AXIS2_PLACEMENT_3D('Circle Axis2P3D',#304,#305,$) ;
#320=AXIS2_PLACEMENT_3D('Circle Axis2P3D',#318,#319,$) ;
#397=AXIS2_PLACEMENT_3D('Circle Axis2P3D',#395,#396,$) ;
#406=AXIS2_PLACEMENT_3D('Circle Axis2P3D',#404,#405,$) ;
#415=AXIS2_PLACEMENT_3D('Circle Axis2P3D',#413,#414,$) ;
#424=AXIS2_PLACEMENT_3D('Circle Axis2P3D',#422,#423,$) ;
#433=AXIS2_PLACEMENT_3D('Circle Axis2P3D',#431,#432,$) ;
#442=AXIS2_PLACEMENT_3D('Circle Axis2P3D',#440,#441,$) ;
#451=AXIS2_PLACEMENT_3D('Circle Axis2P3D',#449,#450,$) ;
#460=AXIS2_PLACEMENT_3D('Circle Axis2P3D',#458,#459,$) ;
#469=AXIS2_PLACEMENT_3D('Circle Axis2P3D',#467,#468,$) ;
#485=AXIS2_PLACEMENT_3D('Circle Axis2P3D',#483,#484,$) ;
#499=AXIS2_PLACEMENT_3D('Circle Axis2P3D',#497,#498,$) ;
#513=AXIS2_PLACEMENT_3D('Circle Axis2P3D',#511,#512,$) ;
#537=AXIS2_PLACEMENT_3D('Plane Axis2P3D',#534,#535,#536) ;
#568=AXIS2_PLACEMENT_3D('Plane Axis2P3D',#565,#566,#567) ;
#599=AXIS2_PLACEMENT_3D('Plane Axis2P3D',#596,#597,#598) ;
#639=AXIS2_PLACEMENT_3D('Plane Axis2P3D',#636,#637,#638) ;
#670=AXIS2_PLACEMENT_3D('Plane Axis2P3D',#667,#668,#669) ;
#736=AXIS2_PLACEMENT_3D('Plane Axis2P3D',#733,#734,#735) ;
#779=AXIS2_PLACEMENT_3D('Plane Axis2P3D',#776,#777,#778) ;
#803=AXIS2_PLACEMENT_3D('Plane Axis2P3D',#800,#801,#802) ;
#827=AXIS2_PLACEMENT_3D('Plane Axis2P3D',#824,#825,#826) ;
#851=AXIS2_PLACEMENT_3D('Plane Axis2P3D',#848,#849,#850) ;
#875=AXIS2_PLACEMENT_3D('Plane Axis2P3D',#872,#873,#874) ;
#918=AXIS2_PLACEMENT_3D('Plane Axis2P3D',#915,#916,#917) ;
#961=AXIS2_PLACEMENT_3D('Plane Axis2P3D',#958,#959,#960) ;
#1004=AXIS2_PLACEMENT_3D('Plane Axis2P3D',#1001,#1002,#1003) ;
#1047=AXIS2_PLACEMENT_3D('Plane Axis2P3D',#1044,#1045,#1046) ;
#1106=AXIS2_PLACEMENT_3D('Plane Axis2P3D',#1103,#1104,#1105) ;
#1328=AXIS2_PLACEMENT_3D('Cylinder Axis2P3D',#1325,#1326,#1327) ;
#1339=AXIS2_PLACEMENT_3D('Circle Axis2P3D',#1337,#1338,$) ;
#1358=AXIS2_PLACEMENT_3D('Circle Axis2P3D',#1356,#1357,$) ;
#1371=AXIS2_PLACEMENT_3D('Cylinder Axis2P3D',#1368,#1369,#1370) ;
#1382=AXIS2_PLACEMENT_3D('Circle Axis2P3D',#1380,#1381,$) ;
#1401=AXIS2_PLACEMENT_3D('Circle Axis2P3D',#1399,#1400,$) ;
#1414=AXIS2_PLACEMENT_3D('Cylinder Axis2P3D',#1411,#1412,#1413) ;
#1425=AXIS2_PLACEMENT_3D('Circle Axis2P3D',#1423,#1424,$) ;
#1444=AXIS2_PLACEMENT_3D('Circle Axis2P3D',#1442,#1443,$) ;
#1457=AXIS2_PLACEMENT_3D('Cylinder Axis2P3D',#1454,#1455,#1456) ;
#1468=AXIS2_PLACEMENT_3D('Circle Axis2P3D',#1466,#1467,$) ;
#1487=AXIS2_PLACEMENT_3D('Circle Axis2P3D',#1485,#1486,$) ;
#1500=AXIS2_PLACEMENT_3D('Plane Axis2P3D',#1497,#1498,#1499) ;
#1531=AXIS2_PLACEMENT_3D('Cylinder Axis2P3D',#1528,#1529,#1530) ;
#1542=AXIS2_PLACEMENT_3D('Circle Axis2P3D',#1540,#1541,$) ;
#1555=AXIS2_PLACEMENT_3D('Plane Axis2P3D',#1552,#1553,#1554) ;
#1579=AXIS2_PLACEMENT_3D('Cylinder Axis2P3D',#1576,#1577,#1578) ;
#1590=AXIS2_PLACEMENT_3D('Circle Axis2P3D',#1588,#1589,$) ;
#1603=AXIS2_PLACEMENT_3D('Plane Axis2P3D',#1600,#1601,#1602) ;
#1627=AXIS2_PLACEMENT_3D('Cylinder Axis2P3D',#1624,#1625,#1626) ;
#1638=AXIS2_PLACEMENT_3D('Circle Axis2P3D',#1636,#1637,$) ;
#1651=AXIS2_PLACEMENT_3D('Cylinder Axis2P3D',#1648,#1649,#1650) ;
#1655=AXIS2_PLACEMENT_3D('Circle Axis2P3D',#1653,#1654,$) ;
#1675=AXIS2_PLACEMENT_3D('Plane Axis2P3D',#1672,#1673,#1674) ;
#1679=AXIS2_PLACEMENT_3D('Circle Axis2P3D',#1677,#1678,$) ;
#1686=AXIS2_PLACEMENT_3D('Circle Axis2P3D',#1684,#1685,$) ;
#1791=AXIS2_PLACEMENT_3D('Cylinder Axis2P3D',#1788,#1789,#1790) ;
#1795=AXIS2_PLACEMENT_3D('Circle Axis2P3D',#1793,#1794,$) ;
#1814=AXIS2_PLACEMENT_3D('Circle Axis2P3D',#1812,#1813,$) ;
#1821=AXIS2_PLACEMENT_3D('Circle Axis2P3D',#1819,#1820,$) ;
#1884=AXIS2_PLACEMENT_3D('Cylinder Axis2P3D',#1881,#1882,#1883) ;
#1888=AXIS2_PLACEMENT_3D('Circle Axis2P3D',#1886,#1887,$) ;
#1908=AXIS2_PLACEMENT_3D('Cone Axis2P3D',#1905,#1906,#1907) ;
#1919=AXIS2_PLACEMENT_3D('Circle Axis2P3D',#1917,#1918,$) ;
#1939=AXIS2_PLACEMENT_3D('Cone Axis2P3D',#1936,#1937,#1938) ;
#1943=AXIS2_PLACEMENT_3D('Circle Axis2P3D',#1941,#1942,$) ;
#1956=AXIS2_PLACEMENT_3D('Cone Axis2P3D',#1953,#1954,#1955) ;
#1967=AXIS2_PLACEMENT_3D('Circle Axis2P3D',#1965,#1966,$) ;
#1987=AXIS2_PLACEMENT_3D('Cone Axis2P3D',#1984,#1985,#1986) ;
#1991=AXIS2_PLACEMENT_3D('Circle Axis2P3D',#1989,#1990,$) ;
#2004=AXIS2_PLACEMENT_3D('Cone Axis2P3D',#2001,#2002,#2003) ;
#2015=AXIS2_PLACEMENT_3D('Circle Axis2P3D',#2013,#2014,$) ;
#2035=AXIS2_PLACEMENT_3D('Cone Axis2P3D',#2032,#2033,#2034) ;
#2039=AXIS2_PLACEMENT_3D('Circle Axis2P3D',#2037,#2038,$) ;
#2052=AXIS2_PLACEMENT_3D('Cone Axis2P3D',#2049,#2050,#2051) ;
#2063=AXIS2_PLACEMENT_3D('Circle Axis2P3D',#2061,#2062,$) ;
#2083=AXIS2_PLACEMENT_3D('Cone Axis2P3D',#2080,#2081,#2082) ;
#2087=AXIS2_PLACEMENT_3D('Circle Axis2P3D',#2085,#2086,$) ;
#2100=AXIS2_PLACEMENT_3D('Plane Axis2P3D',#2097,#2098,#2099) ;
#2131=AXIS2_PLACEMENT_3D('Plane Axis2P3D',#2128,#2129,#2130) ;
#2155=AXIS2_PLACEMENT_3D('Plane Axis2P3D',#2152,#2153,#2154) ;
#2179=AXIS2_PLACEMENT_3D('Plane Axis2P3D',#2176,#2177,#2178) ;
#2222=AXIS2_PLACEMENT_3D('Plane Axis2P3D',#2219,#2220,#2221) ;
#2265=AXIS2_PLACEMENT_3D('Plane Axis2P3D',#2262,#2263,#2264) ;
#2282=AXIS2_PLACEMENT_3D('Cylinder Axis2P3D',#2279,#2280,#2281) ;
#2293=AXIS2_PLACEMENT_3D('Circle Axis2P3D',#2291,#2292,$) ;
#2312=AXIS2_PLACEMENT_3D('Circle Axis2P3D',#2310,#2311,$) ;
#2325=AXIS2_PLACEMENT_3D('Cylinder Axis2P3D',#2322,#2323,#2324) ;
#2336=AXIS2_PLACEMENT_3D('Circle Axis2P3D',#2334,#2335,$) ;
#2355=AXIS2_PLACEMENT_3D('Circle Axis2P3D',#2353,#2354,$) ;
#2368=AXIS2_PLACEMENT_3D('Cylinder Axis2P3D',#2365,#2366,#2367) ;
#2379=AXIS2_PLACEMENT_3D('Circle Axis2P3D',#2377,#2378,$) ;
#2398=AXIS2_PLACEMENT_3D('Circle Axis2P3D',#2396,#2397,$) ;
#2411=AXIS2_PLACEMENT_3D('Cylinder Axis2P3D',#2408,#2409,#2410) ;
#2422=AXIS2_PLACEMENT_3D('Circle Axis2P3D',#2420,#2421,$) ;
#2441=AXIS2_PLACEMENT_3D('Circle Axis2P3D',#2439,#2440,$) ;
#2453=AXIS2_PLACEMENT_3D('Circle Axis2P3D',#2451,#2452,$) ;
#2465=AXIS2_PLACEMENT_3D('Circle Axis2P3D',#2463,#2464,$) ;
#2478=AXIS2_PLACEMENT_3D('Plane Axis2P3D',#2475,#2476,#2477) ;
#2482=AXIS2_PLACEMENT_3D('Circle Axis2P3D',#2480,#2481,$) ;
#2487=AXIS2_PLACEMENT_3D('Circle Axis2P3D',#2485,#2486,$) ;
#2492=AXIS2_PLACEMENT_3D('Circle Axis2P3D',#2490,#2491,$) ;
#2497=AXIS2_PLACEMENT_3D('Circle Axis2P3D',#2495,#2496,$) ;
#2563=AXIS2_PLACEMENT_3D('Plane Axis2P3D',#2560,#2561,#2562) ;
#2575=AXIS2_PLACEMENT_3D('Plane Axis2P3D',#2572,#2573,#2574) ;
#2587=AXIS2_PLACEMENT_3D('Plane Axis2P3D',#2584,#2585,#2586) ;
#2599=AXIS2_PLACEMENT_3D('Plane Axis2P3D',#2596,#2597,#2598) ;
#2637=AXIS2_PLACEMENT_3D('Plane Axis2P3D',#2634,#2635,#2636) ;
#2649=AXIS2_PLACEMENT_3D('Cylinder Axis2P3D',#2646,#2647,#2648) ;
#2661=AXIS2_PLACEMENT_3D('Cylinder Axis2P3D',#2658,#2659,#2660) ;
#2673=AXIS2_PLACEMENT_3D('Cylinder Axis2P3D',#2670,#2671,#2672) ;
#2685=AXIS2_PLACEMENT_3D('Cylinder Axis2P3D',#2682,#2683,#2684) ;
#40=PRODUCT_DEFINITION_SHAPE(' ',' ',#14) ;
#31=APPROVAL_PERSON_ORGANIZATION(#25,#21,#19) ;
#25=PERSON_AND_ORGANIZATION(#22,#23) ;
#22=PERSON(' ',' ',' ',$,$,$) ;
#23=ORGANIZATION(' ',' ',' ') ;
#21=APPROVAL(#20,' ') ;
#20=APPROVAL_STATUS('not_yet_approved') ;
#19=APPROVAL_ROLE('APPROVER') ;
#13=DATE_AND_TIME(#11,#12) ;
#12=LOCAL_TIME(9,59,41.,#10) ;
#10=COORDINATED_UNIVERSAL_TIME_OFFSET(0,0,.AHEAD.) ;
#352=ORIENTED_EDGE('',*,*,#65,.F.) ;
#353=ORIENTED_EDGE('',*,*,#72,.T.) ;
#354=ORIENTED_EDGE('',*,*,#79,.F.) ;
#355=ORIENTED_EDGE('',*,*,#86,.T.) ;
#356=ORIENTED_EDGE('',*,*,#93,.F.) ;
#357=ORIENTED_EDGE('',*,*,#100,.F.) ;
#358=ORIENTED_EDGE('',*,*,#107,.T.) ;
#359=ORIENTED_EDGE('',*,*,#114,.F.) ;
#360=ORIENTED_EDGE('',*,*,#121,.T.) ;
#361=ORIENTED_EDGE('',*,*,#128,.F.) ;
#362=ORIENTED_EDGE('',*,*,#135,.T.) ;
#363=ORIENTED_EDGE('',*,*,#142,.F.) ;
#364=ORIENTED_EDGE('',*,*,#149,.T.) ;
#365=ORIENTED_EDGE('',*,*,#156,.T.) ;
#366=ORIENTED_EDGE('',*,*,#163,.F.) ;
#367=ORIENTED_EDGE('',*,*,#170,.T.) ;
#368=ORIENTED_EDGE('',*,*,#177,.F.) ;
#369=ORIENTED_EDGE('',*,*,#184,.T.) ;
#370=ORIENTED_EDGE('',*,*,#191,.T.) ;
#371=ORIENTED_EDGE('',*,*,#198,.T.) ;
#372=ORIENTED_EDGE('',*,*,#205,.T.) ;
#373=ORIENTED_EDGE('',*,*,#212,.T.) ;
#374=ORIENTED_EDGE('',*,*,#219,.T.) ;
#375=ORIENTED_EDGE('',*,*,#226,.T.) ;
#376=ORIENTED_EDGE('',*,*,#233,.T.) ;
#377=ORIENTED_EDGE('',*,*,#240,.T.) ;
#378=ORIENTED_EDGE('',*,*,#247,.T.) ;
#379=ORIENTED_EDGE('',*,*,#254,.T.) ;
#380=ORIENTED_EDGE('',*,*,#261,.T.) ;
#381=ORIENTED_EDGE('',*,*,#268,.T.) ;
#382=ORIENTED_EDGE('',*,*,#275,.T.) ;
#383=ORIENTED_EDGE('',*,*,#282,.T.) ;
#384=ORIENTED_EDGE('',*,*,#289,.T.) ;
#385=ORIENTED_EDGE('',*,*,#296,.T.) ;
#386=ORIENTED_EDGE('',*,*,#303,.T.) ;
#387=ORIENTED_EDGE('',*,*,#310,.F.) ;
#388=ORIENTED_EDGE('',*,*,#317,.T.) ;
#389=ORIENTED_EDGE('',*,*,#324,.F.) ;
#390=ORIENTED_EDGE('',*,*,#331,.T.) ;
#391=ORIENTED_EDGE('',*,*,#338,.T.) ;
#392=ORIENTED_EDGE('',*,*,#345,.F.) ;
#393=ORIENTED_EDGE('',*,*,#350,.T.) ;
#410=ORIENTED_EDGE('',*,*,#403,.T.) ;
#411=ORIENTED_EDGE('',*,*,#408,.T.) ;
#428=ORIENTED_EDGE('',*,*,#421,.T.) ;
#429=ORIENTED_EDGE('',*,*,#426,.T.) ;
#446=ORIENTED_EDGE('',*,*,#439,.T.) ;
#447=ORIENTED_EDGE('',*,*,#444,.T.) ;
#464=ORIENTED_EDGE('',*,*,#457,.T.) ;
#465=ORIENTED_EDGE('',*,*,#462,.T.) ;
#524=ORIENTED_EDGE('',*,*,#475,.T.) ;
#525=ORIENTED_EDGE('',*,*,#482,.F.) ;
#526=ORIENTED_EDGE('',*,*,#489,.T.) ;
#527=ORIENTED_EDGE('',*,*,#496,.T.) ;
#528=ORIENTED_EDGE('',*,*,#503,.T.) ;
#529=ORIENTED_EDGE('',*,*,#510,.T.) ;
#530=ORIENTED_EDGE('',*,*,#517,.T.) ;
#531=ORIENTED_EDGE('',*,*,#522,.T.) ;
#559=ORIENTED_EDGE('',*,*,#350,.F.) ;
#560=ORIENTED_EDGE('',*,*,#545,.F.) ;
#561=ORIENTED_EDGE('',*,*,#552,.T.) ;
#562=ORIENTED_EDGE('',*,*,#557,.T.) ;
#590=ORIENTED_EDGE('',*,*,#338,.F.) ;
#591=ORIENTED_EDGE('',*,*,#576,.F.) ;
#592=ORIENTED_EDGE('',*,*,#583,.T.) ;
#593=ORIENTED_EDGE('',*,*,#588,.T.) ;
#628=ORIENTED_EDGE('',*,*,#331,.F.) ;
#629=ORIENTED_EDGE('',*,*,#607,.T.) ;
#630=ORIENTED_EDGE('',*,*,#614,.F.) ;
#631=ORIENTED_EDGE('',*,*,#621,.T.) ;
#632=ORIENTED_EDGE('',*,*,#626,.T.) ;
#633=ORIENTED_EDGE('',*,*,#576,.T.) ;
#661=ORIENTED_EDGE('',*,*,#317,.F.) ;
#662=ORIENTED_EDGE('',*,*,#647,.T.) ;
#663=ORIENTED_EDGE('',*,*,#654,.F.) ;
#664=ORIENTED_EDGE('',*,*,#659,.F.) ;
#706=ORIENTED_EDGE('',*,*,#678,.F.) ;
#707=ORIENTED_EDGE('',*,*,#685,.T.) ;
#708=ORIENTED_EDGE('',*,*,#692,.F.) ;
#709=ORIENTED_EDGE('',*,*,#699,.F.) ;
#710=ORIENTED_EDGE('',*,*,#704,.F.) ;
#711=ORIENTED_EDGE('',*,*,#303,.F.) ;
#727=ORIENTED_EDGE('',*,*,#296,.F.) ;
#728=ORIENTED_EDGE('',*,*,#720,.F.) ;
#729=ORIENTED_EDGE('',*,*,#725,.T.) ;
#730=ORIENTED_EDGE('',*,*,#678,.T.) ;
#751=ORIENTED_EDGE('',*,*,#289,.F.) ;
#752=ORIENTED_EDGE('',*,*,#744,.F.) ;
#753=ORIENTED_EDGE('',*,*,#749,.T.) ;
#754=ORIENTED_EDGE('',*,*,#720,.T.) ;
#770=ORIENTED_EDGE('',*,*,#282,.F.) ;
#771=ORIENTED_EDGE('',*,*,#763,.F.) ;
#772=ORIENTED_EDGE('',*,*,#768,.T.) ;
#773=ORIENTED_EDGE('',*,*,#744,.T.) ;
#794=ORIENTED_EDGE('',*,*,#275,.F.) ;
#795=ORIENTED_EDGE('',*,*,#787,.F.) ;
#796=ORIENTED_EDGE('',*,*,#792,.T.) ;
#797=ORIENTED_EDGE('',*,*,#763,.T.) ;
#818=ORIENTED_EDGE('',*,*,#268,.F.) ;
#819=ORIENTED_EDGE('',*,*,#811,.F.) ;
#820=ORIENTED_EDGE('',*,*,#816,.T.) ;
#821=ORIENTED_EDGE('',*,*,#787,.T.) ;
#842=ORIENTED_EDGE('',*,*,#261,.F.) ;
#843=ORIENTED_EDGE('',*,*,#835,.F.) ;
#844=ORIENTED_EDGE('',*,*,#840,.T.) ;
#845=ORIENTED_EDGE('',*,*,#811,.T.) ;
#866=ORIENTED_EDGE('',*,*,#254,.F.) ;
#867=ORIENTED_EDGE('',*,*,#859,.F.) ;
#868=ORIENTED_EDGE('',*,*,#864,.T.) ;
#869=ORIENTED_EDGE('',*,*,#835,.T.) ;
#890=ORIENTED_EDGE('',*,*,#247,.F.) ;
#891=ORIENTED_EDGE('',*,*,#883,.F.) ;
#892=ORIENTED_EDGE('',*,*,#888,.T.) ;
#893=ORIENTED_EDGE('',*,*,#859,.T.) ;
#909=ORIENTED_EDGE('',*,*,#240,.F.) ;
#910=ORIENTED_EDGE('',*,*,#902,.F.) ;
#911=ORIENTED_EDGE('',*,*,#907,.T.) ;
#912=ORIENTED_EDGE('',*,*,#883,.T.) ;
#933=ORIENTED_EDGE('',*,*,#233,.F.) ;
#934=ORIENTED_EDGE('',*,*,#926,.F.) ;
#935=ORIENTED_EDGE('',*,*,#931,.T.) ;
#936=ORIENTED_EDGE('',*,*,#902,.T.) ;
#952=ORIENTED_EDGE('',*,*,#226,.F.) ;
#953=ORIENTED_EDGE('',*,*,#945,.F.) ;
#954=ORIENTED_EDGE('',*,*,#950,.T.) ;
#955=ORIENTED_EDGE('',*,*,#926,.T.) ;
#976=ORIENTED_EDGE('',*,*,#219,.F.) ;
#977=ORIENTED_EDGE('',*,*,#969,.F.) ;
#978=ORIENTED_EDGE('',*,*,#974,.T.) ;
#979=ORIENTED_EDGE('',*,*,#945,.T.) ;
#995=ORIENTED_EDGE('',*,*,#212,.F.) ;
#996=ORIENTED_EDGE('',*,*,#988,.F.) ;
#997=ORIENTED_EDGE('',*,*,#993,.T.) ;
#998=ORIENTED_EDGE('',*,*,#969,.T.) ;
#1019=ORIENTED_EDGE('',*,*,#205,.F.) ;
#1020=ORIENTED_EDGE('',*,*,#1012,.F.) ;
#1021=ORIENTED_EDGE('',*,*,#1017,.T.) ;
#1022=ORIENTED_EDGE('',*,*,#988,.T.) ;
#1038=ORIENTED_EDGE('',*,*,#198,.F.) ;
#1039=ORIENTED_EDGE('',*,*,#1031,.F.) ;
#1040=ORIENTED_EDGE('',*,*,#1036,.T.) ;
#1041=ORIENTED_EDGE('',*,*,#1012,.T.) ;
#1062=ORIENTED_EDGE('',*,*,#191,.F.) ;
#1063=ORIENTED_EDGE('',*,*,#1055,.F.) ;
#1064=ORIENTED_EDGE('',*,*,#1060,.T.) ;
#1065=ORIENTED_EDGE('',*,*,#1031,.T.) ;
#1095=ORIENTED_EDGE('',*,*,#184,.F.) ;
#1096=ORIENTED_EDGE('',*,*,#1074,.T.) ;
#1097=ORIENTED_EDGE('',*,*,#1081,.F.) ;
#1098=ORIENTED_EDGE('',*,*,#1088,.T.) ;
#1099=ORIENTED_EDGE('',*,*,#1093,.T.) ;
#1100=ORIENTED_EDGE('',*,*,#1055,.T.) ;
#1128=ORIENTED_EDGE('',*,*,#170,.F.) ;
#1129=ORIENTED_EDGE('',*,*,#1114,.T.) ;
#1130=ORIENTED_EDGE('',*,*,#1121,.F.) ;
#1131=ORIENTED_EDGE('',*,*,#1126,.F.) ;
#1168=ORIENTED_EDGE('',*,*,#1140,.F.) ;
#1169=ORIENTED_EDGE('',*,*,#1147,.T.) ;
#1170=ORIENTED_EDGE('',*,*,#1154,.F.) ;
#1171=ORIENTED_EDGE('',*,*,#1161,.F.) ;
#1172=ORIENTED_EDGE('',*,*,#1166,.F.) ;
#1173=ORIENTED_EDGE('',*,*,#156,.F.) ;
#1189=ORIENTED_EDGE('',*,*,#149,.F.) ;
#1190=ORIENTED_EDGE('',*,*,#1182,.F.) ;
#1191=ORIENTED_EDGE('',*,*,#1187,.T.) ;
#1192=ORIENTED_EDGE('',*,*,#1140,.T.) ;
#1215=ORIENTED_EDGE('',*,*,#135,.F.) ;
#1216=ORIENTED_EDGE('',*,*,#1201,.F.) ;
#1217=ORIENTED_EDGE('',*,*,#1208,.T.) ;
#1218=ORIENTED_EDGE('',*,*,#1213,.T.) ;
#1241=ORIENTED_EDGE('',*,*,#121,.F.) ;
#1242=ORIENTED_EDGE('',*,*,#1227,.F.) ;
#1243=ORIENTED_EDGE('',*,*,#1234,.T.) ;
#1244=ORIENTED_EDGE('',*,*,#1239,.T.) ;
#1267=ORIENTED_EDGE('',*,*,#107,.F.) ;
#1268=ORIENTED_EDGE('',*,*,#1253,.F.) ;
#1269=ORIENTED_EDGE('',*,*,#1260,.T.) ;
#1270=ORIENTED_EDGE('',*,*,#1265,.T.) ;
#1293=ORIENTED_EDGE('',*,*,#86,.F.) ;
#1294=ORIENTED_EDGE('',*,*,#1279,.F.) ;
#1295=ORIENTED_EDGE('',*,*,#1286,.T.) ;
#1296=ORIENTED_EDGE('',*,*,#1291,.T.) ;
#1319=ORIENTED_EDGE('',*,*,#72,.F.) ;
#1320=ORIENTED_EDGE('',*,*,#1305,.F.) ;
#1321=ORIENTED_EDGE('',*,*,#1312,.T.) ;
#1322=ORIENTED_EDGE('',*,*,#1317,.T.) ;
#1350=ORIENTED_EDGE('',*,*,#408,.F.) ;
#1351=ORIENTED_EDGE('',*,*,#1336,.F.) ;
#1352=ORIENTED_EDGE('',*,*,#1343,.T.) ;
#1353=ORIENTED_EDGE('',*,*,#1348,.T.) ;
#1362=ORIENTED_EDGE('',*,*,#403,.F.) ;
#1363=ORIENTED_EDGE('',*,*,#1348,.F.) ;
#1364=ORIENTED_EDGE('',*,*,#1360,.T.) ;
#1365=ORIENTED_EDGE('',*,*,#1336,.T.) ;
#1393=ORIENTED_EDGE('',*,*,#426,.F.) ;
#1394=ORIENTED_EDGE('',*,*,#1379,.F.) ;
#1395=ORIENTED_EDGE('',*,*,#1386,.T.) ;
#1396=ORIENTED_EDGE('',*,*,#1391,.T.) ;
#1405=ORIENTED_EDGE('',*,*,#421,.F.) ;
#1406=ORIENTED_EDGE('',*,*,#1391,.F.) ;
#1407=ORIENTED_EDGE('',*,*,#1403,.T.) ;
#1408=ORIENTED_EDGE('',*,*,#1379,.T.) ;
#1436=ORIENTED_EDGE('',*,*,#444,.F.) ;
#1437=ORIENTED_EDGE('',*,*,#1422,.F.) ;
#1438=ORIENTED_EDGE('',*,*,#1429,.T.) ;
#1439=ORIENTED_EDGE('',*,*,#1434,.T.) ;
#1448=ORIENTED_EDGE('',*,*,#439,.F.) ;
#1449=ORIENTED_EDGE('',*,*,#1434,.F.) ;
#1450=ORIENTED_EDGE('',*,*,#1446,.T.) ;
#1451=ORIENTED_EDGE('',*,*,#1422,.T.) ;
#1479=ORIENTED_EDGE('',*,*,#462,.F.) ;
#1480=ORIENTED_EDGE('',*,*,#1465,.F.) ;
#1481=ORIENTED_EDGE('',*,*,#1472,.T.) ;
#1482=ORIENTED_EDGE('',*,*,#1477,.T.) ;
#1491=ORIENTED_EDGE('',*,*,#457,.F.) ;
#1492=ORIENTED_EDGE('',*,*,#1477,.F.) ;
#1493=ORIENTED_EDGE('',*,*,#1489,.T.) ;
#1494=ORIENTED_EDGE('',*,*,#1465,.T.) ;
#1522=ORIENTED_EDGE('',*,*,#1508,.F.) ;
#1523=ORIENTED_EDGE('',*,*,#1515,.T.) ;
#1524=ORIENTED_EDGE('',*,*,#1520,.T.) ;
#1525=ORIENTED_EDGE('',*,*,#522,.F.) ;
#1546=ORIENTED_EDGE('',*,*,#1539,.F.) ;
#1547=ORIENTED_EDGE('',*,*,#1544,.T.) ;
#1548=ORIENTED_EDGE('',*,*,#1508,.T.) ;
#1549=ORIENTED_EDGE('',*,*,#517,.F.) ;
#1570=ORIENTED_EDGE('',*,*,#510,.F.) ;
#1571=ORIENTED_EDGE('',*,*,#1563,.F.) ;
#1572=ORIENTED_EDGE('',*,*,#1568,.T.) ;
#1573=ORIENTED_EDGE('',*,*,#1539,.T.) ;
#1594=ORIENTED_EDGE('',*,*,#503,.F.) ;
#1595=ORIENTED_EDGE('',*,*,#1587,.F.) ;
#1596=ORIENTED_EDGE('',*,*,#1592,.T.) ;
#1597=ORIENTED_EDGE('',*,*,#1563,.T.) ;
#1618=ORIENTED_EDGE('',*,*,#1611,.F.) ;
#1619=ORIENTED_EDGE('',*,*,#1616,.T.) ;
#1620=ORIENTED_EDGE('',*,*,#1587,.T.) ;
#1621=ORIENTED_EDGE('',*,*,#496,.F.) ;
#1642=ORIENTED_EDGE('',*,*,#1635,.F.) ;
#1643=ORIENTED_EDGE('',*,*,#1640,.T.) ;
#1644=ORIENTED_EDGE('',*,*,#1611,.T.) ;
#1645=ORIENTED_EDGE('',*,*,#489,.F.) ;
#1666=ORIENTED_EDGE('',*,*,#475,.F.) ;
#1667=ORIENTED_EDGE('',*,*,#1520,.F.) ;
#1668=ORIENTED_EDGE('',*,*,#1659,.T.) ;
#1669=ORIENTED_EDGE('',*,*,#1664,.T.) ;
#1732=ORIENTED_EDGE('',*,*,#1683,.T.) ;
#1733=ORIENTED_EDGE('',*,*,#1688,.T.) ;
#1734=ORIENTED_EDGE('',*,*,#1147,.F.) ;
#1735=ORIENTED_EDGE('',*,*,#1187,.F.) ;
#1736=ORIENTED_EDGE('',*,*,#1693,.F.) ;
#1737=ORIENTED_EDGE('',*,*,#1208,.F.) ;
#1738=ORIENTED_EDGE('',*,*,#1698,.F.) ;
#1739=ORIENTED_EDGE('',*,*,#1234,.F.) ;
#1740=ORIENTED_EDGE('',*,*,#1703,.F.) ;
#1741=ORIENTED_EDGE('',*,*,#1260,.F.) ;
#1742=ORIENTED_EDGE('',*,*,#1710,.F.) ;
#1743=ORIENTED_EDGE('',*,*,#1715,.F.) ;
#1744=ORIENTED_EDGE('',*,*,#1286,.F.) ;
#1745=ORIENTED_EDGE('',*,*,#1720,.F.) ;
#1746=ORIENTED_EDGE('',*,*,#1312,.F.) ;
#1747=ORIENTED_EDGE('',*,*,#1725,.F.) ;
#1748=ORIENTED_EDGE('',*,*,#552,.F.) ;
#1749=ORIENTED_EDGE('',*,*,#1730,.F.) ;
#1750=ORIENTED_EDGE('',*,*,#583,.F.) ;
#1751=ORIENTED_EDGE('',*,*,#626,.F.) ;
#1782=ORIENTED_EDGE('',*,*,#1761,.T.) ;
#1783=ORIENTED_EDGE('',*,*,#1768,.T.) ;
#1784=ORIENTED_EDGE('',*,*,#1775,.T.) ;
#1785=ORIENTED_EDGE('',*,*,#1780,.T.) ;
#1806=ORIENTED_EDGE('',*,*,#1683,.F.) ;
#1807=ORIENTED_EDGE('',*,*,#621,.F.) ;
#1808=ORIENTED_EDGE('',*,*,#1799,.T.) ;
#1809=ORIENTED_EDGE('',*,*,#1804,.T.) ;
#1825=ORIENTED_EDGE('',*,*,#1818,.T.) ;
#1826=ORIENTED_EDGE('',*,*,#1823,.T.) ;
#1827=ORIENTED_EDGE('',*,*,#685,.F.) ;
#1828=ORIENTED_EDGE('',*,*,#725,.F.) ;
#1829=ORIENTED_EDGE('',*,*,#749,.F.) ;
#1830=ORIENTED_EDGE('',*,*,#768,.F.) ;
#1831=ORIENTED_EDGE('',*,*,#792,.F.) ;
#1832=ORIENTED_EDGE('',*,*,#816,.F.) ;
#1833=ORIENTED_EDGE('',*,*,#840,.F.) ;
#1834=ORIENTED_EDGE('',*,*,#864,.F.) ;
#1835=ORIENTED_EDGE('',*,*,#888,.F.) ;
#1836=ORIENTED_EDGE('',*,*,#907,.F.) ;
#1837=ORIENTED_EDGE('',*,*,#931,.F.) ;
#1838=ORIENTED_EDGE('',*,*,#950,.F.) ;
#1839=ORIENTED_EDGE('',*,*,#974,.F.) ;
#1840=ORIENTED_EDGE('',*,*,#993,.F.) ;
#1841=ORIENTED_EDGE('',*,*,#1017,.F.) ;
#1842=ORIENTED_EDGE('',*,*,#1036,.F.) ;
#1843=ORIENTED_EDGE('',*,*,#1060,.F.) ;
#1844=ORIENTED_EDGE('',*,*,#1093,.F.) ;
#1875=ORIENTED_EDGE('',*,*,#1854,.T.) ;
#1876=ORIENTED_EDGE('',*,*,#1861,.T.) ;
#1877=ORIENTED_EDGE('',*,*,#1868,.T.) ;
#1878=ORIENTED_EDGE('',*,*,#1873,.T.) ;
#1899=ORIENTED_EDGE('',*,*,#1818,.F.) ;
#1900=ORIENTED_EDGE('',*,*,#1088,.F.) ;
#1901=ORIENTED_EDGE('',*,*,#1892,.T.) ;
#1902=ORIENTED_EDGE('',*,*,#1897,.T.) ;
#1930=ORIENTED_EDGE('',*,*,#1916,.T.) ;
#1931=ORIENTED_EDGE('',*,*,#1923,.T.) ;
#1932=ORIENTED_EDGE('',*,*,#1928,.F.) ;
#1933=ORIENTED_EDGE('',*,*,#1343,.F.) ;
#1947=ORIENTED_EDGE('',*,*,#1928,.T.) ;
#1948=ORIENTED_EDGE('',*,*,#1945,.T.) ;
#1949=ORIENTED_EDGE('',*,*,#1916,.F.) ;
#1950=ORIENTED_EDGE('',*,*,#1360,.F.) ;
#1978=ORIENTED_EDGE('',*,*,#1964,.T.) ;
#1979=ORIENTED_EDGE('',*,*,#1971,.T.) ;
#1980=ORIENTED_EDGE('',*,*,#1976,.F.) ;
#1981=ORIENTED_EDGE('',*,*,#1386,.F.) ;
#1995=ORIENTED_EDGE('',*,*,#1976,.T.) ;
#1996=ORIENTED_EDGE('',*,*,#1993,.T.) ;
#1997=ORIENTED_EDGE('',*,*,#1964,.F.) ;
#1998=ORIENTED_EDGE('',*,*,#1403,.F.) ;
#2026=ORIENTED_EDGE('',*,*,#2012,.T.) ;
#2027=ORIENTED_EDGE('',*,*,#2019,.T.) ;
#2028=ORIENTED_EDGE('',*,*,#2024,.F.) ;
#2029=ORIENTED_EDGE('',*,*,#1429,.F.) ;
#2043=ORIENTED_EDGE('',*,*,#2024,.T.) ;
#2044=ORIENTED_EDGE('',*,*,#2041,.T.) ;
#2045=ORIENTED_EDGE('',*,*,#2012,.F.) ;
#2046=ORIENTED_EDGE('',*,*,#1446,.F.) ;
#2074=ORIENTED_EDGE('',*,*,#2060,.T.) ;
#2075=ORIENTED_EDGE('',*,*,#2067,.T.) ;
#2076=ORIENTED_EDGE('',*,*,#2072,.F.) ;
#2077=ORIENTED_EDGE('',*,*,#1472,.F.) ;
#2091=ORIENTED_EDGE('',*,*,#2072,.T.) ;
#2092=ORIENTED_EDGE('',*,*,#2089,.T.) ;
#2093=ORIENTED_EDGE('',*,*,#2060,.F.) ;
#2094=ORIENTED_EDGE('',*,*,#1489,.F.) ;
#2122=ORIENTED_EDGE('',*,*,#2108,.F.) ;
#2123=ORIENTED_EDGE('',*,*,#2115,.T.) ;
#2124=ORIENTED_EDGE('',*,*,#2120,.T.) ;
#2125=ORIENTED_EDGE('',*,*,#1780,.F.) ;
#2146=ORIENTED_EDGE('',*,*,#2139,.F.) ;
#2147=ORIENTED_EDGE('',*,*,#2144,.T.) ;
#2148=ORIENTED_EDGE('',*,*,#2108,.T.) ;
#2149=ORIENTED_EDGE('',*,*,#1775,.F.) ;
#2170=ORIENTED_EDGE('',*,*,#2163,.F.) ;
#2171=ORIENTED_EDGE('',*,*,#2168,.T.) ;
#2172=ORIENTED_EDGE('',*,*,#2139,.T.) ;
#2173=ORIENTED_EDGE('',*,*,#1768,.F.) ;
#2187=ORIENTED_EDGE('',*,*,#2120,.F.) ;
#2188=ORIENTED_EDGE('',*,*,#2185,.T.) ;
#2189=ORIENTED_EDGE('',*,*,#2163,.T.) ;
#2190=ORIENTED_EDGE('',*,*,#1761,.F.) ;
#2213=ORIENTED_EDGE('',*,*,#2199,.F.) ;
#2214=ORIENTED_EDGE('',*,*,#2206,.T.) ;
#2215=ORIENTED_EDGE('',*,*,#2211,.T.) ;
#2216=ORIENTED_EDGE('',*,*,#1873,.F.) ;
#2237=ORIENTED_EDGE('',*,*,#2230,.F.) ;
#2238=ORIENTED_EDGE('',*,*,#2235,.T.) ;
#2239=ORIENTED_EDGE('',*,*,#2199,.T.) ;
#2240=ORIENTED_EDGE('',*,*,#1868,.F.) ;
#2256=ORIENTED_EDGE('',*,*,#2249,.F.) ;
#2257=ORIENTED_EDGE('',*,*,#2254,.T.) ;
#2258=ORIENTED_EDGE('',*,*,#2230,.T.) ;
#2259=ORIENTED_EDGE('',*,*,#1861,.F.) ;
#2273=ORIENTED_EDGE('',*,*,#2211,.F.) ;
#2274=ORIENTED_EDGE('',*,*,#2271,.T.) ;
#2275=ORIENTED_EDGE('',*,*,#2249,.T.) ;
#2276=ORIENTED_EDGE('',*,*,#1854,.F.) ;
#2304=ORIENTED_EDGE('',*,*,#2290,.F.) ;
#2305=ORIENTED_EDGE('',*,*,#2297,.T.) ;
#2306=ORIENTED_EDGE('',*,*,#2302,.T.) ;
#2307=ORIENTED_EDGE('',*,*,#1923,.F.) ;
#2316=ORIENTED_EDGE('',*,*,#2302,.F.) ;
#2317=ORIENTED_EDGE('',*,*,#2314,.T.) ;
#2318=ORIENTED_EDGE('',*,*,#2290,.T.) ;
#2319=ORIENTED_EDGE('',*,*,#1945,.F.) ;
#2347=ORIENTED_EDGE('',*,*,#2333,.F.) ;
#2348=ORIENTED_EDGE('',*,*,#2340,.T.) ;
#2349=ORIENTED_EDGE('',*,*,#2345,.T.) ;
#2350=ORIENTED_EDGE('',*,*,#1971,.F.) ;
#2359=ORIENTED_EDGE('',*,*,#2345,.F.) ;
#2360=ORIENTED_EDGE('',*,*,#2357,.T.) ;
#2361=ORIENTED_EDGE('',*,*,#2333,.T.) ;
#2362=ORIENTED_EDGE('',*,*,#1993,.F.) ;
#2390=ORIENTED_EDGE('',*,*,#2376,.F.) ;
#2391=ORIENTED_EDGE('',*,*,#2383,.T.) ;
#2392=ORIENTED_EDGE('',*,*,#2388,.T.) ;
#2393=ORIENTED_EDGE('',*,*,#2019,.F.) ;
#2402=ORIENTED_EDGE('',*,*,#2388,.F.) ;
#2403=ORIENTED_EDGE('',*,*,#2400,.T.) ;
#2404=ORIENTED_EDGE('',*,*,#2376,.T.) ;
#2405=ORIENTED_EDGE('',*,*,#2041,.F.) ;
#2433=ORIENTED_EDGE('',*,*,#2419,.F.) ;
#2434=ORIENTED_EDGE('',*,*,#2426,.T.) ;
#2435=ORIENTED_EDGE('',*,*,#2431,.T.) ;
#2436=ORIENTED_EDGE('',*,*,#2067,.F.) ;
#2445=ORIENTED_EDGE('',*,*,#2431,.F.) ;
#2446=ORIENTED_EDGE('',*,*,#2443,.T.) ;
#2447=ORIENTED_EDGE('',*,*,#2419,.T.) ;
#2448=ORIENTED_EDGE('',*,*,#2089,.F.) ;
#2457=ORIENTED_EDGE('',*,*,#1154,.T.) ;
#2458=ORIENTED_EDGE('',*,*,#1688,.F.) ;
#2459=ORIENTED_EDGE('',*,*,#1804,.F.) ;
#2460=ORIENTED_EDGE('',*,*,#2455,.T.) ;
#2469=ORIENTED_EDGE('',*,*,#692,.T.) ;
#2470=ORIENTED_EDGE('',*,*,#1823,.F.) ;
#2471=ORIENTED_EDGE('',*,*,#1897,.F.) ;
#2472=ORIENTED_EDGE('',*,*,#2467,.T.) ;
#2501=ORIENTED_EDGE('',*,*,#614,.T.) ;
#2502=ORIENTED_EDGE('',*,*,#2484,.T.) ;
#2503=ORIENTED_EDGE('',*,*,#654,.T.) ;
#2504=ORIENTED_EDGE('',*,*,#2489,.T.) ;
#2505=ORIENTED_EDGE('',*,*,#699,.T.) ;
#2506=ORIENTED_EDGE('',*,*,#2467,.F.) ;
#2507=ORIENTED_EDGE('',*,*,#1892,.F.) ;
#2508=ORIENTED_EDGE('',*,*,#1081,.T.) ;
#2509=ORIENTED_EDGE('',*,*,#2494,.T.) ;
#2510=ORIENTED_EDGE('',*,*,#1121,.T.) ;
#2511=ORIENTED_EDGE('',*,*,#2499,.T.) ;
#2512=ORIENTED_EDGE('',*,*,#1161,.T.) ;
#2513=ORIENTED_EDGE('',*,*,#2455,.F.) ;
#2514=ORIENTED_EDGE('',*,*,#1799,.F.) ;
#2522=ORIENTED_EDGE('',*,*,#1616,.F.) ;
#2523=ORIENTED_EDGE('',*,*,#1640,.F.) ;
#2524=ORIENTED_EDGE('',*,*,#2520,.F.) ;
#2525=ORIENTED_EDGE('',*,*,#1659,.F.) ;
#2526=ORIENTED_EDGE('',*,*,#1515,.F.) ;
#2527=ORIENTED_EDGE('',*,*,#1544,.F.) ;
#2528=ORIENTED_EDGE('',*,*,#1568,.F.) ;
#2529=ORIENTED_EDGE('',*,*,#1592,.F.) ;
#2532=ORIENTED_EDGE('',*,*,#2206,.F.) ;
#2533=ORIENTED_EDGE('',*,*,#2235,.F.) ;
#2534=ORIENTED_EDGE('',*,*,#2254,.F.) ;
#2535=ORIENTED_EDGE('',*,*,#2271,.F.) ;
#2538=ORIENTED_EDGE('',*,*,#2115,.F.) ;
#2539=ORIENTED_EDGE('',*,*,#2144,.F.) ;
#2540=ORIENTED_EDGE('',*,*,#2168,.F.) ;
#2541=ORIENTED_EDGE('',*,*,#2185,.F.) ;
#2544=ORIENTED_EDGE('',*,*,#2383,.F.) ;
#2545=ORIENTED_EDGE('',*,*,#2400,.F.) ;
#2548=ORIENTED_EDGE('',*,*,#2426,.F.) ;
#2549=ORIENTED_EDGE('',*,*,#2443,.F.) ;
#2552=ORIENTED_EDGE('',*,*,#2340,.F.) ;
#2553=ORIENTED_EDGE('',*,*,#2357,.F.) ;
#2556=ORIENTED_EDGE('',*,*,#2297,.F.) ;
#2557=ORIENTED_EDGE('',*,*,#2314,.F.) ;
#2566=ORIENTED_EDGE('',*,*,#1664,.F.) ;
#2567=ORIENTED_EDGE('',*,*,#2520,.T.) ;
#2568=ORIENTED_EDGE('',*,*,#1635,.T.) ;
#2569=ORIENTED_EDGE('',*,*,#482,.T.) ;
#2578=ORIENTED_EDGE('',*,*,#557,.F.) ;
#2579=ORIENTED_EDGE('',*,*,#1725,.T.) ;
#2580=ORIENTED_EDGE('',*,*,#1305,.T.) ;
#2581=ORIENTED_EDGE('',*,*,#65,.T.) ;
#2590=ORIENTED_EDGE('',*,*,#1317,.F.) ;
#2591=ORIENTED_EDGE('',*,*,#1720,.T.) ;
#2592=ORIENTED_EDGE('',*,*,#1279,.T.) ;
#2593=ORIENTED_EDGE('',*,*,#79,.T.) ;
#2607=ORIENTED_EDGE('',*,*,#1291,.F.) ;
#2608=ORIENTED_EDGE('',*,*,#1715,.T.) ;
#2609=ORIENTED_EDGE('',*,*,#2605,.T.) ;
#2610=ORIENTED_EDGE('',*,*,#93,.T.) ;
#2614=ORIENTED_EDGE('',*,*,#2605,.F.) ;
#2615=ORIENTED_EDGE('',*,*,#1710,.T.) ;
#2616=ORIENTED_EDGE('',*,*,#1253,.T.) ;
#2617=ORIENTED_EDGE('',*,*,#100,.T.) ;
#2621=ORIENTED_EDGE('',*,*,#1265,.F.) ;
#2622=ORIENTED_EDGE('',*,*,#1703,.T.) ;
#2623=ORIENTED_EDGE('',*,*,#1227,.T.) ;
#2624=ORIENTED_EDGE('',*,*,#114,.T.) ;
#2628=ORIENTED_EDGE('',*,*,#1239,.F.) ;
#2629=ORIENTED_EDGE('',*,*,#1698,.T.) ;
#2630=ORIENTED_EDGE('',*,*,#1201,.T.) ;
#2631=ORIENTED_EDGE('',*,*,#128,.T.) ;
#2640=ORIENTED_EDGE('',*,*,#1213,.F.) ;
#2641=ORIENTED_EDGE('',*,*,#1693,.T.) ;
#2642=ORIENTED_EDGE('',*,*,#1182,.T.) ;
#2643=ORIENTED_EDGE('',*,*,#142,.T.) ;
#2652=ORIENTED_EDGE('',*,*,#1166,.T.) ;
#2653=ORIENTED_EDGE('',*,*,#2499,.F.) ;
#2654=ORIENTED_EDGE('',*,*,#1114,.F.) ;
#2655=ORIENTED_EDGE('',*,*,#163,.T.) ;
#2664=ORIENTED_EDGE('',*,*,#1126,.T.) ;
#2665=ORIENTED_EDGE('',*,*,#2494,.F.) ;
#2666=ORIENTED_EDGE('',*,*,#1074,.F.) ;
#2667=ORIENTED_EDGE('',*,*,#177,.T.) ;
#2676=ORIENTED_EDGE('',*,*,#704,.T.) ;
#2677=ORIENTED_EDGE('',*,*,#2489,.F.) ;
#2678=ORIENTED_EDGE('',*,*,#647,.F.) ;
#2679=ORIENTED_EDGE('',*,*,#310,.T.) ;
#2688=ORIENTED_EDGE('',*,*,#659,.T.) ;
#2689=ORIENTED_EDGE('',*,*,#2484,.F.) ;
#2690=ORIENTED_EDGE('',*,*,#607,.F.) ;
#2691=ORIENTED_EDGE('',*,*,#324,.T.) ;
#2695=ORIENTED_EDGE('',*,*,#588,.F.) ;
#2696=ORIENTED_EDGE('',*,*,#1730,.T.) ;
#2697=ORIENTED_EDGE('',*,*,#545,.T.) ;
#2698=ORIENTED_EDGE('',*,*,#345,.T.) ;
#412=FACE_BOUND('',#409,.T.) ;
#430=FACE_BOUND('',#427,.T.) ;
#448=FACE_BOUND('',#445,.T.) ;
#466=FACE_BOUND('',#463,.T.) ;
#532=FACE_BOUND('',#523,.T.) ;
#1786=FACE_BOUND('',#1781,.T.) ;
#1879=FACE_BOUND('',#1874,.T.) ;
#2530=FACE_BOUND('',#2521,.T.) ;
#2536=FACE_BOUND('',#2531,.T.) ;
#2542=FACE_BOUND('',#2537,.T.) ;
#2546=FACE_BOUND('',#2543,.T.) ;
#2550=FACE_BOUND('',#2547,.T.) ;
#2554=FACE_BOUND('',#2551,.T.) ;
#2558=FACE_BOUND('',#2555,.T.) ;
#51=CLOSED_SHELL('Closed Shell',(#533,#564,#595,#635,#666,#713,#732,#756,#775,#799,#823,#847,#871,#895,#914,#938,#957,#981,#1000,#1024,#1043,#1067,#1102,#1133,#1175,#1194,#1220,#1246,#1272,#1298,#1324,#1355,#1367,#1398,#1410,#1441,#1453,#1484,#1496,#1527,#1551,#1575,#1599,#1623,#1647,#1671,#1787,#1811,#1880,#1904,#1935,#1952,#1983,#2000,#2031,#2048,#2079,#2096,#2127,#2151,#2175,#2192,#2218,#2242,#2261,#2278,#2309,#2321,#2352,#2364,#2395,#2407,#2438,#2450,#2462,#2474,#2559,#2571,#2583,#2595,#2612,#2619,#2626,#2633,#2645,#2657,#2669,#2681,#2693,#2700)) ;
#59=VECTOR('Line Direction',#58,1.) ;
#68=VECTOR('Line Direction',#67,1.) ;
#75=VECTOR('Line Direction',#74,1.) ;
#82=VECTOR('Line Direction',#81,1.) ;
#89=VECTOR('Line Direction',#88,1.) ;
#96=VECTOR('Line Direction',#95,1.) ;
#103=VECTOR('Line Direction',#102,1.) ;
#110=VECTOR('Line Direction',#109,1.) ;
#117=VECTOR('Line Direction',#116,1.) ;
#124=VECTOR('Line Direction',#123,1.) ;
#131=VECTOR('Line Direction',#130,1.) ;
#138=VECTOR('Line Direction',#137,1.) ;
#145=VECTOR('Line Direction',#144,1.) ;
#152=VECTOR('Line Direction',#151,1.) ;
#166=VECTOR('Line Direction',#165,1.) ;
#180=VECTOR('Line Direction',#179,1.) ;
#187=VECTOR('Line Direction',#186,1.) ;
#194=VECTOR('Line Direction',#193,1.) ;
#201=VECTOR('Line Direction',#200,1.) ;
#208=VECTOR('Line Direction',#207,1.) ;
#215=VECTOR('Line Direction',#214,1.) ;
#222=VECTOR('Line Direction',#221,1.) ;
#229=VECTOR('Line Direction',#228,1.) ;
#236=VECTOR('Line Direction',#235,1.) ;
#243=VECTOR('Line Direction',#242,1.) ;
#250=VECTOR('Line Direction',#249,1.) ;
#257=VECTOR('Line Direction',#256,1.) ;
#264=VECTOR('Line Direction',#263,1.) ;
#271=VECTOR('Line Direction',#270,1.) ;
#278=VECTOR('Line Direction',#277,1.) ;
#285=VECTOR('Line Direction',#284,1.) ;
#292=VECTOR('Line Direction',#291,1.) ;
#299=VECTOR('Line Direction',#298,1.) ;
#313=VECTOR('Line Direction',#312,1.) ;
#327=VECTOR('Line Direction',#326,1.) ;
#334=VECTOR('Line Direction',#333,1.) ;
#341=VECTOR('Line Direction',#340,1.) ;
#348=VECTOR('Line Direction',#347,1.) ;
#478=VECTOR('Line Direction',#477,1.) ;
#492=VECTOR('Line Direction',#491,1.) ;
#506=VECTOR('Line Direction',#505,1.) ;
#520=VECTOR('Line Direction',#519,1.) ;
#541=VECTOR('Line Direction',#540,1.) ;
#548=VECTOR('Line Direction',#547,1.) ;
#555=VECTOR('Line Direction',#554,1.) ;
#572=VECTOR('Line Direction',#571,1.) ;
#579=VECTOR('Line Direction',#578,1.) ;
#586=VECTOR('Line Direction',#585,1.) ;
#603=VECTOR('Line Direction',#602,1.) ;
#610=VECTOR('Line Direction',#609,1.) ;
#617=VECTOR('Line Direction',#616,1.) ;
#624=VECTOR('Line Direction',#623,1.) ;
#643=VECTOR('Line Direction',#642,1.) ;
#650=VECTOR('Line Direction',#649,1.) ;
#657=VECTOR('Line Direction',#656,1.) ;
#674=VECTOR('Line Direction',#673,1.) ;
#681=VECTOR('Line Direction',#680,1.) ;
#688=VECTOR('Line Direction',#687,1.) ;
#695=VECTOR('Line Direction',#694,1.) ;
#702=VECTOR('Line Direction',#701,1.) ;
#716=VECTOR('Line Direction',#715,1.) ;
#723=VECTOR('Line Direction',#722,1.) ;
#740=VECTOR('Line Direction',#739,1.) ;
#747=VECTOR('Line Direction',#746,1.) ;
#759=VECTOR('Line Direction',#758,1.) ;
#766=VECTOR('Line Direction',#765,1.) ;
#783=VECTOR('Line Direction',#782,1.) ;
#790=VECTOR('Line Direction',#789,1.) ;
#807=VECTOR('Line Direction',#806,1.) ;
#814=VECTOR('Line Direction',#813,1.) ;
#831=VECTOR('Line Direction',#830,1.) ;
#838=VECTOR('Line Direction',#837,1.) ;
#855=VECTOR('Line Direction',#854,1.) ;
#862=VECTOR('Line Direction',#861,1.) ;
#879=VECTOR('Line Direction',#878,1.) ;
#886=VECTOR('Line Direction',#885,1.) ;
#898=VECTOR('Line Direction',#897,1.) ;
#905=VECTOR('Line Direction',#904,1.) ;
#922=VECTOR('Line Direction',#921,1.) ;
#929=VECTOR('Line Direction',#928,1.) ;
#941=VECTOR('Line Direction',#940,1.) ;
#948=VECTOR('Line Direction',#947,1.) ;
#965=VECTOR('Line Direction',#964,1.) ;
#972=VECTOR('Line Direction',#971,1.) ;
#984=VECTOR('Line Direction',#983,1.) ;
#991=VECTOR('Line Direction',#990,1.) ;
#1008=VECTOR('Line Direction',#1007,1.) ;
#1015=VECTOR('Line Direction',#1014,1.) ;
#1027=VECTOR('Line Direction',#1026,1.) ;
#1034=VECTOR('Line Direction',#1033,1.) ;
#1051=VECTOR('Line Direction',#1050,1.) ;
#1058=VECTOR('Line Direction',#1057,1.) ;
#1070=VECTOR('Line Direction',#1069,1.) ;
#1077=VECTOR('Line Direction',#1076,1.) ;
#1084=VECTOR('Line Direction',#1083,1.) ;
#1091=VECTOR('Line Direction',#1090,1.) ;
#1110=VECTOR('Line Direction',#1109,1.) ;
#1117=VECTOR('Line Direction',#1116,1.) ;
#1124=VECTOR('Line Direction',#1123,1.) ;
#1136=VECTOR('Line Direction',#1135,1.) ;
#1143=VECTOR('Line Direction',#1142,1.) ;
#1150=VECTOR('Line Direction',#1149,1.) ;
#1157=VECTOR('Line Direction',#1156,1.) ;
#1164=VECTOR('Line Direction',#1163,1.) ;
#1178=VECTOR('Line Direction',#1177,1.) ;
#1185=VECTOR('Line Direction',#1184,1.) ;
#1197=VECTOR('Line Direction',#1196,1.) ;
#1204=VECTOR('Line Direction',#1203,1.) ;
#1211=VECTOR('Line Direction',#1210,1.) ;
#1223=VECTOR('Line Direction',#1222,1.) ;
#1230=VECTOR('Line Direction',#1229,1.) ;
#1237=VECTOR('Line Direction',#1236,1.) ;
#1249=VECTOR('Line Direction',#1248,1.) ;
#1256=VECTOR('Line Direction',#1255,1.) ;
#1263=VECTOR('Line Direction',#1262,1.) ;
#1275=VECTOR('Line Direction',#1274,1.) ;
#1282=VECTOR('Line Direction',#1281,1.) ;
#1289=VECTOR('Line Direction',#1288,1.) ;
#1301=VECTOR('Line Direction',#1300,1.) ;
#1308=VECTOR('Line Direction',#1307,1.) ;
#1315=VECTOR('Line Direction',#1314,1.) ;
#1332=VECTOR('Line Direction',#1331,1.) ;
#1346=VECTOR('Line Direction',#1345,1.) ;
#1375=VECTOR('Line Direction',#1374,1.) ;
#1389=VECTOR('Line Direction',#1388,1.) ;
#1418=VECTOR('Line Direction',#1417,1.) ;
#1432=VECTOR('Line Direction',#1431,1.) ;
#1461=VECTOR('Line Direction',#1460,1.) ;
#1475=VECTOR('Line Direction',#1474,1.) ;
#1504=VECTOR('Line Direction',#1503,1.) ;
#1511=VECTOR('Line Direction',#1510,1.) ;
#1518=VECTOR('Line Direction',#1517,1.) ;
#1535=VECTOR('Line Direction',#1534,1.) ;
#1559=VECTOR('Line Direction',#1558,1.) ;
#1566=VECTOR('Line Direction',#1565,1.) ;
#1583=VECTOR('Line Direction',#1582,1.) ;
#1607=VECTOR('Line Direction',#1606,1.) ;
#1614=VECTOR('Line Direction',#1613,1.) ;
#1631=VECTOR('Line Direction',#1630,1.) ;
#1662=VECTOR('Line Direction',#1661,1.) ;
#1691=VECTOR('Line Direction',#1690,1.) ;
#1696=VECTOR('Line Direction',#1695,1.) ;
#1701=VECTOR('Line Direction',#1700,1.) ;
#1706=VECTOR('Line Direction',#1705,1.) ;
#1713=VECTOR('Line Direction',#1712,1.) ;
#1718=VECTOR('Line Direction',#1717,1.) ;
#1723=VECTOR('Line Direction',#1722,1.) ;
#1728=VECTOR('Line Direction',#1727,1.) ;
#1755=VECTOR('Line Direction',#1754,1.) ;
#1764=VECTOR('Line Direction',#1763,1.) ;
#1771=VECTOR('Line Direction',#1770,1.) ;
#1778=VECTOR('Line Direction',#1777,1.) ;
#1802=VECTOR('Line Direction',#1801,1.) ;
#1848=VECTOR('Line Direction',#1847,1.) ;
#1857=VECTOR('Line Direction',#1856,1.) ;
#1864=VECTOR('Line Direction',#1863,1.) ;
#1871=VECTOR('Line Direction',#1870,1.) ;
#1895=VECTOR('Line Direction',#1894,1.) ;
#1912=VECTOR('Line Direction',#1911,1.) ;
#1926=VECTOR('Line Direction',#1925,1.) ;
#1960=VECTOR('Line Direction',#1959,1.) ;
#1974=VECTOR('Line Direction',#1973,1.) ;
#2008=VECTOR('Line Direction',#2007,1.) ;
#2022=VECTOR('Line Direction',#2021,1.) ;
#2056=VECTOR('Line Direction',#2055,1.) ;
#2070=VECTOR('Line Direction',#2069,1.) ;
#2104=VECTOR('Line Direction',#2103,1.) ;
#2111=VECTOR('Line Direction',#2110,1.) ;
#2118=VECTOR('Line Direction',#2117,1.) ;
#2135=VECTOR('Line Direction',#2134,1.) ;
#2142=VECTOR('Line Direction',#2141,1.) ;
#2159=VECTOR('Line Direction',#2158,1.) ;
#2166=VECTOR('Line Direction',#2165,1.) ;
#2183=VECTOR('Line Direction',#2182,1.) ;
#2195=VECTOR('Line Direction',#2194,1.) ;
#2202=VECTOR('Line Direction',#2201,1.) ;
#2209=VECTOR('Line Direction',#2208,1.) ;
#2226=VECTOR('Line Direction',#2225,1.) ;
#2233=VECTOR('Line Direction',#2232,1.) ;
#2245=VECTOR('Line Direction',#2244,1.) ;
#2252=VECTOR('Line Direction',#2251,1.) ;
#2269=VECTOR('Line Direction',#2268,1.) ;
#2286=VECTOR('Line Direction',#2285,1.) ;
#2300=VECTOR('Line Direction',#2299,1.) ;
#2329=VECTOR('Line Direction',#2328,1.) ;
#2343=VECTOR('Line Direction',#2342,1.) ;
#2372=VECTOR('Line Direction',#2371,1.) ;
#2386=VECTOR('Line Direction',#2385,1.) ;
#2415=VECTOR('Line Direction',#2414,1.) ;
#2429=VECTOR('Line Direction',#2428,1.) ;
#2518=VECTOR('Line Direction',#2517,1.) ;
#2603=VECTOR('Line Direction',#2602,1.) ;
#2702=ADVANCED_BREP_SHAPE_REPRESENTATION('NONE',(#2701),#46) ;
#49=SHAPE_REPRESENTATION(' ',(#48),#46) ;
#533=ADVANCED_FACE('PartBody',(#394,#412,#430,#448,#466,#532),#56,.F.) ;
#564=ADVANCED_FACE('PartBody',(#563),#538,.T.) ;
#595=ADVANCED_FACE('PartBody',(#594),#569,.T.) ;
#635=ADVANCED_FACE('PartBody',(#634),#600,.F.) ;
#666=ADVANCED_FACE('PartBody',(#665),#640,.F.) ;
#713=ADVANCED_FACE('PartBody',(#712),#671,.F.) ;
#732=ADVANCED_FACE('PartBody',(#731),#569,.T.) ;
#756=ADVANCED_FACE('PartBody',(#755),#737,.T.) ;
#775=ADVANCED_FACE('PartBody',(#774),#538,.T.) ;
#799=ADVANCED_FACE('PartBody',(#798),#780,.T.) ;
#823=ADVANCED_FACE('PartBody',(#822),#804,.T.) ;
#847=ADVANCED_FACE('PartBody',(#846),#828,.T.) ;
#871=ADVANCED_FACE('PartBody',(#870),#852,.T.) ;
#895=ADVANCED_FACE('PartBody',(#894),#876,.T.) ;
#914=ADVANCED_FACE('PartBody',(#913),#876,.T.) ;
#938=ADVANCED_FACE('PartBody',(#937),#919,.T.) ;
#957=ADVANCED_FACE('PartBody',(#956),#828,.T.) ;
#981=ADVANCED_FACE('PartBody',(#980),#962,.T.) ;
#1000=ADVANCED_FACE('PartBody',(#999),#780,.T.) ;
#1024=ADVANCED_FACE('PartBody',(#1023),#1005,.T.) ;
#1043=ADVANCED_FACE('PartBody',(#1042),#737,.T.) ;
#1067=ADVANCED_FACE('PartBody',(#1066),#1048,.T.) ;
#1102=ADVANCED_FACE('PartBody',(#1101),#671,.F.) ;
#1133=ADVANCED_FACE('PartBody',(#1132),#1107,.F.) ;
#1175=ADVANCED_FACE('PartBody',(#1174),#600,.F.) ;
#1194=ADVANCED_FACE('PartBody',(#1193),#1048,.T.) ;
#1220=ADVANCED_FACE('PartBody',(#1219),#1005,.T.) ;
#1246=ADVANCED_FACE('PartBody',(#1245),#962,.T.) ;
#1272=ADVANCED_FACE('PartBody',(#1271),#919,.T.) ;
#1298=ADVANCED_FACE('PartBody',(#1297),#852,.T.) ;
#1324=ADVANCED_FACE('PartBody',(#1323),#804,.T.) ;
#1355=ADVANCED_FACE('PartBody',(#1354),#1329,.F.) ;
#1367=ADVANCED_FACE('PartBody',(#1366),#1329,.F.) ;
#1398=ADVANCED_FACE('PartBody',(#1397),#1372,.F.) ;
#1410=ADVANCED_FACE('PartBody',(#1409),#1372,.F.) ;
#1441=ADVANCED_FACE('PartBody',(#1440),#1415,.F.) ;
#1453=ADVANCED_FACE('PartBody',(#1452),#1415,.F.) ;
#1484=ADVANCED_FACE('PartBody',(#1483),#1458,.F.) ;
#1496=ADVANCED_FACE('PartBody',(#1495),#1458,.F.) ;
#1527=ADVANCED_FACE('PartBody',(#1526),#1501,.F.) ;
#1551=ADVANCED_FACE('PartBody',(#1550),#1532,.F.) ;
#1575=ADVANCED_FACE('PartBody',(#1574),#1556,.F.) ;
#1599=ADVANCED_FACE('PartBody',(#1598),#1580,.F.) ;
#1623=ADVANCED_FACE('PartBody',(#1622),#1604,.F.) ;
#1647=ADVANCED_FACE('PartBody',(#1646),#1628,.F.) ;
#1671=ADVANCED_FACE('PartBody',(#1670),#1652,.F.) ;
#1787=ADVANCED_FACE('PartBody',(#1752,#1786),#1676,.F.) ;
#1811=ADVANCED_FACE('PartBody',(#1810),#1792,.F.) ;
#1880=ADVANCED_FACE('PartBody',(#1845,#1879),#1676,.F.) ;
#1904=ADVANCED_FACE('PartBody',(#1903),#1885,.F.) ;
#1935=ADVANCED_FACE('PartBody',(#1934),#1909,.F.) ;
#1952=ADVANCED_FACE('PartBody',(#1951),#1940,.F.) ;
#1983=ADVANCED_FACE('PartBody',(#1982),#1957,.F.) ;
#2000=ADVANCED_FACE('PartBody',(#1999),#1988,.F.) ;
#2031=ADVANCED_FACE('PartBody',(#2030),#2005,.F.) ;
#2048=ADVANCED_FACE('PartBody',(#2047),#2036,.F.) ;
#2079=ADVANCED_FACE('PartBody',(#2078),#2053,.F.) ;
#2096=ADVANCED_FACE('PartBody',(#2095),#2084,.F.) ;
#2127=ADVANCED_FACE('PartBody',(#2126),#2101,.T.) ;
#2151=ADVANCED_FACE('PartBody',(#2150),#2132,.F.) ;
#2175=ADVANCED_FACE('PartBody',(#2174),#2156,.T.) ;
#2192=ADVANCED_FACE('PartBody',(#2191),#2180,.F.) ;
#2218=ADVANCED_FACE('PartBody',(#2217),#2132,.F.) ;
#2242=ADVANCED_FACE('PartBody',(#2241),#2223,.F.) ;
#2261=ADVANCED_FACE('PartBody',(#2260),#2180,.F.) ;
#2278=ADVANCED_FACE('PartBody',(#2277),#2266,.F.) ;
#2309=ADVANCED_FACE('PartBody',(#2308),#2283,.F.) ;
#2321=ADVANCED_FACE('PartBody',(#2320),#2283,.F.) ;
#2352=ADVANCED_FACE('PartBody',(#2351),#2326,.F.) ;
#2364=ADVANCED_FACE('PartBody',(#2363),#2326,.F.) ;
#2395=ADVANCED_FACE('PartBody',(#2394),#2369,.F.) ;
#2407=ADVANCED_FACE('PartBody',(#2406),#2369,.F.) ;
#2438=ADVANCED_FACE('PartBody',(#2437),#2412,.F.) ;
#2450=ADVANCED_FACE('PartBody',(#2449),#2412,.F.) ;
#2462=ADVANCED_FACE('PartBody',(#2461),#1792,.F.) ;
#2474=ADVANCED_FACE('PartBody',(#2473),#1885,.F.) ;
#2559=ADVANCED_FACE('PartBody',(#2515,#2530,#2536,#2542,#2546,#2550,#2554,#2558),#2479,.T.) ;
#2571=ADVANCED_FACE('PartBody',(#2570),#2564,.T.) ;
#2583=ADVANCED_FACE('PartBody',(#2582),#2576,.F.) ;
#2595=ADVANCED_FACE('PartBody',(#2594),#2588,.F.) ;
#2612=ADVANCED_FACE('PartBody',(#2611),#2600,.F.) ;
#2619=ADVANCED_FACE('PartBody',(#2618),#2600,.F.) ;
#2626=ADVANCED_FACE('PartBody',(#2625),#2588,.F.) ;
#2633=ADVANCED_FACE('PartBody',(#2632),#2576,.F.) ;
#2645=ADVANCED_FACE('PartBody',(#2644),#2638,.F.) ;
#2657=ADVANCED_FACE('PartBody',(#2656),#2650,.T.) ;
#2669=ADVANCED_FACE('PartBody',(#2668),#2662,.T.) ;
#2681=ADVANCED_FACE('PartBody',(#2680),#2674,.T.) ;
#2693=ADVANCED_FACE('PartBody',(#2692),#2686,.T.) ;
#2700=ADVANCED_FACE('PartBody',(#2699),#2638,.F.) ;
#4=APPLICATION_PROTOCOL_DEFINITION('international standard','config_control_design',1994,#1) ;
#32=APPROVAL_DATE_TIME(#13,#21) ;
#2701=MANIFOLD_SOLID_BREP('PartBody',#51) ;
#11=CALENDAR_DATE(2026,6,7) ;
#30=CC_DESIGN_APPROVAL(#21,(#16,#6,#14)) ;
#18=CC_DESIGN_DATE_AND_TIME_ASSIGNMENT(#13,#17,(#16)) ;
#29=CC_DESIGN_DATE_AND_TIME_ASSIGNMENT(#13,#28,(#14)) ;
#17=DATE_TIME_ROLE('classification_date') ;
#28=DATE_TIME_ROLE('creation_date') ;
#27=CC_DESIGN_PERSON_AND_ORGANIZATION_ASSIGNMENT(#25,#26,(#16)) ;
#33=CC_DESIGN_PERSON_AND_ORGANIZATION_ASSIGNMENT(#25,#34,(#6)) ;
#35=CC_DESIGN_PERSON_AND_ORGANIZATION_ASSIGNMENT(#25,#36,(#6,#14)) ;
#37=CC_DESIGN_PERSON_AND_ORGANIZATION_ASSIGNMENT(#25,#38,(#5)) ;
#26=PERSON_AND_ORGANIZATION_ROLE('classification_officer') ;
#34=PERSON_AND_ORGANIZATION_ROLE('design_supplier') ;
#36=PERSON_AND_ORGANIZATION_ROLE('creator') ;
#38=PERSON_AND_ORGANIZATION_ROLE('design_owner') ;
#39=CC_DESIGN_SECURITY_CLASSIFICATION(#16,(#6)) ;
#160=CIRCLE('generated circle',#159,7.5) ;
#174=CIRCLE('generated circle',#173,7.5) ;
#307=CIRCLE('generated circle',#306,7.5) ;
#321=CIRCLE('generated circle',#320,7.5) ;
#398=CIRCLE('generated circle',#397,1.75) ;
#407=CIRCLE('generated circle',#406,1.75) ;
#416=CIRCLE('generated circle',#415,1.75) ;
#425=CIRCLE('generated circle',#424,1.75) ;
#434=CIRCLE('generated circle',#433,1.75) ;
#443=CIRCLE('generated circle',#442,1.75) ;
#452=CIRCLE('generated circle',#451,1.75) ;
#461=CIRCLE('generated circle',#460,1.75) ;
#470=CIRCLE('generated circle',#469,4.) ;
#486=CIRCLE('generated circle',#485,4.) ;
#500=CIRCLE('generated circle',#499,4.) ;
#514=CIRCLE('generated circle',#513,4.) ;
#1340=CIRCLE('generated circle',#1339,1.75) ;
#1359=CIRCLE('generated circle',#1358,1.75) ;
#1383=CIRCLE('generated circle',#1382,1.75) ;
#1402=CIRCLE('generated circle',#1401,1.75) ;
#1426=CIRCLE('generated circle',#1425,1.75) ;
#1445=CIRCLE('generated circle',#1444,1.75) ;
#1469=CIRCLE('generated circle',#1468,1.75) ;
#1488=CIRCLE('generated circle',#1487,1.75) ;
#1543=CIRCLE('generated circle',#1542,4.) ;
#1591=CIRCLE('generated circle',#1590,4.) ;
#1639=CIRCLE('generated circle',#1638,4.) ;
#1656=CIRCLE('generated circle',#1655,4.) ;
#1680=CIRCLE('generated circle',#1679,11.) ;
#1687=CIRCLE('generated circle',#1686,11.) ;
#1796=CIRCLE('generated circle',#1795,11.) ;
#1815=CIRCLE('generated circle',#1814,11.) ;
#1822=CIRCLE('generated circle',#1821,11.) ;
#1889=CIRCLE('generated circle',#1888,11.) ;
#1920=CIRCLE('generated circle',#1919,3.) ;
#1944=CIRCLE('generated circle',#1943,3.) ;
#1968=CIRCLE('generated circle',#1967,3.) ;
#1992=CIRCLE('generated circle',#1991,3.) ;
#2016=CIRCLE('generated circle',#2015,3.) ;
#2040=CIRCLE('generated circle',#2039,3.) ;
#2064=CIRCLE('generated circle',#2063,3.) ;
#2088=CIRCLE('generated circle',#2087,3.) ;
#2294=CIRCLE('generated circle',#2293,3.) ;
#2313=CIRCLE('generated circle',#2312,3.) ;
#2337=CIRCLE('generated circle',#2336,3.) ;
#2356=CIRCLE('generated circle',#2355,3.) ;
#2380=CIRCLE('generated circle',#2379,3.) ;
#2399=CIRCLE('generated circle',#2398,3.) ;
#2423=CIRCLE('generated circle',#2422,3.) ;
#2442=CIRCLE('generated circle',#2441,3.) ;
#2454=CIRCLE('generated circle',#2453,11.) ;
#2466=CIRCLE('generated circle',#2465,11.) ;
#2483=CIRCLE('generated circle',#2482,7.5) ;
#2488=CIRCLE('generated circle',#2487,7.5) ;
#2493=CIRCLE('generated circle',#2492,7.5) ;
#2498=CIRCLE('generated circle',#2497,7.5) ;
#1909=CONICAL_SURFACE('Cone',#1908,0.,0.785398163397) ;
#1940=CONICAL_SURFACE('Cone',#1939,0.,0.785398163397) ;
#1957=CONICAL_SURFACE('Cone',#1956,0.,0.785398163397) ;
#1988=CONICAL_SURFACE('Cone',#1987,0.,0.785398163397) ;
#2005=CONICAL_SURFACE('Cone',#2004,0.,0.785398163397) ;
#2036=CONICAL_SURFACE('Cone',#2035,0.,0.785398163397) ;
#2053=CONICAL_SURFACE('Cone',#2052,0.,0.785398163397) ;
#2084=CONICAL_SURFACE('Cone',#2083,0.,0.785398163397) ;
#2703=SHAPE_REPRESENTATION_RELATIONSHIP(' ',' ',#49,#2702) ;
#1329=CYLINDRICAL_SURFACE('generated cylinder',#1328,1.75) ;
#1372=CYLINDRICAL_SURFACE('generated cylinder',#1371,1.75) ;
#1415=CYLINDRICAL_SURFACE('generated cylinder',#1414,1.75) ;
#1458=CYLINDRICAL_SURFACE('generated cylinder',#1457,1.75) ;
#1532=CYLINDRICAL_SURFACE('generated cylinder',#1531,4.) ;
#1580=CYLINDRICAL_SURFACE('generated cylinder',#1579,4.) ;
#1628=CYLINDRICAL_SURFACE('generated cylinder',#1627,4.) ;
#1652=CYLINDRICAL_SURFACE('generated cylinder',#1651,4.) ;
#1792=CYLINDRICAL_SURFACE('generated cylinder',#1791,11.) ;
#1885=CYLINDRICAL_SURFACE('generated cylinder',#1884,11.) ;
#2283=CYLINDRICAL_SURFACE('generated cylinder',#2282,3.) ;
#2326=CYLINDRICAL_SURFACE('generated cylinder',#2325,3.) ;
#2369=CYLINDRICAL_SURFACE('generated cylinder',#2368,3.) ;
#2412=CYLINDRICAL_SURFACE('generated cylinder',#2411,3.) ;
#2650=CYLINDRICAL_SURFACE('generated cylinder',#2649,7.5) ;
#2662=CYLINDRICAL_SURFACE('generated cylinder',#2661,7.5) ;
#2674=CYLINDRICAL_SURFACE('generated cylinder',#2673,7.5) ;
#2686=CYLINDRICAL_SURFACE('generated cylinder',#2685,7.5) ;
#3=DESIGN_CONTEXT(' ',#1,'design') ;
#65=EDGE_CURVE('',#62,#64,#60,.T.) ;
#72=EDGE_CURVE('',#62,#71,#69,.T.) ;
#79=EDGE_CURVE('',#78,#71,#76,.T.) ;
#86=EDGE_CURVE('',#78,#85,#83,.T.) ;
#93=EDGE_CURVE('',#92,#85,#90,.T.) ;
#100=EDGE_CURVE('',#99,#92,#97,.T.) ;
#107=EDGE_CURVE('',#99,#106,#104,.T.) ;
#114=EDGE_CURVE('',#113,#106,#111,.T.) ;
#121=EDGE_CURVE('',#113,#120,#118,.T.) ;
#128=EDGE_CURVE('',#127,#120,#125,.T.) ;
#135=EDGE_CURVE('',#127,#134,#132,.T.) ;
#142=EDGE_CURVE('',#141,#134,#139,.T.) ;
#149=EDGE_CURVE('',#141,#148,#146,.T.) ;
#156=EDGE_CURVE('',#148,#155,#153,.T.) ;
#163=EDGE_CURVE('',#162,#155,#160,.T.) ;
#170=EDGE_CURVE('',#162,#169,#167,.T.) ;
#177=EDGE_CURVE('',#176,#169,#174,.T.) ;
#184=EDGE_CURVE('',#176,#183,#181,.T.) ;
#191=EDGE_CURVE('',#183,#190,#188,.T.) ;
#198=EDGE_CURVE('',#190,#197,#195,.T.) ;
#205=EDGE_CURVE('',#197,#204,#202,.T.) ;
#212=EDGE_CURVE('',#204,#211,#209,.T.) ;
#219=EDGE_CURVE('',#211,#218,#216,.T.) ;
#226=EDGE_CURVE('',#218,#225,#223,.T.) ;
#233=EDGE_CURVE('',#225,#232,#230,.T.) ;
#240=EDGE_CURVE('',#232,#239,#237,.T.) ;
#247=EDGE_CURVE('',#239,#246,#244,.T.) ;
#254=EDGE_CURVE('',#246,#253,#251,.T.) ;
#261=EDGE_CURVE('',#253,#260,#258,.T.) ;
#268=EDGE_CURVE('',#260,#267,#265,.T.) ;
#275=EDGE_CURVE('',#267,#274,#272,.T.) ;
#282=EDGE_CURVE('',#274,#281,#279,.T.) ;
#289=EDGE_CURVE('',#281,#288,#286,.T.) ;
#296=EDGE_CURVE('',#288,#295,#293,.T.) ;
#303=EDGE_CURVE('',#295,#302,#300,.T.) ;
#310=EDGE_CURVE('',#309,#302,#307,.T.) ;
#317=EDGE_CURVE('',#309,#316,#314,.T.) ;
#324=EDGE_CURVE('',#323,#316,#321,.T.) ;
#331=EDGE_CURVE('',#323,#330,#328,.T.) ;
#338=EDGE_CURVE('',#330,#337,#335,.T.) ;
#345=EDGE_CURVE('',#344,#337,#342,.T.) ;
#350=EDGE_CURVE('',#344,#64,#349,.T.) ;
#403=EDGE_CURVE('',#400,#402,#398,.T.) ;
#408=EDGE_CURVE('',#402,#400,#407,.T.) ;
#421=EDGE_CURVE('',#418,#420,#416,.T.) ;
#426=EDGE_CURVE('',#420,#418,#425,.T.) ;
#439=EDGE_CURVE('',#436,#438,#434,.T.) ;
#444=EDGE_CURVE('',#438,#436,#443,.T.) ;
#457=EDGE_CURVE('',#454,#456,#452,.T.) ;
#462=EDGE_CURVE('',#456,#454,#461,.T.) ;
#475=EDGE_CURVE('',#472,#474,#470,.T.) ;
#482=EDGE_CURVE('',#481,#474,#479,.T.) ;
#489=EDGE_CURVE('',#481,#488,#486,.T.) ;
#496=EDGE_CURVE('',#488,#495,#493,.F.) ;
#503=EDGE_CURVE('',#495,#502,#500,.T.) ;
#510=EDGE_CURVE('',#502,#509,#507,.T.) ;
#517=EDGE_CURVE('',#509,#516,#514,.T.) ;
#522=EDGE_CURVE('',#516,#472,#521,.F.) ;
#545=EDGE_CURVE('',#544,#344,#542,.T.) ;
#552=EDGE_CURVE('',#544,#551,#549,.F.) ;
#557=EDGE_CURVE('',#551,#64,#556,.T.) ;
#576=EDGE_CURVE('',#575,#330,#573,.T.) ;
#583=EDGE_CURVE('',#575,#582,#580,.F.) ;
#588=EDGE_CURVE('',#582,#337,#587,.T.) ;
#607=EDGE_CURVE('',#323,#606,#604,.T.) ;
#614=EDGE_CURVE('',#613,#606,#611,.F.) ;
#621=EDGE_CURVE('',#613,#620,#618,.T.) ;
#626=EDGE_CURVE('',#620,#575,#625,.T.) ;
#647=EDGE_CURVE('',#309,#646,#644,.T.) ;
#654=EDGE_CURVE('',#653,#646,#651,.F.) ;
#659=EDGE_CURVE('',#316,#653,#658,.T.) ;
#678=EDGE_CURVE('',#677,#295,#675,.T.) ;
#685=EDGE_CURVE('',#677,#684,#682,.F.) ;
#692=EDGE_CURVE('',#691,#684,#689,.T.) ;
#699=EDGE_CURVE('',#698,#691,#696,.F.) ;
#704=EDGE_CURVE('',#302,#698,#703,.T.) ;
#720=EDGE_CURVE('',#719,#288,#717,.T.) ;
#725=EDGE_CURVE('',#719,#677,#724,.T.) ;
#744=EDGE_CURVE('',#743,#281,#741,.T.) ;
#749=EDGE_CURVE('',#743,#719,#748,.T.) ;
#763=EDGE_CURVE('',#762,#274,#760,.T.) ;
#768=EDGE_CURVE('',#762,#743,#767,.T.) ;
#787=EDGE_CURVE('',#786,#267,#784,.T.) ;
#792=EDGE_CURVE('',#786,#762,#791,.T.) ;
#811=EDGE_CURVE('',#810,#260,#808,.T.) ;
#816=EDGE_CURVE('',#810,#786,#815,.T.) ;
#835=EDGE_CURVE('',#834,#253,#832,.T.) ;
#840=EDGE_CURVE('',#834,#810,#839,.T.) ;
#859=EDGE_CURVE('',#858,#246,#856,.T.) ;
#864=EDGE_CURVE('',#858,#834,#863,.T.) ;
#883=EDGE_CURVE('',#882,#239,#880,.T.) ;
#888=EDGE_CURVE('',#882,#858,#887,.T.) ;
#902=EDGE_CURVE('',#901,#232,#899,.T.) ;
#907=EDGE_CURVE('',#901,#882,#906,.T.) ;
#926=EDGE_CURVE('',#925,#225,#923,.T.) ;
#931=EDGE_CURVE('',#925,#901,#930,.T.) ;
#945=EDGE_CURVE('',#944,#218,#942,.T.) ;
#950=EDGE_CURVE('',#944,#925,#949,.T.) ;
#969=EDGE_CURVE('',#968,#211,#966,.T.) ;
#974=EDGE_CURVE('',#968,#944,#973,.T.) ;
#988=EDGE_CURVE('',#987,#204,#985,.T.) ;
#993=EDGE_CURVE('',#987,#968,#992,.T.) ;
#1012=EDGE_CURVE('',#1011,#197,#1009,.T.) ;
#1017=EDGE_CURVE('',#1011,#987,#1016,.T.) ;
#1031=EDGE_CURVE('',#1030,#190,#1028,.T.) ;
#1036=EDGE_CURVE('',#1030,#1011,#1035,.T.) ;
#1055=EDGE_CURVE('',#1054,#183,#1052,.T.) ;
#1060=EDGE_CURVE('',#1054,#1030,#1059,.T.) ;
#1074=EDGE_CURVE('',#176,#1073,#1071,.T.) ;
#1081=EDGE_CURVE('',#1080,#1073,#1078,.F.) ;
#1088=EDGE_CURVE('',#1080,#1087,#1085,.T.) ;
#1093=EDGE_CURVE('',#1087,#1054,#1092,.F.) ;
#1114=EDGE_CURVE('',#162,#1113,#1111,.T.) ;
#1121=EDGE_CURVE('',#1120,#1113,#1118,.F.) ;
#1126=EDGE_CURVE('',#169,#1120,#1125,.T.) ;
#1140=EDGE_CURVE('',#1139,#148,#1137,.T.) ;
#1147=EDGE_CURVE('',#1139,#1146,#1144,.T.) ;
#1154=EDGE_CURVE('',#1153,#1146,#1151,.T.) ;
#1161=EDGE_CURVE('',#1160,#1153,#1158,.F.) ;
#1166=EDGE_CURVE('',#155,#1160,#1165,.T.) ;
#1182=EDGE_CURVE('',#1181,#141,#1179,.T.) ;
#1187=EDGE_CURVE('',#1181,#1139,#1186,.F.) ;
#1201=EDGE_CURVE('',#1200,#127,#1198,.T.) ;
#1208=EDGE_CURVE('',#1200,#1207,#1205,.F.) ;
#1213=EDGE_CURVE('',#1207,#134,#1212,.T.) ;
#1227=EDGE_CURVE('',#1226,#113,#1224,.T.) ;
#1234=EDGE_CURVE('',#1226,#1233,#1231,.F.) ;
#1239=EDGE_CURVE('',#1233,#120,#1238,.T.) ;
#1253=EDGE_CURVE('',#1252,#99,#1250,.T.) ;
#1260=EDGE_CURVE('',#1252,#1259,#1257,.F.) ;
#1265=EDGE_CURVE('',#1259,#106,#1264,.T.) ;
#1279=EDGE_CURVE('',#1278,#78,#1276,.T.) ;
#1286=EDGE_CURVE('',#1278,#1285,#1283,.F.) ;
#1291=EDGE_CURVE('',#1285,#85,#1290,.T.) ;
#1305=EDGE_CURVE('',#1304,#62,#1302,.T.) ;
#1312=EDGE_CURVE('',#1304,#1311,#1309,.F.) ;
#1317=EDGE_CURVE('',#1311,#71,#1316,.T.) ;
#1336=EDGE_CURVE('',#1335,#402,#1333,.F.) ;
#1343=EDGE_CURVE('',#1335,#1342,#1340,.T.) ;
#1348=EDGE_CURVE('',#1342,#400,#1347,.F.) ;
#1360=EDGE_CURVE('',#1342,#1335,#1359,.T.) ;
#1379=EDGE_CURVE('',#1378,#420,#1376,.F.) ;
#1386=EDGE_CURVE('',#1378,#1385,#1383,.T.) ;
#1391=EDGE_CURVE('',#1385,#418,#1390,.F.) ;
#1403=EDGE_CURVE('',#1385,#1378,#1402,.T.) ;
#1422=EDGE_CURVE('',#1421,#438,#1419,.F.) ;
#1429=EDGE_CURVE('',#1421,#1428,#1426,.T.) ;
#1434=EDGE_CURVE('',#1428,#436,#1433,.F.) ;
#1446=EDGE_CURVE('',#1428,#1421,#1445,.T.) ;
#1465=EDGE_CURVE('',#1464,#456,#1462,.F.) ;
#1472=EDGE_CURVE('',#1464,#1471,#1469,.T.) ;
#1477=EDGE_CURVE('',#1471,#454,#1476,.F.) ;
#1489=EDGE_CURVE('',#1471,#1464,#1488,.T.) ;
#1508=EDGE_CURVE('',#1507,#516,#1505,.T.) ;
#1515=EDGE_CURVE('',#1507,#1514,#1512,.F.) ;
#1520=EDGE_CURVE('',#1514,#472,#1519,.T.) ;
#1539=EDGE_CURVE('',#1538,#509,#1536,.F.) ;
#1544=EDGE_CURVE('',#1538,#1507,#1543,.T.) ;
#1563=EDGE_CURVE('',#1562,#502,#1560,.T.) ;
#1568=EDGE_CURVE('',#1562,#1538,#1567,.F.) ;
#1587=EDGE_CURVE('',#1586,#495,#1584,.F.) ;
#1592=EDGE_CURVE('',#1586,#1562,#1591,.T.) ;
#1611=EDGE_CURVE('',#1610,#488,#1608,.T.) ;
#1616=EDGE_CURVE('',#1610,#1586,#1615,.F.) ;
#1635=EDGE_CURVE('',#1634,#481,#1632,.F.) ;
#1640=EDGE_CURVE('',#1634,#1610,#1639,.T.) ;
#1659=EDGE_CURVE('',#1514,#1658,#1656,.T.) ;
#1664=EDGE_CURVE('',#1658,#474,#1663,.F.) ;
#1683=EDGE_CURVE('',#620,#1682,#1680,.T.) ;
#1688=EDGE_CURVE('',#1682,#1146,#1687,.T.) ;
#1693=EDGE_CURVE('',#1207,#1181,#1692,.F.) ;
#1698=EDGE_CURVE('',#1233,#1200,#1697,.F.) ;
#1703=EDGE_CURVE('',#1259,#1226,#1702,.F.) ;
#1710=EDGE_CURVE('',#1709,#1252,#1707,.F.) ;
#1715=EDGE_CURVE('',#1285,#1709,#1714,.F.) ;
#1720=EDGE_CURVE('',#1311,#1278,#1719,.F.) ;
#1725=EDGE_CURVE('',#551,#1304,#1724,.F.) ;
#1730=EDGE_CURVE('',#582,#544,#1729,.F.) ;
#1761=EDGE_CURVE('',#1758,#1760,#1756,.T.) ;
#1768=EDGE_CURVE('',#1760,#1767,#1765,.T.) ;
#1775=EDGE_CURVE('',#1767,#1774,#1772,.T.) ;
#1780=EDGE_CURVE('',#1774,#1758,#1779,.T.) ;
#1799=EDGE_CURVE('',#613,#1798,#1796,.T.) ;
#1804=EDGE_CURVE('',#1798,#1682,#1803,.F.) ;
#1818=EDGE_CURVE('',#1087,#1817,#1815,.T.) ;
#1823=EDGE_CURVE('',#1817,#684,#1822,.T.) ;
#1854=EDGE_CURVE('',#1851,#1853,#1849,.F.) ;
#1861=EDGE_CURVE('',#1853,#1860,#1858,.F.) ;
#1868=EDGE_CURVE('',#1860,#1867,#1865,.F.) ;
#1873=EDGE_CURVE('',#1867,#1851,#1872,.F.) ;
#1892=EDGE_CURVE('',#1080,#1891,#1889,.T.) ;
#1897=EDGE_CURVE('',#1891,#1817,#1896,.F.) ;
#1916=EDGE_CURVE('',#1335,#1915,#1913,.T.) ;
#1923=EDGE_CURVE('',#1915,#1922,#1920,.T.) ;
#1928=EDGE_CURVE('',#1342,#1922,#1927,.T.) ;
#1945=EDGE_CURVE('',#1922,#1915,#1944,.T.) ;
#1964=EDGE_CURVE('',#1378,#1963,#1961,.T.) ;
#1971=EDGE_CURVE('',#1963,#1970,#1968,.T.) ;
#1976=EDGE_CURVE('',#1385,#1970,#1975,.T.) ;
#1993=EDGE_CURVE('',#1970,#1963,#1992,.T.) ;
#2012=EDGE_CURVE('',#1421,#2011,#2009,.T.) ;
#2019=EDGE_CURVE('',#2011,#2018,#2016,.T.) ;
#2024=EDGE_CURVE('',#1428,#2018,#2023,.T.) ;
#2041=EDGE_CURVE('',#2018,#2011,#2040,.T.) ;
#2060=EDGE_CURVE('',#1464,#2059,#2057,.T.) ;
#2067=EDGE_CURVE('',#2059,#2066,#2064,.T.) ;
#2072=EDGE_CURVE('',#1471,#2066,#2071,.T.) ;
#2089=EDGE_CURVE('',#2066,#2059,#2088,.T.) ;
#2108=EDGE_CURVE('',#2107,#1774,#2105,.T.) ;
#2115=EDGE_CURVE('',#2107,#2114,#2112,.T.) ;
#2120=EDGE_CURVE('',#2114,#1758,#2119,.T.) ;
#2139=EDGE_CURVE('',#2138,#1767,#2136,.T.) ;
#2144=EDGE_CURVE('',#2138,#2107,#2143,.T.) ;
#2163=EDGE_CURVE('',#2162,#1760,#2160,.T.) ;
#2168=EDGE_CURVE('',#2162,#2138,#2167,.T.) ;
#2185=EDGE_CURVE('',#2114,#2162,#2184,.T.) ;
#2199=EDGE_CURVE('',#2198,#1867,#2196,.T.) ;
#2206=EDGE_CURVE('',#2198,#2205,#2203,.F.) ;
#2211=EDGE_CURVE('',#2205,#1851,#2210,.T.) ;
#2230=EDGE_CURVE('',#2229,#1860,#2227,.T.) ;
#2235=EDGE_CURVE('',#2229,#2198,#2234,.F.) ;
#2249=EDGE_CURVE('',#2248,#1853,#2246,.T.) ;
#2254=EDGE_CURVE('',#2248,#2229,#2253,.F.) ;
#2271=EDGE_CURVE('',#2205,#2248,#2270,.F.) ;
#2290=EDGE_CURVE('',#2289,#1915,#2287,.F.) ;
#2297=EDGE_CURVE('',#2289,#2296,#2294,.T.) ;
#2302=EDGE_CURVE('',#2296,#1922,#2301,.F.) ;
#2314=EDGE_CURVE('',#2296,#2289,#2313,.T.) ;
#2333=EDGE_CURVE('',#2332,#1963,#2330,.F.) ;
#2340=EDGE_CURVE('',#2332,#2339,#2337,.T.) ;
#2345=EDGE_CURVE('',#2339,#1970,#2344,.F.) ;
#2357=EDGE_CURVE('',#2339,#2332,#2356,.T.) ;
#2376=EDGE_CURVE('',#2375,#2011,#2373,.F.) ;
#2383=EDGE_CURVE('',#2375,#2382,#2380,.T.) ;
#2388=EDGE_CURVE('',#2382,#2018,#2387,.F.) ;
#2400=EDGE_CURVE('',#2382,#2375,#2399,.T.) ;
#2419=EDGE_CURVE('',#2418,#2059,#2416,.F.) ;
#2426=EDGE_CURVE('',#2418,#2425,#2423,.T.) ;
#2431=EDGE_CURVE('',#2425,#2066,#2430,.F.) ;
#2443=EDGE_CURVE('',#2425,#2418,#2442,.T.) ;
#2455=EDGE_CURVE('',#1798,#1153,#2454,.T.) ;
#2467=EDGE_CURVE('',#1891,#691,#2466,.T.) ;
#2484=EDGE_CURVE('',#606,#653,#2483,.T.) ;
#2489=EDGE_CURVE('',#646,#698,#2488,.T.) ;
#2494=EDGE_CURVE('',#1073,#1120,#2493,.T.) ;
#2499=EDGE_CURVE('',#1113,#1160,#2498,.T.) ;
#2520=EDGE_CURVE('',#1658,#1634,#2519,.F.) ;
#2605=EDGE_CURVE('',#1709,#92,#2604,.T.) ;
#351=EDGE_LOOP('',(#352,#353,#354,#355,#356,#357,#358,#359,#360,#361,#362,#363,#364,#365,#366,#367,#368,#369,#370,#371,#372,#373,#374,#375,#376,#377,#378,#379,#380,#381,#382,#383,#384,#385,#386,#387,#388,#389,#390,#391,#392,#393)) ;
#409=EDGE_LOOP('',(#410,#411)) ;
#427=EDGE_LOOP('',(#428,#429)) ;
#445=EDGE_LOOP('',(#446,#447)) ;
#463=EDGE_LOOP('',(#464,#465)) ;
#523=EDGE_LOOP('',(#524,#525,#526,#527,#528,#529,#530,#531)) ;
#558=EDGE_LOOP('',(#559,#560,#561,#562)) ;
#589=EDGE_LOOP('',(#590,#591,#592,#593)) ;
#627=EDGE_LOOP('',(#628,#629,#630,#631,#632,#633)) ;
#660=EDGE_LOOP('',(#661,#662,#663,#664)) ;
#705=EDGE_LOOP('',(#706,#707,#708,#709,#710,#711)) ;
#726=EDGE_LOOP('',(#727,#728,#729,#730)) ;
#750=EDGE_LOOP('',(#751,#752,#753,#754)) ;
#769=EDGE_LOOP('',(#770,#771,#772,#773)) ;
#793=EDGE_LOOP('',(#794,#795,#796,#797)) ;
#817=EDGE_LOOP('',(#818,#819,#820,#821)) ;
#841=EDGE_LOOP('',(#842,#843,#844,#845)) ;
#865=EDGE_LOOP('',(#866,#867,#868,#869)) ;
#889=EDGE_LOOP('',(#890,#891,#892,#893)) ;
#908=EDGE_LOOP('',(#909,#910,#911,#912)) ;
#932=EDGE_LOOP('',(#933,#934,#935,#936)) ;
#951=EDGE_LOOP('',(#952,#953,#954,#955)) ;
#975=EDGE_LOOP('',(#976,#977,#978,#979)) ;
#994=EDGE_LOOP('',(#995,#996,#997,#998)) ;
#1018=EDGE_LOOP('',(#1019,#1020,#1021,#1022)) ;
#1037=EDGE_LOOP('',(#1038,#1039,#1040,#1041)) ;
#1061=EDGE_LOOP('',(#1062,#1063,#1064,#1065)) ;
#1094=EDGE_LOOP('',(#1095,#1096,#1097,#1098,#1099,#1100)) ;
#1127=EDGE_LOOP('',(#1128,#1129,#1130,#1131)) ;
#1167=EDGE_LOOP('',(#1168,#1169,#1170,#1171,#1172,#1173)) ;
#1188=EDGE_LOOP('',(#1189,#1190,#1191,#1192)) ;
#1214=EDGE_LOOP('',(#1215,#1216,#1217,#1218)) ;
#1240=EDGE_LOOP('',(#1241,#1242,#1243,#1244)) ;
#1266=EDGE_LOOP('',(#1267,#1268,#1269,#1270)) ;
#1292=EDGE_LOOP('',(#1293,#1294,#1295,#1296)) ;
#1318=EDGE_LOOP('',(#1319,#1320,#1321,#1322)) ;
#1349=EDGE_LOOP('',(#1350,#1351,#1352,#1353)) ;
#1361=EDGE_LOOP('',(#1362,#1363,#1364,#1365)) ;
#1392=EDGE_LOOP('',(#1393,#1394,#1395,#1396)) ;
#1404=EDGE_LOOP('',(#1405,#1406,#1407,#1408)) ;
#1435=EDGE_LOOP('',(#1436,#1437,#1438,#1439)) ;
#1447=EDGE_LOOP('',(#1448,#1449,#1450,#1451)) ;
#1478=EDGE_LOOP('',(#1479,#1480,#1481,#1482)) ;
#1490=EDGE_LOOP('',(#1491,#1492,#1493,#1494)) ;
#1521=EDGE_LOOP('',(#1522,#1523,#1524,#1525)) ;
#1545=EDGE_LOOP('',(#1546,#1547,#1548,#1549)) ;
#1569=EDGE_LOOP('',(#1570,#1571,#1572,#1573)) ;
#1593=EDGE_LOOP('',(#1594,#1595,#1596,#1597)) ;
#1617=EDGE_LOOP('',(#1618,#1619,#1620,#1621)) ;
#1641=EDGE_LOOP('',(#1642,#1643,#1644,#1645)) ;
#1665=EDGE_LOOP('',(#1666,#1667,#1668,#1669)) ;
#1731=EDGE_LOOP('',(#1732,#1733,#1734,#1735,#1736,#1737,#1738,#1739,#1740,#1741,#1742,#1743,#1744,#1745,#1746,#1747,#1748,#1749,#1750,#1751)) ;
#1781=EDGE_LOOP('',(#1782,#1783,#1784,#1785)) ;
#1805=EDGE_LOOP('',(#1806,#1807,#1808,#1809)) ;
#1824=EDGE_LOOP('',(#1825,#1826,#1827,#1828,#1829,#1830,#1831,#1832,#1833,#1834,#1835,#1836,#1837,#1838,#1839,#1840,#1841,#1842,#1843,#1844)) ;
#1874=EDGE_LOOP('',(#1875,#1876,#1877,#1878)) ;
#1898=EDGE_LOOP('',(#1899,#1900,#1901,#1902)) ;
#1929=EDGE_LOOP('',(#1930,#1931,#1932,#1933)) ;
#1946=EDGE_LOOP('',(#1947,#1948,#1949,#1950)) ;
#1977=EDGE_LOOP('',(#1978,#1979,#1980,#1981)) ;
#1994=EDGE_LOOP('',(#1995,#1996,#1997,#1998)) ;
#2025=EDGE_LOOP('',(#2026,#2027,#2028,#2029)) ;
#2042=EDGE_LOOP('',(#2043,#2044,#2045,#2046)) ;
#2073=EDGE_LOOP('',(#2074,#2075,#2076,#2077)) ;
#2090=EDGE_LOOP('',(#2091,#2092,#2093,#2094)) ;
#2121=EDGE_LOOP('',(#2122,#2123,#2124,#2125)) ;
#2145=EDGE_LOOP('',(#2146,#2147,#2148,#2149)) ;
#2169=EDGE_LOOP('',(#2170,#2171,#2172,#2173)) ;
#2186=EDGE_LOOP('',(#2187,#2188,#2189,#2190)) ;
#2212=EDGE_LOOP('',(#2213,#2214,#2215,#2216)) ;
#2236=EDGE_LOOP('',(#2237,#2238,#2239,#2240)) ;
#2255=EDGE_LOOP('',(#2256,#2257,#2258,#2259)) ;
#2272=EDGE_LOOP('',(#2273,#2274,#2275,#2276)) ;
#2303=EDGE_LOOP('',(#2304,#2305,#2306,#2307)) ;
#2315=EDGE_LOOP('',(#2316,#2317,#2318,#2319)) ;
#2346=EDGE_LOOP('',(#2347,#2348,#2349,#2350)) ;
#2358=EDGE_LOOP('',(#2359,#2360,#2361,#2362)) ;
#2389=EDGE_LOOP('',(#2390,#2391,#2392,#2393)) ;
#2401=EDGE_LOOP('',(#2402,#2403,#2404,#2405)) ;
#2432=EDGE_LOOP('',(#2433,#2434,#2435,#2436)) ;
#2444=EDGE_LOOP('',(#2445,#2446,#2447,#2448)) ;
#2456=EDGE_LOOP('',(#2457,#2458,#2459,#2460)) ;
#2468=EDGE_LOOP('',(#2469,#2470,#2471,#2472)) ;
#2500=EDGE_LOOP('',(#2501,#2502,#2503,#2504,#2505,#2506,#2507,#2508,#2509,#2510,#2511,#2512,#2513,#2514)) ;
#2521=EDGE_LOOP('',(#2522,#2523,#2524,#2525,#2526,#2527,#2528,#2529)) ;
#2531=EDGE_LOOP('',(#2532,#2533,#2534,#2535)) ;
#2537=EDGE_LOOP('',(#2538,#2539,#2540,#2541)) ;
#2543=EDGE_LOOP('',(#2544,#2545)) ;
#2547=EDGE_LOOP('',(#2548,#2549)) ;
#2551=EDGE_LOOP('',(#2552,#2553)) ;
#2555=EDGE_LOOP('',(#2556,#2557)) ;
#2565=EDGE_LOOP('',(#2566,#2567,#2568,#2569)) ;
#2577=EDGE_LOOP('',(#2578,#2579,#2580,#2581)) ;
#2589=EDGE_LOOP('',(#2590,#2591,#2592,#2593)) ;
#2606=EDGE_LOOP('',(#2607,#2608,#2609,#2610)) ;
#2613=EDGE_LOOP('',(#2614,#2615,#2616,#2617)) ;
#2620=EDGE_LOOP('',(#2621,#2622,#2623,#2624)) ;
#2627=EDGE_LOOP('',(#2628,#2629,#2630,#2631)) ;
#2639=EDGE_LOOP('',(#2640,#2641,#2642,#2643)) ;
#2651=EDGE_LOOP('',(#2652,#2653,#2654,#2655)) ;
#2663=EDGE_LOOP('',(#2664,#2665,#2666,#2667)) ;
#2675=EDGE_LOOP('',(#2676,#2677,#2678,#2679)) ;
#2687=EDGE_LOOP('',(#2688,#2689,#2690,#2691)) ;
#2694=EDGE_LOOP('',(#2695,#2696,#2697,#2698)) ;
#394=FACE_OUTER_BOUND('',#351,.T.) ;
#563=FACE_OUTER_BOUND('',#558,.T.) ;
#594=FACE_OUTER_BOUND('',#589,.T.) ;
#634=FACE_OUTER_BOUND('',#627,.T.) ;
#665=FACE_OUTER_BOUND('',#660,.T.) ;
#712=FACE_OUTER_BOUND('',#705,.T.) ;
#731=FACE_OUTER_BOUND('',#726,.T.) ;
#755=FACE_OUTER_BOUND('',#750,.T.) ;
#774=FACE_OUTER_BOUND('',#769,.T.) ;
#798=FACE_OUTER_BOUND('',#793,.T.) ;
#822=FACE_OUTER_BOUND('',#817,.T.) ;
#846=FACE_OUTER_BOUND('',#841,.T.) ;
#870=FACE_OUTER_BOUND('',#865,.T.) ;
#894=FACE_OUTER_BOUND('',#889,.T.) ;
#913=FACE_OUTER_BOUND('',#908,.T.) ;
#937=FACE_OUTER_BOUND('',#932,.T.) ;
#956=FACE_OUTER_BOUND('',#951,.T.) ;
#980=FACE_OUTER_BOUND('',#975,.T.) ;
#999=FACE_OUTER_BOUND('',#994,.T.) ;
#1023=FACE_OUTER_BOUND('',#1018,.T.) ;
#1042=FACE_OUTER_BOUND('',#1037,.T.) ;
#1066=FACE_OUTER_BOUND('',#1061,.T.) ;
#1101=FACE_OUTER_BOUND('',#1094,.T.) ;
#1132=FACE_OUTER_BOUND('',#1127,.T.) ;
#1174=FACE_OUTER_BOUND('',#1167,.T.) ;
#1193=FACE_OUTER_BOUND('',#1188,.T.) ;
#1219=FACE_OUTER_BOUND('',#1214,.T.) ;
#1245=FACE_OUTER_BOUND('',#1240,.T.) ;
#1271=FACE_OUTER_BOUND('',#1266,.T.) ;
#1297=FACE_OUTER_BOUND('',#1292,.T.) ;
#1323=FACE_OUTER_BOUND('',#1318,.T.) ;
#1354=FACE_OUTER_BOUND('',#1349,.T.) ;
#1366=FACE_OUTER_BOUND('',#1361,.T.) ;
#1397=FACE_OUTER_BOUND('',#1392,.T.) ;
#1409=FACE_OUTER_BOUND('',#1404,.T.) ;
#1440=FACE_OUTER_BOUND('',#1435,.T.) ;
#1452=FACE_OUTER_BOUND('',#1447,.T.) ;
#1483=FACE_OUTER_BOUND('',#1478,.T.) ;
#1495=FACE_OUTER_BOUND('',#1490,.T.) ;
#1526=FACE_OUTER_BOUND('',#1521,.T.) ;
#1550=FACE_OUTER_BOUND('',#1545,.T.) ;
#1574=FACE_OUTER_BOUND('',#1569,.T.) ;
#1598=FACE_OUTER_BOUND('',#1593,.T.) ;
#1622=FACE_OUTER_BOUND('',#1617,.T.) ;
#1646=FACE_OUTER_BOUND('',#1641,.T.) ;
#1670=FACE_OUTER_BOUND('',#1665,.T.) ;
#1752=FACE_OUTER_BOUND('',#1731,.T.) ;
#1810=FACE_OUTER_BOUND('',#1805,.T.) ;
#1845=FACE_OUTER_BOUND('',#1824,.T.) ;
#1903=FACE_OUTER_BOUND('',#1898,.T.) ;
#1934=FACE_OUTER_BOUND('',#1929,.T.) ;
#1951=FACE_OUTER_BOUND('',#1946,.T.) ;
#1982=FACE_OUTER_BOUND('',#1977,.T.) ;
#1999=FACE_OUTER_BOUND('',#1994,.T.) ;
#2030=FACE_OUTER_BOUND('',#2025,.T.) ;
#2047=FACE_OUTER_BOUND('',#2042,.T.) ;
#2078=FACE_OUTER_BOUND('',#2073,.T.) ;
#2095=FACE_OUTER_BOUND('',#2090,.T.) ;
#2126=FACE_OUTER_BOUND('',#2121,.T.) ;
#2150=FACE_OUTER_BOUND('',#2145,.T.) ;
#2174=FACE_OUTER_BOUND('',#2169,.T.) ;
#2191=FACE_OUTER_BOUND('',#2186,.T.) ;
#2217=FACE_OUTER_BOUND('',#2212,.T.) ;
#2241=FACE_OUTER_BOUND('',#2236,.T.) ;
#2260=FACE_OUTER_BOUND('',#2255,.T.) ;
#2277=FACE_OUTER_BOUND('',#2272,.T.) ;
#2308=FACE_OUTER_BOUND('',#2303,.T.) ;
#2320=FACE_OUTER_BOUND('',#2315,.T.) ;
#2351=FACE_OUTER_BOUND('',#2346,.T.) ;
#2363=FACE_OUTER_BOUND('',#2358,.T.) ;
#2394=FACE_OUTER_BOUND('',#2389,.T.) ;
#2406=FACE_OUTER_BOUND('',#2401,.T.) ;
#2437=FACE_OUTER_BOUND('',#2432,.T.) ;
#2449=FACE_OUTER_BOUND('',#2444,.T.) ;
#2461=FACE_OUTER_BOUND('',#2456,.T.) ;
#2473=FACE_OUTER_BOUND('',#2468,.T.) ;
#2515=FACE_OUTER_BOUND('',#2500,.T.) ;
#2570=FACE_OUTER_BOUND('',#2565,.T.) ;
#2582=FACE_OUTER_BOUND('',#2577,.T.) ;
#2594=FACE_OUTER_BOUND('',#2589,.T.) ;
#2611=FACE_OUTER_BOUND('',#2606,.T.) ;
#2618=FACE_OUTER_BOUND('',#2613,.T.) ;
#2625=FACE_OUTER_BOUND('',#2620,.T.) ;
#2632=FACE_OUTER_BOUND('',#2627,.T.) ;
#2644=FACE_OUTER_BOUND('',#2639,.T.) ;
#2656=FACE_OUTER_BOUND('',#2651,.T.) ;
#2668=FACE_OUTER_BOUND('',#2663,.T.) ;
#2680=FACE_OUTER_BOUND('',#2675,.T.) ;
#2692=FACE_OUTER_BOUND('',#2687,.T.) ;
#2699=FACE_OUTER_BOUND('',#2694,.T.) ;
#45=UNCERTAINTY_MEASURE_WITH_UNIT(LENGTH_MEASURE(0.005),#41,'distance_accuracy_value','CONFUSED CURVE UNCERTAINTY') ;
#60=LINE('Line',#57,#59) ;
#69=LINE('Line',#66,#68) ;
#76=LINE('Line',#73,#75) ;
#83=LINE('Line',#80,#82) ;
#90=LINE('Line',#87,#89) ;
#97=LINE('Line',#94,#96) ;
#104=LINE('Line',#101,#103) ;
#111=LINE('Line',#108,#110) ;
#118=LINE('Line',#115,#117) ;
#125=LINE('Line',#122,#124) ;
#132=LINE('Line',#129,#131) ;
#139=LINE('Line',#136,#138) ;
#146=LINE('Line',#143,#145) ;
#153=LINE('Line',#150,#152) ;
#167=LINE('Line',#164,#166) ;
#181=LINE('Line',#178,#180) ;
#188=LINE('Line',#185,#187) ;
#195=LINE('Line',#192,#194) ;
#202=LINE('Line',#199,#201) ;
#209=LINE('Line',#206,#208) ;
#216=LINE('Line',#213,#215) ;
#223=LINE('Line',#220,#222) ;
#230=LINE('Line',#227,#229) ;
#237=LINE('Line',#234,#236) ;
#244=LINE('Line',#241,#243) ;
#251=LINE('Line',#248,#250) ;
#258=LINE('Line',#255,#257) ;
#265=LINE('Line',#262,#264) ;
#272=LINE('Line',#269,#271) ;
#279=LINE('Line',#276,#278) ;
#286=LINE('Line',#283,#285) ;
#293=LINE('Line',#290,#292) ;
#300=LINE('Line',#297,#299) ;
#314=LINE('Line',#311,#313) ;
#328=LINE('Line',#325,#327) ;
#335=LINE('Line',#332,#334) ;
#342=LINE('Line',#339,#341) ;
#349=LINE('Line',#346,#348) ;
#479=LINE('Line',#476,#478) ;
#493=LINE('Line',#490,#492) ;
#507=LINE('Line',#504,#506) ;
#521=LINE('Line',#518,#520) ;
#542=LINE('Line',#539,#541) ;
#549=LINE('Line',#546,#548) ;
#556=LINE('Line',#553,#555) ;
#573=LINE('Line',#570,#572) ;
#580=LINE('Line',#577,#579) ;
#587=LINE('Line',#584,#586) ;
#604=LINE('Line',#601,#603) ;
#611=LINE('Line',#608,#610) ;
#618=LINE('Line',#615,#617) ;
#625=LINE('Line',#622,#624) ;
#644=LINE('Line',#641,#643) ;
#651=LINE('Line',#648,#650) ;
#658=LINE('Line',#655,#657) ;
#675=LINE('Line',#672,#674) ;
#682=LINE('Line',#679,#681) ;
#689=LINE('Line',#686,#688) ;
#696=LINE('Line',#693,#695) ;
#703=LINE('Line',#700,#702) ;
#717=LINE('Line',#714,#716) ;
#724=LINE('Line',#721,#723) ;
#741=LINE('Line',#738,#740) ;
#748=LINE('Line',#745,#747) ;
#760=LINE('Line',#757,#759) ;
#767=LINE('Line',#764,#766) ;
#784=LINE('Line',#781,#783) ;
#791=LINE('Line',#788,#790) ;
#808=LINE('Line',#805,#807) ;
#815=LINE('Line',#812,#814) ;
#832=LINE('Line',#829,#831) ;
#839=LINE('Line',#836,#838) ;
#856=LINE('Line',#853,#855) ;
#863=LINE('Line',#860,#862) ;
#880=LINE('Line',#877,#879) ;
#887=LINE('Line',#884,#886) ;
#899=LINE('Line',#896,#898) ;
#906=LINE('Line',#903,#905) ;
#923=LINE('Line',#920,#922) ;
#930=LINE('Line',#927,#929) ;
#942=LINE('Line',#939,#941) ;
#949=LINE('Line',#946,#948) ;
#966=LINE('Line',#963,#965) ;
#973=LINE('Line',#970,#972) ;
#985=LINE('Line',#982,#984) ;
#992=LINE('Line',#989,#991) ;
#1009=LINE('Line',#1006,#1008) ;
#1016=LINE('Line',#1013,#1015) ;
#1028=LINE('Line',#1025,#1027) ;
#1035=LINE('Line',#1032,#1034) ;
#1052=LINE('Line',#1049,#1051) ;
#1059=LINE('Line',#1056,#1058) ;
#1071=LINE('Line',#1068,#1070) ;
#1078=LINE('Line',#1075,#1077) ;
#1085=LINE('Line',#1082,#1084) ;
#1092=LINE('Line',#1089,#1091) ;
#1111=LINE('Line',#1108,#1110) ;
#1118=LINE('Line',#1115,#1117) ;
#1125=LINE('Line',#1122,#1124) ;
#1137=LINE('Line',#1134,#1136) ;
#1144=LINE('Line',#1141,#1143) ;
#1151=LINE('Line',#1148,#1150) ;
#1158=LINE('Line',#1155,#1157) ;
#1165=LINE('Line',#1162,#1164) ;
#1179=LINE('Line',#1176,#1178) ;
#1186=LINE('Line',#1183,#1185) ;
#1198=LINE('Line',#1195,#1197) ;
#1205=LINE('Line',#1202,#1204) ;
#1212=LINE('Line',#1209,#1211) ;
#1224=LINE('Line',#1221,#1223) ;
#1231=LINE('Line',#1228,#1230) ;
#1238=LINE('Line',#1235,#1237) ;
#1250=LINE('Line',#1247,#1249) ;
#1257=LINE('Line',#1254,#1256) ;
#1264=LINE('Line',#1261,#1263) ;
#1276=LINE('Line',#1273,#1275) ;
#1283=LINE('Line',#1280,#1282) ;
#1290=LINE('Line',#1287,#1289) ;
#1302=LINE('Line',#1299,#1301) ;
#1309=LINE('Line',#1306,#1308) ;
#1316=LINE('Line',#1313,#1315) ;
#1333=LINE('Line',#1330,#1332) ;
#1347=LINE('Line',#1344,#1346) ;
#1376=LINE('Line',#1373,#1375) ;
#1390=LINE('Line',#1387,#1389) ;
#1419=LINE('Line',#1416,#1418) ;
#1433=LINE('Line',#1430,#1432) ;
#1462=LINE('Line',#1459,#1461) ;
#1476=LINE('Line',#1473,#1475) ;
#1505=LINE('Line',#1502,#1504) ;
#1512=LINE('Line',#1509,#1511) ;
#1519=LINE('Line',#1516,#1518) ;
#1536=LINE('Line',#1533,#1535) ;
#1560=LINE('Line',#1557,#1559) ;
#1567=LINE('Line',#1564,#1566) ;
#1584=LINE('Line',#1581,#1583) ;
#1608=LINE('Line',#1605,#1607) ;
#1615=LINE('Line',#1612,#1614) ;
#1632=LINE('Line',#1629,#1631) ;
#1663=LINE('Line',#1660,#1662) ;
#1692=LINE('Line',#1689,#1691) ;
#1697=LINE('Line',#1694,#1696) ;
#1702=LINE('Line',#1699,#1701) ;
#1707=LINE('Line',#1704,#1706) ;
#1714=LINE('Line',#1711,#1713) ;
#1719=LINE('Line',#1716,#1718) ;
#1724=LINE('Line',#1721,#1723) ;
#1729=LINE('Line',#1726,#1728) ;
#1756=LINE('Line',#1753,#1755) ;
#1765=LINE('Line',#1762,#1764) ;
#1772=LINE('Line',#1769,#1771) ;
#1779=LINE('Line',#1776,#1778) ;
#1803=LINE('Line',#1800,#1802) ;
#1849=LINE('Line',#1846,#1848) ;
#1858=LINE('Line',#1855,#1857) ;
#1865=LINE('Line',#1862,#1864) ;
#1872=LINE('Line',#1869,#1871) ;
#1896=LINE('Line',#1893,#1895) ;
#1913=LINE('Line',#1910,#1912) ;
#1927=LINE('Line',#1924,#1926) ;
#1961=LINE('Line',#1958,#1960) ;
#1975=LINE('Line',#1972,#1974) ;
#2009=LINE('Line',#2006,#2008) ;
#2023=LINE('Line',#2020,#2022) ;
#2057=LINE('Line',#2054,#2056) ;
#2071=LINE('Line',#2068,#2070) ;
#2105=LINE('Line',#2102,#2104) ;
#2112=LINE('Line',#2109,#2111) ;
#2119=LINE('Line',#2116,#2118) ;
#2136=LINE('Line',#2133,#2135) ;
#2143=LINE('Line',#2140,#2142) ;
#2160=LINE('Line',#2157,#2159) ;
#2167=LINE('Line',#2164,#2166) ;
#2184=LINE('Line',#2181,#2183) ;
#2196=LINE('Line',#2193,#2195) ;
#2203=LINE('Line',#2200,#2202) ;
#2210=LINE('Line',#2207,#2209) ;
#2227=LINE('Line',#2224,#2226) ;
#2234=LINE('Line',#2231,#2233) ;
#2246=LINE('Line',#2243,#2245) ;
#2253=LINE('Line',#2250,#2252) ;
#2270=LINE('Line',#2267,#2269) ;
#2287=LINE('Line',#2284,#2286) ;
#2301=LINE('Line',#2298,#2300) ;
#2330=LINE('Line',#2327,#2329) ;
#2344=LINE('Line',#2341,#2343) ;
#2373=LINE('Line',#2370,#2372) ;
#2387=LINE('Line',#2384,#2386) ;
#2416=LINE('Line',#2413,#2415) ;
#2430=LINE('Line',#2427,#2429) ;
#2519=LINE('Line',#2516,#2518) ;
#2604=LINE('Line',#2601,#2603) ;
#2=MECHANICAL_CONTEXT(' ',#1,'mechanical') ;
#24=PERSONAL_ADDRESS(' ',' ',' ',' ',' ',' ',' ',' ',' ',' ',' ',' ',(#22),' ') ;
#56=PLANE('Plane',#55) ;
#538=PLANE('Plane',#537) ;
#569=PLANE('Plane',#568) ;
#600=PLANE('Plane',#599) ;
#640=PLANE('Plane',#639) ;
#671=PLANE('Plane',#670) ;
#737=PLANE('Plane',#736) ;
#780=PLANE('Plane',#779) ;
#804=PLANE('Plane',#803) ;
#828=PLANE('Plane',#827) ;
#852=PLANE('Plane',#851) ;
#876=PLANE('Plane',#875) ;
#919=PLANE('Plane',#918) ;
#962=PLANE('Plane',#961) ;
#1005=PLANE('Plane',#1004) ;
#1048=PLANE('Plane',#1047) ;
#1107=PLANE('Plane',#1106) ;
#1501=PLANE('Plane',#1500) ;
#1556=PLANE('Plane',#1555) ;
#1604=PLANE('Plane',#1603) ;
#1676=PLANE('Plane',#1675) ;
#2101=PLANE('Plane',#2100) ;
#2132=PLANE('Plane',#2131) ;
#2156=PLANE('Plane',#2155) ;
#2180=PLANE('Plane',#2179) ;
#2223=PLANE('Plane',#2222) ;
#2266=PLANE('Plane',#2265) ;
#2479=PLANE('Plane',#2478) ;
#2564=PLANE('Plane',#2563) ;
#2576=PLANE('Plane',#2575) ;
#2588=PLANE('Plane',#2587) ;
#2600=PLANE('Plane',#2599) ;
#2638=PLANE('Plane',#2637) ;
#43=PLANE_ANGLE_MEASURE_WITH_UNIT(PLANE_ANGLE_MEASURE(0.0174532925199),#42) ;
#7=PRODUCT_CATEGORY('part',$) ;
#9=PRODUCT_CATEGORY_RELATIONSHIP(' ',' ',#7,#8) ;
#6=PRODUCT_DEFINITION_FORMATION_WITH_SPECIFIED_SOURCE('',' ',#5,.NOT_KNOWN.) ;
#8=PRODUCT_RELATED_PRODUCT_CATEGORY('detail',$,(#5)) ;
#50=SHAPE_DEFINITION_REPRESENTATION(#40,#49) ;
#62=VERTEX_POINT('',#61) ;
#64=VERTEX_POINT('',#63) ;
#71=VERTEX_POINT('',#70) ;
#78=VERTEX_POINT('',#77) ;
#85=VERTEX_POINT('',#84) ;
#92=VERTEX_POINT('',#91) ;
#99=VERTEX_POINT('',#98) ;
#106=VERTEX_POINT('',#105) ;
#113=VERTEX_POINT('',#112) ;
#120=VERTEX_POINT('',#119) ;
#127=VERTEX_POINT('',#126) ;
#134=VERTEX_POINT('',#133) ;
#141=VERTEX_POINT('',#140) ;
#148=VERTEX_POINT('',#147) ;
#155=VERTEX_POINT('',#154) ;
#162=VERTEX_POINT('',#161) ;
#169=VERTEX_POINT('',#168) ;
#176=VERTEX_POINT('',#175) ;
#183=VERTEX_POINT('',#182) ;
#190=VERTEX_POINT('',#189) ;
#197=VERTEX_POINT('',#196) ;
#204=VERTEX_POINT('',#203) ;
#211=VERTEX_POINT('',#210) ;
#218=VERTEX_POINT('',#217) ;
#225=VERTEX_POINT('',#224) ;
#232=VERTEX_POINT('',#231) ;
#239=VERTEX_POINT('',#238) ;
#246=VERTEX_POINT('',#245) ;
#253=VERTEX_POINT('',#252) ;
#260=VERTEX_POINT('',#259) ;
#267=VERTEX_POINT('',#266) ;
#274=VERTEX_POINT('',#273) ;
#281=VERTEX_POINT('',#280) ;
#288=VERTEX_POINT('',#287) ;
#295=VERTEX_POINT('',#294) ;
#302=VERTEX_POINT('',#301) ;
#309=VERTEX_POINT('',#308) ;
#316=VERTEX_POINT('',#315) ;
#323=VERTEX_POINT('',#322) ;
#330=VERTEX_POINT('',#329) ;
#337=VERTEX_POINT('',#336) ;
#344=VERTEX_POINT('',#343) ;
#400=VERTEX_POINT('',#399) ;
#402=VERTEX_POINT('',#401) ;
#418=VERTEX_POINT('',#417) ;
#420=VERTEX_POINT('',#419) ;
#436=VERTEX_POINT('',#435) ;
#438=VERTEX_POINT('',#437) ;
#454=VERTEX_POINT('',#453) ;
#456=VERTEX_POINT('',#455) ;
#472=VERTEX_POINT('',#471) ;
#474=VERTEX_POINT('',#473) ;
#481=VERTEX_POINT('',#480) ;
#488=VERTEX_POINT('',#487) ;
#495=VERTEX_POINT('',#494) ;
#502=VERTEX_POINT('',#501) ;
#509=VERTEX_POINT('',#508) ;
#516=VERTEX_POINT('',#515) ;
#544=VERTEX_POINT('',#543) ;
#551=VERTEX_POINT('',#550) ;
#575=VERTEX_POINT('',#574) ;
#582=VERTEX_POINT('',#581) ;
#606=VERTEX_POINT('',#605) ;
#613=VERTEX_POINT('',#612) ;
#620=VERTEX_POINT('',#619) ;
#646=VERTEX_POINT('',#645) ;
#653=VERTEX_POINT('',#652) ;
#677=VERTEX_POINT('',#676) ;
#684=VERTEX_POINT('',#683) ;
#691=VERTEX_POINT('',#690) ;
#698=VERTEX_POINT('',#697) ;
#719=VERTEX_POINT('',#718) ;
#743=VERTEX_POINT('',#742) ;
#762=VERTEX_POINT('',#761) ;
#786=VERTEX_POINT('',#785) ;
#810=VERTEX_POINT('',#809) ;
#834=VERTEX_POINT('',#833) ;
#858=VERTEX_POINT('',#857) ;
#882=VERTEX_POINT('',#881) ;
#901=VERTEX_POINT('',#900) ;
#925=VERTEX_POINT('',#924) ;
#944=VERTEX_POINT('',#943) ;
#968=VERTEX_POINT('',#967) ;
#987=VERTEX_POINT('',#986) ;
#1011=VERTEX_POINT('',#1010) ;
#1030=VERTEX_POINT('',#1029) ;
#1054=VERTEX_POINT('',#1053) ;
#1073=VERTEX_POINT('',#1072) ;
#1080=VERTEX_POINT('',#1079) ;
#1087=VERTEX_POINT('',#1086) ;
#1113=VERTEX_POINT('',#1112) ;
#1120=VERTEX_POINT('',#1119) ;
#1139=VERTEX_POINT('',#1138) ;
#1146=VERTEX_POINT('',#1145) ;
#1153=VERTEX_POINT('',#1152) ;
#1160=VERTEX_POINT('',#1159) ;
#1181=VERTEX_POINT('',#1180) ;
#1200=VERTEX_POINT('',#1199) ;
#1207=VERTEX_POINT('',#1206) ;
#1226=VERTEX_POINT('',#1225) ;
#1233=VERTEX_POINT('',#1232) ;
#1252=VERTEX_POINT('',#1251) ;
#1259=VERTEX_POINT('',#1258) ;
#1278=VERTEX_POINT('',#1277) ;
#1285=VERTEX_POINT('',#1284) ;
#1304=VERTEX_POINT('',#1303) ;
#1311=VERTEX_POINT('',#1310) ;
#1335=VERTEX_POINT('',#1334) ;
#1342=VERTEX_POINT('',#1341) ;
#1378=VERTEX_POINT('',#1377) ;
#1385=VERTEX_POINT('',#1384) ;
#1421=VERTEX_POINT('',#1420) ;
#1428=VERTEX_POINT('',#1427) ;
#1464=VERTEX_POINT('',#1463) ;
#1471=VERTEX_POINT('',#1470) ;
#1507=VERTEX_POINT('',#1506) ;
#1514=VERTEX_POINT('',#1513) ;
#1538=VERTEX_POINT('',#1537) ;
#1562=VERTEX_POINT('',#1561) ;
#1586=VERTEX_POINT('',#1585) ;
#1610=VERTEX_POINT('',#1609) ;
#1634=VERTEX_POINT('',#1633) ;
#1658=VERTEX_POINT('',#1657) ;
#1682=VERTEX_POINT('',#1681) ;
#1709=VERTEX_POINT('',#1708) ;
#1758=VERTEX_POINT('',#1757) ;
#1760=VERTEX_POINT('',#1759) ;
#1767=VERTEX_POINT('',#1766) ;
#1774=VERTEX_POINT('',#1773) ;
#1798=VERTEX_POINT('',#1797) ;
#1817=VERTEX_POINT('',#1816) ;
#1851=VERTEX_POINT('',#1850) ;
#1853=VERTEX_POINT('',#1852) ;
#1860=VERTEX_POINT('',#1859) ;
#1867=VERTEX_POINT('',#1866) ;
#1891=VERTEX_POINT('',#1890) ;
#1915=VERTEX_POINT('',#1914) ;
#1922=VERTEX_POINT('',#1921) ;
#1963=VERTEX_POINT('',#1962) ;
#1970=VERTEX_POINT('',#1969) ;
#2011=VERTEX_POINT('',#2010) ;
#2018=VERTEX_POINT('',#2017) ;
#2059=VERTEX_POINT('',#2058) ;
#2066=VERTEX_POINT('',#2065) ;
#2107=VERTEX_POINT('',#2106) ;
#2114=VERTEX_POINT('',#2113) ;
#2138=VERTEX_POINT('',#2137) ;
#2162=VERTEX_POINT('',#2161) ;
#2198=VERTEX_POINT('',#2197) ;
#2205=VERTEX_POINT('',#2204) ;
#2229=VERTEX_POINT('',#2228) ;
#2248=VERTEX_POINT('',#2247) ;
#2289=VERTEX_POINT('',#2288) ;
#2296=VERTEX_POINT('',#2295) ;
#2332=VERTEX_POINT('',#2331) ;
#2339=VERTEX_POINT('',#2338) ;
#2375=VERTEX_POINT('',#2374) ;
#2382=VERTEX_POINT('',#2381) ;
#2418=VERTEX_POINT('',#2417) ;
#2425=VERTEX_POINT('',#2424) ;
#41=(LENGTH_UNIT()NAMED_UNIT(*)SI_UNIT(.MILLI.,.METRE.)) ;
#42=(NAMED_UNIT(*)PLANE_ANGLE_UNIT()SI_UNIT($,.RADIAN.)) ;
#44=(NAMED_UNIT(*)SI_UNIT($,.STERADIAN.)SOLID_ANGLE_UNIT()) ;
#46=(GEOMETRIC_REPRESENTATION_CONTEXT(3)GLOBAL_UNCERTAINTY_ASSIGNED_CONTEXT((#45))GLOBAL_UNIT_ASSIGNED_CONTEXT((#41,#42,#44))REPRESENTATION_CONTEXT(' ',' ')) ;
ENDSEC;
END-ISO-10303-21;
