ISO-10303-21;
HEADER;
FILE_DESCRIPTION(('CATIA V5 STEP Exchange'),'2;1');

FILE_NAME('C:\\Users\\jon-g\\Andromeda\\Proyectos\\1_Activos\\LIA\\enclosure\\step\\Window.stp','2026-07-06T07:55:22+00:00',('none'),('none'),'CATIA Version 5 Release 20 GA (IN-10)','CATIA V5 STEP AP203','none');

FILE_SCHEMA(('CONFIG_CONTROL_DESIGN'));

ENDSEC;
/* file written by CATIA V5R20 */
DATA;
#5=PRODUCT('Window','','',(#2)) ;
#1=APPLICATION_CONTEXT('configuration controlled 3D design of mechanical parts and assemblies') ;
#14=PRODUCT_DEFINITION('',' ',#6,#3) ;
#16=SECURITY_CLASSIFICATION(' ',' ',#15) ;
#15=SECURITY_CLASSIFICATION_LEVEL('unclassified') ;
#47=CARTESIAN_POINT(' ',(0.,0.,0.)) ;
#52=CARTESIAN_POINT('Axis2P3D Location',(35.0000016547,-10.5000016547,0.)) ;
#58=CARTESIAN_POINT('Control Point',(41.1796043316,-14.75,1.50102152929E-013)) ;
#59=CARTESIAN_POINT('Control Point',(41.1796043316,-14.75,0.486097048382)) ;
#60=CARTESIAN_POINT('Control Point',(41.2366076576,-14.6671157545,0.972193853061)) ;
#61=CARTESIAN_POINT('Control Point',(41.3507179549,-14.5014171413,1.44764141627)) ;
#62=CARTESIAN_POINT('Control Point',(41.6180236534,-14.0652256429,2.28475994208)) ;
#63=CARTESIAN_POINT('Control Point',(41.9271796976,-13.4049359262,3.0600029665)) ;
#64=CARTESIAN_POINT('Control Point',(42.0641064255,-13.0640871459,3.39675387811)) ;
#65=CARTESIAN_POINT('Control Point',(42.3936088874,-12.0511850545,4.25492227718)) ;
#66=CARTESIAN_POINT('Control Point',(42.5619603339,-10.781189784,5.00287589075)) ;
#67=CARTESIAN_POINT('Control Point',(42.5612953746,-9.90225510267,5.42244110371)) ;
#68=CARTESIAN_POINT('Control Point',(42.4080589852,-8.96515764143,5.78323348751)) ;
#69=CARTESIAN_POINT('Control Point',(42.0809392546,-8.02809998072,6.08206080931)) ;
#70=CARTESIAN_POINT('Vertex',(41.1796043316,-14.75,1.50013975368E-013)) ;
#72=CARTESIAN_POINT('Vertex',(42.0809392546,-8.02809998072,6.08206080931)) ;
#76=CARTESIAN_POINT('Control Point',(41.1796043316,-14.75,1.487698853E-013)) ;
#77=CARTESIAN_POINT('Control Point',(41.1796043316,-14.75,-0.48609704836)) ;
#78=CARTESIAN_POINT('Control Point',(41.2366076576,-14.6671157545,-0.972193853016)) ;
#79=CARTESIAN_POINT('Control Point',(41.3507179549,-14.5014171413,-1.44764141619)) ;
#80=CARTESIAN_POINT('Control Point',(41.6180236534,-14.065225643,-2.28475994198)) ;
#81=CARTESIAN_POINT('Control Point',(41.9271796976,-13.4049359263,-3.06000296639)) ;
#82=CARTESIAN_POINT('Control Point',(42.0641064254,-13.0640871461,-3.39675387797)) ;
#83=CARTESIAN_POINT('Control Point',(42.3936088874,-12.0511850546,-4.2549222771)) ;
#84=CARTESIAN_POINT('Control Point',(42.5619603339,-10.7811897841,-5.00287589069)) ;
#85=CARTESIAN_POINT('Control Point',(42.5612953746,-9.90225510278,-5.42244110366)) ;
#86=CARTESIAN_POINT('Control Point',(42.4080589852,-8.96515764148,-5.78323348749)) ;
#87=CARTESIAN_POINT('Control Point',(42.0809392546,-8.02809998072,-6.08206080931)) ;
#88=CARTESIAN_POINT('Vertex',(42.0809392546,-8.02809998072,-6.08206080931)) ;
#91=CARTESIAN_POINT('Line Origine',(42.0809392546,-8.02809998072,0.)) ;
#102=CARTESIAN_POINT('Axis2P3D Location',(3.64291929955E-014,-7.79899378581E-044,0.)) ;
#111=CARTESIAN_POINT('Control Point',(39.75,14.75,-2.26332286246E-011)) ;
#112=CARTESIAN_POINT('Control Point',(39.7500000001,14.75,0.357875615683)) ;
#113=CARTESIAN_POINT('Control Point',(39.795081771,14.7050747775,0.715751131925)) ;
#114=CARTESIAN_POINT('Control Point',(39.8853284333,14.6150453588,1.06882057038)) ;
#115=CARTESIAN_POINT('Control Point',(40.1629973934,14.3145508623,1.85862251918)) ;
#116=CARTESIAN_POINT('Control Point',(40.5366293746,13.8139977639,2.5970824468)) ;
#117=CARTESIAN_POINT('Control Point',(40.7523731806,13.4742170888,2.99628359597)) ;
#118=CARTESIAN_POINT('Control Point',(41.2282054051,12.5385009978,3.90199310129)) ;
#119=CARTESIAN_POINT('Control Point',(41.5290307055,11.3135190915,4.70496011251)) ;
#120=CARTESIAN_POINT('Control Point',(41.6018559277,10.5200853827,5.1303524772)) ;
#121=CARTESIAN_POINT('Control Point',(41.5245212717,9.65728183286,5.50590817638)) ;
#122=CARTESIAN_POINT('Control Point',(41.2645273148,8.78540692168,5.8236766318)) ;
#123=CARTESIAN_POINT('Vertex',(39.75,14.75,1.45693911087E-013)) ;
#125=CARTESIAN_POINT('Vertex',(41.2645273148,8.78540692168,5.8236766318)) ;
#129=CARTESIAN_POINT('Control Point',(41.2645273148,-8.78540692168,5.8236766318)) ;
#130=CARTESIAN_POINT('Control Point',(40.1053479359,-7.43295712078,6.31659812633)) ;
#131=CARTESIAN_POINT('Control Point',(39.1452151978,-5.86130753998,6.74240661444)) ;
#132=CARTESIAN_POINT('Control Point',(38.4301970291,-4.08391839744,7.06310357676)) ;
#133=CARTESIAN_POINT('Control Point',(37.6555358879,-0.160139362319,7.41157957944)) ;
#134=CARTESIAN_POINT('Control Point',(38.320432339,3.80311841823,7.11248348308)) ;
#135=CARTESIAN_POINT('Control Point',(39.0455814029,5.69673316632,6.78665064034)) ;
#136=CARTESIAN_POINT('Control Point',(40.0448765387,7.36240330195,6.3423125697)) ;
#137=CARTESIAN_POINT('Control Point',(41.2645273148,8.78540692168,5.8236766318)) ;
#138=CARTESIAN_POINT('Vertex',(41.2645273148,-8.78540692168,5.8236766318)) ;
#142=CARTESIAN_POINT('Control Point',(39.75,-14.75,1.44884104714E-013)) ;
#143=CARTESIAN_POINT('Control Point',(39.7499999995,-14.75,0.357890024055)) ;
#144=CARTESIAN_POINT('Control Point',(39.7950852817,-14.70507116,0.71577992845)) ;
#145=CARTESIAN_POINT('Control Point',(39.8853177268,-14.6150353393,1.0688774946)) ;
#146=CARTESIAN_POINT('Control Point',(40.1630407127,-14.3145117068,1.85868602585)) ;
#147=CARTESIAN_POINT('Control Point',(40.5366260588,-13.8139948224,2.59706224057)) ;
#148=CARTESIAN_POINT('Control Point',(40.7525047307,-13.4739919478,2.99651326647)) ;
#149=CARTESIAN_POINT('Control Point',(41.2282640992,-12.53830488,3.90213291108)) ;
#150=CARTESIAN_POINT('Control Point',(41.5290414988,-11.3133942687,4.70503051784)) ;
#151=CARTESIAN_POINT('Control Point',(41.6018518102,-10.520041975,5.130371377)) ;
#152=CARTESIAN_POINT('Control Point',(41.5245147194,-9.65725986083,5.50591618443)) ;
#153=CARTESIAN_POINT('Control Point',(41.2645273148,-8.78540692168,5.8236766318)) ;
#154=CARTESIAN_POINT('Vertex',(39.75,-14.75,1.44806042157E-013)) ;
#157=CARTESIAN_POINT('Line Origine',(21.9100000002,-14.75,7.9816361854E-014)) ;
#163=CARTESIAN_POINT('Control Point',(42.0809392546,8.02809998072,6.08206080931)) ;
#164=CARTESIAN_POINT('Control Point',(41.5356614059,7.42230717404,6.27524789862)) ;
#165=CARTESIAN_POINT('Control Point',(41.0396889447,6.76785606707,6.45805960301)) ;
#166=CARTESIAN_POINT('Control Point',(40.5969341942,6.06743005681,6.62545048116)) ;
#167=CARTESIAN_POINT('Control Point',(39.7081228285,4.34636151647,6.967359254)) ;
#168=CARTESIAN_POINT('Control Point',(39.1700816112,2.44140210306,7.18172115323)) ;
#169=CARTESIAN_POINT('Control Point',(38.9910275953,1.31626816858,7.25368873481)) ;
#170=CARTESIAN_POINT('Control Point',(38.8873761364,-1.44426288939,7.29481867806)) ;
#171=CARTESIAN_POINT('Control Point',(39.5590591241,-4.12298595494,7.0268989277)) ;
#172=CARTESIAN_POINT('Control Point',(40.2092024607,-5.58487527843,6.770145436)) ;
#173=CARTESIAN_POINT('Control Point',(41.0583722266,-6.892048422,6.44434720741)) ;
#174=CARTESIAN_POINT('Control Point',(42.0809392546,-8.02809998072,6.08206080931)) ;
#175=CARTESIAN_POINT('Vertex',(42.0809392546,8.02809998072,6.08206080931)) ;
#179=CARTESIAN_POINT('Control Point',(41.1796043316,14.75,1.4788170688E-013)) ;
#180=CARTESIAN_POINT('Control Point',(41.1796043316,14.75,0.486097048385)) ;
#181=CARTESIAN_POINT('Control Point',(41.2366076576,14.6671157545,0.972193966462)) ;
#182=CARTESIAN_POINT('Control Point',(41.3507177151,14.5014169235,1.44764149849)) ;
#183=CARTESIAN_POINT('Control Point',(41.6180238511,14.0652258224,2.28475987429)) ;
#184=CARTESIAN_POINT('Control Point',(41.9271795346,13.4049357781,3.0600030224)) ;
#185=CARTESIAN_POINT('Control Point',(42.0641062378,13.064087097,3.39675391942)) ;
#186=CARTESIAN_POINT('Control Point',(42.3936091997,12.0511851358,4.25492220851)) ;
#187=CARTESIAN_POINT('Control Point',(42.5619598143,10.7811896485,5.00287600504)) ;
#188=CARTESIAN_POINT('Control Point',(42.5612955909,9.90225470531,5.42244116861)) ;
#189=CARTESIAN_POINT('Control Point',(42.4080589852,8.96515764143,5.78323348751)) ;
#190=CARTESIAN_POINT('Control Point',(42.0809392546,8.02809998072,6.08206080931)) ;
#191=CARTESIAN_POINT('Vertex',(41.1796043316,14.75,1.50901844297E-013)) ;
#194=CARTESIAN_POINT('Line Origine',(21.9100000002,14.75,8.07042307834E-014)) ;
#210=CARTESIAN_POINT('Axis2P3D Location',(3.64291929955E-014,-7.79899378581E-044,0.)) ;
#219=CARTESIAN_POINT('Control Point',(39.75,-14.75,1.43107747874E-013)) ;
#220=CARTESIAN_POINT('Control Point',(39.7499999995,-14.75,-0.357875662808)) ;
#221=CARTESIAN_POINT('Control Point',(39.7950816637,-14.7050747657,-0.715751223455)) ;
#222=CARTESIAN_POINT('Control Point',(39.8853285049,-14.6150452877,-1.0688208485)) ;
#223=CARTESIAN_POINT('Control Point',(40.162997553,-14.3145506771,-1.85862286597)) ;
#224=CARTESIAN_POINT('Control Point',(40.5366295156,-13.8139975442,-2.59708270254)) ;
#225=CARTESIAN_POINT('Control Point',(40.75237321,-13.4742170355,-2.99628364457)) ;
#226=CARTESIAN_POINT('Control Point',(41.2282053845,-12.5385010172,-3.90199307359)) ;
#227=CARTESIAN_POINT('Control Point',(41.5290306796,-11.3135192141,-4.70496003538)) ;
#228=CARTESIAN_POINT('Control Point',(41.6018558562,-10.5200854103,-5.13035247497)) ;
#229=CARTESIAN_POINT('Control Point',(41.5245212536,-9.65728177689,-5.50590819678)) ;
#230=CARTESIAN_POINT('Control Point',(41.2645273148,-8.78540692168,-5.8236766318)) ;
#231=CARTESIAN_POINT('Vertex',(41.2645273148,-8.78540692168,-5.8236766318)) ;
#235=CARTESIAN_POINT('Control Point',(41.2645273148,8.78540692168,-5.8236766318)) ;
#236=CARTESIAN_POINT('Control Point',(40.6107548312,8.02263070069,-6.10168236228)) ;
#237=CARTESIAN_POINT('Control Point',(40.0202974242,7.19012895306,-6.35834000271)) ;
#238=CARTESIAN_POINT('Control Point',(39.5017599682,6.29077837497,-6.58665340028)) ;
#239=CARTESIAN_POINT('Control Point',(38.6351021678,4.37761105381,-6.97122372363)) ;
#240=CARTESIAN_POINT('Control Point',(38.1445132533,2.28451896087,-7.19159594651)) ;
#241=CARTESIAN_POINT('Control Point',(38.0033738811,1.2091203665,-7.25515142656)) ;
#242=CARTESIAN_POINT('Control Point',(37.9209432625,-1.66768100652,-7.29208151633)) ;
#243=CARTESIAN_POINT('Control Point',(38.5909279192,-4.47169965626,-6.99102087136)) ;
#244=CARTESIAN_POINT('Control Point',(39.2872422742,-6.09085613245,-6.67953320639)) ;
#245=CARTESIAN_POINT('Control Point',(40.1904359721,-7.53223191622,-6.28041587357)) ;
#246=CARTESIAN_POINT('Control Point',(41.2645273148,-8.78540692168,-5.8236766318)) ;
#247=CARTESIAN_POINT('Vertex',(41.2645273148,8.78540692168,-5.8236766318)) ;
#251=CARTESIAN_POINT('Control Point',(39.75,14.75,2.29247731909E-011)) ;
#252=CARTESIAN_POINT('Control Point',(39.7500000001,14.75,-0.357889867612)) ;
#253=CARTESIAN_POINT('Control Point',(39.7950852753,14.7050711993,-0.715779618957)) ;
#254=CARTESIAN_POINT('Control Point',(39.8853176196,14.6150354563,-1.068877037)) ;
#255=CARTESIAN_POINT('Control Point',(40.1630403828,14.3145120668,-1.85868527392)) ;
#256=CARTESIAN_POINT('Control Point',(40.5366255444,13.8139955747,-2.59706123323)) ;
#257=CARTESIAN_POINT('Control Point',(40.7525041205,13.4739929477,-2.99651214485)) ;
#258=CARTESIAN_POINT('Control Point',(41.2282635275,12.538306348,-3.90213175322)) ;
#259=CARTESIAN_POINT('Control Point',(41.5290412151,11.3133962336,-4.70502938193)) ;
#260=CARTESIAN_POINT('Control Point',(41.6018525249,10.5200422416,-5.13037127557)) ;
#261=CARTESIAN_POINT('Control Point',(41.5245147285,9.65725989119,-5.50591617337)) ;
#262=CARTESIAN_POINT('Control Point',(41.2645273148,8.78540692168,-5.8236766318)) ;
#265=CARTESIAN_POINT('Control Point',(41.1796043316,14.75,1.4788170688E-013)) ;
#266=CARTESIAN_POINT('Control Point',(41.1796043316,14.75,-0.486097048451)) ;
#267=CARTESIAN_POINT('Control Point',(41.2366076576,14.6671157545,-0.972193966593)) ;
#268=CARTESIAN_POINT('Control Point',(41.3507177152,14.5014169235,-1.44764149871)) ;
#269=CARTESIAN_POINT('Control Point',(41.6180238513,14.0652258222,-2.28475987458)) ;
#270=CARTESIAN_POINT('Control Point',(41.9271795348,13.4049357778,-3.06000302275)) ;
#271=CARTESIAN_POINT('Control Point',(42.0641062379,13.0640870966,-3.39675391974)) ;
#272=CARTESIAN_POINT('Control Point',(42.3936091998,12.0511851355,-4.25492220875)) ;
#273=CARTESIAN_POINT('Control Point',(42.5619598143,10.7811896482,-5.00287600522)) ;
#274=CARTESIAN_POINT('Control Point',(42.5612955909,9.90225470509,-5.4224411687)) ;
#275=CARTESIAN_POINT('Control Point',(42.4080589852,8.96515764132,-5.78323348754)) ;
#276=CARTESIAN_POINT('Control Point',(42.0809392546,8.02809998072,-6.08206080931)) ;
#277=CARTESIAN_POINT('Vertex',(42.0809392546,8.02809998072,-6.08206080931)) ;
#281=CARTESIAN_POINT('Control Point',(42.0809392546,8.02809998072,-6.08206080931)) ;
#282=CARTESIAN_POINT('Control Point',(41.5356614059,7.42230717403,-6.27524789862)) ;
#283=CARTESIAN_POINT('Control Point',(41.0396889447,6.76785606704,-6.45805960302)) ;
#284=CARTESIAN_POINT('Control Point',(40.5969341943,6.06743005684,-6.62545048115)) ;
#285=CARTESIAN_POINT('Control Point',(39.7081228285,4.34636151649,-6.967359254)) ;
#286=CARTESIAN_POINT('Control Point',(39.1700816112,2.44140210306,-7.18172115323)) ;
#287=CARTESIAN_POINT('Control Point',(38.9910275952,1.31626816858,-7.25368873481)) ;
#288=CARTESIAN_POINT('Control Point',(38.8873761364,-1.44426288938,-7.29481867806)) ;
#289=CARTESIAN_POINT('Control Point',(39.5590591241,-4.12298595491,-7.0268989277)) ;
#290=CARTESIAN_POINT('Control Point',(40.2092024607,-5.58487527845,-6.77014543599)) ;
#291=CARTESIAN_POINT('Control Point',(41.0583722266,-6.89204842201,-6.44434720741)) ;
#292=CARTESIAN_POINT('Control Point',(42.0809392546,-8.02809998072,-6.08206080931)) ;
#305=CARTESIAN_POINT('Axis2P3D Location',(50.9999981006,-7.04431769815E-017,0.)) ;
#310=CARTESIAN_POINT('Line Origine',(42.0809392546,8.02809998072,0.)) ;
#322=CARTESIAN_POINT('Axis2P3D Location',(35.0000016547,10.5000016547,0.)) ;
#333=CARTESIAN_POINT('Axis2P3D Location',(35.0000016547,-10.5000016547,0.)) ;
#339=CARTESIAN_POINT('Control Point',(39.6837493586,-14.25,2.85105272724E-013)) ;
#340=CARTESIAN_POINT('Control Point',(39.6837493577,-14.2500000011,-0.385192491191)) ;
#341=CARTESIAN_POINT('Control Point',(39.7322199176,-14.1894602748,-0.77034945425)) ;
#342=CARTESIAN_POINT('Control Point',(39.8281229273,-14.068976927,-1.13410710074)) ;
#343=CARTESIAN_POINT('Control Point',(40.0581839029,-13.7478248686,-1.82295783788)) ;
#344=CARTESIAN_POINT('Control Point',(40.3237669823,-13.2883226012,-2.43150461025)) ;
#345=CARTESIAN_POINT('Control Point',(40.455493815,-13.0256261151,-2.72414823903)) ;
#346=CARTESIAN_POINT('Control Point',(40.8179213375,-12.1648126561,-3.55171534256)) ;
#347=CARTESIAN_POINT('Control Point',(41.0360618081,-11.1092595288,-4.24502337469)) ;
#348=CARTESIAN_POINT('Control Point',(41.0740766488,-10.3479325349,-4.65184309218)) ;
#349=CARTESIAN_POINT('Control Point',(40.9804799779,-9.55898950148,-4.99967272726)) ;
#350=CARTESIAN_POINT('Control Point',(40.7497968723,-8.78540692164,-5.29052322745)) ;
#351=CARTESIAN_POINT('Vertex',(39.6837493586,-14.25,2.85216295026E-013)) ;
#353=CARTESIAN_POINT('Vertex',(40.7497968724,-8.78540692168,-5.29052322743)) ;
#357=CARTESIAN_POINT('Control Point',(39.6837493586,-14.25,2.86770607261E-013)) ;
#358=CARTESIAN_POINT('Control Point',(39.6837493577,-14.2500000011,0.385171619334)) ;
#359=CARTESIAN_POINT('Control Point',(39.7322146948,-14.1894667981,0.770307633721)) ;
#360=CARTESIAN_POINT('Control Point',(39.8281656595,-14.0689203487,1.13425151433)) ;
#361=CARTESIAN_POINT('Control Point',(40.0582372584,-13.7477421157,1.82308758452)) ;
#362=CARTESIAN_POINT('Control Point',(40.3238056315,-13.2882481044,2.43159441697)) ;
#363=CARTESIAN_POINT('Control Point',(40.4555320791,-13.0255428036,2.72422919946)) ;
#364=CARTESIAN_POINT('Control Point',(40.8179376601,-12.1647457594,3.55176104674)) ;
#365=CARTESIAN_POINT('Control Point',(41.0360613012,-11.1092192018,4.24504826972)) ;
#366=CARTESIAN_POINT('Control Point',(41.0740693429,-10.3478705584,4.65187185528)) ;
#367=CARTESIAN_POINT('Control Point',(40.9804708789,-9.55895898856,4.9996843052)) ;
#368=CARTESIAN_POINT('Control Point',(40.7497968723,-8.78540692164,5.29052323382)) ;
#369=CARTESIAN_POINT('Vertex',(40.7497968724,-8.78540692168,5.29052323379)) ;
#372=CARTESIAN_POINT('Line Origine',(40.7497968724,-8.78540692168,0.)) ;
#383=CARTESIAN_POINT('Axis2P3D Location',(50.9999981006,7.04431769815E-017,0.)) ;
#389=CARTESIAN_POINT('Control Point',(40.7497968724,-8.78540692172,5.29052323379)) ;
#390=CARTESIAN_POINT('Control Point',(40.7012998333,-8.7288239525,5.31179721243)) ;
#391=CARTESIAN_POINT('Control Point',(40.6531835027,-8.67173646776,5.33293195143)) ;
#392=CARTESIAN_POINT('Control Point',(40.6054943978,-8.61419135907,5.35390516489)) ;
#393=CARTESIAN_POINT('Vertex',(40.6054943978,-8.61419135907,5.35390516489)) ;
#397=CARTESIAN_POINT('Control Point',(40.6054943978,-8.61419135907,5.35390516489)) ;
#398=CARTESIAN_POINT('Control Point',(39.4518230309,-7.22208839839,5.86127888638)) ;
#399=CARTESIAN_POINT('Control Point',(38.506415305,-5.60694208081,6.28992684787)) ;
#400=CARTESIAN_POINT('Control Point',(37.8364096475,-3.80827925323,6.59609237278)) ;
#401=CARTESIAN_POINT('Control Point',(37.1649034618,-0.00395160464138,6.90330474842)) ;
#402=CARTESIAN_POINT('Control Point',(37.8337775649,3.80121712405,6.5972972967)) ;
#403=CARTESIAN_POINT('Control Point',(38.5039509923,5.60273243975,6.29104411924)) ;
#404=CARTESIAN_POINT('Control Point',(39.4503209334,7.22027585939,5.86193949411)) ;
#405=CARTESIAN_POINT('Control Point',(40.6054943978,8.61419135907,5.35390516489)) ;
#406=CARTESIAN_POINT('Vertex',(40.6054943978,8.61419135907,5.35390516489)) ;
#410=CARTESIAN_POINT('Control Point',(40.7497968724,8.7854069217,5.29052322543)) ;
#411=CARTESIAN_POINT('Control Point',(40.7012998336,8.72882395286,5.31179721233)) ;
#412=CARTESIAN_POINT('Control Point',(40.653183503,8.67173646809,5.33293195128)) ;
#413=CARTESIAN_POINT('Control Point',(40.6054943978,8.61419135907,5.35390516489)) ;
#414=CARTESIAN_POINT('Vertex',(40.7497968724,8.78540692168,5.29052322545)) ;
#417=CARTESIAN_POINT('Line Origine',(40.7497968724,8.78540692168,0.)) ;
#421=CARTESIAN_POINT('Vertex',(40.7497968724,8.78540692168,-5.29052324213)) ;
#425=CARTESIAN_POINT('Control Point',(40.7497968724,8.7854069217,-5.29052324211)) ;
#426=CARTESIAN_POINT('Control Point',(40.701299831,8.7288239498,-5.31179721678)) ;
#427=CARTESIAN_POINT('Control Point',(40.6531835004,8.67173646492,-5.33293195242)) ;
#428=CARTESIAN_POINT('Control Point',(40.6054943978,8.61419135907,-5.35390516489)) ;
#429=CARTESIAN_POINT('Vertex',(40.6054943978,8.61419135907,-5.35390516489)) ;
#433=CARTESIAN_POINT('Control Point',(40.6054943978,8.61419135907,-5.35390516489)) ;
#434=CARTESIAN_POINT('Control Point',(39.4517119789,7.22195439509,-5.86132772608)) ;
#435=CARTESIAN_POINT('Control Point',(38.5062307236,5.60662802581,-6.29001014305)) ;
#436=CARTESIAN_POINT('Control Point',(37.8376854339,3.80922217471,-6.59615993495)) ;
#437=CARTESIAN_POINT('Control Point',(37.1654384518,0.0120326676082,-6.90321260804)) ;
#438=CARTESIAN_POINT('Control Point',(37.8314434754,-3.79425850071,-6.59815488553)) ;
#439=CARTESIAN_POINT('Control Point',(38.5027148032,-5.60061792693,-6.29160467789)) ;
#440=CARTESIAN_POINT('Control Point',(39.4495647593,-7.21936340529,-5.86227205264)) ;
#441=CARTESIAN_POINT('Control Point',(40.6054943978,-8.61419135907,-5.35390516489)) ;
#442=CARTESIAN_POINT('Vertex',(40.6054943978,-8.61419135907,-5.35390516489)) ;
#446=CARTESIAN_POINT('Control Point',(40.7497968724,-8.78540692172,-5.29052322743)) ;
#447=CARTESIAN_POINT('Control Point',(40.701299833,-8.72882395212,-5.31179721347)) ;
#448=CARTESIAN_POINT('Control Point',(40.6531835023,-8.67173646725,-5.33293195167)) ;
#449=CARTESIAN_POINT('Control Point',(40.6054943978,-8.61419135907,-5.35390516489)) ;
#462=CARTESIAN_POINT('Axis2P3D Location',(35.0000016547,10.5000016547,0.)) ;
#468=CARTESIAN_POINT('Control Point',(39.6837493586,14.25,2.22044604925E-015)) ;
#469=CARTESIAN_POINT('Control Point',(39.6837493584,14.2500000002,0.385192367312)) ;
#470=CARTESIAN_POINT('Control Point',(39.7322199903,14.189460184,0.770349218936)) ;
#471=CARTESIAN_POINT('Control Point',(39.8281227223,14.0689771933,1.1341063504)) ;
#472=CARTESIAN_POINT('Control Point',(40.0581836084,13.7478253103,1.82295712035)) ;
#473=CARTESIAN_POINT('Control Point',(40.3237666755,13.2883231876,2.43150391907)) ;
#474=CARTESIAN_POINT('Control Point',(40.4554935469,13.0256266991,2.72414763546)) ;
#475=CARTESIAN_POINT('Control Point',(40.8179212188,12.1648131379,3.55171502222)) ;
#476=CARTESIAN_POINT('Control Point',(41.0360618154,11.1092597983,4.24502324016)) ;
#477=CARTESIAN_POINT('Control Point',(41.07407664,10.3479327239,4.65184290494)) ;
#478=CARTESIAN_POINT('Control Point',(40.9804800309,9.5589896794,4.99967264277)) ;
#479=CARTESIAN_POINT('Control Point',(40.7497968723,8.78540692164,5.29052322545)) ;
#480=CARTESIAN_POINT('Vertex',(39.6837493586,14.25,-1.11022302463E-016)) ;
#484=CARTESIAN_POINT('Control Point',(39.6837493586,14.25,0.)) ;
#485=CARTESIAN_POINT('Control Point',(39.6837493584,14.2500000002,-0.385171611934)) ;
#486=CARTESIAN_POINT('Control Point',(39.7322146601,14.1894668414,-0.770307634896)) ;
#487=CARTESIAN_POINT('Control Point',(39.828165657,14.0689203519,-1.13425150464)) ;
#488=CARTESIAN_POINT('Control Point',(40.058237199,13.7477421988,-1.82308740729)) ;
#489=CARTESIAN_POINT('Control Point',(40.3238054964,13.2882483393,-2.43159410997)) ;
#490=CARTESIAN_POINT('Control Point',(40.4555318834,13.0255431951,-2.72422876896)) ;
#491=CARTESIAN_POINT('Control Point',(40.8179373984,12.1647465302,-3.55176042174)) ;
#492=CARTESIAN_POINT('Control Point',(41.0360611391,11.1092204149,-4.24504753984)) ;
#493=CARTESIAN_POINT('Control Point',(41.0740694832,10.3478709265,-4.6518721388)) ;
#494=CARTESIAN_POINT('Control Point',(40.980470854,9.55895890501,-4.99968441298)) ;
#495=CARTESIAN_POINT('Control Point',(40.7497968723,8.78540692164,-5.29052324213)) ;
#504=CARTESIAN_POINT('Control Point',(40.2645273148,-8.95662248428,6.29344809871)) ;
#505=CARTESIAN_POINT('Control Point',(41.2645273148,-8.95662248428,6.29344809871)) ;
#506=CARTESIAN_POINT('Control Point',(39.0470595541,-7.49829325349,6.82495901928)) ;
#507=CARTESIAN_POINT('Control Point',(40.0470595541,-7.49829325349,6.82495901928)) ;
#508=CARTESIAN_POINT('Control Point',(38.0613796735,-5.81484557442,7.2720346755)) ;
#509=CARTESIAN_POINT('Control Point',(39.0613796735,-5.81484557442,7.2720346755)) ;
#510=CARTESIAN_POINT('Control Point',(37.3636659759,-3.94720744376,7.59040457539)) ;
#511=CARTESIAN_POINT('Control Point',(38.3636659759,-3.94720744376,7.59040457539)) ;
#512=CARTESIAN_POINT('Control Point',(36.6657939576,-3.78200407649E-005,7.90959372194)) ;
#513=CARTESIAN_POINT('Control Point',(37.6657939576,-3.78200407649E-005,7.90959372194)) ;
#514=CARTESIAN_POINT('Control Point',(37.3636602814,3.94721823837,7.59040794149)) ;
#515=CARTESIAN_POINT('Control Point',(38.3636602814,3.94721823837,7.59040794149)) ;
#516=CARTESIAN_POINT('Control Point',(38.0613956299,5.81487918485,7.27202511258)) ;
#517=CARTESIAN_POINT('Control Point',(39.0613956299,5.81487918485,7.27202511258)) ;
#518=CARTESIAN_POINT('Control Point',(39.0470695864,7.49830526809,6.82495464004)) ;
#519=CARTESIAN_POINT('Control Point',(40.0470695864,7.49830526809,6.82495464004)) ;
#520=CARTESIAN_POINT('Control Point',(40.2645273148,8.95662248428,6.29344809871)) ;
#521=CARTESIAN_POINT('Control Point',(41.2645273148,8.95662248428,6.29344809871)) ;
#523=CARTESIAN_POINT('Control Point',(40.2645273148,8.95662248428,6.29344809871)) ;
#524=CARTESIAN_POINT('Control Point',(41.2645273148,8.95662248428,6.29344809871)) ;
#525=CARTESIAN_POINT('Vertex',(41.2645273148,8.95662248428,6.29344809871)) ;
#527=CARTESIAN_POINT('Vertex',(40.2645273148,8.95662248428,6.29344809871)) ;
#531=CARTESIAN_POINT('Control Point',(40.2645273148,-8.95662248428,6.29344809871)) ;
#532=CARTESIAN_POINT('Control Point',(39.0470595541,-7.49829325349,6.82495901928)) ;
#533=CARTESIAN_POINT('Control Point',(38.0613796735,-5.81484557442,7.2720346755)) ;
#534=CARTESIAN_POINT('Control Point',(37.3636659759,-3.94720744376,7.59040457539)) ;
#535=CARTESIAN_POINT('Control Point',(36.6657939576,-3.78200407649E-005,7.90959372194)) ;
#536=CARTESIAN_POINT('Control Point',(37.3636602814,3.94721823837,7.59040794149)) ;
#537=CARTESIAN_POINT('Control Point',(38.0613956299,5.81487918485,7.27202511258)) ;
#538=CARTESIAN_POINT('Control Point',(39.0470695864,7.49830526809,6.82495464004)) ;
#539=CARTESIAN_POINT('Control Point',(40.2645273148,8.95662248428,6.29344809871)) ;
#540=CARTESIAN_POINT('Vertex',(40.2645273148,-8.95662248428,6.29344809871)) ;
#544=CARTESIAN_POINT('Control Point',(40.2645273148,-8.95662248428,6.29344809871)) ;
#545=CARTESIAN_POINT('Control Point',(41.2645273148,-8.95662248428,6.29344809871)) ;
#546=CARTESIAN_POINT('Vertex',(41.2645273148,-8.95662248428,6.29344809871)) ;
#550=CARTESIAN_POINT('Control Point',(41.2645273148,-8.95662248428,6.29344809871)) ;
#551=CARTESIAN_POINT('Control Point',(40.0470595541,-7.49829325349,6.82495901928)) ;
#552=CARTESIAN_POINT('Control Point',(39.0613796735,-5.81484557442,7.2720346755)) ;
#553=CARTESIAN_POINT('Control Point',(38.3636659759,-3.94720744376,7.59040457539)) ;
#554=CARTESIAN_POINT('Control Point',(37.6657939576,-3.78200407649E-005,7.90959372194)) ;
#555=CARTESIAN_POINT('Control Point',(38.3636602814,3.94721823837,7.59040794149)) ;
#556=CARTESIAN_POINT('Control Point',(39.0613956299,5.81487918485,7.27202511258)) ;
#557=CARTESIAN_POINT('Control Point',(40.0470695864,7.49830526809,6.82495464004)) ;
#558=CARTESIAN_POINT('Control Point',(41.2645273148,8.95662248428,6.29344809871)) ;
#568=CARTESIAN_POINT('Control Point',(40.2645273148,8.95662248428,6.29344809871)) ;
#569=CARTESIAN_POINT('Control Point',(41.2645273148,8.95662248428,6.29344809871)) ;
#570=CARTESIAN_POINT('Control Point',(40.4901861597,9.73353270653,6.01029103768)) ;
#571=CARTESIAN_POINT('Control Point',(41.4901861597,9.73353270653,6.01029103768)) ;
#572=CARTESIAN_POINT('Control Point',(40.5860545386,10.5327386157,5.67175816726)) ;
#573=CARTESIAN_POINT('Control Point',(41.5860545386,10.5327386157,5.67175816726)) ;
#574=CARTESIAN_POINT('Control Point',(40.554103866,11.3163949348,5.27444027519)) ;
#575=CARTESIAN_POINT('Control Point',(41.554103866,11.3163949348,5.27444027519)) ;
#576=CARTESIAN_POINT('Control Point',(40.3167066313,12.5720490756,4.50477962821)) ;
#577=CARTESIAN_POINT('Control Point',(41.3167066313,12.5720490756,4.50477962821)) ;
#578=CARTESIAN_POINT('Control Point',(39.8569445287,13.6398061145,3.54811979356)) ;
#579=CARTESIAN_POINT('Control Point',(40.8569445287,13.6398061145,3.54811979356)) ;
#580=CARTESIAN_POINT('Control Point',(39.6419877361,14.0387195929,3.12017247473)) ;
#581=CARTESIAN_POINT('Control Point',(40.6419877361,14.0387195929,3.12017247473)) ;
#582=CARTESIAN_POINT('Control Point',(39.2514779099,14.6415025374,2.32275178253)) ;
#583=CARTESIAN_POINT('Control Point',(40.2514779099,14.6415025374,2.32275178253)) ;
#584=CARTESIAN_POINT('Control Point',(38.9230252853,15.0527342836,1.3592790498)) ;
#585=CARTESIAN_POINT('Control Point',(39.9230252853,15.0527342836,1.3592790498)) ;
#586=CARTESIAN_POINT('Control Point',(38.8076746119,15.1844612196,0.923207917328)) ;
#587=CARTESIAN_POINT('Control Point',(39.8076746119,15.1844612196,0.923207917328)) ;
#588=CARTESIAN_POINT('Control Point',(38.7500000001,15.2500000003,0.461579594962)) ;
#589=CARTESIAN_POINT('Control Point',(39.7500000001,15.2500000003,0.461579594962)) ;
#590=CARTESIAN_POINT('Control Point',(38.75,15.25,-1.7763568394E-015)) ;
#591=CARTESIAN_POINT('Control Point',(39.75,15.25,-1.7763568394E-015)) ;
#593=CARTESIAN_POINT('Control Point',(41.2645273148,8.95662248428,6.29344809871)) ;
#594=CARTESIAN_POINT('Control Point',(41.4901861597,9.73353270653,6.01029103768)) ;
#595=CARTESIAN_POINT('Control Point',(41.5860545386,10.5327386157,5.67175816726)) ;
#596=CARTESIAN_POINT('Control Point',(41.554103866,11.3163949348,5.27444027519)) ;
#597=CARTESIAN_POINT('Control Point',(41.3167066313,12.5720490756,4.50477962821)) ;
#598=CARTESIAN_POINT('Control Point',(40.8569445287,13.6398061145,3.54811979356)) ;
#599=CARTESIAN_POINT('Control Point',(40.6419877361,14.0387195929,3.12017247473)) ;
#600=CARTESIAN_POINT('Control Point',(40.2514779099,14.6415025374,2.32275178253)) ;
#601=CARTESIAN_POINT('Control Point',(39.9230252853,15.0527342836,1.3592790498)) ;
#602=CARTESIAN_POINT('Control Point',(39.8076746119,15.1844612196,0.923207917328)) ;
#603=CARTESIAN_POINT('Control Point',(39.7500000001,15.2500000003,0.461579594962)) ;
#604=CARTESIAN_POINT('Control Point',(39.75,15.25,-1.7763568394E-015)) ;
#605=CARTESIAN_POINT('Vertex',(39.75,15.25,2.22044604925E-016)) ;
#609=CARTESIAN_POINT('Control Point',(38.75,15.25,-4.68471332049E-016)) ;
#610=CARTESIAN_POINT('Control Point',(39.75,15.25,-4.68471332049E-016)) ;
#611=CARTESIAN_POINT('Vertex',(38.75,15.25,2.22044604925E-016)) ;
#615=CARTESIAN_POINT('Control Point',(40.2645273148,8.95662248428,6.29344809871)) ;
#616=CARTESIAN_POINT('Control Point',(40.4901861597,9.73353270653,6.01029103768)) ;
#617=CARTESIAN_POINT('Control Point',(40.5860545386,10.5327386157,5.67175816726)) ;
#618=CARTESIAN_POINT('Control Point',(40.554103866,11.3163949348,5.27444027519)) ;
#619=CARTESIAN_POINT('Control Point',(40.3167066313,12.5720490756,4.50477962821)) ;
#620=CARTESIAN_POINT('Control Point',(39.8569445287,13.6398061145,3.54811979356)) ;
#621=CARTESIAN_POINT('Control Point',(39.6419877361,14.0387195929,3.12017247473)) ;
#622=CARTESIAN_POINT('Control Point',(39.2514779099,14.6415025374,2.32275178253)) ;
#623=CARTESIAN_POINT('Control Point',(38.9230252853,15.0527342836,1.3592790498)) ;
#624=CARTESIAN_POINT('Control Point',(38.8076746119,15.1844612196,0.923207917328)) ;
#625=CARTESIAN_POINT('Control Point',(38.7500000001,15.2500000003,0.461579594962)) ;
#626=CARTESIAN_POINT('Control Point',(38.75,15.25,-1.7763568394E-015)) ;
#636=CARTESIAN_POINT('Control Point',(40.2645273148,-8.61419135907,5.35390516489)) ;
#637=CARTESIAN_POINT('Control Point',(40.2645273148,-8.95662248428,6.29344809871)) ;
#638=CARTESIAN_POINT('Control Point',(39.0470595541,-7.23160734349,5.85780955809)) ;
#639=CARTESIAN_POINT('Control Point',(39.0470595541,-7.49829325349,6.82495901928)) ;
#640=CARTESIAN_POINT('Control Point',(38.0613796735,-5.61906083079,6.28769122918)) ;
#641=CARTESIAN_POINT('Control Point',(38.0613796735,-5.81484565549,7.27203471159)) ;
#642=CARTESIAN_POINT('Control Point',(37.3636659759,-3.81782123858,6.59563581879)) ;
#643=CARTESIAN_POINT('Control Point',(37.3636659759,-3.94720744376,7.59040457095)) ;
#644=CARTESIAN_POINT('Control Point',(36.6657939576,-4.035102471E-005,6.90436253371)) ;
#645=CARTESIAN_POINT('Control Point',(36.6657939576,-3.78200407667E-005,7.90959372639)) ;
#646=CARTESIAN_POINT('Control Point',(37.3636602814,3.81783960023,6.59563907455)) ;
#647=CARTESIAN_POINT('Control Point',(37.3636602814,3.94721823837,7.59040793705)) ;
#648=CARTESIAN_POINT('Control Point',(38.0613956299,5.61908104142,6.28768650075)) ;
#649=CARTESIAN_POINT('Control Point',(38.0613956299,5.8148791844,7.27202511258)) ;
#650=CARTESIAN_POINT('Control Point',(39.0470695864,7.23161873387,5.85780540562)) ;
#651=CARTESIAN_POINT('Control Point',(39.0470695864,7.49830526786,6.82495464004)) ;
#652=CARTESIAN_POINT('Control Point',(40.2645273148,8.61419135907,5.35390516489)) ;
#653=CARTESIAN_POINT('Control Point',(40.2645273148,8.95662248428,6.29344809871)) ;
#655=CARTESIAN_POINT('Control Point',(40.2645273148,8.61419135907,5.35390516489)) ;
#656=CARTESIAN_POINT('Control Point',(40.2645273148,8.95662248428,6.29344809871)) ;
#657=CARTESIAN_POINT('Vertex',(40.2645273148,8.61419135907,5.35390516489)) ;
#661=CARTESIAN_POINT('Control Point',(40.2645273148,-8.61419135907,5.35390516489)) ;
#662=CARTESIAN_POINT('Control Point',(39.0470595541,-7.23160734349,5.85780955809)) ;
#663=CARTESIAN_POINT('Control Point',(38.0613796735,-5.61906083079,6.28769122918)) ;
#664=CARTESIAN_POINT('Control Point',(37.3636659759,-3.81782123858,6.59563581879)) ;
#665=CARTESIAN_POINT('Control Point',(36.6657939576,-4.035102471E-005,6.90436253371)) ;
#666=CARTESIAN_POINT('Control Point',(37.3636602814,3.81783960023,6.59563907455)) ;
#667=CARTESIAN_POINT('Control Point',(38.0613956299,5.61908104142,6.28768650075)) ;
#668=CARTESIAN_POINT('Control Point',(39.0470695864,7.23161873387,5.85780540562)) ;
#669=CARTESIAN_POINT('Control Point',(40.2645273148,8.61419135907,5.35390516489)) ;
#670=CARTESIAN_POINT('Vertex',(40.2645273148,-8.61419135907,5.35390516489)) ;
#674=CARTESIAN_POINT('Control Point',(40.2645273148,-8.61419135907,5.35390516489)) ;
#675=CARTESIAN_POINT('Control Point',(40.2645273148,-8.95662248428,6.29344809871)) ;
#685=CARTESIAN_POINT('Control Point',(38.75,-15.25,2.86889496459E-013)) ;
#686=CARTESIAN_POINT('Control Point',(39.75,-15.25,2.86889496459E-013)) ;
#687=CARTESIAN_POINT('Control Point',(38.7499999995,-15.2500000011,0.465293442109)) ;
#688=CARTESIAN_POINT('Control Point',(39.7499999995,-15.2500000011,0.465293442109)) ;
#689=CARTESIAN_POINT('Control Point',(38.8086062851,-15.1834024112,0.930636214629)) ;
#690=CARTESIAN_POINT('Control Point',(39.8086062851,-15.1834024112,0.930636214629)) ;
#691=CARTESIAN_POINT('Control Point',(38.9258089754,-15.0495251205,1.36991688989)) ;
#692=CARTESIAN_POINT('Control Point',(39.9258089754,-15.0495251205,1.36991688989)) ;
#693=CARTESIAN_POINT('Control Point',(39.2570675152,-14.6340950108,2.33551680042)) ;
#694=CARTESIAN_POINT('Control Point',(40.2570675152,-14.6340950108,2.33551680042)) ;
#695=CARTESIAN_POINT('Control Point',(39.6489943949,-14.0267087816,3.13430469196)) ;
#696=CARTESIAN_POINT('Control Point',(40.6489943949,-14.0267087816,3.13430469196)) ;
#697=CARTESIAN_POINT('Control Point',(39.8638005701,-13.6260539461,3.56193249554)) ;
#698=CARTESIAN_POINT('Control Point',(40.8638005701,-13.6260539461,3.56193249554)) ;
#699=CARTESIAN_POINT('Control Point',(40.320534323,-12.5582972319,4.51406999913)) ;
#700=CARTESIAN_POINT('Control Point',(41.320534323,-12.5582972319,4.51406999913)) ;
#701=CARTESIAN_POINT('Control Point',(40.5545703796,-11.3044798606,5.28049191336)) ;
#702=CARTESIAN_POINT('Control Point',(41.5545703796,-11.3044798606,5.28049191336)) ;
#703=CARTESIAN_POINT('Control Point',(40.585078804,-10.5246341989,5.67518989583)) ;
#704=CARTESIAN_POINT('Control Point',(41.585078804,-10.5246341989,5.67518989583)) ;
#705=CARTESIAN_POINT('Control Point',(40.4890418994,-9.72959318743,6.01172685682)) ;
#706=CARTESIAN_POINT('Control Point',(41.4890418994,-9.72959318743,6.01172685682)) ;
#707=CARTESIAN_POINT('Control Point',(40.2645273148,-8.95662248428,6.29344809871)) ;
#708=CARTESIAN_POINT('Control Point',(41.2645273148,-8.95662248428,6.29344809871)) ;
#710=CARTESIAN_POINT('Control Point',(38.75,-15.25,2.86889496459E-013)) ;
#711=CARTESIAN_POINT('Control Point',(38.7499999995,-15.2500000011,0.465293442109)) ;
#712=CARTESIAN_POINT('Control Point',(38.8086062851,-15.1834024112,0.930636214629)) ;
#713=CARTESIAN_POINT('Control Point',(38.9258089754,-15.0495251205,1.36991688989)) ;
#714=CARTESIAN_POINT('Control Point',(39.2570675152,-14.6340950108,2.33551680042)) ;
#715=CARTESIAN_POINT('Control Point',(39.6489943949,-14.0267087816,3.13430469196)) ;
#716=CARTESIAN_POINT('Control Point',(39.8638005701,-13.6260539461,3.56193249554)) ;
#717=CARTESIAN_POINT('Control Point',(40.320534323,-12.5582972319,4.51406999913)) ;
#718=CARTESIAN_POINT('Control Point',(40.5545703796,-11.3044798606,5.28049191336)) ;
#719=CARTESIAN_POINT('Control Point',(40.585078804,-10.5246341989,5.67518989583)) ;
#720=CARTESIAN_POINT('Control Point',(40.4890418994,-9.72959318743,6.01172685682)) ;
#721=CARTESIAN_POINT('Control Point',(40.2645273148,-8.95662248428,6.29344809871)) ;
#722=CARTESIAN_POINT('Vertex',(38.75,-15.25,2.93542967711E-013)) ;
#726=CARTESIAN_POINT('Control Point',(38.75,-15.25,2.86629692976E-013)) ;
#727=CARTESIAN_POINT('Control Point',(39.75,-15.25,2.86629692976E-013)) ;
#728=CARTESIAN_POINT('Vertex',(39.75,-15.25,2.93542967711E-013)) ;
#732=CARTESIAN_POINT('Control Point',(39.75,-15.25,2.86889496459E-013)) ;
#733=CARTESIAN_POINT('Control Point',(39.7499999995,-15.2500000011,0.465293442109)) ;
#734=CARTESIAN_POINT('Control Point',(39.8086062851,-15.1834024112,0.930636214629)) ;
#735=CARTESIAN_POINT('Control Point',(39.9258089754,-15.0495251205,1.36991688989)) ;
#736=CARTESIAN_POINT('Control Point',(40.2570675152,-14.6340950108,2.33551680042)) ;
#737=CARTESIAN_POINT('Control Point',(40.6489943949,-14.0267087816,3.13430469196)) ;
#738=CARTESIAN_POINT('Control Point',(40.8638005701,-13.6260539461,3.56193249554)) ;
#739=CARTESIAN_POINT('Control Point',(41.320534323,-12.5582972319,4.51406999913)) ;
#740=CARTESIAN_POINT('Control Point',(41.5545703796,-11.3044798606,5.28049191336)) ;
#741=CARTESIAN_POINT('Control Point',(41.585078804,-10.5246341989,5.67518989583)) ;
#742=CARTESIAN_POINT('Control Point',(41.4890418994,-9.72959318743,6.01172685682)) ;
#743=CARTESIAN_POINT('Control Point',(41.2645273148,-8.95662248428,6.29344809871)) ;
#753=CARTESIAN_POINT('Control Point',(41.2645273148,-8.95662248428,6.29344809871)) ;
#754=CARTESIAN_POINT('Control Point',(41.2645273148,-8.61419135907,5.35390516489)) ;
#755=CARTESIAN_POINT('Control Point',(40.0470595541,-7.49829325349,6.82495901928)) ;
#756=CARTESIAN_POINT('Control Point',(40.0470595541,-7.23160734349,5.85780955788)) ;
#757=CARTESIAN_POINT('Control Point',(39.0613796735,-5.81484557442,7.2720346755)) ;
#758=CARTESIAN_POINT('Control Point',(39.0613796735,-5.61906071362,6.28769122876)) ;
#759=CARTESIAN_POINT('Control Point',(38.3636659759,-3.94720744376,7.59040457539)) ;
#760=CARTESIAN_POINT('Control Point',(38.3636659759,-3.81782123858,6.59563582323)) ;
#761=CARTESIAN_POINT('Control Point',(37.6657939576,-3.78200407649E-005,7.90959372194)) ;
#762=CARTESIAN_POINT('Control Point',(37.6657939576,-4.03510247118E-005,6.90436252927)) ;
#763=CARTESIAN_POINT('Control Point',(38.3636602814,3.94721823837,7.59040794149)) ;
#764=CARTESIAN_POINT('Control Point',(38.3636602814,3.81783960023,6.595639079)) ;
#765=CARTESIAN_POINT('Control Point',(39.0613956299,5.81487918485,7.27202511258)) ;
#766=CARTESIAN_POINT('Control Point',(39.0613956299,5.61908116706,6.28768650075)) ;
#767=CARTESIAN_POINT('Control Point',(40.0470695864,7.49830526809,6.82495464004)) ;
#768=CARTESIAN_POINT('Control Point',(40.0470695864,7.23161873366,5.85780540562)) ;
#769=CARTESIAN_POINT('Control Point',(41.2645273148,8.95662248428,6.29344809871)) ;
#770=CARTESIAN_POINT('Control Point',(41.2645273148,8.61419135907,5.35390516489)) ;
#772=CARTESIAN_POINT('Control Point',(41.2645273148,8.95662248428,6.29344809871)) ;
#773=CARTESIAN_POINT('Control Point',(41.2645273148,8.78540692168,5.8236766318)) ;
#776=CARTESIAN_POINT('Control Point',(41.2645273148,-8.95662248428,6.29344809871)) ;
#777=CARTESIAN_POINT('Control Point',(41.2645273148,-8.78540692168,5.8236766318)) ;
#787=CARTESIAN_POINT('Control Point',(40.2645273148,8.61419135907,5.35390516489)) ;
#788=CARTESIAN_POINT('Control Point',(40.2645273148,8.95662248428,6.29344809871)) ;
#789=CARTESIAN_POINT('Control Point',(40.4901861597,9.35074929481,5.08545512328)) ;
#790=CARTESIAN_POINT('Control Point',(40.4901861597,9.73353270685,6.01029103768)) ;
#791=CARTESIAN_POINT('Control Point',(40.5860545386,10.103728486,4.76622443694)) ;
#792=CARTESIAN_POINT('Control Point',(40.5860545386,10.5327385356,5.67175816726)) ;
#793=CARTESIAN_POINT('Control Point',(40.554103866,10.8350938101,4.3947344724)) ;
#794=CARTESIAN_POINT('Control Point',(40.554103866,11.3163949379,5.27444027829)) ;
#795=CARTESIAN_POINT('Control Point',(40.3167066313,11.9888243382,3.68371751344)) ;
#796=CARTESIAN_POINT('Control Point',(40.3167066313,12.5720490734,4.50477962604)) ;
#797=CARTESIAN_POINT('Control Point',(39.8569445287,12.9316909688,2.83675186423)) ;
#798=CARTESIAN_POINT('Control Point',(39.8569445287,13.639806116,3.54811979507)) ;
#799=CARTESIAN_POINT('Control Point',(39.6419877361,13.2757290564,2.46543914905)) ;
#800=CARTESIAN_POINT('Control Point',(39.6419877361,14.0387195944,3.12017247473)) ;
#801=CARTESIAN_POINT('Control Point',(39.2514779099,13.7778003939,1.79419117343)) ;
#802=CARTESIAN_POINT('Control Point',(39.2514779099,14.6415025363,2.32275178253)) ;
#803=CARTESIAN_POINT('Control Point',(38.9230252853,14.1009786009,1.03196633208)) ;
#804=CARTESIAN_POINT('Control Point',(38.9230252853,15.0527342843,1.3592790498)) ;
#805=CARTESIAN_POINT('Control Point',(38.8076746119,14.2005896624,0.695930485625)) ;
#806=CARTESIAN_POINT('Control Point',(38.8076746119,15.1844612196,0.923207917319)) ;
#807=CARTESIAN_POINT('Control Point',(38.7500000001,14.2500000002,0.347989573208)) ;
#808=CARTESIAN_POINT('Control Point',(38.7500000001,15.2500000003,0.461579594962)) ;
#809=CARTESIAN_POINT('Control Point',(38.75,14.25,-8.65973959208E-015)) ;
#810=CARTESIAN_POINT('Control Point',(38.75,15.25,-6.2172489379E-015)) ;
#812=CARTESIAN_POINT('Control Point',(38.75,14.25,-7.66924004388E-015)) ;
#813=CARTESIAN_POINT('Control Point',(38.75,15.25,-4.90936343055E-015)) ;
#814=CARTESIAN_POINT('Vertex',(38.75,14.25,0.)) ;
#818=CARTESIAN_POINT('Control Point',(40.2645273148,8.61419135907,5.35390516489)) ;
#819=CARTESIAN_POINT('Control Point',(40.4901861597,9.35074929481,5.08545512328)) ;
#820=CARTESIAN_POINT('Control Point',(40.5860545386,10.103728486,4.76622443694)) ;
#821=CARTESIAN_POINT('Control Point',(40.554103866,10.8350938101,4.3947344724)) ;
#822=CARTESIAN_POINT('Control Point',(40.3167066313,11.9888243382,3.68371751344)) ;
#823=CARTESIAN_POINT('Control Point',(39.8569445287,12.9316909688,2.83675186423)) ;
#824=CARTESIAN_POINT('Control Point',(39.6419877361,13.2757290564,2.46543914905)) ;
#825=CARTESIAN_POINT('Control Point',(39.2514779099,13.7778003939,1.79419117343)) ;
#826=CARTESIAN_POINT('Control Point',(38.9230252853,14.1009786009,1.03196633208)) ;
#827=CARTESIAN_POINT('Control Point',(38.8076746119,14.2005896624,0.695930485625)) ;
#828=CARTESIAN_POINT('Control Point',(38.7500000001,14.2500000002,0.347989573208)) ;
#829=CARTESIAN_POINT('Control Point',(38.75,14.25,-8.65973959208E-015)) ;
#839=CARTESIAN_POINT('Control Point',(38.75,15.25,0.)) ;
#840=CARTESIAN_POINT('Control Point',(39.75,15.25,0.)) ;
#841=CARTESIAN_POINT('Control Point',(38.7500000001,15.2500000003,-0.465293435632)) ;
#842=CARTESIAN_POINT('Control Point',(39.7500000001,15.2500000003,-0.465293435632)) ;
#843=CARTESIAN_POINT('Control Point',(38.8086063262,15.1834024558,-0.930636231383)) ;
#844=CARTESIAN_POINT('Control Point',(39.8086063262,15.1834024558,-0.930636231383)) ;
#845=CARTESIAN_POINT('Control Point',(38.9258089792,15.0495251143,-1.36991690154)) ;
#846=CARTESIAN_POINT('Control Point',(39.9258089792,15.0495251143,-1.36991690154)) ;
#847=CARTESIAN_POINT('Control Point',(39.2570675193,14.6340950072,-2.33551680947)) ;
#848=CARTESIAN_POINT('Control Point',(40.2570675193,14.6340950072,-2.33551680947)) ;
#849=CARTESIAN_POINT('Control Point',(39.6489943991,14.026708772,-3.13430470179)) ;
#850=CARTESIAN_POINT('Control Point',(40.6489943991,14.026708772,-3.13430470179)) ;
#851=CARTESIAN_POINT('Control Point',(39.8638005545,13.6260539558,-3.56193249205)) ;
#852=CARTESIAN_POINT('Control Point',(40.8638005545,13.6260539558,-3.56193249205)) ;
#853=CARTESIAN_POINT('Control Point',(40.3205340712,12.5582978613,-4.51406943186)) ;
#854=CARTESIAN_POINT('Control Point',(41.3205340712,12.5582978613,-4.51406943186)) ;
#855=CARTESIAN_POINT('Control Point',(40.5545700803,11.3044813358,-5.28049102121)) ;
#856=CARTESIAN_POINT('Control Point',(41.5545700803,11.3044813358,-5.28049102121)) ;
#857=CARTESIAN_POINT('Control Point',(40.5850792517,10.5246331917,-5.67519080799)) ;
#858=CARTESIAN_POINT('Control Point',(41.5850792517,10.5246331917,-5.67519080799)) ;
#859=CARTESIAN_POINT('Control Point',(40.489041675,9.7295924137,-6.01172713816)) ;
#860=CARTESIAN_POINT('Control Point',(41.489041675,9.7295924137,-6.01172713816)) ;
#861=CARTESIAN_POINT('Control Point',(40.2645273148,8.95662248428,-6.29344809871)) ;
#862=CARTESIAN_POINT('Control Point',(41.2645273148,8.95662248428,-6.29344809871)) ;
#864=CARTESIAN_POINT('Control Point',(40.2645273148,8.95662248428,-6.29344809871)) ;
#865=CARTESIAN_POINT('Control Point',(41.2645273148,8.95662248428,-6.29344809871)) ;
#866=CARTESIAN_POINT('Vertex',(41.2645273148,8.95662248428,-6.29344809871)) ;
#868=CARTESIAN_POINT('Vertex',(40.2645273148,8.95662248428,-6.29344809871)) ;
#872=CARTESIAN_POINT('Control Point',(38.75,15.25,0.)) ;
#873=CARTESIAN_POINT('Control Point',(38.7500000001,15.2500000003,-0.465293435632)) ;
#874=CARTESIAN_POINT('Control Point',(38.8086063262,15.1834024558,-0.930636231383)) ;
#875=CARTESIAN_POINT('Control Point',(38.9258089792,15.0495251143,-1.36991690154)) ;
#876=CARTESIAN_POINT('Control Point',(39.2570675193,14.6340950072,-2.33551680947)) ;
#877=CARTESIAN_POINT('Control Point',(39.6489943991,14.026708772,-3.13430470179)) ;
#878=CARTESIAN_POINT('Control Point',(39.8638005545,13.6260539558,-3.56193249205)) ;
#879=CARTESIAN_POINT('Control Point',(40.3205340712,12.5582978613,-4.51406943186)) ;
#880=CARTESIAN_POINT('Control Point',(40.5545700803,11.3044813358,-5.28049102121)) ;
#881=CARTESIAN_POINT('Control Point',(40.5850792517,10.5246331917,-5.67519080799)) ;
#882=CARTESIAN_POINT('Control Point',(40.489041675,9.7295924137,-6.01172713816)) ;
#883=CARTESIAN_POINT('Control Point',(40.2645273148,8.95662248428,-6.29344809871)) ;
#886=CARTESIAN_POINT('Control Point',(39.75,15.25,0.)) ;
#887=CARTESIAN_POINT('Control Point',(39.7500000001,15.2500000003,-0.465293435632)) ;
#888=CARTESIAN_POINT('Control Point',(39.8086063262,15.1834024558,-0.930636231383)) ;
#889=CARTESIAN_POINT('Control Point',(39.9258089792,15.0495251143,-1.36991690154)) ;
#890=CARTESIAN_POINT('Control Point',(40.2570675193,14.6340950072,-2.33551680947)) ;
#891=CARTESIAN_POINT('Control Point',(40.6489943991,14.026708772,-3.13430470179)) ;
#892=CARTESIAN_POINT('Control Point',(40.8638005545,13.6260539558,-3.56193249205)) ;
#893=CARTESIAN_POINT('Control Point',(41.3205340712,12.5582978613,-4.51406943186)) ;
#894=CARTESIAN_POINT('Control Point',(41.5545700803,11.3044813358,-5.28049102121)) ;
#895=CARTESIAN_POINT('Control Point',(41.5850792517,10.5246331917,-5.67519080799)) ;
#896=CARTESIAN_POINT('Control Point',(41.489041675,9.7295924137,-6.01172713816)) ;
#897=CARTESIAN_POINT('Control Point',(41.2645273148,8.95662248428,-6.29344809871)) ;
#907=CARTESIAN_POINT('Control Point',(41.2645273148,8.95662248428,6.29344809871)) ;
#908=CARTESIAN_POINT('Control Point',(41.2645273148,8.61419135907,5.35390516489)) ;
#909=CARTESIAN_POINT('Control Point',(41.4901861597,9.73353270653,6.01029103768)) ;
#910=CARTESIAN_POINT('Control Point',(41.4901861597,9.35074929481,5.08545512328)) ;
#911=CARTESIAN_POINT('Control Point',(41.5860545386,10.5327386157,5.67175816726)) ;
#912=CARTESIAN_POINT('Control Point',(41.5860545386,10.1037285233,4.76622443694)) ;
#913=CARTESIAN_POINT('Control Point',(41.554103866,11.3163949348,5.27444027519)) ;
#914=CARTESIAN_POINT('Control Point',(41.554103866,10.8350938039,4.39473447395)) ;
#915=CARTESIAN_POINT('Control Point',(41.3167066313,12.5720490756,4.50477962821)) ;
#916=CARTESIAN_POINT('Control Point',(41.3167066313,11.9888243425,3.68371751235)) ;
#917=CARTESIAN_POINT('Control Point',(40.8569445287,13.6398061145,3.54811979356)) ;
#918=CARTESIAN_POINT('Control Point',(40.8569445287,12.9316909657,2.83675186499)) ;
#919=CARTESIAN_POINT('Control Point',(40.6419877361,14.0387195929,3.12017247473)) ;
#920=CARTESIAN_POINT('Control Point',(40.6419877361,13.2757290564,2.46543914905)) ;
#921=CARTESIAN_POINT('Control Point',(40.2514779099,14.6415025374,2.32275178253)) ;
#922=CARTESIAN_POINT('Control Point',(40.2514779099,13.7778003939,1.79419117343)) ;
#923=CARTESIAN_POINT('Control Point',(39.9230252853,15.0527342836,1.3592790498)) ;
#924=CARTESIAN_POINT('Control Point',(39.9230252853,14.1009786009,1.03196633208)) ;
#925=CARTESIAN_POINT('Control Point',(39.8076746119,15.1844612196,0.923207917328)) ;
#926=CARTESIAN_POINT('Control Point',(39.8076746119,14.2005896624,0.695930485633)) ;
#927=CARTESIAN_POINT('Control Point',(39.7500000001,15.2500000003,0.461579594962)) ;
#928=CARTESIAN_POINT('Control Point',(39.7500000001,14.2500000002,0.347989573207)) ;
#929=CARTESIAN_POINT('Control Point',(39.75,15.25,-1.7763568394E-015)) ;
#930=CARTESIAN_POINT('Control Point',(39.75,14.25,-2.22044604925E-015)) ;
#932=CARTESIAN_POINT('Control Point',(39.75,15.25,-4.68471332049E-016)) ;
#933=CARTESIAN_POINT('Control Point',(39.75,14.75,-8.4920891655E-016)) ;
#943=CARTESIAN_POINT('Control Point',(41.2645273148,-8.61419135907,5.35390516489)) ;
#944=CARTESIAN_POINT('Control Point',(40.2645273148,-8.61419135907,5.35390516489)) ;
#945=CARTESIAN_POINT('Control Point',(40.0470595541,-7.23160734326,5.85780955788)) ;
#946=CARTESIAN_POINT('Control Point',(39.0470595541,-7.23160734326,5.85780955788)) ;
#947=CARTESIAN_POINT('Control Point',(39.0613796735,-5.61906079424,6.28769134593)) ;
#948=CARTESIAN_POINT('Control Point',(38.0613796735,-5.61906079424,6.28769134593)) ;
#949=CARTESIAN_POINT('Control Point',(38.3636659759,-3.81782123858,6.59563582323)) ;
#950=CARTESIAN_POINT('Control Point',(37.3636659759,-3.81782123858,6.59563582323)) ;
#951=CARTESIAN_POINT('Control Point',(37.6657939576,-4.03510244258E-005,6.90436252927)) ;
#952=CARTESIAN_POINT('Control Point',(36.6657939576,-4.03510244258E-005,6.90436252927)) ;
#953=CARTESIAN_POINT('Control Point',(38.3636602814,3.81783960023,6.595639079)) ;
#954=CARTESIAN_POINT('Control Point',(37.3636602814,3.81783960023,6.595639079)) ;
#955=CARTESIAN_POINT('Control Point',(39.0613956299,5.61908112162,6.28768650163)) ;
#956=CARTESIAN_POINT('Control Point',(38.0613956299,5.61908112162,6.28768650163)) ;
#957=CARTESIAN_POINT('Control Point',(40.0470695864,7.23161873343,5.85780540606)) ;
#958=CARTESIAN_POINT('Control Point',(39.0470695864,7.23161873343,5.85780540606)) ;
#959=CARTESIAN_POINT('Control Point',(41.2645273148,8.61419135907,5.35390516489)) ;
#960=CARTESIAN_POINT('Control Point',(40.2645273148,8.61419135907,5.35390516489)) ;
#962=CARTESIAN_POINT('Control Point',(40.6054943978,-8.61419135907,5.35390516489)) ;
#963=CARTESIAN_POINT('Control Point',(40.2645273148,-8.61419135907,5.35390516489)) ;
#966=CARTESIAN_POINT('Control Point',(40.6054943978,8.61419135907,5.35390516489)) ;
#967=CARTESIAN_POINT('Control Point',(40.2645273148,8.61419135907,5.35390516489)) ;
#977=CARTESIAN_POINT('Control Point',(38.75,-14.25,2.87095807272E-013)) ;
#978=CARTESIAN_POINT('Control Point',(38.75,-15.25,2.86889496459E-013)) ;
#979=CARTESIAN_POINT('Control Point',(38.7499999995,-14.250000001,0.350789480521)) ;
#980=CARTESIAN_POINT('Control Point',(38.7499999995,-15.2500000011,0.465293442109)) ;
#981=CARTESIAN_POINT('Control Point',(38.8086062851,-14.1997914355,0.701529375047)) ;
#982=CARTESIAN_POINT('Control Point',(38.8086062851,-15.1834024112,0.930636214667)) ;
#983=CARTESIAN_POINT('Control Point',(38.9258089754,-14.0985390348,1.04017742207)) ;
#984=CARTESIAN_POINT('Control Point',(38.9258089754,-15.0495251198,1.3699168897)) ;
#985=CARTESIAN_POINT('Control Point',(39.2570675152,-13.771857065,1.80459115911)) ;
#986=CARTESIAN_POINT('Control Point',(39.2570675152,-14.6340950119,2.33551680068)) ;
#987=CARTESIAN_POINT('Control Point',(39.6489943949,-13.2655127002,2.47754004219)) ;
#988=CARTESIAN_POINT('Control Point',(39.6489943949,-14.0267087801,3.13430469158)) ;
#989=CARTESIAN_POINT('Control Point',(39.8638005701,-12.9197275442,2.84881554344)) ;
#990=CARTESIAN_POINT('Control Point',(39.8638005701,-13.6260539446,3.56193249706)) ;
#991=CARTESIAN_POINT('Control Point',(40.320534323,-11.9763099277,3.692254774)) ;
#992=CARTESIAN_POINT('Control Point',(40.320534323,-12.558297234,4.51406999697)) ;
#993=CARTESIAN_POINT('Control Point',(40.5545703796,-10.8239697157,4.4003905997)) ;
#994=CARTESIAN_POINT('Control Point',(40.5545703796,-11.3044798576,5.28049191643)) ;
#995=CARTESIAN_POINT('Control Point',(40.585078804,-10.0960926153,4.76946056802)) ;
#996=CARTESIAN_POINT('Control Point',(40.585078804,-10.5246342044,5.67518989583)) ;
#997=CARTESIAN_POINT('Control Point',(40.4890418994,-9.34701439187,5.08681636709)) ;
#998=CARTESIAN_POINT('Control Point',(40.4890418994,-9.72959318711,6.01172685682)) ;
#999=CARTESIAN_POINT('Control Point',(40.2645273148,-8.61419135907,5.35390516489)) ;
#1000=CARTESIAN_POINT('Control Point',(40.2645273148,-8.95662248428,6.29344809871)) ;
#1002=CARTESIAN_POINT('Control Point',(38.75,-14.25,2.87095807272E-013)) ;
#1003=CARTESIAN_POINT('Control Point',(38.7499999995,-14.250000001,0.350789480521)) ;
#1004=CARTESIAN_POINT('Control Point',(38.8086062851,-14.1997914355,0.701529375047)) ;
#1005=CARTESIAN_POINT('Control Point',(38.9258089754,-14.0985390348,1.04017742207)) ;
#1006=CARTESIAN_POINT('Control Point',(39.2570675152,-13.771857065,1.80459115911)) ;
#1007=CARTESIAN_POINT('Control Point',(39.6489943949,-13.2655127002,2.47754004219)) ;
#1008=CARTESIAN_POINT('Control Point',(39.8638005701,-12.9197275442,2.84881554344)) ;
#1009=CARTESIAN_POINT('Control Point',(40.320534323,-11.9763099277,3.692254774)) ;
#1010=CARTESIAN_POINT('Control Point',(40.5545703796,-10.8239697157,4.4003905997)) ;
#1011=CARTESIAN_POINT('Control Point',(40.585078804,-10.0960926153,4.76946056802)) ;
#1012=CARTESIAN_POINT('Control Point',(40.4890418994,-9.34701439187,5.08681636709)) ;
#1013=CARTESIAN_POINT('Control Point',(40.2645273148,-8.61419135907,5.35390516489)) ;
#1014=CARTESIAN_POINT('Vertex',(38.75,-14.25,2.90656387847E-013)) ;
#1018=CARTESIAN_POINT('Control Point',(38.75,-14.25,2.86901764398E-013)) ;
#1019=CARTESIAN_POINT('Control Point',(38.75,-15.25,2.86629692976E-013)) ;
#1029=CARTESIAN_POINT('Control Point',(40.2645273148,-8.95662248428,-6.29344809871)) ;
#1030=CARTESIAN_POINT('Control Point',(41.2645273148,-8.95662248428,-6.29344809871)) ;
#1031=CARTESIAN_POINT('Control Point',(40.4901861145,-9.73353255597,-6.01029109368)) ;
#1032=CARTESIAN_POINT('Control Point',(41.4901861145,-9.73353255597,-6.01029109368)) ;
#1033=CARTESIAN_POINT('Control Point',(40.5860545002,-10.5327386537,-5.67175839464)) ;
#1034=CARTESIAN_POINT('Control Point',(41.5860545002,-10.5327386537,-5.67175839464)) ;
#1035=CARTESIAN_POINT('Control Point',(40.5541038238,-11.3163952079,-5.27444010601)) ;
#1036=CARTESIAN_POINT('Control Point',(41.5541038238,-11.3163952079,-5.27444010601)) ;
#1037=CARTESIAN_POINT('Control Point',(40.3167065684,-12.5720492168,-4.50477950812)) ;
#1038=CARTESIAN_POINT('Control Point',(41.3167065684,-12.5720492168,-4.50477950812)) ;
#1039=CARTESIAN_POINT('Control Point',(39.8569445291,-13.63980612,-3.54811978564)) ;
#1040=CARTESIAN_POINT('Control Point',(40.8569445291,-13.63980612,-3.54811978564)) ;
#1041=CARTESIAN_POINT('Control Point',(39.6419877429,-14.0387195808,-3.12017249207)) ;
#1042=CARTESIAN_POINT('Control Point',(40.6419877429,-14.0387195808,-3.12017249207)) ;
#1043=CARTESIAN_POINT('Control Point',(39.2514779832,-14.641502426,-2.32275193254)) ;
#1044=CARTESIAN_POINT('Control Point',(40.2514779832,-14.641502426,-2.32275193254)) ;
#1045=CARTESIAN_POINT('Control Point',(38.9230254039,-15.0527341344,-1.35927939928)) ;
#1046=CARTESIAN_POINT('Control Point',(39.9230254039,-15.0527341344,-1.35927939928)) ;
#1047=CARTESIAN_POINT('Control Point',(38.807674409,-15.1844613831,-0.923207488443)) ;
#1048=CARTESIAN_POINT('Control Point',(39.807674409,-15.1844613831,-0.923207488443)) ;
#1049=CARTESIAN_POINT('Control Point',(38.7499999995,-15.2500000011,-0.461579392417)) ;
#1050=CARTESIAN_POINT('Control Point',(39.7499999995,-15.2500000011,-0.461579392417)) ;
#1051=CARTESIAN_POINT('Control Point',(38.75,-15.25,2.93098878501E-013)) ;
#1052=CARTESIAN_POINT('Control Point',(39.75,-15.25,2.93098878501E-013)) ;
#1054=CARTESIAN_POINT('Control Point',(41.2645273148,-8.95662248428,-6.29344809871)) ;
#1055=CARTESIAN_POINT('Control Point',(41.4901861145,-9.73353255597,-6.01029109368)) ;
#1056=CARTESIAN_POINT('Control Point',(41.5860545002,-10.5327386537,-5.67175839464)) ;
#1057=CARTESIAN_POINT('Control Point',(41.5541038238,-11.3163952079,-5.27444010601)) ;
#1058=CARTESIAN_POINT('Control Point',(41.3167065684,-12.5720492168,-4.50477950812)) ;
#1059=CARTESIAN_POINT('Control Point',(40.8569445291,-13.63980612,-3.54811978564)) ;
#1060=CARTESIAN_POINT('Control Point',(40.6419877429,-14.0387195808,-3.12017249207)) ;
#1061=CARTESIAN_POINT('Control Point',(40.2514779832,-14.641502426,-2.32275193254)) ;
#1062=CARTESIAN_POINT('Control Point',(39.9230254039,-15.0527341344,-1.35927939928)) ;
#1063=CARTESIAN_POINT('Control Point',(39.807674409,-15.1844613831,-0.923207488443)) ;
#1064=CARTESIAN_POINT('Control Point',(39.7499999995,-15.2500000011,-0.461579392417)) ;
#1065=CARTESIAN_POINT('Control Point',(39.75,-15.25,2.93098878501E-013)) ;
#1066=CARTESIAN_POINT('Vertex',(41.2645273148,-8.95662248428,-6.29344809871)) ;
#1070=CARTESIAN_POINT('Control Point',(40.2645273148,-8.95662248428,-6.29344809871)) ;
#1071=CARTESIAN_POINT('Control Point',(40.4901861145,-9.73353255597,-6.01029109368)) ;
#1072=CARTESIAN_POINT('Control Point',(40.5860545002,-10.5327386537,-5.67175839464)) ;
#1073=CARTESIAN_POINT('Control Point',(40.5541038238,-11.3163952079,-5.27444010601)) ;
#1074=CARTESIAN_POINT('Control Point',(40.3167065684,-12.5720492168,-4.50477950812)) ;
#1075=CARTESIAN_POINT('Control Point',(39.8569445291,-13.63980612,-3.54811978564)) ;
#1076=CARTESIAN_POINT('Control Point',(39.6419877429,-14.0387195808,-3.12017249207)) ;
#1077=CARTESIAN_POINT('Control Point',(39.2514779832,-14.641502426,-2.32275193254)) ;
#1078=CARTESIAN_POINT('Control Point',(38.9230254039,-15.0527341344,-1.35927939928)) ;
#1079=CARTESIAN_POINT('Control Point',(38.807674409,-15.1844613831,-0.923207488443)) ;
#1080=CARTESIAN_POINT('Control Point',(38.7499999995,-15.2500000011,-0.461579392417)) ;
#1081=CARTESIAN_POINT('Control Point',(38.75,-15.25,2.93098878501E-013)) ;
#1082=CARTESIAN_POINT('Vertex',(40.2645273148,-8.95662248428,-6.29344809871)) ;
#1086=CARTESIAN_POINT('Control Point',(40.2645273148,-8.95662248428,-6.29344809871)) ;
#1087=CARTESIAN_POINT('Control Point',(41.2645273148,-8.95662248428,-6.29344809871)) ;
#1097=CARTESIAN_POINT('Control Point',(39.75,-15.25,2.86889496459E-013)) ;
#1098=CARTESIAN_POINT('Control Point',(39.75,-14.25,2.87095807272E-013)) ;
#1099=CARTESIAN_POINT('Control Point',(39.7499999995,-15.2500000011,0.465293442109)) ;
#1100=CARTESIAN_POINT('Control Point',(39.7499999995,-14.250000001,0.350789480521)) ;
#1101=CARTESIAN_POINT('Control Point',(39.8086062851,-15.1834024112,0.930636214629)) ;
#1102=CARTESIAN_POINT('Control Point',(39.8086062851,-14.1997914355,0.701529375066)) ;
#1103=CARTESIAN_POINT('Control Point',(39.9258089754,-15.0495251205,1.36991688989)) ;
#1104=CARTESIAN_POINT('Control Point',(39.9258089754,-14.098539034,1.04017742226)) ;
#1105=CARTESIAN_POINT('Control Point',(40.2570675152,-14.6340950108,2.33551680042)) ;
#1106=CARTESIAN_POINT('Control Point',(40.2570675152,-13.7718570661,1.80459115884)) ;
#1107=CARTESIAN_POINT('Control Point',(40.6489943949,-14.0267087816,3.13430469196)) ;
#1108=CARTESIAN_POINT('Control Point',(40.6489943949,-13.2655126987,2.47754004257)) ;
#1109=CARTESIAN_POINT('Control Point',(40.8638005701,-13.6260539461,3.56193249554)) ;
#1110=CARTESIAN_POINT('Control Point',(40.8638005701,-12.9197275427,2.8488155442)) ;
#1111=CARTESIAN_POINT('Control Point',(41.320534323,-12.5582972319,4.51406999913)) ;
#1112=CARTESIAN_POINT('Control Point',(41.320534323,-11.9763099298,3.69225477292)) ;
#1113=CARTESIAN_POINT('Control Point',(41.5545703796,-11.3044798606,5.28049191336)) ;
#1114=CARTESIAN_POINT('Control Point',(41.5545703796,-10.8239697126,4.40039060123)) ;
#1115=CARTESIAN_POINT('Control Point',(41.585078804,-10.5246341989,5.67518989583)) ;
#1116=CARTESIAN_POINT('Control Point',(41.585078804,-10.0960926522,4.76946056802)) ;
#1117=CARTESIAN_POINT('Control Point',(41.4890418994,-9.72959318743,6.01172685682)) ;
#1118=CARTESIAN_POINT('Control Point',(41.4890418994,-9.34701439187,5.08681636709)) ;
#1119=CARTESIAN_POINT('Control Point',(41.2645273148,-8.95662248428,6.29344809871)) ;
#1120=CARTESIAN_POINT('Control Point',(41.2645273148,-8.61419135907,5.35390516489)) ;
#1122=CARTESIAN_POINT('Control Point',(39.75,-15.25,2.86629692976E-013)) ;
#1123=CARTESIAN_POINT('Control Point',(39.75,-14.75,2.86765728687E-013)) ;
#1133=CARTESIAN_POINT('Control Point',(41.2645273148,8.61419135907,5.35390516489)) ;
#1134=CARTESIAN_POINT('Control Point',(40.2645273148,8.61419135907,5.35390516489)) ;
#1135=CARTESIAN_POINT('Control Point',(41.4901861597,9.35074929514,5.08545512296)) ;
#1136=CARTESIAN_POINT('Control Point',(40.4901861597,9.35074929514,5.08545512296)) ;
#1137=CARTESIAN_POINT('Control Point',(41.5860545386,10.1037284867,4.7662244363)) ;
#1138=CARTESIAN_POINT('Control Point',(40.5860545386,10.1037284867,4.7662244363)) ;
#1139=CARTESIAN_POINT('Control Point',(41.554103866,10.835093807,4.39473447395)) ;
#1140=CARTESIAN_POINT('Control Point',(40.554103866,10.835093807,4.39473447395)) ;
#1141=CARTESIAN_POINT('Control Point',(41.3167066313,11.9888243404,3.68371751235)) ;
#1142=CARTESIAN_POINT('Control Point',(40.3167066313,11.9888243404,3.68371751235)) ;
#1143=CARTESIAN_POINT('Control Point',(40.8569445287,12.9316909672,2.83675186499)) ;
#1144=CARTESIAN_POINT('Control Point',(39.8569445287,12.9316909672,2.83675186499)) ;
#1145=CARTESIAN_POINT('Control Point',(40.6419877361,13.2757290549,2.46543914905)) ;
#1146=CARTESIAN_POINT('Control Point',(39.6419877361,13.2757290549,2.46543914905)) ;
#1147=CARTESIAN_POINT('Control Point',(40.2514779099,13.7778003949,1.79419117343)) ;
#1148=CARTESIAN_POINT('Control Point',(39.2514779099,13.7778003949,1.79419117343)) ;
#1149=CARTESIAN_POINT('Control Point',(39.9230252853,14.1009786001,1.03196633208)) ;
#1150=CARTESIAN_POINT('Control Point',(38.9230252853,14.1009786001,1.03196633208)) ;
#1151=CARTESIAN_POINT('Control Point',(39.8076746119,14.2005896624,0.695930485614)) ;
#1152=CARTESIAN_POINT('Control Point',(38.8076746119,14.2005896624,0.695930485614)) ;
#1153=CARTESIAN_POINT('Control Point',(39.7500000001,14.2500000002,0.347989573207)) ;
#1154=CARTESIAN_POINT('Control Point',(38.7500000001,14.2500000002,0.347989573207)) ;
#1155=CARTESIAN_POINT('Control Point',(39.75,14.25,1.33226762955E-015)) ;
#1156=CARTESIAN_POINT('Control Point',(38.75,14.25,1.33226762955E-015)) ;
#1158=CARTESIAN_POINT('Control Point',(39.6837493586,14.25,2.32276717775E-015)) ;
#1159=CARTESIAN_POINT('Control Point',(38.75,14.25,2.32276717775E-015)) ;
#1170=CARTESIAN_POINT('Control Point',(38.75,14.25,0.)) ;
#1171=CARTESIAN_POINT('Control Point',(38.75,15.25,0.)) ;
#1172=CARTESIAN_POINT('Control Point',(38.7500000001,14.2500000002,-0.350789475647)) ;
#1173=CARTESIAN_POINT('Control Point',(38.7500000001,15.2500000003,-0.465293435633)) ;
#1174=CARTESIAN_POINT('Control Point',(38.8086063262,14.1997914708,-0.701529388277)) ;
#1175=CARTESIAN_POINT('Control Point',(38.8086063262,15.1834024558,-0.930636231392)) ;
#1176=CARTESIAN_POINT('Control Point',(38.9258089792,14.0985390295,-1.04017743141)) ;
#1177=CARTESIAN_POINT('Control Point',(38.9258089792,15.0495251143,-1.36991690154)) ;
#1178=CARTESIAN_POINT('Control Point',(39.2570675193,13.7718570625,-1.80459116633)) ;
#1179=CARTESIAN_POINT('Control Point',(39.2570675193,14.6340950072,-2.33551680947)) ;
#1180=CARTESIAN_POINT('Control Point',(39.6489943991,13.2655126917,-2.47754005065)) ;
#1181=CARTESIAN_POINT('Control Point',(39.6489943991,14.026708772,-3.13430470179)) ;
#1182=CARTESIAN_POINT('Control Point',(39.8638005545,12.9197275515,-2.84881554002)) ;
#1183=CARTESIAN_POINT('Control Point',(39.8638005545,13.6260539558,-3.56193249205)) ;
#1184=CARTESIAN_POINT('Control Point',(40.3205340712,11.9763104859,-3.69225427185)) ;
#1185=CARTESIAN_POINT('Control Point',(40.3205340712,12.5582978613,-4.51406943186)) ;
#1186=CARTESIAN_POINT('Control Point',(40.5545700803,10.8239710686,-4.40038977444)) ;
#1187=CARTESIAN_POINT('Control Point',(40.5545700803,11.3044813358,-5.28049102121)) ;
#1188=CARTESIAN_POINT('Control Point',(40.5850792517,10.0960918495,-4.76946132366)) ;
#1189=CARTESIAN_POINT('Control Point',(40.5850792517,10.5246331868,-5.67519080799)) ;
#1190=CARTESIAN_POINT('Control Point',(40.489041675,9.34701365924,-5.08681663315)) ;
#1191=CARTESIAN_POINT('Control Point',(40.489041675,9.72959241435,-6.01172713816)) ;
#1192=CARTESIAN_POINT('Control Point',(40.2645273148,8.61419135907,-5.35390516489)) ;
#1193=CARTESIAN_POINT('Control Point',(40.2645273148,8.95662248428,-6.29344809871)) ;
#1195=CARTESIAN_POINT('Control Point',(40.2645273148,8.61419135907,-5.35390516489)) ;
#1196=CARTESIAN_POINT('Control Point',(40.2645273148,8.95662248428,-6.29344809871)) ;
#1197=CARTESIAN_POINT('Vertex',(40.2645273148,8.61419135907,-5.35390516489)) ;
#1201=CARTESIAN_POINT('Control Point',(38.75,14.25,0.)) ;
#1202=CARTESIAN_POINT('Control Point',(38.7500000001,14.2500000002,-0.350789475647)) ;
#1203=CARTESIAN_POINT('Control Point',(38.8086063262,14.1997914708,-0.701529388277)) ;
#1204=CARTESIAN_POINT('Control Point',(38.9258089792,14.0985390295,-1.04017743141)) ;
#1205=CARTESIAN_POINT('Control Point',(39.2570675193,13.7718570625,-1.80459116633)) ;
#1206=CARTESIAN_POINT('Control Point',(39.6489943991,13.2655126917,-2.47754005065)) ;
#1207=CARTESIAN_POINT('Control Point',(39.8638005545,12.9197275515,-2.84881554002)) ;
#1208=CARTESIAN_POINT('Control Point',(40.3205340712,11.9763104859,-3.69225427185)) ;
#1209=CARTESIAN_POINT('Control Point',(40.5545700803,10.8239710686,-4.40038977444)) ;
#1210=CARTESIAN_POINT('Control Point',(40.5850792517,10.0960918495,-4.76946132366)) ;
#1211=CARTESIAN_POINT('Control Point',(40.489041675,9.34701365924,-5.08681663315)) ;
#1212=CARTESIAN_POINT('Control Point',(40.2645273148,8.61419135907,-5.35390516489)) ;
#1222=CARTESIAN_POINT('Control Point',(40.2645273148,8.95662248428,-6.29344809871)) ;
#1223=CARTESIAN_POINT('Control Point',(41.2645273148,8.95662248428,-6.29344809871)) ;
#1224=CARTESIAN_POINT('Control Point',(38.6390017609,7.00950609301,-7.00310515287)) ;
#1225=CARTESIAN_POINT('Control Point',(39.6390017609,7.00950609301,-7.00310515287)) ;
#1226=CARTESIAN_POINT('Control Point',(37.42667971,4.66108752372,-7.5622365724)) ;
#1227=CARTESIAN_POINT('Control Point',(38.42667971,4.66108752372,-7.5622365724)) ;
#1228=CARTESIAN_POINT('Control Point',(36.7689844273,2.01559863033,-7.8638403449)) ;
#1229=CARTESIAN_POINT('Control Point',(37.7689844273,2.01559863033,-7.8638403449)) ;
#1230=CARTESIAN_POINT('Control Point',(36.7980585086,-2.0605278449,-7.84725667991)) ;
#1231=CARTESIAN_POINT('Control Point',(37.7980585086,-2.0605278449,-7.84725667991)) ;
#1232=CARTESIAN_POINT('Control Point',(38.1554256121,-5.75268977266,-7.23051727966)) ;
#1233=CARTESIAN_POINT('Control Point',(39.1554256121,-5.75268977266,-7.23051727966)) ;
#1234=CARTESIAN_POINT('Control Point',(38.7448308074,-6.91300380768,-6.964344613)) ;
#1235=CARTESIAN_POINT('Control Point',(39.7448308074,-6.91300380768,-6.964344613)) ;
#1236=CARTESIAN_POINT('Control Point',(39.4532125744,-7.98479880135,-6.64764445536)) ;
#1237=CARTESIAN_POINT('Control Point',(40.4532125744,-7.98479880135,-6.64764445536)) ;
#1238=CARTESIAN_POINT('Control Point',(40.2645273148,-8.95662248428,-6.29344809871)) ;
#1239=CARTESIAN_POINT('Control Point',(41.2645273148,-8.95662248428,-6.29344809871)) ;
#1241=CARTESIAN_POINT('Control Point',(41.2645273148,8.95662248428,-6.29344809871)) ;
#1242=CARTESIAN_POINT('Control Point',(39.6390017609,7.00950609301,-7.00310515287)) ;
#1243=CARTESIAN_POINT('Control Point',(38.42667971,4.66108752372,-7.5622365724)) ;
#1244=CARTESIAN_POINT('Control Point',(37.7689844273,2.01559863033,-7.8638403449)) ;
#1245=CARTESIAN_POINT('Control Point',(37.7980585086,-2.0605278449,-7.84725667991)) ;
#1246=CARTESIAN_POINT('Control Point',(39.1554256121,-5.75268977266,-7.23051727966)) ;
#1247=CARTESIAN_POINT('Control Point',(39.7448308074,-6.91300380768,-6.964344613)) ;
#1248=CARTESIAN_POINT('Control Point',(40.4532125744,-7.98479880135,-6.64764445536)) ;
#1249=CARTESIAN_POINT('Control Point',(41.2645273148,-8.95662248428,-6.29344809871)) ;
#1252=CARTESIAN_POINT('Control Point',(40.2645273148,8.95662248428,-6.29344809871)) ;
#1253=CARTESIAN_POINT('Control Point',(38.6390017609,7.00950609301,-7.00310515287)) ;
#1254=CARTESIAN_POINT('Control Point',(37.42667971,4.66108752372,-7.5622365724)) ;
#1255=CARTESIAN_POINT('Control Point',(36.7689844273,2.01559863033,-7.8638403449)) ;
#1256=CARTESIAN_POINT('Control Point',(36.7980585086,-2.0605278449,-7.84725667991)) ;
#1257=CARTESIAN_POINT('Control Point',(38.1554256121,-5.75268977266,-7.23051727966)) ;
#1258=CARTESIAN_POINT('Control Point',(38.7448308074,-6.91300380768,-6.964344613)) ;
#1259=CARTESIAN_POINT('Control Point',(39.4532125744,-7.98479880135,-6.64764445536)) ;
#1260=CARTESIAN_POINT('Control Point',(40.2645273148,-8.95662248428,-6.29344809871)) ;
#1270=CARTESIAN_POINT('Control Point',(39.75,15.25,0.)) ;
#1271=CARTESIAN_POINT('Control Point',(39.75,14.25,0.)) ;
#1272=CARTESIAN_POINT('Control Point',(39.7500000001,15.2500000003,-0.465293435632)) ;
#1273=CARTESIAN_POINT('Control Point',(39.7500000001,14.2500000002,-0.350789475647)) ;
#1274=CARTESIAN_POINT('Control Point',(39.8086063262,15.1834024558,-0.930636231383)) ;
#1275=CARTESIAN_POINT('Control Point',(39.8086063262,14.1997914708,-0.701529388268)) ;
#1276=CARTESIAN_POINT('Control Point',(39.9258089792,15.0495251143,-1.36991690154)) ;
#1277=CARTESIAN_POINT('Control Point',(39.9258089792,14.0985390295,-1.04017743141)) ;
#1278=CARTESIAN_POINT('Control Point',(40.2570675193,14.6340950072,-2.33551680947)) ;
#1279=CARTESIAN_POINT('Control Point',(40.2570675193,13.7718570625,-1.80459116633)) ;
#1280=CARTESIAN_POINT('Control Point',(40.6489943991,14.026708772,-3.13430470179)) ;
#1281=CARTESIAN_POINT('Control Point',(40.6489943991,13.2655126917,-2.47754005065)) ;
#1282=CARTESIAN_POINT('Control Point',(40.8638005545,13.6260539558,-3.56193249205)) ;
#1283=CARTESIAN_POINT('Control Point',(40.8638005545,12.919727553,-2.84881553926)) ;
#1284=CARTESIAN_POINT('Control Point',(41.3205340712,12.5582978613,-4.51406943186)) ;
#1285=CARTESIAN_POINT('Control Point',(41.3205340712,11.9763104837,-3.69225427293)) ;
#1286=CARTESIAN_POINT('Control Point',(41.5545700803,11.3044813358,-5.28049102121)) ;
#1287=CARTESIAN_POINT('Control Point',(41.5545700803,10.8239710716,-4.40038977291)) ;
#1288=CARTESIAN_POINT('Control Point',(41.5850792517,10.5246331917,-5.67519080799)) ;
#1289=CARTESIAN_POINT('Control Point',(41.5850792517,10.0960918926,-4.76946132366)) ;
#1290=CARTESIAN_POINT('Control Point',(41.489041675,9.7295924137,-6.01172713816)) ;
#1291=CARTESIAN_POINT('Control Point',(41.489041675,9.34701365924,-5.08681663315)) ;
#1292=CARTESIAN_POINT('Control Point',(41.2645273148,8.95662248428,-6.29344809871)) ;
#1293=CARTESIAN_POINT('Control Point',(41.2645273148,8.61419135907,-5.35390516489)) ;
#1295=CARTESIAN_POINT('Control Point',(41.2645273148,8.95662248428,-6.29344809871)) ;
#1296=CARTESIAN_POINT('Control Point',(41.2645273148,8.78540692168,-5.8236766318)) ;
#1306=CARTESIAN_POINT('Control Point',(39.75,-14.25,2.87095807272E-013)) ;
#1307=CARTESIAN_POINT('Control Point',(38.75,-14.25,2.87095807272E-013)) ;
#1308=CARTESIAN_POINT('Control Point',(39.7499999995,-14.250000001,0.350789480521)) ;
#1309=CARTESIAN_POINT('Control Point',(38.7499999995,-14.250000001,0.350789480521)) ;
#1310=CARTESIAN_POINT('Control Point',(39.8086062851,-14.1997914355,0.701529375047)) ;
#1311=CARTESIAN_POINT('Control Point',(38.8086062851,-14.1997914355,0.701529375047)) ;
#1312=CARTESIAN_POINT('Control Point',(39.9258089754,-14.098539034,1.04017742226)) ;
#1313=CARTESIAN_POINT('Control Point',(38.9258089754,-14.098539034,1.04017742226)) ;
#1314=CARTESIAN_POINT('Control Point',(40.2570675152,-13.7718570661,1.80459115884)) ;
#1315=CARTESIAN_POINT('Control Point',(39.2570675152,-13.7718570661,1.80459115884)) ;
#1316=CARTESIAN_POINT('Control Point',(40.6489943949,-13.2655126987,2.47754004257)) ;
#1317=CARTESIAN_POINT('Control Point',(39.6489943949,-13.2655126987,2.47754004257)) ;
#1318=CARTESIAN_POINT('Control Point',(40.8638005701,-12.9197275427,2.84881554344)) ;
#1319=CARTESIAN_POINT('Control Point',(39.8638005701,-12.9197275427,2.84881554344)) ;
#1320=CARTESIAN_POINT('Control Point',(41.320534323,-11.9763099298,3.692254774)) ;
#1321=CARTESIAN_POINT('Control Point',(40.320534323,-11.9763099298,3.692254774)) ;
#1322=CARTESIAN_POINT('Control Point',(41.5545703796,-10.8239697126,4.4003905997)) ;
#1323=CARTESIAN_POINT('Control Point',(40.5545703796,-10.8239697126,4.4003905997)) ;
#1324=CARTESIAN_POINT('Control Point',(41.585078804,-10.0960927322,4.76946048806)) ;
#1325=CARTESIAN_POINT('Control Point',(40.585078804,-10.0960927322,4.76946048806)) ;
#1326=CARTESIAN_POINT('Control Point',(41.4890418994,-9.34701439187,5.08681636709)) ;
#1327=CARTESIAN_POINT('Control Point',(40.4890418994,-9.34701439187,5.08681636709)) ;
#1328=CARTESIAN_POINT('Control Point',(41.2645273148,-8.61419135907,5.35390516489)) ;
#1329=CARTESIAN_POINT('Control Point',(40.2645273148,-8.61419135907,5.35390516489)) ;
#1331=CARTESIAN_POINT('Control Point',(39.6837493586,-14.25,2.86901764398E-013)) ;
#1332=CARTESIAN_POINT('Control Point',(38.75,-14.25,2.86901764398E-013)) ;
#1343=CARTESIAN_POINT('Control Point',(40.2645273148,-8.61419135907,-5.35390516489)) ;
#1344=CARTESIAN_POINT('Control Point',(40.2645273148,-8.95662248428,-6.29344809871)) ;
#1345=CARTESIAN_POINT('Control Point',(40.4901861145,-9.35074915103,-5.08545517667)) ;
#1346=CARTESIAN_POINT('Control Point',(40.4901861145,-9.73353255565,-6.01029109368)) ;
#1347=CARTESIAN_POINT('Control Point',(40.5860545002,-10.1037285834,-4.7662244522)) ;
#1348=CARTESIAN_POINT('Control Point',(40.5860545002,-10.532738653,-5.67175839464)) ;
#1349=CARTESIAN_POINT('Control Point',(40.5541038238,-10.8350940567,-4.39473431128)) ;
#1350=CARTESIAN_POINT('Control Point',(40.5541038238,-11.316395211,-5.27444010601)) ;
#1351=CARTESIAN_POINT('Control Point',(40.3167065684,-11.9888244666,-3.68371741011)) ;
#1352=CARTESIAN_POINT('Control Point',(40.3167065684,-12.5720492146,-4.50477950812)) ;
#1353=CARTESIAN_POINT('Control Point',(39.8569445291,-12.9316909712,-2.83675185501)) ;
#1354=CARTESIAN_POINT('Control Point',(39.8569445291,-13.6398061215,-3.54811978564)) ;
#1355=CARTESIAN_POINT('Control Point',(39.6419877429,-13.2757290446,-2.46543916418)) ;
#1356=CARTESIAN_POINT('Control Point',(39.6419877429,-14.0387195793,-3.12017249207)) ;
#1357=CARTESIAN_POINT('Control Point',(39.2514779832,-13.7778003025,-1.7941912989)) ;
#1358=CARTESIAN_POINT('Control Point',(39.2514779832,-14.6415024271,-2.32275193254)) ;
#1359=CARTESIAN_POINT('Control Point',(38.9230254039,-14.1009784827,-1.03196660891)) ;
#1360=CARTESIAN_POINT('Control Point',(38.9230254039,-15.0527341336,-1.35927939928)) ;
#1361=CARTESIAN_POINT('Control Point',(38.807674409,-14.2005898118,-0.695930162567)) ;
#1362=CARTESIAN_POINT('Control Point',(38.807674409,-15.1844613831,-0.923207488442)) ;
#1363=CARTESIAN_POINT('Control Point',(38.7499999995,-14.250000001,-0.347989420496)) ;
#1364=CARTESIAN_POINT('Control Point',(38.7499999995,-15.2500000011,-0.461579392417)) ;
#1365=CARTESIAN_POINT('Control Point',(38.75,-14.25,2.90434343242E-013)) ;
#1366=CARTESIAN_POINT('Control Point',(38.75,-15.25,2.86437540353E-013)) ;
#1368=CARTESIAN_POINT('Control Point',(40.2645273148,-8.61419135907,-5.35390516489)) ;
#1369=CARTESIAN_POINT('Control Point',(40.4901861145,-9.35074915103,-5.08545517667)) ;
#1370=CARTESIAN_POINT('Control Point',(40.5860545002,-10.1037285834,-4.7662244522)) ;
#1371=CARTESIAN_POINT('Control Point',(40.5541038238,-10.8350940567,-4.39473431128)) ;
#1372=CARTESIAN_POINT('Control Point',(40.3167065684,-11.9888244666,-3.68371741011)) ;
#1373=CARTESIAN_POINT('Control Point',(39.8569445291,-12.9316909712,-2.83675185501)) ;
#1374=CARTESIAN_POINT('Control Point',(39.6419877429,-13.2757290446,-2.46543916418)) ;
#1375=CARTESIAN_POINT('Control Point',(39.2514779832,-13.7778003025,-1.7941912989)) ;
#1376=CARTESIAN_POINT('Control Point',(38.9230254039,-14.1009784827,-1.03196660891)) ;
#1377=CARTESIAN_POINT('Control Point',(38.807674409,-14.2005898118,-0.695930162567)) ;
#1378=CARTESIAN_POINT('Control Point',(38.7499999995,-14.250000001,-0.347989420496)) ;
#1379=CARTESIAN_POINT('Control Point',(38.75,-14.25,2.90434343242E-013)) ;
#1380=CARTESIAN_POINT('Vertex',(40.2645273148,-8.61419135907,-5.35390516489)) ;
#1384=CARTESIAN_POINT('Control Point',(40.2645273148,-8.61419135907,-5.35390516489)) ;
#1385=CARTESIAN_POINT('Control Point',(40.2645273148,-8.95662248428,-6.29344809871)) ;
#1395=CARTESIAN_POINT('Control Point',(41.2645273148,-8.95662248428,-6.29344809871)) ;
#1396=CARTESIAN_POINT('Control Point',(41.2645273148,-8.61419135907,-5.35390516489)) ;
#1397=CARTESIAN_POINT('Control Point',(41.4901861145,-9.73353255597,-6.01029109368)) ;
#1398=CARTESIAN_POINT('Control Point',(41.4901861145,-9.35074915103,-5.08545517667)) ;
#1399=CARTESIAN_POINT('Control Point',(41.5860545002,-10.5327386537,-5.67175839464)) ;
#1400=CARTESIAN_POINT('Control Point',(41.5860545002,-10.1037285026,-4.76622457026)) ;
#1401=CARTESIAN_POINT('Control Point',(41.5541038238,-11.3163952079,-5.27444010601)) ;
#1402=CARTESIAN_POINT('Control Point',(41.5541038238,-10.8350940567,-4.39473431283)) ;
#1403=CARTESIAN_POINT('Control Point',(41.3167065684,-12.5720492168,-4.50477950812)) ;
#1404=CARTESIAN_POINT('Control Point',(41.3167065684,-11.9888244666,-3.68371740903)) ;
#1405=CARTESIAN_POINT('Control Point',(40.8569445291,-13.63980612,-3.54811978564)) ;
#1406=CARTESIAN_POINT('Control Point',(40.8569445291,-12.9316909712,-2.83675185577)) ;
#1407=CARTESIAN_POINT('Control Point',(40.6419877429,-14.0387195808,-3.12017249207)) ;
#1408=CARTESIAN_POINT('Control Point',(40.6419877429,-13.2757290446,-2.46543916418)) ;
#1409=CARTESIAN_POINT('Control Point',(40.2514779832,-14.641502426,-2.32275193254)) ;
#1410=CARTESIAN_POINT('Control Point',(40.2514779832,-13.7778003025,-1.7941912989)) ;
#1411=CARTESIAN_POINT('Control Point',(39.9230254039,-15.0527341344,-1.35927939928)) ;
#1412=CARTESIAN_POINT('Control Point',(39.9230254039,-14.1009784827,-1.03196660891)) ;
#1413=CARTESIAN_POINT('Control Point',(39.807674409,-15.1844613831,-0.923207488443)) ;
#1414=CARTESIAN_POINT('Control Point',(39.807674409,-14.2005898118,-0.69593016253)) ;
#1415=CARTESIAN_POINT('Control Point',(39.7499999995,-15.2500000011,-0.461579392417)) ;
#1416=CARTESIAN_POINT('Control Point',(39.7499999995,-14.250000001,-0.347989420495)) ;
#1417=CARTESIAN_POINT('Control Point',(39.75,-15.25,2.93098878501E-013)) ;
#1418=CARTESIAN_POINT('Control Point',(39.75,-14.25,2.80664380625E-013)) ;
#1420=CARTESIAN_POINT('Control Point',(41.2645273148,-8.95662248428,-6.29344809871)) ;
#1421=CARTESIAN_POINT('Control Point',(41.2645273148,-8.78540692168,-5.8236766318)) ;
#1431=CARTESIAN_POINT('Control Point',(39.75,14.25,0.)) ;
#1432=CARTESIAN_POINT('Control Point',(38.75,14.25,0.)) ;
#1433=CARTESIAN_POINT('Control Point',(39.7500000001,14.2500000002,-0.350789475647)) ;
#1434=CARTESIAN_POINT('Control Point',(38.7500000001,14.2500000002,-0.350789475647)) ;
#1435=CARTESIAN_POINT('Control Point',(39.8086063262,14.1997914708,-0.701529388295)) ;
#1436=CARTESIAN_POINT('Control Point',(38.8086063262,14.1997914708,-0.701529388295)) ;
#1437=CARTESIAN_POINT('Control Point',(39.9258089792,14.0985390303,-1.04017743141)) ;
#1438=CARTESIAN_POINT('Control Point',(38.9258089792,14.0985390303,-1.04017743141)) ;
#1439=CARTESIAN_POINT('Control Point',(40.2570675193,13.7718570614,-1.80459116633)) ;
#1440=CARTESIAN_POINT('Control Point',(39.2570675193,13.7718570614,-1.80459116633)) ;
#1441=CARTESIAN_POINT('Control Point',(40.6489943991,13.2655126932,-2.47754005065)) ;
#1442=CARTESIAN_POINT('Control Point',(39.6489943991,13.2655126932,-2.47754005065)) ;
#1443=CARTESIAN_POINT('Control Point',(40.8638005545,12.9197275515,-2.84881554002)) ;
#1444=CARTESIAN_POINT('Control Point',(39.8638005545,12.9197275515,-2.84881554002)) ;
#1445=CARTESIAN_POINT('Control Point',(41.3205340712,11.9763104859,-3.69225427185)) ;
#1446=CARTESIAN_POINT('Control Point',(40.3205340712,11.9763104859,-3.69225427185)) ;
#1447=CARTESIAN_POINT('Control Point',(41.5545700803,10.8239710686,-4.40038977444)) ;
#1448=CARTESIAN_POINT('Control Point',(40.5545700803,10.8239710686,-4.40038977444)) ;
#1449=CARTESIAN_POINT('Control Point',(41.5850792517,10.0960919651,-4.76946132496)) ;
#1450=CARTESIAN_POINT('Control Point',(40.5850792517,10.0960919651,-4.76946132496)) ;
#1451=CARTESIAN_POINT('Control Point',(41.489041675,9.34701365859,-5.0868166338)) ;
#1452=CARTESIAN_POINT('Control Point',(40.489041675,9.34701365859,-5.0868166338)) ;
#1453=CARTESIAN_POINT('Control Point',(41.2645273148,8.61419135907,-5.35390516489)) ;
#1454=CARTESIAN_POINT('Control Point',(40.2645273148,8.61419135907,-5.35390516489)) ;
#1456=CARTESIAN_POINT('Control Point',(40.6054943978,8.61419135907,-5.35390516489)) ;
#1457=CARTESIAN_POINT('Control Point',(40.2645273148,8.61419135907,-5.35390516489)) ;
#1468=CARTESIAN_POINT('Control Point',(40.2645273148,8.61419135907,-5.35390516489)) ;
#1469=CARTESIAN_POINT('Control Point',(40.2645273148,8.95662248428,-6.29344809871)) ;
#1470=CARTESIAN_POINT('Control Point',(38.6390017609,6.76820765214,-6.02670283143)) ;
#1471=CARTESIAN_POINT('Control Point',(38.6390017609,7.00950609301,-7.00310515317)) ;
#1472=CARTESIAN_POINT('Control Point',(37.42667971,4.51226474846,-6.5675451788)) ;
#1473=CARTESIAN_POINT('Control Point',(37.42667971,4.66108753956,-7.562236573)) ;
#1474=CARTESIAN_POINT('Control Point',(36.7689844273,1.95136218046,-6.86077052942)) ;
#1475=CARTESIAN_POINT('Control Point',(36.7689844273,2.01559863033,-7.8638403449)) ;
#1476=CARTESIAN_POINT('Control Point',(36.7980585086,-1.9979118974,-6.84322133214)) ;
#1477=CARTESIAN_POINT('Control Point',(36.7980585086,-2.0605278449,-7.84725667991)) ;
#1478=CARTESIAN_POINT('Control Point',(38.1554256121,-5.55536051285,-6.24857700401)) ;
#1479=CARTESIAN_POINT('Control Point',(38.1554256121,-5.75268977266,-7.23051727966)) ;
#1480=CARTESIAN_POINT('Control Point',(38.7448308074,-6.66937410512,-5.99263202572)) ;
#1481=CARTESIAN_POINT('Control Point',(38.7448308074,-6.91300380768,-6.96434462903)) ;
#1482=CARTESIAN_POINT('Control Point',(39.4532125744,-7.69284392848,-5.68970466219)) ;
#1483=CARTESIAN_POINT('Control Point',(39.4532125744,-7.98479880135,-6.64764445536)) ;
#1484=CARTESIAN_POINT('Control Point',(40.2645273148,-8.61419135907,-5.35390516489)) ;
#1485=CARTESIAN_POINT('Control Point',(40.2645273148,-8.95662248428,-6.29344809871)) ;
#1487=CARTESIAN_POINT('Control Point',(40.2645273148,8.61419135907,-5.35390516489)) ;
#1488=CARTESIAN_POINT('Control Point',(38.6390017609,6.76820765214,-6.02670283143)) ;
#1489=CARTESIAN_POINT('Control Point',(37.42667971,4.51226474846,-6.5675451788)) ;
#1490=CARTESIAN_POINT('Control Point',(36.7689844273,1.95136218046,-6.86077052942)) ;
#1491=CARTESIAN_POINT('Control Point',(36.7980585086,-1.9979118974,-6.84322133214)) ;
#1492=CARTESIAN_POINT('Control Point',(38.1554256121,-5.55536051285,-6.24857700401)) ;
#1493=CARTESIAN_POINT('Control Point',(38.7448308074,-6.66937410512,-5.99263202572)) ;
#1494=CARTESIAN_POINT('Control Point',(39.4532125744,-7.69284392848,-5.68970466219)) ;
#1495=CARTESIAN_POINT('Control Point',(40.2645273148,-8.61419135907,-5.35390516489)) ;
#1505=CARTESIAN_POINT('Control Point',(41.2645273148,8.95662248428,-6.29344809871)) ;
#1506=CARTESIAN_POINT('Control Point',(41.2645273148,8.61419135907,-5.35390516489)) ;
#1507=CARTESIAN_POINT('Control Point',(39.6390017609,7.00950609301,-7.00310515287)) ;
#1508=CARTESIAN_POINT('Control Point',(39.6390017609,6.76820765244,-6.02670283143)) ;
#1509=CARTESIAN_POINT('Control Point',(38.42667971,4.66108752372,-7.5622365724)) ;
#1510=CARTESIAN_POINT('Control Point',(38.42667971,4.51226452434,-6.5675451788)) ;
#1511=CARTESIAN_POINT('Control Point',(37.7689844273,2.01559863033,-7.8638403449)) ;
#1512=CARTESIAN_POINT('Control Point',(37.7689844273,1.95136218046,-6.86077052942)) ;
#1513=CARTESIAN_POINT('Control Point',(37.7980585086,-2.0605278449,-7.84725667991)) ;
#1514=CARTESIAN_POINT('Control Point',(37.7980585086,-1.9979118974,-6.84322133214)) ;
#1515=CARTESIAN_POINT('Control Point',(39.1554256121,-5.75268977266,-7.23051727966)) ;
#1516=CARTESIAN_POINT('Control Point',(39.1554256121,-5.55536051284,-6.24857700401)) ;
#1517=CARTESIAN_POINT('Control Point',(39.7448308074,-6.91300380768,-6.964344613)) ;
#1518=CARTESIAN_POINT('Control Point',(39.7448308074,-6.6693741054,-5.99263202572)) ;
#1519=CARTESIAN_POINT('Control Point',(40.4532125744,-7.98479880135,-6.64764445536)) ;
#1520=CARTESIAN_POINT('Control Point',(40.4532125744,-7.69284392862,-5.68970466219)) ;
#1521=CARTESIAN_POINT('Control Point',(41.2645273148,-8.95662248428,-6.29344809871)) ;
#1522=CARTESIAN_POINT('Control Point',(41.2645273148,-8.61419135907,-5.35390516489)) ;
#1531=CARTESIAN_POINT('Control Point',(41.2645273148,-8.61419135907,-5.35390516489)) ;
#1532=CARTESIAN_POINT('Control Point',(40.2645273148,-8.61419135907,-5.35390516489)) ;
#1533=CARTESIAN_POINT('Control Point',(41.4901861145,-9.35074915168,-5.08545517634)) ;
#1534=CARTESIAN_POINT('Control Point',(40.4901861145,-9.35074915168,-5.08545517634)) ;
#1535=CARTESIAN_POINT('Control Point',(41.5860545002,-10.1037285412,-4.76622453231)) ;
#1536=CARTESIAN_POINT('Control Point',(40.5860545002,-10.1037285412,-4.76622453231)) ;
#1537=CARTESIAN_POINT('Control Point',(41.5541038238,-10.8350940567,-4.39473431283)) ;
#1538=CARTESIAN_POINT('Control Point',(40.5541038238,-10.8350940567,-4.39473431283)) ;
#1539=CARTESIAN_POINT('Control Point',(41.3167065684,-11.9888244666,-3.68371740903)) ;
#1540=CARTESIAN_POINT('Control Point',(40.3167065684,-11.9888244666,-3.68371740903)) ;
#1541=CARTESIAN_POINT('Control Point',(40.8569445291,-12.9316909712,-2.83675185577)) ;
#1542=CARTESIAN_POINT('Control Point',(39.8569445291,-12.9316909712,-2.83675185577)) ;
#1543=CARTESIAN_POINT('Control Point',(40.6419877429,-13.2757290461,-2.46543916455)) ;
#1544=CARTESIAN_POINT('Control Point',(39.6419877429,-13.2757290461,-2.46543916455)) ;
#1545=CARTESIAN_POINT('Control Point',(40.2514779832,-13.7778003015,-1.79419129863)) ;
#1546=CARTESIAN_POINT('Control Point',(39.2514779832,-13.7778003015,-1.79419129863)) ;
#1547=CARTESIAN_POINT('Control Point',(39.9230254039,-14.1009784834,-1.0319666091)) ;
#1548=CARTESIAN_POINT('Control Point',(38.9230254039,-14.1009784834,-1.0319666091)) ;
#1549=CARTESIAN_POINT('Control Point',(39.807674409,-14.2005898118,-0.695930162567)) ;
#1550=CARTESIAN_POINT('Control Point',(38.807674409,-14.2005898118,-0.695930162567)) ;
#1551=CARTESIAN_POINT('Control Point',(39.7499999995,-14.250000001,-0.347989420496)) ;
#1552=CARTESIAN_POINT('Control Point',(38.7499999995,-14.250000001,-0.347989420496)) ;
#1553=CARTESIAN_POINT('Control Point',(39.75,-14.25,2.84883228119E-013)) ;
#1554=CARTESIAN_POINT('Control Point',(38.75,-14.25,2.84883228119E-013)) ;
#1556=CARTESIAN_POINT('Control Point',(40.6054943978,-8.61419135907,-5.35390516489)) ;
#1557=CARTESIAN_POINT('Control Point',(40.2645273148,-8.61419135907,-5.35390516489)) ;
#1568=CARTESIAN_POINT('Control Point',(41.2645273148,8.61419135907,-5.35390516489)) ;
#1569=CARTESIAN_POINT('Control Point',(40.2645273148,8.61419135907,-5.35390516489)) ;
#1570=CARTESIAN_POINT('Control Point',(39.6390017609,6.76820765186,-6.02670283143)) ;
#1571=CARTESIAN_POINT('Control Point',(38.6390017609,6.76820765186,-6.02670283143)) ;
#1572=CARTESIAN_POINT('Control Point',(38.42667971,4.51226482808,-6.5675451788)) ;
#1573=CARTESIAN_POINT('Control Point',(37.42667971,4.51226482808,-6.5675451788)) ;
#1574=CARTESIAN_POINT('Control Point',(37.7689844273,1.95136218244,-6.86077052942)) ;
#1575=CARTESIAN_POINT('Control Point',(36.7689844273,1.95136218244,-6.86077052942)) ;
#1576=CARTESIAN_POINT('Control Point',(37.7980585086,-1.99791189839,-6.84322133214)) ;
#1577=CARTESIAN_POINT('Control Point',(36.7980585086,-1.99791189839,-6.84322133214)) ;
#1578=CARTESIAN_POINT('Control Point',(39.1554256121,-5.55536051235,-6.24857700401)) ;
#1579=CARTESIAN_POINT('Control Point',(38.1554256121,-5.55536051235,-6.24857700401)) ;
#1580=CARTESIAN_POINT('Control Point',(39.7448308074,-6.66937404884,-5.99263202208)) ;
#1581=CARTESIAN_POINT('Control Point',(38.7448308074,-6.66937404884,-5.99263202208)) ;
#1582=CARTESIAN_POINT('Control Point',(40.4532125744,-7.69284392833,-5.68970466234)) ;
#1583=CARTESIAN_POINT('Control Point',(39.4532125744,-7.69284392833,-5.68970466234)) ;
#1584=CARTESIAN_POINT('Control Point',(41.2645273148,-8.61419135907,-5.35390516489)) ;
#1585=CARTESIAN_POINT('Control Point',(40.2645273148,-8.61419135907,-5.35390516489)) ;
#53=DIRECTION('Axis2P3D Direction',(0.,0.,1.)) ;
#54=DIRECTION('Axis2P3D XDirection',(-1.96005385927E-015,-1.,-0.)) ;
#92=DIRECTION('Vector Direction',(0.,0.,1.)) ;
#103=DIRECTION('Axis2P3D Direction',(-1.,2.14086372618E-030,-3.64291929955E-015)) ;
#104=DIRECTION('Axis2P3D XDirection',(-2.14086372618E-030,-1.,0.)) ;
#107=DIRECTION('Vector Direction',(1.,-2.14086372618E-030,3.64291929955E-015)) ;
#158=DIRECTION('Vector Direction',(1.,0.,3.64291929955E-015)) ;
#195=DIRECTION('Vector Direction',(1.,0.,3.64291929955E-015)) ;
#211=DIRECTION('Axis2P3D Direction',(-1.,2.14086372618E-030,-3.64291929955E-015)) ;
#212=DIRECTION('Axis2P3D XDirection',(-2.14086372618E-030,-1.,0.)) ;
#215=DIRECTION('Vector Direction',(1.,-2.14086372618E-030,3.64291929955E-015)) ;
#306=DIRECTION('Axis2P3D Direction',(0.,0.,1.)) ;
#307=DIRECTION('Axis2P3D XDirection',(-0.743254903838,0.669008331727,0.)) ;
#311=DIRECTION('Vector Direction',(0.,0.,1.)) ;
#323=DIRECTION('Axis2P3D Direction',(0.,0.,1.)) ;
#324=DIRECTION('Axis2P3D XDirection',(0.944125221617,-0.329586962585,0.)) ;
#334=DIRECTION('Axis2P3D Direction',(0.,0.,1.)) ;
#335=DIRECTION('Axis2P3D XDirection',(-2.84823227897E-015,-1.,-0.)) ;
#373=DIRECTION('Vector Direction',(0.,0.,1.)) ;
#384=DIRECTION('Axis2P3D Direction',(0.,0.,1.)) ;
#385=DIRECTION('Axis2P3D XDirection',(-0.759274165059,0.650770883087,0.)) ;
#418=DIRECTION('Vector Direction',(0.,0.,1.)) ;
#463=DIRECTION('Axis2P3D Direction',(0.,0.,1.)) ;
#464=DIRECTION('Axis2P3D XDirection',(0.958299467225,-0.285765867654,0.)) ;
#48=AXIS2_PLACEMENT_3D(' ',#47,$,$) ;
#55=AXIS2_PLACEMENT_3D('Cylinder Axis2P3D',#52,#53,#54) ;
#105=AXIS2_PLACEMENT_3D('Ellipse Axis2P3D',#102,#103,#104) ;
#213=AXIS2_PLACEMENT_3D('Ellipse Axis2P3D',#210,#211,#212) ;
#308=AXIS2_PLACEMENT_3D('Cylinder Axis2P3D',#305,#306,#307) ;
#325=AXIS2_PLACEMENT_3D('Cylinder Axis2P3D',#322,#323,#324) ;
#336=AXIS2_PLACEMENT_3D('Cylinder Axis2P3D',#333,#334,#335) ;
#386=AXIS2_PLACEMENT_3D('Cylinder Axis2P3D',#383,#384,#385) ;
#465=AXIS2_PLACEMENT_3D('Cylinder Axis2P3D',#462,#463,#464) ;
#40=PRODUCT_DEFINITION_SHAPE(' ',' ',#14) ;
#31=APPROVAL_PERSON_ORGANIZATION(#25,#21,#19) ;
#25=PERSON_AND_ORGANIZATION(#22,#23) ;
#22=PERSON(' ',' ',' ',$,$,$) ;
#23=ORGANIZATION(' ',' ',' ') ;
#21=APPROVAL(#20,' ') ;
#20=APPROVAL_STATUS('not_yet_approved') ;
#19=APPROVAL_ROLE('APPROVER') ;
#13=DATE_AND_TIME(#11,#12) ;
#12=LOCAL_TIME(9,55,21.,#10) ;
#10=COORDINATED_UNIVERSAL_TIME_OFFSET(0,0,.AHEAD.) ;
#97=ORIENTED_EDGE('',*,*,#74,.F.) ;
#98=ORIENTED_EDGE('',*,*,#90,.T.) ;
#99=ORIENTED_EDGE('',*,*,#95,.T.) ;
#200=ORIENTED_EDGE('',*,*,#127,.T.) ;
#201=ORIENTED_EDGE('',*,*,#140,.F.) ;
#202=ORIENTED_EDGE('',*,*,#156,.F.) ;
#203=ORIENTED_EDGE('',*,*,#161,.T.) ;
#204=ORIENTED_EDGE('',*,*,#74,.T.) ;
#205=ORIENTED_EDGE('',*,*,#177,.F.) ;
#206=ORIENTED_EDGE('',*,*,#193,.F.) ;
#207=ORIENTED_EDGE('',*,*,#198,.F.) ;
#295=ORIENTED_EDGE('',*,*,#233,.T.) ;
#296=ORIENTED_EDGE('',*,*,#249,.F.) ;
#297=ORIENTED_EDGE('',*,*,#263,.F.) ;
#298=ORIENTED_EDGE('',*,*,#198,.T.) ;
#299=ORIENTED_EDGE('',*,*,#279,.T.) ;
#300=ORIENTED_EDGE('',*,*,#293,.T.) ;
#301=ORIENTED_EDGE('',*,*,#90,.F.) ;
#302=ORIENTED_EDGE('',*,*,#161,.F.) ;
#316=ORIENTED_EDGE('',*,*,#95,.F.) ;
#317=ORIENTED_EDGE('',*,*,#293,.F.) ;
#318=ORIENTED_EDGE('',*,*,#314,.T.) ;
#319=ORIENTED_EDGE('',*,*,#177,.T.) ;
#328=ORIENTED_EDGE('',*,*,#279,.F.) ;
#329=ORIENTED_EDGE('',*,*,#193,.T.) ;
#330=ORIENTED_EDGE('',*,*,#314,.F.) ;
#378=ORIENTED_EDGE('',*,*,#355,.F.) ;
#379=ORIENTED_EDGE('',*,*,#371,.T.) ;
#380=ORIENTED_EDGE('',*,*,#376,.F.) ;
#452=ORIENTED_EDGE('',*,*,#395,.T.) ;
#453=ORIENTED_EDGE('',*,*,#408,.T.) ;
#454=ORIENTED_EDGE('',*,*,#416,.F.) ;
#455=ORIENTED_EDGE('',*,*,#423,.F.) ;
#456=ORIENTED_EDGE('',*,*,#431,.T.) ;
#457=ORIENTED_EDGE('',*,*,#444,.T.) ;
#458=ORIENTED_EDGE('',*,*,#450,.F.) ;
#459=ORIENTED_EDGE('',*,*,#376,.T.) ;
#498=ORIENTED_EDGE('',*,*,#482,.F.) ;
#499=ORIENTED_EDGE('',*,*,#496,.T.) ;
#500=ORIENTED_EDGE('',*,*,#423,.T.) ;
#561=ORIENTED_EDGE('',*,*,#529,.T.) ;
#562=ORIENTED_EDGE('',*,*,#542,.F.) ;
#563=ORIENTED_EDGE('',*,*,#548,.F.) ;
#564=ORIENTED_EDGE('',*,*,#559,.T.) ;
#629=ORIENTED_EDGE('',*,*,#607,.F.) ;
#630=ORIENTED_EDGE('',*,*,#613,.T.) ;
#631=ORIENTED_EDGE('',*,*,#627,.T.) ;
#632=ORIENTED_EDGE('',*,*,#529,.F.) ;
#678=ORIENTED_EDGE('',*,*,#659,.T.) ;
#679=ORIENTED_EDGE('',*,*,#672,.F.) ;
#680=ORIENTED_EDGE('',*,*,#676,.F.) ;
#681=ORIENTED_EDGE('',*,*,#542,.T.) ;
#746=ORIENTED_EDGE('',*,*,#548,.T.) ;
#747=ORIENTED_EDGE('',*,*,#724,.F.) ;
#748=ORIENTED_EDGE('',*,*,#730,.F.) ;
#749=ORIENTED_EDGE('',*,*,#744,.T.) ;
#780=ORIENTED_EDGE('',*,*,#140,.T.) ;
#781=ORIENTED_EDGE('',*,*,#774,.T.) ;
#782=ORIENTED_EDGE('',*,*,#559,.F.) ;
#783=ORIENTED_EDGE('',*,*,#778,.F.) ;
#832=ORIENTED_EDGE('',*,*,#627,.F.) ;
#833=ORIENTED_EDGE('',*,*,#816,.T.) ;
#834=ORIENTED_EDGE('',*,*,#830,.T.) ;
#835=ORIENTED_EDGE('',*,*,#659,.F.) ;
#900=ORIENTED_EDGE('',*,*,#870,.T.) ;
#901=ORIENTED_EDGE('',*,*,#884,.F.) ;
#902=ORIENTED_EDGE('',*,*,#613,.F.) ;
#903=ORIENTED_EDGE('',*,*,#898,.T.) ;
#936=ORIENTED_EDGE('',*,*,#127,.F.) ;
#937=ORIENTED_EDGE('',*,*,#934,.T.) ;
#938=ORIENTED_EDGE('',*,*,#607,.T.) ;
#939=ORIENTED_EDGE('',*,*,#774,.F.) ;
#970=ORIENTED_EDGE('',*,*,#408,.F.) ;
#971=ORIENTED_EDGE('',*,*,#964,.F.) ;
#972=ORIENTED_EDGE('',*,*,#672,.T.) ;
#973=ORIENTED_EDGE('',*,*,#968,.T.) ;
#1022=ORIENTED_EDGE('',*,*,#676,.T.) ;
#1023=ORIENTED_EDGE('',*,*,#1016,.F.) ;
#1024=ORIENTED_EDGE('',*,*,#1020,.F.) ;
#1025=ORIENTED_EDGE('',*,*,#724,.T.) ;
#1090=ORIENTED_EDGE('',*,*,#1068,.F.) ;
#1091=ORIENTED_EDGE('',*,*,#730,.T.) ;
#1092=ORIENTED_EDGE('',*,*,#1084,.T.) ;
#1093=ORIENTED_EDGE('',*,*,#1088,.F.) ;
#1126=ORIENTED_EDGE('',*,*,#156,.T.) ;
#1127=ORIENTED_EDGE('',*,*,#778,.T.) ;
#1128=ORIENTED_EDGE('',*,*,#744,.F.) ;
#1129=ORIENTED_EDGE('',*,*,#1124,.F.) ;
#1162=ORIENTED_EDGE('',*,*,#482,.T.) ;
#1163=ORIENTED_EDGE('',*,*,#416,.T.) ;
#1164=ORIENTED_EDGE('',*,*,#968,.F.) ;
#1165=ORIENTED_EDGE('',*,*,#830,.F.) ;
#1166=ORIENTED_EDGE('',*,*,#1160,.T.) ;
#1215=ORIENTED_EDGE('',*,*,#1199,.T.) ;
#1216=ORIENTED_EDGE('',*,*,#1213,.F.) ;
#1217=ORIENTED_EDGE('',*,*,#816,.F.) ;
#1218=ORIENTED_EDGE('',*,*,#884,.T.) ;
#1263=ORIENTED_EDGE('',*,*,#1250,.F.) ;
#1264=ORIENTED_EDGE('',*,*,#1088,.T.) ;
#1265=ORIENTED_EDGE('',*,*,#1261,.T.) ;
#1266=ORIENTED_EDGE('',*,*,#870,.F.) ;
#1299=ORIENTED_EDGE('',*,*,#263,.T.) ;
#1300=ORIENTED_EDGE('',*,*,#1297,.T.) ;
#1301=ORIENTED_EDGE('',*,*,#898,.F.) ;
#1302=ORIENTED_EDGE('',*,*,#934,.F.) ;
#1335=ORIENTED_EDGE('',*,*,#395,.F.) ;
#1336=ORIENTED_EDGE('',*,*,#371,.F.) ;
#1337=ORIENTED_EDGE('',*,*,#1333,.F.) ;
#1338=ORIENTED_EDGE('',*,*,#1016,.T.) ;
#1339=ORIENTED_EDGE('',*,*,#964,.T.) ;
#1388=ORIENTED_EDGE('',*,*,#1084,.F.) ;
#1389=ORIENTED_EDGE('',*,*,#1020,.T.) ;
#1390=ORIENTED_EDGE('',*,*,#1382,.T.) ;
#1391=ORIENTED_EDGE('',*,*,#1386,.F.) ;
#1424=ORIENTED_EDGE('',*,*,#233,.F.) ;
#1425=ORIENTED_EDGE('',*,*,#1124,.T.) ;
#1426=ORIENTED_EDGE('',*,*,#1068,.T.) ;
#1427=ORIENTED_EDGE('',*,*,#1422,.F.) ;
#1460=ORIENTED_EDGE('',*,*,#431,.F.) ;
#1461=ORIENTED_EDGE('',*,*,#496,.F.) ;
#1462=ORIENTED_EDGE('',*,*,#1160,.F.) ;
#1463=ORIENTED_EDGE('',*,*,#1213,.T.) ;
#1464=ORIENTED_EDGE('',*,*,#1458,.T.) ;
#1498=ORIENTED_EDGE('',*,*,#1261,.F.) ;
#1499=ORIENTED_EDGE('',*,*,#1386,.T.) ;
#1500=ORIENTED_EDGE('',*,*,#1496,.T.) ;
#1501=ORIENTED_EDGE('',*,*,#1199,.F.) ;
#1524=ORIENTED_EDGE('',*,*,#249,.T.) ;
#1525=ORIENTED_EDGE('',*,*,#1422,.T.) ;
#1526=ORIENTED_EDGE('',*,*,#1250,.T.) ;
#1527=ORIENTED_EDGE('',*,*,#1297,.F.) ;
#1560=ORIENTED_EDGE('',*,*,#355,.T.) ;
#1561=ORIENTED_EDGE('',*,*,#450,.T.) ;
#1562=ORIENTED_EDGE('',*,*,#1558,.F.) ;
#1563=ORIENTED_EDGE('',*,*,#1382,.F.) ;
#1564=ORIENTED_EDGE('',*,*,#1333,.T.) ;
#1587=ORIENTED_EDGE('',*,*,#444,.F.) ;
#1588=ORIENTED_EDGE('',*,*,#1458,.F.) ;
#1589=ORIENTED_EDGE('',*,*,#1496,.F.) ;
#1590=ORIENTED_EDGE('',*,*,#1558,.T.) ;
#51=CLOSED_SHELL('Closed Shell',(#101,#209,#304,#321,#332,#382,#461,#502,#566,#634,#683,#751,#785,#837,#905,#941,#975,#1027,#1095,#1131,#1168,#1220,#1268,#1304,#1341,#1393,#1429,#1466,#1503,#1529,#1566,#1592)) ;
#93=VECTOR('Line Direction',#92,1.) ;
#108=VECTOR('Extrusion Surface Vector',#107,1.) ;
#159=VECTOR('Line Direction',#158,1.) ;
#196=VECTOR('Line Direction',#195,1.) ;
#216=VECTOR('Extrusion Surface Vector',#215,1.) ;
#312=VECTOR('Line Direction',#311,1.) ;
#374=VECTOR('Line Direction',#373,1.) ;
#419=VECTOR('Line Direction',#418,1.) ;
#1594=ADVANCED_BREP_SHAPE_REPRESENTATION('NONE',(#1593),#46) ;
#49=SHAPE_REPRESENTATION(' ',(#48),#46) ;
#101=ADVANCED_FACE('PartBody',(#100),#56,.T.) ;
#209=ADVANCED_FACE('PartBody',(#208),#109,.F.) ;
#304=ADVANCED_FACE('PartBody',(#303),#217,.F.) ;
#321=ADVANCED_FACE('PartBody',(#320),#309,.F.) ;
#332=ADVANCED_FACE('PartBody',(#331),#326,.T.) ;
#382=ADVANCED_FACE('PartBody',(#381),#337,.F.) ;
#461=ADVANCED_FACE('PartBody',(#460),#387,.T.) ;
#502=ADVANCED_FACE('PartBody',(#501),#466,.F.) ;
#566=ADVANCED_FACE('PartBody',(#565),#503,.F.) ;
#634=ADVANCED_FACE('PartBody',(#633),#567,.F.) ;
#683=ADVANCED_FACE('PartBody',(#682),#635,.F.) ;
#751=ADVANCED_FACE('PartBody',(#750),#684,.F.) ;
#785=ADVANCED_FACE('PartBody',(#784),#752,.F.) ;
#837=ADVANCED_FACE('PartBody',(#836),#786,.F.) ;
#905=ADVANCED_FACE('PartBody',(#904),#838,.F.) ;
#941=ADVANCED_FACE('PartBody',(#940),#906,.F.) ;
#975=ADVANCED_FACE('PartBody',(#974),#942,.F.) ;
#1027=ADVANCED_FACE('PartBody',(#1026),#976,.F.) ;
#1095=ADVANCED_FACE('PartBody',(#1094),#1028,.F.) ;
#1131=ADVANCED_FACE('PartBody',(#1130),#1096,.F.) ;
#1168=ADVANCED_FACE('PartBody',(#1167),#1132,.F.) ;
#1220=ADVANCED_FACE('PartBody',(#1219),#1169,.F.) ;
#1268=ADVANCED_FACE('PartBody',(#1267),#1221,.F.) ;
#1304=ADVANCED_FACE('PartBody',(#1303),#1269,.F.) ;
#1341=ADVANCED_FACE('PartBody',(#1340),#1305,.F.) ;
#1393=ADVANCED_FACE('PartBody',(#1392),#1342,.F.) ;
#1429=ADVANCED_FACE('PartBody',(#1428),#1394,.F.) ;
#1466=ADVANCED_FACE('PartBody',(#1465),#1430,.F.) ;
#1503=ADVANCED_FACE('PartBody',(#1502),#1467,.F.) ;
#1529=ADVANCED_FACE('PartBody',(#1528),#1504,.F.) ;
#1566=ADVANCED_FACE('PartBody',(#1565),#1530,.F.) ;
#1592=ADVANCED_FACE('PartBody',(#1591),#1567,.F.) ;
#4=APPLICATION_PROTOCOL_DEFINITION('international standard','config_control_design',1994,#1) ;
#32=APPROVAL_DATE_TIME(#13,#21) ;
#57=B_SPLINE_CURVE_WITH_KNOTS('',5,(#58,#59,#60,#61,#62,#63,#64,#65,#66,#67,#68,#69),.UNSPECIFIED.,.F.,.U.,(6,3,3,6),(0.,6.02207351606,10.9881368251,19.2502786098),.UNSPECIFIED.) ;
#75=B_SPLINE_CURVE_WITH_KNOTS('',5,(#76,#77,#78,#79,#80,#81,#82,#83,#84,#85,#86,#87),.UNSPECIFIED.,.F.,.U.,(6,3,3,6),(0.,6.02207351579,10.9881368248,19.25027861),.UNSPECIFIED.) ;
#110=B_SPLINE_CURVE_WITH_KNOTS('',5,(#111,#112,#113,#114,#115,#116,#117,#118,#119,#120,#121,#122),.UNSPECIFIED.,.F.,.U.,(6,3,3,6),(0.,4.44068944105,10.2026351856,18.044350911),.UNSPECIFIED.) ;
#128=B_SPLINE_CURVE_WITH_KNOTS('',5,(#129,#130,#131,#132,#133,#134,#135,#136,#137),.UNSPECIFIED.,.F.,.U.,(6,3,6),(0.,14.3880591863,29.5267063127),.UNSPECIFIED.) ;
#141=B_SPLINE_CURVE_WITH_KNOTS('',5,(#142,#143,#144,#145,#146,#147,#148,#149,#150,#151,#152,#153),.UNSPECIFIED.,.F.,.U.,(6,3,3,6),(0.,4.44086822664,10.201924644,18.0434427502),.UNSPECIFIED.) ;
#162=B_SPLINE_CURVE_WITH_KNOTS('',5,(#163,#164,#165,#166,#167,#168,#169,#170,#171,#172,#173,#174),.UNSPECIFIED.,.F.,.U.,(6,3,3,6),(0.,6.41562137358,14.8820733948,26.9133761459),.UNSPECIFIED.) ;
#178=B_SPLINE_CURVE_WITH_KNOTS('',5,(#179,#180,#181,#182,#183,#184,#185,#186,#187,#188,#189,#190),.UNSPECIFIED.,.F.,.U.,(6,3,3,6),(0.,6.0220735161,10.9881368251,19.2502786098),.UNSPECIFIED.) ;
#218=B_SPLINE_CURVE_WITH_KNOTS('',5,(#219,#220,#221,#222,#223,#224,#225,#226,#227,#228,#229,#230),.UNSPECIFIED.,.F.,.U.,(6,3,3,6),(0.,4.44069002552,10.2026352494,18.0443504692),.UNSPECIFIED.) ;
#234=B_SPLINE_CURVE_WITH_KNOTS('',5,(#235,#236,#237,#238,#239,#240,#241,#242,#243,#244,#245,#246),.UNSPECIFIED.,.F.,.U.,(6,3,3,6),(0.,8.11480722106,16.2051626217,29.5370852781),.UNSPECIFIED.) ;
#250=B_SPLINE_CURVE_WITH_KNOTS('',5,(#251,#252,#253,#254,#255,#256,#257,#258,#259,#260,#261,#262),.UNSPECIFIED.,.F.,.U.,(6,3,3,6),(0.,4.44086628571,10.2019204423,18.0434388213),.UNSPECIFIED.) ;
#264=B_SPLINE_CURVE_WITH_KNOTS('',5,(#265,#266,#267,#268,#269,#270,#271,#272,#273,#274,#275,#276),.UNSPECIFIED.,.F.,.U.,(6,3,3,6),(0.,6.02207351691,10.9881368262,19.2502786099),.UNSPECIFIED.) ;
#280=B_SPLINE_CURVE_WITH_KNOTS('',5,(#281,#282,#283,#284,#285,#286,#287,#288,#289,#290,#291,#292),.UNSPECIFIED.,.F.,.U.,(6,3,3,6),(0.,6.41562137372,14.882073395,26.9133761459),.UNSPECIFIED.) ;
#338=B_SPLINE_CURVE_WITH_KNOTS('',5,(#339,#340,#341,#342,#343,#344,#345,#346,#347,#348,#349,#350),.UNSPECIFIED.,.F.,.U.,(6,3,3,6),(0.,2.97103803156,6.0560205375,12.1869593048),.UNSPECIFIED.) ;
#356=B_SPLINE_CURVE_WITH_KNOTS('',5,(#357,#358,#359,#360,#361,#362,#363,#364,#365,#366,#367,#368),.UNSPECIFIED.,.F.,.U.,(6,3,3,6),(0.,2.97087704427,6.05580071477,12.1864975458),.UNSPECIFIED.) ;
#388=B_SPLINE_CURVE_WITH_KNOTS('',3,(#389,#390,#391,#392),.UNSPECIFIED.,.F.,.U.,(4,4),(0.,0.317524051425),.UNSPECIFIED.) ;
#396=B_SPLINE_CURVE_WITH_KNOTS('',5,(#397,#398,#399,#400,#401,#402,#403,#404,#405),.UNSPECIFIED.,.F.,.U.,(6,3,6),(0.,13.5583939288,27.1344410831),.UNSPECIFIED.) ;
#409=B_SPLINE_CURVE_WITH_KNOTS('',3,(#410,#411,#412,#413),.UNSPECIFIED.,.F.,.U.,(4,4),(0.,0.317524053244),.UNSPECIFIED.) ;
#424=B_SPLINE_CURVE_WITH_KNOTS('',3,(#425,#426,#427,#428),.UNSPECIFIED.,.F.,.U.,(4,4),(0.,0.317524035832),.UNSPECIFIED.) ;
#432=B_SPLINE_CURVE_WITH_KNOTS('',5,(#433,#434,#435,#436,#437,#438,#439,#440,#441),.UNSPECIFIED.,.F.,.U.,(6,3,6),(0.,13.5596990517,27.1446330611),.UNSPECIFIED.) ;
#445=B_SPLINE_CURVE_WITH_KNOTS('',3,(#446,#447,#448,#449),.UNSPECIFIED.,.F.,.U.,(4,4),(0.,0.317524048549),.UNSPECIFIED.) ;
#467=B_SPLINE_CURVE_WITH_KNOTS('',5,(#468,#469,#470,#471,#472,#473,#474,#475,#476,#477,#478,#479),.UNSPECIFIED.,.F.,.U.,(6,3,3,6),(0.,2.97103707603,6.05602009794,12.1869605468),.UNSPECIFIED.) ;
#483=B_SPLINE_CURVE_WITH_KNOTS('',5,(#484,#485,#486,#487,#488,#489,#490,#491,#492,#493,#494,#495),.UNSPECIFIED.,.F.,.U.,(6,3,3,6),(0.,2.97087698716,6.05579922316,12.1864946648),.UNSPECIFIED.) ;
#522=B_SPLINE_CURVE_WITH_KNOTS('',1,(#523,#524),.UNSPECIFIED.,.F.,.U.,(2,2),(38.75,39.75),.UNSPECIFIED.) ;
#530=B_SPLINE_CURVE_WITH_KNOTS('',5,(#531,#532,#533,#534,#535,#536,#537,#538,#539),.UNSPECIFIED.,.F.,.U.,(6,3,6),(0.,9.70769134407,19.415302704),.UNSPECIFIED.) ;
#543=B_SPLINE_CURVE_WITH_KNOTS('',1,(#544,#545),.UNSPECIFIED.,.F.,.U.,(2,2),(38.75,39.75),.UNSPECIFIED.) ;
#549=B_SPLINE_CURVE_WITH_KNOTS('',5,(#550,#551,#552,#553,#554,#555,#556,#557,#558),.UNSPECIFIED.,.F.,.U.,(6,3,6),(0.,9.70769134407,19.415302704),.UNSPECIFIED.) ;
#592=B_SPLINE_CURVE_WITH_KNOTS('',5,(#593,#594,#595,#596,#597,#598,#599,#600,#601,#602,#603,#604),.UNSPECIFIED.,.F.,.U.,(6,3,3,6),(0.,4.18359035568,7.10826021594,9.15200819926),.UNSPECIFIED.) ;
#608=B_SPLINE_CURVE_WITH_KNOTS('',1,(#609,#610),.UNSPECIFIED.,.F.,.U.,(2,2),(38.75,39.75),.UNSPECIFIED.) ;
#614=B_SPLINE_CURVE_WITH_KNOTS('',5,(#615,#616,#617,#618,#619,#620,#621,#622,#623,#624,#625,#626),.UNSPECIFIED.,.F.,.U.,(6,3,3,6),(0.,4.18359035568,7.10826021594,9.15200819926),.UNSPECIFIED.) ;
#654=B_SPLINE_CURVE_WITH_KNOTS('',1,(#655,#656),.UNSPECIFIED.,.F.,.U.,(2,2),(14.25,15.25),.UNSPECIFIED.) ;
#660=B_SPLINE_CURVE_WITH_KNOTS('',5,(#661,#662,#663,#664,#665,#666,#667,#668,#669),.UNSPECIFIED.,.F.,.U.,(6,3,6),(0.,9.70769134407,19.415302704),.UNSPECIFIED.) ;
#673=B_SPLINE_CURVE_WITH_KNOTS('',1,(#674,#675),.UNSPECIFIED.,.F.,.U.,(2,2),(14.25,15.25),.UNSPECIFIED.) ;
#709=B_SPLINE_CURVE_WITH_KNOTS('',5,(#710,#711,#712,#713,#714,#715,#716,#717,#718,#719,#720,#721),.UNSPECIFIED.,.F.,.U.,(6,3,3,6),(0.,2.06019188097,4.98930150084,9.15167790534),.UNSPECIFIED.) ;
#725=B_SPLINE_CURVE_WITH_KNOTS('',1,(#726,#727),.UNSPECIFIED.,.F.,.U.,(2,2),(38.75,39.75),.UNSPECIFIED.) ;
#731=B_SPLINE_CURVE_WITH_KNOTS('',5,(#732,#733,#734,#735,#736,#737,#738,#739,#740,#741,#742,#743),.UNSPECIFIED.,.F.,.U.,(6,3,3,6),(0.,2.06019188097,4.98930150084,9.15167790534),.UNSPECIFIED.) ;
#771=B_SPLINE_CURVE_WITH_KNOTS('',1,(#772,#773),.UNSPECIFIED.,.F.,.U.,(2,2),(-0.5,-5.82867087928E-015),.UNSPECIFIED.) ;
#775=B_SPLINE_CURVE_WITH_KNOTS('',1,(#776,#777),.UNSPECIFIED.,.F.,.U.,(2,2),(-0.5,-2.10942374679E-015),.UNSPECIFIED.) ;
#811=B_SPLINE_CURVE_WITH_KNOTS('',1,(#812,#813),.UNSPECIFIED.,.F.,.U.,(2,2),(14.25,15.25),.UNSPECIFIED.) ;
#817=B_SPLINE_CURVE_WITH_KNOTS('',5,(#818,#819,#820,#821,#822,#823,#824,#825,#826,#827,#828,#829),.UNSPECIFIED.,.F.,.U.,(6,3,3,6),(0.,4.18359035568,7.10826021594,9.15200819926),.UNSPECIFIED.) ;
#863=B_SPLINE_CURVE_WITH_KNOTS('',1,(#864,#865),.UNSPECIFIED.,.F.,.U.,(2,2),(38.75,39.75),.UNSPECIFIED.) ;
#871=B_SPLINE_CURVE_WITH_KNOTS('',5,(#872,#873,#874,#875,#876,#877,#878,#879,#880,#881,#882,#883),.UNSPECIFIED.,.F.,.U.,(6,3,3,6),(0.,2.06019185231,4.98930149934,9.15167374094),.UNSPECIFIED.) ;
#885=B_SPLINE_CURVE_WITH_KNOTS('',5,(#886,#887,#888,#889,#890,#891,#892,#893,#894,#895,#896,#897),.UNSPECIFIED.,.F.,.U.,(6,3,3,6),(0.,2.06019185231,4.98930149934,9.15167374094),.UNSPECIFIED.) ;
#931=B_SPLINE_CURVE_WITH_KNOTS('',1,(#932,#933),.UNSPECIFIED.,.F.,.U.,(2,2),(-0.5,4.55191440096E-015),.UNSPECIFIED.) ;
#961=B_SPLINE_CURVE_WITH_KNOTS('',1,(#962,#963),.UNSPECIFIED.,.F.,.U.,(2,2),(0.159032917067,0.5),.UNSPECIFIED.) ;
#965=B_SPLINE_CURVE_WITH_KNOTS('',1,(#966,#967),.UNSPECIFIED.,.F.,.U.,(2,2),(0.159032917067,0.5),.UNSPECIFIED.) ;
#1001=B_SPLINE_CURVE_WITH_KNOTS('',5,(#1002,#1003,#1004,#1005,#1006,#1007,#1008,#1009,#1010,#1011,#1012,#1013),.UNSPECIFIED.,.F.,.U.,(6,3,3,6),(0.,2.06019188097,4.98930150084,9.15167790534),.UNSPECIFIED.) ;
#1017=B_SPLINE_CURVE_WITH_KNOTS('',1,(#1018,#1019),.UNSPECIFIED.,.F.,.U.,(2,2),(14.25,15.25),.UNSPECIFIED.) ;
#1053=B_SPLINE_CURVE_WITH_KNOTS('',5,(#1054,#1055,#1056,#1057,#1058,#1059,#1060,#1061,#1062,#1063,#1064,#1065),.UNSPECIFIED.,.F.,.U.,(6,3,3,6),(0.,4.18358953866,7.10825944239,9.15200652888),.UNSPECIFIED.) ;
#1069=B_SPLINE_CURVE_WITH_KNOTS('',5,(#1070,#1071,#1072,#1073,#1074,#1075,#1076,#1077,#1078,#1079,#1080,#1081),.UNSPECIFIED.,.F.,.U.,(6,3,3,6),(0.,4.18358953866,7.10825944239,9.15200652888),.UNSPECIFIED.) ;
#1085=B_SPLINE_CURVE_WITH_KNOTS('',1,(#1086,#1087),.UNSPECIFIED.,.F.,.U.,(2,2),(38.75,39.75),.UNSPECIFIED.) ;
#1121=B_SPLINE_CURVE_WITH_KNOTS('',1,(#1122,#1123),.UNSPECIFIED.,.F.,.U.,(2,2),(-0.5,-1.01030295241E-014),.UNSPECIFIED.) ;
#1157=B_SPLINE_CURVE_WITH_KNOTS('',1,(#1158,#1159),.UNSPECIFIED.,.F.,.U.,(2,2),(-0.43374935862,0.5),.UNSPECIFIED.) ;
#1194=B_SPLINE_CURVE_WITH_KNOTS('',1,(#1195,#1196),.UNSPECIFIED.,.F.,.U.,(2,2),(14.25,15.25),.UNSPECIFIED.) ;
#1200=B_SPLINE_CURVE_WITH_KNOTS('',5,(#1201,#1202,#1203,#1204,#1205,#1206,#1207,#1208,#1209,#1210,#1211,#1212),.UNSPECIFIED.,.F.,.U.,(6,3,3,6),(0.,2.06019185231,4.98930149934,9.15167374094),.UNSPECIFIED.) ;
#1240=B_SPLINE_CURVE_WITH_KNOTS('',5,(#1241,#1242,#1243,#1244,#1245,#1246,#1247,#1248,#1249),.UNSPECIFIED.,.F.,.U.,(6,3,6),(0.,12.9614112731,19.4305707396),.UNSPECIFIED.) ;
#1251=B_SPLINE_CURVE_WITH_KNOTS('',5,(#1252,#1253,#1254,#1255,#1256,#1257,#1258,#1259,#1260),.UNSPECIFIED.,.F.,.U.,(6,3,6),(0.,12.9614112731,19.4305707396),.UNSPECIFIED.) ;
#1294=B_SPLINE_CURVE_WITH_KNOTS('',1,(#1295,#1296),.UNSPECIFIED.,.F.,.U.,(2,2),(-0.5,2.10942374679E-015),.UNSPECIFIED.) ;
#1330=B_SPLINE_CURVE_WITH_KNOTS('',1,(#1331,#1332),.UNSPECIFIED.,.F.,.U.,(2,2),(-0.43374935862,0.5),.UNSPECIFIED.) ;
#1367=B_SPLINE_CURVE_WITH_KNOTS('',5,(#1368,#1369,#1370,#1371,#1372,#1373,#1374,#1375,#1376,#1377,#1378,#1379),.UNSPECIFIED.,.F.,.U.,(6,3,3,6),(0.,4.18358953866,7.10825944239,9.15200652888),.UNSPECIFIED.) ;
#1383=B_SPLINE_CURVE_WITH_KNOTS('',1,(#1384,#1385),.UNSPECIFIED.,.F.,.U.,(2,2),(14.25,15.25),.UNSPECIFIED.) ;
#1419=B_SPLINE_CURVE_WITH_KNOTS('',1,(#1420,#1421),.UNSPECIFIED.,.F.,.U.,(2,2),(-0.5,-5.27355936697E-015),.UNSPECIFIED.) ;
#1455=B_SPLINE_CURVE_WITH_KNOTS('',1,(#1456,#1457),.UNSPECIFIED.,.F.,.U.,(2,2),(0.159032917067,0.5),.UNSPECIFIED.) ;
#1486=B_SPLINE_CURVE_WITH_KNOTS('',5,(#1487,#1488,#1489,#1490,#1491,#1492,#1493,#1494,#1495),.UNSPECIFIED.,.F.,.U.,(6,3,6),(0.,12.9614112731,19.4305707396),.UNSPECIFIED.) ;
#1555=B_SPLINE_CURVE_WITH_KNOTS('',1,(#1556,#1557),.UNSPECIFIED.,.F.,.U.,(2,2),(0.159032917067,0.5),.UNSPECIFIED.) ;
#503=B_SPLINE_SURFACE_WITH_KNOTS('',5,1,((#504,#505),(#506,#507),(#508,#509),(#510,#511),(#512,#513),(#514,#515),(#516,#517),(#518,#519),(#520,#521)),.UNSPECIFIED.,.F.,.F.,.U.,(6,3,6),(2,2),(0.,9.70769134407,19.415302704),(38.75,39.75),.UNSPECIFIED.) ;
#567=B_SPLINE_SURFACE_WITH_KNOTS('',5,1,((#568,#569),(#570,#571),(#572,#573),(#574,#575),(#576,#577),(#578,#579),(#580,#581),(#582,#583),(#584,#585),(#586,#587),(#588,#589),(#590,#591)),.UNSPECIFIED.,.F.,.F.,.U.,(6,3,3,6),(2,2),(0.,4.18359035568,7.10826021594,9.15200819926),(38.75,39.75),.UNSPECIFIED.) ;
#635=B_SPLINE_SURFACE_WITH_KNOTS('',5,1,((#636,#637),(#638,#639),(#640,#641),(#642,#643),(#644,#645),(#646,#647),(#648,#649),(#650,#651),(#652,#653)),.UNSPECIFIED.,.F.,.F.,.U.,(6,3,6),(2,2),(0.,9.70769134407,19.415302704),(14.25,15.25),.UNSPECIFIED.) ;
#684=B_SPLINE_SURFACE_WITH_KNOTS('',5,1,((#685,#686),(#687,#688),(#689,#690),(#691,#692),(#693,#694),(#695,#696),(#697,#698),(#699,#700),(#701,#702),(#703,#704),(#705,#706),(#707,#708)),.UNSPECIFIED.,.F.,.F.,.U.,(6,3,3,6),(2,2),(0.,2.06019188097,4.98930150084,9.15167790534),(38.75,39.75),.UNSPECIFIED.) ;
#752=B_SPLINE_SURFACE_WITH_KNOTS('',5,1,((#753,#754),(#755,#756),(#757,#758),(#759,#760),(#761,#762),(#763,#764),(#765,#766),(#767,#768),(#769,#770)),.UNSPECIFIED.,.F.,.F.,.U.,(6,3,6),(2,2),(0.,9.70769134407,19.415302704),(-0.5,0.5),.UNSPECIFIED.) ;
#786=B_SPLINE_SURFACE_WITH_KNOTS('',5,1,((#787,#788),(#789,#790),(#791,#792),(#793,#794),(#795,#796),(#797,#798),(#799,#800),(#801,#802),(#803,#804),(#805,#806),(#807,#808),(#809,#810)),.UNSPECIFIED.,.F.,.F.,.U.,(6,3,3,6),(2,2),(0.,4.18359035568,7.10826021594,9.15200819926),(14.25,15.25),.UNSPECIFIED.) ;
#838=B_SPLINE_SURFACE_WITH_KNOTS('',5,1,((#839,#840),(#841,#842),(#843,#844),(#845,#846),(#847,#848),(#849,#850),(#851,#852),(#853,#854),(#855,#856),(#857,#858),(#859,#860),(#861,#862)),.UNSPECIFIED.,.F.,.F.,.U.,(6,3,3,6),(2,2),(0.,2.06019185231,4.98930149934,9.15167374094),(38.75,39.75),.UNSPECIFIED.) ;
#906=B_SPLINE_SURFACE_WITH_KNOTS('',5,1,((#907,#908),(#909,#910),(#911,#912),(#913,#914),(#915,#916),(#917,#918),(#919,#920),(#921,#922),(#923,#924),(#925,#926),(#927,#928),(#929,#930)),.UNSPECIFIED.,.F.,.F.,.U.,(6,3,3,6),(2,2),(0.,4.18359035568,7.10826021594,9.15200819926),(-0.5,0.5),.UNSPECIFIED.) ;
#942=B_SPLINE_SURFACE_WITH_KNOTS('',5,1,((#943,#944),(#945,#946),(#947,#948),(#949,#950),(#951,#952),(#953,#954),(#955,#956),(#957,#958),(#959,#960)),.UNSPECIFIED.,.F.,.F.,.U.,(6,3,6),(2,2),(0.,9.70769134407,19.415302704),(-0.5,0.5),.UNSPECIFIED.) ;
#976=B_SPLINE_SURFACE_WITH_KNOTS('',5,1,((#977,#978),(#979,#980),(#981,#982),(#983,#984),(#985,#986),(#987,#988),(#989,#990),(#991,#992),(#993,#994),(#995,#996),(#997,#998),(#999,#1000)),.UNSPECIFIED.,.F.,.F.,.U.,(6,3,3,6),(2,2),(0.,2.06019188097,4.98930150084,9.15167790534),(14.25,15.25),.UNSPECIFIED.) ;
#1028=B_SPLINE_SURFACE_WITH_KNOTS('',5,1,((#1029,#1030),(#1031,#1032),(#1033,#1034),(#1035,#1036),(#1037,#1038),(#1039,#1040),(#1041,#1042),(#1043,#1044),(#1045,#1046),(#1047,#1048),(#1049,#1050),(#1051,#1052)),.UNSPECIFIED.,.F.,.F.,.U.,(6,3,3,6),(2,2),(0.,4.18358953866,7.10825944239,9.15200652888),(38.75,39.75),.UNSPECIFIED.) ;
#1096=B_SPLINE_SURFACE_WITH_KNOTS('',5,1,((#1097,#1098),(#1099,#1100),(#1101,#1102),(#1103,#1104),(#1105,#1106),(#1107,#1108),(#1109,#1110),(#1111,#1112),(#1113,#1114),(#1115,#1116),(#1117,#1118),(#1119,#1120)),.UNSPECIFIED.,.F.,.F.,.U.,(6,3,3,6),(2,2),(0.,2.06019188097,4.98930150084,9.15167790534),(-0.5,0.5),.UNSPECIFIED.) ;
#1132=B_SPLINE_SURFACE_WITH_KNOTS('',5,1,((#1133,#1134),(#1135,#1136),(#1137,#1138),(#1139,#1140),(#1141,#1142),(#1143,#1144),(#1145,#1146),(#1147,#1148),(#1149,#1150),(#1151,#1152),(#1153,#1154),(#1155,#1156)),.UNSPECIFIED.,.F.,.F.,.U.,(6,3,3,6),(2,2),(0.,4.18359035568,7.10826021594,9.15200819926),(-0.5,0.5),.UNSPECIFIED.) ;
#1169=B_SPLINE_SURFACE_WITH_KNOTS('',5,1,((#1170,#1171),(#1172,#1173),(#1174,#1175),(#1176,#1177),(#1178,#1179),(#1180,#1181),(#1182,#1183),(#1184,#1185),(#1186,#1187),(#1188,#1189),(#1190,#1191),(#1192,#1193)),.UNSPECIFIED.,.F.,.F.,.U.,(6,3,3,6),(2,2),(0.,2.06019185231,4.98930149934,9.15167374094),(14.25,15.25),.UNSPECIFIED.) ;
#1221=B_SPLINE_SURFACE_WITH_KNOTS('',5,1,((#1222,#1223),(#1224,#1225),(#1226,#1227),(#1228,#1229),(#1230,#1231),(#1232,#1233),(#1234,#1235),(#1236,#1237),(#1238,#1239)),.UNSPECIFIED.,.F.,.F.,.U.,(6,3,6),(2,2),(0.,12.9614112731,19.4305707396),(38.75,39.75),.UNSPECIFIED.) ;
#1269=B_SPLINE_SURFACE_WITH_KNOTS('',5,1,((#1270,#1271),(#1272,#1273),(#1274,#1275),(#1276,#1277),(#1278,#1279),(#1280,#1281),(#1282,#1283),(#1284,#1285),(#1286,#1287),(#1288,#1289),(#1290,#1291),(#1292,#1293)),.UNSPECIFIED.,.F.,.F.,.U.,(6,3,3,6),(2,2),(0.,2.06019185231,4.98930149934,9.15167374094),(-0.5,0.5),.UNSPECIFIED.) ;
#1305=B_SPLINE_SURFACE_WITH_KNOTS('',5,1,((#1306,#1307),(#1308,#1309),(#1310,#1311),(#1312,#1313),(#1314,#1315),(#1316,#1317),(#1318,#1319),(#1320,#1321),(#1322,#1323),(#1324,#1325),(#1326,#1327),(#1328,#1329)),.UNSPECIFIED.,.F.,.F.,.U.,(6,3,3,6),(2,2),(0.,2.06019188097,4.98930150084,9.15167790534),(-0.5,0.5),.UNSPECIFIED.) ;
#1342=B_SPLINE_SURFACE_WITH_KNOTS('',5,1,((#1343,#1344),(#1345,#1346),(#1347,#1348),(#1349,#1350),(#1351,#1352),(#1353,#1354),(#1355,#1356),(#1357,#1358),(#1359,#1360),(#1361,#1362),(#1363,#1364),(#1365,#1366)),.UNSPECIFIED.,.F.,.F.,.U.,(6,3,3,6),(2,2),(0.,4.18358953866,7.10825944239,9.15200652888),(14.25,15.25),.UNSPECIFIED.) ;
#1394=B_SPLINE_SURFACE_WITH_KNOTS('',5,1,((#1395,#1396),(#1397,#1398),(#1399,#1400),(#1401,#1402),(#1403,#1404),(#1405,#1406),(#1407,#1408),(#1409,#1410),(#1411,#1412),(#1413,#1414),(#1415,#1416),(#1417,#1418)),.UNSPECIFIED.,.F.,.F.,.U.,(6,3,3,6),(2,2),(0.,4.18358953866,7.10825944239,9.15200652888),(-0.5,0.5),.UNSPECIFIED.) ;
#1430=B_SPLINE_SURFACE_WITH_KNOTS('',5,1,((#1431,#1432),(#1433,#1434),(#1435,#1436),(#1437,#1438),(#1439,#1440),(#1441,#1442),(#1443,#1444),(#1445,#1446),(#1447,#1448),(#1449,#1450),(#1451,#1452),(#1453,#1454)),.UNSPECIFIED.,.F.,.F.,.U.,(6,3,3,6),(2,2),(0.,2.06019185231,4.98930149934,9.15167374094),(-0.5,0.5),.UNSPECIFIED.) ;
#1467=B_SPLINE_SURFACE_WITH_KNOTS('',5,1,((#1468,#1469),(#1470,#1471),(#1472,#1473),(#1474,#1475),(#1476,#1477),(#1478,#1479),(#1480,#1481),(#1482,#1483),(#1484,#1485)),.UNSPECIFIED.,.F.,.F.,.U.,(6,3,6),(2,2),(0.,12.9614112731,19.4305707396),(14.25,15.25),.UNSPECIFIED.) ;
#1504=B_SPLINE_SURFACE_WITH_KNOTS('',5,1,((#1505,#1506),(#1507,#1508),(#1509,#1510),(#1511,#1512),(#1513,#1514),(#1515,#1516),(#1517,#1518),(#1519,#1520),(#1521,#1522)),.UNSPECIFIED.,.F.,.F.,.U.,(6,3,6),(2,2),(0.,12.9614112731,19.4305707396),(-0.5,0.5),.UNSPECIFIED.) ;
#1530=B_SPLINE_SURFACE_WITH_KNOTS('',5,1,((#1531,#1532),(#1533,#1534),(#1535,#1536),(#1537,#1538),(#1539,#1540),(#1541,#1542),(#1543,#1544),(#1545,#1546),(#1547,#1548),(#1549,#1550),(#1551,#1552),(#1553,#1554)),.UNSPECIFIED.,.F.,.F.,.U.,(6,3,3,6),(2,2),(0.,4.18358953866,7.10825944239,9.15200652888),(-0.5,0.5),.UNSPECIFIED.) ;
#1567=B_SPLINE_SURFACE_WITH_KNOTS('',5,1,((#1568,#1569),(#1570,#1571),(#1572,#1573),(#1574,#1575),(#1576,#1577),(#1578,#1579),(#1580,#1581),(#1582,#1583),(#1584,#1585)),.UNSPECIFIED.,.F.,.F.,.U.,(6,3,6),(2,2),(0.,12.9614112731,19.4305707396),(-0.5,0.5),.UNSPECIFIED.) ;
#1593=MANIFOLD_SOLID_BREP('PartBody',#51) ;
#11=CALENDAR_DATE(2026,6,7) ;
#30=CC_DESIGN_APPROVAL(#21,(#16,#6,#14)) ;
#18=CC_DESIGN_DATE_AND_TIME_ASSIGNMENT(#13,#17,(#16)) ;
#29=CC_DESIGN_DATE_AND_TIME_ASSIGNMENT(#13,#28,(#14)) ;
#17=DATE_TIME_ROLE('classification_date') ;
#28=DATE_TIME_ROLE('creation_date') ;
#27=CC_DESIGN_PERSON_AND_ORGANIZATION_ASSIGNMENT(#25,#26,(#16)) ;
#33=CC_DESIGN_PERSON_AND_ORGANIZATION_ASSIGNMENT(#25,#34,(#6)) ;
#35=CC_DESIGN_PERSON_AND_ORGANIZATION_ASSIGNMENT(#25,#36,(#6,#14)) ;
#37=CC_DESIGN_PERSON_AND_ORGANIZATION_ASSIGNMENT(#25,#38,(#5)) ;
#26=PERSON_AND_ORGANIZATION_ROLE('classification_officer') ;
#34=PERSON_AND_ORGANIZATION_ROLE('design_supplier') ;
#36=PERSON_AND_ORGANIZATION_ROLE('creator') ;
#38=PERSON_AND_ORGANIZATION_ROLE('design_owner') ;
#39=CC_DESIGN_SECURITY_CLASSIFICATION(#16,(#6)) ;
#1595=SHAPE_REPRESENTATION_RELATIONSHIP(' ',' ',#49,#1594) ;
#56=CYLINDRICAL_SURFACE('generated cylinder',#55,7.49999834527) ;
#309=CYLINDRICAL_SURFACE('generated cylinder',#308,12.) ;
#326=CYLINDRICAL_SURFACE('generated cylinder',#325,7.49999834527) ;
#337=CYLINDRICAL_SURFACE('generated cylinder',#336,5.99999834527) ;
#387=CYLINDRICAL_SURFACE('generated cylinder',#386,13.5) ;
#466=CYLINDRICAL_SURFACE('generated cylinder',#465,5.99999834527) ;
#3=DESIGN_CONTEXT(' ',#1,'design') ;
#74=EDGE_CURVE('',#71,#73,#57,.T.) ;
#90=EDGE_CURVE('',#71,#89,#75,.T.) ;
#95=EDGE_CURVE('',#89,#73,#94,.T.) ;
#127=EDGE_CURVE('',#124,#126,#110,.T.) ;
#140=EDGE_CURVE('',#139,#126,#128,.T.) ;
#156=EDGE_CURVE('',#155,#139,#141,.T.) ;
#161=EDGE_CURVE('',#155,#71,#160,.T.) ;
#177=EDGE_CURVE('',#176,#73,#162,.T.) ;
#193=EDGE_CURVE('',#192,#176,#178,.T.) ;
#198=EDGE_CURVE('',#124,#192,#197,.T.) ;
#233=EDGE_CURVE('',#155,#232,#218,.T.) ;
#249=EDGE_CURVE('',#248,#232,#234,.T.) ;
#263=EDGE_CURVE('',#124,#248,#250,.T.) ;
#279=EDGE_CURVE('',#192,#278,#264,.T.) ;
#293=EDGE_CURVE('',#278,#89,#280,.T.) ;
#314=EDGE_CURVE('',#278,#176,#313,.T.) ;
#355=EDGE_CURVE('',#352,#354,#338,.T.) ;
#371=EDGE_CURVE('',#352,#370,#356,.T.) ;
#376=EDGE_CURVE('',#354,#370,#375,.T.) ;
#395=EDGE_CURVE('',#370,#394,#388,.T.) ;
#408=EDGE_CURVE('',#394,#407,#396,.T.) ;
#416=EDGE_CURVE('',#415,#407,#409,.T.) ;
#423=EDGE_CURVE('',#422,#415,#420,.T.) ;
#431=EDGE_CURVE('',#422,#430,#424,.T.) ;
#444=EDGE_CURVE('',#430,#443,#432,.T.) ;
#450=EDGE_CURVE('',#354,#443,#445,.T.) ;
#482=EDGE_CURVE('',#481,#415,#467,.T.) ;
#496=EDGE_CURVE('',#481,#422,#483,.T.) ;
#529=EDGE_CURVE('',#526,#528,#522,.F.) ;
#542=EDGE_CURVE('',#541,#528,#530,.T.) ;
#548=EDGE_CURVE('',#547,#541,#543,.F.) ;
#559=EDGE_CURVE('',#547,#526,#549,.T.) ;
#607=EDGE_CURVE('',#606,#526,#592,.F.) ;
#613=EDGE_CURVE('',#606,#612,#608,.F.) ;
#627=EDGE_CURVE('',#612,#528,#614,.F.) ;
#659=EDGE_CURVE('',#528,#658,#654,.F.) ;
#672=EDGE_CURVE('',#671,#658,#660,.T.) ;
#676=EDGE_CURVE('',#541,#671,#673,.F.) ;
#724=EDGE_CURVE('',#723,#541,#709,.T.) ;
#730=EDGE_CURVE('',#729,#723,#725,.F.) ;
#744=EDGE_CURVE('',#729,#547,#731,.T.) ;
#774=EDGE_CURVE('',#126,#526,#771,.F.) ;
#778=EDGE_CURVE('',#139,#547,#775,.F.) ;
#816=EDGE_CURVE('',#612,#815,#811,.F.) ;
#830=EDGE_CURVE('',#815,#658,#817,.F.) ;
#870=EDGE_CURVE('',#867,#869,#863,.F.) ;
#884=EDGE_CURVE('',#612,#869,#871,.T.) ;
#898=EDGE_CURVE('',#606,#867,#885,.T.) ;
#934=EDGE_CURVE('',#124,#606,#931,.F.) ;
#964=EDGE_CURVE('',#671,#394,#961,.F.) ;
#968=EDGE_CURVE('',#658,#407,#965,.F.) ;
#1016=EDGE_CURVE('',#1015,#671,#1001,.T.) ;
#1020=EDGE_CURVE('',#723,#1015,#1017,.F.) ;
#1068=EDGE_CURVE('',#729,#1067,#1053,.F.) ;
#1084=EDGE_CURVE('',#723,#1083,#1069,.F.) ;
#1088=EDGE_CURVE('',#1067,#1083,#1085,.F.) ;
#1124=EDGE_CURVE('',#155,#729,#1121,.F.) ;
#1160=EDGE_CURVE('',#815,#481,#1157,.F.) ;
#1199=EDGE_CURVE('',#869,#1198,#1194,.F.) ;
#1213=EDGE_CURVE('',#815,#1198,#1200,.T.) ;
#1250=EDGE_CURVE('',#1067,#867,#1240,.F.) ;
#1261=EDGE_CURVE('',#1083,#869,#1251,.F.) ;
#1297=EDGE_CURVE('',#248,#867,#1294,.F.) ;
#1333=EDGE_CURVE('',#1015,#352,#1330,.F.) ;
#1382=EDGE_CURVE('',#1015,#1381,#1367,.F.) ;
#1386=EDGE_CURVE('',#1083,#1381,#1383,.F.) ;
#1422=EDGE_CURVE('',#232,#1067,#1419,.F.) ;
#1458=EDGE_CURVE('',#1198,#430,#1455,.F.) ;
#1496=EDGE_CURVE('',#1381,#1198,#1486,.F.) ;
#1558=EDGE_CURVE('',#1381,#443,#1555,.F.) ;
#96=EDGE_LOOP('',(#97,#98,#99)) ;
#199=EDGE_LOOP('',(#200,#201,#202,#203,#204,#205,#206,#207)) ;
#294=EDGE_LOOP('',(#295,#296,#297,#298,#299,#300,#301,#302)) ;
#315=EDGE_LOOP('',(#316,#317,#318,#319)) ;
#327=EDGE_LOOP('',(#328,#329,#330)) ;
#377=EDGE_LOOP('',(#378,#379,#380)) ;
#451=EDGE_LOOP('',(#452,#453,#454,#455,#456,#457,#458,#459)) ;
#497=EDGE_LOOP('',(#498,#499,#500)) ;
#560=EDGE_LOOP('',(#561,#562,#563,#564)) ;
#628=EDGE_LOOP('',(#629,#630,#631,#632)) ;
#677=EDGE_LOOP('',(#678,#679,#680,#681)) ;
#745=EDGE_LOOP('',(#746,#747,#748,#749)) ;
#779=EDGE_LOOP('',(#780,#781,#782,#783)) ;
#831=EDGE_LOOP('',(#832,#833,#834,#835)) ;
#899=EDGE_LOOP('',(#900,#901,#902,#903)) ;
#935=EDGE_LOOP('',(#936,#937,#938,#939)) ;
#969=EDGE_LOOP('',(#970,#971,#972,#973)) ;
#1021=EDGE_LOOP('',(#1022,#1023,#1024,#1025)) ;
#1089=EDGE_LOOP('',(#1090,#1091,#1092,#1093)) ;
#1125=EDGE_LOOP('',(#1126,#1127,#1128,#1129)) ;
#1161=EDGE_LOOP('',(#1162,#1163,#1164,#1165,#1166)) ;
#1214=EDGE_LOOP('',(#1215,#1216,#1217,#1218)) ;
#1262=EDGE_LOOP('',(#1263,#1264,#1265,#1266)) ;
#1298=EDGE_LOOP('',(#1299,#1300,#1301,#1302)) ;
#1334=EDGE_LOOP('',(#1335,#1336,#1337,#1338,#1339)) ;
#1387=EDGE_LOOP('',(#1388,#1389,#1390,#1391)) ;
#1423=EDGE_LOOP('',(#1424,#1425,#1426,#1427)) ;
#1459=EDGE_LOOP('',(#1460,#1461,#1462,#1463,#1464)) ;
#1497=EDGE_LOOP('',(#1498,#1499,#1500,#1501)) ;
#1523=EDGE_LOOP('',(#1524,#1525,#1526,#1527)) ;
#1559=EDGE_LOOP('',(#1560,#1561,#1562,#1563,#1564)) ;
#1586=EDGE_LOOP('',(#1587,#1588,#1589,#1590)) ;
#106=ELLIPSE('Ellipse',#105,14.75,7.25) ;
#214=ELLIPSE('Ellipse',#213,14.75,7.25) ;
#100=FACE_OUTER_BOUND('',#96,.T.) ;
#208=FACE_OUTER_BOUND('',#199,.T.) ;
#303=FACE_OUTER_BOUND('',#294,.T.) ;
#320=FACE_OUTER_BOUND('',#315,.T.) ;
#331=FACE_OUTER_BOUND('',#327,.T.) ;
#381=FACE_OUTER_BOUND('',#377,.T.) ;
#460=FACE_OUTER_BOUND('',#451,.T.) ;
#501=FACE_OUTER_BOUND('',#497,.T.) ;
#565=FACE_OUTER_BOUND('',#560,.T.) ;
#633=FACE_OUTER_BOUND('',#628,.T.) ;
#682=FACE_OUTER_BOUND('',#677,.T.) ;
#750=FACE_OUTER_BOUND('',#745,.T.) ;
#784=FACE_OUTER_BOUND('',#779,.T.) ;
#836=FACE_OUTER_BOUND('',#831,.T.) ;
#904=FACE_OUTER_BOUND('',#899,.T.) ;
#940=FACE_OUTER_BOUND('',#935,.T.) ;
#974=FACE_OUTER_BOUND('',#969,.T.) ;
#1026=FACE_OUTER_BOUND('',#1021,.T.) ;
#1094=FACE_OUTER_BOUND('',#1089,.T.) ;
#1130=FACE_OUTER_BOUND('',#1125,.T.) ;
#1167=FACE_OUTER_BOUND('',#1161,.T.) ;
#1219=FACE_OUTER_BOUND('',#1214,.T.) ;
#1267=FACE_OUTER_BOUND('',#1262,.T.) ;
#1303=FACE_OUTER_BOUND('',#1298,.T.) ;
#1340=FACE_OUTER_BOUND('',#1334,.T.) ;
#1392=FACE_OUTER_BOUND('',#1387,.T.) ;
#1428=FACE_OUTER_BOUND('',#1423,.T.) ;
#1465=FACE_OUTER_BOUND('',#1459,.T.) ;
#1502=FACE_OUTER_BOUND('',#1497,.T.) ;
#1528=FACE_OUTER_BOUND('',#1523,.T.) ;
#1565=FACE_OUTER_BOUND('',#1559,.T.) ;
#1591=FACE_OUTER_BOUND('',#1586,.T.) ;
#45=UNCERTAINTY_MEASURE_WITH_UNIT(LENGTH_MEASURE(0.005),#41,'distance_accuracy_value','CONFUSED CURVE UNCERTAINTY') ;
#94=LINE('Line',#91,#93) ;
#160=LINE('Line',#157,#159) ;
#197=LINE('Line',#194,#196) ;
#313=LINE('Line',#310,#312) ;
#375=LINE('Line',#372,#374) ;
#420=LINE('Line',#417,#419) ;
#2=MECHANICAL_CONTEXT(' ',#1,'mechanical') ;
#24=PERSONAL_ADDRESS(' ',' ',' ',' ',' ',' ',' ',' ',' ',' ',' ',' ',(#22),' ') ;
#43=PLANE_ANGLE_MEASURE_WITH_UNIT(PLANE_ANGLE_MEASURE(0.0174532925199),#42) ;
#7=PRODUCT_CATEGORY('part',$) ;
#9=PRODUCT_CATEGORY_RELATIONSHIP(' ',' ',#7,#8) ;
#6=PRODUCT_DEFINITION_FORMATION_WITH_SPECIFIED_SOURCE('',' ',#5,.NOT_KNOWN.) ;
#8=PRODUCT_RELATED_PRODUCT_CATEGORY('detail',$,(#5)) ;
#50=SHAPE_DEFINITION_REPRESENTATION(#40,#49) ;
#109=SURFACE_OF_LINEAR_EXTRUSION('generated tabulated cylinder',#106,#108) ;
#217=SURFACE_OF_LINEAR_EXTRUSION('generated tabulated cylinder',#214,#216) ;
#71=VERTEX_POINT('',#70) ;
#73=VERTEX_POINT('',#72) ;
#89=VERTEX_POINT('',#88) ;
#124=VERTEX_POINT('',#123) ;
#126=VERTEX_POINT('',#125) ;
#139=VERTEX_POINT('',#138) ;
#155=VERTEX_POINT('',#154) ;
#176=VERTEX_POINT('',#175) ;
#192=VERTEX_POINT('',#191) ;
#232=VERTEX_POINT('',#231) ;
#248=VERTEX_POINT('',#247) ;
#278=VERTEX_POINT('',#277) ;
#352=VERTEX_POINT('',#351) ;
#354=VERTEX_POINT('',#353) ;
#370=VERTEX_POINT('',#369) ;
#394=VERTEX_POINT('',#393) ;
#407=VERTEX_POINT('',#406) ;
#415=VERTEX_POINT('',#414) ;
#422=VERTEX_POINT('',#421) ;
#430=VERTEX_POINT('',#429) ;
#443=VERTEX_POINT('',#442) ;
#481=VERTEX_POINT('',#480) ;
#526=VERTEX_POINT('',#525) ;
#528=VERTEX_POINT('',#527) ;
#541=VERTEX_POINT('',#540) ;
#547=VERTEX_POINT('',#546) ;
#606=VERTEX_POINT('',#605) ;
#612=VERTEX_POINT('',#611) ;
#658=VERTEX_POINT('',#657) ;
#671=VERTEX_POINT('',#670) ;
#723=VERTEX_POINT('',#722) ;
#729=VERTEX_POINT('',#728) ;
#815=VERTEX_POINT('',#814) ;
#867=VERTEX_POINT('',#866) ;
#869=VERTEX_POINT('',#868) ;
#1015=VERTEX_POINT('',#1014) ;
#1067=VERTEX_POINT('',#1066) ;
#1083=VERTEX_POINT('',#1082) ;
#1198=VERTEX_POINT('',#1197) ;
#1381=VERTEX_POINT('',#1380) ;
#41=(LENGTH_UNIT()NAMED_UNIT(*)SI_UNIT(.MILLI.,.METRE.)) ;
#42=(NAMED_UNIT(*)PLANE_ANGLE_UNIT()SI_UNIT($,.RADIAN.)) ;
#44=(NAMED_UNIT(*)SI_UNIT($,.STERADIAN.)SOLID_ANGLE_UNIT()) ;
#46=(GEOMETRIC_REPRESENTATION_CONTEXT(3)GLOBAL_UNCERTAINTY_ASSIGNED_CONTEXT((#45))GLOBAL_UNIT_ASSIGNED_CONTEXT((#41,#42,#44))REPRESENTATION_CONTEXT(' ',' ')) ;
ENDSEC;
END-ISO-10303-21;
