solid CATIA STL
  facet normal -3.420193e-001  9.396929e-001  0.000000e+000
    outer loop
      vertex -2.478294e+001 -1.523101e+001 -3.000000e+000
      vertex -2.437500e+001 -1.508253e+001  0.000000e+000
      vertex -2.437500e+001 -1.508253e+001 -3.000000e+000
    endloop
  endfacet
  facet normal -6.427870e-001  7.660449e-001  0.000000e+000
    outer loop
      vertex -2.437500e+001 -1.508253e+001 -3.000000e+000
      vertex -2.437500e+001 -1.508253e+001  0.000000e+000
      vertex -2.404244e+001 -1.480348e+001  0.000000e+000
    endloop
  endfacet
  facet normal -6.427870e-001  7.660449e-001  0.000000e+000
    outer loop
      vertex -2.437500e+001 -1.508253e+001 -3.000000e+000
      vertex -2.404244e+001 -1.480348e+001  0.000000e+000
      vertex -2.404244e+001 -1.480348e+001 -3.000000e+000
    endloop
  endfacet
  facet normal -8.660256e-001  4.999997e-001  0.000000e+000
    outer loop
      vertex -2.404244e+001 -1.480348e+001 -3.000000e+000
      vertex -2.404244e+001 -1.480348e+001  0.000000e+000
      vertex -2.382538e+001 -1.442753e+001  0.000000e+000
    endloop
  endfacet
  facet normal -8.660256e-001  4.999997e-001  0.000000e+000
    outer loop
      vertex -2.404244e+001 -1.480348e+001 -3.000000e+000
      vertex -2.382538e+001 -1.442753e+001  0.000000e+000
      vertex -2.382538e+001 -1.442753e+001 -3.000000e+000
    endloop
  endfacet
  facet normal -9.848078e-001  1.736479e-001  0.000000e+000
    outer loop
      vertex -2.382538e+001 -1.442753e+001 -3.000000e+000
      vertex -2.382538e+001 -1.442753e+001  0.000000e+000
      vertex -2.375000e+001 -1.400000e+001  0.000000e+000
    endloop
  endfacet
  facet normal -9.848078e-001  1.736479e-001  0.000000e+000
    outer loop
      vertex -2.382538e+001 -1.442753e+001 -3.000000e+000
      vertex -2.375000e+001 -1.400000e+001  0.000000e+000
      vertex -2.375000e+001 -1.400000e+001 -3.000000e+000
    endloop
  endfacet
  facet normal -3.420193e-001  9.396929e-001  0.000000e+000
    outer loop
      vertex -2.437500e+001 -1.508253e+001  0.000000e+000
      vertex -2.478294e+001 -1.523101e+001 -3.000000e+000
      vertex -2.478294e+001 -1.523101e+001  0.000000e+000
    endloop
  endfacet
  facet normal  0.000000e+000  9.999999e-001  0.000000e+000
    outer loop
      vertex -2.478294e+001 -1.523101e+001  0.000000e+000
      vertex -2.478294e+001 -1.523101e+001 -3.000000e+000
      vertex -2.521706e+001 -1.523101e+001 -3.000000e+000
    endloop
  endfacet
  facet normal  0.000000e+000  9.999999e-001  0.000000e+000
    outer loop
      vertex -2.478294e+001 -1.523101e+001  0.000000e+000
      vertex -2.521706e+001 -1.523101e+001 -3.000000e+000
      vertex -2.521706e+001 -1.523101e+001  0.000000e+000
    endloop
  endfacet
  facet normal  3.420193e-001  9.396929e-001  0.000000e+000
    outer loop
      vertex -2.521706e+001 -1.523101e+001  0.000000e+000
      vertex -2.521706e+001 -1.523101e+001 -3.000000e+000
      vertex -2.562500e+001 -1.508253e+001 -3.000000e+000
    endloop
  endfacet
  facet normal  3.420193e-001  9.396929e-001  -0.000000e+000
    outer loop
      vertex -2.521706e+001 -1.523101e+001  0.000000e+000
      vertex -2.562500e+001 -1.508253e+001 -3.000000e+000
      vertex -2.562500e+001 -1.508253e+001  0.000000e+000
    endloop
  endfacet
  facet normal  6.427870e-001  7.660449e-001  0.000000e+000
    outer loop
      vertex -2.562500e+001 -1.508253e+001  0.000000e+000
      vertex -2.562500e+001 -1.508253e+001 -3.000000e+000
      vertex -2.595756e+001 -1.480348e+001 -3.000000e+000
    endloop
  endfacet
  facet normal  6.427870e-001  7.660449e-001  -0.000000e+000
    outer loop
      vertex -2.562500e+001 -1.508253e+001  0.000000e+000
      vertex -2.595756e+001 -1.480348e+001 -3.000000e+000
      vertex -2.595756e+001 -1.480348e+001  0.000000e+000
    endloop
  endfacet
  facet normal  8.660256e-001  4.999997e-001  0.000000e+000
    outer loop
      vertex -2.595756e+001 -1.480348e+001  0.000000e+000
      vertex -2.595756e+001 -1.480348e+001 -3.000000e+000
      vertex -2.617462e+001 -1.442753e+001 -3.000000e+000
    endloop
  endfacet
  facet normal  8.660256e-001  4.999997e-001  -0.000000e+000
    outer loop
      vertex -2.595756e+001 -1.480348e+001  0.000000e+000
      vertex -2.617462e+001 -1.442753e+001 -3.000000e+000
      vertex -2.617462e+001 -1.442753e+001  0.000000e+000
    endloop
  endfacet
  facet normal  9.848078e-001  1.736479e-001  0.000000e+000
    outer loop
      vertex -2.617462e+001 -1.442753e+001  0.000000e+000
      vertex -2.617462e+001 -1.442753e+001 -3.000000e+000
      vertex -2.625000e+001 -1.400000e+001 -3.000000e+000
    endloop
  endfacet
  facet normal  9.848078e-001  1.736479e-001  -0.000000e+000
    outer loop
      vertex -2.617462e+001 -1.442753e+001  0.000000e+000
      vertex -2.625000e+001 -1.400000e+001 -3.000000e+000
      vertex -2.625000e+001 -1.400000e+001  0.000000e+000
    endloop
  endfacet
  facet normal  3.420193e-001 -9.396929e-001  0.000000e+000
    outer loop
      vertex -2.521706e+001 -1.276899e+001 -3.000000e+000
      vertex -2.562500e+001 -1.291747e+001  0.000000e+000
      vertex -2.562500e+001 -1.291747e+001 -3.000000e+000
    endloop
  endfacet
  facet normal  6.427870e-001 -7.660449e-001  0.000000e+000
    outer loop
      vertex -2.562500e+001 -1.291747e+001 -3.000000e+000
      vertex -2.562500e+001 -1.291747e+001  0.000000e+000
      vertex -2.595756e+001 -1.319652e+001  0.000000e+000
    endloop
  endfacet
  facet normal  6.427870e-001 -7.660449e-001  0.000000e+000
    outer loop
      vertex -2.562500e+001 -1.291747e+001 -3.000000e+000
      vertex -2.595756e+001 -1.319652e+001  0.000000e+000
      vertex -2.595756e+001 -1.319652e+001 -3.000000e+000
    endloop
  endfacet
  facet normal  8.660256e-001 -4.999997e-001  0.000000e+000
    outer loop
      vertex -2.595756e+001 -1.319652e+001 -3.000000e+000
      vertex -2.595756e+001 -1.319652e+001  0.000000e+000
      vertex -2.617462e+001 -1.357247e+001  0.000000e+000
    endloop
  endfacet
  facet normal  8.660256e-001 -4.999997e-001  0.000000e+000
    outer loop
      vertex -2.595756e+001 -1.319652e+001 -3.000000e+000
      vertex -2.617462e+001 -1.357247e+001  0.000000e+000
      vertex -2.617462e+001 -1.357247e+001 -3.000000e+000
    endloop
  endfacet
  facet normal  9.848078e-001 -1.736479e-001  0.000000e+000
    outer loop
      vertex -2.617462e+001 -1.357247e+001 -3.000000e+000
      vertex -2.617462e+001 -1.357247e+001  0.000000e+000
      vertex -2.625000e+001 -1.400000e+001  0.000000e+000
    endloop
  endfacet
  facet normal  9.848078e-001 -1.736479e-001  0.000000e+000
    outer loop
      vertex -2.617462e+001 -1.357247e+001 -3.000000e+000
      vertex -2.625000e+001 -1.400000e+001  0.000000e+000
      vertex -2.625000e+001 -1.400000e+001 -3.000000e+000
    endloop
  endfacet
  facet normal  3.420193e-001 -9.396929e-001  0.000000e+000
    outer loop
      vertex -2.562500e+001 -1.291747e+001  0.000000e+000
      vertex -2.521706e+001 -1.276899e+001 -3.000000e+000
      vertex -2.521706e+001 -1.276899e+001  0.000000e+000
    endloop
  endfacet
  facet normal  0.000000e+000 -9.999999e-001  0.000000e+000
    outer loop
      vertex -2.521706e+001 -1.276899e+001  0.000000e+000
      vertex -2.521706e+001 -1.276899e+001 -3.000000e+000
      vertex -2.478294e+001 -1.276899e+001 -3.000000e+000
    endloop
  endfacet
  facet normal  0.000000e+000 -9.999999e-001  0.000000e+000
    outer loop
      vertex -2.521706e+001 -1.276899e+001  0.000000e+000
      vertex -2.478294e+001 -1.276899e+001 -3.000000e+000
      vertex -2.478294e+001 -1.276899e+001  0.000000e+000
    endloop
  endfacet
  facet normal -3.420193e-001 -9.396929e-001  -0.000000e+000
    outer loop
      vertex -2.478294e+001 -1.276899e+001  0.000000e+000
      vertex -2.478294e+001 -1.276899e+001 -3.000000e+000
      vertex -2.437500e+001 -1.291747e+001 -3.000000e+000
    endloop
  endfacet
  facet normal -3.420193e-001 -9.396929e-001  0.000000e+000
    outer loop
      vertex -2.478294e+001 -1.276899e+001  0.000000e+000
      vertex -2.437500e+001 -1.291747e+001 -3.000000e+000
      vertex -2.437500e+001 -1.291747e+001  0.000000e+000
    endloop
  endfacet
  facet normal -6.427870e-001 -7.660449e-001  -0.000000e+000
    outer loop
      vertex -2.437500e+001 -1.291747e+001  0.000000e+000
      vertex -2.437500e+001 -1.291747e+001 -3.000000e+000
      vertex -2.404244e+001 -1.319652e+001 -3.000000e+000
    endloop
  endfacet
  facet normal -6.427870e-001 -7.660449e-001  0.000000e+000
    outer loop
      vertex -2.437500e+001 -1.291747e+001  0.000000e+000
      vertex -2.404244e+001 -1.319652e+001 -3.000000e+000
      vertex -2.404244e+001 -1.319652e+001  0.000000e+000
    endloop
  endfacet
  facet normal -8.660256e-001 -4.999997e-001  -0.000000e+000
    outer loop
      vertex -2.404244e+001 -1.319652e+001  0.000000e+000
      vertex -2.404244e+001 -1.319652e+001 -3.000000e+000
      vertex -2.382538e+001 -1.357247e+001 -3.000000e+000
    endloop
  endfacet
  facet normal -8.660256e-001 -4.999997e-001  0.000000e+000
    outer loop
      vertex -2.404244e+001 -1.319652e+001  0.000000e+000
      vertex -2.382538e+001 -1.357247e+001 -3.000000e+000
      vertex -2.382538e+001 -1.357247e+001  0.000000e+000
    endloop
  endfacet
  facet normal -9.848078e-001 -1.736479e-001  -0.000000e+000
    outer loop
      vertex -2.382538e+001 -1.357247e+001  0.000000e+000
      vertex -2.382538e+001 -1.357247e+001 -3.000000e+000
      vertex -2.375000e+001 -1.400000e+001 -3.000000e+000
    endloop
  endfacet
  facet normal -9.848078e-001 -1.736479e-001  0.000000e+000
    outer loop
      vertex -2.382538e+001 -1.357247e+001  0.000000e+000
      vertex -2.375000e+001 -1.400000e+001 -3.000000e+000
      vertex -2.375000e+001 -1.400000e+001  0.000000e+000
    endloop
  endfacet
  facet normal  3.420193e-001 -9.396929e-001  0.000000e+000
    outer loop
      vertex  2.478294e+001 -1.276899e+001 -3.000000e+000
      vertex  2.437500e+001 -1.291747e+001  0.000000e+000
      vertex  2.437500e+001 -1.291747e+001 -3.000000e+000
    endloop
  endfacet
  facet normal  6.427870e-001 -7.660449e-001  0.000000e+000
    outer loop
      vertex  2.437500e+001 -1.291747e+001 -3.000000e+000
      vertex  2.437500e+001 -1.291747e+001  0.000000e+000
      vertex  2.404244e+001 -1.319652e+001  0.000000e+000
    endloop
  endfacet
  facet normal  6.427870e-001 -7.660449e-001  0.000000e+000
    outer loop
      vertex  2.437500e+001 -1.291747e+001 -3.000000e+000
      vertex  2.404244e+001 -1.319652e+001  0.000000e+000
      vertex  2.404244e+001 -1.319652e+001 -3.000000e+000
    endloop
  endfacet
  facet normal  8.660256e-001 -4.999997e-001  0.000000e+000
    outer loop
      vertex  2.404244e+001 -1.319652e+001 -3.000000e+000
      vertex  2.404244e+001 -1.319652e+001  0.000000e+000
      vertex  2.382538e+001 -1.357247e+001  0.000000e+000
    endloop
  endfacet
  facet normal  8.660256e-001 -4.999997e-001  0.000000e+000
    outer loop
      vertex  2.404244e+001 -1.319652e+001 -3.000000e+000
      vertex  2.382538e+001 -1.357247e+001  0.000000e+000
      vertex  2.382538e+001 -1.357247e+001 -3.000000e+000
    endloop
  endfacet
  facet normal  9.848078e-001 -1.736479e-001  0.000000e+000
    outer loop
      vertex  2.382538e+001 -1.357247e+001 -3.000000e+000
      vertex  2.382538e+001 -1.357247e+001  0.000000e+000
      vertex  2.375000e+001 -1.400000e+001  0.000000e+000
    endloop
  endfacet
  facet normal  9.848078e-001 -1.736479e-001  0.000000e+000
    outer loop
      vertex  2.382538e+001 -1.357247e+001 -3.000000e+000
      vertex  2.375000e+001 -1.400000e+001  0.000000e+000
      vertex  2.375000e+001 -1.400000e+001 -3.000000e+000
    endloop
  endfacet
  facet normal  3.420193e-001 -9.396929e-001  0.000000e+000
    outer loop
      vertex  2.437500e+001 -1.291747e+001  0.000000e+000
      vertex  2.478294e+001 -1.276899e+001 -3.000000e+000
      vertex  2.478294e+001 -1.276899e+001  0.000000e+000
    endloop
  endfacet
  facet normal  0.000000e+000 -9.999999e-001  0.000000e+000
    outer loop
      vertex  2.478294e+001 -1.276899e+001  0.000000e+000
      vertex  2.478294e+001 -1.276899e+001 -3.000000e+000
      vertex  2.521706e+001 -1.276899e+001 -3.000000e+000
    endloop
  endfacet
  facet normal  0.000000e+000 -9.999999e-001  0.000000e+000
    outer loop
      vertex  2.478294e+001 -1.276899e+001  0.000000e+000
      vertex  2.521706e+001 -1.276899e+001 -3.000000e+000
      vertex  2.521706e+001 -1.276899e+001  0.000000e+000
    endloop
  endfacet
  facet normal -3.420193e-001 -9.396929e-001  -0.000000e+000
    outer loop
      vertex  2.521706e+001 -1.276899e+001  0.000000e+000
      vertex  2.521706e+001 -1.276899e+001 -3.000000e+000
      vertex  2.562500e+001 -1.291747e+001 -3.000000e+000
    endloop
  endfacet
  facet normal -3.420193e-001 -9.396929e-001  0.000000e+000
    outer loop
      vertex  2.521706e+001 -1.276899e+001  0.000000e+000
      vertex  2.562500e+001 -1.291747e+001 -3.000000e+000
      vertex  2.562500e+001 -1.291747e+001  0.000000e+000
    endloop
  endfacet
  facet normal -6.427870e-001 -7.660449e-001  -0.000000e+000
    outer loop
      vertex  2.562500e+001 -1.291747e+001  0.000000e+000
      vertex  2.562500e+001 -1.291747e+001 -3.000000e+000
      vertex  2.595756e+001 -1.319652e+001 -3.000000e+000
    endloop
  endfacet
  facet normal -6.427870e-001 -7.660449e-001  0.000000e+000
    outer loop
      vertex  2.562500e+001 -1.291747e+001  0.000000e+000
      vertex  2.595756e+001 -1.319652e+001 -3.000000e+000
      vertex  2.595756e+001 -1.319652e+001  0.000000e+000
    endloop
  endfacet
  facet normal -8.660256e-001 -4.999997e-001  -0.000000e+000
    outer loop
      vertex  2.595756e+001 -1.319652e+001  0.000000e+000
      vertex  2.595756e+001 -1.319652e+001 -3.000000e+000
      vertex  2.617462e+001 -1.357247e+001 -3.000000e+000
    endloop
  endfacet
  facet normal -8.660256e-001 -4.999997e-001  0.000000e+000
    outer loop
      vertex  2.595756e+001 -1.319652e+001  0.000000e+000
      vertex  2.617462e+001 -1.357247e+001 -3.000000e+000
      vertex  2.617462e+001 -1.357247e+001  0.000000e+000
    endloop
  endfacet
  facet normal -9.848078e-001 -1.736479e-001  -0.000000e+000
    outer loop
      vertex  2.617462e+001 -1.357247e+001  0.000000e+000
      vertex  2.617462e+001 -1.357247e+001 -3.000000e+000
      vertex  2.625000e+001 -1.400000e+001 -3.000000e+000
    endloop
  endfacet
  facet normal -9.848078e-001 -1.736479e-001  0.000000e+000
    outer loop
      vertex  2.617462e+001 -1.357247e+001  0.000000e+000
      vertex  2.625000e+001 -1.400000e+001 -3.000000e+000
      vertex  2.625000e+001 -1.400000e+001  0.000000e+000
    endloop
  endfacet
  facet normal -3.420193e-001  9.396929e-001  0.000000e+000
    outer loop
      vertex  2.521706e+001 -1.523101e+001 -3.000000e+000
      vertex  2.562500e+001 -1.508253e+001  0.000000e+000
      vertex  2.562500e+001 -1.508253e+001 -3.000000e+000
    endloop
  endfacet
  facet normal -6.427870e-001  7.660449e-001  0.000000e+000
    outer loop
      vertex  2.562500e+001 -1.508253e+001 -3.000000e+000
      vertex  2.562500e+001 -1.508253e+001  0.000000e+000
      vertex  2.595756e+001 -1.480348e+001  0.000000e+000
    endloop
  endfacet
  facet normal -6.427870e-001  7.660449e-001  0.000000e+000
    outer loop
      vertex  2.562500e+001 -1.508253e+001 -3.000000e+000
      vertex  2.595756e+001 -1.480348e+001  0.000000e+000
      vertex  2.595756e+001 -1.480348e+001 -3.000000e+000
    endloop
  endfacet
  facet normal -8.660256e-001  4.999997e-001  0.000000e+000
    outer loop
      vertex  2.595756e+001 -1.480348e+001 -3.000000e+000
      vertex  2.595756e+001 -1.480348e+001  0.000000e+000
      vertex  2.617462e+001 -1.442753e+001  0.000000e+000
    endloop
  endfacet
  facet normal -8.660256e-001  4.999997e-001  0.000000e+000
    outer loop
      vertex  2.595756e+001 -1.480348e+001 -3.000000e+000
      vertex  2.617462e+001 -1.442753e+001  0.000000e+000
      vertex  2.617462e+001 -1.442753e+001 -3.000000e+000
    endloop
  endfacet
  facet normal -9.848078e-001  1.736479e-001  0.000000e+000
    outer loop
      vertex  2.617462e+001 -1.442753e+001 -3.000000e+000
      vertex  2.617462e+001 -1.442753e+001  0.000000e+000
      vertex  2.625000e+001 -1.400000e+001  0.000000e+000
    endloop
  endfacet
  facet normal -9.848078e-001  1.736479e-001  0.000000e+000
    outer loop
      vertex  2.617462e+001 -1.442753e+001 -3.000000e+000
      vertex  2.625000e+001 -1.400000e+001  0.000000e+000
      vertex  2.625000e+001 -1.400000e+001 -3.000000e+000
    endloop
  endfacet
  facet normal -3.420193e-001  9.396929e-001  0.000000e+000
    outer loop
      vertex  2.562500e+001 -1.508253e+001  0.000000e+000
      vertex  2.521706e+001 -1.523101e+001 -3.000000e+000
      vertex  2.521706e+001 -1.523101e+001  0.000000e+000
    endloop
  endfacet
  facet normal  0.000000e+000  9.999999e-001  0.000000e+000
    outer loop
      vertex  2.521706e+001 -1.523101e+001  0.000000e+000
      vertex  2.521706e+001 -1.523101e+001 -3.000000e+000
      vertex  2.478294e+001 -1.523101e+001 -3.000000e+000
    endloop
  endfacet
  facet normal  0.000000e+000  9.999999e-001  0.000000e+000
    outer loop
      vertex  2.521706e+001 -1.523101e+001  0.000000e+000
      vertex  2.478294e+001 -1.523101e+001 -3.000000e+000
      vertex  2.478294e+001 -1.523101e+001  0.000000e+000
    endloop
  endfacet
  facet normal  3.420193e-001  9.396929e-001  0.000000e+000
    outer loop
      vertex  2.478294e+001 -1.523101e+001  0.000000e+000
      vertex  2.478294e+001 -1.523101e+001 -3.000000e+000
      vertex  2.437500e+001 -1.508253e+001 -3.000000e+000
    endloop
  endfacet
  facet normal  3.420193e-001  9.396929e-001  -0.000000e+000
    outer loop
      vertex  2.478294e+001 -1.523101e+001  0.000000e+000
      vertex  2.437500e+001 -1.508253e+001 -3.000000e+000
      vertex  2.437500e+001 -1.508253e+001  0.000000e+000
    endloop
  endfacet
  facet normal  6.427870e-001  7.660449e-001  0.000000e+000
    outer loop
      vertex  2.437500e+001 -1.508253e+001  0.000000e+000
      vertex  2.437500e+001 -1.508253e+001 -3.000000e+000
      vertex  2.404244e+001 -1.480348e+001 -3.000000e+000
    endloop
  endfacet
  facet normal  6.427870e-001  7.660449e-001  -0.000000e+000
    outer loop
      vertex  2.437500e+001 -1.508253e+001  0.000000e+000
      vertex  2.404244e+001 -1.480348e+001 -3.000000e+000
      vertex  2.404244e+001 -1.480348e+001  0.000000e+000
    endloop
  endfacet
  facet normal  8.660256e-001  4.999997e-001  0.000000e+000
    outer loop
      vertex  2.404244e+001 -1.480348e+001  0.000000e+000
      vertex  2.404244e+001 -1.480348e+001 -3.000000e+000
      vertex  2.382538e+001 -1.442753e+001 -3.000000e+000
    endloop
  endfacet
  facet normal  8.660256e-001  4.999997e-001  -0.000000e+000
    outer loop
      vertex  2.404244e+001 -1.480348e+001  0.000000e+000
      vertex  2.382538e+001 -1.442753e+001 -3.000000e+000
      vertex  2.382538e+001 -1.442753e+001  0.000000e+000
    endloop
  endfacet
  facet normal  9.848078e-001  1.736479e-001  0.000000e+000
    outer loop
      vertex  2.382538e+001 -1.442753e+001  0.000000e+000
      vertex  2.382538e+001 -1.442753e+001 -3.000000e+000
      vertex  2.375000e+001 -1.400000e+001 -3.000000e+000
    endloop
  endfacet
  facet normal  9.848078e-001  1.736479e-001  -0.000000e+000
    outer loop
      vertex  2.382538e+001 -1.442753e+001  0.000000e+000
      vertex  2.375000e+001 -1.400000e+001 -3.000000e+000
      vertex  2.375000e+001 -1.400000e+001  0.000000e+000
    endloop
  endfacet
  facet normal  3.420193e-001 -9.396929e-001  0.000000e+000
    outer loop
      vertex  2.478294e+001  1.523101e+001 -3.000000e+000
      vertex  2.437500e+001  1.508253e+001  0.000000e+000
      vertex  2.437500e+001  1.508253e+001 -3.000000e+000
    endloop
  endfacet
  facet normal  6.427870e-001 -7.660449e-001  0.000000e+000
    outer loop
      vertex  2.437500e+001  1.508253e+001 -3.000000e+000
      vertex  2.437500e+001  1.508253e+001  0.000000e+000
      vertex  2.404244e+001  1.480348e+001  0.000000e+000
    endloop
  endfacet
  facet normal  6.427870e-001 -7.660449e-001  0.000000e+000
    outer loop
      vertex  2.437500e+001  1.508253e+001 -3.000000e+000
      vertex  2.404244e+001  1.480348e+001  0.000000e+000
      vertex  2.404244e+001  1.480348e+001 -3.000000e+000
    endloop
  endfacet
  facet normal  8.660256e-001 -4.999997e-001  0.000000e+000
    outer loop
      vertex  2.404244e+001  1.480348e+001 -3.000000e+000
      vertex  2.404244e+001  1.480348e+001  0.000000e+000
      vertex  2.382538e+001  1.442753e+001  0.000000e+000
    endloop
  endfacet
  facet normal  8.660256e-001 -4.999997e-001  0.000000e+000
    outer loop
      vertex  2.404244e+001  1.480348e+001 -3.000000e+000
      vertex  2.382538e+001  1.442753e+001  0.000000e+000
      vertex  2.382538e+001  1.442753e+001 -3.000000e+000
    endloop
  endfacet
  facet normal  9.848078e-001 -1.736479e-001  0.000000e+000
    outer loop
      vertex  2.382538e+001  1.442753e+001 -3.000000e+000
      vertex  2.382538e+001  1.442753e+001  0.000000e+000
      vertex  2.375000e+001  1.400000e+001  0.000000e+000
    endloop
  endfacet
  facet normal  9.848078e-001 -1.736479e-001  0.000000e+000
    outer loop
      vertex  2.382538e+001  1.442753e+001 -3.000000e+000
      vertex  2.375000e+001  1.400000e+001  0.000000e+000
      vertex  2.375000e+001  1.400000e+001 -3.000000e+000
    endloop
  endfacet
  facet normal  3.420193e-001 -9.396929e-001  0.000000e+000
    outer loop
      vertex  2.437500e+001  1.508253e+001  0.000000e+000
      vertex  2.478294e+001  1.523101e+001 -3.000000e+000
      vertex  2.478294e+001  1.523101e+001  0.000000e+000
    endloop
  endfacet
  facet normal  0.000000e+000 -9.999999e-001  0.000000e+000
    outer loop
      vertex  2.478294e+001  1.523101e+001  0.000000e+000
      vertex  2.478294e+001  1.523101e+001 -3.000000e+000
      vertex  2.521706e+001  1.523101e+001 -3.000000e+000
    endloop
  endfacet
  facet normal  0.000000e+000 -9.999999e-001  0.000000e+000
    outer loop
      vertex  2.478294e+001  1.523101e+001  0.000000e+000
      vertex  2.521706e+001  1.523101e+001 -3.000000e+000
      vertex  2.521706e+001  1.523101e+001  0.000000e+000
    endloop
  endfacet
  facet normal -3.420193e-001 -9.396929e-001  -0.000000e+000
    outer loop
      vertex  2.521706e+001  1.523101e+001  0.000000e+000
      vertex  2.521706e+001  1.523101e+001 -3.000000e+000
      vertex  2.562500e+001  1.508253e+001 -3.000000e+000
    endloop
  endfacet
  facet normal -3.420193e-001 -9.396929e-001  0.000000e+000
    outer loop
      vertex  2.521706e+001  1.523101e+001  0.000000e+000
      vertex  2.562500e+001  1.508253e+001 -3.000000e+000
      vertex  2.562500e+001  1.508253e+001  0.000000e+000
    endloop
  endfacet
  facet normal -6.427870e-001 -7.660449e-001  -0.000000e+000
    outer loop
      vertex  2.562500e+001  1.508253e+001  0.000000e+000
      vertex  2.562500e+001  1.508253e+001 -3.000000e+000
      vertex  2.595756e+001  1.480348e+001 -3.000000e+000
    endloop
  endfacet
  facet normal -6.427870e-001 -7.660449e-001  0.000000e+000
    outer loop
      vertex  2.562500e+001  1.508253e+001  0.000000e+000
      vertex  2.595756e+001  1.480348e+001 -3.000000e+000
      vertex  2.595756e+001  1.480348e+001  0.000000e+000
    endloop
  endfacet
  facet normal -8.660256e-001 -4.999997e-001  -0.000000e+000
    outer loop
      vertex  2.595756e+001  1.480348e+001  0.000000e+000
      vertex  2.595756e+001  1.480348e+001 -3.000000e+000
      vertex  2.617462e+001  1.442753e+001 -3.000000e+000
    endloop
  endfacet
  facet normal -8.660256e-001 -4.999997e-001  0.000000e+000
    outer loop
      vertex  2.595756e+001  1.480348e+001  0.000000e+000
      vertex  2.617462e+001  1.442753e+001 -3.000000e+000
      vertex  2.617462e+001  1.442753e+001  0.000000e+000
    endloop
  endfacet
  facet normal -9.848078e-001 -1.736479e-001  -0.000000e+000
    outer loop
      vertex  2.617462e+001  1.442753e+001  0.000000e+000
      vertex  2.617462e+001  1.442753e+001 -3.000000e+000
      vertex  2.625000e+001  1.400000e+001 -3.000000e+000
    endloop
  endfacet
  facet normal -9.848078e-001 -1.736479e-001  0.000000e+000
    outer loop
      vertex  2.617462e+001  1.442753e+001  0.000000e+000
      vertex  2.625000e+001  1.400000e+001 -3.000000e+000
      vertex  2.625000e+001  1.400000e+001  0.000000e+000
    endloop
  endfacet
  facet normal -3.420193e-001  9.396929e-001  0.000000e+000
    outer loop
      vertex  2.521706e+001  1.276899e+001 -3.000000e+000
      vertex  2.562500e+001  1.291747e+001  0.000000e+000
      vertex  2.562500e+001  1.291747e+001 -3.000000e+000
    endloop
  endfacet
  facet normal -6.427870e-001  7.660449e-001  0.000000e+000
    outer loop
      vertex  2.562500e+001  1.291747e+001 -3.000000e+000
      vertex  2.562500e+001  1.291747e+001  0.000000e+000
      vertex  2.595756e+001  1.319652e+001  0.000000e+000
    endloop
  endfacet
  facet normal -6.427870e-001  7.660449e-001  0.000000e+000
    outer loop
      vertex  2.562500e+001  1.291747e+001 -3.000000e+000
      vertex  2.595756e+001  1.319652e+001  0.000000e+000
      vertex  2.595756e+001  1.319652e+001 -3.000000e+000
    endloop
  endfacet
  facet normal -8.660256e-001  4.999997e-001  0.000000e+000
    outer loop
      vertex  2.595756e+001  1.319652e+001 -3.000000e+000
      vertex  2.595756e+001  1.319652e+001  0.000000e+000
      vertex  2.617462e+001  1.357247e+001  0.000000e+000
    endloop
  endfacet
  facet normal -8.660256e-001  4.999997e-001  0.000000e+000
    outer loop
      vertex  2.595756e+001  1.319652e+001 -3.000000e+000
      vertex  2.617462e+001  1.357247e+001  0.000000e+000
      vertex  2.617462e+001  1.357247e+001 -3.000000e+000
    endloop
  endfacet
  facet normal -9.848078e-001  1.736479e-001  0.000000e+000
    outer loop
      vertex  2.617462e+001  1.357247e+001 -3.000000e+000
      vertex  2.617462e+001  1.357247e+001  0.000000e+000
      vertex  2.625000e+001  1.400000e+001  0.000000e+000
    endloop
  endfacet
  facet normal -9.848078e-001  1.736479e-001  0.000000e+000
    outer loop
      vertex  2.617462e+001  1.357247e+001 -3.000000e+000
      vertex  2.625000e+001  1.400000e+001  0.000000e+000
      vertex  2.625000e+001  1.400000e+001 -3.000000e+000
    endloop
  endfacet
  facet normal -3.420193e-001  9.396929e-001  0.000000e+000
    outer loop
      vertex  2.562500e+001  1.291747e+001  0.000000e+000
      vertex  2.521706e+001  1.276899e+001 -3.000000e+000
      vertex  2.521706e+001  1.276899e+001  0.000000e+000
    endloop
  endfacet
  facet normal  0.000000e+000  9.999999e-001  0.000000e+000
    outer loop
      vertex  2.521706e+001  1.276899e+001  0.000000e+000
      vertex  2.521706e+001  1.276899e+001 -3.000000e+000
      vertex  2.478294e+001  1.276899e+001 -3.000000e+000
    endloop
  endfacet
  facet normal  0.000000e+000  9.999999e-001  0.000000e+000
    outer loop
      vertex  2.521706e+001  1.276899e+001  0.000000e+000
      vertex  2.478294e+001  1.276899e+001 -3.000000e+000
      vertex  2.478294e+001  1.276899e+001  0.000000e+000
    endloop
  endfacet
  facet normal  3.420193e-001  9.396929e-001  0.000000e+000
    outer loop
      vertex  2.478294e+001  1.276899e+001  0.000000e+000
      vertex  2.478294e+001  1.276899e+001 -3.000000e+000
      vertex  2.437500e+001  1.291747e+001 -3.000000e+000
    endloop
  endfacet
  facet normal  3.420193e-001  9.396929e-001  -0.000000e+000
    outer loop
      vertex  2.478294e+001  1.276899e+001  0.000000e+000
      vertex  2.437500e+001  1.291747e+001 -3.000000e+000
      vertex  2.437500e+001  1.291747e+001  0.000000e+000
    endloop
  endfacet
  facet normal  6.427870e-001  7.660449e-001  0.000000e+000
    outer loop
      vertex  2.437500e+001  1.291747e+001  0.000000e+000
      vertex  2.437500e+001  1.291747e+001 -3.000000e+000
      vertex  2.404244e+001  1.319652e+001 -3.000000e+000
    endloop
  endfacet
  facet normal  6.427870e-001  7.660449e-001  -0.000000e+000
    outer loop
      vertex  2.437500e+001  1.291747e+001  0.000000e+000
      vertex  2.404244e+001  1.319652e+001 -3.000000e+000
      vertex  2.404244e+001  1.319652e+001  0.000000e+000
    endloop
  endfacet
  facet normal  8.660256e-001  4.999997e-001  0.000000e+000
    outer loop
      vertex  2.404244e+001  1.319652e+001  0.000000e+000
      vertex  2.404244e+001  1.319652e+001 -3.000000e+000
      vertex  2.382538e+001  1.357247e+001 -3.000000e+000
    endloop
  endfacet
  facet normal  8.660256e-001  4.999997e-001  -0.000000e+000
    outer loop
      vertex  2.404244e+001  1.319652e+001  0.000000e+000
      vertex  2.382538e+001  1.357247e+001 -3.000000e+000
      vertex  2.382538e+001  1.357247e+001  0.000000e+000
    endloop
  endfacet
  facet normal  9.848078e-001  1.736479e-001  0.000000e+000
    outer loop
      vertex  2.382538e+001  1.357247e+001  0.000000e+000
      vertex  2.382538e+001  1.357247e+001 -3.000000e+000
      vertex  2.375000e+001  1.400000e+001 -3.000000e+000
    endloop
  endfacet
  facet normal  9.848078e-001  1.736479e-001  -0.000000e+000
    outer loop
      vertex  2.382538e+001  1.357247e+001  0.000000e+000
      vertex  2.375000e+001  1.400000e+001 -3.000000e+000
      vertex  2.375000e+001  1.400000e+001  0.000000e+000
    endloop
  endfacet
  facet normal -3.420193e-001  9.396929e-001  0.000000e+000
    outer loop
      vertex -2.478294e+001  1.276899e+001 -3.000000e+000
      vertex -2.437500e+001  1.291747e+001  0.000000e+000
      vertex -2.437500e+001  1.291747e+001 -3.000000e+000
    endloop
  endfacet
  facet normal -6.427870e-001  7.660449e-001  0.000000e+000
    outer loop
      vertex -2.437500e+001  1.291747e+001 -3.000000e+000
      vertex -2.437500e+001  1.291747e+001  0.000000e+000
      vertex -2.404244e+001  1.319652e+001  0.000000e+000
    endloop
  endfacet
  facet normal -6.427870e-001  7.660449e-001  0.000000e+000
    outer loop
      vertex -2.437500e+001  1.291747e+001 -3.000000e+000
      vertex -2.404244e+001  1.319652e+001  0.000000e+000
      vertex -2.404244e+001  1.319652e+001 -3.000000e+000
    endloop
  endfacet
  facet normal -8.660256e-001  4.999997e-001  0.000000e+000
    outer loop
      vertex -2.404244e+001  1.319652e+001 -3.000000e+000
      vertex -2.404244e+001  1.319652e+001  0.000000e+000
      vertex -2.382538e+001  1.357247e+001  0.000000e+000
    endloop
  endfacet
  facet normal -8.660256e-001  4.999997e-001  0.000000e+000
    outer loop
      vertex -2.404244e+001  1.319652e+001 -3.000000e+000
      vertex -2.382538e+001  1.357247e+001  0.000000e+000
      vertex -2.382538e+001  1.357247e+001 -3.000000e+000
    endloop
  endfacet
  facet normal -9.848078e-001  1.736479e-001  0.000000e+000
    outer loop
      vertex -2.382538e+001  1.357247e+001 -3.000000e+000
      vertex -2.382538e+001  1.357247e+001  0.000000e+000
      vertex -2.375000e+001  1.400000e+001  0.000000e+000
    endloop
  endfacet
  facet normal -9.848078e-001  1.736479e-001  0.000000e+000
    outer loop
      vertex -2.382538e+001  1.357247e+001 -3.000000e+000
      vertex -2.375000e+001  1.400000e+001  0.000000e+000
      vertex -2.375000e+001  1.400000e+001 -3.000000e+000
    endloop
  endfacet
  facet normal -3.420193e-001  9.396929e-001  0.000000e+000
    outer loop
      vertex -2.437500e+001  1.291747e+001  0.000000e+000
      vertex -2.478294e+001  1.276899e+001 -3.000000e+000
      vertex -2.478294e+001  1.276899e+001  0.000000e+000
    endloop
  endfacet
  facet normal  0.000000e+000  9.999999e-001  0.000000e+000
    outer loop
      vertex -2.478294e+001  1.276899e+001  0.000000e+000
      vertex -2.478294e+001  1.276899e+001 -3.000000e+000
      vertex -2.521706e+001  1.276899e+001 -3.000000e+000
    endloop
  endfacet
  facet normal  0.000000e+000  9.999999e-001  0.000000e+000
    outer loop
      vertex -2.478294e+001  1.276899e+001  0.000000e+000
      vertex -2.521706e+001  1.276899e+001 -3.000000e+000
      vertex -2.521706e+001  1.276899e+001  0.000000e+000
    endloop
  endfacet
  facet normal  3.420193e-001  9.396929e-001  0.000000e+000
    outer loop
      vertex -2.521706e+001  1.276899e+001  0.000000e+000
      vertex -2.521706e+001  1.276899e+001 -3.000000e+000
      vertex -2.562500e+001  1.291747e+001 -3.000000e+000
    endloop
  endfacet
  facet normal  3.420193e-001  9.396929e-001  -0.000000e+000
    outer loop
      vertex -2.521706e+001  1.276899e+001  0.000000e+000
      vertex -2.562500e+001  1.291747e+001 -3.000000e+000
      vertex -2.562500e+001  1.291747e+001  0.000000e+000
    endloop
  endfacet
  facet normal  6.427870e-001  7.660449e-001  0.000000e+000
    outer loop
      vertex -2.562500e+001  1.291747e+001  0.000000e+000
      vertex -2.562500e+001  1.291747e+001 -3.000000e+000
      vertex -2.595756e+001  1.319652e+001 -3.000000e+000
    endloop
  endfacet
  facet normal  6.427870e-001  7.660449e-001  -0.000000e+000
    outer loop
      vertex -2.562500e+001  1.291747e+001  0.000000e+000
      vertex -2.595756e+001  1.319652e+001 -3.000000e+000
      vertex -2.595756e+001  1.319652e+001  0.000000e+000
    endloop
  endfacet
  facet normal  8.660256e-001  4.999997e-001  0.000000e+000
    outer loop
      vertex -2.595756e+001  1.319652e+001  0.000000e+000
      vertex -2.595756e+001  1.319652e+001 -3.000000e+000
      vertex -2.617462e+001  1.357247e+001 -3.000000e+000
    endloop
  endfacet
  facet normal  8.660256e-001  4.999997e-001  -0.000000e+000
    outer loop
      vertex -2.595756e+001  1.319652e+001  0.000000e+000
      vertex -2.617462e+001  1.357247e+001 -3.000000e+000
      vertex -2.617462e+001  1.357247e+001  0.000000e+000
    endloop
  endfacet
  facet normal  9.848078e-001  1.736479e-001  0.000000e+000
    outer loop
      vertex -2.617462e+001  1.357247e+001  0.000000e+000
      vertex -2.617462e+001  1.357247e+001 -3.000000e+000
      vertex -2.625000e+001  1.400000e+001 -3.000000e+000
    endloop
  endfacet
  facet normal  9.848078e-001  1.736479e-001  -0.000000e+000
    outer loop
      vertex -2.617462e+001  1.357247e+001  0.000000e+000
      vertex -2.625000e+001  1.400000e+001 -3.000000e+000
      vertex -2.625000e+001  1.400000e+001  0.000000e+000
    endloop
  endfacet
  facet normal  3.420193e-001 -9.396929e-001  0.000000e+000
    outer loop
      vertex -2.521706e+001  1.523101e+001 -3.000000e+000
      vertex -2.562500e+001  1.508253e+001  0.000000e+000
      vertex -2.562500e+001  1.508253e+001 -3.000000e+000
    endloop
  endfacet
  facet normal  6.427870e-001 -7.660449e-001  0.000000e+000
    outer loop
      vertex -2.562500e+001  1.508253e+001 -3.000000e+000
      vertex -2.562500e+001  1.508253e+001  0.000000e+000
      vertex -2.595756e+001  1.480348e+001  0.000000e+000
    endloop
  endfacet
  facet normal  6.427870e-001 -7.660449e-001  0.000000e+000
    outer loop
      vertex -2.562500e+001  1.508253e+001 -3.000000e+000
      vertex -2.595756e+001  1.480348e+001  0.000000e+000
      vertex -2.595756e+001  1.480348e+001 -3.000000e+000
    endloop
  endfacet
  facet normal  8.660256e-001 -4.999997e-001  0.000000e+000
    outer loop
      vertex -2.595756e+001  1.480348e+001 -3.000000e+000
      vertex -2.595756e+001  1.480348e+001  0.000000e+000
      vertex -2.617462e+001  1.442753e+001  0.000000e+000
    endloop
  endfacet
  facet normal  8.660256e-001 -4.999997e-001  0.000000e+000
    outer loop
      vertex -2.595756e+001  1.480348e+001 -3.000000e+000
      vertex -2.617462e+001  1.442753e+001  0.000000e+000
      vertex -2.617462e+001  1.442753e+001 -3.000000e+000
    endloop
  endfacet
  facet normal  9.848078e-001 -1.736479e-001  0.000000e+000
    outer loop
      vertex -2.617462e+001  1.442753e+001 -3.000000e+000
      vertex -2.617462e+001  1.442753e+001  0.000000e+000
      vertex -2.625000e+001  1.400000e+001  0.000000e+000
    endloop
  endfacet
  facet normal  9.848078e-001 -1.736479e-001  0.000000e+000
    outer loop
      vertex -2.617462e+001  1.442753e+001 -3.000000e+000
      vertex -2.625000e+001  1.400000e+001  0.000000e+000
      vertex -2.625000e+001  1.400000e+001 -3.000000e+000
    endloop
  endfacet
  facet normal  3.420193e-001 -9.396929e-001  0.000000e+000
    outer loop
      vertex -2.562500e+001  1.508253e+001  0.000000e+000
      vertex -2.521706e+001  1.523101e+001 -3.000000e+000
      vertex -2.521706e+001  1.523101e+001  0.000000e+000
    endloop
  endfacet
  facet normal  0.000000e+000 -9.999999e-001  0.000000e+000
    outer loop
      vertex -2.521706e+001  1.523101e+001  0.000000e+000
      vertex -2.521706e+001  1.523101e+001 -3.000000e+000
      vertex -2.478294e+001  1.523101e+001 -3.000000e+000
    endloop
  endfacet
  facet normal  0.000000e+000 -9.999999e-001  0.000000e+000
    outer loop
      vertex -2.521706e+001  1.523101e+001  0.000000e+000
      vertex -2.478294e+001  1.523101e+001 -3.000000e+000
      vertex -2.478294e+001  1.523101e+001  0.000000e+000
    endloop
  endfacet
  facet normal -3.420193e-001 -9.396929e-001  -0.000000e+000
    outer loop
      vertex -2.478294e+001  1.523101e+001  0.000000e+000
      vertex -2.478294e+001  1.523101e+001 -3.000000e+000
      vertex -2.437500e+001  1.508253e+001 -3.000000e+000
    endloop
  endfacet
  facet normal -3.420193e-001 -9.396929e-001  0.000000e+000
    outer loop
      vertex -2.478294e+001  1.523101e+001  0.000000e+000
      vertex -2.437500e+001  1.508253e+001 -3.000000e+000
      vertex -2.437500e+001  1.508253e+001  0.000000e+000
    endloop
  endfacet
  facet normal -6.427870e-001 -7.660449e-001  -0.000000e+000
    outer loop
      vertex -2.437500e+001  1.508253e+001  0.000000e+000
      vertex -2.437500e+001  1.508253e+001 -3.000000e+000
      vertex -2.404244e+001  1.480348e+001 -3.000000e+000
    endloop
  endfacet
  facet normal -6.427870e-001 -7.660449e-001  0.000000e+000
    outer loop
      vertex -2.437500e+001  1.508253e+001  0.000000e+000
      vertex -2.404244e+001  1.480348e+001 -3.000000e+000
      vertex -2.404244e+001  1.480348e+001  0.000000e+000
    endloop
  endfacet
  facet normal -8.660256e-001 -4.999997e-001  -0.000000e+000
    outer loop
      vertex -2.404244e+001  1.480348e+001  0.000000e+000
      vertex -2.404244e+001  1.480348e+001 -3.000000e+000
      vertex -2.382538e+001  1.442753e+001 -3.000000e+000
    endloop
  endfacet
  facet normal -8.660256e-001 -4.999997e-001  0.000000e+000
    outer loop
      vertex -2.404244e+001  1.480348e+001  0.000000e+000
      vertex -2.382538e+001  1.442753e+001 -3.000000e+000
      vertex -2.382538e+001  1.442753e+001  0.000000e+000
    endloop
  endfacet
  facet normal -9.848078e-001 -1.736479e-001  -0.000000e+000
    outer loop
      vertex -2.382538e+001  1.442753e+001  0.000000e+000
      vertex -2.382538e+001  1.442753e+001 -3.000000e+000
      vertex -2.375000e+001  1.400000e+001 -3.000000e+000
    endloop
  endfacet
  facet normal -9.848078e-001 -1.736479e-001  0.000000e+000
    outer loop
      vertex -2.382538e+001  1.442753e+001  0.000000e+000
      vertex -2.375000e+001  1.400000e+001 -3.000000e+000
      vertex -2.375000e+001  1.400000e+001  0.000000e+000
    endloop
  endfacet
  facet normal -1.000000e+000  0.000000e+000  0.000000e+000
    outer loop
      vertex -4.250000e+001  1.050000e+001  0.000000e+000
      vertex -4.250000e+001  1.050000e+001 -4.000000e+000
      vertex -4.250000e+001  1.000000e+001  0.000000e+000
    endloop
  endfacet
  facet normal -1.000000e+000  0.000000e+000  0.000000e+000
    outer loop
      vertex -4.250000e+001  1.000000e+001  0.000000e+000
      vertex -4.250000e+001  1.050000e+001 -4.000000e+000
      vertex -4.250000e+001  1.000000e+001 -2.000000e+000
    endloop
  endfacet
  facet normal -9.999999e-001  0.000000e+000  0.000000e+000
    outer loop
      vertex -4.250000e+001  1.050000e+001 -4.000000e+000
      vertex -4.250000e+001  8.046739e+000 -4.000000e+000
      vertex -4.250000e+001  1.000000e+001 -2.000000e+000
    endloop
  endfacet
  facet normal -1.000000e+000  -0.000000e+000  0.000000e+000
    outer loop
      vertex -4.250000e+001  1.000000e+001 -2.000000e+000
      vertex -4.250000e+001  8.046739e+000 -4.000000e+000
      vertex -4.250000e+001  8.046739e+000 -2.000000e+000
    endloop
  endfacet
  facet normal -9.999999e-001  0.000000e+000  0.000000e+000
    outer loop
      vertex -4.250000e+001 -8.046739e+000 -4.000000e+000
      vertex -4.250000e+001 -1.050000e+001 -4.000000e+000
      vertex -4.250000e+001 -8.046739e+000 -2.000000e+000
    endloop
  endfacet
  facet normal -1.000000e+000  -0.000000e+000  0.000000e+000
    outer loop
      vertex -4.250000e+001 -8.046739e+000 -2.000000e+000
      vertex -4.250000e+001 -1.050000e+001 -4.000000e+000
      vertex -4.250000e+001 -1.000000e+001 -2.000000e+000
    endloop
  endfacet
  facet normal -1.000000e+000  0.000000e+000  0.000000e+000
    outer loop
      vertex -4.250000e+001 -1.050000e+001 -4.000000e+000
      vertex -4.250000e+001 -1.050000e+001  0.000000e+000
      vertex -4.250000e+001 -1.000000e+001 -2.000000e+000
    endloop
  endfacet
  facet normal -1.000000e+000  0.000000e+000  0.000000e+000
    outer loop
      vertex -4.250000e+001 -1.000000e+001 -2.000000e+000
      vertex -4.250000e+001 -1.050000e+001  0.000000e+000
      vertex -4.250000e+001 -1.000000e+001  0.000000e+000
    endloop
  endfacet
  facet normal -7.133977e-002 -9.974520e-001  -0.000000e+000
    outer loop
      vertex -3.500000e+001 -1.800000e+001 -4.000000e+000
      vertex -3.500000e+001 -1.800000e+001  0.000000e+000
      vertex -3.606736e+001 -1.792366e+001 -4.000000e+000
    endloop
  endfacet
  facet normal -7.133977e-002 -9.974520e-001  0.000000e+000
    outer loop
      vertex -3.606736e+001 -1.792366e+001 -4.000000e+000
      vertex -3.500000e+001 -1.800000e+001  0.000000e+000
      vertex -3.606736e+001 -1.792366e+001  0.000000e+000
    endloop
  endfacet
  facet normal -2.125642e-001 -9.771470e-001  -0.000000e+000
    outer loop
      vertex -3.606736e+001 -1.792366e+001 -4.000000e+000
      vertex -3.606736e+001 -1.792366e+001  0.000000e+000
      vertex -3.711300e+001 -1.769620e+001 -4.000000e+000
    endloop
  endfacet
  facet normal -2.125642e-001 -9.771470e-001  0.000000e+000
    outer loop
      vertex -3.711300e+001 -1.769620e+001 -4.000000e+000
      vertex -3.606736e+001 -1.792366e+001  0.000000e+000
      vertex -3.711300e+001 -1.769620e+001  0.000000e+000
    endloop
  endfacet
  facet normal -3.494641e-001 -9.369498e-001  -0.000000e+000
    outer loop
      vertex -3.711300e+001 -1.769620e+001 -4.000000e+000
      vertex -3.711300e+001 -1.769620e+001  0.000000e+000
      vertex -3.811561e+001 -1.732224e+001 -4.000000e+000
    endloop
  endfacet
  facet normal -3.494641e-001 -9.369498e-001  0.000000e+000
    outer loop
      vertex -3.811561e+001 -1.732224e+001 -4.000000e+000
      vertex -3.711300e+001 -1.769620e+001  0.000000e+000
      vertex -3.811561e+001 -1.732224e+001  0.000000e+000
    endloop
  endfacet
  facet normal -4.792502e-001 -8.776783e-001  -0.000000e+000
    outer loop
      vertex -3.811561e+001 -1.732224e+001 -4.000000e+000
      vertex -3.811561e+001 -1.732224e+001  0.000000e+000
      vertex -3.905481e+001 -1.680940e+001 -4.000000e+000
    endloop
  endfacet
  facet normal -4.792502e-001 -8.776783e-001  0.000000e+000
    outer loop
      vertex -3.905481e+001 -1.680940e+001 -4.000000e+000
      vertex -3.811561e+001 -1.732224e+001  0.000000e+000
      vertex -3.905481e+001 -1.680940e+001  0.000000e+000
    endloop
  endfacet
  facet normal -5.992765e-001 -8.005421e-001  -0.000000e+000
    outer loop
      vertex -3.905481e+001 -1.680940e+001 -4.000000e+000
      vertex -3.905481e+001 -1.680940e+001  0.000000e+000
      vertex -3.991146e+001 -1.616812e+001 -4.000000e+000
    endloop
  endfacet
  facet normal -5.992765e-001 -8.005421e-001  0.000000e+000
    outer loop
      vertex -3.991146e+001 -1.616812e+001 -4.000000e+000
      vertex -3.905481e+001 -1.680940e+001  0.000000e+000
      vertex -3.991146e+001 -1.616812e+001  0.000000e+000
    endloop
  endfacet
  facet normal -7.071077e-001 -7.071059e-001  -0.000000e+000
    outer loop
      vertex -3.991146e+001 -1.616812e+001 -4.000000e+000
      vertex -3.991146e+001 -1.616812e+001  0.000000e+000
      vertex -4.066812e+001 -1.541146e+001 -4.000000e+000
    endloop
  endfacet
  facet normal -7.071077e-001 -7.071059e-001  0.000000e+000
    outer loop
      vertex -4.066812e+001 -1.541146e+001 -4.000000e+000
      vertex -3.991146e+001 -1.616812e+001  0.000000e+000
      vertex -4.066812e+001 -1.541146e+001  0.000000e+000
    endloop
  endfacet
  facet normal -8.005406e-001 -5.992785e-001  -0.000000e+000
    outer loop
      vertex -4.066812e+001 -1.541146e+001 -4.000000e+000
      vertex -4.066812e+001 -1.541146e+001  0.000000e+000
      vertex -4.130940e+001 -1.455481e+001 -4.000000e+000
    endloop
  endfacet
  facet normal -8.005406e-001 -5.992785e-001  0.000000e+000
    outer loop
      vertex -4.130940e+001 -1.455481e+001 -4.000000e+000
      vertex -4.066812e+001 -1.541146e+001  0.000000e+000
      vertex -4.130940e+001 -1.455481e+001  0.000000e+000
    endloop
  endfacet
  facet normal -8.776796e-001 -4.792478e-001  -0.000000e+000
    outer loop
      vertex -4.130940e+001 -1.455481e+001 -4.000000e+000
      vertex -4.130940e+001 -1.455481e+001  0.000000e+000
      vertex -4.182224e+001 -1.361561e+001 -4.000000e+000
    endloop
  endfacet
  facet normal -8.776796e-001 -4.792478e-001  0.000000e+000
    outer loop
      vertex -4.182224e+001 -1.361561e+001 -4.000000e+000
      vertex -4.130940e+001 -1.455481e+001  0.000000e+000
      vertex -4.182224e+001 -1.361561e+001  0.000000e+000
    endloop
  endfacet
  facet normal -9.369494e-001 -3.494651e-001  -0.000000e+000
    outer loop
      vertex -4.182224e+001 -1.361561e+001 -4.000000e+000
      vertex -4.182224e+001 -1.361561e+001  0.000000e+000
      vertex -4.219620e+001 -1.261299e+001 -4.000000e+000
    endloop
  endfacet
  facet normal -9.369494e-001 -3.494651e-001  0.000000e+000
    outer loop
      vertex -4.219620e+001 -1.261299e+001 -4.000000e+000
      vertex -4.182224e+001 -1.361561e+001  0.000000e+000
      vertex -4.219620e+001 -1.261299e+001  0.000000e+000
    endloop
  endfacet
  facet normal -9.771470e-001 -2.125645e-001  -0.000000e+000
    outer loop
      vertex -4.219620e+001 -1.261299e+001 -4.000000e+000
      vertex -4.219620e+001 -1.261299e+001  0.000000e+000
      vertex -4.242366e+001 -1.156736e+001 -4.000000e+000
    endloop
  endfacet
  facet normal -9.771470e-001 -2.125645e-001  0.000000e+000
    outer loop
      vertex -4.242366e+001 -1.156736e+001 -4.000000e+000
      vertex -4.219620e+001 -1.261299e+001  0.000000e+000
      vertex -4.242366e+001 -1.156736e+001  0.000000e+000
    endloop
  endfacet
  facet normal -9.974520e-001 -7.133970e-002  -0.000000e+000
    outer loop
      vertex -4.242366e+001 -1.156736e+001 -4.000000e+000
      vertex -4.242366e+001 -1.156736e+001  0.000000e+000
      vertex -4.250000e+001 -1.050000e+001 -4.000000e+000
    endloop
  endfacet
  facet normal -9.974520e-001 -7.133970e-002  0.000000e+000
    outer loop
      vertex -4.250000e+001 -1.050000e+001 -4.000000e+000
      vertex -4.242366e+001 -1.156736e+001  0.000000e+000
      vertex -4.250000e+001 -1.050000e+001  0.000000e+000
    endloop
  endfacet
  facet normal  0.000000e+000 -1.000000e+000  0.000000e+000
    outer loop
      vertex  3.500000e+001 -1.800000e+001  0.000000e+000
      vertex -3.500000e+001 -1.800000e+001  0.000000e+000
      vertex  3.500000e+001 -1.800000e+001 -4.000000e+000
    endloop
  endfacet
  facet normal  0.000000e+000 -1.000000e+000  0.000000e+000
    outer loop
      vertex  3.500000e+001 -1.800000e+001 -4.000000e+000
      vertex -3.500000e+001 -1.800000e+001  0.000000e+000
      vertex -3.500000e+001 -1.800000e+001 -4.000000e+000
    endloop
  endfacet
  facet normal  9.974520e-001 -7.133970e-002  0.000000e+000
    outer loop
      vertex  4.250000e+001 -1.050000e+001 -4.000000e+000
      vertex  4.250000e+001 -1.050000e+001  0.000000e+000
      vertex  4.242366e+001 -1.156736e+001 -4.000000e+000
    endloop
  endfacet
  facet normal  9.974520e-001 -7.133970e-002  0.000000e+000
    outer loop
      vertex  4.242366e+001 -1.156736e+001 -4.000000e+000
      vertex  4.250000e+001 -1.050000e+001  0.000000e+000
      vertex  4.242366e+001 -1.156736e+001  0.000000e+000
    endloop
  endfacet
  facet normal  9.771470e-001 -2.125645e-001  0.000000e+000
    outer loop
      vertex  4.242366e+001 -1.156736e+001 -4.000000e+000
      vertex  4.242366e+001 -1.156736e+001  0.000000e+000
      vertex  4.219620e+001 -1.261299e+001 -4.000000e+000
    endloop
  endfacet
  facet normal  9.771470e-001 -2.125645e-001  0.000000e+000
    outer loop
      vertex  4.219620e+001 -1.261299e+001 -4.000000e+000
      vertex  4.242366e+001 -1.156736e+001  0.000000e+000
      vertex  4.219620e+001 -1.261299e+001  0.000000e+000
    endloop
  endfacet
  facet normal  9.369494e-001 -3.494651e-001  0.000000e+000
    outer loop
      vertex  4.219620e+001 -1.261299e+001 -4.000000e+000
      vertex  4.219620e+001 -1.261299e+001  0.000000e+000
      vertex  4.182224e+001 -1.361561e+001 -4.000000e+000
    endloop
  endfacet
  facet normal  9.369494e-001 -3.494651e-001  0.000000e+000
    outer loop
      vertex  4.182224e+001 -1.361561e+001 -4.000000e+000
      vertex  4.219620e+001 -1.261299e+001  0.000000e+000
      vertex  4.182224e+001 -1.361561e+001  0.000000e+000
    endloop
  endfacet
  facet normal  8.776796e-001 -4.792478e-001  0.000000e+000
    outer loop
      vertex  4.182224e+001 -1.361561e+001 -4.000000e+000
      vertex  4.182224e+001 -1.361561e+001  0.000000e+000
      vertex  4.130940e+001 -1.455481e+001 -4.000000e+000
    endloop
  endfacet
  facet normal  8.776796e-001 -4.792478e-001  0.000000e+000
    outer loop
      vertex  4.130940e+001 -1.455481e+001 -4.000000e+000
      vertex  4.182224e+001 -1.361561e+001  0.000000e+000
      vertex  4.130940e+001 -1.455481e+001  0.000000e+000
    endloop
  endfacet
  facet normal  8.005406e-001 -5.992785e-001  0.000000e+000
    outer loop
      vertex  4.130940e+001 -1.455481e+001 -4.000000e+000
      vertex  4.130940e+001 -1.455481e+001  0.000000e+000
      vertex  4.066812e+001 -1.541146e+001 -4.000000e+000
    endloop
  endfacet
  facet normal  8.005406e-001 -5.992785e-001  0.000000e+000
    outer loop
      vertex  4.066812e+001 -1.541146e+001 -4.000000e+000
      vertex  4.130940e+001 -1.455481e+001  0.000000e+000
      vertex  4.066812e+001 -1.541146e+001  0.000000e+000
    endloop
  endfacet
  facet normal  7.071077e-001 -7.071059e-001  0.000000e+000
    outer loop
      vertex  4.066812e+001 -1.541146e+001 -4.000000e+000
      vertex  4.066812e+001 -1.541146e+001  0.000000e+000
      vertex  3.991146e+001 -1.616812e+001 -4.000000e+000
    endloop
  endfacet
  facet normal  7.071077e-001 -7.071059e-001  0.000000e+000
    outer loop
      vertex  3.991146e+001 -1.616812e+001 -4.000000e+000
      vertex  4.066812e+001 -1.541146e+001  0.000000e+000
      vertex  3.991146e+001 -1.616812e+001  0.000000e+000
    endloop
  endfacet
  facet normal  5.992765e-001 -8.005421e-001  0.000000e+000
    outer loop
      vertex  3.991146e+001 -1.616812e+001 -4.000000e+000
      vertex  3.991146e+001 -1.616812e+001  0.000000e+000
      vertex  3.905481e+001 -1.680940e+001 -4.000000e+000
    endloop
  endfacet
  facet normal  5.992765e-001 -8.005421e-001  0.000000e+000
    outer loop
      vertex  3.905481e+001 -1.680940e+001 -4.000000e+000
      vertex  3.991146e+001 -1.616812e+001  0.000000e+000
      vertex  3.905481e+001 -1.680940e+001  0.000000e+000
    endloop
  endfacet
  facet normal  4.792502e-001 -8.776783e-001  0.000000e+000
    outer loop
      vertex  3.905481e+001 -1.680940e+001 -4.000000e+000
      vertex  3.905481e+001 -1.680940e+001  0.000000e+000
      vertex  3.811561e+001 -1.732224e+001 -4.000000e+000
    endloop
  endfacet
  facet normal  4.792502e-001 -8.776783e-001  0.000000e+000
    outer loop
      vertex  3.811561e+001 -1.732224e+001 -4.000000e+000
      vertex  3.905481e+001 -1.680940e+001  0.000000e+000
      vertex  3.811561e+001 -1.732224e+001  0.000000e+000
    endloop
  endfacet
  facet normal  3.494641e-001 -9.369498e-001  0.000000e+000
    outer loop
      vertex  3.811561e+001 -1.732224e+001 -4.000000e+000
      vertex  3.811561e+001 -1.732224e+001  0.000000e+000
      vertex  3.711300e+001 -1.769620e+001 -4.000000e+000
    endloop
  endfacet
  facet normal  3.494641e-001 -9.369498e-001  0.000000e+000
    outer loop
      vertex  3.711300e+001 -1.769620e+001 -4.000000e+000
      vertex  3.811561e+001 -1.732224e+001  0.000000e+000
      vertex  3.711300e+001 -1.769620e+001  0.000000e+000
    endloop
  endfacet
  facet normal  2.125642e-001 -9.771470e-001  0.000000e+000
    outer loop
      vertex  3.711300e+001 -1.769620e+001 -4.000000e+000
      vertex  3.711300e+001 -1.769620e+001  0.000000e+000
      vertex  3.606736e+001 -1.792366e+001 -4.000000e+000
    endloop
  endfacet
  facet normal  2.125642e-001 -9.771470e-001  0.000000e+000
    outer loop
      vertex  3.606736e+001 -1.792366e+001 -4.000000e+000
      vertex  3.711300e+001 -1.769620e+001  0.000000e+000
      vertex  3.606736e+001 -1.792366e+001  0.000000e+000
    endloop
  endfacet
  facet normal  7.133977e-002 -9.974520e-001  0.000000e+000
    outer loop
      vertex  3.606736e+001 -1.792366e+001 -4.000000e+000
      vertex  3.606736e+001 -1.792366e+001  0.000000e+000
      vertex  3.500000e+001 -1.800000e+001 -4.000000e+000
    endloop
  endfacet
  facet normal  7.133977e-002 -9.974520e-001  0.000000e+000
    outer loop
      vertex  3.500000e+001 -1.800000e+001 -4.000000e+000
      vertex  3.606736e+001 -1.792366e+001  0.000000e+000
      vertex  3.500000e+001 -1.800000e+001  0.000000e+000
    endloop
  endfacet
  facet normal  1.000000e+000  0.000000e+000  0.000000e+000
    outer loop
      vertex  4.250000e+001 -1.050000e+001  0.000000e+000
      vertex  4.250000e+001 -1.050000e+001 -4.000000e+000
      vertex  4.250000e+001 -1.000000e+001  0.000000e+000
    endloop
  endfacet
  facet normal  1.000000e+000  0.000000e+000  0.000000e+000
    outer loop
      vertex  4.250000e+001 -1.000000e+001  0.000000e+000
      vertex  4.250000e+001 -1.050000e+001 -4.000000e+000
      vertex  4.250000e+001 -1.000000e+001 -2.000000e+000
    endloop
  endfacet
  facet normal  9.999999e-001  0.000000e+000  0.000000e+000
    outer loop
      vertex  4.250000e+001 -1.050000e+001 -4.000000e+000
      vertex  4.250000e+001 -8.046739e+000 -4.000000e+000
      vertex  4.250000e+001 -1.000000e+001 -2.000000e+000
    endloop
  endfacet
  facet normal  1.000000e+000  -0.000000e+000  0.000000e+000
    outer loop
      vertex  4.250000e+001 -1.000000e+001 -2.000000e+000
      vertex  4.250000e+001 -8.046739e+000 -4.000000e+000
      vertex  4.250000e+001 -8.046739e+000 -2.000000e+000
    endloop
  endfacet
  facet normal  9.999999e-001  0.000000e+000  0.000000e+000
    outer loop
      vertex  4.250000e+001  8.046739e+000 -4.000000e+000
      vertex  4.250000e+001  1.050000e+001 -4.000000e+000
      vertex  4.250000e+001  8.046739e+000 -2.000000e+000
    endloop
  endfacet
  facet normal  1.000000e+000  -0.000000e+000  0.000000e+000
    outer loop
      vertex  4.250000e+001  8.046739e+000 -2.000000e+000
      vertex  4.250000e+001  1.050000e+001 -4.000000e+000
      vertex  4.250000e+001  1.000000e+001 -2.000000e+000
    endloop
  endfacet
  facet normal  1.000000e+000  0.000000e+000  0.000000e+000
    outer loop
      vertex  4.250000e+001  1.050000e+001 -4.000000e+000
      vertex  4.250000e+001  1.050000e+001  0.000000e+000
      vertex  4.250000e+001  1.000000e+001 -2.000000e+000
    endloop
  endfacet
  facet normal  1.000000e+000  0.000000e+000  0.000000e+000
    outer loop
      vertex  4.250000e+001  1.000000e+001 -2.000000e+000
      vertex  4.250000e+001  1.050000e+001  0.000000e+000
      vertex  4.250000e+001  1.000000e+001  0.000000e+000
    endloop
  endfacet
  facet normal  7.133977e-002  9.974520e-001  0.000000e+000
    outer loop
      vertex  3.500000e+001  1.800000e+001 -4.000000e+000
      vertex  3.500000e+001  1.800000e+001  0.000000e+000
      vertex  3.606736e+001  1.792366e+001 -4.000000e+000
    endloop
  endfacet
  facet normal  7.133977e-002  9.974520e-001  -0.000000e+000
    outer loop
      vertex  3.606736e+001  1.792366e+001 -4.000000e+000
      vertex  3.500000e+001  1.800000e+001  0.000000e+000
      vertex  3.606736e+001  1.792366e+001  0.000000e+000
    endloop
  endfacet
  facet normal  2.125642e-001  9.771470e-001  0.000000e+000
    outer loop
      vertex  3.606736e+001  1.792366e+001 -4.000000e+000
      vertex  3.606736e+001  1.792366e+001  0.000000e+000
      vertex  3.711300e+001  1.769620e+001 -4.000000e+000
    endloop
  endfacet
  facet normal  2.125642e-001  9.771470e-001  -0.000000e+000
    outer loop
      vertex  3.711300e+001  1.769620e+001 -4.000000e+000
      vertex  3.606736e+001  1.792366e+001  0.000000e+000
      vertex  3.711300e+001  1.769620e+001  0.000000e+000
    endloop
  endfacet
  facet normal  3.494641e-001  9.369498e-001  0.000000e+000
    outer loop
      vertex  3.711300e+001  1.769620e+001 -4.000000e+000
      vertex  3.711300e+001  1.769620e+001  0.000000e+000
      vertex  3.811561e+001  1.732224e+001 -4.000000e+000
    endloop
  endfacet
  facet normal  3.494641e-001  9.369498e-001  -0.000000e+000
    outer loop
      vertex  3.811561e+001  1.732224e+001 -4.000000e+000
      vertex  3.711300e+001  1.769620e+001  0.000000e+000
      vertex  3.811561e+001  1.732224e+001  0.000000e+000
    endloop
  endfacet
  facet normal  4.792502e-001  8.776783e-001  0.000000e+000
    outer loop
      vertex  3.811561e+001  1.732224e+001 -4.000000e+000
      vertex  3.811561e+001  1.732224e+001  0.000000e+000
      vertex  3.905481e+001  1.680940e+001 -4.000000e+000
    endloop
  endfacet
  facet normal  4.792502e-001  8.776783e-001  -0.000000e+000
    outer loop
      vertex  3.905481e+001  1.680940e+001 -4.000000e+000
      vertex  3.811561e+001  1.732224e+001  0.000000e+000
      vertex  3.905481e+001  1.680940e+001  0.000000e+000
    endloop
  endfacet
  facet normal  5.992765e-001  8.005421e-001  0.000000e+000
    outer loop
      vertex  3.905481e+001  1.680940e+001 -4.000000e+000
      vertex  3.905481e+001  1.680940e+001  0.000000e+000
      vertex  3.991146e+001  1.616812e+001 -4.000000e+000
    endloop
  endfacet
  facet normal  5.992765e-001  8.005421e-001  -0.000000e+000
    outer loop
      vertex  3.991146e+001  1.616812e+001 -4.000000e+000
      vertex  3.905481e+001  1.680940e+001  0.000000e+000
      vertex  3.991146e+001  1.616812e+001  0.000000e+000
    endloop
  endfacet
  facet normal  7.071077e-001  7.071059e-001  0.000000e+000
    outer loop
      vertex  3.991146e+001  1.616812e+001 -4.000000e+000
      vertex  3.991146e+001  1.616812e+001  0.000000e+000
      vertex  4.066812e+001  1.541146e+001 -4.000000e+000
    endloop
  endfacet
  facet normal  7.071077e-001  7.071059e-001  -0.000000e+000
    outer loop
      vertex  4.066812e+001  1.541146e+001 -4.000000e+000
      vertex  3.991146e+001  1.616812e+001  0.000000e+000
      vertex  4.066812e+001  1.541146e+001  0.000000e+000
    endloop
  endfacet
  facet normal  8.005406e-001  5.992785e-001  0.000000e+000
    outer loop
      vertex  4.066812e+001  1.541146e+001 -4.000000e+000
      vertex  4.066812e+001  1.541146e+001  0.000000e+000
      vertex  4.130940e+001  1.455481e+001 -4.000000e+000
    endloop
  endfacet
  facet normal  8.005406e-001  5.992785e-001  -0.000000e+000
    outer loop
      vertex  4.130940e+001  1.455481e+001 -4.000000e+000
      vertex  4.066812e+001  1.541146e+001  0.000000e+000
      vertex  4.130940e+001  1.455481e+001  0.000000e+000
    endloop
  endfacet
  facet normal  8.776796e-001  4.792478e-001  0.000000e+000
    outer loop
      vertex  4.130940e+001  1.455481e+001 -4.000000e+000
      vertex  4.130940e+001  1.455481e+001  0.000000e+000
      vertex  4.182224e+001  1.361561e+001 -4.000000e+000
    endloop
  endfacet
  facet normal  8.776796e-001  4.792478e-001  -0.000000e+000
    outer loop
      vertex  4.182224e+001  1.361561e+001 -4.000000e+000
      vertex  4.130940e+001  1.455481e+001  0.000000e+000
      vertex  4.182224e+001  1.361561e+001  0.000000e+000
    endloop
  endfacet
  facet normal  9.369494e-001  3.494651e-001  0.000000e+000
    outer loop
      vertex  4.182224e+001  1.361561e+001 -4.000000e+000
      vertex  4.182224e+001  1.361561e+001  0.000000e+000
      vertex  4.219620e+001  1.261299e+001 -4.000000e+000
    endloop
  endfacet
  facet normal  9.369494e-001  3.494651e-001  -0.000000e+000
    outer loop
      vertex  4.219620e+001  1.261299e+001 -4.000000e+000
      vertex  4.182224e+001  1.361561e+001  0.000000e+000
      vertex  4.219620e+001  1.261299e+001  0.000000e+000
    endloop
  endfacet
  facet normal  9.771470e-001  2.125645e-001  0.000000e+000
    outer loop
      vertex  4.219620e+001  1.261299e+001 -4.000000e+000
      vertex  4.219620e+001  1.261299e+001  0.000000e+000
      vertex  4.242366e+001  1.156736e+001 -4.000000e+000
    endloop
  endfacet
  facet normal  9.771470e-001  2.125645e-001  -0.000000e+000
    outer loop
      vertex  4.242366e+001  1.156736e+001 -4.000000e+000
      vertex  4.219620e+001  1.261299e+001  0.000000e+000
      vertex  4.242366e+001  1.156736e+001  0.000000e+000
    endloop
  endfacet
  facet normal  9.974520e-001  7.133970e-002  0.000000e+000
    outer loop
      vertex  4.242366e+001  1.156736e+001 -4.000000e+000
      vertex  4.242366e+001  1.156736e+001  0.000000e+000
      vertex  4.250000e+001  1.050000e+001 -4.000000e+000
    endloop
  endfacet
  facet normal  9.974520e-001  7.133970e-002  -0.000000e+000
    outer loop
      vertex  4.250000e+001  1.050000e+001 -4.000000e+000
      vertex  4.242366e+001  1.156736e+001  0.000000e+000
      vertex  4.250000e+001  1.050000e+001  0.000000e+000
    endloop
  endfacet
  facet normal  0.000000e+000  1.000000e+000  0.000000e+000
    outer loop
      vertex -3.500000e+001  1.800000e+001  0.000000e+000
      vertex  3.500000e+001  1.800000e+001  0.000000e+000
      vertex -3.500000e+001  1.800000e+001 -4.000000e+000
    endloop
  endfacet
  facet normal  0.000000e+000  1.000000e+000  0.000000e+000
    outer loop
      vertex -3.500000e+001  1.800000e+001 -4.000000e+000
      vertex  3.500000e+001  1.800000e+001  0.000000e+000
      vertex  3.500000e+001  1.800000e+001 -4.000000e+000
    endloop
  endfacet
  facet normal -9.974520e-001  7.133970e-002  0.000000e+000
    outer loop
      vertex -4.250000e+001  1.050000e+001 -4.000000e+000
      vertex -4.250000e+001  1.050000e+001  0.000000e+000
      vertex -4.242366e+001  1.156736e+001 -4.000000e+000
    endloop
  endfacet
  facet normal -9.974520e-001  7.133970e-002  0.000000e+000
    outer loop
      vertex -4.242366e+001  1.156736e+001 -4.000000e+000
      vertex -4.250000e+001  1.050000e+001  0.000000e+000
      vertex -4.242366e+001  1.156736e+001  0.000000e+000
    endloop
  endfacet
  facet normal -9.771470e-001  2.125645e-001  0.000000e+000
    outer loop
      vertex -4.242366e+001  1.156736e+001 -4.000000e+000
      vertex -4.242366e+001  1.156736e+001  0.000000e+000
      vertex -4.219620e+001  1.261299e+001 -4.000000e+000
    endloop
  endfacet
  facet normal -9.771470e-001  2.125645e-001  0.000000e+000
    outer loop
      vertex -4.219620e+001  1.261299e+001 -4.000000e+000
      vertex -4.242366e+001  1.156736e+001  0.000000e+000
      vertex -4.219620e+001  1.261299e+001  0.000000e+000
    endloop
  endfacet
  facet normal -9.369494e-001  3.494651e-001  0.000000e+000
    outer loop
      vertex -4.219620e+001  1.261299e+001 -4.000000e+000
      vertex -4.219620e+001  1.261299e+001  0.000000e+000
      vertex -4.182224e+001  1.361561e+001 -4.000000e+000
    endloop
  endfacet
  facet normal -9.369494e-001  3.494651e-001  0.000000e+000
    outer loop
      vertex -4.182224e+001  1.361561e+001 -4.000000e+000
      vertex -4.219620e+001  1.261299e+001  0.000000e+000
      vertex -4.182224e+001  1.361561e+001  0.000000e+000
    endloop
  endfacet
  facet normal -8.776796e-001  4.792478e-001  0.000000e+000
    outer loop
      vertex -4.182224e+001  1.361561e+001 -4.000000e+000
      vertex -4.182224e+001  1.361561e+001  0.000000e+000
      vertex -4.130940e+001  1.455481e+001 -4.000000e+000
    endloop
  endfacet
  facet normal -8.776796e-001  4.792478e-001  0.000000e+000
    outer loop
      vertex -4.130940e+001  1.455481e+001 -4.000000e+000
      vertex -4.182224e+001  1.361561e+001  0.000000e+000
      vertex -4.130940e+001  1.455481e+001  0.000000e+000
    endloop
  endfacet
  facet normal -8.005406e-001  5.992785e-001  0.000000e+000
    outer loop
      vertex -4.130940e+001  1.455481e+001 -4.000000e+000
      vertex -4.130940e+001  1.455481e+001  0.000000e+000
      vertex -4.066812e+001  1.541146e+001 -4.000000e+000
    endloop
  endfacet
  facet normal -8.005406e-001  5.992785e-001  0.000000e+000
    outer loop
      vertex -4.066812e+001  1.541146e+001 -4.000000e+000
      vertex -4.130940e+001  1.455481e+001  0.000000e+000
      vertex -4.066812e+001  1.541146e+001  0.000000e+000
    endloop
  endfacet
  facet normal -7.071077e-001  7.071059e-001  0.000000e+000
    outer loop
      vertex -4.066812e+001  1.541146e+001 -4.000000e+000
      vertex -4.066812e+001  1.541146e+001  0.000000e+000
      vertex -3.991146e+001  1.616812e+001 -4.000000e+000
    endloop
  endfacet
  facet normal -7.071077e-001  7.071059e-001  0.000000e+000
    outer loop
      vertex -3.991146e+001  1.616812e+001 -4.000000e+000
      vertex -4.066812e+001  1.541146e+001  0.000000e+000
      vertex -3.991146e+001  1.616812e+001  0.000000e+000
    endloop
  endfacet
  facet normal -5.992765e-001  8.005421e-001  0.000000e+000
    outer loop
      vertex -3.991146e+001  1.616812e+001 -4.000000e+000
      vertex -3.991146e+001  1.616812e+001  0.000000e+000
      vertex -3.905481e+001  1.680940e+001 -4.000000e+000
    endloop
  endfacet
  facet normal -5.992765e-001  8.005421e-001  0.000000e+000
    outer loop
      vertex -3.905481e+001  1.680940e+001 -4.000000e+000
      vertex -3.991146e+001  1.616812e+001  0.000000e+000
      vertex -3.905481e+001  1.680940e+001  0.000000e+000
    endloop
  endfacet
  facet normal -4.792502e-001  8.776783e-001  0.000000e+000
    outer loop
      vertex -3.905481e+001  1.680940e+001 -4.000000e+000
      vertex -3.905481e+001  1.680940e+001  0.000000e+000
      vertex -3.811561e+001  1.732224e+001 -4.000000e+000
    endloop
  endfacet
  facet normal -4.792502e-001  8.776783e-001  0.000000e+000
    outer loop
      vertex -3.811561e+001  1.732224e+001 -4.000000e+000
      vertex -3.905481e+001  1.680940e+001  0.000000e+000
      vertex -3.811561e+001  1.732224e+001  0.000000e+000
    endloop
  endfacet
  facet normal -3.494641e-001  9.369498e-001  0.000000e+000
    outer loop
      vertex -3.811561e+001  1.732224e+001 -4.000000e+000
      vertex -3.811561e+001  1.732224e+001  0.000000e+000
      vertex -3.711300e+001  1.769620e+001 -4.000000e+000
    endloop
  endfacet
  facet normal -3.494641e-001  9.369498e-001  0.000000e+000
    outer loop
      vertex -3.711300e+001  1.769620e+001 -4.000000e+000
      vertex -3.811561e+001  1.732224e+001  0.000000e+000
      vertex -3.711300e+001  1.769620e+001  0.000000e+000
    endloop
  endfacet
  facet normal -2.125642e-001  9.771470e-001  0.000000e+000
    outer loop
      vertex -3.711300e+001  1.769620e+001 -4.000000e+000
      vertex -3.711300e+001  1.769620e+001  0.000000e+000
      vertex -3.606736e+001  1.792366e+001 -4.000000e+000
    endloop
  endfacet
  facet normal -2.125642e-001  9.771470e-001  0.000000e+000
    outer loop
      vertex -3.606736e+001  1.792366e+001 -4.000000e+000
      vertex -3.711300e+001  1.769620e+001  0.000000e+000
      vertex -3.606736e+001  1.792366e+001  0.000000e+000
    endloop
  endfacet
  facet normal -7.133977e-002  9.974520e-001  0.000000e+000
    outer loop
      vertex -3.606736e+001  1.792366e+001 -4.000000e+000
      vertex -3.606736e+001  1.792366e+001  0.000000e+000
      vertex -3.500000e+001  1.800000e+001 -4.000000e+000
    endloop
  endfacet
  facet normal -7.133977e-002  9.974520e-001  0.000000e+000
    outer loop
      vertex -3.500000e+001  1.800000e+001 -4.000000e+000
      vertex -3.606736e+001  1.792366e+001  0.000000e+000
      vertex -3.500000e+001  1.800000e+001  0.000000e+000
    endloop
  endfacet
  facet normal  0.000000e+000  1.000000e+000  0.000000e+000
    outer loop
      vertex -3.950000e+001 -1.000000e+001 -2.000000e+000
      vertex -4.250000e+001 -1.000000e+001 -2.000000e+000
      vertex -3.950000e+001 -1.000000e+001  0.000000e+000
    endloop
  endfacet
  facet normal  0.000000e+000  1.000000e+000  0.000000e+000
    outer loop
      vertex -3.950000e+001 -1.000000e+001  0.000000e+000
      vertex -4.250000e+001 -1.000000e+001 -2.000000e+000
      vertex -4.250000e+001 -1.000000e+001  0.000000e+000
    endloop
  endfacet
  facet normal  0.000000e+000 -1.000000e+000  -0.000000e+000
    outer loop
      vertex  4.250000e+001  1.000000e+001 -2.000000e+000
      vertex  4.250000e+001  1.000000e+001  0.000000e+000
      vertex  3.950000e+001  1.000000e+001 -2.000000e+000
    endloop
  endfacet
  facet normal  0.000000e+000 -1.000000e+000  0.000000e+000
    outer loop
      vertex  3.950000e+001  1.000000e+001 -2.000000e+000
      vertex  4.250000e+001  1.000000e+001  0.000000e+000
      vertex  3.950000e+001  1.000000e+001  0.000000e+000
    endloop
  endfacet
  facet normal -9.801670e-002  9.951848e-001  0.000000e+000
    outer loop
      vertex  1.600000e+001 -1.450000e+001 -4.000000e+000
      vertex  1.678036e+001 -1.442314e+001  0.000000e+000
      vertex  1.678036e+001 -1.442314e+001 -4.000000e+000
    endloop
  endfacet
  facet normal -2.902848e-001  9.569402e-001  0.000000e+000
    outer loop
      vertex  1.678036e+001 -1.442314e+001 -4.000000e+000
      vertex  1.678036e+001 -1.442314e+001  0.000000e+000
      vertex  1.753073e+001 -1.419552e+001  0.000000e+000
    endloop
  endfacet
  facet normal -2.902848e-001  9.569402e-001  0.000000e+000
    outer loop
      vertex  1.678036e+001 -1.442314e+001 -4.000000e+000
      vertex  1.753073e+001 -1.419552e+001  0.000000e+000
      vertex  1.753073e+001 -1.419552e+001 -4.000000e+000
    endloop
  endfacet
  facet normal -4.713973e-001  8.819209e-001  0.000000e+000
    outer loop
      vertex  1.753073e+001 -1.419552e+001 -4.000000e+000
      vertex  1.753073e+001 -1.419552e+001  0.000000e+000
      vertex  1.822228e+001 -1.382588e+001  0.000000e+000
    endloop
  endfacet
  facet normal -4.713973e-001  8.819209e-001  0.000000e+000
    outer loop
      vertex  1.753073e+001 -1.419552e+001 -4.000000e+000
      vertex  1.822228e+001 -1.382588e+001  0.000000e+000
      vertex  1.822228e+001 -1.382588e+001 -4.000000e+000
    endloop
  endfacet
  facet normal -6.343931e-001  7.730106e-001  0.000000e+000
    outer loop
      vertex  1.822228e+001 -1.382588e+001 -4.000000e+000
      vertex  1.822228e+001 -1.382588e+001  0.000000e+000
      vertex  1.882843e+001 -1.332843e+001  0.000000e+000
    endloop
  endfacet
  facet normal -6.343931e-001  7.730106e-001  0.000000e+000
    outer loop
      vertex  1.822228e+001 -1.382588e+001 -4.000000e+000
      vertex  1.882843e+001 -1.332843e+001  0.000000e+000
      vertex  1.882843e+001 -1.332843e+001 -4.000000e+000
    endloop
  endfacet
  facet normal -7.730104e-001  6.343932e-001  0.000000e+000
    outer loop
      vertex  1.882843e+001 -1.332843e+001 -4.000000e+000
      vertex  1.882843e+001 -1.332843e+001  0.000000e+000
      vertex  1.932588e+001 -1.272228e+001  0.000000e+000
    endloop
  endfacet
  facet normal -7.730104e-001  6.343932e-001  0.000000e+000
    outer loop
      vertex  1.882843e+001 -1.332843e+001 -4.000000e+000
      vertex  1.932588e+001 -1.272228e+001  0.000000e+000
      vertex  1.932588e+001 -1.272228e+001 -4.000000e+000
    endloop
  endfacet
  facet normal -8.819208e-001  4.713978e-001  0.000000e+000
    outer loop
      vertex  1.932588e+001 -1.272228e+001 -4.000000e+000
      vertex  1.932588e+001 -1.272228e+001  0.000000e+000
      vertex  1.969552e+001 -1.203073e+001  0.000000e+000
    endloop
  endfacet
  facet normal -8.819208e-001  4.713978e-001  0.000000e+000
    outer loop
      vertex  1.932588e+001 -1.272228e+001 -4.000000e+000
      vertex  1.969552e+001 -1.203073e+001  0.000000e+000
      vertex  1.969552e+001 -1.203073e+001 -4.000000e+000
    endloop
  endfacet
  facet normal -9.569404e-001  2.902845e-001  0.000000e+000
    outer loop
      vertex  1.969552e+001 -1.203073e+001 -4.000000e+000
      vertex  1.969552e+001 -1.203073e+001  0.000000e+000
      vertex  1.992314e+001 -1.128036e+001  0.000000e+000
    endloop
  endfacet
  facet normal -9.569404e-001  2.902845e-001  0.000000e+000
    outer loop
      vertex  1.969552e+001 -1.203073e+001 -4.000000e+000
      vertex  1.992314e+001 -1.128036e+001  0.000000e+000
      vertex  1.992314e+001 -1.128036e+001 -4.000000e+000
    endloop
  endfacet
  facet normal -9.951848e-001  9.801670e-002  0.000000e+000
    outer loop
      vertex  1.992314e+001 -1.128036e+001 -4.000000e+000
      vertex  1.992314e+001 -1.128036e+001  0.000000e+000
      vertex  2.000000e+001 -1.050000e+001  0.000000e+000
    endloop
  endfacet
  facet normal -9.951848e-001  9.801670e-002  0.000000e+000
    outer loop
      vertex  1.992314e+001 -1.128036e+001 -4.000000e+000
      vertex  2.000000e+001 -1.050000e+001  0.000000e+000
      vertex  2.000000e+001 -1.050000e+001 -4.000000e+000
    endloop
  endfacet
  facet normal -9.801670e-002  9.951848e-001  0.000000e+000
    outer loop
      vertex  1.678036e+001 -1.442314e+001  0.000000e+000
      vertex  1.600000e+001 -1.450000e+001 -4.000000e+000
      vertex  1.600000e+001 -1.450000e+001  0.000000e+000
    endloop
  endfacet
  facet normal  9.801670e-002  9.951848e-001  0.000000e+000
    outer loop
      vertex  1.600000e+001 -1.450000e+001  0.000000e+000
      vertex  1.600000e+001 -1.450000e+001 -4.000000e+000
      vertex  1.521964e+001 -1.442314e+001 -4.000000e+000
    endloop
  endfacet
  facet normal  9.801670e-002  9.951848e-001  -0.000000e+000
    outer loop
      vertex  1.600000e+001 -1.450000e+001  0.000000e+000
      vertex  1.521964e+001 -1.442314e+001 -4.000000e+000
      vertex  1.521964e+001 -1.442314e+001  0.000000e+000
    endloop
  endfacet
  facet normal  2.902845e-001  9.569404e-001  0.000000e+000
    outer loop
      vertex  1.521964e+001 -1.442314e+001  0.000000e+000
      vertex  1.521964e+001 -1.442314e+001 -4.000000e+000
      vertex  1.446927e+001 -1.419552e+001 -4.000000e+000
    endloop
  endfacet
  facet normal  2.902845e-001  9.569404e-001  -0.000000e+000
    outer loop
      vertex  1.521964e+001 -1.442314e+001  0.000000e+000
      vertex  1.446927e+001 -1.419552e+001 -4.000000e+000
      vertex  1.446927e+001 -1.419552e+001  0.000000e+000
    endloop
  endfacet
  facet normal  4.713978e-001  8.819208e-001  0.000000e+000
    outer loop
      vertex  1.446927e+001 -1.419552e+001  0.000000e+000
      vertex  1.446927e+001 -1.419552e+001 -4.000000e+000
      vertex  1.377772e+001 -1.382588e+001 -4.000000e+000
    endloop
  endfacet
  facet normal  4.713978e-001  8.819208e-001  -0.000000e+000
    outer loop
      vertex  1.446927e+001 -1.419552e+001  0.000000e+000
      vertex  1.377772e+001 -1.382588e+001 -4.000000e+000
      vertex  1.377772e+001 -1.382588e+001  0.000000e+000
    endloop
  endfacet
  facet normal  6.343926e-001  7.730111e-001  0.000000e+000
    outer loop
      vertex  1.377772e+001 -1.382588e+001  0.000000e+000
      vertex  1.377772e+001 -1.382588e+001 -4.000000e+000
      vertex  1.317157e+001 -1.332843e+001 -4.000000e+000
    endloop
  endfacet
  facet normal  6.343926e-001  7.730111e-001  -0.000000e+000
    outer loop
      vertex  1.377772e+001 -1.382588e+001  0.000000e+000
      vertex  1.317157e+001 -1.332843e+001 -4.000000e+000
      vertex  1.317157e+001 -1.332843e+001  0.000000e+000
    endloop
  endfacet
  facet normal  7.730111e-001  6.343926e-001  0.000000e+000
    outer loop
      vertex  1.317157e+001 -1.332843e+001  0.000000e+000
      vertex  1.317157e+001 -1.332843e+001 -4.000000e+000
      vertex  1.267412e+001 -1.272228e+001 -4.000000e+000
    endloop
  endfacet
  facet normal  7.730111e-001  6.343926e-001  -0.000000e+000
    outer loop
      vertex  1.317157e+001 -1.332843e+001  0.000000e+000
      vertex  1.267412e+001 -1.272228e+001 -4.000000e+000
      vertex  1.267412e+001 -1.272228e+001  0.000000e+000
    endloop
  endfacet
  facet normal  8.819208e-001  4.713978e-001  0.000000e+000
    outer loop
      vertex  1.267412e+001 -1.272228e+001  0.000000e+000
      vertex  1.267412e+001 -1.272228e+001 -4.000000e+000
      vertex  1.230448e+001 -1.203073e+001 -4.000000e+000
    endloop
  endfacet
  facet normal  8.819208e-001  4.713978e-001  -0.000000e+000
    outer loop
      vertex  1.267412e+001 -1.272228e+001  0.000000e+000
      vertex  1.230448e+001 -1.203073e+001 -4.000000e+000
      vertex  1.230448e+001 -1.203073e+001  0.000000e+000
    endloop
  endfacet
  facet normal  9.569404e-001  2.902845e-001  0.000000e+000
    outer loop
      vertex  1.230448e+001 -1.203073e+001  0.000000e+000
      vertex  1.230448e+001 -1.203073e+001 -4.000000e+000
      vertex  1.207686e+001 -1.128036e+001 -4.000000e+000
    endloop
  endfacet
  facet normal  9.569404e-001  2.902845e-001  -0.000000e+000
    outer loop
      vertex  1.230448e+001 -1.203073e+001  0.000000e+000
      vertex  1.207686e+001 -1.128036e+001 -4.000000e+000
      vertex  1.207686e+001 -1.128036e+001  0.000000e+000
    endloop
  endfacet
  facet normal  9.951848e-001  9.801670e-002  0.000000e+000
    outer loop
      vertex  1.207686e+001 -1.128036e+001  0.000000e+000
      vertex  1.207686e+001 -1.128036e+001 -4.000000e+000
      vertex  1.200000e+001 -1.050000e+001 -4.000000e+000
    endloop
  endfacet
  facet normal  9.951848e-001  9.801670e-002  -0.000000e+000
    outer loop
      vertex  1.207686e+001 -1.128036e+001  0.000000e+000
      vertex  1.200000e+001 -1.050000e+001 -4.000000e+000
      vertex  1.200000e+001 -1.050000e+001  0.000000e+000
    endloop
  endfacet
  facet normal  1.000000e+000  0.000000e+000  0.000000e+000
    outer loop
      vertex  1.200000e+001 -1.050000e+001  0.000000e+000
      vertex  1.200000e+001 -1.050000e+001 -4.000000e+000
      vertex  1.200000e+001  1.050000e+001  0.000000e+000
    endloop
  endfacet
  facet normal  1.000000e+000  0.000000e+000  0.000000e+000
    outer loop
      vertex  1.200000e+001  1.050000e+001  0.000000e+000
      vertex  1.200000e+001 -1.050000e+001 -4.000000e+000
      vertex  1.200000e+001  1.050000e+001 -4.000000e+000
    endloop
  endfacet
  facet normal  9.801670e-002 -9.951848e-001  0.000000e+000
    outer loop
      vertex -1.600000e+001  1.450000e+001 -4.000000e+000
      vertex -1.678036e+001  1.442314e+001  0.000000e+000
      vertex -1.678036e+001  1.442314e+001 -4.000000e+000
    endloop
  endfacet
  facet normal  2.902848e-001 -9.569402e-001  0.000000e+000
    outer loop
      vertex -1.678036e+001  1.442314e+001 -4.000000e+000
      vertex -1.678036e+001  1.442314e+001  0.000000e+000
      vertex -1.753073e+001  1.419552e+001  0.000000e+000
    endloop
  endfacet
  facet normal  2.902848e-001 -9.569402e-001  0.000000e+000
    outer loop
      vertex -1.678036e+001  1.442314e+001 -4.000000e+000
      vertex -1.753073e+001  1.419552e+001  0.000000e+000
      vertex -1.753073e+001  1.419552e+001 -4.000000e+000
    endloop
  endfacet
  facet normal  4.713973e-001 -8.819209e-001  0.000000e+000
    outer loop
      vertex -1.753073e+001  1.419552e+001 -4.000000e+000
      vertex -1.753073e+001  1.419552e+001  0.000000e+000
      vertex -1.822228e+001  1.382588e+001  0.000000e+000
    endloop
  endfacet
  facet normal  4.713973e-001 -8.819209e-001  0.000000e+000
    outer loop
      vertex -1.753073e+001  1.419552e+001 -4.000000e+000
      vertex -1.822228e+001  1.382588e+001  0.000000e+000
      vertex -1.822228e+001  1.382588e+001 -4.000000e+000
    endloop
  endfacet
  facet normal  6.343931e-001 -7.730106e-001  0.000000e+000
    outer loop
      vertex -1.822228e+001  1.382588e+001 -4.000000e+000
      vertex -1.822228e+001  1.382588e+001  0.000000e+000
      vertex -1.882843e+001  1.332843e+001  0.000000e+000
    endloop
  endfacet
  facet normal  6.343931e-001 -7.730106e-001  0.000000e+000
    outer loop
      vertex -1.822228e+001  1.382588e+001 -4.000000e+000
      vertex -1.882843e+001  1.332843e+001  0.000000e+000
      vertex -1.882843e+001  1.332843e+001 -4.000000e+000
    endloop
  endfacet
  facet normal  7.730104e-001 -6.343932e-001  0.000000e+000
    outer loop
      vertex -1.882843e+001  1.332843e+001 -4.000000e+000
      vertex -1.882843e+001  1.332843e+001  0.000000e+000
      vertex -1.932588e+001  1.272228e+001  0.000000e+000
    endloop
  endfacet
  facet normal  7.730104e-001 -6.343932e-001  0.000000e+000
    outer loop
      vertex -1.882843e+001  1.332843e+001 -4.000000e+000
      vertex -1.932588e+001  1.272228e+001  0.000000e+000
      vertex -1.932588e+001  1.272228e+001 -4.000000e+000
    endloop
  endfacet
  facet normal  8.819208e-001 -4.713978e-001  0.000000e+000
    outer loop
      vertex -1.932588e+001  1.272228e+001 -4.000000e+000
      vertex -1.932588e+001  1.272228e+001  0.000000e+000
      vertex -1.969552e+001  1.203073e+001  0.000000e+000
    endloop
  endfacet
  facet normal  8.819208e-001 -4.713978e-001  0.000000e+000
    outer loop
      vertex -1.932588e+001  1.272228e+001 -4.000000e+000
      vertex -1.969552e+001  1.203073e+001  0.000000e+000
      vertex -1.969552e+001  1.203073e+001 -4.000000e+000
    endloop
  endfacet
  facet normal  9.569404e-001 -2.902845e-001  0.000000e+000
    outer loop
      vertex -1.969552e+001  1.203073e+001 -4.000000e+000
      vertex -1.969552e+001  1.203073e+001  0.000000e+000
      vertex -1.992314e+001  1.128036e+001  0.000000e+000
    endloop
  endfacet
  facet normal  9.569404e-001 -2.902845e-001  0.000000e+000
    outer loop
      vertex -1.969552e+001  1.203073e+001 -4.000000e+000
      vertex -1.992314e+001  1.128036e+001  0.000000e+000
      vertex -1.992314e+001  1.128036e+001 -4.000000e+000
    endloop
  endfacet
  facet normal  9.951848e-001 -9.801670e-002  0.000000e+000
    outer loop
      vertex -1.992314e+001  1.128036e+001 -4.000000e+000
      vertex -1.992314e+001  1.128036e+001  0.000000e+000
      vertex -2.000000e+001  1.050000e+001  0.000000e+000
    endloop
  endfacet
  facet normal  9.951848e-001 -9.801670e-002  0.000000e+000
    outer loop
      vertex -1.992314e+001  1.128036e+001 -4.000000e+000
      vertex -2.000000e+001  1.050000e+001  0.000000e+000
      vertex -2.000000e+001  1.050000e+001 -4.000000e+000
    endloop
  endfacet
  facet normal  9.801670e-002 -9.951848e-001  0.000000e+000
    outer loop
      vertex -1.678036e+001  1.442314e+001  0.000000e+000
      vertex -1.600000e+001  1.450000e+001 -4.000000e+000
      vertex -1.600000e+001  1.450000e+001  0.000000e+000
    endloop
  endfacet
  facet normal -9.801670e-002 -9.951848e-001  -0.000000e+000
    outer loop
      vertex -1.600000e+001  1.450000e+001  0.000000e+000
      vertex -1.600000e+001  1.450000e+001 -4.000000e+000
      vertex -1.521964e+001  1.442314e+001 -4.000000e+000
    endloop
  endfacet
  facet normal -9.801670e-002 -9.951848e-001  0.000000e+000
    outer loop
      vertex -1.600000e+001  1.450000e+001  0.000000e+000
      vertex -1.521964e+001  1.442314e+001 -4.000000e+000
      vertex -1.521964e+001  1.442314e+001  0.000000e+000
    endloop
  endfacet
  facet normal -2.902845e-001 -9.569404e-001  -0.000000e+000
    outer loop
      vertex -1.521964e+001  1.442314e+001  0.000000e+000
      vertex -1.521964e+001  1.442314e+001 -4.000000e+000
      vertex -1.446927e+001  1.419552e+001 -4.000000e+000
    endloop
  endfacet
  facet normal -2.902845e-001 -9.569404e-001  0.000000e+000
    outer loop
      vertex -1.521964e+001  1.442314e+001  0.000000e+000
      vertex -1.446927e+001  1.419552e+001 -4.000000e+000
      vertex -1.446927e+001  1.419552e+001  0.000000e+000
    endloop
  endfacet
  facet normal -4.713978e-001 -8.819208e-001  -0.000000e+000
    outer loop
      vertex -1.446927e+001  1.419552e+001  0.000000e+000
      vertex -1.446927e+001  1.419552e+001 -4.000000e+000
      vertex -1.377772e+001  1.382588e+001 -4.000000e+000
    endloop
  endfacet
  facet normal -4.713978e-001 -8.819208e-001  0.000000e+000
    outer loop
      vertex -1.446927e+001  1.419552e+001  0.000000e+000
      vertex -1.377772e+001  1.382588e+001 -4.000000e+000
      vertex -1.377772e+001  1.382588e+001  0.000000e+000
    endloop
  endfacet
  facet normal -6.343926e-001 -7.730111e-001  -0.000000e+000
    outer loop
      vertex -1.377772e+001  1.382588e+001  0.000000e+000
      vertex -1.377772e+001  1.382588e+001 -4.000000e+000
      vertex -1.317157e+001  1.332843e+001 -4.000000e+000
    endloop
  endfacet
  facet normal -6.343926e-001 -7.730111e-001  0.000000e+000
    outer loop
      vertex -1.377772e+001  1.382588e+001  0.000000e+000
      vertex -1.317157e+001  1.332843e+001 -4.000000e+000
      vertex -1.317157e+001  1.332843e+001  0.000000e+000
    endloop
  endfacet
  facet normal -7.730111e-001 -6.343926e-001  -0.000000e+000
    outer loop
      vertex -1.317157e+001  1.332843e+001  0.000000e+000
      vertex -1.317157e+001  1.332843e+001 -4.000000e+000
      vertex -1.267412e+001  1.272228e+001 -4.000000e+000
    endloop
  endfacet
  facet normal -7.730111e-001 -6.343926e-001  0.000000e+000
    outer loop
      vertex -1.317157e+001  1.332843e+001  0.000000e+000
      vertex -1.267412e+001  1.272228e+001 -4.000000e+000
      vertex -1.267412e+001  1.272228e+001  0.000000e+000
    endloop
  endfacet
  facet normal -8.819208e-001 -4.713978e-001  -0.000000e+000
    outer loop
      vertex -1.267412e+001  1.272228e+001  0.000000e+000
      vertex -1.267412e+001  1.272228e+001 -4.000000e+000
      vertex -1.230448e+001  1.203073e+001 -4.000000e+000
    endloop
  endfacet
  facet normal -8.819208e-001 -4.713978e-001  0.000000e+000
    outer loop
      vertex -1.267412e+001  1.272228e+001  0.000000e+000
      vertex -1.230448e+001  1.203073e+001 -4.000000e+000
      vertex -1.230448e+001  1.203073e+001  0.000000e+000
    endloop
  endfacet
  facet normal -9.569404e-001 -2.902845e-001  -0.000000e+000
    outer loop
      vertex -1.230448e+001  1.203073e+001  0.000000e+000
      vertex -1.230448e+001  1.203073e+001 -4.000000e+000
      vertex -1.207686e+001  1.128036e+001 -4.000000e+000
    endloop
  endfacet
  facet normal -9.569404e-001 -2.902845e-001  0.000000e+000
    outer loop
      vertex -1.230448e+001  1.203073e+001  0.000000e+000
      vertex -1.207686e+001  1.128036e+001 -4.000000e+000
      vertex -1.207686e+001  1.128036e+001  0.000000e+000
    endloop
  endfacet
  facet normal -9.951848e-001 -9.801670e-002  -0.000000e+000
    outer loop
      vertex -1.207686e+001  1.128036e+001  0.000000e+000
      vertex -1.207686e+001  1.128036e+001 -4.000000e+000
      vertex -1.200000e+001  1.050000e+001 -4.000000e+000
    endloop
  endfacet
  facet normal -9.951848e-001 -9.801670e-002  0.000000e+000
    outer loop
      vertex -1.207686e+001  1.128036e+001  0.000000e+000
      vertex -1.200000e+001  1.050000e+001 -4.000000e+000
      vertex -1.200000e+001  1.050000e+001  0.000000e+000
    endloop
  endfacet
  facet normal -1.000000e+000  -0.000000e+000  0.000000e+000
    outer loop
      vertex -1.200000e+001 -1.050000e+001  0.000000e+000
      vertex -1.200000e+001  1.050000e+001  0.000000e+000
      vertex -1.200000e+001 -1.050000e+001 -4.000000e+000
    endloop
  endfacet
  facet normal -1.000000e+000  0.000000e+000  0.000000e+000
    outer loop
      vertex -1.200000e+001 -1.050000e+001 -4.000000e+000
      vertex -1.200000e+001  1.050000e+001  0.000000e+000
      vertex -1.200000e+001  1.050000e+001 -4.000000e+000
    endloop
  endfacet
  facet normal -9.801670e-002  9.951848e-001  0.000000e+000
    outer loop
      vertex -1.600000e+001 -1.450000e+001 -4.000000e+000
      vertex -1.521964e+001 -1.442314e+001  0.000000e+000
      vertex -1.521964e+001 -1.442314e+001 -4.000000e+000
    endloop
  endfacet
  facet normal -2.902845e-001  9.569404e-001  0.000000e+000
    outer loop
      vertex -1.521964e+001 -1.442314e+001 -4.000000e+000
      vertex -1.521964e+001 -1.442314e+001  0.000000e+000
      vertex -1.446927e+001 -1.419552e+001  0.000000e+000
    endloop
  endfacet
  facet normal -2.902845e-001  9.569404e-001  0.000000e+000
    outer loop
      vertex -1.521964e+001 -1.442314e+001 -4.000000e+000
      vertex -1.446927e+001 -1.419552e+001  0.000000e+000
      vertex -1.446927e+001 -1.419552e+001 -4.000000e+000
    endloop
  endfacet
  facet normal -4.713978e-001  8.819208e-001  0.000000e+000
    outer loop
      vertex -1.446927e+001 -1.419552e+001 -4.000000e+000
      vertex -1.446927e+001 -1.419552e+001  0.000000e+000
      vertex -1.377772e+001 -1.382588e+001  0.000000e+000
    endloop
  endfacet
  facet normal -4.713978e-001  8.819208e-001  0.000000e+000
    outer loop
      vertex -1.446927e+001 -1.419552e+001 -4.000000e+000
      vertex -1.377772e+001 -1.382588e+001  0.000000e+000
      vertex -1.377772e+001 -1.382588e+001 -4.000000e+000
    endloop
  endfacet
  facet normal -6.343926e-001  7.730111e-001  0.000000e+000
    outer loop
      vertex -1.377772e+001 -1.382588e+001 -4.000000e+000
      vertex -1.377772e+001 -1.382588e+001  0.000000e+000
      vertex -1.317157e+001 -1.332843e+001  0.000000e+000
    endloop
  endfacet
  facet normal -6.343926e-001  7.730111e-001  0.000000e+000
    outer loop
      vertex -1.377772e+001 -1.382588e+001 -4.000000e+000
      vertex -1.317157e+001 -1.332843e+001  0.000000e+000
      vertex -1.317157e+001 -1.332843e+001 -4.000000e+000
    endloop
  endfacet
  facet normal -7.730111e-001  6.343926e-001  0.000000e+000
    outer loop
      vertex -1.317157e+001 -1.332843e+001 -4.000000e+000
      vertex -1.317157e+001 -1.332843e+001  0.000000e+000
      vertex -1.267412e+001 -1.272228e+001  0.000000e+000
    endloop
  endfacet
  facet normal -7.730111e-001  6.343926e-001  0.000000e+000
    outer loop
      vertex -1.317157e+001 -1.332843e+001 -4.000000e+000
      vertex -1.267412e+001 -1.272228e+001  0.000000e+000
      vertex -1.267412e+001 -1.272228e+001 -4.000000e+000
    endloop
  endfacet
  facet normal -8.819208e-001  4.713978e-001  0.000000e+000
    outer loop
      vertex -1.267412e+001 -1.272228e+001 -4.000000e+000
      vertex -1.267412e+001 -1.272228e+001  0.000000e+000
      vertex -1.230448e+001 -1.203073e+001  0.000000e+000
    endloop
  endfacet
  facet normal -8.819208e-001  4.713978e-001  0.000000e+000
    outer loop
      vertex -1.267412e+001 -1.272228e+001 -4.000000e+000
      vertex -1.230448e+001 -1.203073e+001  0.000000e+000
      vertex -1.230448e+001 -1.203073e+001 -4.000000e+000
    endloop
  endfacet
  facet normal -9.569404e-001  2.902845e-001  0.000000e+000
    outer loop
      vertex -1.230448e+001 -1.203073e+001 -4.000000e+000
      vertex -1.230448e+001 -1.203073e+001  0.000000e+000
      vertex -1.207686e+001 -1.128036e+001  0.000000e+000
    endloop
  endfacet
  facet normal -9.569404e-001  2.902845e-001  0.000000e+000
    outer loop
      vertex -1.230448e+001 -1.203073e+001 -4.000000e+000
      vertex -1.207686e+001 -1.128036e+001  0.000000e+000
      vertex -1.207686e+001 -1.128036e+001 -4.000000e+000
    endloop
  endfacet
  facet normal -9.951848e-001  9.801670e-002  0.000000e+000
    outer loop
      vertex -1.207686e+001 -1.128036e+001 -4.000000e+000
      vertex -1.207686e+001 -1.128036e+001  0.000000e+000
      vertex -1.200000e+001 -1.050000e+001  0.000000e+000
    endloop
  endfacet
  facet normal -9.951848e-001  9.801670e-002  0.000000e+000
    outer loop
      vertex -1.207686e+001 -1.128036e+001 -4.000000e+000
      vertex -1.200000e+001 -1.050000e+001  0.000000e+000
      vertex -1.200000e+001 -1.050000e+001 -4.000000e+000
    endloop
  endfacet
  facet normal -9.801670e-002  9.951848e-001  0.000000e+000
    outer loop
      vertex -1.521964e+001 -1.442314e+001  0.000000e+000
      vertex -1.600000e+001 -1.450000e+001 -4.000000e+000
      vertex -1.600000e+001 -1.450000e+001  0.000000e+000
    endloop
  endfacet
  facet normal  9.801670e-002  9.951848e-001  0.000000e+000
    outer loop
      vertex -1.600000e+001 -1.450000e+001  0.000000e+000
      vertex -1.600000e+001 -1.450000e+001 -4.000000e+000
      vertex -1.678036e+001 -1.442314e+001 -4.000000e+000
    endloop
  endfacet
  facet normal  9.801670e-002  9.951848e-001  -0.000000e+000
    outer loop
      vertex -1.600000e+001 -1.450000e+001  0.000000e+000
      vertex -1.678036e+001 -1.442314e+001 -4.000000e+000
      vertex -1.678036e+001 -1.442314e+001  0.000000e+000
    endloop
  endfacet
  facet normal  2.902848e-001  9.569402e-001  0.000000e+000
    outer loop
      vertex -1.678036e+001 -1.442314e+001  0.000000e+000
      vertex -1.678036e+001 -1.442314e+001 -4.000000e+000
      vertex -1.753073e+001 -1.419552e+001 -4.000000e+000
    endloop
  endfacet
  facet normal  2.902848e-001  9.569402e-001  -0.000000e+000
    outer loop
      vertex -1.678036e+001 -1.442314e+001  0.000000e+000
      vertex -1.753073e+001 -1.419552e+001 -4.000000e+000
      vertex -1.753073e+001 -1.419552e+001  0.000000e+000
    endloop
  endfacet
  facet normal  4.713973e-001  8.819209e-001  0.000000e+000
    outer loop
      vertex -1.753073e+001 -1.419552e+001  0.000000e+000
      vertex -1.753073e+001 -1.419552e+001 -4.000000e+000
      vertex -1.822228e+001 -1.382588e+001 -4.000000e+000
    endloop
  endfacet
  facet normal  4.713973e-001  8.819209e-001  -0.000000e+000
    outer loop
      vertex -1.753073e+001 -1.419552e+001  0.000000e+000
      vertex -1.822228e+001 -1.382588e+001 -4.000000e+000
      vertex -1.822228e+001 -1.382588e+001  0.000000e+000
    endloop
  endfacet
  facet normal  6.343931e-001  7.730106e-001  0.000000e+000
    outer loop
      vertex -1.822228e+001 -1.382588e+001  0.000000e+000
      vertex -1.822228e+001 -1.382588e+001 -4.000000e+000
      vertex -1.882843e+001 -1.332843e+001 -4.000000e+000
    endloop
  endfacet
  facet normal  6.343931e-001  7.730106e-001  -0.000000e+000
    outer loop
      vertex -1.822228e+001 -1.382588e+001  0.000000e+000
      vertex -1.882843e+001 -1.332843e+001 -4.000000e+000
      vertex -1.882843e+001 -1.332843e+001  0.000000e+000
    endloop
  endfacet
  facet normal  7.730104e-001  6.343932e-001  0.000000e+000
    outer loop
      vertex -1.882843e+001 -1.332843e+001  0.000000e+000
      vertex -1.882843e+001 -1.332843e+001 -4.000000e+000
      vertex -1.932588e+001 -1.272228e+001 -4.000000e+000
    endloop
  endfacet
  facet normal  7.730104e-001  6.343932e-001  -0.000000e+000
    outer loop
      vertex -1.882843e+001 -1.332843e+001  0.000000e+000
      vertex -1.932588e+001 -1.272228e+001 -4.000000e+000
      vertex -1.932588e+001 -1.272228e+001  0.000000e+000
    endloop
  endfacet
  facet normal  8.819208e-001  4.713978e-001  0.000000e+000
    outer loop
      vertex -1.932588e+001 -1.272228e+001  0.000000e+000
      vertex -1.932588e+001 -1.272228e+001 -4.000000e+000
      vertex -1.969552e+001 -1.203073e+001 -4.000000e+000
    endloop
  endfacet
  facet normal  8.819208e-001  4.713978e-001  -0.000000e+000
    outer loop
      vertex -1.932588e+001 -1.272228e+001  0.000000e+000
      vertex -1.969552e+001 -1.203073e+001 -4.000000e+000
      vertex -1.969552e+001 -1.203073e+001  0.000000e+000
    endloop
  endfacet
  facet normal  9.569404e-001  2.902845e-001  0.000000e+000
    outer loop
      vertex -1.969552e+001 -1.203073e+001  0.000000e+000
      vertex -1.969552e+001 -1.203073e+001 -4.000000e+000
      vertex -1.992314e+001 -1.128036e+001 -4.000000e+000
    endloop
  endfacet
  facet normal  9.569404e-001  2.902845e-001  -0.000000e+000
    outer loop
      vertex -1.969552e+001 -1.203073e+001  0.000000e+000
      vertex -1.992314e+001 -1.128036e+001 -4.000000e+000
      vertex -1.992314e+001 -1.128036e+001  0.000000e+000
    endloop
  endfacet
  facet normal  9.951848e-001  9.801670e-002  0.000000e+000
    outer loop
      vertex -1.992314e+001 -1.128036e+001  0.000000e+000
      vertex -1.992314e+001 -1.128036e+001 -4.000000e+000
      vertex -2.000000e+001 -1.050000e+001 -4.000000e+000
    endloop
  endfacet
  facet normal  9.951848e-001  9.801670e-002  -0.000000e+000
    outer loop
      vertex -1.992314e+001 -1.128036e+001  0.000000e+000
      vertex -2.000000e+001 -1.050000e+001 -4.000000e+000
      vertex -2.000000e+001 -1.050000e+001  0.000000e+000
    endloop
  endfacet
  facet normal  1.000000e+000  0.000000e+000  0.000000e+000
    outer loop
      vertex -3.950000e+001 -1.000000e+001 -2.000000e+000
      vertex -3.950000e+001 -1.000000e+001  0.000000e+000
      vertex -3.950000e+001 -1.200000e+001 -2.000000e+000
    endloop
  endfacet
  facet normal  1.000000e+000  0.000000e+000  0.000000e+000
    outer loop
      vertex -3.950000e+001 -1.200000e+001 -2.000000e+000
      vertex -3.950000e+001 -1.000000e+001  0.000000e+000
      vertex -3.950000e+001 -1.200000e+001  0.000000e+000
    endloop
  endfacet
  facet normal  0.000000e+000  1.000000e+000  0.000000e+000
    outer loop
      vertex -2.750000e+001 -1.200000e+001 -2.000000e+000
      vertex -3.950000e+001 -1.200000e+001 -2.000000e+000
      vertex -2.750000e+001 -1.200000e+001  0.000000e+000
    endloop
  endfacet
  facet normal  0.000000e+000  1.000000e+000  0.000000e+000
    outer loop
      vertex -2.750000e+001 -1.200000e+001  0.000000e+000
      vertex -3.950000e+001 -1.200000e+001 -2.000000e+000
      vertex -3.950000e+001 -1.200000e+001  0.000000e+000
    endloop
  endfacet
  facet normal -1.000000e+000  0.000000e+000  0.000000e+000
    outer loop
      vertex -2.750000e+001 -1.200000e+001 -2.000000e+000
      vertex -2.750000e+001 -1.200000e+001  0.000000e+000
      vertex -2.750000e+001 -8.000000e+000 -2.000000e+000
    endloop
  endfacet
  facet normal -1.000000e+000  0.000000e+000  0.000000e+000
    outer loop
      vertex -2.750000e+001 -8.000000e+000 -2.000000e+000
      vertex -2.750000e+001 -1.200000e+001  0.000000e+000
      vertex -2.750000e+001 -8.000000e+000  0.000000e+000
    endloop
  endfacet
  facet normal  0.000000e+000 -1.000000e+000  0.000000e+000
    outer loop
      vertex -3.450000e+001 -8.000000e+000 -2.000000e+000
      vertex -2.750000e+001 -8.000000e+000 -2.000000e+000
      vertex -3.450000e+001 -8.000000e+000  0.000000e+000
    endloop
  endfacet
  facet normal  0.000000e+000 -1.000000e+000  0.000000e+000
    outer loop
      vertex -3.450000e+001 -8.000000e+000  0.000000e+000
      vertex -2.750000e+001 -8.000000e+000 -2.000000e+000
      vertex -2.750000e+001 -8.000000e+000  0.000000e+000
    endloop
  endfacet
  facet normal -1.000000e+000  0.000000e+000  0.000000e+000
    outer loop
      vertex -3.450000e+001 -8.000000e+000 -2.000000e+000
      vertex -3.450000e+001 -8.000000e+000  0.000000e+000
      vertex -3.450000e+001 -5.500000e+000 -2.000000e+000
    endloop
  endfacet
  facet normal -1.000000e+000  0.000000e+000  0.000000e+000
    outer loop
      vertex -3.450000e+001 -5.500000e+000 -2.000000e+000
      vertex -3.450000e+001 -8.000000e+000  0.000000e+000
      vertex -3.450000e+001 -5.500000e+000  0.000000e+000
    endloop
  endfacet
  facet normal  0.000000e+000  1.000000e+000  0.000000e+000
    outer loop
      vertex -2.450000e+001 -5.500000e+000 -2.000000e+000
      vertex -3.450000e+001 -5.500000e+000 -2.000000e+000
      vertex -2.450000e+001 -5.500000e+000  0.000000e+000
    endloop
  endfacet
  facet normal  0.000000e+000  1.000000e+000  0.000000e+000
    outer loop
      vertex -2.450000e+001 -5.500000e+000  0.000000e+000
      vertex -3.450000e+001 -5.500000e+000 -2.000000e+000
      vertex -3.450000e+001 -5.500000e+000  0.000000e+000
    endloop
  endfacet
  facet normal -1.000000e+000  0.000000e+000  0.000000e+000
    outer loop
      vertex -2.450000e+001 -5.500000e+000 -2.000000e+000
      vertex -2.450000e+001 -5.500000e+000  0.000000e+000
      vertex -2.450000e+001  3.009787e-015 -2.000000e+000
    endloop
  endfacet
  facet normal -1.000000e+000  0.000000e+000  0.000000e+000
    outer loop
      vertex -2.450000e+001  3.009787e-015 -2.000000e+000
      vertex -2.450000e+001 -5.500000e+000  0.000000e+000
      vertex -2.450000e+001  2.664535e-015  0.000000e+000
    endloop
  endfacet
  facet normal -1.000000e+000  0.000000e+000  0.000000e+000
    outer loop
      vertex -2.450000e+001  3.009787e-015 -2.000000e+000
      vertex -2.450000e+001  2.664535e-015  0.000000e+000
      vertex -2.450000e+001  5.500000e+000 -2.000000e+000
    endloop
  endfacet
  facet normal -1.000000e+000  0.000000e+000  0.000000e+000
    outer loop
      vertex -2.450000e+001  5.500000e+000 -2.000000e+000
      vertex -2.450000e+001  2.664535e-015  0.000000e+000
      vertex -2.450000e+001  5.500000e+000  0.000000e+000
    endloop
  endfacet
  facet normal  0.000000e+000 -1.000000e+000  -0.000000e+000
    outer loop
      vertex -2.450000e+001  5.500000e+000 -2.000000e+000
      vertex -2.450000e+001  5.500000e+000  0.000000e+000
      vertex -3.450000e+001  5.500000e+000 -2.000000e+000
    endloop
  endfacet
  facet normal  0.000000e+000 -1.000000e+000  0.000000e+000
    outer loop
      vertex -3.450000e+001  5.500000e+000 -2.000000e+000
      vertex -2.450000e+001  5.500000e+000  0.000000e+000
      vertex -3.450000e+001  5.500000e+000  0.000000e+000
    endloop
  endfacet
  facet normal -1.000000e+000  0.000000e+000  0.000000e+000
    outer loop
      vertex -3.450000e+001  5.500000e+000 -2.000000e+000
      vertex -3.450000e+001  5.500000e+000  0.000000e+000
      vertex -3.450000e+001  8.000000e+000 -2.000000e+000
    endloop
  endfacet
  facet normal -1.000000e+000  0.000000e+000  0.000000e+000
    outer loop
      vertex -3.450000e+001  8.000000e+000 -2.000000e+000
      vertex -3.450000e+001  5.500000e+000  0.000000e+000
      vertex -3.450000e+001  8.000000e+000  0.000000e+000
    endloop
  endfacet
  facet normal  0.000000e+000  1.000000e+000  0.000000e+000
    outer loop
      vertex -3.450000e+001  8.000000e+000 -2.000000e+000
      vertex -3.450000e+001  8.000000e+000  0.000000e+000
      vertex -2.750000e+001  8.000000e+000 -2.000000e+000
    endloop
  endfacet
  facet normal  0.000000e+000  1.000000e+000  -0.000000e+000
    outer loop
      vertex -2.750000e+001  8.000000e+000 -2.000000e+000
      vertex -3.450000e+001  8.000000e+000  0.000000e+000
      vertex -2.750000e+001  8.000000e+000  0.000000e+000
    endloop
  endfacet
  facet normal -1.000000e+000  0.000000e+000  0.000000e+000
    outer loop
      vertex -2.750000e+001  8.000000e+000 -2.000000e+000
      vertex -2.750000e+001  8.000000e+000  0.000000e+000
      vertex -2.750000e+001  1.200000e+001 -2.000000e+000
    endloop
  endfacet
  facet normal -1.000000e+000  0.000000e+000  0.000000e+000
    outer loop
      vertex -2.750000e+001  1.200000e+001 -2.000000e+000
      vertex -2.750000e+001  8.000000e+000  0.000000e+000
      vertex -2.750000e+001  1.200000e+001  0.000000e+000
    endloop
  endfacet
  facet normal  0.000000e+000 -1.000000e+000  -0.000000e+000
    outer loop
      vertex -2.750000e+001  1.200000e+001 -2.000000e+000
      vertex -2.750000e+001  1.200000e+001  0.000000e+000
      vertex -3.950000e+001  1.200000e+001 -2.000000e+000
    endloop
  endfacet
  facet normal  0.000000e+000 -1.000000e+000  0.000000e+000
    outer loop
      vertex -3.950000e+001  1.200000e+001 -2.000000e+000
      vertex -2.750000e+001  1.200000e+001  0.000000e+000
      vertex -3.950000e+001  1.200000e+001  0.000000e+000
    endloop
  endfacet
  facet normal  1.000000e+000  0.000000e+000  0.000000e+000
    outer loop
      vertex -3.950000e+001  1.200000e+001 -2.000000e+000
      vertex -3.950000e+001  1.200000e+001  0.000000e+000
      vertex -3.950000e+001  1.000000e+001 -2.000000e+000
    endloop
  endfacet
  facet normal  1.000000e+000  0.000000e+000  0.000000e+000
    outer loop
      vertex -3.950000e+001  1.000000e+001 -2.000000e+000
      vertex -3.950000e+001  1.200000e+001  0.000000e+000
      vertex -3.950000e+001  1.000000e+001  0.000000e+000
    endloop
  endfacet
  facet normal -1.000000e+000  0.000000e+000  0.000000e+000
    outer loop
      vertex  3.950000e+001 -1.200000e+001 -2.000000e+000
      vertex  3.950000e+001 -1.200000e+001  0.000000e+000
      vertex  3.950000e+001 -1.000000e+001 -2.000000e+000
    endloop
  endfacet
  facet normal -1.000000e+000  0.000000e+000  0.000000e+000
    outer loop
      vertex  3.950000e+001 -1.000000e+001 -2.000000e+000
      vertex  3.950000e+001 -1.200000e+001  0.000000e+000
      vertex  3.950000e+001 -1.000000e+001  0.000000e+000
    endloop
  endfacet
  facet normal  0.000000e+000  1.000000e+000  0.000000e+000
    outer loop
      vertex  3.950000e+001 -1.200000e+001 -2.000000e+000
      vertex  2.750000e+001 -1.200000e+001 -2.000000e+000
      vertex  3.950000e+001 -1.200000e+001  0.000000e+000
    endloop
  endfacet
  facet normal  0.000000e+000  1.000000e+000  0.000000e+000
    outer loop
      vertex  3.950000e+001 -1.200000e+001  0.000000e+000
      vertex  2.750000e+001 -1.200000e+001 -2.000000e+000
      vertex  2.750000e+001 -1.200000e+001  0.000000e+000
    endloop
  endfacet
  facet normal  1.000000e+000  0.000000e+000  0.000000e+000
    outer loop
      vertex  2.750000e+001 -8.000000e+000 -2.000000e+000
      vertex  2.750000e+001 -8.000000e+000  0.000000e+000
      vertex  2.750000e+001 -1.200000e+001 -2.000000e+000
    endloop
  endfacet
  facet normal  1.000000e+000  0.000000e+000  0.000000e+000
    outer loop
      vertex  2.750000e+001 -1.200000e+001 -2.000000e+000
      vertex  2.750000e+001 -8.000000e+000  0.000000e+000
      vertex  2.750000e+001 -1.200000e+001  0.000000e+000
    endloop
  endfacet
  facet normal  0.000000e+000 -1.000000e+000  0.000000e+000
    outer loop
      vertex  2.750000e+001 -8.000000e+000 -2.000000e+000
      vertex  3.450000e+001 -8.000000e+000 -2.000000e+000
      vertex  2.750000e+001 -8.000000e+000  0.000000e+000
    endloop
  endfacet
  facet normal  0.000000e+000 -1.000000e+000  0.000000e+000
    outer loop
      vertex  2.750000e+001 -8.000000e+000  0.000000e+000
      vertex  3.450000e+001 -8.000000e+000 -2.000000e+000
      vertex  3.450000e+001 -8.000000e+000  0.000000e+000
    endloop
  endfacet
  facet normal  1.000000e+000  0.000000e+000  0.000000e+000
    outer loop
      vertex  3.450000e+001 -5.500000e+000 -2.000000e+000
      vertex  3.450000e+001 -5.500000e+000  0.000000e+000
      vertex  3.450000e+001 -8.000000e+000 -2.000000e+000
    endloop
  endfacet
  facet normal  1.000000e+000  0.000000e+000  0.000000e+000
    outer loop
      vertex  3.450000e+001 -8.000000e+000 -2.000000e+000
      vertex  3.450000e+001 -5.500000e+000  0.000000e+000
      vertex  3.450000e+001 -8.000000e+000  0.000000e+000
    endloop
  endfacet
  facet normal  0.000000e+000  1.000000e+000  0.000000e+000
    outer loop
      vertex  3.450000e+001 -5.500000e+000 -2.000000e+000
      vertex  2.450000e+001 -5.500000e+000 -2.000000e+000
      vertex  3.450000e+001 -5.500000e+000  0.000000e+000
    endloop
  endfacet
  facet normal  0.000000e+000  1.000000e+000  0.000000e+000
    outer loop
      vertex  3.450000e+001 -5.500000e+000  0.000000e+000
      vertex  2.450000e+001 -5.500000e+000 -2.000000e+000
      vertex  2.450000e+001 -5.500000e+000  0.000000e+000
    endloop
  endfacet
  facet normal  1.000000e+000  0.000000e+000  0.000000e+000
    outer loop
      vertex  2.450000e+001 -2.664535e-015 -2.000000e+000
      vertex  2.450000e+001 -2.664535e-015  0.000000e+000
      vertex  2.450000e+001 -5.500000e+000 -2.000000e+000
    endloop
  endfacet
  facet normal  1.000000e+000  0.000000e+000  0.000000e+000
    outer loop
      vertex  2.450000e+001 -5.500000e+000 -2.000000e+000
      vertex  2.450000e+001 -2.664535e-015  0.000000e+000
      vertex  2.450000e+001 -5.500000e+000  0.000000e+000
    endloop
  endfacet
  facet normal  1.000000e+000  0.000000e+000  0.000000e+000
    outer loop
      vertex  2.450000e+001  5.500000e+000 -2.000000e+000
      vertex  2.450000e+001  5.500000e+000  0.000000e+000
      vertex  2.450000e+001 -2.664535e-015 -2.000000e+000
    endloop
  endfacet
  facet normal  1.000000e+000  0.000000e+000  0.000000e+000
    outer loop
      vertex  2.450000e+001 -2.664535e-015 -2.000000e+000
      vertex  2.450000e+001  5.500000e+000  0.000000e+000
      vertex  2.450000e+001 -2.664535e-015  0.000000e+000
    endloop
  endfacet
  facet normal  0.000000e+000 -1.000000e+000  -0.000000e+000
    outer loop
      vertex  3.450000e+001  5.500000e+000 -2.000000e+000
      vertex  3.450000e+001  5.500000e+000  0.000000e+000
      vertex  2.450000e+001  5.500000e+000 -2.000000e+000
    endloop
  endfacet
  facet normal  0.000000e+000 -1.000000e+000  0.000000e+000
    outer loop
      vertex  2.450000e+001  5.500000e+000 -2.000000e+000
      vertex  3.450000e+001  5.500000e+000  0.000000e+000
      vertex  2.450000e+001  5.500000e+000  0.000000e+000
    endloop
  endfacet
  facet normal  1.000000e+000  0.000000e+000  0.000000e+000
    outer loop
      vertex  3.450000e+001  8.000000e+000 -2.000000e+000
      vertex  3.450000e+001  8.000000e+000  0.000000e+000
      vertex  3.450000e+001  5.500000e+000 -2.000000e+000
    endloop
  endfacet
  facet normal  1.000000e+000  0.000000e+000  0.000000e+000
    outer loop
      vertex  3.450000e+001  5.500000e+000 -2.000000e+000
      vertex  3.450000e+001  8.000000e+000  0.000000e+000
      vertex  3.450000e+001  5.500000e+000  0.000000e+000
    endloop
  endfacet
  facet normal  0.000000e+000  1.000000e+000  0.000000e+000
    outer loop
      vertex  2.750000e+001  8.000000e+000 -2.000000e+000
      vertex  2.750000e+001  8.000000e+000  0.000000e+000
      vertex  3.450000e+001  8.000000e+000 -2.000000e+000
    endloop
  endfacet
  facet normal  0.000000e+000  1.000000e+000  -0.000000e+000
    outer loop
      vertex  3.450000e+001  8.000000e+000 -2.000000e+000
      vertex  2.750000e+001  8.000000e+000  0.000000e+000
      vertex  3.450000e+001  8.000000e+000  0.000000e+000
    endloop
  endfacet
  facet normal  1.000000e+000  0.000000e+000  0.000000e+000
    outer loop
      vertex  2.750000e+001  1.200000e+001 -2.000000e+000
      vertex  2.750000e+001  1.200000e+001  0.000000e+000
      vertex  2.750000e+001  8.000000e+000 -2.000000e+000
    endloop
  endfacet
  facet normal  1.000000e+000  0.000000e+000  0.000000e+000
    outer loop
      vertex  2.750000e+001  8.000000e+000 -2.000000e+000
      vertex  2.750000e+001  1.200000e+001  0.000000e+000
      vertex  2.750000e+001  8.000000e+000  0.000000e+000
    endloop
  endfacet
  facet normal  0.000000e+000 -1.000000e+000  -0.000000e+000
    outer loop
      vertex  3.950000e+001  1.200000e+001 -2.000000e+000
      vertex  3.950000e+001  1.200000e+001  0.000000e+000
      vertex  2.750000e+001  1.200000e+001 -2.000000e+000
    endloop
  endfacet
  facet normal  0.000000e+000 -1.000000e+000  0.000000e+000
    outer loop
      vertex  2.750000e+001  1.200000e+001 -2.000000e+000
      vertex  3.950000e+001  1.200000e+001  0.000000e+000
      vertex  2.750000e+001  1.200000e+001  0.000000e+000
    endloop
  endfacet
  facet normal -1.000000e+000  0.000000e+000  0.000000e+000
    outer loop
      vertex  3.950000e+001  1.000000e+001 -2.000000e+000
      vertex  3.950000e+001  1.000000e+001  0.000000e+000
      vertex  3.950000e+001  1.200000e+001 -2.000000e+000
    endloop
  endfacet
  facet normal -1.000000e+000  0.000000e+000  0.000000e+000
    outer loop
      vertex  3.950000e+001  1.200000e+001 -2.000000e+000
      vertex  3.950000e+001  1.000000e+001  0.000000e+000
      vertex  3.950000e+001  1.200000e+001  0.000000e+000
    endloop
  endfacet
  facet normal  0.000000e+000  1.000000e+000  0.000000e+000
    outer loop
      vertex  4.250000e+001 -1.000000e+001 -2.000000e+000
      vertex  3.950000e+001 -1.000000e+001 -2.000000e+000
      vertex  4.250000e+001 -1.000000e+001  0.000000e+000
    endloop
  endfacet
  facet normal  0.000000e+000  1.000000e+000  0.000000e+000
    outer loop
      vertex  4.250000e+001 -1.000000e+001  0.000000e+000
      vertex  3.950000e+001 -1.000000e+001 -2.000000e+000
      vertex  3.950000e+001 -1.000000e+001  0.000000e+000
    endloop
  endfacet
  facet normal  0.000000e+000 -1.000000e+000  -0.000000e+000
    outer loop
      vertex -3.950000e+001  1.000000e+001 -2.000000e+000
      vertex -3.950000e+001  1.000000e+001  0.000000e+000
      vertex -4.250000e+001  1.000000e+001 -2.000000e+000
    endloop
  endfacet
  facet normal  0.000000e+000 -1.000000e+000  0.000000e+000
    outer loop
      vertex -4.250000e+001  1.000000e+001 -2.000000e+000
      vertex -3.950000e+001  1.000000e+001  0.000000e+000
      vertex -4.250000e+001  1.000000e+001  0.000000e+000
    endloop
  endfacet
  facet normal  1.000000e+000  -0.000000e+000  0.000000e+000
    outer loop
      vertex -2.000000e+001  1.050000e+001  0.000000e+000
      vertex -2.000000e+001 -1.050000e+001  0.000000e+000
      vertex -2.000000e+001  1.050000e+001 -4.000000e+000
    endloop
  endfacet
  facet normal  1.000000e+000  0.000000e+000  0.000000e+000
    outer loop
      vertex -2.000000e+001  1.050000e+001 -4.000000e+000
      vertex -2.000000e+001 -1.050000e+001  0.000000e+000
      vertex -2.000000e+001 -1.050000e+001 -4.000000e+000
    endloop
  endfacet
  facet normal -1.000000e+000  0.000000e+000  0.000000e+000
    outer loop
      vertex  2.000000e+001  1.050000e+001  0.000000e+000
      vertex  2.000000e+001  1.050000e+001 -4.000000e+000
      vertex  2.000000e+001 -1.050000e+001  0.000000e+000
    endloop
  endfacet
  facet normal -1.000000e+000  0.000000e+000  0.000000e+000
    outer loop
      vertex  2.000000e+001 -1.050000e+001  0.000000e+000
      vertex  2.000000e+001  1.050000e+001 -4.000000e+000
      vertex  2.000000e+001 -1.050000e+001 -4.000000e+000
    endloop
  endfacet
  facet normal  9.801670e-002 -9.951848e-001  0.000000e+000
    outer loop
      vertex  1.600000e+001  1.450000e+001 -4.000000e+000
      vertex  1.521964e+001  1.442314e+001  0.000000e+000
      vertex  1.521964e+001  1.442314e+001 -4.000000e+000
    endloop
  endfacet
  facet normal  2.902845e-001 -9.569404e-001  0.000000e+000
    outer loop
      vertex  1.521964e+001  1.442314e+001 -4.000000e+000
      vertex  1.521964e+001  1.442314e+001  0.000000e+000
      vertex  1.446927e+001  1.419552e+001  0.000000e+000
    endloop
  endfacet
  facet normal  2.902845e-001 -9.569404e-001  0.000000e+000
    outer loop
      vertex  1.521964e+001  1.442314e+001 -4.000000e+000
      vertex  1.446927e+001  1.419552e+001  0.000000e+000
      vertex  1.446927e+001  1.419552e+001 -4.000000e+000
    endloop
  endfacet
  facet normal  4.713978e-001 -8.819208e-001  0.000000e+000
    outer loop
      vertex  1.446927e+001  1.419552e+001 -4.000000e+000
      vertex  1.446927e+001  1.419552e+001  0.000000e+000
      vertex  1.377772e+001  1.382588e+001  0.000000e+000
    endloop
  endfacet
  facet normal  4.713978e-001 -8.819208e-001  0.000000e+000
    outer loop
      vertex  1.446927e+001  1.419552e+001 -4.000000e+000
      vertex  1.377772e+001  1.382588e+001  0.000000e+000
      vertex  1.377772e+001  1.382588e+001 -4.000000e+000
    endloop
  endfacet
  facet normal  6.343926e-001 -7.730111e-001  0.000000e+000
    outer loop
      vertex  1.377772e+001  1.382588e+001 -4.000000e+000
      vertex  1.377772e+001  1.382588e+001  0.000000e+000
      vertex  1.317157e+001  1.332843e+001  0.000000e+000
    endloop
  endfacet
  facet normal  6.343926e-001 -7.730111e-001  0.000000e+000
    outer loop
      vertex  1.377772e+001  1.382588e+001 -4.000000e+000
      vertex  1.317157e+001  1.332843e+001  0.000000e+000
      vertex  1.317157e+001  1.332843e+001 -4.000000e+000
    endloop
  endfacet
  facet normal  7.730111e-001 -6.343926e-001  0.000000e+000
    outer loop
      vertex  1.317157e+001  1.332843e+001 -4.000000e+000
      vertex  1.317157e+001  1.332843e+001  0.000000e+000
      vertex  1.267412e+001  1.272228e+001  0.000000e+000
    endloop
  endfacet
  facet normal  7.730111e-001 -6.343926e-001  0.000000e+000
    outer loop
      vertex  1.317157e+001  1.332843e+001 -4.000000e+000
      vertex  1.267412e+001  1.272228e+001  0.000000e+000
      vertex  1.267412e+001  1.272228e+001 -4.000000e+000
    endloop
  endfacet
  facet normal  8.819208e-001 -4.713978e-001  0.000000e+000
    outer loop
      vertex  1.267412e+001  1.272228e+001 -4.000000e+000
      vertex  1.267412e+001  1.272228e+001  0.000000e+000
      vertex  1.230448e+001  1.203073e+001  0.000000e+000
    endloop
  endfacet
  facet normal  8.819208e-001 -4.713978e-001  0.000000e+000
    outer loop
      vertex  1.267412e+001  1.272228e+001 -4.000000e+000
      vertex  1.230448e+001  1.203073e+001  0.000000e+000
      vertex  1.230448e+001  1.203073e+001 -4.000000e+000
    endloop
  endfacet
  facet normal  9.569404e-001 -2.902845e-001  0.000000e+000
    outer loop
      vertex  1.230448e+001  1.203073e+001 -4.000000e+000
      vertex  1.230448e+001  1.203073e+001  0.000000e+000
      vertex  1.207686e+001  1.128036e+001  0.000000e+000
    endloop
  endfacet
  facet normal  9.569404e-001 -2.902845e-001  0.000000e+000
    outer loop
      vertex  1.230448e+001  1.203073e+001 -4.000000e+000
      vertex  1.207686e+001  1.128036e+001  0.000000e+000
      vertex  1.207686e+001  1.128036e+001 -4.000000e+000
    endloop
  endfacet
  facet normal  9.951848e-001 -9.801670e-002  0.000000e+000
    outer loop
      vertex  1.207686e+001  1.128036e+001 -4.000000e+000
      vertex  1.207686e+001  1.128036e+001  0.000000e+000
      vertex  1.200000e+001  1.050000e+001  0.000000e+000
    endloop
  endfacet
  facet normal  9.951848e-001 -9.801670e-002  0.000000e+000
    outer loop
      vertex  1.207686e+001  1.128036e+001 -4.000000e+000
      vertex  1.200000e+001  1.050000e+001  0.000000e+000
      vertex  1.200000e+001  1.050000e+001 -4.000000e+000
    endloop
  endfacet
  facet normal  9.801670e-002 -9.951848e-001  0.000000e+000
    outer loop
      vertex  1.521964e+001  1.442314e+001  0.000000e+000
      vertex  1.600000e+001  1.450000e+001 -4.000000e+000
      vertex  1.600000e+001  1.450000e+001  0.000000e+000
    endloop
  endfacet
  facet normal -9.801670e-002 -9.951848e-001  -0.000000e+000
    outer loop
      vertex  1.600000e+001  1.450000e+001  0.000000e+000
      vertex  1.600000e+001  1.450000e+001 -4.000000e+000
      vertex  1.678036e+001  1.442314e+001 -4.000000e+000
    endloop
  endfacet
  facet normal -9.801670e-002 -9.951848e-001  0.000000e+000
    outer loop
      vertex  1.600000e+001  1.450000e+001  0.000000e+000
      vertex  1.678036e+001  1.442314e+001 -4.000000e+000
      vertex  1.678036e+001  1.442314e+001  0.000000e+000
    endloop
  endfacet
  facet normal -2.902848e-001 -9.569402e-001  -0.000000e+000
    outer loop
      vertex  1.678036e+001  1.442314e+001  0.000000e+000
      vertex  1.678036e+001  1.442314e+001 -4.000000e+000
      vertex  1.753073e+001  1.419552e+001 -4.000000e+000
    endloop
  endfacet
  facet normal -2.902848e-001 -9.569402e-001  0.000000e+000
    outer loop
      vertex  1.678036e+001  1.442314e+001  0.000000e+000
      vertex  1.753073e+001  1.419552e+001 -4.000000e+000
      vertex  1.753073e+001  1.419552e+001  0.000000e+000
    endloop
  endfacet
  facet normal -4.713973e-001 -8.819209e-001  -0.000000e+000
    outer loop
      vertex  1.753073e+001  1.419552e+001  0.000000e+000
      vertex  1.753073e+001  1.419552e+001 -4.000000e+000
      vertex  1.822228e+001  1.382588e+001 -4.000000e+000
    endloop
  endfacet
  facet normal -4.713973e-001 -8.819209e-001  0.000000e+000
    outer loop
      vertex  1.753073e+001  1.419552e+001  0.000000e+000
      vertex  1.822228e+001  1.382588e+001 -4.000000e+000
      vertex  1.822228e+001  1.382588e+001  0.000000e+000
    endloop
  endfacet
  facet normal -6.343931e-001 -7.730106e-001  -0.000000e+000
    outer loop
      vertex  1.822228e+001  1.382588e+001  0.000000e+000
      vertex  1.822228e+001  1.382588e+001 -4.000000e+000
      vertex  1.882843e+001  1.332843e+001 -4.000000e+000
    endloop
  endfacet
  facet normal -6.343931e-001 -7.730106e-001  0.000000e+000
    outer loop
      vertex  1.822228e+001  1.382588e+001  0.000000e+000
      vertex  1.882843e+001  1.332843e+001 -4.000000e+000
      vertex  1.882843e+001  1.332843e+001  0.000000e+000
    endloop
  endfacet
  facet normal -7.730104e-001 -6.343932e-001  -0.000000e+000
    outer loop
      vertex  1.882843e+001  1.332843e+001  0.000000e+000
      vertex  1.882843e+001  1.332843e+001 -4.000000e+000
      vertex  1.932588e+001  1.272228e+001 -4.000000e+000
    endloop
  endfacet
  facet normal -7.730104e-001 -6.343932e-001  0.000000e+000
    outer loop
      vertex  1.882843e+001  1.332843e+001  0.000000e+000
      vertex  1.932588e+001  1.272228e+001 -4.000000e+000
      vertex  1.932588e+001  1.272228e+001  0.000000e+000
    endloop
  endfacet
  facet normal -8.819208e-001 -4.713978e-001  -0.000000e+000
    outer loop
      vertex  1.932588e+001  1.272228e+001  0.000000e+000
      vertex  1.932588e+001  1.272228e+001 -4.000000e+000
      vertex  1.969552e+001  1.203073e+001 -4.000000e+000
    endloop
  endfacet
  facet normal -8.819208e-001 -4.713978e-001  0.000000e+000
    outer loop
      vertex  1.932588e+001  1.272228e+001  0.000000e+000
      vertex  1.969552e+001  1.203073e+001 -4.000000e+000
      vertex  1.969552e+001  1.203073e+001  0.000000e+000
    endloop
  endfacet
  facet normal -9.569404e-001 -2.902845e-001  -0.000000e+000
    outer loop
      vertex  1.969552e+001  1.203073e+001  0.000000e+000
      vertex  1.969552e+001  1.203073e+001 -4.000000e+000
      vertex  1.992314e+001  1.128036e+001 -4.000000e+000
    endloop
  endfacet
  facet normal -9.569404e-001 -2.902845e-001  0.000000e+000
    outer loop
      vertex  1.969552e+001  1.203073e+001  0.000000e+000
      vertex  1.992314e+001  1.128036e+001 -4.000000e+000
      vertex  1.992314e+001  1.128036e+001  0.000000e+000
    endloop
  endfacet
  facet normal -9.951848e-001 -9.801670e-002  -0.000000e+000
    outer loop
      vertex  1.992314e+001  1.128036e+001  0.000000e+000
      vertex  1.992314e+001  1.128036e+001 -4.000000e+000
      vertex  2.000000e+001  1.050000e+001 -4.000000e+000
    endloop
  endfacet
  facet normal -9.951848e-001 -9.801670e-002  0.000000e+000
    outer loop
      vertex  1.992314e+001  1.128036e+001  0.000000e+000
      vertex  2.000000e+001  1.050000e+001 -4.000000e+000
      vertex  2.000000e+001  1.050000e+001  0.000000e+000
    endloop
  endfacet
  facet normal  0.000000e+000  -0.000000e+000  1.000000e+000
    outer loop
      vertex  2.000000e+001 -1.050000e+001  0.000000e+000
      vertex  2.450000e+001 -2.664535e-015  0.000000e+000
      vertex  2.450000e+001  5.500000e+000  0.000000e+000
    endloop
  endfacet
  facet normal  0.000000e+000  -0.000000e+000  1.000000e+000
    outer loop
      vertex  2.000000e+001 -1.050000e+001  0.000000e+000
      vertex  2.450000e+001 -5.500000e+000  0.000000e+000
      vertex  2.450000e+001 -2.664535e-015  0.000000e+000
    endloop
  endfacet
  facet normal  0.000000e+000  0.000000e+000  1.000000e+000
    outer loop
      vertex  2.750000e+001 -8.000000e+000  0.000000e+000
      vertex  2.521706e+001 -1.276899e+001  0.000000e+000
      vertex  2.750000e+001 -1.200000e+001  0.000000e+000
    endloop
  endfacet
  facet normal  0.000000e+000  0.000000e+000  1.000000e+000
    outer loop
      vertex -2.478294e+001 -1.523101e+001  0.000000e+000
      vertex -1.600000e+001 -1.450000e+001  0.000000e+000
      vertex -2.437500e+001 -1.508253e+001  0.000000e+000
    endloop
  endfacet
  facet normal  0.000000e+000  0.000000e+000  1.000000e+000
    outer loop
      vertex -2.750000e+001 -1.200000e+001  0.000000e+000
      vertex -2.521706e+001 -1.276899e+001  0.000000e+000
      vertex -2.750000e+001 -8.000000e+000  0.000000e+000
    endloop
  endfacet
  facet normal  0.000000e+000  0.000000e+000  1.000000e+000
    outer loop
      vertex  4.066812e+001 -1.541146e+001  0.000000e+000
      vertex  2.595756e+001 -1.480348e+001  0.000000e+000
      vertex  2.562500e+001 -1.508253e+001  0.000000e+000
    endloop
  endfacet
  facet normal  -0.000000e+000  0.000000e+000  1.000000e+000
    outer loop
      vertex -2.625000e+001  1.400000e+001  0.000000e+000
      vertex -4.182224e+001  1.361561e+001  0.000000e+000
      vertex -2.617462e+001  1.357247e+001  0.000000e+000
    endloop
  endfacet
  facet normal  0.000000e+000  0.000000e+000  1.000000e+000
    outer loop
      vertex -2.595756e+001 -1.480348e+001  0.000000e+000
      vertex -4.066812e+001 -1.541146e+001  0.000000e+000
      vertex -2.562500e+001 -1.508253e+001  0.000000e+000
    endloop
  endfacet
  facet normal  0.000000e+000  0.000000e+000  1.000000e+000
    outer loop
      vertex -4.066812e+001 -1.541146e+001  0.000000e+000
      vertex -2.521706e+001 -1.523101e+001  0.000000e+000
      vertex -2.562500e+001 -1.508253e+001  0.000000e+000
    endloop
  endfacet
  facet normal  0.000000e+000  0.000000e+000  1.000000e+000
    outer loop
      vertex -1.600000e+001  1.450000e+001  0.000000e+000
      vertex -2.478294e+001  1.523101e+001  0.000000e+000
      vertex -2.437500e+001  1.508253e+001  0.000000e+000
    endloop
  endfacet
  facet normal  0.000000e+000  0.000000e+000  1.000000e+000
    outer loop
      vertex -1.600000e+001  1.450000e+001  0.000000e+000
      vertex -2.437500e+001  1.508253e+001  0.000000e+000
      vertex -2.404244e+001  1.480348e+001  0.000000e+000
    endloop
  endfacet
  facet normal  0.000000e+000  0.000000e+000  9.999999e-001
    outer loop
      vertex -2.382538e+001 -1.442753e+001  0.000000e+000
      vertex -1.678036e+001 -1.442314e+001  0.000000e+000
      vertex -1.753073e+001 -1.419552e+001  0.000000e+000
    endloop
  endfacet
  facet normal  0.000000e+000  0.000000e+000  1.000000e+000
    outer loop
      vertex  2.437500e+001  1.508253e+001  0.000000e+000
      vertex  2.478294e+001  1.523101e+001  0.000000e+000
      vertex  1.600000e+001  1.450000e+001  0.000000e+000
    endloop
  endfacet
  facet normal  0.000000e+000  -0.000000e+000  1.000000e+000
    outer loop
      vertex  1.600000e+001  1.450000e+001  0.000000e+000
      vertex  2.404244e+001  1.480348e+001  0.000000e+000
      vertex  2.437500e+001  1.508253e+001  0.000000e+000
    endloop
  endfacet
  facet normal  0.000000e+000  0.000000e+000  1.000000e+000
    outer loop
      vertex  4.130940e+001  1.455481e+001  0.000000e+000
      vertex  2.562500e+001  1.508253e+001  0.000000e+000
      vertex  2.595756e+001  1.480348e+001  0.000000e+000
    endloop
  endfacet
  facet normal  0.000000e+000  0.000000e+000  1.000000e+000
    outer loop
      vertex  2.625000e+001  1.400000e+001  0.000000e+000
      vertex  2.617462e+001  1.357247e+001  0.000000e+000
      vertex  4.182224e+001  1.361561e+001  0.000000e+000
    endloop
  endfacet
  facet normal  0.000000e+000  -0.000000e+000  1.000000e+000
    outer loop
      vertex  2.450000e+001  5.500000e+000  0.000000e+000
      vertex  3.450000e+001  5.500000e+000  0.000000e+000
      vertex  3.450000e+001  8.000000e+000  0.000000e+000
    endloop
  endfacet
  facet normal  0.000000e+000  0.000000e+000  1.000000e+000
    outer loop
      vertex  2.450000e+001  5.500000e+000  0.000000e+000
      vertex  3.450000e+001  8.000000e+000  0.000000e+000
      vertex  2.750000e+001  8.000000e+000  0.000000e+000
    endloop
  endfacet
  facet normal  0.000000e+000  -0.000000e+000  1.000000e+000
    outer loop
      vertex  2.450000e+001  5.500000e+000  0.000000e+000
      vertex  2.750000e+001  8.000000e+000  0.000000e+000
      vertex  2.750000e+001  1.200000e+001  0.000000e+000
    endloop
  endfacet
  facet normal  0.000000e+000  0.000000e+000  1.000000e+000
    outer loop
      vertex  2.450000e+001  5.500000e+000  0.000000e+000
      vertex  2.750000e+001  1.200000e+001  0.000000e+000
      vertex  2.521706e+001  1.276899e+001  0.000000e+000
    endloop
  endfacet
  facet normal  0.000000e+000  0.000000e+000  1.000000e+000
    outer loop
      vertex  2.450000e+001  5.500000e+000  0.000000e+000
      vertex  2.521706e+001  1.276899e+001  0.000000e+000
      vertex  2.478294e+001  1.276899e+001  0.000000e+000
    endloop
  endfacet
  facet normal  0.000000e+000  0.000000e+000  1.000000e+000
    outer loop
      vertex  2.450000e+001  5.500000e+000  0.000000e+000
      vertex  2.478294e+001  1.276899e+001  0.000000e+000
      vertex  1.932588e+001  1.272228e+001  0.000000e+000
    endloop
  endfacet
  facet normal  0.000000e+000  0.000000e+000  1.000000e+000
    outer loop
      vertex  2.450000e+001  5.500000e+000  0.000000e+000
      vertex  1.932588e+001  1.272228e+001  0.000000e+000
      vertex  1.969552e+001  1.203073e+001  0.000000e+000
    endloop
  endfacet
  facet normal  0.000000e+000  0.000000e+000  1.000000e+000
    outer loop
      vertex  2.450000e+001  5.500000e+000  0.000000e+000
      vertex  1.969552e+001  1.203073e+001  0.000000e+000
      vertex  1.992314e+001  1.128036e+001  0.000000e+000
    endloop
  endfacet
  facet normal  0.000000e+000  0.000000e+000  1.000000e+000
    outer loop
      vertex  2.450000e+001  5.500000e+000  0.000000e+000
      vertex  1.992314e+001  1.128036e+001  0.000000e+000
      vertex  2.000000e+001  1.050000e+001  0.000000e+000
    endloop
  endfacet
  facet normal  0.000000e+000  0.000000e+000  9.999999e-001
    outer loop
      vertex  2.450000e+001  5.500000e+000  0.000000e+000
      vertex  2.000000e+001  1.050000e+001  0.000000e+000
      vertex  2.000000e+001 -1.050000e+001  0.000000e+000
    endloop
  endfacet
  facet normal  -0.000000e+000  0.000000e+000  1.000000e+000
    outer loop
      vertex  2.450000e+001 -5.500000e+000  0.000000e+000
      vertex  2.000000e+001 -1.050000e+001  0.000000e+000
      vertex  1.992314e+001 -1.128036e+001  0.000000e+000
    endloop
  endfacet
  facet normal  -0.000000e+000  0.000000e+000  1.000000e+000
    outer loop
      vertex  2.450000e+001 -5.500000e+000  0.000000e+000
      vertex  1.992314e+001 -1.128036e+001  0.000000e+000
      vertex  1.969552e+001 -1.203073e+001  0.000000e+000
    endloop
  endfacet
  facet normal  -0.000000e+000  0.000000e+000  1.000000e+000
    outer loop
      vertex  2.450000e+001 -5.500000e+000  0.000000e+000
      vertex  1.969552e+001 -1.203073e+001  0.000000e+000
      vertex  1.932588e+001 -1.272228e+001  0.000000e+000
    endloop
  endfacet
  facet normal  -0.000000e+000  0.000000e+000  1.000000e+000
    outer loop
      vertex  2.450000e+001 -5.500000e+000  0.000000e+000
      vertex  1.932588e+001 -1.272228e+001  0.000000e+000
      vertex  2.478294e+001 -1.276899e+001  0.000000e+000
    endloop
  endfacet
  facet normal  0.000000e+000  -0.000000e+000  1.000000e+000
    outer loop
      vertex  2.450000e+001 -5.500000e+000  0.000000e+000
      vertex  2.478294e+001 -1.276899e+001  0.000000e+000
      vertex  2.521706e+001 -1.276899e+001  0.000000e+000
    endloop
  endfacet
  facet normal  0.000000e+000  -0.000000e+000  1.000000e+000
    outer loop
      vertex  2.450000e+001 -5.500000e+000  0.000000e+000
      vertex  2.521706e+001 -1.276899e+001  0.000000e+000
      vertex  2.750000e+001 -8.000000e+000  0.000000e+000
    endloop
  endfacet
  facet normal  0.000000e+000  0.000000e+000  1.000000e+000
    outer loop
      vertex -3.500000e+001 -1.800000e+001  0.000000e+000
      vertex  3.500000e+001 -1.800000e+001  0.000000e+000
      vertex  2.521706e+001 -1.523101e+001  0.000000e+000
    endloop
  endfacet
  facet normal  0.000000e+000  0.000000e+000  1.000000e+000
    outer loop
      vertex -3.500000e+001 -1.800000e+001  0.000000e+000
      vertex  2.521706e+001 -1.523101e+001  0.000000e+000
      vertex  2.478294e+001 -1.523101e+001  0.000000e+000
    endloop
  endfacet
  facet normal  0.000000e+000  0.000000e+000  1.000000e+000
    outer loop
      vertex -3.500000e+001 -1.800000e+001  0.000000e+000
      vertex  2.478294e+001 -1.523101e+001  0.000000e+000
      vertex  2.437500e+001 -1.508253e+001  0.000000e+000
    endloop
  endfacet
  facet normal  0.000000e+000  0.000000e+000  1.000000e+000
    outer loop
      vertex -3.500000e+001 -1.800000e+001  0.000000e+000
      vertex  2.437500e+001 -1.508253e+001  0.000000e+000
      vertex  2.404244e+001 -1.480348e+001  0.000000e+000
    endloop
  endfacet
  facet normal  0.000000e+000  0.000000e+000  1.000000e+000
    outer loop
      vertex -3.500000e+001 -1.800000e+001  0.000000e+000
      vertex  2.404244e+001 -1.480348e+001  0.000000e+000
      vertex  1.600000e+001 -1.450000e+001  0.000000e+000
    endloop
  endfacet
  facet normal  0.000000e+000  0.000000e+000  1.000000e+000
    outer loop
      vertex -3.500000e+001 -1.800000e+001  0.000000e+000
      vertex  1.600000e+001 -1.450000e+001  0.000000e+000
      vertex -1.600000e+001 -1.450000e+001  0.000000e+000
    endloop
  endfacet
  facet normal  0.000000e+000  0.000000e+000  1.000000e+000
    outer loop
      vertex -3.500000e+001 -1.800000e+001  0.000000e+000
      vertex -1.600000e+001 -1.450000e+001  0.000000e+000
      vertex -2.478294e+001 -1.523101e+001  0.000000e+000
    endloop
  endfacet
  facet normal  0.000000e+000  0.000000e+000  1.000000e+000
    outer loop
      vertex -3.500000e+001 -1.800000e+001  0.000000e+000
      vertex -2.478294e+001 -1.523101e+001  0.000000e+000
      vertex -2.521706e+001 -1.523101e+001  0.000000e+000
    endloop
  endfacet
  facet normal  0.000000e+000  0.000000e+000  9.999999e-001
    outer loop
      vertex -3.500000e+001 -1.800000e+001  0.000000e+000
      vertex -2.521706e+001 -1.523101e+001  0.000000e+000
      vertex -4.066812e+001 -1.541146e+001  0.000000e+000
    endloop
  endfacet
  facet normal  0.000000e+000  0.000000e+000  1.000000e+000
    outer loop
      vertex -3.950000e+001 -1.200000e+001  0.000000e+000
      vertex -3.950000e+001 -1.000000e+001  0.000000e+000
      vertex -4.250000e+001 -1.000000e+001  0.000000e+000
    endloop
  endfacet
  facet normal  0.000000e+000  0.000000e+000  1.000000e+000
    outer loop
      vertex -3.950000e+001 -1.200000e+001  0.000000e+000
      vertex -4.250000e+001 -1.000000e+001  0.000000e+000
      vertex -4.250000e+001 -1.050000e+001  0.000000e+000
    endloop
  endfacet
  facet normal  0.000000e+000  0.000000e+000  1.000000e+000
    outer loop
      vertex -3.950000e+001 -1.200000e+001  0.000000e+000
      vertex -4.250000e+001 -1.050000e+001  0.000000e+000
      vertex -4.242366e+001 -1.156736e+001  0.000000e+000
    endloop
  endfacet
  facet normal  0.000000e+000  0.000000e+000  1.000000e+000
    outer loop
      vertex -3.950000e+001 -1.200000e+001  0.000000e+000
      vertex -4.242366e+001 -1.156736e+001  0.000000e+000
      vertex -4.219620e+001 -1.261299e+001  0.000000e+000
    endloop
  endfacet
  facet normal  -0.000000e+000  0.000000e+000  1.000000e+000
    outer loop
      vertex -3.950000e+001 -1.200000e+001  0.000000e+000
      vertex -4.219620e+001 -1.261299e+001  0.000000e+000
      vertex -2.521706e+001 -1.276899e+001  0.000000e+000
    endloop
  endfacet
  facet normal  0.000000e+000  0.000000e+000  1.000000e+000
    outer loop
      vertex -3.950000e+001 -1.200000e+001  0.000000e+000
      vertex -2.521706e+001 -1.276899e+001  0.000000e+000
      vertex -2.750000e+001 -1.200000e+001  0.000000e+000
    endloop
  endfacet
  facet normal  -0.000000e+000  0.000000e+000  1.000000e+000
    outer loop
      vertex -2.750000e+001  8.000000e+000  0.000000e+000
      vertex -3.450000e+001  8.000000e+000  0.000000e+000
      vertex -3.450000e+001  5.500000e+000  0.000000e+000
    endloop
  endfacet
  facet normal  0.000000e+000  0.000000e+000  1.000000e+000
    outer loop
      vertex -2.750000e+001  8.000000e+000  0.000000e+000
      vertex -3.450000e+001  5.500000e+000  0.000000e+000
      vertex -2.450000e+001  5.500000e+000  0.000000e+000
    endloop
  endfacet
  facet normal  0.000000e+000  0.000000e+000  1.000000e+000
    outer loop
      vertex -2.750000e+001  8.000000e+000  0.000000e+000
      vertex -2.450000e+001  5.500000e+000  0.000000e+000
      vertex -2.478294e+001  1.276899e+001  0.000000e+000
    endloop
  endfacet
  facet normal  0.000000e+000  0.000000e+000  1.000000e+000
    outer loop
      vertex -2.750000e+001  8.000000e+000  0.000000e+000
      vertex -2.478294e+001  1.276899e+001  0.000000e+000
      vertex -2.521706e+001  1.276899e+001  0.000000e+000
    endloop
  endfacet
  facet normal  0.000000e+000  0.000000e+000  1.000000e+000
    outer loop
      vertex -2.750000e+001  8.000000e+000  0.000000e+000
      vertex -2.521706e+001  1.276899e+001  0.000000e+000
      vertex -2.750000e+001  1.200000e+001  0.000000e+000
    endloop
  endfacet
  facet normal  -0.000000e+000  0.000000e+000  1.000000e+000
    outer loop
      vertex -3.500000e+001  1.800000e+001  0.000000e+000
      vertex -4.066812e+001  1.541146e+001  0.000000e+000
      vertex -2.521706e+001  1.523101e+001  0.000000e+000
    endloop
  endfacet
  facet normal  0.000000e+000  -0.000000e+000  1.000000e+000
    outer loop
      vertex -3.500000e+001  1.800000e+001  0.000000e+000
      vertex -2.521706e+001  1.523101e+001  0.000000e+000
      vertex -2.478294e+001  1.523101e+001  0.000000e+000
    endloop
  endfacet
  facet normal  -0.000000e+000  -0.000000e+000  1.000000e+000
    outer loop
      vertex -3.500000e+001  1.800000e+001  0.000000e+000
      vertex -2.478294e+001  1.523101e+001  0.000000e+000
      vertex -1.600000e+001  1.450000e+001  0.000000e+000
    endloop
  endfacet
  facet normal  0.000000e+000  -0.000000e+000  1.000000e+000
    outer loop
      vertex -3.500000e+001  1.800000e+001  0.000000e+000
      vertex -1.600000e+001  1.450000e+001  0.000000e+000
      vertex  1.600000e+001  1.450000e+001  0.000000e+000
    endloop
  endfacet
  facet normal  0.000000e+000  -0.000000e+000  1.000000e+000
    outer loop
      vertex -3.500000e+001  1.800000e+001  0.000000e+000
      vertex  1.600000e+001  1.450000e+001  0.000000e+000
      vertex  2.478294e+001  1.523101e+001  0.000000e+000
    endloop
  endfacet
  facet normal  0.000000e+000  -0.000000e+000  1.000000e+000
    outer loop
      vertex -3.500000e+001  1.800000e+001  0.000000e+000
      vertex  2.478294e+001  1.523101e+001  0.000000e+000
      vertex  2.521706e+001  1.523101e+001  0.000000e+000
    endloop
  endfacet
  facet normal  0.000000e+000  -0.000000e+000  1.000000e+000
    outer loop
      vertex -3.500000e+001  1.800000e+001  0.000000e+000
      vertex  2.521706e+001  1.523101e+001  0.000000e+000
      vertex  3.500000e+001  1.800000e+001  0.000000e+000
    endloop
  endfacet
  facet normal  0.000000e+000  -0.000000e+000  1.000000e+000
    outer loop
      vertex  2.521706e+001 -1.523101e+001  0.000000e+000
      vertex  3.500000e+001 -1.800000e+001  0.000000e+000
      vertex  3.606736e+001 -1.792366e+001  0.000000e+000
    endloop
  endfacet
  facet normal  0.000000e+000  -0.000000e+000  1.000000e+000
    outer loop
      vertex  2.521706e+001 -1.523101e+001  0.000000e+000
      vertex  3.606736e+001 -1.792366e+001  0.000000e+000
      vertex  3.711300e+001 -1.769620e+001  0.000000e+000
    endloop
  endfacet
  facet normal  0.000000e+000  -0.000000e+000  1.000000e+000
    outer loop
      vertex  2.521706e+001 -1.523101e+001  0.000000e+000
      vertex  3.711300e+001 -1.769620e+001  0.000000e+000
      vertex  3.811561e+001 -1.732224e+001  0.000000e+000
    endloop
  endfacet
  facet normal  0.000000e+000  -0.000000e+000  1.000000e+000
    outer loop
      vertex  2.521706e+001 -1.523101e+001  0.000000e+000
      vertex  3.811561e+001 -1.732224e+001  0.000000e+000
      vertex  3.905481e+001 -1.680940e+001  0.000000e+000
    endloop
  endfacet
  facet normal  0.000000e+000  -0.000000e+000  1.000000e+000
    outer loop
      vertex  2.521706e+001 -1.523101e+001  0.000000e+000
      vertex  3.905481e+001 -1.680940e+001  0.000000e+000
      vertex  3.991146e+001 -1.616812e+001  0.000000e+000
    endloop
  endfacet
  facet normal  0.000000e+000  -0.000000e+000  1.000000e+000
    outer loop
      vertex  2.521706e+001 -1.523101e+001  0.000000e+000
      vertex  3.991146e+001 -1.616812e+001  0.000000e+000
      vertex  4.066812e+001 -1.541146e+001  0.000000e+000
    endloop
  endfacet
  facet normal  0.000000e+000  0.000000e+000  1.000000e+000
    outer loop
      vertex  2.521706e+001 -1.523101e+001  0.000000e+000
      vertex  4.066812e+001 -1.541146e+001  0.000000e+000
      vertex  2.562500e+001 -1.508253e+001  0.000000e+000
    endloop
  endfacet
  facet normal  -0.000000e+000  -0.000000e+000  1.000000e+000
    outer loop
      vertex  2.521706e+001  1.523101e+001  0.000000e+000
      vertex  2.562500e+001  1.508253e+001  0.000000e+000
      vertex  4.130940e+001  1.455481e+001  0.000000e+000
    endloop
  endfacet
  facet normal  0.000000e+000  0.000000e+000  1.000000e+000
    outer loop
      vertex  2.521706e+001  1.523101e+001  0.000000e+000
      vertex  4.130940e+001  1.455481e+001  0.000000e+000
      vertex  4.066812e+001  1.541146e+001  0.000000e+000
    endloop
  endfacet
  facet normal  0.000000e+000  0.000000e+000  1.000000e+000
    outer loop
      vertex  2.521706e+001  1.523101e+001  0.000000e+000
      vertex  4.066812e+001  1.541146e+001  0.000000e+000
      vertex  3.991146e+001  1.616812e+001  0.000000e+000
    endloop
  endfacet
  facet normal  0.000000e+000  0.000000e+000  1.000000e+000
    outer loop
      vertex  2.521706e+001  1.523101e+001  0.000000e+000
      vertex  3.991146e+001  1.616812e+001  0.000000e+000
      vertex  3.905481e+001  1.680940e+001  0.000000e+000
    endloop
  endfacet
  facet normal  0.000000e+000  0.000000e+000  1.000000e+000
    outer loop
      vertex  2.521706e+001  1.523101e+001  0.000000e+000
      vertex  3.905481e+001  1.680940e+001  0.000000e+000
      vertex  3.811561e+001  1.732224e+001  0.000000e+000
    endloop
  endfacet
  facet normal  0.000000e+000  0.000000e+000  1.000000e+000
    outer loop
      vertex  2.521706e+001  1.523101e+001  0.000000e+000
      vertex  3.811561e+001  1.732224e+001  0.000000e+000
      vertex  3.711300e+001  1.769620e+001  0.000000e+000
    endloop
  endfacet
  facet normal  0.000000e+000  0.000000e+000  1.000000e+000
    outer loop
      vertex  2.521706e+001  1.523101e+001  0.000000e+000
      vertex  3.711300e+001  1.769620e+001  0.000000e+000
      vertex  3.606736e+001  1.792366e+001  0.000000e+000
    endloop
  endfacet
  facet normal  0.000000e+000  0.000000e+000  1.000000e+000
    outer loop
      vertex  2.521706e+001  1.523101e+001  0.000000e+000
      vertex  3.606736e+001  1.792366e+001  0.000000e+000
      vertex  3.500000e+001  1.800000e+001  0.000000e+000
    endloop
  endfacet
  facet normal  -0.000000e+000  -0.000000e+000  9.999999e-001
    outer loop
      vertex -4.066812e+001 -1.541146e+001  0.000000e+000
      vertex -3.991146e+001 -1.616812e+001  0.000000e+000
      vertex -3.905481e+001 -1.680940e+001  0.000000e+000
    endloop
  endfacet
  facet normal  -0.000000e+000  -0.000000e+000  1.000000e+000
    outer loop
      vertex -4.066812e+001 -1.541146e+001  0.000000e+000
      vertex -3.905481e+001 -1.680940e+001  0.000000e+000
      vertex -3.811561e+001 -1.732224e+001  0.000000e+000
    endloop
  endfacet
  facet normal  -0.000000e+000  -0.000000e+000  1.000000e+000
    outer loop
      vertex -4.066812e+001 -1.541146e+001  0.000000e+000
      vertex -3.811561e+001 -1.732224e+001  0.000000e+000
      vertex -3.711300e+001 -1.769620e+001  0.000000e+000
    endloop
  endfacet
  facet normal  -0.000000e+000  -0.000000e+000  1.000000e+000
    outer loop
      vertex -4.066812e+001 -1.541146e+001  0.000000e+000
      vertex -3.711300e+001 -1.769620e+001  0.000000e+000
      vertex -3.606736e+001 -1.792366e+001  0.000000e+000
    endloop
  endfacet
  facet normal  -0.000000e+000  -0.000000e+000  1.000000e+000
    outer loop
      vertex -4.066812e+001 -1.541146e+001  0.000000e+000
      vertex -3.606736e+001 -1.792366e+001  0.000000e+000
      vertex -3.500000e+001 -1.800000e+001  0.000000e+000
    endloop
  endfacet
  facet normal  -0.000000e+000  -0.000000e+000  9.999999e-001
    outer loop
      vertex -2.478294e+001 -1.276899e+001  0.000000e+000
      vertex -2.437500e+001 -1.291747e+001  0.000000e+000
      vertex -1.882843e+001 -1.332843e+001  0.000000e+000
    endloop
  endfacet
  facet normal  0.000000e+000  0.000000e+000  1.000000e+000
    outer loop
      vertex -2.478294e+001 -1.276899e+001  0.000000e+000
      vertex -1.882843e+001 -1.332843e+001  0.000000e+000
      vertex -1.932588e+001 -1.272228e+001  0.000000e+000
    endloop
  endfacet
  facet normal  0.000000e+000  0.000000e+000  1.000000e+000
    outer loop
      vertex -2.478294e+001 -1.276899e+001  0.000000e+000
      vertex -1.932588e+001 -1.272228e+001  0.000000e+000
      vertex -1.969552e+001 -1.203073e+001  0.000000e+000
    endloop
  endfacet
  facet normal  0.000000e+000  0.000000e+000  1.000000e+000
    outer loop
      vertex -2.478294e+001 -1.276899e+001  0.000000e+000
      vertex -1.969552e+001 -1.203073e+001  0.000000e+000
      vertex -1.992314e+001 -1.128036e+001  0.000000e+000
    endloop
  endfacet
  facet normal  0.000000e+000  0.000000e+000  1.000000e+000
    outer loop
      vertex -2.478294e+001 -1.276899e+001  0.000000e+000
      vertex -1.992314e+001 -1.128036e+001  0.000000e+000
      vertex -2.000000e+001 -1.050000e+001  0.000000e+000
    endloop
  endfacet
  facet normal  0.000000e+000  0.000000e+000  1.000000e+000
    outer loop
      vertex -2.478294e+001 -1.276899e+001  0.000000e+000
      vertex -2.000000e+001 -1.050000e+001  0.000000e+000
      vertex -2.450000e+001 -5.500000e+000  0.000000e+000
    endloop
  endfacet
  facet normal  0.000000e+000  0.000000e+000  1.000000e+000
    outer loop
      vertex -2.478294e+001 -1.276899e+001  0.000000e+000
      vertex -2.450000e+001 -5.500000e+000  0.000000e+000
      vertex -2.750000e+001 -8.000000e+000  0.000000e+000
    endloop
  endfacet
  facet normal  0.000000e+000  0.000000e+000  1.000000e+000
    outer loop
      vertex -2.478294e+001 -1.276899e+001  0.000000e+000
      vertex -2.750000e+001 -8.000000e+000  0.000000e+000
      vertex -2.521706e+001 -1.276899e+001  0.000000e+000
    endloop
  endfacet
  facet normal  0.000000e+000  -0.000000e+000  1.000000e+000
    outer loop
      vertex -2.478294e+001  1.276899e+001  0.000000e+000
      vertex -2.450000e+001  5.500000e+000  0.000000e+000
      vertex -2.000000e+001  1.050000e+001  0.000000e+000
    endloop
  endfacet
  facet normal  0.000000e+000  -0.000000e+000  1.000000e+000
    outer loop
      vertex -2.478294e+001  1.276899e+001  0.000000e+000
      vertex -2.000000e+001  1.050000e+001  0.000000e+000
      vertex -1.992314e+001  1.128036e+001  0.000000e+000
    endloop
  endfacet
  facet normal  0.000000e+000  -0.000000e+000  1.000000e+000
    outer loop
      vertex -2.478294e+001  1.276899e+001  0.000000e+000
      vertex -1.992314e+001  1.128036e+001  0.000000e+000
      vertex -1.969552e+001  1.203073e+001  0.000000e+000
    endloop
  endfacet
  facet normal  0.000000e+000  -0.000000e+000  1.000000e+000
    outer loop
      vertex -2.478294e+001  1.276899e+001  0.000000e+000
      vertex -1.969552e+001  1.203073e+001  0.000000e+000
      vertex -1.932588e+001  1.272228e+001  0.000000e+000
    endloop
  endfacet
  facet normal  0.000000e+000  0.000000e+000  1.000000e+000
    outer loop
      vertex -4.066812e+001  1.541146e+001  0.000000e+000
      vertex -3.500000e+001  1.800000e+001  0.000000e+000
      vertex -3.606736e+001  1.792366e+001  0.000000e+000
    endloop
  endfacet
  facet normal  0.000000e+000  0.000000e+000  1.000000e+000
    outer loop
      vertex -4.066812e+001  1.541146e+001  0.000000e+000
      vertex -3.606736e+001  1.792366e+001  0.000000e+000
      vertex -3.711300e+001  1.769620e+001  0.000000e+000
    endloop
  endfacet
  facet normal  0.000000e+000  0.000000e+000  9.999999e-001
    outer loop
      vertex -4.066812e+001  1.541146e+001  0.000000e+000
      vertex -3.711300e+001  1.769620e+001  0.000000e+000
      vertex -3.811561e+001  1.732224e+001  0.000000e+000
    endloop
  endfacet
  facet normal  0.000000e+000  0.000000e+000  1.000000e+000
    outer loop
      vertex -4.066812e+001  1.541146e+001  0.000000e+000
      vertex -3.811561e+001  1.732224e+001  0.000000e+000
      vertex -3.905481e+001  1.680940e+001  0.000000e+000
    endloop
  endfacet
  facet normal  0.000000e+000  0.000000e+000  9.999999e-001
    outer loop
      vertex -4.066812e+001  1.541146e+001  0.000000e+000
      vertex -3.905481e+001  1.680940e+001  0.000000e+000
      vertex -3.991146e+001  1.616812e+001  0.000000e+000
    endloop
  endfacet
  facet normal  -0.000000e+000  0.000000e+000  1.000000e+000
    outer loop
      vertex  3.950000e+001 -1.200000e+001  0.000000e+000
      vertex  2.750000e+001 -1.200000e+001  0.000000e+000
      vertex  2.521706e+001 -1.276899e+001  0.000000e+000
    endloop
  endfacet
  facet normal  0.000000e+000  0.000000e+000  1.000000e+000
    outer loop
      vertex  3.950000e+001 -1.200000e+001  0.000000e+000
      vertex  2.521706e+001 -1.276899e+001  0.000000e+000
      vertex  4.219620e+001 -1.261299e+001  0.000000e+000
    endloop
  endfacet
  facet normal  0.000000e+000  -0.000000e+000  1.000000e+000
    outer loop
      vertex  3.950000e+001 -1.200000e+001  0.000000e+000
      vertex  4.219620e+001 -1.261299e+001  0.000000e+000
      vertex  4.242366e+001 -1.156736e+001  0.000000e+000
    endloop
  endfacet
  facet normal  0.000000e+000  -0.000000e+000  1.000000e+000
    outer loop
      vertex  3.950000e+001 -1.200000e+001  0.000000e+000
      vertex  4.242366e+001 -1.156736e+001  0.000000e+000
      vertex  4.250000e+001 -1.050000e+001  0.000000e+000
    endloop
  endfacet
  facet normal  0.000000e+000  -0.000000e+000  1.000000e+000
    outer loop
      vertex  3.950000e+001 -1.200000e+001  0.000000e+000
      vertex  4.250000e+001 -1.050000e+001  0.000000e+000
      vertex  4.250000e+001 -1.000000e+001  0.000000e+000
    endloop
  endfacet
  facet normal  0.000000e+000  0.000000e+000  1.000000e+000
    outer loop
      vertex  3.950000e+001 -1.200000e+001  0.000000e+000
      vertex  4.250000e+001 -1.000000e+001  0.000000e+000
      vertex  3.950000e+001 -1.000000e+001  0.000000e+000
    endloop
  endfacet
  facet normal  0.000000e+000  0.000000e+000  1.000000e+000
    outer loop
      vertex  4.182224e+001 -1.361561e+001  0.000000e+000
      vertex  4.219620e+001 -1.261299e+001  0.000000e+000
      vertex  2.521706e+001 -1.276899e+001  0.000000e+000
    endloop
  endfacet
  facet normal  0.000000e+000  0.000000e+000  1.000000e+000
    outer loop
      vertex  4.182224e+001 -1.361561e+001  0.000000e+000
      vertex  2.521706e+001 -1.276899e+001  0.000000e+000
      vertex  2.562500e+001 -1.291747e+001  0.000000e+000
    endloop
  endfacet
  facet normal  0.000000e+000  0.000000e+000  1.000000e+000
    outer loop
      vertex  4.182224e+001 -1.361561e+001  0.000000e+000
      vertex  2.562500e+001 -1.291747e+001  0.000000e+000
      vertex  2.595756e+001 -1.319652e+001  0.000000e+000
    endloop
  endfacet
  facet normal  0.000000e+000  0.000000e+000  1.000000e+000
    outer loop
      vertex  4.182224e+001 -1.361561e+001  0.000000e+000
      vertex  2.595756e+001 -1.319652e+001  0.000000e+000
      vertex  2.617462e+001 -1.357247e+001  0.000000e+000
    endloop
  endfacet
  facet normal  0.000000e+000  0.000000e+000  1.000000e+000
    outer loop
      vertex  4.182224e+001 -1.361561e+001  0.000000e+000
      vertex  2.617462e+001 -1.357247e+001  0.000000e+000
      vertex  2.625000e+001 -1.400000e+001  0.000000e+000
    endloop
  endfacet
  facet normal  -0.000000e+000  0.000000e+000  1.000000e+000
    outer loop
      vertex  4.182224e+001 -1.361561e+001  0.000000e+000
      vertex  2.625000e+001 -1.400000e+001  0.000000e+000
      vertex  4.130940e+001 -1.455481e+001  0.000000e+000
    endloop
  endfacet
  facet normal  -0.000000e+000  0.000000e+000  1.000000e+000
    outer loop
      vertex -4.219620e+001  1.261299e+001  0.000000e+000
      vertex -4.242366e+001  1.156736e+001  0.000000e+000
      vertex -4.250000e+001  1.050000e+001  0.000000e+000
    endloop
  endfacet
  facet normal  0.000000e+000  0.000000e+000  9.999999e-001
    outer loop
      vertex -4.219620e+001  1.261299e+001  0.000000e+000
      vertex -4.250000e+001  1.050000e+001  0.000000e+000
      vertex -3.950000e+001  1.200000e+001  0.000000e+000
    endloop
  endfacet
  facet normal  0.000000e+000  -0.000000e+000  1.000000e+000
    outer loop
      vertex -4.219620e+001  1.261299e+001  0.000000e+000
      vertex -3.950000e+001  1.200000e+001  0.000000e+000
      vertex -2.750000e+001  1.200000e+001  0.000000e+000
    endloop
  endfacet
  facet normal  0.000000e+000  -0.000000e+000  1.000000e+000
    outer loop
      vertex -4.219620e+001  1.261299e+001  0.000000e+000
      vertex -2.750000e+001  1.200000e+001  0.000000e+000
      vertex -2.521706e+001  1.276899e+001  0.000000e+000
    endloop
  endfacet
  facet normal  0.000000e+000  0.000000e+000  1.000000e+000
    outer loop
      vertex -4.219620e+001  1.261299e+001  0.000000e+000
      vertex -2.521706e+001  1.276899e+001  0.000000e+000
      vertex -2.562500e+001  1.291747e+001  0.000000e+000
    endloop
  endfacet
  facet normal  0.000000e+000  0.000000e+000  1.000000e+000
    outer loop
      vertex -4.219620e+001  1.261299e+001  0.000000e+000
      vertex -2.562500e+001  1.291747e+001  0.000000e+000
      vertex -2.595756e+001  1.319652e+001  0.000000e+000
    endloop
  endfacet
  facet normal  0.000000e+000  0.000000e+000  1.000000e+000
    outer loop
      vertex -4.219620e+001  1.261299e+001  0.000000e+000
      vertex -2.595756e+001  1.319652e+001  0.000000e+000
      vertex -2.617462e+001  1.357247e+001  0.000000e+000
    endloop
  endfacet
  facet normal  0.000000e+000  0.000000e+000  1.000000e+000
    outer loop
      vertex -4.219620e+001  1.261299e+001  0.000000e+000
      vertex -2.617462e+001  1.357247e+001  0.000000e+000
      vertex -4.182224e+001  1.361561e+001  0.000000e+000
    endloop
  endfacet
  facet normal  0.000000e+000  -0.000000e+000  1.000000e+000
    outer loop
      vertex -4.182224e+001 -1.361561e+001  0.000000e+000
      vertex -4.130940e+001 -1.455481e+001  0.000000e+000
      vertex -2.625000e+001 -1.400000e+001  0.000000e+000
    endloop
  endfacet
  facet normal  0.000000e+000  -0.000000e+000  1.000000e+000
    outer loop
      vertex -4.182224e+001 -1.361561e+001  0.000000e+000
      vertex -2.625000e+001 -1.400000e+001  0.000000e+000
      vertex -2.617462e+001 -1.357247e+001  0.000000e+000
    endloop
  endfacet
  facet normal  0.000000e+000  -0.000000e+000  1.000000e+000
    outer loop
      vertex -4.182224e+001 -1.361561e+001  0.000000e+000
      vertex -2.617462e+001 -1.357247e+001  0.000000e+000
      vertex -2.595756e+001 -1.319652e+001  0.000000e+000
    endloop
  endfacet
  facet normal  0.000000e+000  -0.000000e+000  1.000000e+000
    outer loop
      vertex -4.182224e+001 -1.361561e+001  0.000000e+000
      vertex -2.595756e+001 -1.319652e+001  0.000000e+000
      vertex -2.562500e+001 -1.291747e+001  0.000000e+000
    endloop
  endfacet
  facet normal  0.000000e+000  -0.000000e+000  1.000000e+000
    outer loop
      vertex -4.182224e+001 -1.361561e+001  0.000000e+000
      vertex -2.562500e+001 -1.291747e+001  0.000000e+000
      vertex -2.521706e+001 -1.276899e+001  0.000000e+000
    endloop
  endfacet
  facet normal  0.000000e+000  0.000000e+000  1.000000e+000
    outer loop
      vertex -4.182224e+001 -1.361561e+001  0.000000e+000
      vertex -2.521706e+001 -1.276899e+001  0.000000e+000
      vertex -4.219620e+001 -1.261299e+001  0.000000e+000
    endloop
  endfacet
  facet normal  0.000000e+000  0.000000e+000  9.999999e-001
    outer loop
      vertex -2.000000e+001 -1.050000e+001  0.000000e+000
      vertex -2.000000e+001  1.050000e+001  0.000000e+000
      vertex -2.450000e+001  5.500000e+000  0.000000e+000
    endloop
  endfacet
  facet normal  0.000000e+000  0.000000e+000  1.000000e+000
    outer loop
      vertex -2.000000e+001 -1.050000e+001  0.000000e+000
      vertex -2.450000e+001  5.500000e+000  0.000000e+000
      vertex -2.450000e+001  2.664535e-015  0.000000e+000
    endloop
  endfacet
  facet normal  0.000000e+000  0.000000e+000  1.000000e+000
    outer loop
      vertex -2.000000e+001 -1.050000e+001  0.000000e+000
      vertex -2.450000e+001  2.664535e-015  0.000000e+000
      vertex -2.450000e+001 -5.500000e+000  0.000000e+000
    endloop
  endfacet
  facet normal  0.000000e+000  0.000000e+000  1.000000e+000
    outer loop
      vertex -1.932588e+001  1.272228e+001  0.000000e+000
      vertex -1.882843e+001  1.332843e+001  0.000000e+000
      vertex -2.404244e+001  1.319652e+001  0.000000e+000
    endloop
  endfacet
  facet normal  0.000000e+000  0.000000e+000  1.000000e+000
    outer loop
      vertex -1.932588e+001  1.272228e+001  0.000000e+000
      vertex -2.404244e+001  1.319652e+001  0.000000e+000
      vertex -2.437500e+001  1.291747e+001  0.000000e+000
    endloop
  endfacet
  facet normal  0.000000e+000  0.000000e+000  1.000000e+000
    outer loop
      vertex -1.932588e+001  1.272228e+001  0.000000e+000
      vertex -2.437500e+001  1.291747e+001  0.000000e+000
      vertex -2.478294e+001  1.276899e+001  0.000000e+000
    endloop
  endfacet
  facet normal  0.000000e+000  0.000000e+000  1.000000e+000
    outer loop
      vertex  1.932588e+001  1.272228e+001  0.000000e+000
      vertex  2.478294e+001  1.276899e+001  0.000000e+000
      vertex  2.437500e+001  1.291747e+001  0.000000e+000
    endloop
  endfacet
  facet normal  0.000000e+000  0.000000e+000  1.000000e+000
    outer loop
      vertex  1.932588e+001  1.272228e+001  0.000000e+000
      vertex  2.437500e+001  1.291747e+001  0.000000e+000
      vertex  2.404244e+001  1.319652e+001  0.000000e+000
    endloop
  endfacet
  facet normal  0.000000e+000  0.000000e+000  1.000000e+000
    outer loop
      vertex  1.932588e+001  1.272228e+001  0.000000e+000
      vertex  2.404244e+001  1.319652e+001  0.000000e+000
      vertex  1.882843e+001  1.332843e+001  0.000000e+000
    endloop
  endfacet
  facet normal  0.000000e+000  0.000000e+000  1.000000e+000
    outer loop
      vertex  4.219620e+001  1.261299e+001  0.000000e+000
      vertex  4.182224e+001  1.361561e+001  0.000000e+000
      vertex  2.617462e+001  1.357247e+001  0.000000e+000
    endloop
  endfacet
  facet normal  0.000000e+000  0.000000e+000  1.000000e+000
    outer loop
      vertex  4.219620e+001  1.261299e+001  0.000000e+000
      vertex  2.617462e+001  1.357247e+001  0.000000e+000
      vertex  2.595756e+001  1.319652e+001  0.000000e+000
    endloop
  endfacet
  facet normal  0.000000e+000  0.000000e+000  1.000000e+000
    outer loop
      vertex  4.219620e+001  1.261299e+001  0.000000e+000
      vertex  2.595756e+001  1.319652e+001  0.000000e+000
      vertex  2.562500e+001  1.291747e+001  0.000000e+000
    endloop
  endfacet
  facet normal  0.000000e+000  0.000000e+000  1.000000e+000
    outer loop
      vertex  4.219620e+001  1.261299e+001  0.000000e+000
      vertex  2.562500e+001  1.291747e+001  0.000000e+000
      vertex  2.521706e+001  1.276899e+001  0.000000e+000
    endloop
  endfacet
  facet normal  0.000000e+000  0.000000e+000  1.000000e+000
    outer loop
      vertex  4.219620e+001  1.261299e+001  0.000000e+000
      vertex  2.521706e+001  1.276899e+001  0.000000e+000
      vertex  2.750000e+001  1.200000e+001  0.000000e+000
    endloop
  endfacet
  facet normal  0.000000e+000  0.000000e+000  1.000000e+000
    outer loop
      vertex  4.219620e+001  1.261299e+001  0.000000e+000
      vertex  2.750000e+001  1.200000e+001  0.000000e+000
      vertex  3.950000e+001  1.200000e+001  0.000000e+000
    endloop
  endfacet
  facet normal  -0.000000e+000  0.000000e+000  9.999999e-001
    outer loop
      vertex  4.219620e+001  1.261299e+001  0.000000e+000
      vertex  3.950000e+001  1.200000e+001  0.000000e+000
      vertex  4.250000e+001  1.050000e+001  0.000000e+000
    endloop
  endfacet
  facet normal  0.000000e+000  0.000000e+000  1.000000e+000
    outer loop
      vertex  4.219620e+001  1.261299e+001  0.000000e+000
      vertex  4.250000e+001  1.050000e+001  0.000000e+000
      vertex  4.242366e+001  1.156736e+001  0.000000e+000
    endloop
  endfacet
  facet normal  0.000000e+000  -0.000000e+000  1.000000e+000
    outer loop
      vertex  2.450000e+001 -5.500000e+000  0.000000e+000
      vertex  2.750000e+001 -8.000000e+000  0.000000e+000
      vertex  3.450000e+001 -5.500000e+000  0.000000e+000
    endloop
  endfacet
  facet normal  0.000000e+000  0.000000e+000  1.000000e+000
    outer loop
      vertex  3.450000e+001 -5.500000e+000  0.000000e+000
      vertex  2.750000e+001 -8.000000e+000  0.000000e+000
      vertex  3.450000e+001 -8.000000e+000  0.000000e+000
    endloop
  endfacet
  facet normal  0.000000e+000  0.000000e+000  1.000000e+000
    outer loop
      vertex -3.450000e+001 -8.000000e+000  0.000000e+000
      vertex -2.750000e+001 -8.000000e+000  0.000000e+000
      vertex -3.450000e+001 -5.500000e+000  0.000000e+000
    endloop
  endfacet
  facet normal  -0.000000e+000  0.000000e+000  1.000000e+000
    outer loop
      vertex -3.450000e+001 -5.500000e+000  0.000000e+000
      vertex -2.750000e+001 -8.000000e+000  0.000000e+000
      vertex -2.450000e+001 -5.500000e+000  0.000000e+000
    endloop
  endfacet
  facet normal  0.000000e+000  0.000000e+000  9.999999e-001
    outer loop
      vertex  2.595756e+001 -1.480348e+001  0.000000e+000
      vertex  4.066812e+001 -1.541146e+001  0.000000e+000
      vertex  2.617462e+001 -1.442753e+001  0.000000e+000
    endloop
  endfacet
  facet normal  0.000000e+000  0.000000e+000  1.000000e+000
    outer loop
      vertex  2.617462e+001 -1.442753e+001  0.000000e+000
      vertex  4.066812e+001 -1.541146e+001  0.000000e+000
      vertex  4.130940e+001 -1.455481e+001  0.000000e+000
    endloop
  endfacet
  facet normal  0.000000e+000  0.000000e+000  1.000000e+000
    outer loop
      vertex  2.617462e+001 -1.442753e+001  0.000000e+000
      vertex  4.130940e+001 -1.455481e+001  0.000000e+000
      vertex  2.625000e+001 -1.400000e+001  0.000000e+000
    endloop
  endfacet
  facet normal  0.000000e+000  0.000000e+000  1.000000e+000
    outer loop
      vertex -4.250000e+001  1.050000e+001  0.000000e+000
      vertex -4.250000e+001  1.000000e+001  0.000000e+000
      vertex -3.950000e+001  1.200000e+001  0.000000e+000
    endloop
  endfacet
  facet normal  0.000000e+000  0.000000e+000  1.000000e+000
    outer loop
      vertex -3.950000e+001  1.200000e+001  0.000000e+000
      vertex -4.250000e+001  1.000000e+001  0.000000e+000
      vertex -3.950000e+001  1.000000e+001  0.000000e+000
    endloop
  endfacet
  facet normal  0.000000e+000  0.000000e+000  1.000000e+000
    outer loop
      vertex -2.521706e+001  1.523101e+001  0.000000e+000
      vertex -4.066812e+001  1.541146e+001  0.000000e+000
      vertex -2.562500e+001  1.508253e+001  0.000000e+000
    endloop
  endfacet
  facet normal  0.000000e+000  0.000000e+000  1.000000e+000
    outer loop
      vertex -2.562500e+001  1.508253e+001  0.000000e+000
      vertex -4.066812e+001  1.541146e+001  0.000000e+000
      vertex -4.130940e+001  1.455481e+001  0.000000e+000
    endloop
  endfacet
  facet normal  0.000000e+000  0.000000e+000  1.000000e+000
    outer loop
      vertex -2.562500e+001  1.508253e+001  0.000000e+000
      vertex -4.130940e+001  1.455481e+001  0.000000e+000
      vertex -2.595756e+001  1.480348e+001  0.000000e+000
    endloop
  endfacet
  facet normal  0.000000e+000  0.000000e+000  1.000000e+000
    outer loop
      vertex -4.182224e+001  1.361561e+001  0.000000e+000
      vertex -2.625000e+001  1.400000e+001  0.000000e+000
      vertex -4.130940e+001  1.455481e+001  0.000000e+000
    endloop
  endfacet
  facet normal  0.000000e+000  0.000000e+000  1.000000e+000
    outer loop
      vertex -4.130940e+001  1.455481e+001  0.000000e+000
      vertex -2.625000e+001  1.400000e+001  0.000000e+000
      vertex -2.617462e+001  1.442753e+001  0.000000e+000
    endloop
  endfacet
  facet normal  0.000000e+000  -0.000000e+000  1.000000e+000
    outer loop
      vertex -4.130940e+001  1.455481e+001  0.000000e+000
      vertex -2.617462e+001  1.442753e+001  0.000000e+000
      vertex -2.595756e+001  1.480348e+001  0.000000e+000
    endloop
  endfacet
  facet normal  0.000000e+000  0.000000e+000  9.999999e-001
    outer loop
      vertex -4.066812e+001 -1.541146e+001  0.000000e+000
      vertex -2.595756e+001 -1.480348e+001  0.000000e+000
      vertex -4.130940e+001 -1.455481e+001  0.000000e+000
    endloop
  endfacet
  facet normal  -0.000000e+000  0.000000e+000  1.000000e+000
    outer loop
      vertex -4.130940e+001 -1.455481e+001  0.000000e+000
      vertex -2.595756e+001 -1.480348e+001  0.000000e+000
      vertex -2.617462e+001 -1.442753e+001  0.000000e+000
    endloop
  endfacet
  facet normal  0.000000e+000  0.000000e+000  1.000000e+000
    outer loop
      vertex -4.130940e+001 -1.455481e+001  0.000000e+000
      vertex -2.617462e+001 -1.442753e+001  0.000000e+000
      vertex -2.625000e+001 -1.400000e+001  0.000000e+000
    endloop
  endfacet
  facet normal  0.000000e+000  0.000000e+000  1.000000e+000
    outer loop
      vertex -1.600000e+001  1.450000e+001  0.000000e+000
      vertex -2.404244e+001  1.480348e+001  0.000000e+000
      vertex -1.678036e+001  1.442314e+001  0.000000e+000
    endloop
  endfacet
  facet normal  0.000000e+000  0.000000e+000  1.000000e+000
    outer loop
      vertex -1.678036e+001  1.442314e+001  0.000000e+000
      vertex -2.404244e+001  1.480348e+001  0.000000e+000
      vertex -2.382538e+001  1.442753e+001  0.000000e+000
    endloop
  endfacet
  facet normal  0.000000e+000  0.000000e+000  1.000000e+000
    outer loop
      vertex -1.678036e+001  1.442314e+001  0.000000e+000
      vertex -2.382538e+001  1.442753e+001  0.000000e+000
      vertex -1.753073e+001  1.419552e+001  0.000000e+000
    endloop
  endfacet
  facet normal  0.000000e+000  0.000000e+000  1.000000e+000
    outer loop
      vertex -1.753073e+001  1.419552e+001  0.000000e+000
      vertex -2.382538e+001  1.442753e+001  0.000000e+000
      vertex -2.375000e+001  1.400000e+001  0.000000e+000
    endloop
  endfacet
  facet normal  -0.000000e+000  0.000000e+000  1.000000e+000
    outer loop
      vertex -1.753073e+001  1.419552e+001  0.000000e+000
      vertex -2.375000e+001  1.400000e+001  0.000000e+000
      vertex -1.822228e+001  1.382588e+001  0.000000e+000
    endloop
  endfacet
  facet normal  0.000000e+000  0.000000e+000  1.000000e+000
    outer loop
      vertex -1.822228e+001  1.382588e+001  0.000000e+000
      vertex -2.375000e+001  1.400000e+001  0.000000e+000
      vertex -1.882843e+001  1.332843e+001  0.000000e+000
    endloop
  endfacet
  facet normal  0.000000e+000  0.000000e+000  1.000000e+000
    outer loop
      vertex -1.882843e+001  1.332843e+001  0.000000e+000
      vertex -2.375000e+001  1.400000e+001  0.000000e+000
      vertex -2.382538e+001  1.357247e+001  0.000000e+000
    endloop
  endfacet
  facet normal  0.000000e+000  0.000000e+000  1.000000e+000
    outer loop
      vertex -1.882843e+001  1.332843e+001  0.000000e+000
      vertex -2.382538e+001  1.357247e+001  0.000000e+000
      vertex -2.404244e+001  1.319652e+001  0.000000e+000
    endloop
  endfacet
  facet normal  0.000000e+000  0.000000e+000  1.000000e+000
    outer loop
      vertex -2.382538e+001 -1.357247e+001  0.000000e+000
      vertex -1.822228e+001 -1.382588e+001  0.000000e+000
      vertex -2.404244e+001 -1.319652e+001  0.000000e+000
    endloop
  endfacet
  facet normal  0.000000e+000  0.000000e+000  1.000000e+000
    outer loop
      vertex -2.404244e+001 -1.319652e+001  0.000000e+000
      vertex -1.822228e+001 -1.382588e+001  0.000000e+000
      vertex -1.882843e+001 -1.332843e+001  0.000000e+000
    endloop
  endfacet
  facet normal  0.000000e+000  0.000000e+000  9.999999e-001
    outer loop
      vertex -2.404244e+001 -1.319652e+001  0.000000e+000
      vertex -1.882843e+001 -1.332843e+001  0.000000e+000
      vertex -2.437500e+001 -1.291747e+001  0.000000e+000
    endloop
  endfacet
  facet normal  0.000000e+000  0.000000e+000  1.000000e+000
    outer loop
      vertex -2.382538e+001 -1.442753e+001  0.000000e+000
      vertex -1.753073e+001 -1.419552e+001  0.000000e+000
      vertex -2.375000e+001 -1.400000e+001  0.000000e+000
    endloop
  endfacet
  facet normal  -0.000000e+000  0.000000e+000  1.000000e+000
    outer loop
      vertex -2.375000e+001 -1.400000e+001  0.000000e+000
      vertex -1.753073e+001 -1.419552e+001  0.000000e+000
      vertex -1.822228e+001 -1.382588e+001  0.000000e+000
    endloop
  endfacet
  facet normal  0.000000e+000  0.000000e+000  1.000000e+000
    outer loop
      vertex -2.375000e+001 -1.400000e+001  0.000000e+000
      vertex -1.822228e+001 -1.382588e+001  0.000000e+000
      vertex -2.382538e+001 -1.357247e+001  0.000000e+000
    endloop
  endfacet
  facet normal  -0.000000e+000  0.000000e+000  1.000000e+000
    outer loop
      vertex -1.678036e+001 -1.442314e+001  0.000000e+000
      vertex -2.382538e+001 -1.442753e+001  0.000000e+000
      vertex -1.600000e+001 -1.450000e+001  0.000000e+000
    endloop
  endfacet
  facet normal  0.000000e+000  0.000000e+000  1.000000e+000
    outer loop
      vertex -1.600000e+001 -1.450000e+001  0.000000e+000
      vertex -2.382538e+001 -1.442753e+001  0.000000e+000
      vertex -2.404244e+001 -1.480348e+001  0.000000e+000
    endloop
  endfacet
  facet normal  -0.000000e+000  0.000000e+000  1.000000e+000
    outer loop
      vertex -1.600000e+001 -1.450000e+001  0.000000e+000
      vertex -2.404244e+001 -1.480348e+001  0.000000e+000
      vertex -2.437500e+001 -1.508253e+001  0.000000e+000
    endloop
  endfacet
  facet normal  -0.000000e+000  0.000000e+000  1.000000e+000
    outer loop
      vertex  1.600000e+001  1.450000e+001  0.000000e+000
      vertex -1.600000e+001  1.450000e+001  0.000000e+000
      vertex  1.521964e+001  1.442314e+001  0.000000e+000
    endloop
  endfacet
  facet normal  0.000000e+000  0.000000e+000  1.000000e+000
    outer loop
      vertex  1.521964e+001  1.442314e+001  0.000000e+000
      vertex -1.600000e+001  1.450000e+001  0.000000e+000
      vertex -1.521964e+001  1.442314e+001  0.000000e+000
    endloop
  endfacet
  facet normal  -0.000000e+000  0.000000e+000  9.999999e-001
    outer loop
      vertex  1.521964e+001  1.442314e+001  0.000000e+000
      vertex -1.521964e+001  1.442314e+001  0.000000e+000
      vertex  1.446927e+001  1.419552e+001  0.000000e+000
    endloop
  endfacet
  facet normal  0.000000e+000  0.000000e+000  1.000000e+000
    outer loop
      vertex  1.446927e+001  1.419552e+001  0.000000e+000
      vertex -1.521964e+001  1.442314e+001  0.000000e+000
      vertex -1.446927e+001  1.419552e+001  0.000000e+000
    endloop
  endfacet
  facet normal  -0.000000e+000  0.000000e+000  1.000000e+000
    outer loop
      vertex  1.446927e+001  1.419552e+001  0.000000e+000
      vertex -1.446927e+001  1.419552e+001  0.000000e+000
      vertex  1.377772e+001  1.382588e+001  0.000000e+000
    endloop
  endfacet
  facet normal  0.000000e+000  0.000000e+000  1.000000e+000
    outer loop
      vertex  1.377772e+001  1.382588e+001  0.000000e+000
      vertex -1.446927e+001  1.419552e+001  0.000000e+000
      vertex -1.377772e+001  1.382588e+001  0.000000e+000
    endloop
  endfacet
  facet normal  -0.000000e+000  0.000000e+000  9.999999e-001
    outer loop
      vertex  1.377772e+001  1.382588e+001  0.000000e+000
      vertex -1.377772e+001  1.382588e+001  0.000000e+000
      vertex  1.317157e+001  1.332843e+001  0.000000e+000
    endloop
  endfacet
  facet normal  0.000000e+000  0.000000e+000  1.000000e+000
    outer loop
      vertex  1.317157e+001  1.332843e+001  0.000000e+000
      vertex -1.377772e+001  1.382588e+001  0.000000e+000
      vertex -1.317157e+001  1.332843e+001  0.000000e+000
    endloop
  endfacet
  facet normal  -0.000000e+000  0.000000e+000  1.000000e+000
    outer loop
      vertex  1.317157e+001  1.332843e+001  0.000000e+000
      vertex -1.317157e+001  1.332843e+001  0.000000e+000
      vertex  1.267412e+001  1.272228e+001  0.000000e+000
    endloop
  endfacet
  facet normal  0.000000e+000  0.000000e+000  1.000000e+000
    outer loop
      vertex  1.267412e+001  1.272228e+001  0.000000e+000
      vertex -1.317157e+001  1.332843e+001  0.000000e+000
      vertex -1.267412e+001  1.272228e+001  0.000000e+000
    endloop
  endfacet
  facet normal  -0.000000e+000  0.000000e+000  1.000000e+000
    outer loop
      vertex  1.267412e+001  1.272228e+001  0.000000e+000
      vertex -1.267412e+001  1.272228e+001  0.000000e+000
      vertex  1.230448e+001  1.203073e+001  0.000000e+000
    endloop
  endfacet
  facet normal  0.000000e+000  0.000000e+000  1.000000e+000
    outer loop
      vertex  1.230448e+001  1.203073e+001  0.000000e+000
      vertex -1.267412e+001  1.272228e+001  0.000000e+000
      vertex -1.230448e+001  1.203073e+001  0.000000e+000
    endloop
  endfacet
  facet normal  -0.000000e+000  0.000000e+000  1.000000e+000
    outer loop
      vertex  1.230448e+001  1.203073e+001  0.000000e+000
      vertex -1.230448e+001  1.203073e+001  0.000000e+000
      vertex  1.207686e+001  1.128036e+001  0.000000e+000
    endloop
  endfacet
  facet normal  0.000000e+000  0.000000e+000  1.000000e+000
    outer loop
      vertex  1.207686e+001  1.128036e+001  0.000000e+000
      vertex -1.230448e+001  1.203073e+001  0.000000e+000
      vertex -1.207686e+001  1.128036e+001  0.000000e+000
    endloop
  endfacet
  facet normal  -0.000000e+000  0.000000e+000  1.000000e+000
    outer loop
      vertex  1.207686e+001  1.128036e+001  0.000000e+000
      vertex -1.207686e+001  1.128036e+001  0.000000e+000
      vertex  1.200000e+001  1.050000e+001  0.000000e+000
    endloop
  endfacet
  facet normal  0.000000e+000  0.000000e+000  1.000000e+000
    outer loop
      vertex  1.200000e+001  1.050000e+001  0.000000e+000
      vertex -1.207686e+001  1.128036e+001  0.000000e+000
      vertex -1.200000e+001  1.050000e+001  0.000000e+000
    endloop
  endfacet
  facet normal  -0.000000e+000  0.000000e+000  1.000000e+000
    outer loop
      vertex  1.200000e+001  1.050000e+001  0.000000e+000
      vertex -1.200000e+001  1.050000e+001  0.000000e+000
      vertex  1.200000e+001 -1.050000e+001  0.000000e+000
    endloop
  endfacet
  facet normal  0.000000e+000  0.000000e+000  1.000000e+000
    outer loop
      vertex  1.200000e+001 -1.050000e+001  0.000000e+000
      vertex -1.200000e+001  1.050000e+001  0.000000e+000
      vertex -1.200000e+001 -1.050000e+001  0.000000e+000
    endloop
  endfacet
  facet normal  -0.000000e+000  0.000000e+000  1.000000e+000
    outer loop
      vertex  1.200000e+001 -1.050000e+001  0.000000e+000
      vertex -1.200000e+001 -1.050000e+001  0.000000e+000
      vertex  1.207686e+001 -1.128036e+001  0.000000e+000
    endloop
  endfacet
  facet normal  0.000000e+000  0.000000e+000  1.000000e+000
    outer loop
      vertex  1.207686e+001 -1.128036e+001  0.000000e+000
      vertex -1.200000e+001 -1.050000e+001  0.000000e+000
      vertex -1.207686e+001 -1.128036e+001  0.000000e+000
    endloop
  endfacet
  facet normal  -0.000000e+000  0.000000e+000  1.000000e+000
    outer loop
      vertex  1.207686e+001 -1.128036e+001  0.000000e+000
      vertex -1.207686e+001 -1.128036e+001  0.000000e+000
      vertex  1.230448e+001 -1.203073e+001  0.000000e+000
    endloop
  endfacet
  facet normal  0.000000e+000  0.000000e+000  1.000000e+000
    outer loop
      vertex  1.230448e+001 -1.203073e+001  0.000000e+000
      vertex -1.207686e+001 -1.128036e+001  0.000000e+000
      vertex -1.230448e+001 -1.203073e+001  0.000000e+000
    endloop
  endfacet
  facet normal  -0.000000e+000  0.000000e+000  1.000000e+000
    outer loop
      vertex  1.230448e+001 -1.203073e+001  0.000000e+000
      vertex -1.230448e+001 -1.203073e+001  0.000000e+000
      vertex  1.267412e+001 -1.272228e+001  0.000000e+000
    endloop
  endfacet
  facet normal  0.000000e+000  0.000000e+000  1.000000e+000
    outer loop
      vertex  1.267412e+001 -1.272228e+001  0.000000e+000
      vertex -1.230448e+001 -1.203073e+001  0.000000e+000
      vertex -1.267412e+001 -1.272228e+001  0.000000e+000
    endloop
  endfacet
  facet normal  -0.000000e+000  0.000000e+000  1.000000e+000
    outer loop
      vertex  1.267412e+001 -1.272228e+001  0.000000e+000
      vertex -1.267412e+001 -1.272228e+001  0.000000e+000
      vertex  1.317157e+001 -1.332843e+001  0.000000e+000
    endloop
  endfacet
  facet normal  0.000000e+000  0.000000e+000  1.000000e+000
    outer loop
      vertex  1.317157e+001 -1.332843e+001  0.000000e+000
      vertex -1.267412e+001 -1.272228e+001  0.000000e+000
      vertex -1.317157e+001 -1.332843e+001  0.000000e+000
    endloop
  endfacet
  facet normal  -0.000000e+000  0.000000e+000  1.000000e+000
    outer loop
      vertex  1.317157e+001 -1.332843e+001  0.000000e+000
      vertex -1.317157e+001 -1.332843e+001  0.000000e+000
      vertex  1.377772e+001 -1.382588e+001  0.000000e+000
    endloop
  endfacet
  facet normal  0.000000e+000  0.000000e+000  9.999999e-001
    outer loop
      vertex  1.377772e+001 -1.382588e+001  0.000000e+000
      vertex -1.317157e+001 -1.332843e+001  0.000000e+000
      vertex -1.377772e+001 -1.382588e+001  0.000000e+000
    endloop
  endfacet
  facet normal  -0.000000e+000  0.000000e+000  1.000000e+000
    outer loop
      vertex  1.377772e+001 -1.382588e+001  0.000000e+000
      vertex -1.377772e+001 -1.382588e+001  0.000000e+000
      vertex  1.446927e+001 -1.419552e+001  0.000000e+000
    endloop
  endfacet
  facet normal  0.000000e+000  0.000000e+000  1.000000e+000
    outer loop
      vertex  1.446927e+001 -1.419552e+001  0.000000e+000
      vertex -1.377772e+001 -1.382588e+001  0.000000e+000
      vertex -1.446927e+001 -1.419552e+001  0.000000e+000
    endloop
  endfacet
  facet normal  -0.000000e+000  0.000000e+000  1.000000e+000
    outer loop
      vertex  1.446927e+001 -1.419552e+001  0.000000e+000
      vertex -1.446927e+001 -1.419552e+001  0.000000e+000
      vertex  1.521964e+001 -1.442314e+001  0.000000e+000
    endloop
  endfacet
  facet normal  0.000000e+000  0.000000e+000  9.999999e-001
    outer loop
      vertex  1.521964e+001 -1.442314e+001  0.000000e+000
      vertex -1.446927e+001 -1.419552e+001  0.000000e+000
      vertex -1.521964e+001 -1.442314e+001  0.000000e+000
    endloop
  endfacet
  facet normal  -0.000000e+000  0.000000e+000  1.000000e+000
    outer loop
      vertex  1.521964e+001 -1.442314e+001  0.000000e+000
      vertex -1.521964e+001 -1.442314e+001  0.000000e+000
      vertex  1.600000e+001 -1.450000e+001  0.000000e+000
    endloop
  endfacet
  facet normal  0.000000e+000  0.000000e+000  1.000000e+000
    outer loop
      vertex  1.600000e+001 -1.450000e+001  0.000000e+000
      vertex -1.521964e+001 -1.442314e+001  0.000000e+000
      vertex -1.600000e+001 -1.450000e+001  0.000000e+000
    endloop
  endfacet
  facet normal  -0.000000e+000  0.000000e+000  1.000000e+000
    outer loop
      vertex  2.404244e+001  1.480348e+001  0.000000e+000
      vertex  1.600000e+001  1.450000e+001  0.000000e+000
      vertex  2.382538e+001  1.442753e+001  0.000000e+000
    endloop
  endfacet
  facet normal  0.000000e+000  0.000000e+000  1.000000e+000
    outer loop
      vertex  2.382538e+001  1.442753e+001  0.000000e+000
      vertex  1.600000e+001  1.450000e+001  0.000000e+000
      vertex  1.678036e+001  1.442314e+001  0.000000e+000
    endloop
  endfacet
  facet normal  -0.000000e+000  0.000000e+000  1.000000e+000
    outer loop
      vertex  2.382538e+001  1.442753e+001  0.000000e+000
      vertex  1.678036e+001  1.442314e+001  0.000000e+000
      vertex  2.375000e+001  1.400000e+001  0.000000e+000
    endloop
  endfacet
  facet normal  0.000000e+000  0.000000e+000  1.000000e+000
    outer loop
      vertex  2.375000e+001  1.400000e+001  0.000000e+000
      vertex  1.678036e+001  1.442314e+001  0.000000e+000
      vertex  1.753073e+001  1.419552e+001  0.000000e+000
    endloop
  endfacet
  facet normal  0.000000e+000  0.000000e+000  1.000000e+000
    outer loop
      vertex  2.375000e+001  1.400000e+001  0.000000e+000
      vertex  1.753073e+001  1.419552e+001  0.000000e+000
      vertex  1.822228e+001  1.382588e+001  0.000000e+000
    endloop
  endfacet
  facet normal  -0.000000e+000  0.000000e+000  1.000000e+000
    outer loop
      vertex  2.375000e+001  1.400000e+001  0.000000e+000
      vertex  1.822228e+001  1.382588e+001  0.000000e+000
      vertex  2.382538e+001  1.357247e+001  0.000000e+000
    endloop
  endfacet
  facet normal  0.000000e+000  0.000000e+000  1.000000e+000
    outer loop
      vertex  2.382538e+001  1.357247e+001  0.000000e+000
      vertex  1.822228e+001  1.382588e+001  0.000000e+000
      vertex  1.882843e+001  1.332843e+001  0.000000e+000
    endloop
  endfacet
  facet normal  -0.000000e+000  0.000000e+000  1.000000e+000
    outer loop
      vertex  2.382538e+001  1.357247e+001  0.000000e+000
      vertex  1.882843e+001  1.332843e+001  0.000000e+000
      vertex  2.404244e+001  1.319652e+001  0.000000e+000
    endloop
  endfacet
  facet normal  0.000000e+000  0.000000e+000  1.000000e+000
    outer loop
      vertex  2.478294e+001 -1.276899e+001  0.000000e+000
      vertex  1.932588e+001 -1.272228e+001  0.000000e+000
      vertex  2.437500e+001 -1.291747e+001  0.000000e+000
    endloop
  endfacet
  facet normal  0.000000e+000  0.000000e+000  1.000000e+000
    outer loop
      vertex  2.437500e+001 -1.291747e+001  0.000000e+000
      vertex  1.932588e+001 -1.272228e+001  0.000000e+000
      vertex  1.882843e+001 -1.332843e+001  0.000000e+000
    endloop
  endfacet
  facet normal  0.000000e+000  0.000000e+000  9.999999e-001
    outer loop
      vertex  2.437500e+001 -1.291747e+001  0.000000e+000
      vertex  1.882843e+001 -1.332843e+001  0.000000e+000
      vertex  2.404244e+001 -1.319652e+001  0.000000e+000
    endloop
  endfacet
  facet normal  -0.000000e+000  0.000000e+000  1.000000e+000
    outer loop
      vertex  2.404244e+001 -1.319652e+001  0.000000e+000
      vertex  1.882843e+001 -1.332843e+001  0.000000e+000
      vertex  2.382538e+001 -1.357247e+001  0.000000e+000
    endloop
  endfacet
  facet normal  0.000000e+000  0.000000e+000  1.000000e+000
    outer loop
      vertex  2.382538e+001 -1.357247e+001  0.000000e+000
      vertex  1.882843e+001 -1.332843e+001  0.000000e+000
      vertex  1.822228e+001 -1.382588e+001  0.000000e+000
    endloop
  endfacet
  facet normal  -0.000000e+000  0.000000e+000  1.000000e+000
    outer loop
      vertex  2.382538e+001 -1.357247e+001  0.000000e+000
      vertex  1.822228e+001 -1.382588e+001  0.000000e+000
      vertex  2.375000e+001 -1.400000e+001  0.000000e+000
    endloop
  endfacet
  facet normal  0.000000e+000  0.000000e+000  1.000000e+000
    outer loop
      vertex  2.375000e+001 -1.400000e+001  0.000000e+000
      vertex  1.822228e+001 -1.382588e+001  0.000000e+000
      vertex  2.382538e+001 -1.442753e+001  0.000000e+000
    endloop
  endfacet
  facet normal  0.000000e+000  0.000000e+000  1.000000e+000
    outer loop
      vertex  2.382538e+001 -1.442753e+001  0.000000e+000
      vertex  1.822228e+001 -1.382588e+001  0.000000e+000
      vertex  1.753073e+001 -1.419552e+001  0.000000e+000
    endloop
  endfacet
  facet normal  0.000000e+000  0.000000e+000  1.000000e+000
    outer loop
      vertex  2.382538e+001 -1.442753e+001  0.000000e+000
      vertex  1.753073e+001 -1.419552e+001  0.000000e+000
      vertex  1.678036e+001 -1.442314e+001  0.000000e+000
    endloop
  endfacet
  facet normal  0.000000e+000  0.000000e+000  1.000000e+000
    outer loop
      vertex  1.600000e+001 -1.450000e+001  0.000000e+000
      vertex  2.404244e+001 -1.480348e+001  0.000000e+000
      vertex  1.678036e+001 -1.442314e+001  0.000000e+000
    endloop
  endfacet
  facet normal  0.000000e+000  0.000000e+000  1.000000e+000
    outer loop
      vertex  1.678036e+001 -1.442314e+001  0.000000e+000
      vertex  2.404244e+001 -1.480348e+001  0.000000e+000
      vertex  2.382538e+001 -1.442753e+001  0.000000e+000
    endloop
  endfacet
  facet normal  0.000000e+000  0.000000e+000  9.999999e-001
    outer loop
      vertex  2.625000e+001  1.400000e+001  0.000000e+000
      vertex  4.182224e+001  1.361561e+001  0.000000e+000
      vertex  2.617462e+001  1.442753e+001  0.000000e+000
    endloop
  endfacet
  facet normal  -0.000000e+000  0.000000e+000  1.000000e+000
    outer loop
      vertex  2.617462e+001  1.442753e+001  0.000000e+000
      vertex  4.182224e+001  1.361561e+001  0.000000e+000
      vertex  4.130940e+001  1.455481e+001  0.000000e+000
    endloop
  endfacet
  facet normal  0.000000e+000  0.000000e+000  1.000000e+000
    outer loop
      vertex  2.617462e+001  1.442753e+001  0.000000e+000
      vertex  4.130940e+001  1.455481e+001  0.000000e+000
      vertex  2.595756e+001  1.480348e+001  0.000000e+000
    endloop
  endfacet
  facet normal  0.000000e+000  0.000000e+000  1.000000e+000
    outer loop
      vertex  3.950000e+001  1.000000e+001  0.000000e+000
      vertex  4.250000e+001  1.000000e+001  0.000000e+000
      vertex  3.950000e+001  1.200000e+001  0.000000e+000
    endloop
  endfacet
  facet normal  0.000000e+000  0.000000e+000  1.000000e+000
    outer loop
      vertex  3.950000e+001  1.200000e+001  0.000000e+000
      vertex  4.250000e+001  1.000000e+001  0.000000e+000
      vertex  4.250000e+001  1.050000e+001  0.000000e+000
    endloop
  endfacet
  facet normal  -0.000000e+000  0.000000e+000  1.000000e+000
    outer loop
      vertex -2.478294e+001 -1.276899e+001 -3.000000e+000
      vertex -2.521706e+001 -1.276899e+001 -3.000000e+000
      vertex -2.437500e+001 -1.291747e+001 -3.000000e+000
    endloop
  endfacet
  facet normal  0.000000e+000  0.000000e+000  9.999999e-001
    outer loop
      vertex -2.437500e+001 -1.291747e+001 -3.000000e+000
      vertex -2.521706e+001 -1.276899e+001 -3.000000e+000
      vertex -2.562500e+001 -1.291747e+001 -3.000000e+000
    endloop
  endfacet
  facet normal  -0.000000e+000  0.000000e+000  1.000000e+000
    outer loop
      vertex -2.437500e+001 -1.291747e+001 -3.000000e+000
      vertex -2.562500e+001 -1.291747e+001 -3.000000e+000
      vertex -2.404244e+001 -1.319652e+001 -3.000000e+000
    endloop
  endfacet
  facet normal  0.000000e+000  0.000000e+000  1.000000e+000
    outer loop
      vertex -2.404244e+001 -1.319652e+001 -3.000000e+000
      vertex -2.562500e+001 -1.291747e+001 -3.000000e+000
      vertex -2.595756e+001 -1.319652e+001 -3.000000e+000
    endloop
  endfacet
  facet normal  -0.000000e+000  0.000000e+000  9.999999e-001
    outer loop
      vertex -2.404244e+001 -1.319652e+001 -3.000000e+000
      vertex -2.595756e+001 -1.319652e+001 -3.000000e+000
      vertex -2.382538e+001 -1.357247e+001 -3.000000e+000
    endloop
  endfacet
  facet normal  0.000000e+000  0.000000e+000  1.000000e+000
    outer loop
      vertex -2.382538e+001 -1.357247e+001 -3.000000e+000
      vertex -2.595756e+001 -1.319652e+001 -3.000000e+000
      vertex -2.617462e+001 -1.357247e+001 -3.000000e+000
    endloop
  endfacet
  facet normal  -0.000000e+000  0.000000e+000  1.000000e+000
    outer loop
      vertex -2.382538e+001 -1.357247e+001 -3.000000e+000
      vertex -2.617462e+001 -1.357247e+001 -3.000000e+000
      vertex -2.375000e+001 -1.400000e+001 -3.000000e+000
    endloop
  endfacet
  facet normal  0.000000e+000  0.000000e+000  1.000000e+000
    outer loop
      vertex -2.375000e+001 -1.400000e+001 -3.000000e+000
      vertex -2.617462e+001 -1.357247e+001 -3.000000e+000
      vertex -2.625000e+001 -1.400000e+001 -3.000000e+000
    endloop
  endfacet
  facet normal  -0.000000e+000  0.000000e+000  1.000000e+000
    outer loop
      vertex -2.375000e+001 -1.400000e+001 -3.000000e+000
      vertex -2.625000e+001 -1.400000e+001 -3.000000e+000
      vertex -2.382538e+001 -1.442753e+001 -3.000000e+000
    endloop
  endfacet
  facet normal  0.000000e+000  0.000000e+000  1.000000e+000
    outer loop
      vertex -2.382538e+001 -1.442753e+001 -3.000000e+000
      vertex -2.625000e+001 -1.400000e+001 -3.000000e+000
      vertex -2.617462e+001 -1.442753e+001 -3.000000e+000
    endloop
  endfacet
  facet normal  -0.000000e+000  0.000000e+000  1.000000e+000
    outer loop
      vertex -2.382538e+001 -1.442753e+001 -3.000000e+000
      vertex -2.617462e+001 -1.442753e+001 -3.000000e+000
      vertex -2.404244e+001 -1.480348e+001 -3.000000e+000
    endloop
  endfacet
  facet normal  0.000000e+000  0.000000e+000  9.999999e-001
    outer loop
      vertex -2.404244e+001 -1.480348e+001 -3.000000e+000
      vertex -2.617462e+001 -1.442753e+001 -3.000000e+000
      vertex -2.595756e+001 -1.480348e+001 -3.000000e+000
    endloop
  endfacet
  facet normal  -0.000000e+000  0.000000e+000  1.000000e+000
    outer loop
      vertex -2.404244e+001 -1.480348e+001 -3.000000e+000
      vertex -2.595756e+001 -1.480348e+001 -3.000000e+000
      vertex -2.437500e+001 -1.508253e+001 -3.000000e+000
    endloop
  endfacet
  facet normal  0.000000e+000  0.000000e+000  1.000000e+000
    outer loop
      vertex -2.437500e+001 -1.508253e+001 -3.000000e+000
      vertex -2.595756e+001 -1.480348e+001 -3.000000e+000
      vertex -2.562500e+001 -1.508253e+001 -3.000000e+000
    endloop
  endfacet
  facet normal  -0.000000e+000  0.000000e+000  9.999999e-001
    outer loop
      vertex -2.437500e+001 -1.508253e+001 -3.000000e+000
      vertex -2.562500e+001 -1.508253e+001 -3.000000e+000
      vertex -2.478294e+001 -1.523101e+001 -3.000000e+000
    endloop
  endfacet
  facet normal  0.000000e+000  0.000000e+000  1.000000e+000
    outer loop
      vertex -2.478294e+001 -1.523101e+001 -3.000000e+000
      vertex -2.562500e+001 -1.508253e+001 -3.000000e+000
      vertex -2.521706e+001 -1.523101e+001 -3.000000e+000
    endloop
  endfacet
  facet normal  -0.000000e+000  0.000000e+000  1.000000e+000
    outer loop
      vertex -2.478294e+001  1.523101e+001 -3.000000e+000
      vertex -2.521706e+001  1.523101e+001 -3.000000e+000
      vertex -2.437500e+001  1.508253e+001 -3.000000e+000
    endloop
  endfacet
  facet normal  0.000000e+000  0.000000e+000  9.999999e-001
    outer loop
      vertex -2.437500e+001  1.508253e+001 -3.000000e+000
      vertex -2.521706e+001  1.523101e+001 -3.000000e+000
      vertex -2.562500e+001  1.508253e+001 -3.000000e+000
    endloop
  endfacet
  facet normal  -0.000000e+000  0.000000e+000  1.000000e+000
    outer loop
      vertex -2.437500e+001  1.508253e+001 -3.000000e+000
      vertex -2.562500e+001  1.508253e+001 -3.000000e+000
      vertex -2.404244e+001  1.480348e+001 -3.000000e+000
    endloop
  endfacet
  facet normal  0.000000e+000  0.000000e+000  1.000000e+000
    outer loop
      vertex -2.404244e+001  1.480348e+001 -3.000000e+000
      vertex -2.562500e+001  1.508253e+001 -3.000000e+000
      vertex -2.595756e+001  1.480348e+001 -3.000000e+000
    endloop
  endfacet
  facet normal  -0.000000e+000  0.000000e+000  9.999999e-001
    outer loop
      vertex -2.404244e+001  1.480348e+001 -3.000000e+000
      vertex -2.595756e+001  1.480348e+001 -3.000000e+000
      vertex -2.382538e+001  1.442753e+001 -3.000000e+000
    endloop
  endfacet
  facet normal  0.000000e+000  0.000000e+000  1.000000e+000
    outer loop
      vertex -2.382538e+001  1.442753e+001 -3.000000e+000
      vertex -2.595756e+001  1.480348e+001 -3.000000e+000
      vertex -2.617462e+001  1.442753e+001 -3.000000e+000
    endloop
  endfacet
  facet normal  -0.000000e+000  0.000000e+000  1.000000e+000
    outer loop
      vertex -2.382538e+001  1.442753e+001 -3.000000e+000
      vertex -2.617462e+001  1.442753e+001 -3.000000e+000
      vertex -2.375000e+001  1.400000e+001 -3.000000e+000
    endloop
  endfacet
  facet normal  0.000000e+000  0.000000e+000  1.000000e+000
    outer loop
      vertex -2.375000e+001  1.400000e+001 -3.000000e+000
      vertex -2.617462e+001  1.442753e+001 -3.000000e+000
      vertex -2.625000e+001  1.400000e+001 -3.000000e+000
    endloop
  endfacet
  facet normal  -0.000000e+000  0.000000e+000  1.000000e+000
    outer loop
      vertex -2.375000e+001  1.400000e+001 -3.000000e+000
      vertex -2.625000e+001  1.400000e+001 -3.000000e+000
      vertex -2.382538e+001  1.357247e+001 -3.000000e+000
    endloop
  endfacet
  facet normal  0.000000e+000  0.000000e+000  1.000000e+000
    outer loop
      vertex -2.382538e+001  1.357247e+001 -3.000000e+000
      vertex -2.625000e+001  1.400000e+001 -3.000000e+000
      vertex -2.617462e+001  1.357247e+001 -3.000000e+000
    endloop
  endfacet
  facet normal  -0.000000e+000  0.000000e+000  1.000000e+000
    outer loop
      vertex -2.382538e+001  1.357247e+001 -3.000000e+000
      vertex -2.617462e+001  1.357247e+001 -3.000000e+000
      vertex -2.404244e+001  1.319652e+001 -3.000000e+000
    endloop
  endfacet
  facet normal  0.000000e+000  0.000000e+000  9.999999e-001
    outer loop
      vertex -2.404244e+001  1.319652e+001 -3.000000e+000
      vertex -2.617462e+001  1.357247e+001 -3.000000e+000
      vertex -2.595756e+001  1.319652e+001 -3.000000e+000
    endloop
  endfacet
  facet normal  -0.000000e+000  0.000000e+000  1.000000e+000
    outer loop
      vertex -2.404244e+001  1.319652e+001 -3.000000e+000
      vertex -2.595756e+001  1.319652e+001 -3.000000e+000
      vertex -2.437500e+001  1.291747e+001 -3.000000e+000
    endloop
  endfacet
  facet normal  0.000000e+000  0.000000e+000  1.000000e+000
    outer loop
      vertex -2.437500e+001  1.291747e+001 -3.000000e+000
      vertex -2.595756e+001  1.319652e+001 -3.000000e+000
      vertex -2.562500e+001  1.291747e+001 -3.000000e+000
    endloop
  endfacet
  facet normal  -0.000000e+000  0.000000e+000  9.999999e-001
    outer loop
      vertex -2.437500e+001  1.291747e+001 -3.000000e+000
      vertex -2.562500e+001  1.291747e+001 -3.000000e+000
      vertex -2.478294e+001  1.276899e+001 -3.000000e+000
    endloop
  endfacet
  facet normal  0.000000e+000  0.000000e+000  1.000000e+000
    outer loop
      vertex -2.478294e+001  1.276899e+001 -3.000000e+000
      vertex -2.562500e+001  1.291747e+001 -3.000000e+000
      vertex -2.521706e+001  1.276899e+001 -3.000000e+000
    endloop
  endfacet
  facet normal  -0.000000e+000  0.000000e+000  1.000000e+000
    outer loop
      vertex  2.521706e+001 -1.276899e+001 -3.000000e+000
      vertex  2.478294e+001 -1.276899e+001 -3.000000e+000
      vertex  2.562500e+001 -1.291747e+001 -3.000000e+000
    endloop
  endfacet
  facet normal  0.000000e+000  0.000000e+000  9.999999e-001
    outer loop
      vertex  2.562500e+001 -1.291747e+001 -3.000000e+000
      vertex  2.478294e+001 -1.276899e+001 -3.000000e+000
      vertex  2.437500e+001 -1.291747e+001 -3.000000e+000
    endloop
  endfacet
  facet normal  -0.000000e+000  0.000000e+000  1.000000e+000
    outer loop
      vertex  2.562500e+001 -1.291747e+001 -3.000000e+000
      vertex  2.437500e+001 -1.291747e+001 -3.000000e+000
      vertex  2.595756e+001 -1.319652e+001 -3.000000e+000
    endloop
  endfacet
  facet normal  0.000000e+000  0.000000e+000  1.000000e+000
    outer loop
      vertex  2.595756e+001 -1.319652e+001 -3.000000e+000
      vertex  2.437500e+001 -1.291747e+001 -3.000000e+000
      vertex  2.404244e+001 -1.319652e+001 -3.000000e+000
    endloop
  endfacet
  facet normal  -0.000000e+000  0.000000e+000  9.999999e-001
    outer loop
      vertex  2.595756e+001 -1.319652e+001 -3.000000e+000
      vertex  2.404244e+001 -1.319652e+001 -3.000000e+000
      vertex  2.617462e+001 -1.357247e+001 -3.000000e+000
    endloop
  endfacet
  facet normal  0.000000e+000  0.000000e+000  1.000000e+000
    outer loop
      vertex  2.617462e+001 -1.357247e+001 -3.000000e+000
      vertex  2.404244e+001 -1.319652e+001 -3.000000e+000
      vertex  2.382538e+001 -1.357247e+001 -3.000000e+000
    endloop
  endfacet
  facet normal  -0.000000e+000  0.000000e+000  1.000000e+000
    outer loop
      vertex  2.617462e+001 -1.357247e+001 -3.000000e+000
      vertex  2.382538e+001 -1.357247e+001 -3.000000e+000
      vertex  2.625000e+001 -1.400000e+001 -3.000000e+000
    endloop
  endfacet
  facet normal  0.000000e+000  0.000000e+000  1.000000e+000
    outer loop
      vertex  2.625000e+001 -1.400000e+001 -3.000000e+000
      vertex  2.382538e+001 -1.357247e+001 -3.000000e+000
      vertex  2.375000e+001 -1.400000e+001 -3.000000e+000
    endloop
  endfacet
  facet normal  -0.000000e+000  0.000000e+000  1.000000e+000
    outer loop
      vertex  2.625000e+001 -1.400000e+001 -3.000000e+000
      vertex  2.375000e+001 -1.400000e+001 -3.000000e+000
      vertex  2.617462e+001 -1.442753e+001 -3.000000e+000
    endloop
  endfacet
  facet normal  0.000000e+000  0.000000e+000  1.000000e+000
    outer loop
      vertex  2.617462e+001 -1.442753e+001 -3.000000e+000
      vertex  2.375000e+001 -1.400000e+001 -3.000000e+000
      vertex  2.382538e+001 -1.442753e+001 -3.000000e+000
    endloop
  endfacet
  facet normal  -0.000000e+000  0.000000e+000  1.000000e+000
    outer loop
      vertex  2.617462e+001 -1.442753e+001 -3.000000e+000
      vertex  2.382538e+001 -1.442753e+001 -3.000000e+000
      vertex  2.595756e+001 -1.480348e+001 -3.000000e+000
    endloop
  endfacet
  facet normal  0.000000e+000  0.000000e+000  9.999999e-001
    outer loop
      vertex  2.595756e+001 -1.480348e+001 -3.000000e+000
      vertex  2.382538e+001 -1.442753e+001 -3.000000e+000
      vertex  2.404244e+001 -1.480348e+001 -3.000000e+000
    endloop
  endfacet
  facet normal  -0.000000e+000  0.000000e+000  1.000000e+000
    outer loop
      vertex  2.595756e+001 -1.480348e+001 -3.000000e+000
      vertex  2.404244e+001 -1.480348e+001 -3.000000e+000
      vertex  2.562500e+001 -1.508253e+001 -3.000000e+000
    endloop
  endfacet
  facet normal  0.000000e+000  0.000000e+000  1.000000e+000
    outer loop
      vertex  2.562500e+001 -1.508253e+001 -3.000000e+000
      vertex  2.404244e+001 -1.480348e+001 -3.000000e+000
      vertex  2.437500e+001 -1.508253e+001 -3.000000e+000
    endloop
  endfacet
  facet normal  -0.000000e+000  0.000000e+000  9.999999e-001
    outer loop
      vertex  2.562500e+001 -1.508253e+001 -3.000000e+000
      vertex  2.437500e+001 -1.508253e+001 -3.000000e+000
      vertex  2.521706e+001 -1.523101e+001 -3.000000e+000
    endloop
  endfacet
  facet normal  0.000000e+000  0.000000e+000  1.000000e+000
    outer loop
      vertex  2.521706e+001 -1.523101e+001 -3.000000e+000
      vertex  2.437500e+001 -1.508253e+001 -3.000000e+000
      vertex  2.478294e+001 -1.523101e+001 -3.000000e+000
    endloop
  endfacet
  facet normal  -0.000000e+000  0.000000e+000  1.000000e+000
    outer loop
      vertex  2.521706e+001  1.523101e+001 -3.000000e+000
      vertex  2.478294e+001  1.523101e+001 -3.000000e+000
      vertex  2.562500e+001  1.508253e+001 -3.000000e+000
    endloop
  endfacet
  facet normal  0.000000e+000  0.000000e+000  9.999999e-001
    outer loop
      vertex  2.562500e+001  1.508253e+001 -3.000000e+000
      vertex  2.478294e+001  1.523101e+001 -3.000000e+000
      vertex  2.437500e+001  1.508253e+001 -3.000000e+000
    endloop
  endfacet
  facet normal  -0.000000e+000  0.000000e+000  1.000000e+000
    outer loop
      vertex  2.562500e+001  1.508253e+001 -3.000000e+000
      vertex  2.437500e+001  1.508253e+001 -3.000000e+000
      vertex  2.595756e+001  1.480348e+001 -3.000000e+000
    endloop
  endfacet
  facet normal  0.000000e+000  0.000000e+000  1.000000e+000
    outer loop
      vertex  2.595756e+001  1.480348e+001 -3.000000e+000
      vertex  2.437500e+001  1.508253e+001 -3.000000e+000
      vertex  2.404244e+001  1.480348e+001 -3.000000e+000
    endloop
  endfacet
  facet normal  -0.000000e+000  0.000000e+000  9.999999e-001
    outer loop
      vertex  2.595756e+001  1.480348e+001 -3.000000e+000
      vertex  2.404244e+001  1.480348e+001 -3.000000e+000
      vertex  2.617462e+001  1.442753e+001 -3.000000e+000
    endloop
  endfacet
  facet normal  0.000000e+000  0.000000e+000  1.000000e+000
    outer loop
      vertex  2.617462e+001  1.442753e+001 -3.000000e+000
      vertex  2.404244e+001  1.480348e+001 -3.000000e+000
      vertex  2.382538e+001  1.442753e+001 -3.000000e+000
    endloop
  endfacet
  facet normal  -0.000000e+000  0.000000e+000  1.000000e+000
    outer loop
      vertex  2.617462e+001  1.442753e+001 -3.000000e+000
      vertex  2.382538e+001  1.442753e+001 -3.000000e+000
      vertex  2.625000e+001  1.400000e+001 -3.000000e+000
    endloop
  endfacet
  facet normal  0.000000e+000  0.000000e+000  1.000000e+000
    outer loop
      vertex  2.625000e+001  1.400000e+001 -3.000000e+000
      vertex  2.382538e+001  1.442753e+001 -3.000000e+000
      vertex  2.375000e+001  1.400000e+001 -3.000000e+000
    endloop
  endfacet
  facet normal  -0.000000e+000  0.000000e+000  1.000000e+000
    outer loop
      vertex  2.625000e+001  1.400000e+001 -3.000000e+000
      vertex  2.375000e+001  1.400000e+001 -3.000000e+000
      vertex  2.617462e+001  1.357247e+001 -3.000000e+000
    endloop
  endfacet
  facet normal  0.000000e+000  0.000000e+000  1.000000e+000
    outer loop
      vertex  2.617462e+001  1.357247e+001 -3.000000e+000
      vertex  2.375000e+001  1.400000e+001 -3.000000e+000
      vertex  2.382538e+001  1.357247e+001 -3.000000e+000
    endloop
  endfacet
  facet normal  -0.000000e+000  0.000000e+000  1.000000e+000
    outer loop
      vertex  2.617462e+001  1.357247e+001 -3.000000e+000
      vertex  2.382538e+001  1.357247e+001 -3.000000e+000
      vertex  2.595756e+001  1.319652e+001 -3.000000e+000
    endloop
  endfacet
  facet normal  0.000000e+000  0.000000e+000  9.999999e-001
    outer loop
      vertex  2.595756e+001  1.319652e+001 -3.000000e+000
      vertex  2.382538e+001  1.357247e+001 -3.000000e+000
      vertex  2.404244e+001  1.319652e+001 -3.000000e+000
    endloop
  endfacet
  facet normal  -0.000000e+000  0.000000e+000  1.000000e+000
    outer loop
      vertex  2.595756e+001  1.319652e+001 -3.000000e+000
      vertex  2.404244e+001  1.319652e+001 -3.000000e+000
      vertex  2.562500e+001  1.291747e+001 -3.000000e+000
    endloop
  endfacet
  facet normal  0.000000e+000  0.000000e+000  1.000000e+000
    outer loop
      vertex  2.562500e+001  1.291747e+001 -3.000000e+000
      vertex  2.404244e+001  1.319652e+001 -3.000000e+000
      vertex  2.437500e+001  1.291747e+001 -3.000000e+000
    endloop
  endfacet
  facet normal  -0.000000e+000  0.000000e+000  9.999999e-001
    outer loop
      vertex  2.562500e+001  1.291747e+001 -3.000000e+000
      vertex  2.437500e+001  1.291747e+001 -3.000000e+000
      vertex  2.521706e+001  1.276899e+001 -3.000000e+000
    endloop
  endfacet
  facet normal  0.000000e+000  0.000000e+000  1.000000e+000
    outer loop
      vertex  2.521706e+001  1.276899e+001 -3.000000e+000
      vertex  2.437500e+001  1.291747e+001 -3.000000e+000
      vertex  2.478294e+001  1.276899e+001 -3.000000e+000
    endloop
  endfacet
  facet normal  -0.000000e+000  0.000000e+000 -1.000000e+000
    outer loop
      vertex -1.882843e+001  1.332843e+001 -4.000000e+000
      vertex -1.932588e+001  1.272228e+001 -4.000000e+000
      vertex -4.219620e+001  1.261299e+001 -4.000000e+000
    endloop
  endfacet
  facet normal  0.000000e+000  0.000000e+000 -1.000000e+000
    outer loop
      vertex  4.242366e+001  1.156736e+001 -4.000000e+000
      vertex  1.992314e+001  1.128036e+001 -4.000000e+000
      vertex  1.969552e+001  1.203073e+001 -4.000000e+000
    endloop
  endfacet
  facet normal  -0.000000e+000  0.000000e+000 -1.000000e+000
    outer loop
      vertex  4.250000e+001  1.050000e+001 -4.000000e+000
      vertex  4.250000e+001  8.046739e+000 -4.000000e+000
      vertex  4.161038e+001  7.114367e+000 -4.000000e+000
    endloop
  endfacet
  facet normal  -0.000000e+000  0.000000e+000 -1.000000e+000
    outer loop
      vertex  4.250000e+001  1.050000e+001 -4.000000e+000
      vertex  4.161038e+001  7.114367e+000 -4.000000e+000
      vertex  4.083590e+001  6.084350e+000 -4.000000e+000
    endloop
  endfacet
  facet normal  -0.000000e+000  0.000000e+000 -1.000000e+000
    outer loop
      vertex  4.250000e+001  1.050000e+001 -4.000000e+000
      vertex  4.083590e+001  6.084350e+000 -4.000000e+000
      vertex  4.018721e+001  4.970824e+000 -4.000000e+000
    endloop
  endfacet
  facet normal  -0.000000e+000  0.000000e+000 -1.000000e+000
    outer loop
      vertex  4.250000e+001  1.050000e+001 -4.000000e+000
      vertex  4.018721e+001  4.970824e+000 -4.000000e+000
      vertex  3.967319e+001  3.789073e+000 -4.000000e+000
    endloop
  endfacet
  facet normal  0.000000e+000  0.000000e+000 -1.000000e+000
    outer loop
      vertex -4.130940e+001 -1.455481e+001 -4.000000e+000
      vertex -4.182224e+001 -1.361561e+001 -4.000000e+000
      vertex -1.822228e+001 -1.382588e+001 -4.000000e+000
    endloop
  endfacet
  facet normal  0.000000e+000  -0.000000e+000 -1.000000e+000
    outer loop
      vertex -4.130940e+001 -1.455481e+001 -4.000000e+000
      vertex -1.822228e+001 -1.382588e+001 -4.000000e+000
      vertex -1.753073e+001 -1.419552e+001 -4.000000e+000
    endloop
  endfacet
  facet normal  0.000000e+000  -0.000000e+000 -1.000000e+000
    outer loop
      vertex -4.130940e+001 -1.455481e+001 -4.000000e+000
      vertex -1.753073e+001 -1.419552e+001 -4.000000e+000
      vertex -1.678036e+001 -1.442314e+001 -4.000000e+000
    endloop
  endfacet
  facet normal  0.000000e+000  -0.000000e+000 -1.000000e+000
    outer loop
      vertex -4.130940e+001 -1.455481e+001 -4.000000e+000
      vertex -1.678036e+001 -1.442314e+001 -4.000000e+000
      vertex -1.600000e+001 -1.450000e+001 -4.000000e+000
    endloop
  endfacet
  facet normal  0.000000e+000  0.000000e+000 -9.999999e-001
    outer loop
      vertex -4.130940e+001 -1.455481e+001 -4.000000e+000
      vertex -1.600000e+001 -1.450000e+001 -4.000000e+000
      vertex -3.500000e+001 -1.800000e+001 -4.000000e+000
    endloop
  endfacet
  facet normal  0.000000e+000  0.000000e+000 -1.000000e+000
    outer loop
      vertex -4.130940e+001 -1.455481e+001 -4.000000e+000
      vertex -3.500000e+001 -1.800000e+001 -4.000000e+000
      vertex -3.606736e+001 -1.792366e+001 -4.000000e+000
    endloop
  endfacet
  facet normal  0.000000e+000  0.000000e+000 -1.000000e+000
    outer loop
      vertex -4.130940e+001 -1.455481e+001 -4.000000e+000
      vertex -3.606736e+001 -1.792366e+001 -4.000000e+000
      vertex -3.711300e+001 -1.769620e+001 -4.000000e+000
    endloop
  endfacet
  facet normal  0.000000e+000  0.000000e+000 -1.000000e+000
    outer loop
      vertex -4.130940e+001 -1.455481e+001 -4.000000e+000
      vertex -3.711300e+001 -1.769620e+001 -4.000000e+000
      vertex -3.811561e+001 -1.732224e+001 -4.000000e+000
    endloop
  endfacet
  facet normal  0.000000e+000  0.000000e+000 -1.000000e+000
    outer loop
      vertex -4.130940e+001 -1.455481e+001 -4.000000e+000
      vertex -3.811561e+001 -1.732224e+001 -4.000000e+000
      vertex -3.905481e+001 -1.680940e+001 -4.000000e+000
    endloop
  endfacet
  facet normal  0.000000e+000  0.000000e+000 -1.000000e+000
    outer loop
      vertex -4.130940e+001 -1.455481e+001 -4.000000e+000
      vertex -3.905481e+001 -1.680940e+001 -4.000000e+000
      vertex -3.991146e+001 -1.616812e+001 -4.000000e+000
    endloop
  endfacet
  facet normal  0.000000e+000  0.000000e+000 -1.000000e+000
    outer loop
      vertex -4.130940e+001 -1.455481e+001 -4.000000e+000
      vertex -3.991146e+001 -1.616812e+001 -4.000000e+000
      vertex -4.066812e+001 -1.541146e+001 -4.000000e+000
    endloop
  endfacet
  facet normal  -0.000000e+000  0.000000e+000 -1.000000e+000
    outer loop
      vertex  1.600000e+001 -1.450000e+001 -4.000000e+000
      vertex  4.130940e+001 -1.455481e+001 -4.000000e+000
      vertex  4.066812e+001 -1.541146e+001 -4.000000e+000
    endloop
  endfacet
  facet normal  -0.000000e+000  0.000000e+000 -1.000000e+000
    outer loop
      vertex  1.600000e+001 -1.450000e+001 -4.000000e+000
      vertex  4.066812e+001 -1.541146e+001 -4.000000e+000
      vertex  3.991146e+001 -1.616812e+001 -4.000000e+000
    endloop
  endfacet
  facet normal  -0.000000e+000  0.000000e+000 -1.000000e+000
    outer loop
      vertex  1.600000e+001 -1.450000e+001 -4.000000e+000
      vertex  3.991146e+001 -1.616812e+001 -4.000000e+000
      vertex  3.905481e+001 -1.680940e+001 -4.000000e+000
    endloop
  endfacet
  facet normal  -0.000000e+000  0.000000e+000 -1.000000e+000
    outer loop
      vertex  1.600000e+001 -1.450000e+001 -4.000000e+000
      vertex  3.905481e+001 -1.680940e+001 -4.000000e+000
      vertex  3.811561e+001 -1.732224e+001 -4.000000e+000
    endloop
  endfacet
  facet normal  -0.000000e+000  0.000000e+000 -1.000000e+000
    outer loop
      vertex  1.600000e+001 -1.450000e+001 -4.000000e+000
      vertex  3.811561e+001 -1.732224e+001 -4.000000e+000
      vertex  3.711300e+001 -1.769620e+001 -4.000000e+000
    endloop
  endfacet
  facet normal  -0.000000e+000  0.000000e+000 -1.000000e+000
    outer loop
      vertex  1.600000e+001 -1.450000e+001 -4.000000e+000
      vertex  3.711300e+001 -1.769620e+001 -4.000000e+000
      vertex  3.606736e+001 -1.792366e+001 -4.000000e+000
    endloop
  endfacet
  facet normal  -0.000000e+000  0.000000e+000 -1.000000e+000
    outer loop
      vertex  1.600000e+001 -1.450000e+001 -4.000000e+000
      vertex  3.606736e+001 -1.792366e+001 -4.000000e+000
      vertex  3.500000e+001 -1.800000e+001 -4.000000e+000
    endloop
  endfacet
  facet normal  0.000000e+000  0.000000e+000 -9.999999e-001
    outer loop
      vertex  1.600000e+001 -1.450000e+001 -4.000000e+000
      vertex  3.500000e+001 -1.800000e+001 -4.000000e+000
      vertex -3.500000e+001 -1.800000e+001 -4.000000e+000
    endloop
  endfacet
  facet normal  0.000000e+000  0.000000e+000 -1.000000e+000
    outer loop
      vertex  1.600000e+001 -1.450000e+001 -4.000000e+000
      vertex -3.500000e+001 -1.800000e+001 -4.000000e+000
      vertex -1.600000e+001 -1.450000e+001 -4.000000e+000
    endloop
  endfacet
  facet normal  0.000000e+000  0.000000e+000 -1.000000e+000
    outer loop
      vertex  1.600000e+001 -1.450000e+001 -4.000000e+000
      vertex -1.600000e+001 -1.450000e+001 -4.000000e+000
      vertex -1.521964e+001 -1.442314e+001 -4.000000e+000
    endloop
  endfacet
  facet normal  0.000000e+000  0.000000e+000 -1.000000e+000
    outer loop
      vertex  1.600000e+001 -1.450000e+001 -4.000000e+000
      vertex -1.521964e+001 -1.442314e+001 -4.000000e+000
      vertex  1.521964e+001 -1.442314e+001 -4.000000e+000
    endloop
  endfacet
  facet normal  0.000000e+000  0.000000e+000 -1.000000e+000
    outer loop
      vertex -1.600000e+001  1.450000e+001 -4.000000e+000
      vertex -4.130940e+001  1.455481e+001 -4.000000e+000
      vertex -4.066812e+001  1.541146e+001 -4.000000e+000
    endloop
  endfacet
  facet normal  0.000000e+000  0.000000e+000 -1.000000e+000
    outer loop
      vertex -1.600000e+001  1.450000e+001 -4.000000e+000
      vertex -4.066812e+001  1.541146e+001 -4.000000e+000
      vertex -3.991146e+001  1.616812e+001 -4.000000e+000
    endloop
  endfacet
  facet normal  0.000000e+000  0.000000e+000 -1.000000e+000
    outer loop
      vertex -1.600000e+001  1.450000e+001 -4.000000e+000
      vertex -3.991146e+001  1.616812e+001 -4.000000e+000
      vertex -3.905481e+001  1.680940e+001 -4.000000e+000
    endloop
  endfacet
  facet normal  0.000000e+000  0.000000e+000 -1.000000e+000
    outer loop
      vertex -1.600000e+001  1.450000e+001 -4.000000e+000
      vertex -3.905481e+001  1.680940e+001 -4.000000e+000
      vertex -3.811561e+001  1.732224e+001 -4.000000e+000
    endloop
  endfacet
  facet normal  0.000000e+000  0.000000e+000 -1.000000e+000
    outer loop
      vertex -1.600000e+001  1.450000e+001 -4.000000e+000
      vertex -3.811561e+001  1.732224e+001 -4.000000e+000
      vertex -3.711300e+001  1.769620e+001 -4.000000e+000
    endloop
  endfacet
  facet normal  0.000000e+000  0.000000e+000 -1.000000e+000
    outer loop
      vertex -1.600000e+001  1.450000e+001 -4.000000e+000
      vertex -3.711300e+001  1.769620e+001 -4.000000e+000
      vertex -3.606736e+001  1.792366e+001 -4.000000e+000
    endloop
  endfacet
  facet normal  0.000000e+000  0.000000e+000 -1.000000e+000
    outer loop
      vertex -1.600000e+001  1.450000e+001 -4.000000e+000
      vertex -3.606736e+001  1.792366e+001 -4.000000e+000
      vertex -3.500000e+001  1.800000e+001 -4.000000e+000
    endloop
  endfacet
  facet normal  0.000000e+000  0.000000e+000 -9.999999e-001
    outer loop
      vertex -1.600000e+001  1.450000e+001 -4.000000e+000
      vertex -3.500000e+001  1.800000e+001 -4.000000e+000
      vertex  3.500000e+001  1.800000e+001 -4.000000e+000
    endloop
  endfacet
  facet normal  0.000000e+000  0.000000e+000 -1.000000e+000
    outer loop
      vertex -1.600000e+001  1.450000e+001 -4.000000e+000
      vertex  3.500000e+001  1.800000e+001 -4.000000e+000
      vertex  1.600000e+001  1.450000e+001 -4.000000e+000
    endloop
  endfacet
  facet normal  -0.000000e+000  0.000000e+000 -1.000000e+000
    outer loop
      vertex -1.600000e+001  1.450000e+001 -4.000000e+000
      vertex  1.600000e+001  1.450000e+001 -4.000000e+000
      vertex  1.521964e+001  1.442314e+001 -4.000000e+000
    endloop
  endfacet
  facet normal  0.000000e+000  0.000000e+000 -1.000000e+000
    outer loop
      vertex -1.600000e+001  1.450000e+001 -4.000000e+000
      vertex  1.521964e+001  1.442314e+001 -4.000000e+000
      vertex -1.521964e+001  1.442314e+001 -4.000000e+000
    endloop
  endfacet
  facet normal  0.000000e+000  -0.000000e+000 -1.000000e+000
    outer loop
      vertex -4.182224e+001  1.361561e+001 -4.000000e+000
      vertex -4.130940e+001  1.455481e+001 -4.000000e+000
      vertex -1.600000e+001  1.450000e+001 -4.000000e+000
    endloop
  endfacet
  facet normal  0.000000e+000  0.000000e+000 -9.999999e-001
    outer loop
      vertex -4.182224e+001  1.361561e+001 -4.000000e+000
      vertex -1.600000e+001  1.450000e+001 -4.000000e+000
      vertex -1.678036e+001  1.442314e+001 -4.000000e+000
    endloop
  endfacet
  facet normal  0.000000e+000  0.000000e+000 -1.000000e+000
    outer loop
      vertex -4.182224e+001  1.361561e+001 -4.000000e+000
      vertex -1.678036e+001  1.442314e+001 -4.000000e+000
      vertex -1.753073e+001  1.419552e+001 -4.000000e+000
    endloop
  endfacet
  facet normal  0.000000e+000  0.000000e+000 -1.000000e+000
    outer loop
      vertex -4.182224e+001  1.361561e+001 -4.000000e+000
      vertex -1.753073e+001  1.419552e+001 -4.000000e+000
      vertex -1.822228e+001  1.382588e+001 -4.000000e+000
    endloop
  endfacet
  facet normal  0.000000e+000  0.000000e+000 -1.000000e+000
    outer loop
      vertex -4.182224e+001  1.361561e+001 -4.000000e+000
      vertex -1.822228e+001  1.382588e+001 -4.000000e+000
      vertex -1.882843e+001  1.332843e+001 -4.000000e+000
    endloop
  endfacet
  facet normal  -0.000000e+000  0.000000e+000 -9.999999e-001
    outer loop
      vertex -4.182224e+001  1.361561e+001 -4.000000e+000
      vertex -1.882843e+001  1.332843e+001 -4.000000e+000
      vertex -4.219620e+001  1.261299e+001 -4.000000e+000
    endloop
  endfacet
  facet normal  0.000000e+000  0.000000e+000 -1.000000e+000
    outer loop
      vertex -2.000000e+001  1.050000e+001 -4.000000e+000
      vertex -2.000000e+001 -1.050000e+001 -4.000000e+000
      vertex -4.250000e+001 -1.050000e+001 -4.000000e+000
    endloop
  endfacet
  facet normal  0.000000e+000  0.000000e+000 -1.000000e+000
    outer loop
      vertex -2.000000e+001  1.050000e+001 -4.000000e+000
      vertex -4.250000e+001 -1.050000e+001 -4.000000e+000
      vertex -4.250000e+001 -8.046739e+000 -4.000000e+000
    endloop
  endfacet
  facet normal  0.000000e+000  0.000000e+000 -1.000000e+000
    outer loop
      vertex -2.000000e+001  1.050000e+001 -4.000000e+000
      vertex -4.250000e+001 -8.046739e+000 -4.000000e+000
      vertex -4.161038e+001 -7.114367e+000 -4.000000e+000
    endloop
  endfacet
  facet normal  0.000000e+000  0.000000e+000 -1.000000e+000
    outer loop
      vertex -2.000000e+001  1.050000e+001 -4.000000e+000
      vertex -4.161038e+001 -7.114367e+000 -4.000000e+000
      vertex -4.083590e+001 -6.084350e+000 -4.000000e+000
    endloop
  endfacet
  facet normal  0.000000e+000  0.000000e+000 -9.999999e-001
    outer loop
      vertex -2.000000e+001  1.050000e+001 -4.000000e+000
      vertex -4.083590e+001 -6.084350e+000 -4.000000e+000
      vertex -4.018721e+001 -4.970824e+000 -4.000000e+000
    endloop
  endfacet
  facet normal  0.000000e+000  0.000000e+000 -1.000000e+000
    outer loop
      vertex -2.000000e+001  1.050000e+001 -4.000000e+000
      vertex -4.018721e+001 -4.970824e+000 -4.000000e+000
      vertex -3.967319e+001 -3.789073e+000 -4.000000e+000
    endloop
  endfacet
  facet normal  0.000000e+000  0.000000e+000 -1.000000e+000
    outer loop
      vertex -2.000000e+001  1.050000e+001 -4.000000e+000
      vertex -3.967319e+001 -3.789073e+000 -4.000000e+000
      vertex -3.930092e+001 -2.555316e+000 -4.000000e+000
    endloop
  endfacet
  facet normal  0.000000e+000  0.000000e+000 -9.999999e-001
    outer loop
      vertex -2.000000e+001  1.050000e+001 -4.000000e+000
      vertex -3.930092e+001 -2.555316e+000 -4.000000e+000
      vertex -3.907549e+001 -1.286486e+000 -4.000000e+000
    endloop
  endfacet
  facet normal  0.000000e+000  0.000000e+000 -1.000000e+000
    outer loop
      vertex -2.000000e+001  1.050000e+001 -4.000000e+000
      vertex -3.907549e+001 -1.286486e+000 -4.000000e+000
      vertex -3.900000e+001 -2.694223e-015 -4.000000e+000
    endloop
  endfacet
  facet normal  0.000000e+000  0.000000e+000 -1.000000e+000
    outer loop
      vertex -2.000000e+001  1.050000e+001 -4.000000e+000
      vertex -3.900000e+001 -2.694223e-015 -4.000000e+000
      vertex -3.907549e+001  1.286486e+000 -4.000000e+000
    endloop
  endfacet
  facet normal  0.000000e+000  0.000000e+000 -1.000000e+000
    outer loop
      vertex -2.000000e+001  1.050000e+001 -4.000000e+000
      vertex -3.907549e+001  1.286486e+000 -4.000000e+000
      vertex -3.930092e+001  2.555316e+000 -4.000000e+000
    endloop
  endfacet
  facet normal  0.000000e+000  0.000000e+000 -1.000000e+000
    outer loop
      vertex -2.000000e+001  1.050000e+001 -4.000000e+000
      vertex -3.930092e+001  2.555316e+000 -4.000000e+000
      vertex -3.967319e+001  3.789073e+000 -4.000000e+000
    endloop
  endfacet
  facet normal  0.000000e+000  0.000000e+000 -1.000000e+000
    outer loop
      vertex -2.000000e+001  1.050000e+001 -4.000000e+000
      vertex -3.967319e+001  3.789073e+000 -4.000000e+000
      vertex -4.018721e+001  4.970824e+000 -4.000000e+000
    endloop
  endfacet
  facet normal  0.000000e+000  0.000000e+000 -1.000000e+000
    outer loop
      vertex -2.000000e+001  1.050000e+001 -4.000000e+000
      vertex -4.018721e+001  4.970824e+000 -4.000000e+000
      vertex -4.083590e+001  6.084350e+000 -4.000000e+000
    endloop
  endfacet
  facet normal  0.000000e+000  0.000000e+000 -1.000000e+000
    outer loop
      vertex -2.000000e+001  1.050000e+001 -4.000000e+000
      vertex -4.083590e+001  6.084350e+000 -4.000000e+000
      vertex -4.161038e+001  7.114367e+000 -4.000000e+000
    endloop
  endfacet
  facet normal  0.000000e+000  0.000000e+000 -9.999999e-001
    outer loop
      vertex -2.000000e+001  1.050000e+001 -4.000000e+000
      vertex -4.161038e+001  7.114367e+000 -4.000000e+000
      vertex -4.250000e+001  8.046739e+000 -4.000000e+000
    endloop
  endfacet
  facet normal  0.000000e+000  0.000000e+000 -1.000000e+000
    outer loop
      vertex -2.000000e+001  1.050000e+001 -4.000000e+000
      vertex -4.250000e+001  8.046739e+000 -4.000000e+000
      vertex -4.250000e+001  1.050000e+001 -4.000000e+000
    endloop
  endfacet
  facet normal  0.000000e+000  0.000000e+000 -1.000000e+000
    outer loop
      vertex -2.000000e+001  1.050000e+001 -4.000000e+000
      vertex -4.250000e+001  1.050000e+001 -4.000000e+000
      vertex -4.242366e+001  1.156736e+001 -4.000000e+000
    endloop
  endfacet
  facet normal  0.000000e+000  0.000000e+000 -1.000000e+000
    outer loop
      vertex -2.000000e+001  1.050000e+001 -4.000000e+000
      vertex -4.242366e+001  1.156736e+001 -4.000000e+000
      vertex -1.992314e+001  1.128036e+001 -4.000000e+000
    endloop
  endfacet
  facet normal  0.000000e+000  -0.000000e+000 -1.000000e+000
    outer loop
      vertex  1.600000e+001  1.450000e+001 -4.000000e+000
      vertex  3.500000e+001  1.800000e+001 -4.000000e+000
      vertex  3.606736e+001  1.792366e+001 -4.000000e+000
    endloop
  endfacet
  facet normal  0.000000e+000  -0.000000e+000 -1.000000e+000
    outer loop
      vertex  1.600000e+001  1.450000e+001 -4.000000e+000
      vertex  3.606736e+001  1.792366e+001 -4.000000e+000
      vertex  3.711300e+001  1.769620e+001 -4.000000e+000
    endloop
  endfacet
  facet normal  0.000000e+000  -0.000000e+000 -1.000000e+000
    outer loop
      vertex  1.600000e+001  1.450000e+001 -4.000000e+000
      vertex  3.711300e+001  1.769620e+001 -4.000000e+000
      vertex  3.811561e+001  1.732224e+001 -4.000000e+000
    endloop
  endfacet
  facet normal  0.000000e+000  -0.000000e+000 -9.999999e-001
    outer loop
      vertex  1.600000e+001  1.450000e+001 -4.000000e+000
      vertex  3.811561e+001  1.732224e+001 -4.000000e+000
      vertex  3.905481e+001  1.680940e+001 -4.000000e+000
    endloop
  endfacet
  facet normal  0.000000e+000  -0.000000e+000 -1.000000e+000
    outer loop
      vertex  1.600000e+001  1.450000e+001 -4.000000e+000
      vertex  3.905481e+001  1.680940e+001 -4.000000e+000
      vertex  3.991146e+001  1.616812e+001 -4.000000e+000
    endloop
  endfacet
  facet normal  0.000000e+000  -0.000000e+000 -1.000000e+000
    outer loop
      vertex  1.600000e+001  1.450000e+001 -4.000000e+000
      vertex  3.991146e+001  1.616812e+001 -4.000000e+000
      vertex  4.066812e+001  1.541146e+001 -4.000000e+000
    endloop
  endfacet
  facet normal  0.000000e+000  -0.000000e+000 -1.000000e+000
    outer loop
      vertex  1.600000e+001  1.450000e+001 -4.000000e+000
      vertex  4.066812e+001  1.541146e+001 -4.000000e+000
      vertex  4.130940e+001  1.455481e+001 -4.000000e+000
    endloop
  endfacet
  facet normal  0.000000e+000  -0.000000e+000 -1.000000e+000
    outer loop
      vertex  1.600000e+001  1.450000e+001 -4.000000e+000
      vertex  4.130940e+001  1.455481e+001 -4.000000e+000
      vertex  4.182224e+001  1.361561e+001 -4.000000e+000
    endloop
  endfacet
  facet normal  0.000000e+000  0.000000e+000 -9.999999e-001
    outer loop
      vertex  4.182224e+001  1.361561e+001 -4.000000e+000
      vertex  4.219620e+001  1.261299e+001 -4.000000e+000
      vertex  1.882843e+001  1.332843e+001 -4.000000e+000
    endloop
  endfacet
  facet normal  0.000000e+000  0.000000e+000 -1.000000e+000
    outer loop
      vertex  4.182224e+001  1.361561e+001 -4.000000e+000
      vertex  1.882843e+001  1.332843e+001 -4.000000e+000
      vertex  1.822228e+001  1.382588e+001 -4.000000e+000
    endloop
  endfacet
  facet normal  0.000000e+000  0.000000e+000 -1.000000e+000
    outer loop
      vertex  4.182224e+001  1.361561e+001 -4.000000e+000
      vertex  1.822228e+001  1.382588e+001 -4.000000e+000
      vertex  1.753073e+001  1.419552e+001 -4.000000e+000
    endloop
  endfacet
  facet normal  0.000000e+000  0.000000e+000 -1.000000e+000
    outer loop
      vertex  4.182224e+001  1.361561e+001 -4.000000e+000
      vertex  1.753073e+001  1.419552e+001 -4.000000e+000
      vertex  1.678036e+001  1.442314e+001 -4.000000e+000
    endloop
  endfacet
  facet normal  0.000000e+000  0.000000e+000 -9.999999e-001
    outer loop
      vertex  4.182224e+001  1.361561e+001 -4.000000e+000
      vertex  1.678036e+001  1.442314e+001 -4.000000e+000
      vertex  1.600000e+001  1.450000e+001 -4.000000e+000
    endloop
  endfacet
  facet normal  0.000000e+000  0.000000e+000 -1.000000e+000
    outer loop
      vertex  2.000000e+001  1.050000e+001 -4.000000e+000
      vertex  1.992314e+001  1.128036e+001 -4.000000e+000
      vertex  4.242366e+001  1.156736e+001 -4.000000e+000
    endloop
  endfacet
  facet normal  0.000000e+000  -0.000000e+000 -1.000000e+000
    outer loop
      vertex  2.000000e+001  1.050000e+001 -4.000000e+000
      vertex  4.242366e+001  1.156736e+001 -4.000000e+000
      vertex  4.250000e+001  1.050000e+001 -4.000000e+000
    endloop
  endfacet
  facet normal  -0.000000e+000  0.000000e+000 -9.999999e-001
    outer loop
      vertex  2.000000e+001  1.050000e+001 -4.000000e+000
      vertex  4.250000e+001  1.050000e+001 -4.000000e+000
      vertex  3.967319e+001  3.789073e+000 -4.000000e+000
    endloop
  endfacet
  facet normal  -0.000000e+000  0.000000e+000 -1.000000e+000
    outer loop
      vertex  2.000000e+001  1.050000e+001 -4.000000e+000
      vertex  3.967319e+001  3.789073e+000 -4.000000e+000
      vertex  3.930092e+001  2.555316e+000 -4.000000e+000
    endloop
  endfacet
  facet normal  -0.000000e+000  0.000000e+000 -1.000000e+000
    outer loop
      vertex  2.000000e+001  1.050000e+001 -4.000000e+000
      vertex  3.930092e+001  2.555316e+000 -4.000000e+000
      vertex  3.907549e+001  1.286486e+000 -4.000000e+000
    endloop
  endfacet
  facet normal  -0.000000e+000  0.000000e+000 -1.000000e+000
    outer loop
      vertex  2.000000e+001  1.050000e+001 -4.000000e+000
      vertex  3.907549e+001  1.286486e+000 -4.000000e+000
      vertex  3.900000e+001  1.347111e-015 -4.000000e+000
    endloop
  endfacet
  facet normal  -0.000000e+000  -0.000000e+000 -1.000000e+000
    outer loop
      vertex  2.000000e+001  1.050000e+001 -4.000000e+000
      vertex  3.900000e+001  1.347111e-015 -4.000000e+000
      vertex  3.907549e+001 -1.286486e+000 -4.000000e+000
    endloop
  endfacet
  facet normal  -0.000000e+000  -0.000000e+000 -9.999999e-001
    outer loop
      vertex  2.000000e+001  1.050000e+001 -4.000000e+000
      vertex  3.907549e+001 -1.286486e+000 -4.000000e+000
      vertex  3.930092e+001 -2.555316e+000 -4.000000e+000
    endloop
  endfacet
  facet normal  -0.000000e+000  -0.000000e+000 -1.000000e+000
    outer loop
      vertex  2.000000e+001  1.050000e+001 -4.000000e+000
      vertex  3.930092e+001 -2.555316e+000 -4.000000e+000
      vertex  3.967319e+001 -3.789073e+000 -4.000000e+000
    endloop
  endfacet
  facet normal  -0.000000e+000  -0.000000e+000 -9.999999e-001
    outer loop
      vertex  2.000000e+001  1.050000e+001 -4.000000e+000
      vertex  3.967319e+001 -3.789073e+000 -4.000000e+000
      vertex  4.018721e+001 -4.970824e+000 -4.000000e+000
    endloop
  endfacet
  facet normal  -0.000000e+000  -0.000000e+000 -1.000000e+000
    outer loop
      vertex  2.000000e+001  1.050000e+001 -4.000000e+000
      vertex  4.018721e+001 -4.970824e+000 -4.000000e+000
      vertex  4.083590e+001 -6.084350e+000 -4.000000e+000
    endloop
  endfacet
  facet normal  -0.000000e+000  -0.000000e+000 -1.000000e+000
    outer loop
      vertex  2.000000e+001  1.050000e+001 -4.000000e+000
      vertex  4.083590e+001 -6.084350e+000 -4.000000e+000
      vertex  4.161038e+001 -7.114367e+000 -4.000000e+000
    endloop
  endfacet
  facet normal  -0.000000e+000  -0.000000e+000 -1.000000e+000
    outer loop
      vertex  2.000000e+001  1.050000e+001 -4.000000e+000
      vertex  4.161038e+001 -7.114367e+000 -4.000000e+000
      vertex  4.250000e+001 -8.046739e+000 -4.000000e+000
    endloop
  endfacet
  facet normal  -0.000000e+000  -0.000000e+000 -1.000000e+000
    outer loop
      vertex  2.000000e+001  1.050000e+001 -4.000000e+000
      vertex  4.250000e+001 -8.046739e+000 -4.000000e+000
      vertex  4.250000e+001 -1.050000e+001 -4.000000e+000
    endloop
  endfacet
  facet normal  0.000000e+000  0.000000e+000 -1.000000e+000
    outer loop
      vertex  2.000000e+001  1.050000e+001 -4.000000e+000
      vertex  4.250000e+001 -1.050000e+001 -4.000000e+000
      vertex  2.000000e+001 -1.050000e+001 -4.000000e+000
    endloop
  endfacet
  facet normal  0.000000e+000  0.000000e+000 -1.000000e+000
    outer loop
      vertex  4.130940e+001 -1.455481e+001 -4.000000e+000
      vertex  1.600000e+001 -1.450000e+001 -4.000000e+000
      vertex  1.678036e+001 -1.442314e+001 -4.000000e+000
    endloop
  endfacet
  facet normal  0.000000e+000  0.000000e+000 -1.000000e+000
    outer loop
      vertex  4.130940e+001 -1.455481e+001 -4.000000e+000
      vertex  1.678036e+001 -1.442314e+001 -4.000000e+000
      vertex  1.753073e+001 -1.419552e+001 -4.000000e+000
    endloop
  endfacet
  facet normal  0.000000e+000  0.000000e+000 -1.000000e+000
    outer loop
      vertex  4.130940e+001 -1.455481e+001 -4.000000e+000
      vertex  1.753073e+001 -1.419552e+001 -4.000000e+000
      vertex  1.822228e+001 -1.382588e+001 -4.000000e+000
    endloop
  endfacet
  facet normal  0.000000e+000  0.000000e+000 -1.000000e+000
    outer loop
      vertex  4.130940e+001 -1.455481e+001 -4.000000e+000
      vertex  1.822228e+001 -1.382588e+001 -4.000000e+000
      vertex  4.182224e+001 -1.361561e+001 -4.000000e+000
    endloop
  endfacet
  facet normal  0.000000e+000  0.000000e+000 -1.000000e+000
    outer loop
      vertex -1.992314e+001  1.128036e+001 -4.000000e+000
      vertex -4.242366e+001  1.156736e+001 -4.000000e+000
      vertex -1.969552e+001  1.203073e+001 -4.000000e+000
    endloop
  endfacet
  facet normal  -0.000000e+000  0.000000e+000 -1.000000e+000
    outer loop
      vertex -1.969552e+001  1.203073e+001 -4.000000e+000
      vertex -4.242366e+001  1.156736e+001 -4.000000e+000
      vertex -4.219620e+001  1.261299e+001 -4.000000e+000
    endloop
  endfacet
  facet normal  0.000000e+000  0.000000e+000 -1.000000e+000
    outer loop
      vertex -1.969552e+001  1.203073e+001 -4.000000e+000
      vertex -4.219620e+001  1.261299e+001 -4.000000e+000
      vertex -1.932588e+001  1.272228e+001 -4.000000e+000
    endloop
  endfacet
  facet normal  0.000000e+000  0.000000e+000 -1.000000e+000
    outer loop
      vertex -1.932588e+001 -1.272228e+001 -4.000000e+000
      vertex -4.219620e+001 -1.261299e+001 -4.000000e+000
      vertex -1.969552e+001 -1.203073e+001 -4.000000e+000
    endloop
  endfacet
  facet normal  -0.000000e+000  0.000000e+000 -1.000000e+000
    outer loop
      vertex -1.969552e+001 -1.203073e+001 -4.000000e+000
      vertex -4.219620e+001 -1.261299e+001 -4.000000e+000
      vertex -4.242366e+001 -1.156736e+001 -4.000000e+000
    endloop
  endfacet
  facet normal  0.000000e+000  0.000000e+000 -1.000000e+000
    outer loop
      vertex -1.969552e+001 -1.203073e+001 -4.000000e+000
      vertex -4.242366e+001 -1.156736e+001 -4.000000e+000
      vertex -1.992314e+001 -1.128036e+001 -4.000000e+000
    endloop
  endfacet
  facet normal  -0.000000e+000  0.000000e+000 -1.000000e+000
    outer loop
      vertex -1.992314e+001 -1.128036e+001 -4.000000e+000
      vertex -4.242366e+001 -1.156736e+001 -4.000000e+000
      vertex -4.250000e+001 -1.050000e+001 -4.000000e+000
    endloop
  endfacet
  facet normal  0.000000e+000  0.000000e+000 -1.000000e+000
    outer loop
      vertex -1.992314e+001 -1.128036e+001 -4.000000e+000
      vertex -4.250000e+001 -1.050000e+001 -4.000000e+000
      vertex -2.000000e+001 -1.050000e+001 -4.000000e+000
    endloop
  endfacet
  facet normal  0.000000e+000  0.000000e+000 -1.000000e+000
    outer loop
      vertex -1.822228e+001 -1.382588e+001 -4.000000e+000
      vertex -4.182224e+001 -1.361561e+001 -4.000000e+000
      vertex -1.882843e+001 -1.332843e+001 -4.000000e+000
    endloop
  endfacet
  facet normal  -0.000000e+000  0.000000e+000 -9.999999e-001
    outer loop
      vertex -1.882843e+001 -1.332843e+001 -4.000000e+000
      vertex -4.182224e+001 -1.361561e+001 -4.000000e+000
      vertex -4.219620e+001 -1.261299e+001 -4.000000e+000
    endloop
  endfacet
  facet normal  0.000000e+000  0.000000e+000 -1.000000e+000
    outer loop
      vertex -1.882843e+001 -1.332843e+001 -4.000000e+000
      vertex -4.219620e+001 -1.261299e+001 -4.000000e+000
      vertex -1.932588e+001 -1.272228e+001 -4.000000e+000
    endloop
  endfacet
  facet normal  0.000000e+000  0.000000e+000 -1.000000e+000
    outer loop
      vertex  1.200000e+001  1.050000e+001 -4.000000e+000
      vertex -1.207686e+001  1.128036e+001 -4.000000e+000
      vertex  1.207686e+001  1.128036e+001 -4.000000e+000
    endloop
  endfacet
  facet normal  0.000000e+000  0.000000e+000 -1.000000e+000
    outer loop
      vertex  1.207686e+001  1.128036e+001 -4.000000e+000
      vertex -1.207686e+001  1.128036e+001 -4.000000e+000
      vertex -1.230448e+001  1.203073e+001 -4.000000e+000
    endloop
  endfacet
  facet normal  0.000000e+000  0.000000e+000 -1.000000e+000
    outer loop
      vertex  1.207686e+001  1.128036e+001 -4.000000e+000
      vertex -1.230448e+001  1.203073e+001 -4.000000e+000
      vertex  1.230448e+001  1.203073e+001 -4.000000e+000
    endloop
  endfacet
  facet normal  0.000000e+000  0.000000e+000 -1.000000e+000
    outer loop
      vertex  1.230448e+001  1.203073e+001 -4.000000e+000
      vertex -1.230448e+001  1.203073e+001 -4.000000e+000
      vertex -1.267412e+001  1.272228e+001 -4.000000e+000
    endloop
  endfacet
  facet normal  0.000000e+000  0.000000e+000 -1.000000e+000
    outer loop
      vertex  1.230448e+001  1.203073e+001 -4.000000e+000
      vertex -1.267412e+001  1.272228e+001 -4.000000e+000
      vertex  1.267412e+001  1.272228e+001 -4.000000e+000
    endloop
  endfacet
  facet normal  0.000000e+000  0.000000e+000 -1.000000e+000
    outer loop
      vertex  1.267412e+001  1.272228e+001 -4.000000e+000
      vertex -1.267412e+001  1.272228e+001 -4.000000e+000
      vertex -1.317157e+001  1.332843e+001 -4.000000e+000
    endloop
  endfacet
  facet normal  0.000000e+000  0.000000e+000 -1.000000e+000
    outer loop
      vertex  1.267412e+001  1.272228e+001 -4.000000e+000
      vertex -1.317157e+001  1.332843e+001 -4.000000e+000
      vertex  1.317157e+001  1.332843e+001 -4.000000e+000
    endloop
  endfacet
  facet normal  0.000000e+000  0.000000e+000 -1.000000e+000
    outer loop
      vertex  1.317157e+001  1.332843e+001 -4.000000e+000
      vertex -1.317157e+001  1.332843e+001 -4.000000e+000
      vertex -1.377772e+001  1.382588e+001 -4.000000e+000
    endloop
  endfacet
  facet normal  0.000000e+000  0.000000e+000 -9.999999e-001
    outer loop
      vertex  1.317157e+001  1.332843e+001 -4.000000e+000
      vertex -1.377772e+001  1.382588e+001 -4.000000e+000
      vertex  1.377772e+001  1.382588e+001 -4.000000e+000
    endloop
  endfacet
  facet normal  0.000000e+000  0.000000e+000 -1.000000e+000
    outer loop
      vertex  1.377772e+001  1.382588e+001 -4.000000e+000
      vertex -1.377772e+001  1.382588e+001 -4.000000e+000
      vertex -1.446927e+001  1.419552e+001 -4.000000e+000
    endloop
  endfacet
  facet normal  0.000000e+000  0.000000e+000 -1.000000e+000
    outer loop
      vertex  1.377772e+001  1.382588e+001 -4.000000e+000
      vertex -1.446927e+001  1.419552e+001 -4.000000e+000
      vertex  1.446927e+001  1.419552e+001 -4.000000e+000
    endloop
  endfacet
  facet normal  0.000000e+000  0.000000e+000 -1.000000e+000
    outer loop
      vertex  1.446927e+001  1.419552e+001 -4.000000e+000
      vertex -1.446927e+001  1.419552e+001 -4.000000e+000
      vertex -1.521964e+001  1.442314e+001 -4.000000e+000
    endloop
  endfacet
  facet normal  0.000000e+000  0.000000e+000 -9.999999e-001
    outer loop
      vertex  1.446927e+001  1.419552e+001 -4.000000e+000
      vertex -1.521964e+001  1.442314e+001 -4.000000e+000
      vertex  1.521964e+001  1.442314e+001 -4.000000e+000
    endloop
  endfacet
  facet normal  0.000000e+000  0.000000e+000 -1.000000e+000
    outer loop
      vertex -1.207686e+001  1.128036e+001 -4.000000e+000
      vertex  1.200000e+001  1.050000e+001 -4.000000e+000
      vertex -1.200000e+001  1.050000e+001 -4.000000e+000
    endloop
  endfacet
  facet normal  0.000000e+000  0.000000e+000 -1.000000e+000
    outer loop
      vertex -1.200000e+001  1.050000e+001 -4.000000e+000
      vertex  1.200000e+001  1.050000e+001 -4.000000e+000
      vertex  1.200000e+001 -1.050000e+001 -4.000000e+000
    endloop
  endfacet
  facet normal  0.000000e+000  0.000000e+000 -1.000000e+000
    outer loop
      vertex -1.200000e+001  1.050000e+001 -4.000000e+000
      vertex  1.200000e+001 -1.050000e+001 -4.000000e+000
      vertex -1.200000e+001 -1.050000e+001 -4.000000e+000
    endloop
  endfacet
  facet normal  0.000000e+000  0.000000e+000 -1.000000e+000
    outer loop
      vertex -1.200000e+001 -1.050000e+001 -4.000000e+000
      vertex  1.200000e+001 -1.050000e+001 -4.000000e+000
      vertex  1.207686e+001 -1.128036e+001 -4.000000e+000
    endloop
  endfacet
  facet normal  0.000000e+000  0.000000e+000 -1.000000e+000
    outer loop
      vertex -1.200000e+001 -1.050000e+001 -4.000000e+000
      vertex  1.207686e+001 -1.128036e+001 -4.000000e+000
      vertex -1.207686e+001 -1.128036e+001 -4.000000e+000
    endloop
  endfacet
  facet normal  0.000000e+000  0.000000e+000 -1.000000e+000
    outer loop
      vertex -1.207686e+001 -1.128036e+001 -4.000000e+000
      vertex  1.207686e+001 -1.128036e+001 -4.000000e+000
      vertex  1.230448e+001 -1.203073e+001 -4.000000e+000
    endloop
  endfacet
  facet normal  0.000000e+000  0.000000e+000 -1.000000e+000
    outer loop
      vertex -1.207686e+001 -1.128036e+001 -4.000000e+000
      vertex  1.230448e+001 -1.203073e+001 -4.000000e+000
      vertex -1.230448e+001 -1.203073e+001 -4.000000e+000
    endloop
  endfacet
  facet normal  0.000000e+000  0.000000e+000 -1.000000e+000
    outer loop
      vertex -1.230448e+001 -1.203073e+001 -4.000000e+000
      vertex  1.230448e+001 -1.203073e+001 -4.000000e+000
      vertex  1.267412e+001 -1.272228e+001 -4.000000e+000
    endloop
  endfacet
  facet normal  0.000000e+000  0.000000e+000 -1.000000e+000
    outer loop
      vertex -1.230448e+001 -1.203073e+001 -4.000000e+000
      vertex  1.267412e+001 -1.272228e+001 -4.000000e+000
      vertex -1.267412e+001 -1.272228e+001 -4.000000e+000
    endloop
  endfacet
  facet normal  0.000000e+000  0.000000e+000 -1.000000e+000
    outer loop
      vertex -1.267412e+001 -1.272228e+001 -4.000000e+000
      vertex  1.267412e+001 -1.272228e+001 -4.000000e+000
      vertex  1.317157e+001 -1.332843e+001 -4.000000e+000
    endloop
  endfacet
  facet normal  0.000000e+000  0.000000e+000 -1.000000e+000
    outer loop
      vertex -1.267412e+001 -1.272228e+001 -4.000000e+000
      vertex  1.317157e+001 -1.332843e+001 -4.000000e+000
      vertex -1.317157e+001 -1.332843e+001 -4.000000e+000
    endloop
  endfacet
  facet normal  0.000000e+000  0.000000e+000 -1.000000e+000
    outer loop
      vertex -1.317157e+001 -1.332843e+001 -4.000000e+000
      vertex  1.317157e+001 -1.332843e+001 -4.000000e+000
      vertex  1.377772e+001 -1.382588e+001 -4.000000e+000
    endloop
  endfacet
  facet normal  0.000000e+000  0.000000e+000 -9.999999e-001
    outer loop
      vertex -1.317157e+001 -1.332843e+001 -4.000000e+000
      vertex  1.377772e+001 -1.382588e+001 -4.000000e+000
      vertex -1.377772e+001 -1.382588e+001 -4.000000e+000
    endloop
  endfacet
  facet normal  0.000000e+000  0.000000e+000 -1.000000e+000
    outer loop
      vertex -1.377772e+001 -1.382588e+001 -4.000000e+000
      vertex  1.377772e+001 -1.382588e+001 -4.000000e+000
      vertex  1.446927e+001 -1.419552e+001 -4.000000e+000
    endloop
  endfacet
  facet normal  0.000000e+000  0.000000e+000 -1.000000e+000
    outer loop
      vertex -1.377772e+001 -1.382588e+001 -4.000000e+000
      vertex  1.446927e+001 -1.419552e+001 -4.000000e+000
      vertex -1.446927e+001 -1.419552e+001 -4.000000e+000
    endloop
  endfacet
  facet normal  0.000000e+000  0.000000e+000 -1.000000e+000
    outer loop
      vertex -1.446927e+001 -1.419552e+001 -4.000000e+000
      vertex  1.446927e+001 -1.419552e+001 -4.000000e+000
      vertex  1.521964e+001 -1.442314e+001 -4.000000e+000
    endloop
  endfacet
  facet normal  0.000000e+000  0.000000e+000 -9.999999e-001
    outer loop
      vertex -1.446927e+001 -1.419552e+001 -4.000000e+000
      vertex  1.521964e+001 -1.442314e+001 -4.000000e+000
      vertex -1.521964e+001 -1.442314e+001 -4.000000e+000
    endloop
  endfacet
  facet normal  0.000000e+000  0.000000e+000 -1.000000e+000
    outer loop
      vertex  1.882843e+001  1.332843e+001 -4.000000e+000
      vertex  4.219620e+001  1.261299e+001 -4.000000e+000
      vertex  1.932588e+001  1.272228e+001 -4.000000e+000
    endloop
  endfacet
  facet normal  0.000000e+000  0.000000e+000 -1.000000e+000
    outer loop
      vertex  1.932588e+001  1.272228e+001 -4.000000e+000
      vertex  4.219620e+001  1.261299e+001 -4.000000e+000
      vertex  4.242366e+001  1.156736e+001 -4.000000e+000
    endloop
  endfacet
  facet normal  0.000000e+000  0.000000e+000 -1.000000e+000
    outer loop
      vertex  1.932588e+001  1.272228e+001 -4.000000e+000
      vertex  4.242366e+001  1.156736e+001 -4.000000e+000
      vertex  1.969552e+001  1.203073e+001 -4.000000e+000
    endloop
  endfacet
  facet normal  0.000000e+000  -0.000000e+000 -1.000000e+000
    outer loop
      vertex  1.932588e+001 -1.272228e+001 -4.000000e+000
      vertex  1.969552e+001 -1.203073e+001 -4.000000e+000
      vertex  4.219620e+001 -1.261299e+001 -4.000000e+000
    endloop
  endfacet
  facet normal  0.000000e+000  0.000000e+000 -1.000000e+000
    outer loop
      vertex  4.219620e+001 -1.261299e+001 -4.000000e+000
      vertex  1.969552e+001 -1.203073e+001 -4.000000e+000
      vertex  1.992314e+001 -1.128036e+001 -4.000000e+000
    endloop
  endfacet
  facet normal  0.000000e+000  0.000000e+000 -1.000000e+000
    outer loop
      vertex  4.219620e+001 -1.261299e+001 -4.000000e+000
      vertex  1.992314e+001 -1.128036e+001 -4.000000e+000
      vertex  4.242366e+001 -1.156736e+001 -4.000000e+000
    endloop
  endfacet
  facet normal  0.000000e+000  0.000000e+000 -1.000000e+000
    outer loop
      vertex  4.242366e+001 -1.156736e+001 -4.000000e+000
      vertex  1.992314e+001 -1.128036e+001 -4.000000e+000
      vertex  2.000000e+001 -1.050000e+001 -4.000000e+000
    endloop
  endfacet
  facet normal  0.000000e+000  0.000000e+000 -1.000000e+000
    outer loop
      vertex  4.242366e+001 -1.156736e+001 -4.000000e+000
      vertex  2.000000e+001 -1.050000e+001 -4.000000e+000
      vertex  4.250000e+001 -1.050000e+001 -4.000000e+000
    endloop
  endfacet
  facet normal  0.000000e+000  -0.000000e+000 -1.000000e+000
    outer loop
      vertex  1.822228e+001 -1.382588e+001 -4.000000e+000
      vertex  1.882843e+001 -1.332843e+001 -4.000000e+000
      vertex  4.182224e+001 -1.361561e+001 -4.000000e+000
    endloop
  endfacet
  facet normal  0.000000e+000  0.000000e+000 -1.000000e+000
    outer loop
      vertex  4.182224e+001 -1.361561e+001 -4.000000e+000
      vertex  1.882843e+001 -1.332843e+001 -4.000000e+000
      vertex  1.932588e+001 -1.272228e+001 -4.000000e+000
    endloop
  endfacet
  facet normal  0.000000e+000  0.000000e+000 -1.000000e+000
    outer loop
      vertex  4.182224e+001 -1.361561e+001 -4.000000e+000
      vertex  1.932588e+001 -1.272228e+001 -4.000000e+000
      vertex  4.219620e+001 -1.261299e+001 -4.000000e+000
    endloop
  endfacet
  facet normal  0.000000e+000  -0.000000e+000  1.000000e+000
    outer loop
      vertex -4.250000e+001  8.046739e+000 -2.000000e+000
      vertex -3.450000e+001  8.000000e+000 -2.000000e+000
      vertex -2.750000e+001  8.000000e+000 -2.000000e+000
    endloop
  endfacet
  facet normal  0.000000e+000  0.000000e+000  9.999999e-001
    outer loop
      vertex -3.950000e+001 -1.000000e+001 -2.000000e+000
      vertex -4.250000e+001 -8.046739e+000 -2.000000e+000
      vertex -4.250000e+001 -1.000000e+001 -2.000000e+000
    endloop
  endfacet
  facet normal  0.000000e+000  0.000000e+000  1.000000e+000
    outer loop
      vertex -3.450000e+001  5.500000e+000 -2.000000e+000
      vertex -3.450000e+001  8.000000e+000 -2.000000e+000
      vertex -4.250000e+001  8.046739e+000 -2.000000e+000
    endloop
  endfacet
  facet normal  0.000000e+000  0.000000e+000  1.000000e+000
    outer loop
      vertex -3.450000e+001  5.500000e+000 -2.000000e+000
      vertex -4.250000e+001  8.046739e+000 -2.000000e+000
      vertex -4.161038e+001  7.114367e+000 -2.000000e+000
    endloop
  endfacet
  facet normal  0.000000e+000  0.000000e+000  1.000000e+000
    outer loop
      vertex -3.450000e+001  5.500000e+000 -2.000000e+000
      vertex -4.161038e+001  7.114367e+000 -2.000000e+000
      vertex -4.083590e+001  6.084350e+000 -2.000000e+000
    endloop
  endfacet
  facet normal  0.000000e+000  0.000000e+000  1.000000e+000
    outer loop
      vertex -3.450000e+001  5.500000e+000 -2.000000e+000
      vertex -4.083590e+001  6.084350e+000 -2.000000e+000
      vertex -4.018721e+001  4.970824e+000 -2.000000e+000
    endloop
  endfacet
  facet normal  0.000000e+000  0.000000e+000  1.000000e+000
    outer loop
      vertex -3.450000e+001 -8.000000e+000 -2.000000e+000
      vertex -3.450000e+001 -5.500000e+000 -2.000000e+000
      vertex -4.018721e+001 -4.970824e+000 -2.000000e+000
    endloop
  endfacet
  facet normal  0.000000e+000  0.000000e+000  1.000000e+000
    outer loop
      vertex -3.450000e+001 -8.000000e+000 -2.000000e+000
      vertex -4.018721e+001 -4.970824e+000 -2.000000e+000
      vertex -4.083590e+001 -6.084350e+000 -2.000000e+000
    endloop
  endfacet
  facet normal  0.000000e+000  0.000000e+000  1.000000e+000
    outer loop
      vertex -3.450000e+001 -8.000000e+000 -2.000000e+000
      vertex -4.083590e+001 -6.084350e+000 -2.000000e+000
      vertex -4.161038e+001 -7.114367e+000 -2.000000e+000
    endloop
  endfacet
  facet normal  0.000000e+000  0.000000e+000  1.000000e+000
    outer loop
      vertex -3.450000e+001 -8.000000e+000 -2.000000e+000
      vertex -4.161038e+001 -7.114367e+000 -2.000000e+000
      vertex -4.250000e+001 -8.046739e+000 -2.000000e+000
    endloop
  endfacet
  facet normal  -0.000000e+000  0.000000e+000  1.000000e+000
    outer loop
      vertex -3.450000e+001 -8.000000e+000 -2.000000e+000
      vertex -4.250000e+001 -8.046739e+000 -2.000000e+000
      vertex -3.950000e+001 -1.000000e+001 -2.000000e+000
    endloop
  endfacet
  facet normal  0.000000e+000  0.000000e+000  1.000000e+000
    outer loop
      vertex -3.450000e+001 -8.000000e+000 -2.000000e+000
      vertex -3.950000e+001 -1.000000e+001 -2.000000e+000
      vertex -2.750000e+001 -8.000000e+000 -2.000000e+000
    endloop
  endfacet
  facet normal  0.000000e+000  0.000000e+000  9.999999e-001
    outer loop
      vertex -2.450000e+001  3.009787e-015 -2.000000e+000
      vertex -2.450000e+001  5.500000e+000 -2.000000e+000
      vertex -3.450000e+001  5.500000e+000 -2.000000e+000
    endloop
  endfacet
  facet normal  0.000000e+000  0.000000e+000  1.000000e+000
    outer loop
      vertex -2.450000e+001  3.009787e-015 -2.000000e+000
      vertex -3.450000e+001  5.500000e+000 -2.000000e+000
      vertex -4.018721e+001  4.970824e+000 -2.000000e+000
    endloop
  endfacet
  facet normal  0.000000e+000  0.000000e+000  1.000000e+000
    outer loop
      vertex -2.450000e+001  3.009787e-015 -2.000000e+000
      vertex -4.018721e+001  4.970824e+000 -2.000000e+000
      vertex -3.967319e+001  3.789073e+000 -2.000000e+000
    endloop
  endfacet
  facet normal  0.000000e+000  0.000000e+000  1.000000e+000
    outer loop
      vertex -2.450000e+001  3.009787e-015 -2.000000e+000
      vertex -3.967319e+001  3.789073e+000 -2.000000e+000
      vertex -3.930092e+001  2.555316e+000 -2.000000e+000
    endloop
  endfacet
  facet normal  0.000000e+000  0.000000e+000  1.000000e+000
    outer loop
      vertex -2.450000e+001  3.009787e-015 -2.000000e+000
      vertex -3.930092e+001  2.555316e+000 -2.000000e+000
      vertex -3.907549e+001  1.286486e+000 -2.000000e+000
    endloop
  endfacet
  facet normal  0.000000e+000  0.000000e+000  9.999999e-001
    outer loop
      vertex -2.450000e+001  3.009787e-015 -2.000000e+000
      vertex -3.907549e+001  1.286486e+000 -2.000000e+000
      vertex -3.900000e+001 -2.694223e-015 -2.000000e+000
    endloop
  endfacet
  facet normal  -0.000000e+000  0.000000e+000  1.000000e+000
    outer loop
      vertex -2.450000e+001  3.009787e-015 -2.000000e+000
      vertex -3.900000e+001 -2.694223e-015 -2.000000e+000
      vertex -3.907549e+001 -1.286486e+000 -2.000000e+000
    endloop
  endfacet
  facet normal  -0.000000e+000  0.000000e+000  1.000000e+000
    outer loop
      vertex -2.450000e+001  3.009787e-015 -2.000000e+000
      vertex -3.907549e+001 -1.286486e+000 -2.000000e+000
      vertex -2.450000e+001 -5.500000e+000 -2.000000e+000
    endloop
  endfacet
  facet normal  0.000000e+000  0.000000e+000  1.000000e+000
    outer loop
      vertex -2.450000e+001 -5.500000e+000 -2.000000e+000
      vertex -3.907549e+001 -1.286486e+000 -2.000000e+000
      vertex -3.930092e+001 -2.555316e+000 -2.000000e+000
    endloop
  endfacet
  facet normal  0.000000e+000  0.000000e+000  1.000000e+000
    outer loop
      vertex -2.450000e+001 -5.500000e+000 -2.000000e+000
      vertex -3.930092e+001 -2.555316e+000 -2.000000e+000
      vertex -3.967319e+001 -3.789073e+000 -2.000000e+000
    endloop
  endfacet
  facet normal  0.000000e+000  0.000000e+000  1.000000e+000
    outer loop
      vertex -2.450000e+001 -5.500000e+000 -2.000000e+000
      vertex -3.967319e+001 -3.789073e+000 -2.000000e+000
      vertex -4.018721e+001 -4.970824e+000 -2.000000e+000
    endloop
  endfacet
  facet normal  0.000000e+000  0.000000e+000  1.000000e+000
    outer loop
      vertex -2.450000e+001 -5.500000e+000 -2.000000e+000
      vertex -4.018721e+001 -4.970824e+000 -2.000000e+000
      vertex -3.450000e+001 -5.500000e+000 -2.000000e+000
    endloop
  endfacet
  facet normal  -0.000000e+000  0.000000e+000  1.000000e+000
    outer loop
      vertex -2.750000e+001  1.200000e+001 -2.000000e+000
      vertex -3.950000e+001  1.200000e+001 -2.000000e+000
      vertex -2.750000e+001  8.000000e+000 -2.000000e+000
    endloop
  endfacet
  facet normal  0.000000e+000  0.000000e+000  1.000000e+000
    outer loop
      vertex -2.750000e+001  8.000000e+000 -2.000000e+000
      vertex -3.950000e+001  1.200000e+001 -2.000000e+000
      vertex -3.950000e+001  1.000000e+001 -2.000000e+000
    endloop
  endfacet
  facet normal  0.000000e+000  0.000000e+000  1.000000e+000
    outer loop
      vertex -2.750000e+001  8.000000e+000 -2.000000e+000
      vertex -3.950000e+001  1.000000e+001 -2.000000e+000
      vertex -4.250000e+001  8.046739e+000 -2.000000e+000
    endloop
  endfacet
  facet normal  0.000000e+000  0.000000e+000  9.999999e-001
    outer loop
      vertex -4.250000e+001  8.046739e+000 -2.000000e+000
      vertex -3.950000e+001  1.000000e+001 -2.000000e+000
      vertex -4.250000e+001  1.000000e+001 -2.000000e+000
    endloop
  endfacet
  facet normal  0.000000e+000  0.000000e+000  1.000000e+000
    outer loop
      vertex -3.950000e+001 -1.000000e+001 -2.000000e+000
      vertex -3.950000e+001 -1.200000e+001 -2.000000e+000
      vertex -2.750000e+001 -8.000000e+000 -2.000000e+000
    endloop
  endfacet
  facet normal  0.000000e+000  0.000000e+000  1.000000e+000
    outer loop
      vertex -2.750000e+001 -8.000000e+000 -2.000000e+000
      vertex -3.950000e+001 -1.200000e+001 -2.000000e+000
      vertex -2.750000e+001 -1.200000e+001 -2.000000e+000
    endloop
  endfacet
  facet normal -9.573660e-001  2.888775e-001  0.000000e+000
    outer loop
      vertex -3.967319e+001 -3.789073e+000 -4.000000e+000
      vertex -3.930092e+001 -2.555316e+000 -2.000000e+000
      vertex -3.930092e+001 -2.555316e+000 -4.000000e+000
    endloop
  endfacet
  facet normal -9.845812e-001  1.749279e-001  0.000000e+000
    outer loop
      vertex -3.930092e+001 -2.555316e+000 -4.000000e+000
      vertex -3.930092e+001 -2.555316e+000 -2.000000e+000
      vertex -3.907549e+001 -1.286486e+000 -2.000000e+000
    endloop
  endfacet
  facet normal -9.845812e-001  1.749279e-001  0.000000e+000
    outer loop
      vertex -3.930092e+001 -2.555316e+000 -4.000000e+000
      vertex -3.907549e+001 -1.286486e+000 -2.000000e+000
      vertex -3.907549e+001 -1.286486e+000 -4.000000e+000
    endloop
  endfacet
  facet normal -9.982828e-001  5.857771e-002  0.000000e+000
    outer loop
      vertex -3.907549e+001 -1.286486e+000 -4.000000e+000
      vertex -3.907549e+001 -1.286486e+000 -2.000000e+000
      vertex -3.900000e+001 -2.694223e-015 -2.000000e+000
    endloop
  endfacet
  facet normal -9.982828e-001  5.857771e-002  0.000000e+000
    outer loop
      vertex -3.907549e+001 -1.286486e+000 -4.000000e+000
      vertex -3.900000e+001 -2.694223e-015 -2.000000e+000
      vertex -3.900000e+001 -2.694223e-015 -4.000000e+000
    endloop
  endfacet
  facet normal -9.573660e-001  2.888775e-001  0.000000e+000
    outer loop
      vertex -3.930092e+001 -2.555316e+000 -2.000000e+000
      vertex -3.967319e+001 -3.789073e+000 -4.000000e+000
      vertex -3.967319e+001 -3.789073e+000 -2.000000e+000
    endloop
  endfacet
  facet normal -9.170115e-001  3.988608e-001  0.000000e+000
    outer loop
      vertex -3.967319e+001 -3.789073e+000 -2.000000e+000
      vertex -3.967319e+001 -3.789073e+000 -4.000000e+000
      vertex -4.018721e+001 -4.970824e+000 -4.000000e+000
    endloop
  endfacet
  facet normal -9.170115e-001  3.988608e-001  0.000000e+000
    outer loop
      vertex -3.967319e+001 -3.789073e+000 -2.000000e+000
      vertex -4.018721e+001 -4.970824e+000 -4.000000e+000
      vertex -4.018721e+001 -4.970824e+000 -2.000000e+000
    endloop
  endfacet
  facet normal -8.640692e-001  5.033731e-001  0.000000e+000
    outer loop
      vertex -4.018721e+001 -4.970824e+000 -2.000000e+000
      vertex -4.018721e+001 -4.970824e+000 -4.000000e+000
      vertex -4.083590e+001 -6.084350e+000 -4.000000e+000
    endloop
  endfacet
  facet normal -8.640692e-001  5.033731e-001  0.000000e+000
    outer loop
      vertex -4.018721e+001 -4.970824e+000 -2.000000e+000
      vertex -4.083590e+001 -6.084350e+000 -4.000000e+000
      vertex -4.083590e+001 -6.084350e+000 -2.000000e+000
    endloop
  endfacet
  facet normal -7.992685e-001  6.009741e-001  0.000000e+000
    outer loop
      vertex -4.083590e+001 -6.084350e+000 -2.000000e+000
      vertex -4.083590e+001 -6.084350e+000 -4.000000e+000
      vertex -4.161038e+001 -7.114367e+000 -4.000000e+000
    endloop
  endfacet
  facet normal -7.992685e-001  6.009741e-001  0.000000e+000
    outer loop
      vertex -4.083590e+001 -6.084350e+000 -2.000000e+000
      vertex -4.161038e+001 -7.114367e+000 -4.000000e+000
      vertex -4.161038e+001 -7.114367e+000 -2.000000e+000
    endloop
  endfacet
  facet normal -7.234986e-001  6.903257e-001  0.000000e+000
    outer loop
      vertex -4.161038e+001 -7.114367e+000 -2.000000e+000
      vertex -4.161038e+001 -7.114367e+000 -4.000000e+000
      vertex -4.250000e+001 -8.046739e+000 -4.000000e+000
    endloop
  endfacet
  facet normal -7.234986e-001  6.903257e-001  0.000000e+000
    outer loop
      vertex -4.161038e+001 -7.114367e+000 -2.000000e+000
      vertex -4.250000e+001 -8.046739e+000 -4.000000e+000
      vertex -4.250000e+001 -8.046739e+000 -2.000000e+000
    endloop
  endfacet
  facet normal -8.640692e-001 -5.033731e-001  -0.000000e+000
    outer loop
      vertex -4.018721e+001  4.970824e+000 -4.000000e+000
      vertex -4.083590e+001  6.084350e+000 -2.000000e+000
      vertex -4.083590e+001  6.084350e+000 -4.000000e+000
    endloop
  endfacet
  facet normal -7.992685e-001 -6.009741e-001  0.000000e+000
    outer loop
      vertex -4.083590e+001  6.084350e+000 -4.000000e+000
      vertex -4.083590e+001  6.084350e+000 -2.000000e+000
      vertex -4.161038e+001  7.114367e+000 -2.000000e+000
    endloop
  endfacet
  facet normal -7.992685e-001 -6.009741e-001  -0.000000e+000
    outer loop
      vertex -4.083590e+001  6.084350e+000 -4.000000e+000
      vertex -4.161038e+001  7.114367e+000 -2.000000e+000
      vertex -4.161038e+001  7.114367e+000 -4.000000e+000
    endloop
  endfacet
  facet normal -7.234986e-001 -6.903257e-001  0.000000e+000
    outer loop
      vertex -4.161038e+001  7.114367e+000 -4.000000e+000
      vertex -4.161038e+001  7.114367e+000 -2.000000e+000
      vertex -4.250000e+001  8.046739e+000 -2.000000e+000
    endloop
  endfacet
  facet normal -7.234986e-001 -6.903257e-001  -0.000000e+000
    outer loop
      vertex -4.161038e+001  7.114367e+000 -4.000000e+000
      vertex -4.250000e+001  8.046739e+000 -2.000000e+000
      vertex -4.250000e+001  8.046739e+000 -4.000000e+000
    endloop
  endfacet
  facet normal -8.640692e-001 -5.033731e-001  0.000000e+000
    outer loop
      vertex -4.083590e+001  6.084350e+000 -2.000000e+000
      vertex -4.018721e+001  4.970824e+000 -4.000000e+000
      vertex -4.018721e+001  4.970824e+000 -2.000000e+000
    endloop
  endfacet
  facet normal -9.170115e-001 -3.988608e-001  -0.000000e+000
    outer loop
      vertex -4.018721e+001  4.970824e+000 -2.000000e+000
      vertex -4.018721e+001  4.970824e+000 -4.000000e+000
      vertex -3.967319e+001  3.789073e+000 -4.000000e+000
    endloop
  endfacet
  facet normal -9.170115e-001 -3.988608e-001  0.000000e+000
    outer loop
      vertex -4.018721e+001  4.970824e+000 -2.000000e+000
      vertex -3.967319e+001  3.789073e+000 -4.000000e+000
      vertex -3.967319e+001  3.789073e+000 -2.000000e+000
    endloop
  endfacet
  facet normal -9.573660e-001 -2.888775e-001  -0.000000e+000
    outer loop
      vertex -3.967319e+001  3.789073e+000 -2.000000e+000
      vertex -3.967319e+001  3.789073e+000 -4.000000e+000
      vertex -3.930092e+001  2.555316e+000 -4.000000e+000
    endloop
  endfacet
  facet normal -9.573660e-001 -2.888775e-001  0.000000e+000
    outer loop
      vertex -3.967319e+001  3.789073e+000 -2.000000e+000
      vertex -3.930092e+001  2.555316e+000 -4.000000e+000
      vertex -3.930092e+001  2.555316e+000 -2.000000e+000
    endloop
  endfacet
  facet normal -9.845812e-001 -1.749279e-001  -0.000000e+000
    outer loop
      vertex -3.930092e+001  2.555316e+000 -2.000000e+000
      vertex -3.930092e+001  2.555316e+000 -4.000000e+000
      vertex -3.907549e+001  1.286486e+000 -4.000000e+000
    endloop
  endfacet
  facet normal -9.845812e-001 -1.749279e-001  0.000000e+000
    outer loop
      vertex -3.930092e+001  2.555316e+000 -2.000000e+000
      vertex -3.907549e+001  1.286486e+000 -4.000000e+000
      vertex -3.907549e+001  1.286486e+000 -2.000000e+000
    endloop
  endfacet
  facet normal -9.982828e-001 -5.857771e-002  -0.000000e+000
    outer loop
      vertex -3.907549e+001  1.286486e+000 -2.000000e+000
      vertex -3.907549e+001  1.286486e+000 -4.000000e+000
      vertex -3.900000e+001 -2.694223e-015 -4.000000e+000
    endloop
  endfacet
  facet normal -9.982828e-001 -5.857771e-002  0.000000e+000
    outer loop
      vertex -3.907549e+001  1.286486e+000 -2.000000e+000
      vertex -3.900000e+001 -2.694223e-015 -4.000000e+000
      vertex -3.900000e+001 -2.694223e-015 -2.000000e+000
    endloop
  endfacet
  facet normal  -0.000000e+000  0.000000e+000  1.000000e+000
    outer loop
      vertex  3.450000e+001 -8.000000e+000 -2.000000e+000
      vertex  2.750000e+001 -8.000000e+000 -2.000000e+000
      vertex  3.950000e+001 -1.000000e+001 -2.000000e+000
    endloop
  endfacet
  facet normal  0.000000e+000  -0.000000e+000  1.000000e+000
    outer loop
      vertex  3.450000e+001 -8.000000e+000 -2.000000e+000
      vertex  3.950000e+001 -1.000000e+001 -2.000000e+000
      vertex  4.250000e+001 -1.000000e+001 -2.000000e+000
    endloop
  endfacet
  facet normal  0.000000e+000  -0.000000e+000  1.000000e+000
    outer loop
      vertex  3.450000e+001 -8.000000e+000 -2.000000e+000
      vertex  4.250000e+001 -1.000000e+001 -2.000000e+000
      vertex  4.250000e+001 -8.046739e+000 -2.000000e+000
    endloop
  endfacet
  facet normal  0.000000e+000  0.000000e+000  1.000000e+000
    outer loop
      vertex  3.450000e+001 -8.000000e+000 -2.000000e+000
      vertex  4.250000e+001 -8.046739e+000 -2.000000e+000
      vertex  4.161038e+001 -7.114367e+000 -2.000000e+000
    endloop
  endfacet
  facet normal  0.000000e+000  0.000000e+000  1.000000e+000
    outer loop
      vertex  3.450000e+001 -8.000000e+000 -2.000000e+000
      vertex  4.161038e+001 -7.114367e+000 -2.000000e+000
      vertex  4.083590e+001 -6.084350e+000 -2.000000e+000
    endloop
  endfacet
  facet normal  0.000000e+000  0.000000e+000  1.000000e+000
    outer loop
      vertex  3.450000e+001 -8.000000e+000 -2.000000e+000
      vertex  4.083590e+001 -6.084350e+000 -2.000000e+000
      vertex  4.018721e+001 -4.970824e+000 -2.000000e+000
    endloop
  endfacet
  facet normal  0.000000e+000  0.000000e+000  1.000000e+000
    outer loop
      vertex  3.450000e+001 -8.000000e+000 -2.000000e+000
      vertex  4.018721e+001 -4.970824e+000 -2.000000e+000
      vertex  3.450000e+001 -5.500000e+000 -2.000000e+000
    endloop
  endfacet
  facet normal  -0.000000e+000  0.000000e+000  1.000000e+000
    outer loop
      vertex  3.450000e+001  5.500000e+000 -2.000000e+000
      vertex  2.450000e+001  5.500000e+000 -2.000000e+000
      vertex  4.018721e+001  4.970824e+000 -2.000000e+000
    endloop
  endfacet
  facet normal  0.000000e+000  -0.000000e+000  1.000000e+000
    outer loop
      vertex  3.450000e+001  5.500000e+000 -2.000000e+000
      vertex  4.018721e+001  4.970824e+000 -2.000000e+000
      vertex  4.083590e+001  6.084350e+000 -2.000000e+000
    endloop
  endfacet
  facet normal  0.000000e+000  -0.000000e+000  1.000000e+000
    outer loop
      vertex  3.450000e+001  5.500000e+000 -2.000000e+000
      vertex  4.083590e+001  6.084350e+000 -2.000000e+000
      vertex  4.161038e+001  7.114367e+000 -2.000000e+000
    endloop
  endfacet
  facet normal  0.000000e+000  -0.000000e+000  1.000000e+000
    outer loop
      vertex  3.450000e+001  5.500000e+000 -2.000000e+000
      vertex  4.161038e+001  7.114367e+000 -2.000000e+000
      vertex  4.250000e+001  8.046739e+000 -2.000000e+000
    endloop
  endfacet
  facet normal  0.000000e+000  0.000000e+000  1.000000e+000
    outer loop
      vertex  3.450000e+001  5.500000e+000 -2.000000e+000
      vertex  4.250000e+001  8.046739e+000 -2.000000e+000
      vertex  3.450000e+001  8.000000e+000 -2.000000e+000
    endloop
  endfacet
  facet normal  0.000000e+000  -0.000000e+000  1.000000e+000
    outer loop
      vertex  2.750000e+001  8.000000e+000 -2.000000e+000
      vertex  3.450000e+001  8.000000e+000 -2.000000e+000
      vertex  4.250000e+001  8.046739e+000 -2.000000e+000
    endloop
  endfacet
  facet normal  0.000000e+000  -0.000000e+000  9.999999e-001
    outer loop
      vertex  2.750000e+001  8.000000e+000 -2.000000e+000
      vertex  4.250000e+001  8.046739e+000 -2.000000e+000
      vertex  4.250000e+001  1.000000e+001 -2.000000e+000
    endloop
  endfacet
  facet normal  0.000000e+000  0.000000e+000  1.000000e+000
    outer loop
      vertex  2.750000e+001  8.000000e+000 -2.000000e+000
      vertex  4.250000e+001  1.000000e+001 -2.000000e+000
      vertex  3.950000e+001  1.000000e+001 -2.000000e+000
    endloop
  endfacet
  facet normal  0.000000e+000  -0.000000e+000  1.000000e+000
    outer loop
      vertex  2.750000e+001  8.000000e+000 -2.000000e+000
      vertex  3.950000e+001  1.000000e+001 -2.000000e+000
      vertex  3.950000e+001  1.200000e+001 -2.000000e+000
    endloop
  endfacet
  facet normal  0.000000e+000  0.000000e+000  1.000000e+000
    outer loop
      vertex  2.750000e+001  8.000000e+000 -2.000000e+000
      vertex  3.950000e+001  1.200000e+001 -2.000000e+000
      vertex  2.750000e+001  1.200000e+001 -2.000000e+000
    endloop
  endfacet
  facet normal  0.000000e+000  0.000000e+000  1.000000e+000
    outer loop
      vertex  2.450000e+001 -2.664535e-015 -2.000000e+000
      vertex  2.450000e+001 -5.500000e+000 -2.000000e+000
      vertex  3.907549e+001 -1.286486e+000 -2.000000e+000
    endloop
  endfacet
  facet normal  0.000000e+000  0.000000e+000  9.999999e-001
    outer loop
      vertex  2.450000e+001 -2.664535e-015 -2.000000e+000
      vertex  3.907549e+001 -1.286486e+000 -2.000000e+000
      vertex  3.900000e+001  1.347111e-015 -2.000000e+000
    endloop
  endfacet
  facet normal  0.000000e+000  -0.000000e+000  1.000000e+000
    outer loop
      vertex  2.450000e+001 -2.664535e-015 -2.000000e+000
      vertex  3.900000e+001  1.347111e-015 -2.000000e+000
      vertex  3.907549e+001  1.286486e+000 -2.000000e+000
    endloop
  endfacet
  facet normal  0.000000e+000  -0.000000e+000  1.000000e+000
    outer loop
      vertex  2.450000e+001 -2.664535e-015 -2.000000e+000
      vertex  3.907549e+001  1.286486e+000 -2.000000e+000
      vertex  3.930092e+001  2.555316e+000 -2.000000e+000
    endloop
  endfacet
  facet normal  0.000000e+000  -0.000000e+000  1.000000e+000
    outer loop
      vertex  2.450000e+001 -2.664535e-015 -2.000000e+000
      vertex  3.930092e+001  2.555316e+000 -2.000000e+000
      vertex  3.967319e+001  3.789073e+000 -2.000000e+000
    endloop
  endfacet
  facet normal  0.000000e+000  -0.000000e+000  1.000000e+000
    outer loop
      vertex  2.450000e+001 -2.664535e-015 -2.000000e+000
      vertex  3.967319e+001  3.789073e+000 -2.000000e+000
      vertex  4.018721e+001  4.970824e+000 -2.000000e+000
    endloop
  endfacet
  facet normal  0.000000e+000  0.000000e+000  1.000000e+000
    outer loop
      vertex  2.450000e+001 -2.664535e-015 -2.000000e+000
      vertex  4.018721e+001  4.970824e+000 -2.000000e+000
      vertex  2.450000e+001  5.500000e+000 -2.000000e+000
    endloop
  endfacet
  facet normal  0.000000e+000  -0.000000e+000  1.000000e+000
    outer loop
      vertex  2.450000e+001 -5.500000e+000 -2.000000e+000
      vertex  3.450000e+001 -5.500000e+000 -2.000000e+000
      vertex  4.018721e+001 -4.970824e+000 -2.000000e+000
    endloop
  endfacet
  facet normal  0.000000e+000  0.000000e+000  1.000000e+000
    outer loop
      vertex  2.450000e+001 -5.500000e+000 -2.000000e+000
      vertex  4.018721e+001 -4.970824e+000 -2.000000e+000
      vertex  3.967319e+001 -3.789073e+000 -2.000000e+000
    endloop
  endfacet
  facet normal  0.000000e+000  0.000000e+000  1.000000e+000
    outer loop
      vertex  2.450000e+001 -5.500000e+000 -2.000000e+000
      vertex  3.967319e+001 -3.789073e+000 -2.000000e+000
      vertex  3.930092e+001 -2.555316e+000 -2.000000e+000
    endloop
  endfacet
  facet normal  0.000000e+000  0.000000e+000  1.000000e+000
    outer loop
      vertex  2.450000e+001 -5.500000e+000 -2.000000e+000
      vertex  3.930092e+001 -2.555316e+000 -2.000000e+000
      vertex  3.907549e+001 -1.286486e+000 -2.000000e+000
    endloop
  endfacet
  facet normal  0.000000e+000  0.000000e+000  1.000000e+000
    outer loop
      vertex  2.750000e+001 -1.200000e+001 -2.000000e+000
      vertex  3.950000e+001 -1.200000e+001 -2.000000e+000
      vertex  2.750000e+001 -8.000000e+000 -2.000000e+000
    endloop
  endfacet
  facet normal  0.000000e+000  0.000000e+000  1.000000e+000
    outer loop
      vertex  2.750000e+001 -8.000000e+000 -2.000000e+000
      vertex  3.950000e+001 -1.200000e+001 -2.000000e+000
      vertex  3.950000e+001 -1.000000e+001 -2.000000e+000
    endloop
  endfacet
  facet normal  9.573660e-001 -2.888775e-001  0.000000e+000
    outer loop
      vertex  3.967319e+001  3.789073e+000 -4.000000e+000
      vertex  3.930092e+001  2.555316e+000 -2.000000e+000
      vertex  3.930092e+001  2.555316e+000 -4.000000e+000
    endloop
  endfacet
  facet normal  9.845812e-001 -1.749279e-001  0.000000e+000
    outer loop
      vertex  3.930092e+001  2.555316e+000 -4.000000e+000
      vertex  3.930092e+001  2.555316e+000 -2.000000e+000
      vertex  3.907549e+001  1.286486e+000 -2.000000e+000
    endloop
  endfacet
  facet normal  9.845812e-001 -1.749279e-001  0.000000e+000
    outer loop
      vertex  3.930092e+001  2.555316e+000 -4.000000e+000
      vertex  3.907549e+001  1.286486e+000 -2.000000e+000
      vertex  3.907549e+001  1.286486e+000 -4.000000e+000
    endloop
  endfacet
  facet normal  9.982828e-001 -5.857771e-002  0.000000e+000
    outer loop
      vertex  3.907549e+001  1.286486e+000 -4.000000e+000
      vertex  3.907549e+001  1.286486e+000 -2.000000e+000
      vertex  3.900000e+001  1.347111e-015 -2.000000e+000
    endloop
  endfacet
  facet normal  9.982828e-001 -5.857771e-002  0.000000e+000
    outer loop
      vertex  3.907549e+001  1.286486e+000 -4.000000e+000
      vertex  3.900000e+001  1.347111e-015 -2.000000e+000
      vertex  3.900000e+001  1.347111e-015 -4.000000e+000
    endloop
  endfacet
  facet normal  9.573660e-001 -2.888775e-001  0.000000e+000
    outer loop
      vertex  3.930092e+001  2.555316e+000 -2.000000e+000
      vertex  3.967319e+001  3.789073e+000 -4.000000e+000
      vertex  3.967319e+001  3.789073e+000 -2.000000e+000
    endloop
  endfacet
  facet normal  9.170115e-001 -3.988608e-001  0.000000e+000
    outer loop
      vertex  3.967319e+001  3.789073e+000 -2.000000e+000
      vertex  3.967319e+001  3.789073e+000 -4.000000e+000
      vertex  4.018721e+001  4.970824e+000 -4.000000e+000
    endloop
  endfacet
  facet normal  9.170115e-001 -3.988608e-001  0.000000e+000
    outer loop
      vertex  3.967319e+001  3.789073e+000 -2.000000e+000
      vertex  4.018721e+001  4.970824e+000 -4.000000e+000
      vertex  4.018721e+001  4.970824e+000 -2.000000e+000
    endloop
  endfacet
  facet normal  8.640692e-001 -5.033731e-001  0.000000e+000
    outer loop
      vertex  4.018721e+001  4.970824e+000 -2.000000e+000
      vertex  4.018721e+001  4.970824e+000 -4.000000e+000
      vertex  4.083590e+001  6.084350e+000 -4.000000e+000
    endloop
  endfacet
  facet normal  8.640692e-001 -5.033731e-001  0.000000e+000
    outer loop
      vertex  4.018721e+001  4.970824e+000 -2.000000e+000
      vertex  4.083590e+001  6.084350e+000 -4.000000e+000
      vertex  4.083590e+001  6.084350e+000 -2.000000e+000
    endloop
  endfacet
  facet normal  7.992685e-001 -6.009741e-001  0.000000e+000
    outer loop
      vertex  4.083590e+001  6.084350e+000 -2.000000e+000
      vertex  4.083590e+001  6.084350e+000 -4.000000e+000
      vertex  4.161038e+001  7.114367e+000 -4.000000e+000
    endloop
  endfacet
  facet normal  7.992685e-001 -6.009741e-001  0.000000e+000
    outer loop
      vertex  4.083590e+001  6.084350e+000 -2.000000e+000
      vertex  4.161038e+001  7.114367e+000 -4.000000e+000
      vertex  4.161038e+001  7.114367e+000 -2.000000e+000
    endloop
  endfacet
  facet normal  7.234986e-001 -6.903257e-001  0.000000e+000
    outer loop
      vertex  4.161038e+001  7.114367e+000 -2.000000e+000
      vertex  4.161038e+001  7.114367e+000 -4.000000e+000
      vertex  4.250000e+001  8.046739e+000 -4.000000e+000
    endloop
  endfacet
  facet normal  7.234986e-001 -6.903257e-001  0.000000e+000
    outer loop
      vertex  4.161038e+001  7.114367e+000 -2.000000e+000
      vertex  4.250000e+001  8.046739e+000 -4.000000e+000
      vertex  4.250000e+001  8.046739e+000 -2.000000e+000
    endloop
  endfacet
  facet normal  8.640692e-001  5.033731e-001  0.000000e+000
    outer loop
      vertex  4.018721e+001 -4.970824e+000 -4.000000e+000
      vertex  4.083590e+001 -6.084350e+000 -2.000000e+000
      vertex  4.083590e+001 -6.084350e+000 -4.000000e+000
    endloop
  endfacet
  facet normal  7.992685e-001  6.009741e-001  -0.000000e+000
    outer loop
      vertex  4.083590e+001 -6.084350e+000 -4.000000e+000
      vertex  4.083590e+001 -6.084350e+000 -2.000000e+000
      vertex  4.161038e+001 -7.114367e+000 -2.000000e+000
    endloop
  endfacet
  facet normal  7.992685e-001  6.009741e-001  0.000000e+000
    outer loop
      vertex  4.083590e+001 -6.084350e+000 -4.000000e+000
      vertex  4.161038e+001 -7.114367e+000 -2.000000e+000
      vertex  4.161038e+001 -7.114367e+000 -4.000000e+000
    endloop
  endfacet
  facet normal  7.234986e-001  6.903257e-001  -0.000000e+000
    outer loop
      vertex  4.161038e+001 -7.114367e+000 -4.000000e+000
      vertex  4.161038e+001 -7.114367e+000 -2.000000e+000
      vertex  4.250000e+001 -8.046739e+000 -2.000000e+000
    endloop
  endfacet
  facet normal  7.234986e-001  6.903257e-001  0.000000e+000
    outer loop
      vertex  4.161038e+001 -7.114367e+000 -4.000000e+000
      vertex  4.250000e+001 -8.046739e+000 -2.000000e+000
      vertex  4.250000e+001 -8.046739e+000 -4.000000e+000
    endloop
  endfacet
  facet normal  8.640692e-001  5.033731e-001  -0.000000e+000
    outer loop
      vertex  4.083590e+001 -6.084350e+000 -2.000000e+000
      vertex  4.018721e+001 -4.970824e+000 -4.000000e+000
      vertex  4.018721e+001 -4.970824e+000 -2.000000e+000
    endloop
  endfacet
  facet normal  9.170115e-001  3.988608e-001  0.000000e+000
    outer loop
      vertex  4.018721e+001 -4.970824e+000 -2.000000e+000
      vertex  4.018721e+001 -4.970824e+000 -4.000000e+000
      vertex  3.967319e+001 -3.789073e+000 -4.000000e+000
    endloop
  endfacet
  facet normal  9.170115e-001  3.988608e-001  -0.000000e+000
    outer loop
      vertex  4.018721e+001 -4.970824e+000 -2.000000e+000
      vertex  3.967319e+001 -3.789073e+000 -4.000000e+000
      vertex  3.967319e+001 -3.789073e+000 -2.000000e+000
    endloop
  endfacet
  facet normal  9.573660e-001  2.888775e-001  0.000000e+000
    outer loop
      vertex  3.967319e+001 -3.789073e+000 -2.000000e+000
      vertex  3.967319e+001 -3.789073e+000 -4.000000e+000
      vertex  3.930092e+001 -2.555316e+000 -4.000000e+000
    endloop
  endfacet
  facet normal  9.573660e-001  2.888775e-001  -0.000000e+000
    outer loop
      vertex  3.967319e+001 -3.789073e+000 -2.000000e+000
      vertex  3.930092e+001 -2.555316e+000 -4.000000e+000
      vertex  3.930092e+001 -2.555316e+000 -2.000000e+000
    endloop
  endfacet
  facet normal  9.845812e-001  1.749279e-001  0.000000e+000
    outer loop
      vertex  3.930092e+001 -2.555316e+000 -2.000000e+000
      vertex  3.930092e+001 -2.555316e+000 -4.000000e+000
      vertex  3.907549e+001 -1.286486e+000 -4.000000e+000
    endloop
  endfacet
  facet normal  9.845812e-001  1.749279e-001  -0.000000e+000
    outer loop
      vertex  3.930092e+001 -2.555316e+000 -2.000000e+000
      vertex  3.907549e+001 -1.286486e+000 -4.000000e+000
      vertex  3.907549e+001 -1.286486e+000 -2.000000e+000
    endloop
  endfacet
  facet normal  9.982828e-001  5.857771e-002  0.000000e+000
    outer loop
      vertex  3.907549e+001 -1.286486e+000 -2.000000e+000
      vertex  3.907549e+001 -1.286486e+000 -4.000000e+000
      vertex  3.900000e+001  1.347111e-015 -4.000000e+000
    endloop
  endfacet
  facet normal  9.982828e-001  5.857771e-002  -0.000000e+000
    outer loop
      vertex  3.907549e+001 -1.286486e+000 -2.000000e+000
      vertex  3.900000e+001  1.347111e-015 -4.000000e+000
      vertex  3.900000e+001  1.347111e-015 -2.000000e+000
    endloop
  endfacet
endsolid CATIA STL
