ISO-10303-21;
HEADER;
FILE_DESCRIPTION(('CATIA V5 STEP Exchange'),'2;1');

FILE_NAME('C:\\Users\\jon-g\\Andromeda\\Proyectos\\1_Activos\\LIA\\enclosure\\step\\Bottom_enclosure.stp','2026-07-06T07:57:26+00:00',('none'),('none'),'CATIA Version 5 Release 20 GA (IN-10)','CATIA V5 STEP AP203','none');

FILE_SCHEMA(('CONFIG_CONTROL_DESIGN'));

ENDSEC;
/* file written by CATIA V5R20 */
DATA;
#5=PRODUCT('Bottom_enclosure','','',(#2)) ;
#1=APPLICATION_CONTEXT('configuration controlled 3D design of mechanical parts and assemblies') ;
#14=PRODUCT_DEFINITION('',' ',#6,#3) ;
#16=SECURITY_CLASSIFICATION(' ',' ',#15) ;
#15=SECURITY_CLASSIFICATION_LEVEL('unclassified') ;
#47=CARTESIAN_POINT(' ',(0.,0.,0.)) ;
#52=CARTESIAN_POINT('Axis2P3D Location',(-23.5,-12.5,3.25)) ;
#57=CARTESIAN_POINT('Line Origine',(-22.75,-15.4047375097,3.25)) ;
#61=CARTESIAN_POINT('Vertex',(-22.75,-15.4047375097,1.5)) ;
#63=CARTESIAN_POINT('Vertex',(-22.75,-15.4047375097,5.)) ;
#66=CARTESIAN_POINT('Axis2P3D Location',(-23.5,-12.5,1.5)) ;
#70=CARTESIAN_POINT('Vertex',(-24.25,-15.4047375097,1.5)) ;
#73=CARTESIAN_POINT('Line Origine',(-24.25,-15.4047375097,3.25)) ;
#77=CARTESIAN_POINT('Vertex',(-24.25,-15.4047375097,5.)) ;
#80=CARTESIAN_POINT('Axis2P3D Location',(-23.5,-12.5,5.)) ;
#92=CARTESIAN_POINT('Axis2P3D Location',(-24.25,-15.4047375097,1.5)) ;
#97=CARTESIAN_POINT('Line Origine',(-24.25,-15.9523687548,1.5)) ;
#101=CARTESIAN_POINT('Vertex',(-24.25,-16.5,1.5)) ;
#104=CARTESIAN_POINT('Line Origine',(-24.25,-16.5,3.25)) ;
#108=CARTESIAN_POINT('Vertex',(-24.25,-16.5,5.)) ;
#111=CARTESIAN_POINT('Line Origine',(-24.25,-15.9523687548,5.)) ;
#123=CARTESIAN_POINT('Axis2P3D Location',(-7.1054273576E-015,-16.5,0.)) ;
#128=CARTESIAN_POINT('Line Origine',(0.,-16.5,1.5)) ;
#132=CARTESIAN_POINT('Vertex',(-35.0000016547,-16.5,1.5)) ;
#135=CARTESIAN_POINT('Line Origine',(-35.0000016547,-16.5,5.75)) ;
#139=CARTESIAN_POINT('Vertex',(-35.0000016547,-16.5,10.)) ;
#142=CARTESIAN_POINT('Line Origine',(0.,-16.5,10.)) ;
#146=CARTESIAN_POINT('Vertex',(-17.,-16.5,10.)) ;
#150=CARTESIAN_POINT('Control Point',(-17.,-16.5,10.)) ;
#151=CARTESIAN_POINT('Control Point',(-12.9,-16.5,5.9)) ;
#152=CARTESIAN_POINT('Vertex',(-12.9,-16.5,5.9)) ;
#155=CARTESIAN_POINT('Line Origine',(0.,-16.5,5.9)) ;
#159=CARTESIAN_POINT('Vertex',(-10.75,-16.5,5.9)) ;
#163=CARTESIAN_POINT('Control Point',(-7.,-16.5,2.15)) ;
#164=CARTESIAN_POINT('Control Point',(-8.1780972451,-16.5,2.15)) ;
#165=CARTESIAN_POINT('Control Point',(-9.35729366261,-16.5,2.61130626517)) ;
#166=CARTESIAN_POINT('Control Point',(-10.2886937348,-16.5,3.54270633739)) ;
#167=CARTESIAN_POINT('Control Point',(-10.75,-16.5,4.7219027549)) ;
#168=CARTESIAN_POINT('Control Point',(-10.75,-16.5,5.9)) ;
#169=CARTESIAN_POINT('Vertex',(-7.,-16.5,2.15)) ;
#172=CARTESIAN_POINT('Line Origine',(0.,-16.5,2.15)) ;
#176=CARTESIAN_POINT('Vertex',(-2.6645352591E-015,-16.5,2.15)) ;
#179=CARTESIAN_POINT('Line Origine',(0.,-16.5,2.15)) ;
#183=CARTESIAN_POINT('Vertex',(7.,-16.5,2.15)) ;
#187=CARTESIAN_POINT('Control Point',(10.75,-16.5,5.9)) ;
#188=CARTESIAN_POINT('Control Point',(10.75,-16.5,4.7219027549)) ;
#189=CARTESIAN_POINT('Control Point',(10.2886937348,-16.5,3.54270633739)) ;
#190=CARTESIAN_POINT('Control Point',(9.35729366261,-16.5,2.61130626517)) ;
#191=CARTESIAN_POINT('Control Point',(8.1780972451,-16.5,2.15)) ;
#192=CARTESIAN_POINT('Control Point',(7.,-16.5,2.15)) ;
#193=CARTESIAN_POINT('Vertex',(10.75,-16.5,5.9)) ;
#196=CARTESIAN_POINT('Line Origine',(0.,-16.5,5.9)) ;
#200=CARTESIAN_POINT('Vertex',(12.9,-16.5,5.9)) ;
#204=CARTESIAN_POINT('Control Point',(17.,-16.5,10.)) ;
#205=CARTESIAN_POINT('Control Point',(12.9,-16.5,5.9)) ;
#206=CARTESIAN_POINT('Vertex',(17.,-16.5,10.)) ;
#209=CARTESIAN_POINT('Line Origine',(0.,-16.5,10.)) ;
#213=CARTESIAN_POINT('Vertex',(35.0000016547,-16.5,10.)) ;
#216=CARTESIAN_POINT('Line Origine',(35.0000016547,-16.5,5.75)) ;
#220=CARTESIAN_POINT('Vertex',(35.0000016547,-16.5,1.5)) ;
#223=CARTESIAN_POINT('Line Origine',(0.,-16.5,1.5)) ;
#227=CARTESIAN_POINT('Vertex',(-22.75,-16.5,1.5)) ;
#230=CARTESIAN_POINT('Line Origine',(-22.75,-16.5,5.75)) ;
#234=CARTESIAN_POINT('Vertex',(-22.75,-16.5,5.)) ;
#237=CARTESIAN_POINT('Line Origine',(0.,-16.5,5.)) ;
#262=CARTESIAN_POINT('Axis2P3D Location',(-22.75,-16.5,1.5)) ;
#267=CARTESIAN_POINT('Line Origine',(-22.75,-15.9523687548,1.5)) ;
#272=CARTESIAN_POINT('Line Origine',(-22.75,-15.9523687548,5.)) ;
#284=CARTESIAN_POINT('Axis2P3D Location',(0.,0.,1.5)) ;
#289=CARTESIAN_POINT('Line Origine',(35.0000016547,0.,1.5)) ;
#293=CARTESIAN_POINT('Vertex',(35.0000016547,-15.,1.5)) ;
#297=CARTESIAN_POINT('Control Point',(35.0000016547,-15.,1.5)) ;
#298=CARTESIAN_POINT('Control Point',(36.6169099383,-15.,1.5)) ;
#299=CARTESIAN_POINT('Control Point',(38.2370801375,-14.2770168232,1.5)) ;
#300=CARTESIAN_POINT('Control Point',(39.4058040508,-12.8094227799,1.5)) ;
#301=CARTESIAN_POINT('Control Point',(39.7477547,-11.068524764,1.5)) ;
#302=CARTESIAN_POINT('Control Point',(39.3858000732,-9.49265000831,1.5)) ;
#303=CARTESIAN_POINT('Vertex',(39.3858000732,-9.49265000831,1.5)) ;
#307=CARTESIAN_POINT('Control Point',(35.9999981006,1.42108547152E-014,1.5)) ;
#308=CARTESIAN_POINT('Control Point',(35.9999981006,-2.56957483288,1.5)) ;
#309=CARTESIAN_POINT('Control Point',(36.5873538522,-5.14064663547,1.5)) ;
#310=CARTESIAN_POINT('Control Point',(37.7596617693,-7.50307994463,1.5)) ;
#311=CARTESIAN_POINT('Control Point',(39.3858000732,-9.49265000831,1.5)) ;
#312=CARTESIAN_POINT('Vertex',(35.9999981006,-1.1147622149E-013,1.5)) ;
#316=CARTESIAN_POINT('Control Point',(39.3858000732,9.49265000831,1.5)) ;
#317=CARTESIAN_POINT('Control Point',(37.7596617693,7.50307994463,1.5)) ;
#318=CARTESIAN_POINT('Control Point',(36.5873538522,5.14064663547,1.5)) ;
#319=CARTESIAN_POINT('Control Point',(35.9999981006,2.56957483288,1.5)) ;
#320=CARTESIAN_POINT('Control Point',(35.9999981006,1.50990331349E-014,1.5)) ;
#321=CARTESIAN_POINT('Vertex',(39.3858000732,9.49265000831,1.5)) ;
#325=CARTESIAN_POINT('Control Point',(39.3858000732,9.49265000831,1.5)) ;
#326=CARTESIAN_POINT('Control Point',(39.7477547,11.068524764,1.5)) ;
#327=CARTESIAN_POINT('Control Point',(39.4058040508,12.8094227799,1.5)) ;
#328=CARTESIAN_POINT('Control Point',(38.2370801375,14.2770168232,1.5)) ;
#329=CARTESIAN_POINT('Control Point',(36.6169099383,15.,1.5)) ;
#330=CARTESIAN_POINT('Control Point',(35.0000016547,15.,1.5)) ;
#331=CARTESIAN_POINT('Vertex',(35.0000016547,15.,1.5)) ;
#334=CARTESIAN_POINT('Line Origine',(35.0000016547,0.,1.5)) ;
#338=CARTESIAN_POINT('Vertex',(35.0000016547,16.5,1.5)) ;
#341=CARTESIAN_POINT('Line Origine',(7.1054273576E-015,16.5,1.5)) ;
#345=CARTESIAN_POINT('Vertex',(20.25,16.5,1.5)) ;
#348=CARTESIAN_POINT('Line Origine',(20.25,0.,1.5)) ;
#352=CARTESIAN_POINT('Vertex',(20.25,15.4047375097,1.5)) ;
#356=CARTESIAN_POINT('Control Point',(18.75,15.4047375097,1.5)) ;
#357=CARTESIAN_POINT('Control Point',(17.9108467794,15.1880690798,1.5)) ;
#358=CARTESIAN_POINT('Control Point',(17.149935573,14.668370632,1.5)) ;
#359=CARTESIAN_POINT('Control Point',(16.6159752998,13.8809545746,1.5)) ;
#360=CARTESIAN_POINT('Control Point',(16.2134373049,12.082551804,1.5)) ;
#361=CARTESIAN_POINT('Control Point',(17.0527937351,10.4418903076,1.5)) ;
#362=CARTESIAN_POINT('Control Point',(17.7666525609,9.81296805672,1.5)) ;
#363=CARTESIAN_POINT('Control Point',(19.5,9.18703194328,1.5)) ;
#364=CARTESIAN_POINT('Control Point',(21.2333474391,9.81296805672,1.5)) ;
#365=CARTESIAN_POINT('Control Point',(21.9472062649,10.4418903076,1.5)) ;
#366=CARTESIAN_POINT('Control Point',(22.7865626951,12.082551804,1.5)) ;
#367=CARTESIAN_POINT('Control Point',(22.3840247002,13.8809545746,1.5)) ;
#368=CARTESIAN_POINT('Control Point',(21.850064427,14.668370632,1.5)) ;
#369=CARTESIAN_POINT('Control Point',(21.0891532206,15.1880690798,1.5)) ;
#370=CARTESIAN_POINT('Control Point',(20.25,15.4047375097,1.5)) ;
#371=CARTESIAN_POINT('Vertex',(18.75,15.4047375097,1.5)) ;
#374=CARTESIAN_POINT('Line Origine',(18.75,0.,1.5)) ;
#378=CARTESIAN_POINT('Vertex',(18.75,16.5,1.5)) ;
#381=CARTESIAN_POINT('Line Origine',(7.1054273576E-015,16.5,1.5)) ;
#385=CARTESIAN_POINT('Vertex',(-35.0000016547,16.5,1.5)) ;
#388=CARTESIAN_POINT('Line Origine',(-35.0000016547,0.,1.5)) ;
#392=CARTESIAN_POINT('Vertex',(-35.0000016547,15.,1.5)) ;
#396=CARTESIAN_POINT('Control Point',(-35.0000016547,15.,1.5)) ;
#397=CARTESIAN_POINT('Control Point',(-36.6169099383,15.,1.5)) ;
#398=CARTESIAN_POINT('Control Point',(-38.2370801375,14.2770168232,1.5)) ;
#399=CARTESIAN_POINT('Control Point',(-39.4058040508,12.8094227799,1.5)) ;
#400=CARTESIAN_POINT('Control Point',(-39.7477547,11.068524764,1.5)) ;
#401=CARTESIAN_POINT('Control Point',(-39.3858000732,9.49265000831,1.5)) ;
#402=CARTESIAN_POINT('Vertex',(-39.3858000732,9.49265000831,1.5)) ;
#406=CARTESIAN_POINT('Control Point',(-35.9999981006,1.50990331349E-014,1.5)) ;
#407=CARTESIAN_POINT('Control Point',(-35.9999981006,2.56957483288,1.5)) ;
#408=CARTESIAN_POINT('Control Point',(-36.5873538522,5.14064663547,1.5)) ;
#409=CARTESIAN_POINT('Control Point',(-37.7596617693,7.50307994463,1.5)) ;
#410=CARTESIAN_POINT('Control Point',(-39.3858000732,9.49265000831,1.5)) ;
#411=CARTESIAN_POINT('Vertex',(-35.9999981006,-1.1147622149E-013,1.5)) ;
#415=CARTESIAN_POINT('Control Point',(-39.3858000732,-9.49265000831,1.5)) ;
#416=CARTESIAN_POINT('Control Point',(-37.7596617693,-7.50307994463,1.5)) ;
#417=CARTESIAN_POINT('Control Point',(-36.5873538522,-5.14064663547,1.5)) ;
#418=CARTESIAN_POINT('Control Point',(-35.9999981006,-2.56957483288,1.5)) ;
#419=CARTESIAN_POINT('Control Point',(-35.9999981006,2.39808173319E-014,1.5)) ;
#420=CARTESIAN_POINT('Vertex',(-39.3858000732,-9.49265000831,1.5)) ;
#424=CARTESIAN_POINT('Control Point',(-39.3858000732,-9.49265000831,1.5)) ;
#425=CARTESIAN_POINT('Control Point',(-39.7477547,-11.068524764,1.5)) ;
#426=CARTESIAN_POINT('Control Point',(-39.4058040508,-12.8094227799,1.5)) ;
#427=CARTESIAN_POINT('Control Point',(-38.2370801375,-14.2770168232,1.5)) ;
#428=CARTESIAN_POINT('Control Point',(-36.6169099383,-15.,1.5)) ;
#429=CARTESIAN_POINT('Control Point',(-35.0000016547,-15.,1.5)) ;
#430=CARTESIAN_POINT('Vertex',(-35.0000016547,-15.,1.5)) ;
#433=CARTESIAN_POINT('Line Origine',(-35.0000016547,0.,1.5)) ;
#462=CARTESIAN_POINT('Line Origine',(-33.5,0.,1.5)) ;
#466=CARTESIAN_POINT('Vertex',(-33.5,5.,1.5)) ;
#468=CARTESIAN_POINT('Vertex',(-33.5,-5.,1.5)) ;
#471=CARTESIAN_POINT('Line Origine',(7.1054273576E-015,5.,1.5)) ;
#475=CARTESIAN_POINT('Vertex',(-29.5,5.,1.5)) ;
#478=CARTESIAN_POINT('Line Origine',(-29.5,0.,1.5)) ;
#482=CARTESIAN_POINT('Vertex',(-29.5,-5.,1.5)) ;
#485=CARTESIAN_POINT('Line Origine',(7.1054273576E-015,-5.,1.5)) ;
#496=CARTESIAN_POINT('Line Origine',(7.1054273576E-015,5.,1.5)) ;
#500=CARTESIAN_POINT('Vertex',(33.5,5.,1.5)) ;
#502=CARTESIAN_POINT('Vertex',(29.5,5.,1.5)) ;
#505=CARTESIAN_POINT('Line Origine',(33.5,0.,1.5)) ;
#509=CARTESIAN_POINT('Vertex',(33.5,-5.,1.5)) ;
#512=CARTESIAN_POINT('Line Origine',(7.1054273576E-015,-5.,1.5)) ;
#516=CARTESIAN_POINT('Vertex',(29.5,-5.,1.5)) ;
#519=CARTESIAN_POINT('Line Origine',(29.5,0.,1.5)) ;
#531=CARTESIAN_POINT('Axis2P3D Location',(-17.,-18.,10.)) ;
#536=CARTESIAN_POINT('Line Origine',(-12.9,-16.875,5.9)) ;
#540=CARTESIAN_POINT('Vertex',(-12.9,-17.25,5.9)) ;
#543=CARTESIAN_POINT('Line Origine',(-17.,-16.875,10.)) ;
#547=CARTESIAN_POINT('Vertex',(-17.,-17.25,10.)) ;
#550=CARTESIAN_POINT('Line Origine',(-14.95,-17.25,7.95)) ;
#562=CARTESIAN_POINT('Axis2P3D Location',(-12.9,-18.,5.9)) ;
#567=CARTESIAN_POINT('Line Origine',(-10.75,-16.875,5.9)) ;
#571=CARTESIAN_POINT('Vertex',(-10.75,-17.25,5.9)) ;
#574=CARTESIAN_POINT('Line Origine',(-11.825,-17.25,5.9)) ;
#586=CARTESIAN_POINT('Axis2P3D Location',(-7.,-18.,2.15)) ;
#591=CARTESIAN_POINT('Line Origine',(-7.,-17.25,2.15)) ;
#595=CARTESIAN_POINT('Vertex',(-7.,-18.,2.15)) ;
#598=CARTESIAN_POINT('Line Origine',(-3.5,-18.,2.15)) ;
#602=CARTESIAN_POINT('Vertex',(2.6645352591E-015,-18.,2.15)) ;
#605=CARTESIAN_POINT('Line Origine',(-2.6645352591E-015,-17.25,2.15)) ;
#617=CARTESIAN_POINT('Line Origine',(3.5,-18.,2.15)) ;
#621=CARTESIAN_POINT('Vertex',(7.,-18.,2.15)) ;
#624=CARTESIAN_POINT('Line Origine',(7.,-17.25,2.15)) ;
#636=CARTESIAN_POINT('Line Origine',(12.9,-16.875,5.9)) ;
#640=CARTESIAN_POINT('Vertex',(12.9,-17.25,5.9)) ;
#643=CARTESIAN_POINT('Line Origine',(10.75,-16.875,5.9)) ;
#647=CARTESIAN_POINT('Vertex',(10.75,-17.25,5.9)) ;
#650=CARTESIAN_POINT('Line Origine',(11.825,-17.25,5.9)) ;
#662=CARTESIAN_POINT('Axis2P3D Location',(7.1054273576E-015,16.5,0.)) ;
#667=CARTESIAN_POINT('Line Origine',(18.75,16.5,5.75)) ;
#671=CARTESIAN_POINT('Vertex',(18.75,16.5,5.)) ;
#674=CARTESIAN_POINT('Line Origine',(0.,16.5,5.)) ;
#678=CARTESIAN_POINT('Vertex',(20.25,16.5,5.)) ;
#681=CARTESIAN_POINT('Line Origine',(20.25,16.5,5.75)) ;
#686=CARTESIAN_POINT('Line Origine',(35.0000016547,16.5,5.75)) ;
#690=CARTESIAN_POINT('Vertex',(35.0000016547,16.5,10.)) ;
#693=CARTESIAN_POINT('Line Origine',(0.,16.5,10.)) ;
#697=CARTESIAN_POINT('Vertex',(-35.0000016547,16.5,10.)) ;
#700=CARTESIAN_POINT('Line Origine',(-35.0000016547,16.5,5.75)) ;
#715=CARTESIAN_POINT('Line Origine',(25.75,16.5,5.75)) ;
#719=CARTESIAN_POINT('Vertex',(25.75,16.5,7.)) ;
#721=CARTESIAN_POINT('Vertex',(25.75,16.5,4.5)) ;
#724=CARTESIAN_POINT('Line Origine',(0.,16.5,7.)) ;
#728=CARTESIAN_POINT('Vertex',(31.25,16.5,7.)) ;
#731=CARTESIAN_POINT('Line Origine',(31.25,16.5,5.75)) ;
#735=CARTESIAN_POINT('Vertex',(31.25,16.5,4.5)) ;
#738=CARTESIAN_POINT('Line Origine',(0.,16.5,4.5)) ;
#750=CARTESIAN_POINT('Axis2P3D Location',(-50.9999981006,-7.04431769815E-017,6.36000000002)) ;
#755=CARTESIAN_POINT('Line Origine',(-39.3858000732,-9.49265000831,6.36000000002)) ;
#759=CARTESIAN_POINT('Vertex',(-39.3858000732,-9.49265000831,4.83721387933)) ;
#762=CARTESIAN_POINT('Line Origine',(-39.3858000732,9.49265000831,6.36000000002)) ;
#766=CARTESIAN_POINT('Vertex',(-39.3858000732,9.49265000831,4.83721387933)) ;
#770=CARTESIAN_POINT('Control Point',(-39.3858000732,9.49265000831,4.83721387933)) ;
#771=CARTESIAN_POINT('Control Point',(-38.8785389548,8.87201919641,4.57619833842)) ;
#772=CARTESIAN_POINT('Control Point',(-38.4030776806,8.20569083233,4.33379083322)) ;
#773=CARTESIAN_POINT('Control Point',(-37.9656042166,7.49478044101,4.11205901131)) ;
#774=CARTESIAN_POINT('Control Point',(-37.0158565695,5.67371269245,3.63271618932)) ;
#775=CARTESIAN_POINT('Control Point',(-36.3667962781,3.63974273788,3.30803444267)) ;
#776=CARTESIAN_POINT('Control Point',(-36.1080596303,2.38882272181,3.17892971988)) ;
#777=CARTESIAN_POINT('Control Point',(-35.7855733013,-1.00699926093,3.01798835919)) ;
#778=CARTESIAN_POINT('Control Point',(-36.4202923414,-4.38525052203,3.33475320883)) ;
#779=CARTESIAN_POINT('Control Point',(-37.1824849416,-6.33206508304,3.71581481941)) ;
#780=CARTESIAN_POINT('Control Point',(-38.196783506,-8.03789566077,4.22539524959)) ;
#781=CARTESIAN_POINT('Control Point',(-39.3858000732,-9.49265000831,4.83721387933)) ;
#791=CARTESIAN_POINT('Axis2P3D Location',(0.,5.,0.)) ;
#796=CARTESIAN_POINT('Line Origine',(-32.25,5.,-2.03966473341E-013)) ;
#800=CARTESIAN_POINT('Vertex',(-29.5,5.,-7.1054273576E-015)) ;
#802=CARTESIAN_POINT('Vertex',(-35.,5.,-2.12311649742E-013)) ;
#805=CARTESIAN_POINT('Line Origine',(-29.5,5.,0.75)) ;
#810=CARTESIAN_POINT('Line Origine',(-34.25,5.,0.75)) ;
#822=CARTESIAN_POINT('Axis2P3D Location',(33.5,25.2,1.5)) ;
#827=CARTESIAN_POINT('Line Origine',(34.25,5.,0.75)) ;
#831=CARTESIAN_POINT('Vertex',(35.,5.,1.11022302463E-016)) ;
#834=CARTESIAN_POINT('Line Origine',(35.,0.,0.)) ;
#838=CARTESIAN_POINT('Vertex',(35.,-5.,1.11022302463E-016)) ;
#841=CARTESIAN_POINT('Line Origine',(34.25,-5.,0.75)) ;
#853=CARTESIAN_POINT('Axis2P3D Location',(0.,-5.,0.)) ;
#858=CARTESIAN_POINT('Line Origine',(32.25,-5.,-8.2341540993E-015)) ;
#862=CARTESIAN_POINT('Vertex',(29.5,-5.,-1.65793305011E-014)) ;
#865=CARTESIAN_POINT('Line Origine',(29.5,-5.,0.75)) ;
#877=CARTESIAN_POINT('Axis2P3D Location',(29.5,0.,-7.1054273576E-015)) ;
#882=CARTESIAN_POINT('Line Origine',(29.5,0.,-7.1054273576E-015)) ;
#886=CARTESIAN_POINT('Vertex',(29.5,5.,-7.1054273576E-015)) ;
#889=CARTESIAN_POINT('Line Origine',(29.5,5.,0.75)) ;
#901=CARTESIAN_POINT('Axis2P3D Location',(-35.0000016547,-10.5000016547,9.5)) ;
#906=CARTESIAN_POINT('Axis2P3D Location',(-35.0000016547,-10.5000016547,9.)) ;
#910=CARTESIAN_POINT('Vertex',(-39.5234956934,-15.5100395132,9.)) ;
#912=CARTESIAN_POINT('Vertex',(-35.0000016547,-17.25,9.)) ;
#915=CARTESIAN_POINT('Line Origine',(-35.0000016547,-17.25,9.5)) ;
#919=CARTESIAN_POINT('Vertex',(-35.0000016547,-17.25,10.)) ;
#922=CARTESIAN_POINT('Axis2P3D Location',(-35.0000016547,-10.5000016547,10.)) ;
#926=CARTESIAN_POINT('Vertex',(-39.3928218903,-15.625,10.)) ;
#930=CARTESIAN_POINT('Control Point',(-39.3928218903,-15.625,10.)) ;
#931=CARTESIAN_POINT('Control Point',(-39.3928218898,-15.6250000005,9.66022762158)) ;
#932=CARTESIAN_POINT('Control Point',(-39.4412942714,-15.5842580427,9.32152527221)) ;
#933=CARTESIAN_POINT('Control Point',(-39.5234956934,-15.5100395132,9.)) ;
#942=CARTESIAN_POINT('Axis2P3D Location',(-7.1054273576E-015,-18.,0.)) ;
#947=CARTESIAN_POINT('Line Origine',(-10.75,-18.,5.45)) ;
#951=CARTESIAN_POINT('Vertex',(-10.75,-18.,5.)) ;
#953=CARTESIAN_POINT('Vertex',(-10.75,-18.,5.9)) ;
#956=CARTESIAN_POINT('Line Origine',(-12.0113961035,-18.,5.)) ;
#960=CARTESIAN_POINT('Vertex',(-13.2727922069,-18.,5.)) ;
#963=CARTESIAN_POINT('Line Origine',(-15.2727922064,-18.,7.00000000024)) ;
#967=CARTESIAN_POINT('Vertex',(-17.2727922061,-18.,9.)) ;
#970=CARTESIAN_POINT('Line Origine',(-26.1363969304,-18.,9.)) ;
#974=CARTESIAN_POINT('Vertex',(-35.0000016547,-18.,9.)) ;
#977=CARTESIAN_POINT('Line Origine',(-35.0000016547,-18.,4.5)) ;
#981=CARTESIAN_POINT('Vertex',(-35.0000016547,-18.,0.)) ;
#984=CARTESIAN_POINT('Line Origine',(0.,-18.,0.)) ;
#988=CARTESIAN_POINT('Vertex',(35.0000016547,-18.,0.)) ;
#991=CARTESIAN_POINT('Line Origine',(35.0000016547,-18.,4.5)) ;
#995=CARTESIAN_POINT('Vertex',(35.0000016547,-18.,9.)) ;
#998=CARTESIAN_POINT('Line Origine',(26.1363969304,-18.,9.)) ;
#1002=CARTESIAN_POINT('Vertex',(17.2727922061,-18.,9.)) ;
#1005=CARTESIAN_POINT('Line Origine',(15.2727922064,-18.,7.00000000024)) ;
#1009=CARTESIAN_POINT('Vertex',(13.2727922066,-18.,5.00000000047)) ;
#1012=CARTESIAN_POINT('Line Origine',(12.0113961035,-18.,5.)) ;
#1016=CARTESIAN_POINT('Vertex',(10.75,-18.,5.)) ;
#1019=CARTESIAN_POINT('Line Origine',(10.75,-18.,5.45)) ;
#1023=CARTESIAN_POINT('Vertex',(10.75,-18.,5.9)) ;
#1026=CARTESIAN_POINT('Axis2P3D Location',(7.,-18.,5.9)) ;
#1031=CARTESIAN_POINT('Axis2P3D Location',(-7.,-18.,5.9)) ;
#1054=CARTESIAN_POINT('Axis2P3D Location',(-17.,-17.25,10.)) ;
#1059=CARTESIAN_POINT('Line Origine',(14.95,-17.25,7.95)) ;
#1063=CARTESIAN_POINT('Vertex',(17.,-17.25,10.)) ;
#1066=CARTESIAN_POINT('Line Origine',(10.75,-17.25,5.45)) ;
#1070=CARTESIAN_POINT('Vertex',(10.75,-17.25,5.)) ;
#1073=CARTESIAN_POINT('Line Origine',(12.0113961035,-17.25,5.)) ;
#1077=CARTESIAN_POINT('Vertex',(13.2727922066,-17.25,5.00000000047)) ;
#1080=CARTESIAN_POINT('Line Origine',(15.2727922064,-17.25,7.00000000024)) ;
#1084=CARTESIAN_POINT('Vertex',(17.2727922061,-17.25,9.)) ;
#1087=CARTESIAN_POINT('Line Origine',(26.1363969304,-17.25,9.)) ;
#1091=CARTESIAN_POINT('Vertex',(35.0000016547,-17.25,9.)) ;
#1094=CARTESIAN_POINT('Line Origine',(35.0000016547,-17.25,9.5)) ;
#1098=CARTESIAN_POINT('Vertex',(35.0000016547,-17.25,10.)) ;
#1101=CARTESIAN_POINT('Line Origine',(26.0000008274,-17.25,10.)) ;
#1118=CARTESIAN_POINT('Control Point',(40.4061688765,-8.99778391879,3.33319661318)) ;
#1119=CARTESIAN_POINT('Control Point',(41.6561688765,-8.99778391879,3.33319661318)) ;
#1120=CARTESIAN_POINT('Control Point',(40.6458522163,-9.82770888043,3.63305005231)) ;
#1121=CARTESIAN_POINT('Control Point',(41.8958522163,-9.82770888043,3.63305005231)) ;
#1122=CARTESIAN_POINT('Control Point',(40.73928478,-10.683939909,3.99460476416)) ;
#1123=CARTESIAN_POINT('Control Point',(41.98928478,-10.683939909,3.99460476416)) ;
#1124=CARTESIAN_POINT('Control Point',(40.6885205947,-11.5213924684,4.42136295264)) ;
#1125=CARTESIAN_POINT('Control Point',(41.9385205947,-11.5213924684,4.42136295264)) ;
#1126=CARTESIAN_POINT('Control Point',(40.4012129087,-12.8485869074,5.24408456052)) ;
#1127=CARTESIAN_POINT('Control Point',(41.6512129087,-12.8485869074,5.24408456052)) ;
#1128=CARTESIAN_POINT('Control Point',(39.8723632375,-13.9674008322,6.26605554813)) ;
#1129=CARTESIAN_POINT('Control Point',(41.1223632375,-13.9674008322,6.26605554813)) ;
#1130=CARTESIAN_POINT('Control Point',(39.629462084,-14.3803140014,6.7190590384)) ;
#1131=CARTESIAN_POINT('Control Point',(40.879462084,-14.3803140014,6.7190590384)) ;
#1132=CARTESIAN_POINT('Control Point',(39.1917698234,-14.9990938071,7.5557510267)) ;
#1133=CARTESIAN_POINT('Control Point',(40.4417698234,-14.9990938071,7.5557510267)) ;
#1134=CARTESIAN_POINT('Control Point',(38.8216299863,-15.4217514994,8.5700639427)) ;
#1135=CARTESIAN_POINT('Control Point',(40.0716299863,-15.4217514994,8.5700639427)) ;
#1136=CARTESIAN_POINT('Control Point',(38.6905086428,-15.5575979864,9.0285231352)) ;
#1137=CARTESIAN_POINT('Control Point',(39.9405086428,-15.5575979864,9.0285231352)) ;
#1138=CARTESIAN_POINT('Control Point',(38.6249999998,-15.6250000007,9.51429823254)) ;
#1139=CARTESIAN_POINT('Control Point',(39.8749999998,-15.6250000007,9.51429823254)) ;
#1140=CARTESIAN_POINT('Control Point',(38.625,-15.625,10.)) ;
#1141=CARTESIAN_POINT('Control Point',(39.875,-15.625,10.)) ;
#1143=CARTESIAN_POINT('Control Point',(41.6561688765,-8.99778391879,3.33319661318)) ;
#1144=CARTESIAN_POINT('Control Point',(41.8958522163,-9.82770888043,3.63305005231)) ;
#1145=CARTESIAN_POINT('Control Point',(41.98928478,-10.683939909,3.99460476416)) ;
#1146=CARTESIAN_POINT('Control Point',(41.9385205947,-11.5213924684,4.42136295264)) ;
#1147=CARTESIAN_POINT('Control Point',(41.6512129087,-12.8485869074,5.24408456052)) ;
#1148=CARTESIAN_POINT('Control Point',(41.1223632375,-13.9674008322,6.26605554813)) ;
#1149=CARTESIAN_POINT('Control Point',(40.879462084,-14.3803140014,6.7190590384)) ;
#1150=CARTESIAN_POINT('Control Point',(40.5166411238,-14.893245811,7.41262714084)) ;
#1151=CARTESIAN_POINT('Control Point',(40.2002383251,-15.2714137219,8.22824618541)) ;
#1152=CARTESIAN_POINT('Control Point',(40.1152891701,-15.3677197286,8.47428892105)) ;
#1153=CARTESIAN_POINT('Control Point',(40.0417355595,-15.4482965706,8.73252075238)) ;
#1154=CARTESIAN_POINT('Control Point',(39.9842287557,-15.5100395132,9.)) ;
#1155=CARTESIAN_POINT('Vertex',(39.9842287557,-15.5100395132,9.)) ;
#1157=CARTESIAN_POINT('Vertex',(41.6561688765,-8.99778391879,3.33319661318)) ;
#1161=CARTESIAN_POINT('Control Point',(40.4061688765,-8.99778391879,3.33319661318)) ;
#1162=CARTESIAN_POINT('Control Point',(41.6561688765,-8.99778391879,3.33319661318)) ;
#1163=CARTESIAN_POINT('Vertex',(40.4061688765,-8.99778391879,3.33319661318)) ;
#1167=CARTESIAN_POINT('Control Point',(40.4061688765,-8.99778391879,3.33319661318)) ;
#1168=CARTESIAN_POINT('Control Point',(40.6458522163,-9.82770888043,3.63305005231)) ;
#1169=CARTESIAN_POINT('Control Point',(40.73928478,-10.683939909,3.99460476416)) ;
#1170=CARTESIAN_POINT('Control Point',(40.6885205947,-11.5213924684,4.42136295264)) ;
#1171=CARTESIAN_POINT('Control Point',(40.4012129087,-12.8485869074,5.24408456052)) ;
#1172=CARTESIAN_POINT('Control Point',(39.8723632375,-13.9674008322,6.26605554813)) ;
#1173=CARTESIAN_POINT('Control Point',(39.629462084,-14.3803140014,6.7190590384)) ;
#1174=CARTESIAN_POINT('Control Point',(39.1917698234,-14.9990938071,7.5557510267)) ;
#1175=CARTESIAN_POINT('Control Point',(38.8216299863,-15.4217514994,8.5700639427)) ;
#1176=CARTESIAN_POINT('Control Point',(38.6905086428,-15.5575979864,9.0285231352)) ;
#1177=CARTESIAN_POINT('Control Point',(38.6249999998,-15.6250000007,9.51429823254)) ;
#1178=CARTESIAN_POINT('Control Point',(38.625,-15.625,10.)) ;
#1179=CARTESIAN_POINT('Vertex',(38.625,-15.625,10.)) ;
#1183=CARTESIAN_POINT('Control Point',(38.625,-15.625,10.)) ;
#1184=CARTESIAN_POINT('Control Point',(39.3928218903,-15.625,10.)) ;
#1185=CARTESIAN_POINT('Vertex',(39.3928218903,-15.625,10.)) ;
#1189=CARTESIAN_POINT('Control Point',(39.3928218903,-15.625,10.)) ;
#1190=CARTESIAN_POINT('Control Point',(39.3928218898,-15.6250000005,9.66022762158)) ;
#1191=CARTESIAN_POINT('Control Point',(39.4412942714,-15.5842580427,9.3215252722)) ;
#1192=CARTESIAN_POINT('Control Point',(39.5234956934,-15.5100395132,9.)) ;
#1193=CARTESIAN_POINT('Vertex',(39.5234956934,-15.5100395132,9.)) ;
#1197=CARTESIAN_POINT('Control Point',(39.5234956934,-15.5100395132,9.)) ;
#1198=CARTESIAN_POINT('Control Point',(39.9842287557,-15.5100395132,9.)) ;
#1210=CARTESIAN_POINT('Control Point',(40.4061688765,-8.57302992457,4.50881731919)) ;
#1211=CARTESIAN_POINT('Control Point',(40.4061688765,-8.99778391879,3.33319661318)) ;
#1212=CARTESIAN_POINT('Control Point',(40.6458522163,-9.3506338029,4.78976705417)) ;
#1213=CARTESIAN_POINT('Control Point',(40.6458522163,-9.82770887972,3.63305005092)) ;
#1214=CARTESIAN_POINT('Control Point',(40.73928478,-10.1467761975,5.12632109347)) ;
#1215=CARTESIAN_POINT('Control Point',(40.73928478,-10.6839397256,3.99460485934)) ;
#1216=CARTESIAN_POINT('Control Point',(40.6885205947,-10.9163993701,5.51947254721)) ;
#1217=CARTESIAN_POINT('Control Point',(40.6885205947,-11.5213924684,4.42136294915)) ;
#1218=CARTESIAN_POINT('Control Point',(40.4012129087,-12.1125869592,6.26602428109)) ;
#1219=CARTESIAN_POINT('Control Point',(40.4012129087,-12.8485869074,5.24408456292)) ;
#1220=CARTESIAN_POINT('Control Point',(39.8723632375,-13.0731146843,7.14625403399)) ;
#1221=CARTESIAN_POINT('Control Point',(39.8723632375,-13.9674008322,6.26605554647)) ;
#1222=CARTESIAN_POINT('Control Point',(39.629462084,-13.4175584607,7.52693705434)) ;
#1223=CARTESIAN_POINT('Control Point',(39.629462084,-14.3803140031,6.71905904005)) ;
#1224=CARTESIAN_POINT('Control Point',(39.1917698234,-13.9130288622,8.20525416697)) ;
#1225=CARTESIAN_POINT('Control Point',(39.1917698234,-14.999093806,7.55575102556)) ;
#1226=CARTESIAN_POINT('Control Point',(38.8216299863,-14.2294638016,8.97046158383)) ;
#1227=CARTESIAN_POINT('Control Point',(38.8216299863,-15.4217515002,8.57006394348)) ;
#1228=CARTESIAN_POINT('Control Point',(38.6905086428,-14.3268557451,9.30621360541)) ;
#1229=CARTESIAN_POINT('Control Point',(38.6905086428,-15.5575979864,9.0285231352)) ;
#1230=CARTESIAN_POINT('Control Point',(38.6249999998,-14.3750000003,9.65307022013)) ;
#1231=CARTESIAN_POINT('Control Point',(38.6249999998,-15.6250000007,9.51429823254)) ;
#1232=CARTESIAN_POINT('Control Point',(38.625,-14.375,10.)) ;
#1233=CARTESIAN_POINT('Control Point',(38.625,-15.625,10.)) ;
#1235=CARTESIAN_POINT('Control Point',(38.625,-14.375,10.)) ;
#1236=CARTESIAN_POINT('Control Point',(38.625,-15.625,10.)) ;
#1237=CARTESIAN_POINT('Vertex',(38.625,-14.3749999992,10.)) ;
#1241=CARTESIAN_POINT('Control Point',(40.4061688765,-8.58179326692,4.48456241666)) ;
#1242=CARTESIAN_POINT('Control Point',(40.4061688765,-8.99778391879,3.33319661318)) ;
#1243=CARTESIAN_POINT('Vertex',(40.4061688765,-8.58179326692,4.48456241666)) ;
#1247=CARTESIAN_POINT('Control Point',(40.4061688765,-8.58179326692,4.48456241666)) ;
#1248=CARTESIAN_POINT('Control Point',(40.6820682007,-9.47968524454,4.80412201285)) ;
#1249=CARTESIAN_POINT('Control Point',(40.7536568877,-10.3686830004,5.18545316997)) ;
#1250=CARTESIAN_POINT('Control Point',(40.6564980131,-11.1765156691,5.61875240466)) ;
#1251=CARTESIAN_POINT('Control Point',(40.3311770661,-12.2797693621,6.3518369287)) ;
#1252=CARTESIAN_POINT('Control Point',(39.8443618847,-13.1202564102,7.16302214282)) ;
#1253=CARTESIAN_POINT('Control Point',(39.6580413219,-13.3850866766,7.46148586954)) ;
#1254=CARTESIAN_POINT('Control Point',(39.2476274739,-13.8767048002,8.12057607772)) ;
#1255=CARTESIAN_POINT('Control Point',(38.8797826344,-14.1954279352,8.81955525095)) ;
#1256=CARTESIAN_POINT('Control Point',(38.7107482816,-14.3151061692,9.20617683588)) ;
#1257=CARTESIAN_POINT('Control Point',(38.6249999997,-14.375,9.60307816351)) ;
#1258=CARTESIAN_POINT('Control Point',(38.625,-14.375,10.)) ;
#1267=CARTESIAN_POINT('Axis2P3D Location',(35.0000016547,-10.5000016547,9.5)) ;
#1272=CARTESIAN_POINT('Axis2P3D Location',(35.0000016547,-10.5000016547,10.)) ;
#1277=CARTESIAN_POINT('Axis2P3D Location',(35.0000016547,-10.5000016547,9.)) ;
#1289=CARTESIAN_POINT('Axis2P3D Location',(0.,0.,9.)) ;
#1294=CARTESIAN_POINT('Line Origine',(-26.1363969304,-17.25,9.)) ;
#1298=CARTESIAN_POINT('Vertex',(-17.2727922061,-17.25,9.)) ;
#1301=CARTESIAN_POINT('Line Origine',(-39.7538622246,-15.5100395132,9.)) ;
#1305=CARTESIAN_POINT('Vertex',(-39.9842287557,-15.5100395132,9.)) ;
#1309=CARTESIAN_POINT('Control Point',(-40.0111372101,-15.0222796323,9.)) ;
#1310=CARTESIAN_POINT('Control Point',(-40.0048674941,-15.1196612009,9.)) ;
#1311=CARTESIAN_POINT('Control Point',(-39.9990989827,-15.2171615455,9.)) ;
#1312=CARTESIAN_POINT('Control Point',(-39.9937682679,-15.314750618,9.)) ;
#1313=CARTESIAN_POINT('Control Point',(-39.9888263201,-15.41237058,9.)) ;
#1314=CARTESIAN_POINT('Control Point',(-39.9842287557,-15.5100395132,9.)) ;
#1315=CARTESIAN_POINT('Vertex',(-40.0111371409,-15.022279709,9.)) ;
#1318=CARTESIAN_POINT('Axis2P3D Location',(-35.0000016547,-10.5000016547,9.)) ;
#1322=CARTESIAN_POINT('Vertex',(-40.14781049,-14.8660687473,9.)) ;
#1325=CARTESIAN_POINT('Line Origine',(-40.4846181361,-14.8660687467,9.)) ;
#1329=CARTESIAN_POINT('Vertex',(-40.8214257827,-14.8660687473,9.)) ;
#1332=CARTESIAN_POINT('Line Origine',(-40.9107133051,-14.9330343737,9.)) ;
#1336=CARTESIAN_POINT('Vertex',(-41.0000008274,-15.,9.)) ;
#1339=CARTESIAN_POINT('Axis2P3D Location',(-35.0000016547,-10.5000016547,9.)) ;
#1344=CARTESIAN_POINT('Line Origine',(-17.2727922061,-17.625,9.)) ;
#1362=CARTESIAN_POINT('Axis2P3D Location',(35.0000016547,-10.5000016547,9.)) ;
#1366=CARTESIAN_POINT('Vertex',(41.0000008274,-15.,9.)) ;
#1369=CARTESIAN_POINT('Line Origine',(40.9107133051,-14.9330343737,9.)) ;
#1373=CARTESIAN_POINT('Vertex',(40.8214257827,-14.8660687473,9.)) ;
#1376=CARTESIAN_POINT('Line Origine',(40.4846181361,-14.8660687467,9.)) ;
#1380=CARTESIAN_POINT('Vertex',(40.14781049,-14.8660687473,9.)) ;
#1383=CARTESIAN_POINT('Axis2P3D Location',(35.0000016547,-10.5000016547,9.)) ;
#1387=CARTESIAN_POINT('Vertex',(40.0111371409,-15.022279709,9.)) ;
#1391=CARTESIAN_POINT('Control Point',(40.0111372101,-15.0222796323,9.)) ;
#1392=CARTESIAN_POINT('Control Point',(40.0048674941,-15.1196612009,9.)) ;
#1393=CARTESIAN_POINT('Control Point',(39.9990989827,-15.2171615455,9.)) ;
#1394=CARTESIAN_POINT('Control Point',(39.9937682679,-15.314750618,9.)) ;
#1395=CARTESIAN_POINT('Control Point',(39.9888263201,-15.41237058,9.)) ;
#1396=CARTESIAN_POINT('Control Point',(39.9842287557,-15.5100395132,9.)) ;
#1398=CARTESIAN_POINT('Line Origine',(17.2727922061,-17.625,9.)) ;
#1416=CARTESIAN_POINT('Axis2P3D Location',(35.0000016547,-10.5000016547,5.)) ;
#1421=CARTESIAN_POINT('Axis2P3D Location',(35.0000016547,-10.5000016547,0.)) ;
#1425=CARTESIAN_POINT('Vertex',(42.0809392546,-8.02809998072,0.)) ;
#1428=CARTESIAN_POINT('Line Origine',(42.0809392546,-8.02809998072,4.33999999914)) ;
#1432=CARTESIAN_POINT('Vertex',(42.0809392546,-8.02809998072,3.66459135692)) ;
#1436=CARTESIAN_POINT('Control Point',(41.0000008274,-15.,10.)) ;
#1437=CARTESIAN_POINT('Control Point',(41.0000008274,-15.,9.51169862637)) ;
#1438=CARTESIAN_POINT('Control Point',(41.0596103715,-14.9205205895,9.02339749609)) ;
#1439=CARTESIAN_POINT('Control Point',(41.1789112327,-14.7616374642,8.54569922822)) ;
#1440=CARTESIAN_POINT('Control Point',(41.4610962609,-14.3413539066,7.69947650486)) ;
#1441=CARTESIAN_POINT('Control Point',(41.7941125883,-13.7034618445,6.91378911521)) ;
#1442=CARTESIAN_POINT('Control Point',(41.9445486154,-13.3715018002,6.56980345032)) ;
#1443=CARTESIAN_POINT('Control Point',(42.3331112673,-12.3348169049,5.64835277017)) ;
#1444=CARTESIAN_POINT('Control Point',(42.5602691168,-11.0144707267,4.84434021607)) ;
#1445=CARTESIAN_POINT('Control Point',(42.5871111465,-10.0654098168,4.38156910849)) ;
#1446=CARTESIAN_POINT('Control Point',(42.4361426352,-9.04560524795,3.98693181183)) ;
#1447=CARTESIAN_POINT('Control Point',(42.0809392546,-8.02809998072,3.66459135692)) ;
#1448=CARTESIAN_POINT('Vertex',(41.0000008274,-15.,10.)) ;
#1451=CARTESIAN_POINT('Line Origine',(41.0000008274,-15.,4.33999999914)) ;
#1466=CARTESIAN_POINT('Control Point',(41.6561688765,-8.99778391879,3.33319661318)) ;
#1467=CARTESIAN_POINT('Control Point',(41.6561688765,-8.57302992457,4.50881731919)) ;
#1468=CARTESIAN_POINT('Control Point',(41.8958522163,-9.82770888043,3.63305005231)) ;
#1469=CARTESIAN_POINT('Control Point',(41.8958522163,-9.3506338029,4.78976705417)) ;
#1470=CARTESIAN_POINT('Control Point',(41.98928478,-10.683939909,3.99460476416)) ;
#1471=CARTESIAN_POINT('Control Point',(41.98928478,-10.1467760576,5.12632082757)) ;
#1472=CARTESIAN_POINT('Control Point',(41.9385205947,-11.5213924684,4.42136295264)) ;
#1473=CARTESIAN_POINT('Control Point',(41.9385205947,-10.9163993632,5.5194725507)) ;
#1474=CARTESIAN_POINT('Control Point',(41.6512129087,-12.8485869074,5.24408456052)) ;
#1475=CARTESIAN_POINT('Control Point',(41.6512129087,-12.112586964,6.26602427869)) ;
#1476=CARTESIAN_POINT('Control Point',(41.1223632375,-13.9674008322,6.26605554813)) ;
#1477=CARTESIAN_POINT('Control Point',(41.1223632375,-13.073114681,7.14625403564)) ;
#1478=CARTESIAN_POINT('Control Point',(40.879462084,-14.3803140014,6.7190590384)) ;
#1479=CARTESIAN_POINT('Control Point',(40.879462084,-13.4175584607,7.52693705434)) ;
#1480=CARTESIAN_POINT('Control Point',(40.4417698234,-14.9990938071,7.5557510267)) ;
#1481=CARTESIAN_POINT('Control Point',(40.4417698234,-13.9130288622,8.20525416697)) ;
#1482=CARTESIAN_POINT('Control Point',(40.0716299863,-15.4217514994,8.5700639427)) ;
#1483=CARTESIAN_POINT('Control Point',(40.0716299863,-14.2294638016,8.97046158383)) ;
#1484=CARTESIAN_POINT('Control Point',(39.9405086428,-15.5575979864,9.0285231352)) ;
#1485=CARTESIAN_POINT('Control Point',(39.9405086428,-14.3268557451,9.30621360541)) ;
#1486=CARTESIAN_POINT('Control Point',(39.8749999998,-15.6250000007,9.51429823254)) ;
#1487=CARTESIAN_POINT('Control Point',(39.8749999998,-14.3750000003,9.65307022013)) ;
#1488=CARTESIAN_POINT('Control Point',(39.875,-15.625,10.)) ;
#1489=CARTESIAN_POINT('Control Point',(39.875,-14.375,10.)) ;
#1491=CARTESIAN_POINT('Control Point',(39.875,-15.1687133394,10.)) ;
#1492=CARTESIAN_POINT('Control Point',(39.875,-15.,10.)) ;
#1493=CARTESIAN_POINT('Vertex',(39.875,-15.,10.)) ;
#1495=CARTESIAN_POINT('Vertex',(39.875,-15.1687133394,10.)) ;
#1499=CARTESIAN_POINT('Control Point',(39.875,-15.,10.)) ;
#1500=CARTESIAN_POINT('Control Point',(39.8749999998,-15.,9.55133664028)) ;
#1501=CARTESIAN_POINT('Control Point',(39.9510841299,-14.9329004331,9.10267287437)) ;
#1502=CARTESIAN_POINT('Control Point',(40.1036028314,-14.7981136599,8.66353484966)) ;
#1503=CARTESIAN_POINT('Control Point',(40.4609070678,-14.4358452361,7.86540164077)) ;
#1504=CARTESIAN_POINT('Control Point',(40.880666392,-13.8809928247,7.1210627872)) ;
#1505=CARTESIAN_POINT('Control Point',(41.0768442619,-13.5793987167,6.78204062185)) ;
#1506=CARTESIAN_POINT('Control Point',(41.5721177083,-12.6618091307,5.90041470419)) ;
#1507=CARTESIAN_POINT('Control Point',(41.9055721176,-11.475913367,5.11149658252)) ;
#1508=CARTESIAN_POINT('Control Point',(42.0035679875,-10.6348031903,4.6566576911)) ;
#1509=CARTESIAN_POINT('Control Point',(41.9330511377,-9.71391579556,4.25647898606)) ;
#1510=CARTESIAN_POINT('Control Point',(41.6561688765,-8.78540692168,3.92100696619)) ;
#1511=CARTESIAN_POINT('Vertex',(41.6561688765,-8.78540692168,3.92100696619)) ;
#1515=CARTESIAN_POINT('Control Point',(41.6561688765,-8.99778391879,3.33319661318)) ;
#1516=CARTESIAN_POINT('Control Point',(41.6561688765,-8.78540692168,3.92100696619)) ;
#1519=CARTESIAN_POINT('Control Point',(40.0111371409,-15.022279709,9.)) ;
#1520=CARTESIAN_POINT('Control Point',(39.9259869727,-15.1166345949,9.31756518945)) ;
#1521=CARTESIAN_POINT('Control Point',(39.8749999998,-15.1687133396,9.65815159889)) ;
#1522=CARTESIAN_POINT('Control Point',(39.875,-15.1687133394,10.)) ;
#1534=CARTESIAN_POINT('Control Point',(40.4061688765,8.99778391879,3.33319661318)) ;
#1535=CARTESIAN_POINT('Control Point',(41.6561688765,8.99778391879,3.33319661318)) ;
#1536=CARTESIAN_POINT('Control Point',(38.8481283596,7.12080505615,2.65504056917)) ;
#1537=CARTESIAN_POINT('Control Point',(40.0981283596,7.12080505615,2.65504056917)) ;
#1538=CARTESIAN_POINT('Control Point',(37.6708499616,4.87643609102,2.11113081205)) ;
#1539=CARTESIAN_POINT('Control Point',(38.9208499616,4.87643609102,2.11113081205)) ;
#1540=CARTESIAN_POINT('Control Point',(36.9950351344,2.35511310909,1.79967165334)) ;
#1541=CARTESIAN_POINT('Control Point',(38.2450351344,2.35511310909,1.79967165334)) ;
#1542=CARTESIAN_POINT('Control Point',(36.899509561,-1.7255943387,1.75849028998)) ;
#1543=CARTESIAN_POINT('Control Point',(38.149509561,-1.7255943387,1.75849028998)) ;
#1544=CARTESIAN_POINT('Control Point',(38.1520872429,-5.48343177504,2.33065403551)) ;
#1545=CARTESIAN_POINT('Control Point',(39.4020872429,-5.48343177504,2.33065403551)) ;
#1546=CARTESIAN_POINT('Control Point',(38.7686422425,-6.7618573198,2.610410862)) ;
#1547=CARTESIAN_POINT('Control Point',(40.0186422425,-6.7618573198,2.610410862)) ;
#1548=CARTESIAN_POINT('Control Point',(39.5267521721,-7.93834640869,2.95041982044)) ;
#1549=CARTESIAN_POINT('Control Point',(40.7767521721,-7.93834640869,2.95041982044)) ;
#1550=CARTESIAN_POINT('Control Point',(40.4061688765,-8.99778391879,3.33319661319)) ;
#1551=CARTESIAN_POINT('Control Point',(41.6561688765,-8.99778391879,3.33319661319)) ;
#1553=CARTESIAN_POINT('Control Point',(40.4061688765,8.99778391879,3.33319661318)) ;
#1554=CARTESIAN_POINT('Control Point',(41.6561688765,8.99778391879,3.33319661318)) ;
#1555=CARTESIAN_POINT('Vertex',(41.6561688765,8.99778391879,3.33319661318)) ;
#1557=CARTESIAN_POINT('Vertex',(40.4061688765,8.99778391879,3.33319661318)) ;
#1561=CARTESIAN_POINT('Control Point',(40.4061688765,8.99778391879,3.33319661318)) ;
#1562=CARTESIAN_POINT('Control Point',(38.8481283596,7.12080505615,2.65504056917)) ;
#1563=CARTESIAN_POINT('Control Point',(37.6708499616,4.87643609102,2.11113081205)) ;
#1564=CARTESIAN_POINT('Control Point',(36.9950351344,2.35511310909,1.79967165334)) ;
#1565=CARTESIAN_POINT('Control Point',(36.899509561,-1.7255943387,1.75849028998)) ;
#1566=CARTESIAN_POINT('Control Point',(38.1520872429,-5.48343177504,2.33065403551)) ;
#1567=CARTESIAN_POINT('Control Point',(38.7686422425,-6.7618573198,2.610410862)) ;
#1568=CARTESIAN_POINT('Control Point',(39.5267521721,-7.93834640869,2.95041982044)) ;
#1569=CARTESIAN_POINT('Control Point',(40.4061688765,-8.99778391879,3.33319661319)) ;
#1572=CARTESIAN_POINT('Control Point',(41.6561688765,8.99778391879,3.33319661318)) ;
#1573=CARTESIAN_POINT('Control Point',(40.0981283596,7.12080505615,2.65504056917)) ;
#1574=CARTESIAN_POINT('Control Point',(38.9208499616,4.87643609102,2.11113081205)) ;
#1575=CARTESIAN_POINT('Control Point',(38.2450351344,2.35511310909,1.79967165334)) ;
#1576=CARTESIAN_POINT('Control Point',(38.149509561,-1.7255943387,1.75849028998)) ;
#1577=CARTESIAN_POINT('Control Point',(39.4020872429,-5.48343177504,2.33065403551)) ;
#1578=CARTESIAN_POINT('Control Point',(40.0186422425,-6.7618573198,2.610410862)) ;
#1579=CARTESIAN_POINT('Control Point',(40.7767521721,-7.93834640869,2.95041982044)) ;
#1580=CARTESIAN_POINT('Control Point',(41.6561688765,-8.99778391879,3.33319661319)) ;
#1590=CARTESIAN_POINT('Control Point',(40.4061688765,8.57302992457,4.50881731919)) ;
#1591=CARTESIAN_POINT('Control Point',(40.4061688765,8.99778391879,3.33319661318)) ;
#1592=CARTESIAN_POINT('Control Point',(38.8481283596,6.81438237179,3.87341460069)) ;
#1593=CARTESIAN_POINT('Control Point',(38.8481283596,7.12080505613,2.65504056917)) ;
#1594=CARTESIAN_POINT('Control Point',(37.6708499616,4.68052274884,3.35260079221)) ;
#1595=CARTESIAN_POINT('Control Point',(37.6708499616,4.87643594377,2.11113128364)) ;
#1596=CARTESIAN_POINT('Control Point',(36.9950351344,2.2613454686,3.05217646159)) ;
#1597=CARTESIAN_POINT('Control Point',(36.9950351344,2.35511310909,1.79967164608)) ;
#1598=CARTESIAN_POINT('Control Point',(36.899509561,-1.66012617299,3.01394372537)) ;
#1599=CARTESIAN_POINT('Control Point',(36.899509561,-1.7255943387,1.75849029408)) ;
#1600=CARTESIAN_POINT('Control Point',(38.1520872429,-5.25152866736,3.56123044597)) ;
#1601=CARTESIAN_POINT('Control Point',(38.1520872429,-5.48343177504,2.33065403319)) ;
#1602=CARTESIAN_POINT('Control Point',(38.7686422425,-6.46820164875,3.82803515622)) ;
#1603=CARTESIAN_POINT('Control Point',(38.7686422425,-6.76185734357,2.61041087126)) ;
#1604=CARTESIAN_POINT('Control Point',(39.5267521721,-7.58038305984,4.15017211294)) ;
#1605=CARTESIAN_POINT('Control Point',(39.5267521721,-7.93834640885,2.95041982044)) ;
#1606=CARTESIAN_POINT('Control Point',(40.4061688765,-8.57302992457,4.50881731919)) ;
#1607=CARTESIAN_POINT('Control Point',(40.4061688765,-8.99778391879,3.33319661319)) ;
#1609=CARTESIAN_POINT('Control Point',(37.1745610231,0.685691367717,3.13282585172)) ;
#1610=CARTESIAN_POINT('Control Point',(37.1625770085,0.459939542745,3.12757262182)) ;
#1611=CARTESIAN_POINT('Control Point',(37.1555188889,0.233835747629,3.12448726587)) ;
#1612=CARTESIAN_POINT('Control Point',(37.1534031615,0.00754410975938,3.12357841073)) ;
#1613=CARTESIAN_POINT('Control Point',(37.1562364546,-0.218767671683,3.12484858339)) ;
#1614=CARTESIAN_POINT('Control Point',(37.1640143329,-0.4449289133,3.1282939144)) ;
#1615=CARTESIAN_POINT('Vertex',(37.1745610231,0.685691367717,3.13282585172)) ;
#1617=CARTESIAN_POINT('Vertex',(37.1640143329,-0.4449289133,3.1282939144)) ;
#1621=CARTESIAN_POINT('Control Point',(37.1640143329,-0.4449289133,3.1282939144)) ;
#1622=CARTESIAN_POINT('Control Point',(37.2272772886,-2.28446919652,3.15553754946)) ;
#1623=CARTESIAN_POINT('Control Point',(37.6177165146,-4.11159406598,3.32377307747)) ;
#1624=CARTESIAN_POINT('Control Point',(38.3285081791,-5.80271824955,3.62854712001)) ;
#1625=CARTESIAN_POINT('Control Point',(39.271424749,-7.29694778589,4.02728613697)) ;
#1626=CARTESIAN_POINT('Control Point',(40.4061688765,-8.58179326693,4.48456241666)) ;
#1629=CARTESIAN_POINT('Control Point',(40.4061688765,8.58179326692,4.48456241666)) ;
#1630=CARTESIAN_POINT('Control Point',(40.4061688765,8.99778391879,3.33319661318)) ;
#1631=CARTESIAN_POINT('Vertex',(40.4061688765,8.58179326692,4.48456241666)) ;
#1635=CARTESIAN_POINT('Control Point',(37.1745610231,0.685691367717,3.13282585172)) ;
#1636=CARTESIAN_POINT('Control Point',(37.2695816507,2.47568384223,3.17370779435)) ;
#1637=CARTESIAN_POINT('Control Point',(37.6743495773,4.24186637761,3.34788723081)) ;
#1638=CARTESIAN_POINT('Control Point',(38.3768486474,5.87873689561,3.64888536098)) ;
#1639=CARTESIAN_POINT('Control Point',(39.3002810389,7.32962111854,4.03891457029)) ;
#1640=CARTESIAN_POINT('Control Point',(40.4061688765,8.58179326692,4.48456241666)) ;
#1652=CARTESIAN_POINT('Control Point',(-38.625,15.625,10.)) ;
#1653=CARTESIAN_POINT('Control Point',(-39.875,15.625,10.)) ;
#1654=CARTESIAN_POINT('Control Point',(-38.6249999992,15.6250000007,9.52246608536)) ;
#1655=CARTESIAN_POINT('Control Point',(-39.8749999992,15.6250000007,9.52246608536)) ;
#1656=CARTESIAN_POINT('Control Point',(-38.6883239377,15.559845948,9.04486149773)) ;
#1657=CARTESIAN_POINT('Control Point',(-39.9383239377,15.559845948,9.04486149773)) ;
#1658=CARTESIAN_POINT('Control Point',(-38.8150910704,15.4285984187,8.59352310713)) ;
#1659=CARTESIAN_POINT('Control Point',(-40.0650910704,15.4285984187,8.59352310713)) ;
#1660=CARTESIAN_POINT('Control Point',(-39.1786804547,15.0149131765,7.58389244867)) ;
#1661=CARTESIAN_POINT('Control Point',(-40.4286804547,15.0149131765,7.58389244867)) ;
#1662=CARTESIAN_POINT('Control Point',(-39.6129452658,14.4060673626,6.75033608159)) ;
#1663=CARTESIAN_POINT('Control Point',(-40.8629452658,14.4060673626,6.75033608159)) ;
#1664=CARTESIAN_POINT('Control Point',(-39.8560219815,13.9971015263,6.2967682044)) ;
#1665=CARTESIAN_POINT('Control Point',(-41.1060219815,13.9971015263,6.2967682044)) ;
#1666=CARTESIAN_POINT('Control Point',(-40.3917629119,12.8786828283,5.26478262838)) ;
#1667=CARTESIAN_POINT('Control Point',(-41.6417629119,12.8786828283,5.26478262838)) ;
#1668=CARTESIAN_POINT('Control Point',(-40.686898031,11.547792501,4.43488430233)) ;
#1669=CARTESIAN_POINT('Control Point',(-41.936898031,11.547792501,4.43488430233)) ;
#1670=CARTESIAN_POINT('Control Point',(-40.7412342092,10.7019557458,4.00221826815)) ;
#1671=CARTESIAN_POINT('Control Point',(-41.9912342092,10.7019557458,4.00221826815)) ;
#1672=CARTESIAN_POINT('Control Point',(-40.6483736442,9.83643955788,3.63620445975)) ;
#1673=CARTESIAN_POINT('Control Point',(-41.8983736442,9.83643955788,3.63620445975)) ;
#1674=CARTESIAN_POINT('Control Point',(-40.4061688765,8.99778391879,3.33319661318)) ;
#1675=CARTESIAN_POINT('Control Point',(-41.6561688765,8.99778391879,3.33319661318)) ;
#1677=CARTESIAN_POINT('Control Point',(-39.3928218903,15.625,10.)) ;
#1678=CARTESIAN_POINT('Control Point',(-39.3928218898,15.6250000005,9.66020412463)) ;
#1679=CARTESIAN_POINT('Control Point',(-39.4412961052,15.5842559728,9.32148840092)) ;
#1680=CARTESIAN_POINT('Control Point',(-39.5234817862,15.5100520698,9.)) ;
#1681=CARTESIAN_POINT('Vertex',(-39.3928218903,15.625,10.)) ;
#1683=CARTESIAN_POINT('Vertex',(-39.5234817862,15.5100520698,9.)) ;
#1687=CARTESIAN_POINT('Control Point',(-39.5234817862,15.5100520698,9.)) ;
#1688=CARTESIAN_POINT('Control Point',(-39.984237702,15.5100520698,9.)) ;
#1689=CARTESIAN_POINT('Vertex',(-39.984237702,15.5100520698,9.)) ;
#1693=CARTESIAN_POINT('Control Point',(-39.984237702,15.5100520698,9.)) ;
#1694=CARTESIAN_POINT('Control Point',(-40.0400524843,15.4501359984,8.74041362799)) ;
#1695=CARTESIAN_POINT('Control Point',(-40.1109690825,15.3724917719,8.48959250668)) ;
#1696=CARTESIAN_POINT('Control Point',(-40.1927195601,15.2799660536,8.2502128263)) ;
#1697=CARTESIAN_POINT('Control Point',(-40.5036414714,14.9098167007,7.44000735566)) ;
#1698=CARTESIAN_POINT('Control Point',(-40.8629452658,14.4060673626,6.75033608159)) ;
#1699=CARTESIAN_POINT('Control Point',(-41.1060219815,13.9971015263,6.2967682044)) ;
#1700=CARTESIAN_POINT('Control Point',(-41.6417629119,12.8786828283,5.26478262838)) ;
#1701=CARTESIAN_POINT('Control Point',(-41.936898031,11.547792501,4.43488430233)) ;
#1702=CARTESIAN_POINT('Control Point',(-41.9912342092,10.7019557458,4.00221826815)) ;
#1703=CARTESIAN_POINT('Control Point',(-41.8983736442,9.83643955788,3.63620445975)) ;
#1704=CARTESIAN_POINT('Control Point',(-41.6561688765,8.99778391879,3.33319661318)) ;
#1705=CARTESIAN_POINT('Vertex',(-41.6561688765,8.99778391879,3.33319661318)) ;
#1709=CARTESIAN_POINT('Control Point',(-40.4061688765,8.99778391879,3.33319661318)) ;
#1710=CARTESIAN_POINT('Control Point',(-41.6561688765,8.99778391879,3.33319661318)) ;
#1711=CARTESIAN_POINT('Vertex',(-40.4061688765,8.99778391879,3.33319661318)) ;
#1715=CARTESIAN_POINT('Control Point',(-38.625,15.625,10.)) ;
#1716=CARTESIAN_POINT('Control Point',(-38.6249999992,15.6250000007,9.52246608536)) ;
#1717=CARTESIAN_POINT('Control Point',(-38.6883239377,15.559845948,9.04486149773)) ;
#1718=CARTESIAN_POINT('Control Point',(-38.8150910704,15.4285984187,8.59352310713)) ;
#1719=CARTESIAN_POINT('Control Point',(-39.1786804547,15.0149131765,7.58389244867)) ;
#1720=CARTESIAN_POINT('Control Point',(-39.6129452658,14.4060673626,6.75033608159)) ;
#1721=CARTESIAN_POINT('Control Point',(-39.8560219815,13.9971015263,6.2967682044)) ;
#1722=CARTESIAN_POINT('Control Point',(-40.3917629119,12.8786828283,5.26478262838)) ;
#1723=CARTESIAN_POINT('Control Point',(-40.686898031,11.547792501,4.43488430233)) ;
#1724=CARTESIAN_POINT('Control Point',(-40.7412342092,10.7019557458,4.00221826815)) ;
#1725=CARTESIAN_POINT('Control Point',(-40.6483736442,9.83643955788,3.63620445975)) ;
#1726=CARTESIAN_POINT('Control Point',(-40.4061688765,8.99778391879,3.33319661318)) ;
#1727=CARTESIAN_POINT('Vertex',(-38.625,15.625,10.)) ;
#1731=CARTESIAN_POINT('Control Point',(-38.625,15.625,10.)) ;
#1732=CARTESIAN_POINT('Control Point',(-39.3928218903,15.625,10.)) ;
#1743=CARTESIAN_POINT('Axis2P3D Location',(35.0000016547,10.5000016547,9.5)) ;
#1748=CARTESIAN_POINT('Axis2P3D Location',(35.0000016547,10.5000016547,9.)) ;
#1752=CARTESIAN_POINT('Vertex',(39.5234817862,15.5100520698,9.)) ;
#1754=CARTESIAN_POINT('Vertex',(35.0000016547,17.25,9.)) ;
#1757=CARTESIAN_POINT('Line Origine',(35.0000016547,17.25,9.5)) ;
#1761=CARTESIAN_POINT('Vertex',(35.0000016547,17.25,10.)) ;
#1764=CARTESIAN_POINT('Axis2P3D Location',(35.0000016547,10.5000016547,10.)) ;
#1768=CARTESIAN_POINT('Vertex',(39.3928218903,15.625,10.)) ;
#1772=CARTESIAN_POINT('Control Point',(39.3928218903,15.625,10.)) ;
#1773=CARTESIAN_POINT('Control Point',(39.3928218898,15.6250000005,9.66020412463)) ;
#1774=CARTESIAN_POINT('Control Point',(39.4412961052,15.5842559728,9.32148840092)) ;
#1775=CARTESIAN_POINT('Control Point',(39.5234817862,15.5100520698,9.)) ;
#1784=CARTESIAN_POINT('Axis2P3D Location',(-35.0000016547,10.5000016547,9.5)) ;
#1789=CARTESIAN_POINT('Axis2P3D Location',(-35.0000016547,10.5000016547,10.)) ;
#1793=CARTESIAN_POINT('Vertex',(-35.0000016547,17.25,10.)) ;
#1796=CARTESIAN_POINT('Line Origine',(-35.0000016547,17.25,9.5)) ;
#1800=CARTESIAN_POINT('Vertex',(-35.0000016547,17.25,9.)) ;
#1803=CARTESIAN_POINT('Axis2P3D Location',(-35.0000016547,10.5000016547,9.)) ;
#1815=CARTESIAN_POINT('Axis2P3D Location',(-40.4000007777,-14.5500000662,10.)) ;
#1820=CARTESIAN_POINT('Line Origine',(-41.0000008274,-15.,9.5)) ;
#1824=CARTESIAN_POINT('Vertex',(-41.0000008274,-15.,10.)) ;
#1828=CARTESIAN_POINT('Control Point',(-41.0000008274,-15.,10.)) ;
#1829=CARTESIAN_POINT('Control Point',(-41.0000008274,-15.,9.79814808253)) ;
#1830=CARTESIAN_POINT('Control Point',(-40.9818922914,-14.9864186011,9.5962962366)) ;
#1831=CARTESIAN_POINT('Control Point',(-40.9451905756,-14.9588923206,9.39343801406)) ;
#1832=CARTESIAN_POINT('Control Point',(-40.8914314395,-14.9185729778,9.19513287505)) ;
#1833=CARTESIAN_POINT('Control Point',(-40.8214257827,-14.8660687473,9.)) ;
#1841=CARTESIAN_POINT('Axis2P3D Location',(41.0000008274,-15.,10.)) ;
#1847=CARTESIAN_POINT('Control Point',(41.0000008274,-15.,10.)) ;
#1848=CARTESIAN_POINT('Control Point',(41.0000008274,-15.,9.79814808253)) ;
#1849=CARTESIAN_POINT('Control Point',(40.9818922914,-14.9864186011,9.5962962366)) ;
#1850=CARTESIAN_POINT('Control Point',(40.9451905756,-14.9588923206,9.39343801406)) ;
#1851=CARTESIAN_POINT('Control Point',(40.8914314395,-14.9185729778,9.19513287505)) ;
#1852=CARTESIAN_POINT('Control Point',(40.8214257827,-14.8660687473,9.)) ;
#1860=CARTESIAN_POINT('Axis2P3D Location',(0.,0.,10.)) ;
#1869=CARTESIAN_POINT('Control Point',(38.9999992541,-1.43253474061E-006,2.5)) ;
#1870=CARTESIAN_POINT('Control Point',(38.9999942758,-1.7950212011,2.50000008571)) ;
#1871=CARTESIAN_POINT('Control Point',(39.3356354589,-3.59247234736,2.63445491902)) ;
#1872=CARTESIAN_POINT('Control Point',(40.0083294158,-5.26925572415,2.90276460705)) ;
#1873=CARTESIAN_POINT('Control Point',(40.9347775911,-6.75473724882,3.26119656822)) ;
#1874=CARTESIAN_POINT('Control Point',(42.0809392546,-8.02809998072,3.66459135692)) ;
#1875=CARTESIAN_POINT('Vertex',(38.9999981006,1.399132982E-015,2.50000032654)) ;
#1879=CARTESIAN_POINT('Control Point',(42.0809392546,8.02809998072,3.66459135692)) ;
#1880=CARTESIAN_POINT('Control Point',(40.9346681577,6.75461567042,3.26115805281)) ;
#1881=CARTESIAN_POINT('Control Point',(40.0079989409,5.26935104847,2.90263516382)) ;
#1882=CARTESIAN_POINT('Control Point',(39.3353249924,3.59037271865,2.63433518138)) ;
#1883=CARTESIAN_POINT('Control Point',(39.0000042329,1.79518972132,2.49999991428)) ;
#1884=CARTESIAN_POINT('Control Point',(38.9999992541,-1.43253474061E-006,2.5)) ;
#1885=CARTESIAN_POINT('Vertex',(42.0809392546,8.02809998072,3.66459135692)) ;
#1889=CARTESIAN_POINT('Control Point',(41.0000008274,15.,10.)) ;
#1890=CARTESIAN_POINT('Control Point',(41.0000008274,15.,9.51169862636)) ;
#1891=CARTESIAN_POINT('Control Point',(41.0596103715,14.9205205895,9.02339738792)) ;
#1892=CARTESIAN_POINT('Control Point',(41.1789110064,14.761637248,8.54569914964)) ;
#1893=CARTESIAN_POINT('Control Point',(41.4610964498,14.341354087,7.69947657032)) ;
#1894=CARTESIAN_POINT('Control Point',(41.7941124308,13.703461694,6.91378906049)) ;
#1895=CARTESIAN_POINT('Control Point',(41.9445484332,13.3715017487,6.5698034085)) ;
#1896=CARTESIAN_POINT('Control Point',(42.3331115942,12.3348169971,5.64835284503)) ;
#1897=CARTESIAN_POINT('Control Point',(42.5602685302,11.0144705612,4.84434008167)) ;
#1898=CARTESIAN_POINT('Control Point',(42.5871113841,10.0654093305,4.38156903074)) ;
#1899=CARTESIAN_POINT('Control Point',(42.4361426352,9.04560524791,3.98693181181)) ;
#1900=CARTESIAN_POINT('Control Point',(42.0809392546,8.02809998072,3.66459135692)) ;
#1901=CARTESIAN_POINT('Vertex',(41.0000008274,15.,10.)) ;
#1905=CARTESIAN_POINT('Control Point',(41.0000008274,15.,10.)) ;
#1906=CARTESIAN_POINT('Control Point',(41.0000008274,15.,9.66358013759)) ;
#1907=CARTESIAN_POINT('Control Point',(40.9381018774,14.9535757982,9.32522145843)) ;
#1908=CARTESIAN_POINT('Control Point',(40.8214257827,14.8660687473,9.)) ;
#1909=CARTESIAN_POINT('Vertex',(40.8214257827,14.8660687473,9.)) ;
#1913=CARTESIAN_POINT('Control Point',(40.8214257808,14.8660687473,9.)) ;
#1914=CARTESIAN_POINT('Control Point',(40.147810491,14.8660687473,9.)) ;
#1915=CARTESIAN_POINT('Vertex',(40.14781049,14.8660687473,9.)) ;
#1919=CARTESIAN_POINT('Control Point',(40.0311538641,15.,10.)) ;
#1920=CARTESIAN_POINT('Control Point',(40.0311538641,15.,9.66416395241)) ;
#1921=CARTESIAN_POINT('Control Point',(40.0728205408,14.9544856028,9.32860276289)) ;
#1922=CARTESIAN_POINT('Control Point',(40.14781049,14.8660687473,9.)) ;
#1923=CARTESIAN_POINT('Vertex',(40.0311538641,15.,10.)) ;
#1926=CARTESIAN_POINT('Line Origine',(21.9100000002,15.,10.)) ;
#1930=CARTESIAN_POINT('Vertex',(39.875,15.,10.)) ;
#1934=CARTESIAN_POINT('Control Point',(39.875,15.,10.)) ;
#1935=CARTESIAN_POINT('Control Point',(39.8749999993,15.,9.63695348236)) ;
#1936=CARTESIAN_POINT('Control Point',(39.9248170126,14.956065742,9.27390709542)) ;
#1937=CARTESIAN_POINT('Control Point',(40.0245360792,14.8679963747,8.91600913425)) ;
#1938=CARTESIAN_POINT('Control Point',(40.3349034509,14.5692760381,8.10081474887)) ;
#1939=CARTESIAN_POINT('Control Point',(40.7526337452,14.0693074624,7.34025226517)) ;
#1940=CARTESIAN_POINT('Control Point',(40.996708355,13.7241604774,6.92338913363)) ;
#1941=CARTESIAN_POINT('Control Point',(41.5454615183,12.7565497687,5.96346128022)) ;
#1942=CARTESIAN_POINT('Control Point',(41.9055532637,11.4761531812,5.11162847114)) ;
#1943=CARTESIAN_POINT('Control Point',(42.003581623,10.6349720002,4.65673136365)) ;
#1944=CARTESIAN_POINT('Control Point',(41.9330767747,9.71400177637,4.25651005109)) ;
#1945=CARTESIAN_POINT('Control Point',(41.6561688765,8.78540692168,3.92100696619)) ;
#1946=CARTESIAN_POINT('Vertex',(41.6561688765,8.78540692168,3.92100696619)) ;
#1950=CARTESIAN_POINT('Control Point',(41.6561688765,8.78540692168,3.92100696619)) ;
#1951=CARTESIAN_POINT('Control Point',(40.9976888583,8.01713827632,3.64343004526)) ;
#1952=CARTESIAN_POINT('Control Point',(40.4042634884,7.17909840393,3.38682995392)) ;
#1953=CARTESIAN_POINT('Control Point',(39.8841630507,6.27436354441,3.15855719588)) ;
#1954=CARTESIAN_POINT('Control Point',(39.0171220438,4.35169681699,2.77454743724)) ;
#1955=CARTESIAN_POINT('Control Point',(38.5300391339,2.25073223657,2.55570213264)) ;
#1956=CARTESIAN_POINT('Control Point',(38.3914535723,1.17231840523,2.49324432281)) ;
#1957=CARTESIAN_POINT('Control Point',(38.3175530311,-1.69643350842,2.46015107385)) ;
#1958=CARTESIAN_POINT('Control Point',(38.991192171,-4.48983067423,2.76288466495)) ;
#1959=CARTESIAN_POINT('Control Point',(39.6844145738,-6.09874311756,3.07274122346)) ;
#1960=CARTESIAN_POINT('Control Point',(40.5840662198,-7.53455217616,3.46907077058)) ;
#1961=CARTESIAN_POINT('Control Point',(41.6561688765,-8.78540692168,3.92100696619)) ;
#1963=CARTESIAN_POINT('Line Origine',(21.9100000002,-15.,10.)) ;
#1967=CARTESIAN_POINT('Vertex',(40.0311538641,-15.,10.)) ;
#1971=CARTESIAN_POINT('Control Point',(40.0311538641,-15.,10.)) ;
#1972=CARTESIAN_POINT('Control Point',(40.0311538641,-15.,9.66416395236)) ;
#1973=CARTESIAN_POINT('Control Point',(40.0728205408,-14.9544856028,9.32860276289)) ;
#1974=CARTESIAN_POINT('Control Point',(40.14781049,-14.8660687473,9.)) ;
#1994=CARTESIAN_POINT('Axis2P3D Location',(50.9999981006,-7.04431769815E-017,5.)) ;
#1999=CARTESIAN_POINT('Axis2P3D Location',(50.9999981006,-7.04431769815E-017,0.)) ;
#2003=CARTESIAN_POINT('Vertex',(38.9999981006,1.399132982E-015,0.)) ;
#2006=CARTESIAN_POINT('Line Origine',(38.9999981006,1.399132982E-015,5.)) ;
#2019=CARTESIAN_POINT('Control Point',(41.6561688765,8.99778391879,3.33319661318)) ;
#2020=CARTESIAN_POINT('Control Point',(41.6561688765,8.57302992457,4.50881731919)) ;
#2021=CARTESIAN_POINT('Control Point',(40.0981283596,7.12080505615,2.65504056917)) ;
#2022=CARTESIAN_POINT('Control Point',(40.0981283596,6.81438237235,3.8734146004)) ;
#2023=CARTESIAN_POINT('Control Point',(38.9208499616,4.87643609102,2.11113081205)) ;
#2024=CARTESIAN_POINT('Control Point',(38.9208499616,4.68052274996,3.35260064443)) ;
#2025=CARTESIAN_POINT('Control Point',(38.2450351344,2.35511310909,1.79967165334)) ;
#2026=CARTESIAN_POINT('Control Point',(38.2450351344,2.2613454686,3.05217646159)) ;
#2027=CARTESIAN_POINT('Control Point',(38.149509561,-1.7255943387,1.75849028998)) ;
#2028=CARTESIAN_POINT('Control Point',(38.149509561,-1.66012617299,3.01394372537)) ;
#2029=CARTESIAN_POINT('Control Point',(39.4020872429,-5.48343177504,2.33065403551)) ;
#2030=CARTESIAN_POINT('Control Point',(39.4020872429,-5.25152866736,3.56123044597)) ;
#2031=CARTESIAN_POINT('Control Point',(40.0186422425,-6.7618573198,2.610410862)) ;
#2032=CARTESIAN_POINT('Control Point',(40.0186422425,-6.46820158271,3.82803524014)) ;
#2033=CARTESIAN_POINT('Control Point',(40.7767521721,-7.93834640869,2.95041982044)) ;
#2034=CARTESIAN_POINT('Control Point',(40.7767521721,-7.58038305968,4.15017211264)) ;
#2035=CARTESIAN_POINT('Control Point',(41.6561688765,-8.99778391879,3.33319661319)) ;
#2036=CARTESIAN_POINT('Control Point',(41.6561688765,-8.57302992457,4.50881731919)) ;
#2038=CARTESIAN_POINT('Control Point',(41.6561688765,8.99778391879,3.33319661318)) ;
#2039=CARTESIAN_POINT('Control Point',(41.6561688765,8.78540692168,3.92100696619)) ;
#2049=CARTESIAN_POINT('Control Point',(-40.4061688765,8.99778391879,3.33319661318)) ;
#2050=CARTESIAN_POINT('Control Point',(-41.6561688765,8.99778391879,3.33319661318)) ;
#2051=CARTESIAN_POINT('Control Point',(-38.8481283596,7.12080505615,2.65504056917)) ;
#2052=CARTESIAN_POINT('Control Point',(-40.0981283596,7.12080505615,2.65504056917)) ;
#2053=CARTESIAN_POINT('Control Point',(-37.6708499616,4.87643609102,2.11113081205)) ;
#2054=CARTESIAN_POINT('Control Point',(-38.9208499616,4.87643609102,2.11113081205)) ;
#2055=CARTESIAN_POINT('Control Point',(-36.9950351344,2.35511310909,1.79967165334)) ;
#2056=CARTESIAN_POINT('Control Point',(-38.2450351344,2.35511310909,1.79967165334)) ;
#2057=CARTESIAN_POINT('Control Point',(-36.899509561,-1.7255943387,1.75849028998)) ;
#2058=CARTESIAN_POINT('Control Point',(-38.149509561,-1.7255943387,1.75849028998)) ;
#2059=CARTESIAN_POINT('Control Point',(-38.1520872429,-5.48343177504,2.33065403551)) ;
#2060=CARTESIAN_POINT('Control Point',(-39.4020872429,-5.48343177504,2.33065403551)) ;
#2061=CARTESIAN_POINT('Control Point',(-38.7686422425,-6.7618573198,2.610410862)) ;
#2062=CARTESIAN_POINT('Control Point',(-40.0186422425,-6.7618573198,2.610410862)) ;
#2063=CARTESIAN_POINT('Control Point',(-39.5267521721,-7.93834640869,2.95041982044)) ;
#2064=CARTESIAN_POINT('Control Point',(-40.7767521721,-7.93834640869,2.95041982044)) ;
#2065=CARTESIAN_POINT('Control Point',(-40.4061688765,-8.99778391879,3.33319661319)) ;
#2066=CARTESIAN_POINT('Control Point',(-41.6561688765,-8.99778391879,3.33319661319)) ;
#2068=CARTESIAN_POINT('Control Point',(-41.6561688765,8.99778391879,3.33319661318)) ;
#2069=CARTESIAN_POINT('Control Point',(-40.0981283596,7.12080505615,2.65504056917)) ;
#2070=CARTESIAN_POINT('Control Point',(-38.9208499616,4.87643609102,2.11113081205)) ;
#2071=CARTESIAN_POINT('Control Point',(-38.2450351344,2.35511310909,1.79967165334)) ;
#2072=CARTESIAN_POINT('Control Point',(-38.149509561,-1.7255943387,1.75849028998)) ;
#2073=CARTESIAN_POINT('Control Point',(-39.4020872429,-5.48343177504,2.33065403551)) ;
#2074=CARTESIAN_POINT('Control Point',(-40.0186422425,-6.7618573198,2.610410862)) ;
#2075=CARTESIAN_POINT('Control Point',(-40.7767521721,-7.93834640869,2.95041982044)) ;
#2076=CARTESIAN_POINT('Control Point',(-41.6561688765,-8.99778391879,3.33319661319)) ;
#2077=CARTESIAN_POINT('Vertex',(-41.6561688765,-8.99778391879,3.33319661318)) ;
#2081=CARTESIAN_POINT('Control Point',(-40.4061688765,-8.99778391879,3.33319661319)) ;
#2082=CARTESIAN_POINT('Control Point',(-41.6561688765,-8.99778391879,3.33319661319)) ;
#2083=CARTESIAN_POINT('Vertex',(-40.4061688765,-8.99778391879,3.33319661318)) ;
#2087=CARTESIAN_POINT('Control Point',(-40.4061688765,8.99778391879,3.33319661318)) ;
#2088=CARTESIAN_POINT('Control Point',(-38.8481283596,7.12080505615,2.65504056917)) ;
#2089=CARTESIAN_POINT('Control Point',(-37.6708499616,4.87643609102,2.11113081205)) ;
#2090=CARTESIAN_POINT('Control Point',(-36.9950351344,2.35511310909,1.79967165334)) ;
#2091=CARTESIAN_POINT('Control Point',(-36.899509561,-1.7255943387,1.75849028998)) ;
#2092=CARTESIAN_POINT('Control Point',(-38.1520872429,-5.48343177504,2.33065403551)) ;
#2093=CARTESIAN_POINT('Control Point',(-38.7686422425,-6.7618573198,2.610410862)) ;
#2094=CARTESIAN_POINT('Control Point',(-39.5267521721,-7.93834640869,2.95041982044)) ;
#2095=CARTESIAN_POINT('Control Point',(-40.4061688765,-8.99778391879,3.33319661319)) ;
#2105=CARTESIAN_POINT('Control Point',(-39.875,15.625,10.)) ;
#2106=CARTESIAN_POINT('Control Point',(-39.875,14.375,10.)) ;
#2107=CARTESIAN_POINT('Control Point',(-39.8749999992,15.6250000007,9.52246608536)) ;
#2108=CARTESIAN_POINT('Control Point',(-39.8749999992,14.3750000003,9.65890439963)) ;
#2109=CARTESIAN_POINT('Control Point',(-39.9383239377,15.559845948,9.04486149773)) ;
#2110=CARTESIAN_POINT('Control Point',(-39.9383239377,14.3284614438,9.31787970735)) ;
#2111=CARTESIAN_POINT('Control Point',(-40.0650910704,15.4285984187,8.59352310713)) ;
#2112=CARTESIAN_POINT('Control Point',(-40.0650910704,14.2343996696,8.98765945829)) ;
#2113=CARTESIAN_POINT('Control Point',(-40.4286804547,15.0149131765,7.58389244867)) ;
#2114=CARTESIAN_POINT('Control Point',(-40.4286804547,13.9251399665,8.22718316061)) ;
#2115=CARTESIAN_POINT('Control Point',(-40.8629452658,14.4060673626,6.75033608159)) ;
#2116=CARTESIAN_POINT('Control Point',(-40.8629452658,13.438661718,7.55277185655)) ;
#2117=CARTESIAN_POINT('Control Point',(-41.1060219815,13.9971015263,6.2967682044)) ;
#2118=CARTESIAN_POINT('Control Point',(-41.1060219815,13.0981207126,7.17224022619)) ;
#2119=CARTESIAN_POINT('Control Point',(-41.6417629119,12.8786828283,5.26478262838)) ;
#2120=CARTESIAN_POINT('Control Point',(-41.6417629119,12.1393737178,6.28467789122)) ;
#2121=CARTESIAN_POINT('Control Point',(-41.936898031,11.547792501,4.43488430233)) ;
#2122=CARTESIAN_POINT('Control Point',(-41.936898031,10.9406650232,5.53191993437)) ;
#2123=CARTESIAN_POINT('Control Point',(-41.9912342092,10.7019557458,4.00221826815)) ;
#2124=CARTESIAN_POINT('Control Point',(-41.9912342092,10.1635271162,5.13340801795)) ;
#2125=CARTESIAN_POINT('Control Point',(-41.8983736442,9.83643955788,3.63620445975)) ;
#2126=CARTESIAN_POINT('Control Point',(-41.8983736442,9.35881407159,4.79272259835)) ;
#2127=CARTESIAN_POINT('Control Point',(-41.6561688765,8.99778391879,3.33319661318)) ;
#2128=CARTESIAN_POINT('Control Point',(-41.6561688765,8.57302992457,4.50881731919)) ;
#2130=CARTESIAN_POINT('Control Point',(-40.0111515039,15.0222637517,8.99999982414)) ;
#2131=CARTESIAN_POINT('Control Point',(-40.0006997808,15.1845749934,8.9999994442)) ;
#2132=CARTESIAN_POINT('Control Point',(-39.9919017591,15.3472604316,9.)) ;
#2133=CARTESIAN_POINT('Control Point',(-39.984237702,15.5100520698,9.)) ;
#2134=CARTESIAN_POINT('Vertex',(-40.0111514539,15.0222638488,9.)) ;
#2138=CARTESIAN_POINT('Control Point',(-40.0111514539,15.0222638488,9.)) ;
#2139=CARTESIAN_POINT('Control Point',(-39.9260057353,15.1166144043,9.31751278455)) ;
#2140=CARTESIAN_POINT('Control Point',(-39.8749999993,15.1687133401,9.65811456296)) ;
#2141=CARTESIAN_POINT('Control Point',(-39.875,15.1687133394,10.)) ;
#2142=CARTESIAN_POINT('Vertex',(-39.875,15.1687133394,10.)) ;
#2146=CARTESIAN_POINT('Control Point',(-39.875,15.1687133394,10.)) ;
#2147=CARTESIAN_POINT('Control Point',(-39.875,15.,10.)) ;
#2148=CARTESIAN_POINT('Vertex',(-39.875,15.,10.)) ;
#2152=CARTESIAN_POINT('Control Point',(-39.875,15.,10.)) ;
#2153=CARTESIAN_POINT('Control Point',(-39.8749999993,15.,9.63695348234)) ;
#2154=CARTESIAN_POINT('Control Point',(-39.9248170098,14.9560657646,9.27390671974)) ;
#2155=CARTESIAN_POINT('Control Point',(-40.0245364712,14.8679963654,8.91600933422)) ;
#2156=CARTESIAN_POINT('Control Point',(-40.3349029245,14.5692760507,8.10081448038)) ;
#2157=CARTESIAN_POINT('Control Point',(-40.752634452,14.0693074455,7.34025262568)) ;
#2158=CARTESIAN_POINT('Control Point',(-40.9967087886,13.7241604436,6.92338918086)) ;
#2159=CARTESIAN_POINT('Control Point',(-41.5454609152,12.7565498158,5.96346121454)) ;
#2160=CARTESIAN_POINT('Control Point',(-41.9055541023,11.4761531158,5.11162856247)) ;
#2161=CARTESIAN_POINT('Control Point',(-42.0035811857,10.6349729209,4.65673150862)) ;
#2162=CARTESIAN_POINT('Control Point',(-41.9330767747,9.71400177637,4.25651005109)) ;
#2163=CARTESIAN_POINT('Control Point',(-41.6561688765,8.78540692168,3.92100696619)) ;
#2164=CARTESIAN_POINT('Vertex',(-41.6561688765,8.78540692168,3.92100696619)) ;
#2168=CARTESIAN_POINT('Control Point',(-41.6561688765,8.99778391879,3.33319661318)) ;
#2169=CARTESIAN_POINT('Control Point',(-41.6561688765,8.78540692168,3.92100696619)) ;
#2180=CARTESIAN_POINT('Axis2P3D Location',(-35.0000016547,10.5000016547,9.)) ;
#2184=CARTESIAN_POINT('Vertex',(-40.14781049,14.8660687473,9.)) ;
#2187=CARTESIAN_POINT('Line Origine',(7.1054273576E-015,17.25,9.)) ;
#2192=CARTESIAN_POINT('Line Origine',(39.7538597441,15.5100520698,9.)) ;
#2196=CARTESIAN_POINT('Vertex',(39.984237702,15.5100520698,9.)) ;
#2200=CARTESIAN_POINT('Control Point',(40.0111515231,15.0222637721,9.)) ;
#2201=CARTESIAN_POINT('Control Point',(40.0048805146,15.1196505437,9.)) ;
#2202=CARTESIAN_POINT('Control Point',(39.9991108256,15.2171563992,9.)) ;
#2203=CARTESIAN_POINT('Control Point',(39.9937790451,15.3147512326,9.)) ;
#2204=CARTESIAN_POINT('Control Point',(39.9888361363,15.4123770868,9.)) ;
#2205=CARTESIAN_POINT('Control Point',(39.984237702,15.5100520698,9.)) ;
#2206=CARTESIAN_POINT('Vertex',(40.0111514539,15.0222638488,9.)) ;
#2209=CARTESIAN_POINT('Axis2P3D Location',(35.0000016547,10.5000016547,9.)) ;
#2214=CARTESIAN_POINT('Line Origine',(40.9107133051,14.9330343737,9.)) ;
#2218=CARTESIAN_POINT('Vertex',(41.0000008274,15.,9.)) ;
#2221=CARTESIAN_POINT('Axis2P3D Location',(35.0000016547,10.5000016547,9.)) ;
#2225=CARTESIAN_POINT('Vertex',(35.0000016547,18.,9.)) ;
#2228=CARTESIAN_POINT('Line Origine',(0.,18.,9.)) ;
#2232=CARTESIAN_POINT('Vertex',(-35.0000016547,18.,9.)) ;
#2235=CARTESIAN_POINT('Axis2P3D Location',(-35.0000016547,10.5000016547,9.)) ;
#2239=CARTESIAN_POINT('Vertex',(-41.0000008274,15.,9.)) ;
#2242=CARTESIAN_POINT('Line Origine',(-40.9107133051,14.9330343737,9.)) ;
#2246=CARTESIAN_POINT('Vertex',(-40.8214257827,14.8660687473,9.)) ;
#2250=CARTESIAN_POINT('Control Point',(-40.8214257808,14.8660687459,9.)) ;
#2251=CARTESIAN_POINT('Control Point',(-40.6867027228,14.8660687459,9.)) ;
#2252=CARTESIAN_POINT('Control Point',(-40.5519796649,14.8660687459,9.)) ;
#2253=CARTESIAN_POINT('Control Point',(-40.4172566069,14.8660687459,9.)) ;
#2254=CARTESIAN_POINT('Control Point',(-40.282533549,14.866068746,9.)) ;
#2255=CARTESIAN_POINT('Control Point',(-40.147810491,14.8660687461,9.)) ;
#2276=CARTESIAN_POINT('Axis2P3D Location',(40.4000007777,14.5500000662,10.)) ;
#2281=CARTESIAN_POINT('Line Origine',(41.0000008274,15.,9.5)) ;
#2293=CARTESIAN_POINT('Control Point',(39.875,15.625,10.)) ;
#2294=CARTESIAN_POINT('Control Point',(39.875,14.375,10.)) ;
#2295=CARTESIAN_POINT('Control Point',(39.8749999992,15.6250000007,9.52246608536)) ;
#2296=CARTESIAN_POINT('Control Point',(39.8749999992,14.3750000003,9.65890439963)) ;
#2297=CARTESIAN_POINT('Control Point',(39.9383239377,15.559845948,9.04486149773)) ;
#2298=CARTESIAN_POINT('Control Point',(39.9383239377,14.3284614438,9.31787970735)) ;
#2299=CARTESIAN_POINT('Control Point',(40.0650910704,15.4285984187,8.59352310713)) ;
#2300=CARTESIAN_POINT('Control Point',(40.0650910704,14.2343996696,8.98765945829)) ;
#2301=CARTESIAN_POINT('Control Point',(40.4286804547,15.0149131765,7.58389244867)) ;
#2302=CARTESIAN_POINT('Control Point',(40.4286804547,13.9251399665,8.22718316061)) ;
#2303=CARTESIAN_POINT('Control Point',(40.8629452658,14.4060673626,6.75033608159)) ;
#2304=CARTESIAN_POINT('Control Point',(40.8629452658,13.438661718,7.55277185655)) ;
#2305=CARTESIAN_POINT('Control Point',(41.1060219815,13.9971015263,6.2967682044)) ;
#2306=CARTESIAN_POINT('Control Point',(41.1060219815,13.0981207126,7.17224022619)) ;
#2307=CARTESIAN_POINT('Control Point',(41.6417629119,12.8786828283,5.26478262838)) ;
#2308=CARTESIAN_POINT('Control Point',(41.6417629119,12.1393737178,6.28467789122)) ;
#2309=CARTESIAN_POINT('Control Point',(41.936898031,11.547792501,4.43488430233)) ;
#2310=CARTESIAN_POINT('Control Point',(41.936898031,10.9406650232,5.53191993437)) ;
#2311=CARTESIAN_POINT('Control Point',(41.9912342092,10.7019557458,4.00221826815)) ;
#2312=CARTESIAN_POINT('Control Point',(41.9912342092,10.1635271162,5.13340801795)) ;
#2313=CARTESIAN_POINT('Control Point',(41.8983736442,9.83643955788,3.63620445975)) ;
#2314=CARTESIAN_POINT('Control Point',(41.8983736442,9.35881407159,4.79272259835)) ;
#2315=CARTESIAN_POINT('Control Point',(41.6561688765,8.99778391879,3.33319661318)) ;
#2316=CARTESIAN_POINT('Control Point',(41.6561688765,8.57302992457,4.50881731919)) ;
#2318=CARTESIAN_POINT('Control Point',(39.984237702,15.5100520698,9.)) ;
#2319=CARTESIAN_POINT('Control Point',(40.0400524843,15.4501359984,8.74041362799)) ;
#2320=CARTESIAN_POINT('Control Point',(40.1109690825,15.3724917719,8.48959250668)) ;
#2321=CARTESIAN_POINT('Control Point',(40.1927195601,15.2799660536,8.2502128263)) ;
#2322=CARTESIAN_POINT('Control Point',(40.5036414714,14.9098167007,7.44000735566)) ;
#2323=CARTESIAN_POINT('Control Point',(40.8629452658,14.4060673626,6.75033608159)) ;
#2324=CARTESIAN_POINT('Control Point',(41.1060219815,13.9971015263,6.2967682044)) ;
#2325=CARTESIAN_POINT('Control Point',(41.6417629119,12.8786828283,5.26478262838)) ;
#2326=CARTESIAN_POINT('Control Point',(41.936898031,11.547792501,4.43488430233)) ;
#2327=CARTESIAN_POINT('Control Point',(41.9912342092,10.7019557458,4.00221826815)) ;
#2328=CARTESIAN_POINT('Control Point',(41.8983736442,9.83643955788,3.63620445975)) ;
#2329=CARTESIAN_POINT('Control Point',(41.6561688765,8.99778391879,3.33319661318)) ;
#2332=CARTESIAN_POINT('Control Point',(39.875,15.1687133394,10.)) ;
#2333=CARTESIAN_POINT('Control Point',(39.875,15.,10.)) ;
#2334=CARTESIAN_POINT('Vertex',(39.875,15.1687133394,10.)) ;
#2338=CARTESIAN_POINT('Control Point',(40.0111514539,15.0222638488,9.)) ;
#2339=CARTESIAN_POINT('Control Point',(39.9260057353,15.1166144043,9.31751278454)) ;
#2340=CARTESIAN_POINT('Control Point',(39.8749999993,15.1687133401,9.65811456296)) ;
#2341=CARTESIAN_POINT('Control Point',(39.875,15.1687133394,10.)) ;
#2353=CARTESIAN_POINT('Control Point',(-40.0311538641,15.,10.)) ;
#2354=CARTESIAN_POINT('Control Point',(-40.0311538641,15.,9.66416395236)) ;
#2355=CARTESIAN_POINT('Control Point',(-40.0728205408,14.9544856028,9.32860276289)) ;
#2356=CARTESIAN_POINT('Control Point',(-40.14781049,14.8660687473,9.)) ;
#2357=CARTESIAN_POINT('Vertex',(-40.0311538641,15.,10.)) ;
#2360=CARTESIAN_POINT('Axis2P3D Location',(-35.0000016547,10.5000016547,10.)) ;
#2372=CARTESIAN_POINT('Axis2P3D Location',(-35.0000016547,10.5000016547,5.)) ;
#2377=CARTESIAN_POINT('Line Origine',(-35.0000016547,18.,5.)) ;
#2381=CARTESIAN_POINT('Vertex',(-35.0000016547,18.,0.)) ;
#2384=CARTESIAN_POINT('Axis2P3D Location',(-35.0000016547,10.5000016547,0.)) ;
#2388=CARTESIAN_POINT('Vertex',(-42.0809392546,8.02809998072,0.)) ;
#2391=CARTESIAN_POINT('Line Origine',(-42.0809392546,8.02809998072,5.)) ;
#2395=CARTESIAN_POINT('Vertex',(-42.0809392546,8.02809998072,3.66459135692)) ;
#2399=CARTESIAN_POINT('Control Point',(-41.0000008274,15.,10.)) ;
#2400=CARTESIAN_POINT('Control Point',(-41.0000008274,15.,9.51169862636)) ;
#2401=CARTESIAN_POINT('Control Point',(-41.0596103715,14.9205205895,9.02339749607)) ;
#2402=CARTESIAN_POINT('Control Point',(-41.1789112327,14.7616374642,8.54569922817)) ;
#2403=CARTESIAN_POINT('Control Point',(-41.461096261,14.3413539066,7.6994765048)) ;
#2404=CARTESIAN_POINT('Control Point',(-41.7941125883,13.7034618445,6.91378911515)) ;
#2405=CARTESIAN_POINT('Control Point',(-41.9445486154,13.3715018001,6.56980345024)) ;
#2406=CARTESIAN_POINT('Control Point',(-42.3331112673,12.3348169049,5.64835277013)) ;
#2407=CARTESIAN_POINT('Control Point',(-42.5602691168,11.0144707266,4.84434021605)) ;
#2408=CARTESIAN_POINT('Control Point',(-42.5871111465,10.0654098168,4.38156910846)) ;
#2409=CARTESIAN_POINT('Control Point',(-42.4361426352,9.04560524791,3.98693181181)) ;
#2410=CARTESIAN_POINT('Control Point',(-42.0809392546,8.02809998072,3.66459135692)) ;
#2411=CARTESIAN_POINT('Vertex',(-41.0000008274,15.,10.)) ;
#2414=CARTESIAN_POINT('Line Origine',(-41.0000008274,15.,5.)) ;
#2428=CARTESIAN_POINT('Axis2P3D Location',(-41.0000008274,15.,10.)) ;
#2434=CARTESIAN_POINT('Control Point',(-41.0000008274,15.,10.)) ;
#2435=CARTESIAN_POINT('Control Point',(-41.0000008274,15.,9.79814808252)) ;
#2436=CARTESIAN_POINT('Control Point',(-40.9818923123,14.9864186168,9.59629623658)) ;
#2437=CARTESIAN_POINT('Control Point',(-40.9451905756,14.9588923206,9.39343801408)) ;
#2438=CARTESIAN_POINT('Control Point',(-40.8914314395,14.9185729778,9.19513287506)) ;
#2439=CARTESIAN_POINT('Control Point',(-40.8214257827,14.8660687473,9.)) ;
#2447=CARTESIAN_POINT('Axis2P3D Location',(-50.9999981006,-7.04431769815E-017,5.)) ;
#2452=CARTESIAN_POINT('Axis2P3D Location',(-50.9999981006,-7.04431769815E-017,0.)) ;
#2456=CARTESIAN_POINT('Vertex',(-38.9999981006,1.399132982E-015,0.)) ;
#2459=CARTESIAN_POINT('Line Origine',(-38.9999981006,1.399132982E-015,5.)) ;
#2463=CARTESIAN_POINT('Vertex',(-38.9999981006,1.399132982E-015,2.50000032654)) ;
#2467=CARTESIAN_POINT('Control Point',(-42.0809392546,8.02809998072,3.66459135692)) ;
#2468=CARTESIAN_POINT('Control Point',(-40.9346681577,6.75461567042,3.26115805281)) ;
#2469=CARTESIAN_POINT('Control Point',(-40.0080054738,5.26936422585,2.90262687184)) ;
#2470=CARTESIAN_POINT('Control Point',(-39.3353196475,3.59036871581,2.63434072015)) ;
#2471=CARTESIAN_POINT('Control Point',(-38.9999981006,1.79519769705,2.50000162567)) ;
#2472=CARTESIAN_POINT('Control Point',(-38.9999981006,1.7763568394E-015,2.50000032654)) ;
#2481=CARTESIAN_POINT('Axis2P3D Location',(-50.9999981006,-7.04431769815E-017,0.)) ;
#2485=CARTESIAN_POINT('Vertex',(-42.0809392546,-8.02809998072,0.)) ;
#2488=CARTESIAN_POINT('Line Origine',(-42.0809392546,-8.02809998072,5.)) ;
#2492=CARTESIAN_POINT('Vertex',(-42.0809392546,-8.02809998072,3.66459135692)) ;
#2496=CARTESIAN_POINT('Control Point',(-38.9999981006,1.7763568394E-015,2.50000032654)) ;
#2497=CARTESIAN_POINT('Control Point',(-38.9999981006,-1.79502631113,2.49999902753)) ;
#2498=CARTESIAN_POINT('Control Point',(-39.3356251937,-3.59248747189,2.63445295322)) ;
#2499=CARTESIAN_POINT('Control Point',(-40.0083343865,-5.26925205771,2.9027646286)) ;
#2500=CARTESIAN_POINT('Control Point',(-40.9347775911,-6.75473724882,3.26119656822)) ;
#2501=CARTESIAN_POINT('Control Point',(-42.0809392546,-8.02809998072,3.66459135692)) ;
#2510=CARTESIAN_POINT('Axis2P3D Location',(0.,0.,10.)) ;
#2515=CARTESIAN_POINT('Line Origine',(-39.875,-15.0843566697,10.)) ;
#2519=CARTESIAN_POINT('Vertex',(-39.875,-15.,10.)) ;
#2521=CARTESIAN_POINT('Vertex',(-39.875,-15.1687133394,10.)) ;
#2524=CARTESIAN_POINT('Line Origine',(-39.953076932,-15.,10.)) ;
#2528=CARTESIAN_POINT('Vertex',(-40.0311538641,-15.,10.)) ;
#2531=CARTESIAN_POINT('Axis2P3D Location',(-35.0000016547,-10.5000016547,10.)) ;
#2542=CARTESIAN_POINT('Axis2P3D Location',(7.1054273576E-015,18.,0.)) ;
#2547=CARTESIAN_POINT('Line Origine',(35.0000016547,18.,4.5)) ;
#2551=CARTESIAN_POINT('Vertex',(35.0000016547,18.,0.)) ;
#2554=CARTESIAN_POINT('Line Origine',(0.,18.,0.)) ;
#2565=CARTESIAN_POINT('Line Origine',(28.5,18.,4.5)) ;
#2569=CARTESIAN_POINT('Vertex',(31.25,18.,4.5)) ;
#2571=CARTESIAN_POINT('Vertex',(25.75,18.,4.5)) ;
#2574=CARTESIAN_POINT('Line Origine',(31.25,18.,5.75)) ;
#2578=CARTESIAN_POINT('Vertex',(31.25,18.,7.)) ;
#2581=CARTESIAN_POINT('Line Origine',(28.5,18.,7.)) ;
#2585=CARTESIAN_POINT('Vertex',(25.75,18.,7.)) ;
#2588=CARTESIAN_POINT('Line Origine',(25.75,18.,5.75)) ;
#2600=CARTESIAN_POINT('Line Origine',(-39.953076932,15.,10.)) ;
#2612=CARTESIAN_POINT('Control Point',(-41.6561688765,8.99778391879,3.33319661318)) ;
#2613=CARTESIAN_POINT('Control Point',(-41.6561688765,8.57302992457,4.50881731919)) ;
#2614=CARTESIAN_POINT('Control Point',(-40.0981283596,7.12080505615,2.65504056917)) ;
#2615=CARTESIAN_POINT('Control Point',(-40.0981283596,6.81438237235,3.8734146004)) ;
#2616=CARTESIAN_POINT('Control Point',(-38.9208499616,4.87643609102,2.11113081205)) ;
#2617=CARTESIAN_POINT('Control Point',(-38.9208499616,4.68052274996,3.35260064443)) ;
#2618=CARTESIAN_POINT('Control Point',(-38.2450351344,2.35511310909,1.79967165334)) ;
#2619=CARTESIAN_POINT('Control Point',(-38.2450351344,2.2613454686,3.05217646159)) ;
#2620=CARTESIAN_POINT('Control Point',(-38.149509561,-1.7255943387,1.75849028998)) ;
#2621=CARTESIAN_POINT('Control Point',(-38.149509561,-1.66012617299,3.01394372537)) ;
#2622=CARTESIAN_POINT('Control Point',(-39.4020872429,-5.48343177504,2.33065403551)) ;
#2623=CARTESIAN_POINT('Control Point',(-39.4020872429,-5.25152866736,3.56123044597)) ;
#2624=CARTESIAN_POINT('Control Point',(-40.0186422425,-6.7618573198,2.610410862)) ;
#2625=CARTESIAN_POINT('Control Point',(-40.0186422425,-6.46820158271,3.82803524014)) ;
#2626=CARTESIAN_POINT('Control Point',(-40.7767521721,-7.93834640869,2.95041982044)) ;
#2627=CARTESIAN_POINT('Control Point',(-40.7767521721,-7.58038305968,4.15017211264)) ;
#2628=CARTESIAN_POINT('Control Point',(-41.6561688765,-8.99778391879,3.33319661319)) ;
#2629=CARTESIAN_POINT('Control Point',(-41.6561688765,-8.57302992457,4.50881731919)) ;
#2631=CARTESIAN_POINT('Control Point',(-41.6561688765,8.78540692168,3.92100696619)) ;
#2632=CARTESIAN_POINT('Control Point',(-40.9976888583,8.01713827632,3.64343004526)) ;
#2633=CARTESIAN_POINT('Control Point',(-40.4042633058,7.17909833831,3.38682990005)) ;
#2634=CARTESIAN_POINT('Control Point',(-39.884162896,6.27436347558,3.15855717064)) ;
#2635=CARTESIAN_POINT('Control Point',(-39.017122198,4.35169688555,2.77454746239)) ;
#2636=CARTESIAN_POINT('Control Point',(-38.5300389803,2.25073216826,2.55570210759)) ;
#2637=CARTESIAN_POINT('Control Point',(-38.3914536127,1.17231829557,2.49324432934)) ;
#2638=CARTESIAN_POINT('Control Point',(-38.3175529652,-1.69643332919,2.46015106318)) ;
#2639=CARTESIAN_POINT('Control Point',(-38.9911922788,-4.48983096715,2.76288468239)) ;
#2640=CARTESIAN_POINT('Control Point',(-39.6844141195,-6.09874296684,3.07274108453)) ;
#2641=CARTESIAN_POINT('Control Point',(-40.5840662198,-7.53455217616,3.46907077058)) ;
#2642=CARTESIAN_POINT('Control Point',(-41.6561688765,-8.78540692168,3.92100696619)) ;
#2643=CARTESIAN_POINT('Vertex',(-41.6561688765,-8.78540692168,3.92100696619)) ;
#2647=CARTESIAN_POINT('Control Point',(-41.6561688765,-8.99778391879,3.33319661319)) ;
#2648=CARTESIAN_POINT('Control Point',(-41.6561688765,-8.78540692168,3.92100696619)) ;
#2657=CARTESIAN_POINT('Axis2P3D Location',(35.0000016547,10.5000016547,10.)) ;
#2675=CARTESIAN_POINT('Axis2P3D Location',(35.0000016547,10.5000016547,5.)) ;
#2680=CARTESIAN_POINT('Line Origine',(42.0809392546,8.02809998072,5.)) ;
#2684=CARTESIAN_POINT('Vertex',(42.0809392546,8.02809998072,0.)) ;
#2687=CARTESIAN_POINT('Axis2P3D Location',(35.0000016547,10.5000016547,0.)) ;
#2701=CARTESIAN_POINT('Axis2P3D Location',(50.9999981006,-7.04431769815E-017,0.)) ;
#2713=CARTESIAN_POINT('Axis2P3D Location',(35.0000016547,-10.5000016547,10.)) ;
#2731=CARTESIAN_POINT('Axis2P3D Location',(0.,0.,10.)) ;
#2740=CARTESIAN_POINT('Control Point',(-40.0311538641,-15.,10.)) ;
#2741=CARTESIAN_POINT('Control Point',(-40.0311538641,-15.,9.66416395236)) ;
#2742=CARTESIAN_POINT('Control Point',(-40.0728205408,-14.9544856028,9.32860276289)) ;
#2743=CARTESIAN_POINT('Control Point',(-40.14781049,-14.8660687473,9.)) ;
#2746=CARTESIAN_POINT('Control Point',(-39.875,-15.,10.)) ;
#2747=CARTESIAN_POINT('Control Point',(-39.8749999998,-15.,9.55133664028)) ;
#2748=CARTESIAN_POINT('Control Point',(-39.9510841334,-14.9329003965,9.10267343813)) ;
#2749=CARTESIAN_POINT('Control Point',(-40.1036022783,-14.7981136681,8.66353466037)) ;
#2750=CARTESIAN_POINT('Control Point',(-40.4609075627,-14.4358452288,7.86540181016)) ;
#2751=CARTESIAN_POINT('Control Point',(-40.8806659491,-13.8809928313,7.12106263564)) ;
#2752=CARTESIAN_POINT('Control Point',(-41.0768439704,-13.5793987376,6.7820405892)) ;
#2753=CARTESIAN_POINT('Control Point',(-41.5721182003,-12.6618090955,5.90041475931)) ;
#2754=CARTESIAN_POINT('Control Point',(-41.9055712869,-11.4759134265,5.11149648944)) ;
#2755=CARTESIAN_POINT('Control Point',(-42.0035684239,-10.6348022701,4.65665754544)) ;
#2756=CARTESIAN_POINT('Control Point',(-41.9330511377,-9.71391579556,4.25647898606)) ;
#2757=CARTESIAN_POINT('Control Point',(-41.6561688765,-8.78540692168,3.92100696619)) ;
#2760=CARTESIAN_POINT('Control Point',(-41.0000008274,-15.,10.)) ;
#2761=CARTESIAN_POINT('Control Point',(-41.0000008274,-15.,9.51169862637)) ;
#2762=CARTESIAN_POINT('Control Point',(-41.0596103715,-14.9205205895,9.02339738793)) ;
#2763=CARTESIAN_POINT('Control Point',(-41.1789110064,-14.761637248,8.54569914969)) ;
#2764=CARTESIAN_POINT('Control Point',(-41.4610964497,-14.341354087,7.69947657038)) ;
#2765=CARTESIAN_POINT('Control Point',(-41.7941124308,-13.703461694,6.91378906055)) ;
#2766=CARTESIAN_POINT('Control Point',(-41.9445484332,-13.3715017488,6.56980340857)) ;
#2767=CARTESIAN_POINT('Control Point',(-42.3331115942,-12.3348169971,5.64835284507)) ;
#2768=CARTESIAN_POINT('Control Point',(-42.5602685302,-11.0144705612,4.84434008169)) ;
#2769=CARTESIAN_POINT('Control Point',(-42.5871113841,-10.0654093305,4.38156903077)) ;
#2770=CARTESIAN_POINT('Control Point',(-42.4361426352,-9.04560524795,3.98693181183)) ;
#2771=CARTESIAN_POINT('Control Point',(-42.0809392546,-8.02809998072,3.66459135692)) ;
#2792=CARTESIAN_POINT('Control Point',(-40.0111371409,-15.022279709,9.)) ;
#2793=CARTESIAN_POINT('Control Point',(-39.9259869727,-15.1166345949,9.31756518945)) ;
#2794=CARTESIAN_POINT('Control Point',(-39.8749999998,-15.1687133396,9.65815159889)) ;
#2795=CARTESIAN_POINT('Control Point',(-39.875,-15.1687133394,10.)) ;
#2805=CARTESIAN_POINT('Control Point',(-41.6561688765,-8.99778391879,3.33319661318)) ;
#2806=CARTESIAN_POINT('Control Point',(-41.6561688765,-8.57302992457,4.50881731919)) ;
#2807=CARTESIAN_POINT('Control Point',(-41.8958522163,-9.82770888043,3.63305005231)) ;
#2808=CARTESIAN_POINT('Control Point',(-41.8958522163,-9.3506338029,4.78976705417)) ;
#2809=CARTESIAN_POINT('Control Point',(-41.98928478,-10.683939909,3.99460476416)) ;
#2810=CARTESIAN_POINT('Control Point',(-41.98928478,-10.1467760576,5.12632082757)) ;
#2811=CARTESIAN_POINT('Control Point',(-41.9385205947,-11.5213924684,4.42136295264)) ;
#2812=CARTESIAN_POINT('Control Point',(-41.9385205947,-10.9163993632,5.5194725507)) ;
#2813=CARTESIAN_POINT('Control Point',(-41.6512129087,-12.8485869074,5.24408456052)) ;
#2814=CARTESIAN_POINT('Control Point',(-41.6512129087,-12.112586964,6.26602427869)) ;
#2815=CARTESIAN_POINT('Control Point',(-41.1223632375,-13.9674008322,6.26605554813)) ;
#2816=CARTESIAN_POINT('Control Point',(-41.1223632375,-13.073114681,7.14625403564)) ;
#2817=CARTESIAN_POINT('Control Point',(-40.879462084,-14.3803140014,6.7190590384)) ;
#2818=CARTESIAN_POINT('Control Point',(-40.879462084,-13.4175584607,7.52693705434)) ;
#2819=CARTESIAN_POINT('Control Point',(-40.4417698234,-14.9990938071,7.5557510267)) ;
#2820=CARTESIAN_POINT('Control Point',(-40.4417698234,-13.9130288622,8.20525416697)) ;
#2821=CARTESIAN_POINT('Control Point',(-40.0716299863,-15.4217514994,8.5700639427)) ;
#2822=CARTESIAN_POINT('Control Point',(-40.0716299863,-14.2294638016,8.97046158383)) ;
#2823=CARTESIAN_POINT('Control Point',(-39.9405086428,-15.5575979864,9.0285231352)) ;
#2824=CARTESIAN_POINT('Control Point',(-39.9405086428,-14.3268557451,9.30621360541)) ;
#2825=CARTESIAN_POINT('Control Point',(-39.8749999998,-15.6250000007,9.51429823254)) ;
#2826=CARTESIAN_POINT('Control Point',(-39.8749999998,-14.3750000003,9.65307022013)) ;
#2827=CARTESIAN_POINT('Control Point',(-39.875,-15.625,10.)) ;
#2828=CARTESIAN_POINT('Control Point',(-39.875,-14.375,10.)) ;
#2830=CARTESIAN_POINT('Control Point',(-41.6561688765,-8.99778391879,3.33319661318)) ;
#2831=CARTESIAN_POINT('Control Point',(-41.8958522163,-9.82770888043,3.63305005231)) ;
#2832=CARTESIAN_POINT('Control Point',(-41.98928478,-10.683939909,3.99460476416)) ;
#2833=CARTESIAN_POINT('Control Point',(-41.9385205947,-11.5213924684,4.42136295264)) ;
#2834=CARTESIAN_POINT('Control Point',(-41.6512129087,-12.8485869074,5.24408456052)) ;
#2835=CARTESIAN_POINT('Control Point',(-41.1223632375,-13.9674008322,6.26605554813)) ;
#2836=CARTESIAN_POINT('Control Point',(-40.879462084,-14.3803140014,6.7190590384)) ;
#2837=CARTESIAN_POINT('Control Point',(-40.5166411238,-14.893245811,7.41262714084)) ;
#2838=CARTESIAN_POINT('Control Point',(-40.2002383251,-15.2714137219,8.22824618541)) ;
#2839=CARTESIAN_POINT('Control Point',(-40.1152891701,-15.3677197286,8.47428892105)) ;
#2840=CARTESIAN_POINT('Control Point',(-40.0417355595,-15.4482965706,8.73252075238)) ;
#2841=CARTESIAN_POINT('Control Point',(-39.9842287557,-15.5100395132,9.)) ;
#2852=CARTESIAN_POINT('Axis2P3D Location',(-35.0000016547,17.25,10.)) ;
#2857=CARTESIAN_POINT('Line Origine',(7.1054273576E-015,17.25,10.)) ;
#2870=CARTESIAN_POINT('Control Point',(38.625,15.625,10.)) ;
#2871=CARTESIAN_POINT('Control Point',(39.875,15.625,10.)) ;
#2872=CARTESIAN_POINT('Control Point',(38.6249999992,15.6250000007,9.52246608536)) ;
#2873=CARTESIAN_POINT('Control Point',(39.8749999992,15.6250000007,9.52246608536)) ;
#2874=CARTESIAN_POINT('Control Point',(38.6883239377,15.559845948,9.04486149773)) ;
#2875=CARTESIAN_POINT('Control Point',(39.9383239377,15.559845948,9.04486149773)) ;
#2876=CARTESIAN_POINT('Control Point',(38.8150910704,15.4285984187,8.59352310713)) ;
#2877=CARTESIAN_POINT('Control Point',(40.0650910704,15.4285984187,8.59352310713)) ;
#2878=CARTESIAN_POINT('Control Point',(39.1786804547,15.0149131765,7.58389244867)) ;
#2879=CARTESIAN_POINT('Control Point',(40.4286804547,15.0149131765,7.58389244867)) ;
#2880=CARTESIAN_POINT('Control Point',(39.6129452658,14.4060673626,6.75033608159)) ;
#2881=CARTESIAN_POINT('Control Point',(40.8629452658,14.4060673626,6.75033608159)) ;
#2882=CARTESIAN_POINT('Control Point',(39.8560219815,13.9971015263,6.2967682044)) ;
#2883=CARTESIAN_POINT('Control Point',(41.1060219815,13.9971015263,6.2967682044)) ;
#2884=CARTESIAN_POINT('Control Point',(40.3917629119,12.8786828283,5.26478262838)) ;
#2885=CARTESIAN_POINT('Control Point',(41.6417629119,12.8786828283,5.26478262838)) ;
#2886=CARTESIAN_POINT('Control Point',(40.686898031,11.547792501,4.43488430233)) ;
#2887=CARTESIAN_POINT('Control Point',(41.936898031,11.547792501,4.43488430233)) ;
#2888=CARTESIAN_POINT('Control Point',(40.7412342092,10.7019557458,4.00221826815)) ;
#2889=CARTESIAN_POINT('Control Point',(41.9912342092,10.7019557458,4.00221826815)) ;
#2890=CARTESIAN_POINT('Control Point',(40.6483736442,9.83643955788,3.63620445975)) ;
#2891=CARTESIAN_POINT('Control Point',(41.8983736442,9.83643955788,3.63620445975)) ;
#2892=CARTESIAN_POINT('Control Point',(40.4061688765,8.99778391879,3.33319661318)) ;
#2893=CARTESIAN_POINT('Control Point',(41.6561688765,8.99778391879,3.33319661318)) ;
#2895=CARTESIAN_POINT('Control Point',(38.625,15.625,10.)) ;
#2896=CARTESIAN_POINT('Control Point',(39.3928218903,15.625,10.)) ;
#2897=CARTESIAN_POINT('Vertex',(38.625,15.625,10.)) ;
#2901=CARTESIAN_POINT('Control Point',(38.625,15.625,10.)) ;
#2902=CARTESIAN_POINT('Control Point',(38.6249999992,15.6250000007,9.52246608536)) ;
#2903=CARTESIAN_POINT('Control Point',(38.6883239377,15.559845948,9.04486149773)) ;
#2904=CARTESIAN_POINT('Control Point',(38.8150910704,15.4285984187,8.59352310713)) ;
#2905=CARTESIAN_POINT('Control Point',(39.1786804547,15.0149131765,7.58389244867)) ;
#2906=CARTESIAN_POINT('Control Point',(39.6129452658,14.4060673626,6.75033608159)) ;
#2907=CARTESIAN_POINT('Control Point',(39.8560219815,13.9971015263,6.2967682044)) ;
#2908=CARTESIAN_POINT('Control Point',(40.3917629119,12.8786828283,5.26478262838)) ;
#2909=CARTESIAN_POINT('Control Point',(40.686898031,11.547792501,4.43488430233)) ;
#2910=CARTESIAN_POINT('Control Point',(40.7412342092,10.7019557458,4.00221826815)) ;
#2911=CARTESIAN_POINT('Control Point',(40.6483736442,9.83643955788,3.63620445975)) ;
#2912=CARTESIAN_POINT('Control Point',(40.4061688765,8.99778391879,3.33319661318)) ;
#2924=CARTESIAN_POINT('Control Point',(38.625,14.375,10.)) ;
#2925=CARTESIAN_POINT('Control Point',(38.625,15.625,10.)) ;
#2926=CARTESIAN_POINT('Control Point',(38.6249999992,14.3750000003,9.65890439963)) ;
#2927=CARTESIAN_POINT('Control Point',(38.6249999992,15.6250000007,9.52246608536)) ;
#2928=CARTESIAN_POINT('Control Point',(38.6883239377,14.3284614438,9.31787970735)) ;
#2929=CARTESIAN_POINT('Control Point',(38.6883239377,15.559845948,9.04486149773)) ;
#2930=CARTESIAN_POINT('Control Point',(38.8150910704,14.2343996711,8.98765945829)) ;
#2931=CARTESIAN_POINT('Control Point',(38.8150910704,15.4285984172,8.5935231075)) ;
#2932=CARTESIAN_POINT('Control Point',(39.1786804547,13.9251399643,8.22718316061)) ;
#2933=CARTESIAN_POINT('Control Point',(39.1786804547,15.0149131787,7.58389244812)) ;
#2934=CARTESIAN_POINT('Control Point',(39.6129452658,13.4386617213,7.55277185655)) ;
#2935=CARTESIAN_POINT('Control Point',(39.6129452658,14.4060673594,6.75033608241)) ;
#2936=CARTESIAN_POINT('Control Point',(39.8560219815,13.0981207126,7.17224022783)) ;
#2937=CARTESIAN_POINT('Control Point',(39.8560219815,13.9971015296,6.29676820522)) ;
#2938=CARTESIAN_POINT('Control Point',(40.3917629119,12.1393737178,6.2846778888)) ;
#2939=CARTESIAN_POINT('Control Point',(40.3917629119,12.8786828235,5.26478262717)) ;
#2940=CARTESIAN_POINT('Control Point',(40.686898031,10.9406650232,5.53191993794)) ;
#2941=CARTESIAN_POINT('Control Point',(40.686898031,11.5477925081,4.43488430411)) ;
#2942=CARTESIAN_POINT('Control Point',(40.7412342092,10.1635271154,5.13340783148)) ;
#2943=CARTESIAN_POINT('Control Point',(40.7412342092,10.7019558873,4.00221835964)) ;
#2944=CARTESIAN_POINT('Control Point',(40.6483736442,9.35881407123,4.79272259801)) ;
#2945=CARTESIAN_POINT('Control Point',(40.6483736442,9.83643955719,3.63620445905)) ;
#2946=CARTESIAN_POINT('Control Point',(40.4061688765,8.57302992457,4.50881731919)) ;
#2947=CARTESIAN_POINT('Control Point',(40.4061688765,8.99778391879,3.33319661318)) ;
#2949=CARTESIAN_POINT('Control Point',(38.625,14.375,10.)) ;
#2950=CARTESIAN_POINT('Control Point',(38.625,15.625,10.)) ;
#2951=CARTESIAN_POINT('Vertex',(38.625,14.375,10.)) ;
#2955=CARTESIAN_POINT('Control Point',(40.4061688765,8.58179326692,4.48456241666)) ;
#2956=CARTESIAN_POINT('Control Point',(40.6820961538,9.4797762239,4.80415439239)) ;
#2957=CARTESIAN_POINT('Control Point',(40.7536715503,10.3688622776,5.18553013419)) ;
#2958=CARTESIAN_POINT('Control Point',(40.6564789393,11.176768273,5.61889037804)) ;
#2959=CARTESIAN_POINT('Control Point',(40.3310726448,12.2800784178,6.35205945352)) ;
#2960=CARTESIAN_POINT('Control Point',(39.8441353702,13.1205774092,7.16335475355)) ;
#2961=CARTESIAN_POINT('Control Point',(39.6578379007,13.3853849419,7.46183695282)) ;
#2962=CARTESIAN_POINT('Control Point',(39.247389042,13.8769497647,8.12098208698)) ;
#2963=CARTESIAN_POINT('Control Point',(38.8795644281,14.1955847114,8.81999350854)) ;
#2964=CARTESIAN_POINT('Control Point',(38.7107455183,14.3151081292,9.20618988836)) ;
#2965=CARTESIAN_POINT('Control Point',(38.624999999,14.375,9.60308466778)) ;
#2966=CARTESIAN_POINT('Control Point',(38.625,14.375,10.)) ;
#2975=CARTESIAN_POINT('Axis2P3D Location',(-10.75,-18.,5.)) ;
#2980=CARTESIAN_POINT('Line Origine',(-10.75,-17.625,5.)) ;
#2984=CARTESIAN_POINT('Vertex',(-10.75,-17.25,5.)) ;
#2987=CARTESIAN_POINT('Line Origine',(-10.75,-17.625,5.9)) ;
#2992=CARTESIAN_POINT('Line Origine',(-10.75,-17.25,5.45)) ;
#3004=CARTESIAN_POINT('Axis2P3D Location',(0.,0.,5.)) ;
#3009=CARTESIAN_POINT('Line Origine',(-13.2727922069,-17.625,5.)) ;
#3013=CARTESIAN_POINT('Vertex',(-13.2727922069,-17.25,5.)) ;
#3016=CARTESIAN_POINT('Line Origine',(-12.0113961035,-17.25,5.)) ;
#3028=CARTESIAN_POINT('Axis2P3D Location',(-17.6363961031,-18.,9.36360389693)) ;
#3033=CARTESIAN_POINT('Line Origine',(-15.2727922064,-17.25,7.00000000024)) ;
#3045=CARTESIAN_POINT('Axis2P3D Location',(-35.0000016547,-10.5000016547,5.)) ;
#3050=CARTESIAN_POINT('Axis2P3D Location',(-35.0000016547,-10.5000016547,0.)) ;
#3064=CARTESIAN_POINT('Axis2P3D Location',(13.2727922066,-18.,5.00000000047)) ;
#3069=CARTESIAN_POINT('Line Origine',(13.2727922066,-17.625,5.00000000047)) ;
#3081=CARTESIAN_POINT('Line Origine',(10.75,-17.625,5.)) ;
#3093=CARTESIAN_POINT('Axis2P3D Location',(10.75,-18.,5.9)) ;
#3098=CARTESIAN_POINT('Line Origine',(10.75,-17.625,5.9)) ;
#3111=CARTESIAN_POINT('Control Point',(-40.4061688765,8.57302992457,4.50881731919)) ;
#3112=CARTESIAN_POINT('Control Point',(-40.4061688765,8.99778391879,3.33319661318)) ;
#3113=CARTESIAN_POINT('Control Point',(-38.8481283596,6.81438237179,3.87341460069)) ;
#3114=CARTESIAN_POINT('Control Point',(-38.8481283596,7.12080505613,2.65504056917)) ;
#3115=CARTESIAN_POINT('Control Point',(-37.6708499616,4.68052274884,3.35260079221)) ;
#3116=CARTESIAN_POINT('Control Point',(-37.6708499616,4.87643594377,2.11113128364)) ;
#3117=CARTESIAN_POINT('Control Point',(-36.9950351344,2.2613454686,3.05217646159)) ;
#3118=CARTESIAN_POINT('Control Point',(-36.9950351344,2.35511310909,1.79967164608)) ;
#3119=CARTESIAN_POINT('Control Point',(-36.899509561,-1.66012617299,3.01394372537)) ;
#3120=CARTESIAN_POINT('Control Point',(-36.899509561,-1.7255943387,1.75849029408)) ;
#3121=CARTESIAN_POINT('Control Point',(-38.1520872429,-5.25152866736,3.56123044597)) ;
#3122=CARTESIAN_POINT('Control Point',(-38.1520872429,-5.48343177504,2.33065403319)) ;
#3123=CARTESIAN_POINT('Control Point',(-38.7686422425,-6.46820164875,3.82803515622)) ;
#3124=CARTESIAN_POINT('Control Point',(-38.7686422425,-6.76185734357,2.61041087126)) ;
#3125=CARTESIAN_POINT('Control Point',(-39.5267521721,-7.58038305984,4.15017211294)) ;
#3126=CARTESIAN_POINT('Control Point',(-39.5267521721,-7.93834640885,2.95041982044)) ;
#3127=CARTESIAN_POINT('Control Point',(-40.4061688765,-8.57302992457,4.50881731919)) ;
#3128=CARTESIAN_POINT('Control Point',(-40.4061688765,-8.99778391879,3.33319661319)) ;
#3130=CARTESIAN_POINT('Control Point',(-37.1745610231,0.685691367717,3.13282585172)) ;
#3131=CARTESIAN_POINT('Control Point',(-37.2695816507,2.47568384223,3.17370779435)) ;
#3132=CARTESIAN_POINT('Control Point',(-37.6743495773,4.24186637761,3.34788723081)) ;
#3133=CARTESIAN_POINT('Control Point',(-38.3768486474,5.87873689561,3.64888536098)) ;
#3134=CARTESIAN_POINT('Control Point',(-39.3002810389,7.32962111854,4.03891457029)) ;
#3135=CARTESIAN_POINT('Control Point',(-40.4061688765,8.58179326692,4.48456241666)) ;
#3136=CARTESIAN_POINT('Vertex',(-37.1745610231,0.685691367717,3.13282585172)) ;
#3138=CARTESIAN_POINT('Vertex',(-40.4061688765,8.58179326692,4.48456241666)) ;
#3142=CARTESIAN_POINT('Control Point',(-40.4061688765,8.58179326692,4.48456241666)) ;
#3143=CARTESIAN_POINT('Control Point',(-40.4061688765,8.99778391879,3.33319661318)) ;
#3146=CARTESIAN_POINT('Control Point',(-40.4061688765,-8.58179326693,4.48456241666)) ;
#3147=CARTESIAN_POINT('Control Point',(-40.4061688765,-8.99778391879,3.33319661319)) ;
#3148=CARTESIAN_POINT('Vertex',(-40.4061688765,-8.58179326692,4.48456241666)) ;
#3152=CARTESIAN_POINT('Control Point',(-37.1640143329,-0.4449289133,3.1282939144)) ;
#3153=CARTESIAN_POINT('Control Point',(-37.2272772886,-2.28446919652,3.15553754946)) ;
#3154=CARTESIAN_POINT('Control Point',(-37.6177165146,-4.11159406598,3.32377307747)) ;
#3155=CARTESIAN_POINT('Control Point',(-38.3285081791,-5.80271824955,3.62854712001)) ;
#3156=CARTESIAN_POINT('Control Point',(-39.271424749,-7.29694778589,4.02728613697)) ;
#3157=CARTESIAN_POINT('Control Point',(-40.4061688765,-8.58179326693,4.48456241666)) ;
#3158=CARTESIAN_POINT('Vertex',(-37.1640143329,-0.4449289133,3.1282939144)) ;
#3162=CARTESIAN_POINT('Control Point',(-37.1745610231,0.685691367717,3.13282585172)) ;
#3163=CARTESIAN_POINT('Control Point',(-37.1625770085,0.459939542745,3.12757262182)) ;
#3164=CARTESIAN_POINT('Control Point',(-37.1555188889,0.233835747629,3.12448726587)) ;
#3165=CARTESIAN_POINT('Control Point',(-37.1534031615,0.00754410975938,3.12357841073)) ;
#3166=CARTESIAN_POINT('Control Point',(-37.1562364546,-0.218767671683,3.12484858339)) ;
#3167=CARTESIAN_POINT('Control Point',(-37.1640143329,-0.4449289133,3.1282939144)) ;
#3179=CARTESIAN_POINT('Control Point',(-38.625,14.375,10.)) ;
#3180=CARTESIAN_POINT('Control Point',(-38.625,15.625,10.)) ;
#3181=CARTESIAN_POINT('Control Point',(-38.6249999992,14.3750000003,9.65890439963)) ;
#3182=CARTESIAN_POINT('Control Point',(-38.6249999992,15.6250000007,9.52246608536)) ;
#3183=CARTESIAN_POINT('Control Point',(-38.6883239377,14.3284614438,9.31787970735)) ;
#3184=CARTESIAN_POINT('Control Point',(-38.6883239377,15.559845948,9.04486149773)) ;
#3185=CARTESIAN_POINT('Control Point',(-38.8150910704,14.2343996711,8.98765945829)) ;
#3186=CARTESIAN_POINT('Control Point',(-38.8150910704,15.4285984172,8.5935231075)) ;
#3187=CARTESIAN_POINT('Control Point',(-39.1786804547,13.9251399643,8.22718316061)) ;
#3188=CARTESIAN_POINT('Control Point',(-39.1786804547,15.0149131787,7.58389244812)) ;
#3189=CARTESIAN_POINT('Control Point',(-39.6129452658,13.4386617213,7.55277185655)) ;
#3190=CARTESIAN_POINT('Control Point',(-39.6129452658,14.4060673594,6.75033608241)) ;
#3191=CARTESIAN_POINT('Control Point',(-39.8560219815,13.0981207126,7.17224022783)) ;
#3192=CARTESIAN_POINT('Control Point',(-39.8560219815,13.9971015296,6.29676820522)) ;
#3193=CARTESIAN_POINT('Control Point',(-40.3917629119,12.1393737178,6.2846778888)) ;
#3194=CARTESIAN_POINT('Control Point',(-40.3917629119,12.8786828235,5.26478262717)) ;
#3195=CARTESIAN_POINT('Control Point',(-40.686898031,10.9406650232,5.53191993794)) ;
#3196=CARTESIAN_POINT('Control Point',(-40.686898031,11.5477925081,4.43488430411)) ;
#3197=CARTESIAN_POINT('Control Point',(-40.7412342092,10.1635271154,5.13340783148)) ;
#3198=CARTESIAN_POINT('Control Point',(-40.7412342092,10.7019558873,4.00221835964)) ;
#3199=CARTESIAN_POINT('Control Point',(-40.6483736442,9.35881407123,4.79272259801)) ;
#3200=CARTESIAN_POINT('Control Point',(-40.6483736442,9.83643955719,3.63620445905)) ;
#3201=CARTESIAN_POINT('Control Point',(-40.4061688765,8.57302992457,4.50881731919)) ;
#3202=CARTESIAN_POINT('Control Point',(-40.4061688765,8.99778391879,3.33319661318)) ;
#3204=CARTESIAN_POINT('Control Point',(-40.4061688765,8.58179326692,4.48456241666)) ;
#3205=CARTESIAN_POINT('Control Point',(-40.6820961538,9.4797762239,4.80415439239)) ;
#3206=CARTESIAN_POINT('Control Point',(-40.7536715503,10.3688622776,5.18553013419)) ;
#3207=CARTESIAN_POINT('Control Point',(-40.6564789393,11.176768273,5.61889037804)) ;
#3208=CARTESIAN_POINT('Control Point',(-40.3310726448,12.2800784178,6.35205945352)) ;
#3209=CARTESIAN_POINT('Control Point',(-39.8441353702,13.1205774092,7.16335475355)) ;
#3210=CARTESIAN_POINT('Control Point',(-39.6578379007,13.3853849419,7.46183695282)) ;
#3211=CARTESIAN_POINT('Control Point',(-39.247389042,13.8769497647,8.12098208698)) ;
#3212=CARTESIAN_POINT('Control Point',(-38.8795644281,14.1955847114,8.81999350854)) ;
#3213=CARTESIAN_POINT('Control Point',(-38.7107455183,14.3151081292,9.20618988836)) ;
#3214=CARTESIAN_POINT('Control Point',(-38.624999999,14.375,9.60308466778)) ;
#3215=CARTESIAN_POINT('Control Point',(-38.625,14.375,10.)) ;
#3216=CARTESIAN_POINT('Vertex',(-38.625,14.3750000001,10.)) ;
#3220=CARTESIAN_POINT('Control Point',(-38.625,14.375,10.)) ;
#3221=CARTESIAN_POINT('Control Point',(-38.625,15.625,10.)) ;
#3230=CARTESIAN_POINT('Axis2P3D Location',(25.75,18.,7.)) ;
#3235=CARTESIAN_POINT('Line Origine',(25.75,17.25,4.5)) ;
#3240=CARTESIAN_POINT('Line Origine',(25.75,17.25,7.)) ;
#3252=CARTESIAN_POINT('Axis2P3D Location',(31.25,18.,7.)) ;
#3257=CARTESIAN_POINT('Line Origine',(31.25,17.25,7.)) ;
#3269=CARTESIAN_POINT('Axis2P3D Location',(31.25,18.,4.5)) ;
#3274=CARTESIAN_POINT('Line Origine',(31.25,17.25,4.5)) ;
#3286=CARTESIAN_POINT('Axis2P3D Location',(25.75,18.,4.5)) ;
#3298=CARTESIAN_POINT('Axis2P3D Location',(19.5,12.5,5.)) ;
#3302=CARTESIAN_POINT('Vertex',(18.75,15.4047375097,5.)) ;
#3304=CARTESIAN_POINT('Vertex',(20.25,15.4047375097,5.)) ;
#3307=CARTESIAN_POINT('Line Origine',(20.25,15.9523687548,5.)) ;
#3312=CARTESIAN_POINT('Line Origine',(18.75,15.9523687548,5.)) ;
#3323=CARTESIAN_POINT('Axis2P3D Location',(19.5,12.5,5.)) ;
#3327=CARTESIAN_POINT('Vertex',(18.,12.5,5.)) ;
#3329=CARTESIAN_POINT('Vertex',(21.,12.5,5.)) ;
#3332=CARTESIAN_POINT('Axis2P3D Location',(19.5,12.5,5.)) ;
#3342=CARTESIAN_POINT('Line Origine',(-26.0000008274,-17.25,10.)) ;
#3359=CARTESIAN_POINT('Control Point',(-40.4061688765,-8.99778391879,3.33319661318)) ;
#3360=CARTESIAN_POINT('Control Point',(-41.6561688765,-8.99778391879,3.33319661318)) ;
#3361=CARTESIAN_POINT('Control Point',(-40.6458522163,-9.82770888043,3.63305005231)) ;
#3362=CARTESIAN_POINT('Control Point',(-41.8958522163,-9.82770888043,3.63305005231)) ;
#3363=CARTESIAN_POINT('Control Point',(-40.73928478,-10.683939909,3.99460476416)) ;
#3364=CARTESIAN_POINT('Control Point',(-41.98928478,-10.683939909,3.99460476416)) ;
#3365=CARTESIAN_POINT('Control Point',(-40.6885205947,-11.5213924684,4.42136295264)) ;
#3366=CARTESIAN_POINT('Control Point',(-41.9385205947,-11.5213924684,4.42136295264)) ;
#3367=CARTESIAN_POINT('Control Point',(-40.4012129087,-12.8485869074,5.24408456052)) ;
#3368=CARTESIAN_POINT('Control Point',(-41.6512129087,-12.8485869074,5.24408456052)) ;
#3369=CARTESIAN_POINT('Control Point',(-39.8723632375,-13.9674008322,6.26605554813)) ;
#3370=CARTESIAN_POINT('Control Point',(-41.1223632375,-13.9674008322,6.26605554813)) ;
#3371=CARTESIAN_POINT('Control Point',(-39.629462084,-14.3803140014,6.7190590384)) ;
#3372=CARTESIAN_POINT('Control Point',(-40.879462084,-14.3803140014,6.7190590384)) ;
#3373=CARTESIAN_POINT('Control Point',(-39.1917698234,-14.9990938071,7.5557510267)) ;
#3374=CARTESIAN_POINT('Control Point',(-40.4417698234,-14.9990938071,7.5557510267)) ;
#3375=CARTESIAN_POINT('Control Point',(-38.8216299863,-15.4217514994,8.5700639427)) ;
#3376=CARTESIAN_POINT('Control Point',(-40.0716299863,-15.4217514994,8.5700639427)) ;
#3377=CARTESIAN_POINT('Control Point',(-38.6905086428,-15.5575979864,9.0285231352)) ;
#3378=CARTESIAN_POINT('Control Point',(-39.9405086428,-15.5575979864,9.0285231352)) ;
#3379=CARTESIAN_POINT('Control Point',(-38.6249999998,-15.6250000007,9.51429823254)) ;
#3380=CARTESIAN_POINT('Control Point',(-39.8749999998,-15.6250000007,9.51429823254)) ;
#3381=CARTESIAN_POINT('Control Point',(-38.625,-15.625,10.)) ;
#3382=CARTESIAN_POINT('Control Point',(-39.875,-15.625,10.)) ;
#3384=CARTESIAN_POINT('Control Point',(-38.625,-15.625,10.)) ;
#3385=CARTESIAN_POINT('Control Point',(-39.3928218903,-15.625,10.)) ;
#3386=CARTESIAN_POINT('Vertex',(-38.625,-15.625,10.)) ;
#3390=CARTESIAN_POINT('Control Point',(-40.4061688765,-8.99778391879,3.33319661318)) ;
#3391=CARTESIAN_POINT('Control Point',(-40.6458522163,-9.82770888043,3.63305005231)) ;
#3392=CARTESIAN_POINT('Control Point',(-40.73928478,-10.683939909,3.99460476416)) ;
#3393=CARTESIAN_POINT('Control Point',(-40.6885205947,-11.5213924684,4.42136295264)) ;
#3394=CARTESIAN_POINT('Control Point',(-40.4012129087,-12.8485869074,5.24408456052)) ;
#3395=CARTESIAN_POINT('Control Point',(-39.8723632375,-13.9674008322,6.26605554813)) ;
#3396=CARTESIAN_POINT('Control Point',(-39.629462084,-14.3803140014,6.7190590384)) ;
#3397=CARTESIAN_POINT('Control Point',(-39.1917698234,-14.9990938071,7.5557510267)) ;
#3398=CARTESIAN_POINT('Control Point',(-38.8216299863,-15.4217514994,8.5700639427)) ;
#3399=CARTESIAN_POINT('Control Point',(-38.6905086428,-15.5575979864,9.0285231352)) ;
#3400=CARTESIAN_POINT('Control Point',(-38.6249999998,-15.6250000007,9.51429823254)) ;
#3401=CARTESIAN_POINT('Control Point',(-38.625,-15.625,10.)) ;
#3413=CARTESIAN_POINT('Control Point',(-40.4061688765,-8.57302992457,4.50881731919)) ;
#3414=CARTESIAN_POINT('Control Point',(-40.4061688765,-8.99778391879,3.33319661318)) ;
#3415=CARTESIAN_POINT('Control Point',(-40.6458522163,-9.3506338029,4.78976705417)) ;
#3416=CARTESIAN_POINT('Control Point',(-40.6458522163,-9.82770887972,3.63305005092)) ;
#3417=CARTESIAN_POINT('Control Point',(-40.73928478,-10.1467761975,5.12632109347)) ;
#3418=CARTESIAN_POINT('Control Point',(-40.73928478,-10.6839397256,3.99460485934)) ;
#3419=CARTESIAN_POINT('Control Point',(-40.6885205947,-10.9163993701,5.51947254721)) ;
#3420=CARTESIAN_POINT('Control Point',(-40.6885205947,-11.5213924684,4.42136294915)) ;
#3421=CARTESIAN_POINT('Control Point',(-40.4012129087,-12.1125869592,6.26602428109)) ;
#3422=CARTESIAN_POINT('Control Point',(-40.4012129087,-12.8485869074,5.24408456292)) ;
#3423=CARTESIAN_POINT('Control Point',(-39.8723632375,-13.0731146843,7.14625403399)) ;
#3424=CARTESIAN_POINT('Control Point',(-39.8723632375,-13.9674008322,6.26605554647)) ;
#3425=CARTESIAN_POINT('Control Point',(-39.629462084,-13.4175584607,7.52693705434)) ;
#3426=CARTESIAN_POINT('Control Point',(-39.629462084,-14.3803140031,6.71905904005)) ;
#3427=CARTESIAN_POINT('Control Point',(-39.1917698234,-13.9130288622,8.20525416697)) ;
#3428=CARTESIAN_POINT('Control Point',(-39.1917698234,-14.999093806,7.55575102556)) ;
#3429=CARTESIAN_POINT('Control Point',(-38.8216299863,-14.2294638016,8.97046158383)) ;
#3430=CARTESIAN_POINT('Control Point',(-38.8216299863,-15.4217515002,8.57006394348)) ;
#3431=CARTESIAN_POINT('Control Point',(-38.6905086428,-14.3268557451,9.30621360541)) ;
#3432=CARTESIAN_POINT('Control Point',(-38.6905086428,-15.5575979864,9.0285231352)) ;
#3433=CARTESIAN_POINT('Control Point',(-38.6249999998,-14.3750000003,9.65307022013)) ;
#3434=CARTESIAN_POINT('Control Point',(-38.6249999998,-15.6250000007,9.51429823254)) ;
#3435=CARTESIAN_POINT('Control Point',(-38.625,-14.375,10.)) ;
#3436=CARTESIAN_POINT('Control Point',(-38.625,-15.625,10.)) ;
#3438=CARTESIAN_POINT('Control Point',(-40.4061688765,-8.58179326692,4.48456241666)) ;
#3439=CARTESIAN_POINT('Control Point',(-40.6820682007,-9.47968524454,4.80412201285)) ;
#3440=CARTESIAN_POINT('Control Point',(-40.7536568877,-10.3686830004,5.18545316997)) ;
#3441=CARTESIAN_POINT('Control Point',(-40.6564980131,-11.1765156691,5.61875240466)) ;
#3442=CARTESIAN_POINT('Control Point',(-40.3311770661,-12.2797693621,6.3518369287)) ;
#3443=CARTESIAN_POINT('Control Point',(-39.8443618847,-13.1202564102,7.16302214282)) ;
#3444=CARTESIAN_POINT('Control Point',(-39.6580413219,-13.3850866766,7.46148586954)) ;
#3445=CARTESIAN_POINT('Control Point',(-39.2476274739,-13.8767048002,8.12057607772)) ;
#3446=CARTESIAN_POINT('Control Point',(-38.8797826344,-14.1954279352,8.81955525095)) ;
#3447=CARTESIAN_POINT('Control Point',(-38.7107482816,-14.3151061692,9.20617683588)) ;
#3448=CARTESIAN_POINT('Control Point',(-38.6249999997,-14.375,9.60307816351)) ;
#3449=CARTESIAN_POINT('Control Point',(-38.625,-14.375,10.)) ;
#3450=CARTESIAN_POINT('Vertex',(-38.625,-14.3749999992,10.)) ;
#3454=CARTESIAN_POINT('Control Point',(-38.625,-14.375,10.)) ;
#3455=CARTESIAN_POINT('Control Point',(-38.625,-15.625,10.)) ;
#3464=CARTESIAN_POINT('Line Origine',(32.25,5.,-8.2341540993E-015)) ;
#3476=CARTESIAN_POINT('Line Origine',(-34.25,-5.,0.75)) ;
#3480=CARTESIAN_POINT('Vertex',(-35.,-5.,-2.12311649742E-013)) ;
#3483=CARTESIAN_POINT('Line Origine',(-29.5,-5.,0.75)) ;
#3487=CARTESIAN_POINT('Vertex',(-29.5,-5.,-1.95621296939E-013)) ;
#3490=CARTESIAN_POINT('Line Origine',(-32.25,-5.,-2.03966473341E-013)) ;
#3502=CARTESIAN_POINT('Axis2P3D Location',(-29.5,0.,-7.1054273576E-015)) ;
#3507=CARTESIAN_POINT('Line Origine',(-29.5,0.,-7.1054273576E-015)) ;
#3519=CARTESIAN_POINT('Axis2P3D Location',(-33.5,25.2,1.5)) ;
#3524=CARTESIAN_POINT('Line Origine',(-35.,0.,0.)) ;
#3536=CARTESIAN_POINT('Axis2P3D Location',(18.75,16.5,1.5)) ;
#3541=CARTESIAN_POINT('Line Origine',(18.75,15.4047375097,3.25)) ;
#3553=CARTESIAN_POINT('Axis2P3D Location',(19.5,12.5,3.25)) ;
#3558=CARTESIAN_POINT('Line Origine',(20.25,15.4047375097,3.25)) ;
#3570=CARTESIAN_POINT('Axis2P3D Location',(20.25,15.4047375097,1.5)) ;
#3582=CARTESIAN_POINT('Axis2P3D Location',(50.9999981006,-7.04431769815E-017,6.36000000002)) ;
#3588=CARTESIAN_POINT('Control Point',(39.3858000732,9.49265000831,4.83721387933)) ;
#3589=CARTESIAN_POINT('Control Point',(38.8785389548,8.87201919641,4.57619833842)) ;
#3590=CARTESIAN_POINT('Control Point',(38.4030776806,8.20569083233,4.33379083322)) ;
#3591=CARTESIAN_POINT('Control Point',(37.9656042166,7.49478044101,4.11205901131)) ;
#3592=CARTESIAN_POINT('Control Point',(37.0158565695,5.67371269245,3.63271618932)) ;
#3593=CARTESIAN_POINT('Control Point',(36.3667962781,3.63974273788,3.30803444267)) ;
#3594=CARTESIAN_POINT('Control Point',(36.1080596303,2.38882272181,3.17892971988)) ;
#3595=CARTESIAN_POINT('Control Point',(35.7855733013,-1.00699926093,3.01798835919)) ;
#3596=CARTESIAN_POINT('Control Point',(36.4202923414,-4.38525052203,3.33475320883)) ;
#3597=CARTESIAN_POINT('Control Point',(37.1824849416,-6.33206508304,3.71581481941)) ;
#3598=CARTESIAN_POINT('Control Point',(38.196783506,-8.03789566077,4.22539524959)) ;
#3599=CARTESIAN_POINT('Control Point',(39.3858000732,-9.49265000831,4.83721387933)) ;
#3600=CARTESIAN_POINT('Vertex',(39.3858000732,9.49265000831,4.83721387933)) ;
#3602=CARTESIAN_POINT('Vertex',(39.3858000732,-9.49265000831,4.83721387933)) ;
#3605=CARTESIAN_POINT('Line Origine',(39.3858000732,9.49265000831,6.36000000002)) ;
#3610=CARTESIAN_POINT('Line Origine',(39.3858000732,-9.49265000831,6.36000000002)) ;
#3623=CARTESIAN_POINT('Axis2P3D Location',(17.,-18.,10.)) ;
#3628=CARTESIAN_POINT('Line Origine',(17.,-16.875,10.)) ;
#3640=CARTESIAN_POINT('Axis2P3D Location',(7.,0.660000000285,5.9)) ;
#3653=CARTESIAN_POINT('Axis2P3D Location',(-7.,0.660000000285,5.9)) ;
#3672=CARTESIAN_POINT('Axis2P3D Location',(-23.5,-12.5,5.)) ;
#3676=CARTESIAN_POINT('Vertex',(-25.,-12.5,5.)) ;
#3678=CARTESIAN_POINT('Vertex',(-22.,-12.5,5.)) ;
#3681=CARTESIAN_POINT('Axis2P3D Location',(-23.5,-12.5,5.)) ;
#3691=CARTESIAN_POINT('Axis2P3D Location',(19.5,12.5,0.08999999992)) ;
#3696=CARTESIAN_POINT('Axis2P3D Location',(19.5,12.5,1.5)) ;
#3700=CARTESIAN_POINT('Vertex',(18.,12.5,1.5)) ;
#3702=CARTESIAN_POINT('Vertex',(21.,12.5,1.5)) ;
#3705=CARTESIAN_POINT('Line Origine',(18.,12.5,0.08999999992)) ;
#3710=CARTESIAN_POINT('Line Origine',(21.,12.5,0.08999999992)) ;
#3722=CARTESIAN_POINT('Axis2P3D Location',(19.5,12.5,1.5)) ;
#3734=CARTESIAN_POINT('Axis2P3D Location',(19.5,12.5,3.)) ;
#3739=CARTESIAN_POINT('Line Origine',(21.75,12.5,0.75)) ;
#3743=CARTESIAN_POINT('Vertex',(22.5,12.4999988247,0.)) ;
#3746=CARTESIAN_POINT('Line Origine',(17.25,12.5,0.75)) ;
#3750=CARTESIAN_POINT('Vertex',(16.5,12.5,0.)) ;
#3753=CARTESIAN_POINT('Axis2P3D Location',(19.5,12.5,-4.61852778244E-014)) ;
#3765=CARTESIAN_POINT('Axis2P3D Location',(19.5,12.5,3.)) ;
#3770=CARTESIAN_POINT('Axis2P3D Location',(19.5,12.5,-1.14130926931E-013)) ;
#3782=CARTESIAN_POINT('Axis2P3D Location',(-23.5,-12.5,0.08999999992)) ;
#3787=CARTESIAN_POINT('Axis2P3D Location',(-23.5,-12.5,1.5)) ;
#3791=CARTESIAN_POINT('Vertex',(-25.,-12.5,1.5)) ;
#3793=CARTESIAN_POINT('Vertex',(-22.,-12.5,1.5)) ;
#3796=CARTESIAN_POINT('Line Origine',(-25.,-12.5,0.08999999992)) ;
#3801=CARTESIAN_POINT('Line Origine',(-22.,-12.5,0.08999999992)) ;
#3813=CARTESIAN_POINT('Axis2P3D Location',(-23.5,-12.5,1.5)) ;
#3825=CARTESIAN_POINT('Axis2P3D Location',(0.,0.,0.)) ;
#3842=CARTESIAN_POINT('Axis2P3D Location',(-23.5,-12.5,0.)) ;
#3846=CARTESIAN_POINT('Vertex',(-20.5,-12.5000011753,0.)) ;
#3848=CARTESIAN_POINT('Vertex',(-26.5,-12.5,0.)) ;
#3851=CARTESIAN_POINT('Axis2P3D Location',(-23.5,-12.5,0.)) ;
#3877=CARTESIAN_POINT('Axis2P3D Location',(-23.5,-12.5,3.)) ;
#3882=CARTESIAN_POINT('Line Origine',(-21.25,-12.5,0.75)) ;
#3887=CARTESIAN_POINT('Line Origine',(-25.75,-12.5,0.75)) ;
#3899=CARTESIAN_POINT('Axis2P3D Location',(-23.5,-12.5,3.)) ;
#3911=CARTESIAN_POINT('Axis2P3D Location',(35.0000016547,16.5,1.5)) ;
#3916=CARTESIAN_POINT('Line Origine',(35.0000016547,-15.,4.75)) ;
#3920=CARTESIAN_POINT('Vertex',(35.0000016547,-15.,8.)) ;
#3923=CARTESIAN_POINT('Line Origine',(35.0000016547,-16.0000008274,10.)) ;
#3927=CARTESIAN_POINT('Vertex',(35.0000016547,-15.5000016547,10.)) ;
#3930=CARTESIAN_POINT('Line Origine',(35.0000016547,-15.5000016547,9.)) ;
#3934=CARTESIAN_POINT('Vertex',(35.0000016547,-15.5000016547,8.)) ;
#3937=CARTESIAN_POINT('Line Origine',(35.0000016547,-15.2500008274,8.)) ;
#3951=CARTESIAN_POINT('Line Origine',(35.0000016547,16.0000008274,10.)) ;
#3955=CARTESIAN_POINT('Vertex',(35.0000016547,15.5000016547,10.)) ;
#3958=CARTESIAN_POINT('Line Origine',(35.0000016547,15.,4.75)) ;
#3962=CARTESIAN_POINT('Vertex',(35.0000016547,15.,8.)) ;
#3965=CARTESIAN_POINT('Line Origine',(35.0000016547,15.2500008274,8.)) ;
#3969=CARTESIAN_POINT('Vertex',(35.0000016547,15.5000016547,8.)) ;
#3972=CARTESIAN_POINT('Line Origine',(35.0000016547,15.5000016547,9.)) ;
#3986=CARTESIAN_POINT('Axis2P3D Location',(-35.0000016547,10.5000016547,6.36000000002)) ;
#3991=CARTESIAN_POINT('Axis2P3D Location',(-35.0000016547,10.5000016547,8.)) ;
#3995=CARTESIAN_POINT('Vertex',(-35.0000016547,15.,8.)) ;
#3997=CARTESIAN_POINT('Vertex',(-38.1090370018,13.7532898863,8.00000032517)) ;
#4001=CARTESIAN_POINT('Control Point',(-38.1090370018,13.7532898863,8.00000032517)) ;
#4002=CARTESIAN_POINT('Control Point',(-38.6047250602,13.2795809541,7.2549022421)) ;
#4003=CARTESIAN_POINT('Control Point',(-39.1231940615,12.5965835226,6.56217463826)) ;
#4004=CARTESIAN_POINT('Control Point',(-39.5023356362,11.7307866447,5.90808053168)) ;
#4005=CARTESIAN_POINT('Control Point',(-39.6484575495,10.6362057348,5.31815328937)) ;
#4006=CARTESIAN_POINT('Control Point',(-39.3858000732,9.49265000831,4.83721387933)) ;
#4008=CARTESIAN_POINT('Line Origine',(-35.0000016547,15.,6.36000000002)) ;
#4021=CARTESIAN_POINT('Axis2P3D Location',(-35.0000016547,-10.5000016547,6.36000000002)) ;
#4026=CARTESIAN_POINT('Axis2P3D Location',(-35.0000016547,-10.5000016547,8.)) ;
#4030=CARTESIAN_POINT('Vertex',(-38.1090370018,-13.7532898863,8.00000032517)) ;
#4032=CARTESIAN_POINT('Vertex',(-35.0000016547,-15.,8.)) ;
#4035=CARTESIAN_POINT('Line Origine',(-35.0000016547,-15.,6.36000000002)) ;
#4041=CARTESIAN_POINT('Control Point',(-38.1090370018,-13.7532898863,8.00000032517)) ;
#4042=CARTESIAN_POINT('Control Point',(-38.6047250602,-13.2795809541,7.2549022421)) ;
#4043=CARTESIAN_POINT('Control Point',(-39.1231940615,-12.5965835226,6.56217463824)) ;
#4044=CARTESIAN_POINT('Control Point',(-39.5023356362,-11.7307866448,5.90808053172)) ;
#4045=CARTESIAN_POINT('Control Point',(-39.6484575495,-10.6362057348,5.31815328937)) ;
#4046=CARTESIAN_POINT('Control Point',(-39.3858000732,-9.49265000831,4.83721387933)) ;
#4056=CARTESIAN_POINT('Axis2P3D Location',(0.,0.,10.)) ;
#4064=CARTESIAN_POINT('Line Origine',(21.9575219362,-13.7532913041,8.)) ;
#4068=CARTESIAN_POINT('Vertex',(38.1090372181,-13.7532896796,8.)) ;
#4070=CARTESIAN_POINT('Vertex',(38.796856466,-13.7532913041,8.)) ;
#4074=CARTESIAN_POINT('Control Point',(38.1598098489,-14.375,10.)) ;
#4075=CARTESIAN_POINT('Control Point',(38.1598098489,-14.375,9.47938432823)) ;
#4076=CARTESIAN_POINT('Control Point',(38.3017652688,-14.2633089676,8.95921396214)) ;
#4077=CARTESIAN_POINT('Control Point',(38.5416093348,-14.0511855596,8.4685635192)) ;
#4078=CARTESIAN_POINT('Control Point',(38.796856466,-13.7532913041,8.)) ;
#4079=CARTESIAN_POINT('Vertex',(38.1598098489,-14.375,10.)) ;
#4082=CARTESIAN_POINT('Line Origine',(21.9575219362,-14.375,10.)) ;
#4087=CARTESIAN_POINT('Line Origine',(21.9575219362,14.375,10.)) ;
#4091=CARTESIAN_POINT('Vertex',(38.1598098489,14.375,10.)) ;
#4095=CARTESIAN_POINT('Control Point',(38.1598098489,14.375,10.)) ;
#4096=CARTESIAN_POINT('Control Point',(38.1598098489,14.375,9.4793843282)) ;
#4097=CARTESIAN_POINT('Control Point',(38.3017652688,14.2633089676,8.95921396217)) ;
#4098=CARTESIAN_POINT('Control Point',(38.5416093348,14.0511855596,8.46856351921)) ;
#4099=CARTESIAN_POINT('Control Point',(38.796856466,13.7532913041,8.)) ;
#4100=CARTESIAN_POINT('Vertex',(38.796856466,13.7532913041,8.)) ;
#4103=CARTESIAN_POINT('Line Origine',(21.9575219362,13.7532913041,8.)) ;
#4107=CARTESIAN_POINT('Vertex',(38.1090372182,13.7532896796,8.)) ;
#4111=CARTESIAN_POINT('Control Point',(38.1090362085,13.7532910973,7.99999967483)) ;
#4112=CARTESIAN_POINT('Control Point',(38.6047211776,13.2795863677,7.25490066184)) ;
#4113=CARTESIAN_POINT('Control Point',(39.1231993675,12.5965769349,6.5621766547)) ;
#4114=CARTESIAN_POINT('Control Point',(39.5023363041,11.7307966797,5.90808023473)) ;
#4115=CARTESIAN_POINT('Control Point',(39.6484575266,10.636205635,5.31815324739)) ;
#4116=CARTESIAN_POINT('Control Point',(39.3858000732,9.49265000831,4.83721387933)) ;
#4119=CARTESIAN_POINT('Control Point',(38.1090362085,-13.7532910973,7.99999967483)) ;
#4120=CARTESIAN_POINT('Control Point',(38.6047211776,-13.2795863677,7.25490066184)) ;
#4121=CARTESIAN_POINT('Control Point',(39.1231993675,-12.5965769348,6.56217665468)) ;
#4122=CARTESIAN_POINT('Control Point',(39.5023363041,-11.7307966798,5.90808023477)) ;
#4123=CARTESIAN_POINT('Control Point',(39.6484575266,-10.636205635,5.31815324739)) ;
#4124=CARTESIAN_POINT('Control Point',(39.3858000732,-9.49265000831,4.83721387933)) ;
#4143=CARTESIAN_POINT('Line Origine',(-35.0000016547,16.0000008274,10.)) ;
#4147=CARTESIAN_POINT('Vertex',(-35.0000016547,15.5000016547,10.)) ;
#4150=CARTESIAN_POINT('Axis2P3D Location',(35.0000016547,10.5000016547,10.)) ;
#4155=CARTESIAN_POINT('Line Origine',(-38.3924049245,14.375,10.)) ;
#4159=CARTESIAN_POINT('Vertex',(-38.1598098489,14.375,10.)) ;
#4162=CARTESIAN_POINT('Axis2P3D Location',(-35.0000016547,10.5000016547,10.)) ;
#4184=CARTESIAN_POINT('Axis2P3D Location',(0.,0.,10.)) ;
#4192=CARTESIAN_POINT('Line Origine',(-21.9575219362,13.7532913041,8.)) ;
#4196=CARTESIAN_POINT('Vertex',(-38.796856466,13.7532913041,8.)) ;
#4200=CARTESIAN_POINT('Control Point',(-38.1598098489,14.375,10.)) ;
#4201=CARTESIAN_POINT('Control Point',(-38.1598098489,14.375,9.4793843282)) ;
#4202=CARTESIAN_POINT('Control Point',(-38.3017652688,14.2633089676,8.95921396217)) ;
#4203=CARTESIAN_POINT('Control Point',(-38.5416093348,14.0511855596,8.46856351921)) ;
#4204=CARTESIAN_POINT('Control Point',(-38.796856466,13.7532913041,8.)) ;
#4206=CARTESIAN_POINT('Line Origine',(-21.9575219362,-14.375,10.)) ;
#4210=CARTESIAN_POINT('Vertex',(-38.1598098489,-14.375,10.)) ;
#4214=CARTESIAN_POINT('Control Point',(-38.1598098489,-14.375,10.)) ;
#4215=CARTESIAN_POINT('Control Point',(-38.1598098489,-14.375,9.47938432823)) ;
#4216=CARTESIAN_POINT('Control Point',(-38.3017652688,-14.2633089676,8.95921396214)) ;
#4217=CARTESIAN_POINT('Control Point',(-38.5416093348,-14.0511855596,8.4685635192)) ;
#4218=CARTESIAN_POINT('Control Point',(-38.796856466,-13.7532913041,8.)) ;
#4219=CARTESIAN_POINT('Vertex',(-38.796856466,-13.7532913041,8.)) ;
#4222=CARTESIAN_POINT('Line Origine',(-21.9575219362,-13.7532913041,8.)) ;
#4244=CARTESIAN_POINT('Axis2P3D Location',(-35.0000016547,16.5,1.5)) ;
#4249=CARTESIAN_POINT('Line Origine',(-35.0000016547,15.5000016547,9.)) ;
#4253=CARTESIAN_POINT('Vertex',(-35.0000016547,15.5000016547,8.)) ;
#4256=CARTESIAN_POINT('Line Origine',(-35.0000016547,15.2500008274,8.)) ;
#4270=CARTESIAN_POINT('Axis2P3D Location',(35.0000016547,10.5000016547,6.36000000002)) ;
#4275=CARTESIAN_POINT('Axis2P3D Location',(35.0000016547,10.5000016547,8.)) ;
#4288=CARTESIAN_POINT('Axis2P3D Location',(35.0000016547,-10.5000016547,6.36000000002)) ;
#4293=CARTESIAN_POINT('Axis2P3D Location',(35.0000016547,-10.5000016547,8.)) ;
#4306=CARTESIAN_POINT('Axis2P3D Location',(35.0000016547,-10.5000016547,10.)) ;
#4323=CARTESIAN_POINT('Line Origine',(-35.0000016547,-16.0000008274,10.)) ;
#4327=CARTESIAN_POINT('Vertex',(-35.0000016547,-15.5000016547,10.)) ;
#4330=CARTESIAN_POINT('Axis2P3D Location',(-35.0000016547,-10.5000016547,10.)) ;
#4347=CARTESIAN_POINT('Line Origine',(-35.0000016547,-15.2500008274,8.)) ;
#4351=CARTESIAN_POINT('Vertex',(-35.0000016547,-15.5000016547,8.)) ;
#4354=CARTESIAN_POINT('Line Origine',(-35.0000016547,-15.5000016547,9.)) ;
#4368=CARTESIAN_POINT('Axis2P3D Location',(0.,0.,8.)) ;
#4373=CARTESIAN_POINT('Axis2P3D Location',(35.0000016547,10.5000016547,8.)) ;
#4385=CARTESIAN_POINT('Axis2P3D Location',(35.0000016547,10.5000016547,9.)) ;
#4397=CARTESIAN_POINT('Axis2P3D Location',(35.0000016547,-10.5000016547,8.)) ;
#4409=CARTESIAN_POINT('Axis2P3D Location',(35.0000016547,-10.5000016547,9.)) ;
#4421=CARTESIAN_POINT('Axis2P3D Location',(-35.0000016547,-10.5000016547,8.)) ;
#4433=CARTESIAN_POINT('Axis2P3D Location',(-35.0000016547,-10.5000016547,9.)) ;
#4445=CARTESIAN_POINT('Axis2P3D Location',(-35.0000016547,10.5000016547,8.)) ;
#4457=CARTESIAN_POINT('Axis2P3D Location',(-35.0000016547,10.5000016547,9.)) ;
#53=DIRECTION('Axis2P3D Direction',(0.,0.,1.)) ;
#54=DIRECTION('Axis2P3D XDirection',(0.25,-0.968245836552,0.)) ;
#58=DIRECTION('Vector Direction',(0.,0.,1.)) ;
#67=DIRECTION('Axis2P3D Direction',(0.,0.,1.)) ;
#74=DIRECTION('Vector Direction',(0.,0.,1.)) ;
#81=DIRECTION('Axis2P3D Direction',(0.,0.,1.)) ;
#93=DIRECTION('Axis2P3D Direction',(-1.,0.,0.)) ;
#94=DIRECTION('Axis2P3D XDirection',(0.,-1.,0.)) ;
#98=DIRECTION('Vector Direction',(0.,-1.,0.)) ;
#105=DIRECTION('Vector Direction',(0.,0.,1.)) ;
#112=DIRECTION('Vector Direction',(0.,-1.,0.)) ;
#124=DIRECTION('Axis2P3D Direction',(0.,1.,-0.)) ;
#125=DIRECTION('Axis2P3D XDirection',(-1.,0.,0.)) ;
#129=DIRECTION('Vector Direction',(-1.,0.,0.)) ;
#136=DIRECTION('Vector Direction',(0.,0.,1.)) ;
#143=DIRECTION('Vector Direction',(-1.,0.,0.)) ;
#156=DIRECTION('Vector Direction',(-1.,0.,0.)) ;
#173=DIRECTION('Vector Direction',(-1.,0.,0.)) ;
#180=DIRECTION('Vector Direction',(-1.,0.,0.)) ;
#197=DIRECTION('Vector Direction',(-1.,0.,0.)) ;
#210=DIRECTION('Vector Direction',(-1.,0.,0.)) ;
#217=DIRECTION('Vector Direction',(0.,0.,1.)) ;
#224=DIRECTION('Vector Direction',(-1.,0.,0.)) ;
#231=DIRECTION('Vector Direction',(0.,0.,1.)) ;
#238=DIRECTION('Vector Direction',(-1.,0.,0.)) ;
#263=DIRECTION('Axis2P3D Direction',(1.,0.,0.)) ;
#264=DIRECTION('Axis2P3D XDirection',(0.,1.,0.)) ;
#268=DIRECTION('Vector Direction',(0.,1.,0.)) ;
#273=DIRECTION('Vector Direction',(0.,1.,0.)) ;
#285=DIRECTION('Axis2P3D Direction',(0.,0.,1.)) ;
#286=DIRECTION('Axis2P3D XDirection',(1.,0.,0.)) ;
#290=DIRECTION('Vector Direction',(0.,1.,0.)) ;
#335=DIRECTION('Vector Direction',(0.,1.,0.)) ;
#342=DIRECTION('Vector Direction',(1.,0.,0.)) ;
#349=DIRECTION('Vector Direction',(0.,1.,0.)) ;
#375=DIRECTION('Vector Direction',(0.,1.,0.)) ;
#382=DIRECTION('Vector Direction',(1.,0.,0.)) ;
#389=DIRECTION('Vector Direction',(0.,1.,0.)) ;
#434=DIRECTION('Vector Direction',(0.,1.,0.)) ;
#463=DIRECTION('Vector Direction',(0.,1.,0.)) ;
#472=DIRECTION('Vector Direction',(1.,0.,0.)) ;
#479=DIRECTION('Vector Direction',(0.,1.,0.)) ;
#486=DIRECTION('Vector Direction',(1.,0.,0.)) ;
#497=DIRECTION('Vector Direction',(1.,0.,0.)) ;
#506=DIRECTION('Vector Direction',(0.,1.,0.)) ;
#513=DIRECTION('Vector Direction',(1.,0.,0.)) ;
#520=DIRECTION('Vector Direction',(0.,1.,0.)) ;
#532=DIRECTION('Axis2P3D Direction',(0.707106781187,-0.,0.707106781187)) ;
#533=DIRECTION('Axis2P3D XDirection',(0.707106781187,-0.,-0.707106781187)) ;
#537=DIRECTION('Vector Direction',(0.,1.,0.)) ;
#544=DIRECTION('Vector Direction',(0.,1.,0.)) ;
#551=DIRECTION('Vector Direction',(0.707106781187,0.,-0.707106781187)) ;
#563=DIRECTION('Axis2P3D Direction',(0.,0.,1.)) ;
#564=DIRECTION('Axis2P3D XDirection',(1.,0.,0.)) ;
#568=DIRECTION('Vector Direction',(0.,1.,0.)) ;
#575=DIRECTION('Vector Direction',(1.,0.,0.)) ;
#587=DIRECTION('Axis2P3D Direction',(0.,0.,1.)) ;
#588=DIRECTION('Axis2P3D XDirection',(1.,0.,0.)) ;
#592=DIRECTION('Vector Direction',(0.,1.,0.)) ;
#599=DIRECTION('Vector Direction',(1.,0.,0.)) ;
#606=DIRECTION('Vector Direction',(0.,1.,0.)) ;
#618=DIRECTION('Vector Direction',(-1.,0.,0.)) ;
#625=DIRECTION('Vector Direction',(0.,1.,0.)) ;
#637=DIRECTION('Vector Direction',(0.,1.,0.)) ;
#644=DIRECTION('Vector Direction',(0.,1.,0.)) ;
#651=DIRECTION('Vector Direction',(1.,0.,0.)) ;
#663=DIRECTION('Axis2P3D Direction',(0.,1.,-0.)) ;
#664=DIRECTION('Axis2P3D XDirection',(-1.,0.,0.)) ;
#668=DIRECTION('Vector Direction',(0.,0.,1.)) ;
#675=DIRECTION('Vector Direction',(-1.,0.,0.)) ;
#682=DIRECTION('Vector Direction',(0.,0.,1.)) ;
#687=DIRECTION('Vector Direction',(0.,0.,1.)) ;
#694=DIRECTION('Vector Direction',(-1.,0.,0.)) ;
#701=DIRECTION('Vector Direction',(0.,0.,1.)) ;
#716=DIRECTION('Vector Direction',(0.,0.,1.)) ;
#725=DIRECTION('Vector Direction',(-1.,0.,0.)) ;
#732=DIRECTION('Vector Direction',(0.,0.,1.)) ;
#739=DIRECTION('Vector Direction',(-1.,0.,0.)) ;
#751=DIRECTION('Axis2P3D Direction',(0.,0.,-1.)) ;
#752=DIRECTION('Axis2P3D XDirection',(0.774279868493,0.632843333888,0.)) ;
#756=DIRECTION('Vector Direction',(0.,0.,-1.)) ;
#763=DIRECTION('Vector Direction',(0.,0.,-1.)) ;
#792=DIRECTION('Axis2P3D Direction',(0.,1.,-0.)) ;
#793=DIRECTION('Axis2P3D XDirection',(-1.,0.,0.)) ;
#797=DIRECTION('Vector Direction',(1.,0.,3.03460960064E-015)) ;
#806=DIRECTION('Vector Direction',(0.,0.,1.)) ;
#811=DIRECTION('Vector Direction',(0.707106781187,0.,0.707106781187)) ;
#823=DIRECTION('Axis2P3D Direction',(0.707106781187,0.,0.707106781187)) ;
#824=DIRECTION('Axis2P3D XDirection',(0.,-1.,0.)) ;
#828=DIRECTION('Vector Direction',(0.707106781187,0.,-0.707106781187)) ;
#835=DIRECTION('Vector Direction',(0.,-1.,0.)) ;
#842=DIRECTION('Vector Direction',(0.707106781187,0.,-0.707106781187)) ;
#854=DIRECTION('Axis2P3D Direction',(0.,1.,-0.)) ;
#855=DIRECTION('Axis2P3D XDirection',(-1.,0.,0.)) ;
#859=DIRECTION('Vector Direction',(1.,0.,3.03460960064E-015)) ;
#866=DIRECTION('Vector Direction',(0.,0.,1.)) ;
#878=DIRECTION('Axis2P3D Direction',(1.,0.,-0.)) ;
#879=DIRECTION('Axis2P3D XDirection',(0.,0.,1.)) ;
#883=DIRECTION('Vector Direction',(0.,-1.,0.)) ;
#890=DIRECTION('Vector Direction',(0.,0.,1.)) ;
#902=DIRECTION('Axis2P3D Direction',(0.,0.,1.)) ;
#903=DIRECTION('Axis2P3D XDirection',(-0.800000066189,-0.599999911748,-0.)) ;
#907=DIRECTION('Axis2P3D Direction',(0.,0.,1.)) ;
#916=DIRECTION('Vector Direction',(0.,0.,1.)) ;
#923=DIRECTION('Axis2P3D Direction',(0.,0.,1.)) ;
#943=DIRECTION('Axis2P3D Direction',(0.,1.,-0.)) ;
#944=DIRECTION('Axis2P3D XDirection',(-1.,0.,0.)) ;
#948=DIRECTION('Vector Direction',(0.,0.,1.)) ;
#957=DIRECTION('Vector Direction',(1.,0.,0.)) ;
#964=DIRECTION('Vector Direction',(0.707106781187,0.,-0.707106781187)) ;
#971=DIRECTION('Vector Direction',(-1.,0.,0.)) ;
#978=DIRECTION('Vector Direction',(0.,0.,1.)) ;
#985=DIRECTION('Vector Direction',(1.,0.,0.)) ;
#992=DIRECTION('Vector Direction',(0.,0.,1.)) ;
#999=DIRECTION('Vector Direction',(-1.,0.,0.)) ;
#1006=DIRECTION('Vector Direction',(0.707106781187,0.,0.707106781187)) ;
#1013=DIRECTION('Vector Direction',(1.,0.,0.)) ;
#1020=DIRECTION('Vector Direction',(0.,0.,-1.)) ;
#1027=DIRECTION('Axis2P3D Direction',(0.,1.,-0.)) ;
#1032=DIRECTION('Axis2P3D Direction',(0.,1.,-0.)) ;
#1055=DIRECTION('Axis2P3D Direction',(-0.,-1.,-0.)) ;
#1056=DIRECTION('Axis2P3D XDirection',(-1.,0.,0.)) ;
#1060=DIRECTION('Vector Direction',(0.707106781187,0.,0.707106781187)) ;
#1067=DIRECTION('Vector Direction',(0.,0.,-1.)) ;
#1074=DIRECTION('Vector Direction',(1.,0.,0.)) ;
#1081=DIRECTION('Vector Direction',(0.707106781187,0.,0.707106781187)) ;
#1088=DIRECTION('Vector Direction',(-1.,0.,0.)) ;
#1095=DIRECTION('Vector Direction',(0.,0.,-1.)) ;
#1102=DIRECTION('Vector Direction',(-1.,0.,0.)) ;
#1268=DIRECTION('Axis2P3D Direction',(0.,0.,1.)) ;
#1269=DIRECTION('Axis2P3D XDirection',(-1.96005385927E-015,-1.,-0.)) ;
#1273=DIRECTION('Axis2P3D Direction',(0.,0.,1.)) ;
#1278=DIRECTION('Axis2P3D Direction',(0.,0.,1.)) ;
#1290=DIRECTION('Axis2P3D Direction',(0.,0.,1.)) ;
#1291=DIRECTION('Axis2P3D XDirection',(1.,0.,0.)) ;
#1295=DIRECTION('Vector Direction',(-1.,0.,0.)) ;
#1302=DIRECTION('Vector Direction',(-1.,0.,0.)) ;
#1319=DIRECTION('Axis2P3D Direction',(0.,0.,1.)) ;
#1326=DIRECTION('Vector Direction',(1.,-2.48932194748E-010,0.)) ;
#1333=DIRECTION('Vector Direction',(-0.800000066189,-0.599999911748,0.)) ;
#1340=DIRECTION('Axis2P3D Direction',(0.,0.,1.)) ;
#1345=DIRECTION('Vector Direction',(0.,1.,0.)) ;
#1363=DIRECTION('Axis2P3D Direction',(0.,0.,1.)) ;
#1370=DIRECTION('Vector Direction',(-0.800000066189,0.599999911747,0.)) ;
#1377=DIRECTION('Vector Direction',(-1.,-2.48929557699E-010,0.)) ;
#1384=DIRECTION('Axis2P3D Direction',(0.,0.,1.)) ;
#1399=DIRECTION('Vector Direction',(0.,1.,0.)) ;
#1417=DIRECTION('Axis2P3D Direction',(0.,0.,1.)) ;
#1418=DIRECTION('Axis2P3D XDirection',(-1.96005385927E-015,-1.,-0.)) ;
#1422=DIRECTION('Axis2P3D Direction',(0.,0.,1.)) ;
#1429=DIRECTION('Vector Direction',(0.,0.,1.)) ;
#1452=DIRECTION('Vector Direction',(0.,0.,1.)) ;
#1744=DIRECTION('Axis2P3D Direction',(0.,0.,1.)) ;
#1745=DIRECTION('Axis2P3D XDirection',(0.800000066189,0.599999911747,0.)) ;
#1749=DIRECTION('Axis2P3D Direction',(0.,0.,1.)) ;
#1758=DIRECTION('Vector Direction',(0.,0.,1.)) ;
#1765=DIRECTION('Axis2P3D Direction',(0.,0.,1.)) ;
#1785=DIRECTION('Axis2P3D Direction',(0.,0.,1.)) ;
#1786=DIRECTION('Axis2P3D XDirection',(2.05963378428E-015,1.,0.)) ;
#1790=DIRECTION('Axis2P3D Direction',(0.,0.,1.)) ;
#1797=DIRECTION('Vector Direction',(0.,0.,1.)) ;
#1804=DIRECTION('Axis2P3D Direction',(0.,0.,1.)) ;
#1816=DIRECTION('Axis2P3D Direction',(0.599999911747,-0.800000066189,0.)) ;
#1817=DIRECTION('Axis2P3D XDirection',(-0.800000066189,-0.599999911747,-0.)) ;
#1821=DIRECTION('Vector Direction',(0.,0.,-1.)) ;
#1842=DIRECTION('Axis2P3D Direction',(-0.599999911748,-0.800000066189,-0.)) ;
#1843=DIRECTION('Axis2P3D XDirection',(-0.800000066189,0.599999911748,0.)) ;
#1861=DIRECTION('Axis2P3D Direction',(-1.,2.14086372618E-030,-3.64291929955E-015)) ;
#1862=DIRECTION('Axis2P3D XDirection',(-2.14086372618E-030,-1.,0.)) ;
#1865=DIRECTION('Vector Direction',(1.,-2.14086372618E-030,3.64291929955E-015)) ;
#1927=DIRECTION('Vector Direction',(1.,0.,3.64838237208E-015)) ;
#1964=DIRECTION('Vector Direction',(1.,0.,3.64838237208E-015)) ;
#1995=DIRECTION('Axis2P3D Direction',(0.,0.,1.)) ;
#1996=DIRECTION('Axis2P3D XDirection',(-0.743254903838,0.669008331727,0.)) ;
#2000=DIRECTION('Axis2P3D Direction',(0.,0.,1.)) ;
#2007=DIRECTION('Vector Direction',(0.,0.,1.)) ;
#2181=DIRECTION('Axis2P3D Direction',(0.,0.,1.)) ;
#2188=DIRECTION('Vector Direction',(1.,0.,0.)) ;
#2193=DIRECTION('Vector Direction',(1.,0.,0.)) ;
#2210=DIRECTION('Axis2P3D Direction',(0.,0.,1.)) ;
#2215=DIRECTION('Vector Direction',(0.800000066189,0.599999911748,0.)) ;
#2222=DIRECTION('Axis2P3D Direction',(0.,0.,1.)) ;
#2229=DIRECTION('Vector Direction',(1.,0.,0.)) ;
#2236=DIRECTION('Axis2P3D Direction',(0.,0.,1.)) ;
#2243=DIRECTION('Vector Direction',(0.800000066189,-0.599999911747,0.)) ;
#2277=DIRECTION('Axis2P3D Direction',(-0.599999911748,0.800000066189,0.)) ;
#2278=DIRECTION('Axis2P3D XDirection',(0.800000066189,0.599999911748,0.)) ;
#2282=DIRECTION('Vector Direction',(0.,0.,-1.)) ;
#2361=DIRECTION('Axis2P3D Direction',(0.,0.,1.)) ;
#2373=DIRECTION('Axis2P3D Direction',(0.,0.,-1.)) ;
#2374=DIRECTION('Axis2P3D XDirection',(-0.944125221617,-0.329586962585,0.)) ;
#2378=DIRECTION('Vector Direction',(0.,0.,-1.)) ;
#2385=DIRECTION('Axis2P3D Direction',(0.,0.,-1.)) ;
#2392=DIRECTION('Vector Direction',(0.,0.,-1.)) ;
#2415=DIRECTION('Vector Direction',(0.,0.,-1.)) ;
#2429=DIRECTION('Axis2P3D Direction',(0.599999911747,0.800000066189,0.)) ;
#2430=DIRECTION('Axis2P3D XDirection',(0.800000066189,-0.599999911747,0.)) ;
#2448=DIRECTION('Axis2P3D Direction',(0.,0.,-1.)) ;
#2449=DIRECTION('Axis2P3D XDirection',(0.743254903838,0.669008331727,0.)) ;
#2453=DIRECTION('Axis2P3D Direction',(0.,0.,-1.)) ;
#2460=DIRECTION('Vector Direction',(0.,0.,-1.)) ;
#2482=DIRECTION('Axis2P3D Direction',(0.,0.,-1.)) ;
#2489=DIRECTION('Vector Direction',(0.,0.,-1.)) ;
#2511=DIRECTION('Axis2P3D Direction',(0.,0.,1.)) ;
#2512=DIRECTION('Axis2P3D XDirection',(1.,0.,0.)) ;
#2516=DIRECTION('Vector Direction',(0.,1.,0.)) ;
#2525=DIRECTION('Vector Direction',(1.,0.,0.)) ;
#2532=DIRECTION('Axis2P3D Direction',(0.,0.,1.)) ;
#2543=DIRECTION('Axis2P3D Direction',(0.,1.,-0.)) ;
#2544=DIRECTION('Axis2P3D XDirection',(-1.,0.,0.)) ;
#2548=DIRECTION('Vector Direction',(0.,0.,1.)) ;
#2555=DIRECTION('Vector Direction',(1.,0.,0.)) ;
#2566=DIRECTION('Vector Direction',(1.,0.,0.)) ;
#2575=DIRECTION('Vector Direction',(0.,0.,1.)) ;
#2582=DIRECTION('Vector Direction',(-1.,0.,0.)) ;
#2589=DIRECTION('Vector Direction',(0.,0.,-1.)) ;
#2601=DIRECTION('Vector Direction',(1.,0.,0.)) ;
#2658=DIRECTION('Axis2P3D Direction',(0.,0.,1.)) ;
#2676=DIRECTION('Axis2P3D Direction',(0.,0.,1.)) ;
#2677=DIRECTION('Axis2P3D XDirection',(0.944125221617,-0.329586962585,0.)) ;
#2681=DIRECTION('Vector Direction',(0.,0.,1.)) ;
#2688=DIRECTION('Axis2P3D Direction',(0.,0.,1.)) ;
#2702=DIRECTION('Axis2P3D Direction',(0.,0.,1.)) ;
#2714=DIRECTION('Axis2P3D Direction',(0.,0.,1.)) ;
#2732=DIRECTION('Axis2P3D Direction',(-1.,2.14086372618E-030,-3.64291929955E-015)) ;
#2733=DIRECTION('Axis2P3D XDirection',(-2.14086372618E-030,-1.,0.)) ;
#2736=DIRECTION('Vector Direction',(-1.,-2.14086372618E-030,3.64291929955E-015)) ;
#2853=DIRECTION('Axis2P3D Direction',(-0.,1.,0.)) ;
#2854=DIRECTION('Axis2P3D XDirection',(1.,0.,0.)) ;
#2858=DIRECTION('Vector Direction',(1.,0.,0.)) ;
#2976=DIRECTION('Axis2P3D Direction',(-1.,0.,0.)) ;
#2977=DIRECTION('Axis2P3D XDirection',(0.,0.,1.)) ;
#2981=DIRECTION('Vector Direction',(0.,1.,0.)) ;
#2988=DIRECTION('Vector Direction',(0.,1.,0.)) ;
#2993=DIRECTION('Vector Direction',(0.,0.,1.)) ;
#3005=DIRECTION('Axis2P3D Direction',(0.,0.,1.)) ;
#3006=DIRECTION('Axis2P3D XDirection',(1.,0.,0.)) ;
#3010=DIRECTION('Vector Direction',(0.,1.,0.)) ;
#3017=DIRECTION('Vector Direction',(1.,0.,0.)) ;
#3029=DIRECTION('Axis2P3D Direction',(0.707106781187,-0.,0.707106781187)) ;
#3030=DIRECTION('Axis2P3D XDirection',(0.707106781187,-0.,-0.707106781187)) ;
#3034=DIRECTION('Vector Direction',(0.707106781187,0.,-0.707106781187)) ;
#3046=DIRECTION('Axis2P3D Direction',(0.,0.,-1.)) ;
#3047=DIRECTION('Axis2P3D XDirection',(1.96005385927E-015,-1.,-0.)) ;
#3051=DIRECTION('Axis2P3D Direction',(0.,0.,-1.)) ;
#3065=DIRECTION('Axis2P3D Direction',(-0.707106781187,0.,0.707106781187)) ;
#3066=DIRECTION('Axis2P3D XDirection',(0.707106781187,0.,0.707106781187)) ;
#3070=DIRECTION('Vector Direction',(0.,1.,0.)) ;
#3082=DIRECTION('Vector Direction',(0.,1.,0.)) ;
#3094=DIRECTION('Axis2P3D Direction',(1.,-0.,0.)) ;
#3095=DIRECTION('Axis2P3D XDirection',(0.,-0.,-1.)) ;
#3099=DIRECTION('Vector Direction',(0.,1.,0.)) ;
#3231=DIRECTION('Axis2P3D Direction',(-1.,0.,0.)) ;
#3232=DIRECTION('Axis2P3D XDirection',(-0.,0.,-1.)) ;
#3236=DIRECTION('Vector Direction',(0.,-1.,0.)) ;
#3241=DIRECTION('Vector Direction',(0.,-1.,0.)) ;
#3253=DIRECTION('Axis2P3D Direction',(0.,0.,1.)) ;
#3254=DIRECTION('Axis2P3D XDirection',(-1.,0.,0.)) ;
#3258=DIRECTION('Vector Direction',(0.,-1.,0.)) ;
#3270=DIRECTION('Axis2P3D Direction',(1.,0.,-0.)) ;
#3271=DIRECTION('Axis2P3D XDirection',(0.,0.,1.)) ;
#3275=DIRECTION('Vector Direction',(0.,-1.,0.)) ;
#3287=DIRECTION('Axis2P3D Direction',(0.,0.,-1.)) ;
#3288=DIRECTION('Axis2P3D XDirection',(1.,0.,0.)) ;
#3299=DIRECTION('Axis2P3D Direction',(0.,0.,1.)) ;
#3308=DIRECTION('Vector Direction',(0.,1.,0.)) ;
#3313=DIRECTION('Vector Direction',(0.,-1.,0.)) ;
#3324=DIRECTION('Axis2P3D Direction',(0.,0.,1.)) ;
#3333=DIRECTION('Axis2P3D Direction',(0.,0.,1.)) ;
#3343=DIRECTION('Vector Direction',(-1.,0.,0.)) ;
#3465=DIRECTION('Vector Direction',(1.,0.,3.03460960064E-015)) ;
#3477=DIRECTION('Vector Direction',(0.707106781187,0.,0.707106781187)) ;
#3484=DIRECTION('Vector Direction',(0.,0.,1.)) ;
#3491=DIRECTION('Vector Direction',(1.,0.,3.03460960064E-015)) ;
#3503=DIRECTION('Axis2P3D Direction',(1.,0.,-0.)) ;
#3504=DIRECTION('Axis2P3D XDirection',(0.,0.,1.)) ;
#3508=DIRECTION('Vector Direction',(0.,-1.,0.)) ;
#3520=DIRECTION('Axis2P3D Direction',(0.707106781187,0.,-0.707106781187)) ;
#3521=DIRECTION('Axis2P3D XDirection',(0.,-1.,0.)) ;
#3525=DIRECTION('Vector Direction',(0.,-1.,0.)) ;
#3537=DIRECTION('Axis2P3D Direction',(-1.,0.,0.)) ;
#3538=DIRECTION('Axis2P3D XDirection',(0.,-1.,0.)) ;
#3542=DIRECTION('Vector Direction',(0.,0.,1.)) ;
#3554=DIRECTION('Axis2P3D Direction',(0.,0.,1.)) ;
#3555=DIRECTION('Axis2P3D XDirection',(-0.25,0.968245836552,0.)) ;
#3559=DIRECTION('Vector Direction',(0.,0.,1.)) ;
#3571=DIRECTION('Axis2P3D Direction',(1.,0.,0.)) ;
#3572=DIRECTION('Axis2P3D XDirection',(0.,1.,0.)) ;
#3583=DIRECTION('Axis2P3D Direction',(0.,0.,1.)) ;
#3584=DIRECTION('Axis2P3D XDirection',(-0.774279868493,0.632843333888,0.)) ;
#3606=DIRECTION('Vector Direction',(0.,0.,1.)) ;
#3611=DIRECTION('Vector Direction',(0.,0.,1.)) ;
#3624=DIRECTION('Axis2P3D Direction',(0.707106781187,0.,-0.707106781187)) ;
#3625=DIRECTION('Axis2P3D XDirection',(-0.707106781187,0.,-0.707106781187)) ;
#3629=DIRECTION('Vector Direction',(0.,1.,0.)) ;
#3641=DIRECTION('Axis2P3D Direction',(-0.,-1.,0.)) ;
#3642=DIRECTION('Axis2P3D XDirection',(-1.83697019872E-016,0.,-1.)) ;
#3654=DIRECTION('Axis2P3D Direction',(-0.,-1.,0.)) ;
#3655=DIRECTION('Axis2P3D XDirection',(-1.,0.,5.66553889765E-016)) ;
#3673=DIRECTION('Axis2P3D Direction',(0.,0.,1.)) ;
#3682=DIRECTION('Axis2P3D Direction',(0.,0.,1.)) ;
#3692=DIRECTION('Axis2P3D Direction',(0.,0.,1.)) ;
#3693=DIRECTION('Axis2P3D XDirection',(-1.,1.22464679915E-016,0.)) ;
#3697=DIRECTION('Axis2P3D Direction',(0.,0.,1.)) ;
#3706=DIRECTION('Vector Direction',(0.,0.,1.)) ;
#3711=DIRECTION('Vector Direction',(0.,0.,1.)) ;
#3723=DIRECTION('Axis2P3D Direction',(0.,0.,1.)) ;
#3735=DIRECTION('Axis2P3D Direction',(-1.89478062869E-014,2.30926389122E-013,-1.)) ;
#3736=DIRECTION('Axis2P3D XDirection',(0.993890150815,-0.110373765509,-4.4385899838E-014)) ;
#3740=DIRECTION('Vector Direction',(0.707106781187,1.66639146282E-013,-0.707106781187)) ;
#3747=DIRECTION('Vector Direction',(-0.707106781187,1.66639146282E-013,-0.707106781187)) ;
#3754=DIRECTION('Axis2P3D Direction',(-2.51016568212E-014,-2.26034595891E-013,1.)) ;
#3766=DIRECTION('Axis2P3D Direction',(0.,1.18423789293E-015,-1.)) ;
#3767=DIRECTION('Axis2P3D XDirection',(-1.,0.,0.)) ;
#3771=DIRECTION('Axis2P3D Direction',(0.,-1.18423789293E-015,1.)) ;
#3783=DIRECTION('Axis2P3D Direction',(0.,0.,1.)) ;
#3784=DIRECTION('Axis2P3D XDirection',(-1.,5.66553889765E-016,0.)) ;
#3788=DIRECTION('Axis2P3D Direction',(0.,0.,1.)) ;
#3797=DIRECTION('Vector Direction',(0.,0.,1.)) ;
#3802=DIRECTION('Vector Direction',(0.,0.,1.)) ;
#3814=DIRECTION('Axis2P3D Direction',(0.,0.,1.)) ;
#3826=DIRECTION('Axis2P3D Direction',(0.,0.,1.)) ;
#3827=DIRECTION('Axis2P3D XDirection',(1.,0.,0.)) ;
#3843=DIRECTION('Axis2P3D Direction',(0.,0.,1.)) ;
#3852=DIRECTION('Axis2P3D Direction',(0.,0.,1.)) ;
#3878=DIRECTION('Axis2P3D Direction',(-1.89478062869E-014,2.30926389122E-013,-1.)) ;
#3879=DIRECTION('Axis2P3D XDirection',(0.993890150815,-0.110373765509,-4.4385899838E-014)) ;
#3883=DIRECTION('Vector Direction',(0.707106781187,1.64964380992E-013,-0.707106781187)) ;
#3888=DIRECTION('Vector Direction',(-0.707106781187,1.64964380992E-013,-0.707106781187)) ;
#3900=DIRECTION('Axis2P3D Direction',(0.,-1.18423789293E-015,-1.)) ;
#3901=DIRECTION('Axis2P3D XDirection',(-1.,1.1842378407E-015,0.)) ;
#3912=DIRECTION('Axis2P3D Direction',(-1.,0.,0.)) ;
#3913=DIRECTION('Axis2P3D XDirection',(0.,-1.,0.)) ;
#3917=DIRECTION('Vector Direction',(0.,0.,1.)) ;
#3924=DIRECTION('Vector Direction',(0.,-1.,0.)) ;
#3931=DIRECTION('Vector Direction',(0.,0.,-1.)) ;
#3938=DIRECTION('Vector Direction',(0.,-1.,0.)) ;
#3952=DIRECTION('Vector Direction',(0.,-1.,0.)) ;
#3959=DIRECTION('Vector Direction',(0.,0.,1.)) ;
#3966=DIRECTION('Vector Direction',(0.,1.,0.)) ;
#3973=DIRECTION('Vector Direction',(0.,0.,-1.)) ;
#3987=DIRECTION('Axis2P3D Direction',(0.,0.,-1.)) ;
#3988=DIRECTION('Axis2P3D XDirection',(-0.974622229168,-0.223856003743,0.)) ;
#3992=DIRECTION('Axis2P3D Direction',(0.,0.,-1.)) ;
#4009=DIRECTION('Vector Direction',(0.,0.,-1.)) ;
#4022=DIRECTION('Axis2P3D Direction',(0.,0.,-1.)) ;
#4023=DIRECTION('Axis2P3D XDirection',(1.96005385927E-015,-1.,-0.)) ;
#4027=DIRECTION('Axis2P3D Direction',(0.,0.,-1.)) ;
#4036=DIRECTION('Vector Direction',(0.,0.,-1.)) ;
#4057=DIRECTION('Axis2P3D Direction',(1.,0.,0.)) ;
#4058=DIRECTION('Axis2P3D XDirection',(0.,1.,0.)) ;
#4061=DIRECTION('Vector Direction',(1.,0.,0.)) ;
#4065=DIRECTION('Vector Direction',(1.,0.,0.)) ;
#4083=DIRECTION('Vector Direction',(1.,0.,0.)) ;
#4088=DIRECTION('Vector Direction',(1.,0.,0.)) ;
#4104=DIRECTION('Vector Direction',(1.,0.,0.)) ;
#4144=DIRECTION('Vector Direction',(0.,-1.,0.)) ;
#4151=DIRECTION('Axis2P3D Direction',(0.,0.,1.)) ;
#4156=DIRECTION('Vector Direction',(1.,0.,0.)) ;
#4163=DIRECTION('Axis2P3D Direction',(0.,0.,1.)) ;
#4185=DIRECTION('Axis2P3D Direction',(1.,0.,0.)) ;
#4186=DIRECTION('Axis2P3D XDirection',(0.,1.,0.)) ;
#4189=DIRECTION('Vector Direction',(-1.,0.,0.)) ;
#4193=DIRECTION('Vector Direction',(-1.,0.,0.)) ;
#4207=DIRECTION('Vector Direction',(-1.,0.,0.)) ;
#4223=DIRECTION('Vector Direction',(-1.,0.,0.)) ;
#4245=DIRECTION('Axis2P3D Direction',(-1.,0.,0.)) ;
#4246=DIRECTION('Axis2P3D XDirection',(0.,-1.,0.)) ;
#4250=DIRECTION('Vector Direction',(0.,0.,-1.)) ;
#4257=DIRECTION('Vector Direction',(0.,1.,0.)) ;
#4271=DIRECTION('Axis2P3D Direction',(0.,0.,1.)) ;
#4272=DIRECTION('Axis2P3D XDirection',(0.974622229168,-0.223856003743,0.)) ;
#4276=DIRECTION('Axis2P3D Direction',(0.,0.,1.)) ;
#4289=DIRECTION('Axis2P3D Direction',(0.,0.,1.)) ;
#4290=DIRECTION('Axis2P3D XDirection',(-1.96005385927E-015,-1.,-0.)) ;
#4294=DIRECTION('Axis2P3D Direction',(0.,0.,1.)) ;
#4307=DIRECTION('Axis2P3D Direction',(0.,0.,1.)) ;
#4324=DIRECTION('Vector Direction',(0.,-1.,0.)) ;
#4331=DIRECTION('Axis2P3D Direction',(0.,0.,1.)) ;
#4348=DIRECTION('Vector Direction',(0.,-1.,0.)) ;
#4355=DIRECTION('Vector Direction',(0.,0.,-1.)) ;
#4369=DIRECTION('Axis2P3D Direction',(0.,0.,1.)) ;
#4370=DIRECTION('Axis2P3D XDirection',(1.,0.,0.)) ;
#4374=DIRECTION('Axis2P3D Direction',(0.,0.,1.)) ;
#4386=DIRECTION('Axis2P3D Direction',(0.,0.,1.)) ;
#4387=DIRECTION('Axis2P3D XDirection',(1.,0.,0.)) ;
#4398=DIRECTION('Axis2P3D Direction',(0.,0.,1.)) ;
#4410=DIRECTION('Axis2P3D Direction',(0.,0.,1.)) ;
#4411=DIRECTION('Axis2P3D XDirection',(1.,0.,0.)) ;
#4422=DIRECTION('Axis2P3D Direction',(0.,0.,1.)) ;
#4434=DIRECTION('Axis2P3D Direction',(0.,0.,1.)) ;
#4435=DIRECTION('Axis2P3D XDirection',(-1.,1.22464679915E-016,0.)) ;
#4446=DIRECTION('Axis2P3D Direction',(0.,0.,1.)) ;
#4458=DIRECTION('Axis2P3D Direction',(0.,0.,1.)) ;
#4459=DIRECTION('Axis2P3D XDirection',(-1.,1.22464679915E-016,0.)) ;
#48=AXIS2_PLACEMENT_3D(' ',#47,$,$) ;
#55=AXIS2_PLACEMENT_3D('Cylinder Axis2P3D',#52,#53,#54) ;
#68=AXIS2_PLACEMENT_3D('Circle Axis2P3D',#66,#67,$) ;
#82=AXIS2_PLACEMENT_3D('Circle Axis2P3D',#80,#81,$) ;
#95=AXIS2_PLACEMENT_3D('Plane Axis2P3D',#92,#93,#94) ;
#126=AXIS2_PLACEMENT_3D('Plane Axis2P3D',#123,#124,#125) ;
#265=AXIS2_PLACEMENT_3D('Plane Axis2P3D',#262,#263,#264) ;
#287=AXIS2_PLACEMENT_3D('Plane Axis2P3D',#284,#285,#286) ;
#534=AXIS2_PLACEMENT_3D('Plane Axis2P3D',#531,#532,#533) ;
#565=AXIS2_PLACEMENT_3D('Plane Axis2P3D',#562,#563,#564) ;
#589=AXIS2_PLACEMENT_3D('Plane Axis2P3D',#586,#587,#588) ;
#665=AXIS2_PLACEMENT_3D('Plane Axis2P3D',#662,#663,#664) ;
#753=AXIS2_PLACEMENT_3D('Cylinder Axis2P3D',#750,#751,#752) ;
#794=AXIS2_PLACEMENT_3D('Plane Axis2P3D',#791,#792,#793) ;
#825=AXIS2_PLACEMENT_3D('Plane Axis2P3D',#822,#823,#824) ;
#856=AXIS2_PLACEMENT_3D('Plane Axis2P3D',#853,#854,#855) ;
#880=AXIS2_PLACEMENT_3D('Plane Axis2P3D',#877,#878,#879) ;
#904=AXIS2_PLACEMENT_3D('Cylinder Axis2P3D',#901,#902,#903) ;
#908=AXIS2_PLACEMENT_3D('Circle Axis2P3D',#906,#907,$) ;
#924=AXIS2_PLACEMENT_3D('Circle Axis2P3D',#922,#923,$) ;
#945=AXIS2_PLACEMENT_3D('Plane Axis2P3D',#942,#943,#944) ;
#1028=AXIS2_PLACEMENT_3D('Circle Axis2P3D',#1026,#1027,$) ;
#1033=AXIS2_PLACEMENT_3D('Circle Axis2P3D',#1031,#1032,$) ;
#1057=AXIS2_PLACEMENT_3D('Plane Axis2P3D',#1054,#1055,#1056) ;
#1270=AXIS2_PLACEMENT_3D('Cylinder Axis2P3D',#1267,#1268,#1269) ;
#1274=AXIS2_PLACEMENT_3D('Circle Axis2P3D',#1272,#1273,$) ;
#1279=AXIS2_PLACEMENT_3D('Circle Axis2P3D',#1277,#1278,$) ;
#1292=AXIS2_PLACEMENT_3D('Plane Axis2P3D',#1289,#1290,#1291) ;
#1320=AXIS2_PLACEMENT_3D('Circle Axis2P3D',#1318,#1319,$) ;
#1341=AXIS2_PLACEMENT_3D('Circle Axis2P3D',#1339,#1340,$) ;
#1364=AXIS2_PLACEMENT_3D('Circle Axis2P3D',#1362,#1363,$) ;
#1385=AXIS2_PLACEMENT_3D('Circle Axis2P3D',#1383,#1384,$) ;
#1419=AXIS2_PLACEMENT_3D('Cylinder Axis2P3D',#1416,#1417,#1418) ;
#1423=AXIS2_PLACEMENT_3D('Circle Axis2P3D',#1421,#1422,$) ;
#1746=AXIS2_PLACEMENT_3D('Cylinder Axis2P3D',#1743,#1744,#1745) ;
#1750=AXIS2_PLACEMENT_3D('Circle Axis2P3D',#1748,#1749,$) ;
#1766=AXIS2_PLACEMENT_3D('Circle Axis2P3D',#1764,#1765,$) ;
#1787=AXIS2_PLACEMENT_3D('Cylinder Axis2P3D',#1784,#1785,#1786) ;
#1791=AXIS2_PLACEMENT_3D('Circle Axis2P3D',#1789,#1790,$) ;
#1805=AXIS2_PLACEMENT_3D('Circle Axis2P3D',#1803,#1804,$) ;
#1818=AXIS2_PLACEMENT_3D('Plane Axis2P3D',#1815,#1816,#1817) ;
#1844=AXIS2_PLACEMENT_3D('Plane Axis2P3D',#1841,#1842,#1843) ;
#1863=AXIS2_PLACEMENT_3D('Ellipse Axis2P3D',#1860,#1861,#1862) ;
#1997=AXIS2_PLACEMENT_3D('Cylinder Axis2P3D',#1994,#1995,#1996) ;
#2001=AXIS2_PLACEMENT_3D('Circle Axis2P3D',#1999,#2000,$) ;
#2182=AXIS2_PLACEMENT_3D('Circle Axis2P3D',#2180,#2181,$) ;
#2211=AXIS2_PLACEMENT_3D('Circle Axis2P3D',#2209,#2210,$) ;
#2223=AXIS2_PLACEMENT_3D('Circle Axis2P3D',#2221,#2222,$) ;
#2237=AXIS2_PLACEMENT_3D('Circle Axis2P3D',#2235,#2236,$) ;
#2279=AXIS2_PLACEMENT_3D('Plane Axis2P3D',#2276,#2277,#2278) ;
#2362=AXIS2_PLACEMENT_3D('Circle Axis2P3D',#2360,#2361,$) ;
#2375=AXIS2_PLACEMENT_3D('Cylinder Axis2P3D',#2372,#2373,#2374) ;
#2386=AXIS2_PLACEMENT_3D('Circle Axis2P3D',#2384,#2385,$) ;
#2431=AXIS2_PLACEMENT_3D('Plane Axis2P3D',#2428,#2429,#2430) ;
#2450=AXIS2_PLACEMENT_3D('Cylinder Axis2P3D',#2447,#2448,#2449) ;
#2454=AXIS2_PLACEMENT_3D('Circle Axis2P3D',#2452,#2453,$) ;
#2483=AXIS2_PLACEMENT_3D('Circle Axis2P3D',#2481,#2482,$) ;
#2513=AXIS2_PLACEMENT_3D('Plane Axis2P3D',#2510,#2511,#2512) ;
#2533=AXIS2_PLACEMENT_3D('Circle Axis2P3D',#2531,#2532,$) ;
#2545=AXIS2_PLACEMENT_3D('Plane Axis2P3D',#2542,#2543,#2544) ;
#2659=AXIS2_PLACEMENT_3D('Circle Axis2P3D',#2657,#2658,$) ;
#2678=AXIS2_PLACEMENT_3D('Cylinder Axis2P3D',#2675,#2676,#2677) ;
#2689=AXIS2_PLACEMENT_3D('Circle Axis2P3D',#2687,#2688,$) ;
#2703=AXIS2_PLACEMENT_3D('Circle Axis2P3D',#2701,#2702,$) ;
#2715=AXIS2_PLACEMENT_3D('Circle Axis2P3D',#2713,#2714,$) ;
#2734=AXIS2_PLACEMENT_3D('Ellipse Axis2P3D',#2731,#2732,#2733) ;
#2855=AXIS2_PLACEMENT_3D('Plane Axis2P3D',#2852,#2853,#2854) ;
#2978=AXIS2_PLACEMENT_3D('Plane Axis2P3D',#2975,#2976,#2977) ;
#3007=AXIS2_PLACEMENT_3D('Plane Axis2P3D',#3004,#3005,#3006) ;
#3031=AXIS2_PLACEMENT_3D('Plane Axis2P3D',#3028,#3029,#3030) ;
#3048=AXIS2_PLACEMENT_3D('Cylinder Axis2P3D',#3045,#3046,#3047) ;
#3052=AXIS2_PLACEMENT_3D('Circle Axis2P3D',#3050,#3051,$) ;
#3067=AXIS2_PLACEMENT_3D('Plane Axis2P3D',#3064,#3065,#3066) ;
#3096=AXIS2_PLACEMENT_3D('Plane Axis2P3D',#3093,#3094,#3095) ;
#3233=AXIS2_PLACEMENT_3D('Plane Axis2P3D',#3230,#3231,#3232) ;
#3255=AXIS2_PLACEMENT_3D('Plane Axis2P3D',#3252,#3253,#3254) ;
#3272=AXIS2_PLACEMENT_3D('Plane Axis2P3D',#3269,#3270,#3271) ;
#3289=AXIS2_PLACEMENT_3D('Plane Axis2P3D',#3286,#3287,#3288) ;
#3300=AXIS2_PLACEMENT_3D('Circle Axis2P3D',#3298,#3299,$) ;
#3325=AXIS2_PLACEMENT_3D('Circle Axis2P3D',#3323,#3324,$) ;
#3334=AXIS2_PLACEMENT_3D('Circle Axis2P3D',#3332,#3333,$) ;
#3505=AXIS2_PLACEMENT_3D('Plane Axis2P3D',#3502,#3503,#3504) ;
#3522=AXIS2_PLACEMENT_3D('Plane Axis2P3D',#3519,#3520,#3521) ;
#3539=AXIS2_PLACEMENT_3D('Plane Axis2P3D',#3536,#3537,#3538) ;
#3556=AXIS2_PLACEMENT_3D('Cylinder Axis2P3D',#3553,#3554,#3555) ;
#3573=AXIS2_PLACEMENT_3D('Plane Axis2P3D',#3570,#3571,#3572) ;
#3585=AXIS2_PLACEMENT_3D('Cylinder Axis2P3D',#3582,#3583,#3584) ;
#3626=AXIS2_PLACEMENT_3D('Plane Axis2P3D',#3623,#3624,#3625) ;
#3643=AXIS2_PLACEMENT_3D('Cylinder Axis2P3D',#3640,#3641,#3642) ;
#3656=AXIS2_PLACEMENT_3D('Cylinder Axis2P3D',#3653,#3654,#3655) ;
#3674=AXIS2_PLACEMENT_3D('Circle Axis2P3D',#3672,#3673,$) ;
#3683=AXIS2_PLACEMENT_3D('Circle Axis2P3D',#3681,#3682,$) ;
#3694=AXIS2_PLACEMENT_3D('Cylinder Axis2P3D',#3691,#3692,#3693) ;
#3698=AXIS2_PLACEMENT_3D('Circle Axis2P3D',#3696,#3697,$) ;
#3724=AXIS2_PLACEMENT_3D('Circle Axis2P3D',#3722,#3723,$) ;
#3737=AXIS2_PLACEMENT_3D('Cone Axis2P3D',#3734,#3735,#3736) ;
#3755=AXIS2_PLACEMENT_3D('Circle Axis2P3D',#3753,#3754,$) ;
#3768=AXIS2_PLACEMENT_3D('Cone Axis2P3D',#3765,#3766,#3767) ;
#3772=AXIS2_PLACEMENT_3D('Circle Axis2P3D',#3770,#3771,$) ;
#3785=AXIS2_PLACEMENT_3D('Cylinder Axis2P3D',#3782,#3783,#3784) ;
#3789=AXIS2_PLACEMENT_3D('Circle Axis2P3D',#3787,#3788,$) ;
#3815=AXIS2_PLACEMENT_3D('Circle Axis2P3D',#3813,#3814,$) ;
#3828=AXIS2_PLACEMENT_3D('Plane Axis2P3D',#3825,#3826,#3827) ;
#3844=AXIS2_PLACEMENT_3D('Circle Axis2P3D',#3842,#3843,$) ;
#3853=AXIS2_PLACEMENT_3D('Circle Axis2P3D',#3851,#3852,$) ;
#3880=AXIS2_PLACEMENT_3D('Cone Axis2P3D',#3877,#3878,#3879) ;
#3902=AXIS2_PLACEMENT_3D('Cone Axis2P3D',#3899,#3900,#3901) ;
#3914=AXIS2_PLACEMENT_3D('Plane Axis2P3D',#3911,#3912,#3913) ;
#3989=AXIS2_PLACEMENT_3D('Cylinder Axis2P3D',#3986,#3987,#3988) ;
#3993=AXIS2_PLACEMENT_3D('Circle Axis2P3D',#3991,#3992,$) ;
#4024=AXIS2_PLACEMENT_3D('Cylinder Axis2P3D',#4021,#4022,#4023) ;
#4028=AXIS2_PLACEMENT_3D('Circle Axis2P3D',#4026,#4027,$) ;
#4059=AXIS2_PLACEMENT_3D('Ellipse Axis2P3D',#4056,#4057,#4058) ;
#4152=AXIS2_PLACEMENT_3D('Circle Axis2P3D',#4150,#4151,$) ;
#4164=AXIS2_PLACEMENT_3D('Circle Axis2P3D',#4162,#4163,$) ;
#4187=AXIS2_PLACEMENT_3D('Ellipse Axis2P3D',#4184,#4185,#4186) ;
#4247=AXIS2_PLACEMENT_3D('Plane Axis2P3D',#4244,#4245,#4246) ;
#4273=AXIS2_PLACEMENT_3D('Cylinder Axis2P3D',#4270,#4271,#4272) ;
#4277=AXIS2_PLACEMENT_3D('Circle Axis2P3D',#4275,#4276,$) ;
#4291=AXIS2_PLACEMENT_3D('Cylinder Axis2P3D',#4288,#4289,#4290) ;
#4295=AXIS2_PLACEMENT_3D('Circle Axis2P3D',#4293,#4294,$) ;
#4308=AXIS2_PLACEMENT_3D('Circle Axis2P3D',#4306,#4307,$) ;
#4332=AXIS2_PLACEMENT_3D('Circle Axis2P3D',#4330,#4331,$) ;
#4371=AXIS2_PLACEMENT_3D('Plane Axis2P3D',#4368,#4369,#4370) ;
#4375=AXIS2_PLACEMENT_3D('Circle Axis2P3D',#4373,#4374,$) ;
#4388=AXIS2_PLACEMENT_3D('Cylinder Axis2P3D',#4385,#4386,#4387) ;
#4399=AXIS2_PLACEMENT_3D('Circle Axis2P3D',#4397,#4398,$) ;
#4412=AXIS2_PLACEMENT_3D('Cylinder Axis2P3D',#4409,#4410,#4411) ;
#4423=AXIS2_PLACEMENT_3D('Circle Axis2P3D',#4421,#4422,$) ;
#4436=AXIS2_PLACEMENT_3D('Cylinder Axis2P3D',#4433,#4434,#4435) ;
#4447=AXIS2_PLACEMENT_3D('Circle Axis2P3D',#4445,#4446,$) ;
#4460=AXIS2_PLACEMENT_3D('Cylinder Axis2P3D',#4457,#4458,#4459) ;
#40=PRODUCT_DEFINITION_SHAPE(' ',' ',#14) ;
#31=APPROVAL_PERSON_ORGANIZATION(#25,#21,#19) ;
#25=PERSON_AND_ORGANIZATION(#22,#23) ;
#22=PERSON(' ',' ',' ',$,$,$) ;
#23=ORGANIZATION(' ',' ',' ') ;
#21=APPROVAL(#20,' ') ;
#20=APPROVAL_STATUS('not_yet_approved') ;
#19=APPROVAL_ROLE('APPROVER') ;
#13=DATE_AND_TIME(#11,#12) ;
#12=LOCAL_TIME(9,57,26.,#10) ;
#10=COORDINATED_UNIVERSAL_TIME_OFFSET(0,0,.AHEAD.) ;
#86=ORIENTED_EDGE('',*,*,#65,.F.) ;
#87=ORIENTED_EDGE('',*,*,#72,.T.) ;
#88=ORIENTED_EDGE('',*,*,#79,.T.) ;
#89=ORIENTED_EDGE('',*,*,#84,.F.) ;
#117=ORIENTED_EDGE('',*,*,#79,.F.) ;
#118=ORIENTED_EDGE('',*,*,#103,.T.) ;
#119=ORIENTED_EDGE('',*,*,#110,.T.) ;
#120=ORIENTED_EDGE('',*,*,#115,.F.) ;
#243=ORIENTED_EDGE('',*,*,#134,.T.) ;
#244=ORIENTED_EDGE('',*,*,#141,.T.) ;
#245=ORIENTED_EDGE('',*,*,#148,.T.) ;
#246=ORIENTED_EDGE('',*,*,#154,.T.) ;
#247=ORIENTED_EDGE('',*,*,#161,.T.) ;
#248=ORIENTED_EDGE('',*,*,#171,.F.) ;
#249=ORIENTED_EDGE('',*,*,#178,.T.) ;
#250=ORIENTED_EDGE('',*,*,#185,.T.) ;
#251=ORIENTED_EDGE('',*,*,#195,.F.) ;
#252=ORIENTED_EDGE('',*,*,#202,.T.) ;
#253=ORIENTED_EDGE('',*,*,#208,.F.) ;
#254=ORIENTED_EDGE('',*,*,#215,.T.) ;
#255=ORIENTED_EDGE('',*,*,#222,.F.) ;
#256=ORIENTED_EDGE('',*,*,#229,.T.) ;
#257=ORIENTED_EDGE('',*,*,#236,.T.) ;
#258=ORIENTED_EDGE('',*,*,#241,.F.) ;
#259=ORIENTED_EDGE('',*,*,#110,.F.) ;
#278=ORIENTED_EDGE('',*,*,#236,.F.) ;
#279=ORIENTED_EDGE('',*,*,#271,.T.) ;
#280=ORIENTED_EDGE('',*,*,#65,.T.) ;
#281=ORIENTED_EDGE('',*,*,#276,.F.) ;
#439=ORIENTED_EDGE('',*,*,#229,.F.) ;
#440=ORIENTED_EDGE('',*,*,#295,.F.) ;
#441=ORIENTED_EDGE('',*,*,#305,.T.) ;
#442=ORIENTED_EDGE('',*,*,#314,.F.) ;
#443=ORIENTED_EDGE('',*,*,#323,.F.) ;
#444=ORIENTED_EDGE('',*,*,#333,.T.) ;
#445=ORIENTED_EDGE('',*,*,#340,.F.) ;
#446=ORIENTED_EDGE('',*,*,#347,.T.) ;
#447=ORIENTED_EDGE('',*,*,#354,.F.) ;
#448=ORIENTED_EDGE('',*,*,#373,.F.) ;
#449=ORIENTED_EDGE('',*,*,#380,.F.) ;
#450=ORIENTED_EDGE('',*,*,#387,.T.) ;
#451=ORIENTED_EDGE('',*,*,#394,.T.) ;
#452=ORIENTED_EDGE('',*,*,#404,.F.) ;
#453=ORIENTED_EDGE('',*,*,#413,.T.) ;
#454=ORIENTED_EDGE('',*,*,#422,.T.) ;
#455=ORIENTED_EDGE('',*,*,#432,.F.) ;
#456=ORIENTED_EDGE('',*,*,#437,.T.) ;
#457=ORIENTED_EDGE('',*,*,#134,.F.) ;
#458=ORIENTED_EDGE('',*,*,#103,.F.) ;
#459=ORIENTED_EDGE('',*,*,#72,.F.) ;
#460=ORIENTED_EDGE('',*,*,#271,.F.) ;
#491=ORIENTED_EDGE('',*,*,#470,.F.) ;
#492=ORIENTED_EDGE('',*,*,#477,.T.) ;
#493=ORIENTED_EDGE('',*,*,#484,.F.) ;
#494=ORIENTED_EDGE('',*,*,#489,.F.) ;
#525=ORIENTED_EDGE('',*,*,#504,.F.) ;
#526=ORIENTED_EDGE('',*,*,#511,.T.) ;
#527=ORIENTED_EDGE('',*,*,#518,.T.) ;
#528=ORIENTED_EDGE('',*,*,#523,.T.) ;
#556=ORIENTED_EDGE('',*,*,#542,.T.) ;
#557=ORIENTED_EDGE('',*,*,#154,.F.) ;
#558=ORIENTED_EDGE('',*,*,#549,.F.) ;
#559=ORIENTED_EDGE('',*,*,#554,.T.) ;
#580=ORIENTED_EDGE('',*,*,#573,.T.) ;
#581=ORIENTED_EDGE('',*,*,#161,.F.) ;
#582=ORIENTED_EDGE('',*,*,#542,.F.) ;
#583=ORIENTED_EDGE('',*,*,#578,.T.) ;
#611=ORIENTED_EDGE('',*,*,#597,.F.) ;
#612=ORIENTED_EDGE('',*,*,#604,.T.) ;
#613=ORIENTED_EDGE('',*,*,#609,.T.) ;
#614=ORIENTED_EDGE('',*,*,#178,.F.) ;
#630=ORIENTED_EDGE('',*,*,#609,.F.) ;
#631=ORIENTED_EDGE('',*,*,#623,.T.) ;
#632=ORIENTED_EDGE('',*,*,#628,.T.) ;
#633=ORIENTED_EDGE('',*,*,#185,.F.) ;
#656=ORIENTED_EDGE('',*,*,#642,.T.) ;
#657=ORIENTED_EDGE('',*,*,#202,.F.) ;
#658=ORIENTED_EDGE('',*,*,#649,.F.) ;
#659=ORIENTED_EDGE('',*,*,#654,.T.) ;
#706=ORIENTED_EDGE('',*,*,#673,.T.) ;
#707=ORIENTED_EDGE('',*,*,#680,.F.) ;
#708=ORIENTED_EDGE('',*,*,#685,.F.) ;
#709=ORIENTED_EDGE('',*,*,#347,.F.) ;
#710=ORIENTED_EDGE('',*,*,#692,.T.) ;
#711=ORIENTED_EDGE('',*,*,#699,.F.) ;
#712=ORIENTED_EDGE('',*,*,#704,.F.) ;
#713=ORIENTED_EDGE('',*,*,#387,.F.) ;
#744=ORIENTED_EDGE('',*,*,#723,.F.) ;
#745=ORIENTED_EDGE('',*,*,#730,.F.) ;
#746=ORIENTED_EDGE('',*,*,#737,.F.) ;
#747=ORIENTED_EDGE('',*,*,#742,.F.) ;
#784=ORIENTED_EDGE('',*,*,#761,.F.) ;
#785=ORIENTED_EDGE('',*,*,#422,.F.) ;
#786=ORIENTED_EDGE('',*,*,#413,.F.) ;
#787=ORIENTED_EDGE('',*,*,#768,.T.) ;
#788=ORIENTED_EDGE('',*,*,#782,.T.) ;
#816=ORIENTED_EDGE('',*,*,#804,.F.) ;
#817=ORIENTED_EDGE('',*,*,#809,.T.) ;
#818=ORIENTED_EDGE('',*,*,#477,.F.) ;
#819=ORIENTED_EDGE('',*,*,#814,.T.) ;
#847=ORIENTED_EDGE('',*,*,#511,.F.) ;
#848=ORIENTED_EDGE('',*,*,#833,.T.) ;
#849=ORIENTED_EDGE('',*,*,#840,.T.) ;
#850=ORIENTED_EDGE('',*,*,#845,.T.) ;
#871=ORIENTED_EDGE('',*,*,#864,.T.) ;
#872=ORIENTED_EDGE('',*,*,#869,.T.) ;
#873=ORIENTED_EDGE('',*,*,#518,.F.) ;
#874=ORIENTED_EDGE('',*,*,#845,.F.) ;
#895=ORIENTED_EDGE('',*,*,#869,.F.) ;
#896=ORIENTED_EDGE('',*,*,#888,.F.) ;
#897=ORIENTED_EDGE('',*,*,#893,.T.) ;
#898=ORIENTED_EDGE('',*,*,#523,.F.) ;
#936=ORIENTED_EDGE('',*,*,#914,.T.) ;
#937=ORIENTED_EDGE('',*,*,#921,.F.) ;
#938=ORIENTED_EDGE('',*,*,#928,.F.) ;
#939=ORIENTED_EDGE('',*,*,#934,.T.) ;
#1037=ORIENTED_EDGE('',*,*,#955,.F.) ;
#1038=ORIENTED_EDGE('',*,*,#962,.F.) ;
#1039=ORIENTED_EDGE('',*,*,#969,.F.) ;
#1040=ORIENTED_EDGE('',*,*,#976,.T.) ;
#1041=ORIENTED_EDGE('',*,*,#983,.F.) ;
#1042=ORIENTED_EDGE('',*,*,#990,.F.) ;
#1043=ORIENTED_EDGE('',*,*,#997,.T.) ;
#1044=ORIENTED_EDGE('',*,*,#1004,.T.) ;
#1045=ORIENTED_EDGE('',*,*,#1011,.F.) ;
#1046=ORIENTED_EDGE('',*,*,#1018,.F.) ;
#1047=ORIENTED_EDGE('',*,*,#1025,.F.) ;
#1048=ORIENTED_EDGE('',*,*,#1030,.F.) ;
#1049=ORIENTED_EDGE('',*,*,#623,.F.) ;
#1050=ORIENTED_EDGE('',*,*,#604,.F.) ;
#1051=ORIENTED_EDGE('',*,*,#1035,.F.) ;
#1107=ORIENTED_EDGE('',*,*,#1065,.F.) ;
#1108=ORIENTED_EDGE('',*,*,#654,.F.) ;
#1109=ORIENTED_EDGE('',*,*,#1072,.T.) ;
#1110=ORIENTED_EDGE('',*,*,#1079,.T.) ;
#1111=ORIENTED_EDGE('',*,*,#1086,.T.) ;
#1112=ORIENTED_EDGE('',*,*,#1093,.F.) ;
#1113=ORIENTED_EDGE('',*,*,#1100,.F.) ;
#1114=ORIENTED_EDGE('',*,*,#1105,.T.) ;
#1201=ORIENTED_EDGE('',*,*,#1159,.T.) ;
#1202=ORIENTED_EDGE('',*,*,#1165,.T.) ;
#1203=ORIENTED_EDGE('',*,*,#1181,.F.) ;
#1204=ORIENTED_EDGE('',*,*,#1187,.F.) ;
#1205=ORIENTED_EDGE('',*,*,#1195,.T.) ;
#1206=ORIENTED_EDGE('',*,*,#1199,.T.) ;
#1261=ORIENTED_EDGE('',*,*,#1239,.F.) ;
#1262=ORIENTED_EDGE('',*,*,#1181,.T.) ;
#1263=ORIENTED_EDGE('',*,*,#1245,.T.) ;
#1264=ORIENTED_EDGE('',*,*,#1259,.T.) ;
#1283=ORIENTED_EDGE('',*,*,#1276,.F.) ;
#1284=ORIENTED_EDGE('',*,*,#1100,.T.) ;
#1285=ORIENTED_EDGE('',*,*,#1281,.T.) ;
#1286=ORIENTED_EDGE('',*,*,#1195,.F.) ;
#1350=ORIENTED_EDGE('',*,*,#1300,.T.) ;
#1351=ORIENTED_EDGE('',*,*,#914,.F.) ;
#1352=ORIENTED_EDGE('',*,*,#1307,.T.) ;
#1353=ORIENTED_EDGE('',*,*,#1317,.F.) ;
#1354=ORIENTED_EDGE('',*,*,#1324,.F.) ;
#1355=ORIENTED_EDGE('',*,*,#1331,.F.) ;
#1356=ORIENTED_EDGE('',*,*,#1338,.T.) ;
#1357=ORIENTED_EDGE('',*,*,#1343,.T.) ;
#1358=ORIENTED_EDGE('',*,*,#976,.F.) ;
#1359=ORIENTED_EDGE('',*,*,#1348,.T.) ;
#1404=ORIENTED_EDGE('',*,*,#1004,.F.) ;
#1405=ORIENTED_EDGE('',*,*,#1368,.T.) ;
#1406=ORIENTED_EDGE('',*,*,#1375,.T.) ;
#1407=ORIENTED_EDGE('',*,*,#1382,.T.) ;
#1408=ORIENTED_EDGE('',*,*,#1389,.F.) ;
#1409=ORIENTED_EDGE('',*,*,#1397,.T.) ;
#1410=ORIENTED_EDGE('',*,*,#1199,.F.) ;
#1411=ORIENTED_EDGE('',*,*,#1281,.F.) ;
#1412=ORIENTED_EDGE('',*,*,#1093,.T.) ;
#1413=ORIENTED_EDGE('',*,*,#1402,.F.) ;
#1457=ORIENTED_EDGE('',*,*,#997,.F.) ;
#1458=ORIENTED_EDGE('',*,*,#1427,.T.) ;
#1459=ORIENTED_EDGE('',*,*,#1434,.T.) ;
#1460=ORIENTED_EDGE('',*,*,#1450,.F.) ;
#1461=ORIENTED_EDGE('',*,*,#1455,.T.) ;
#1462=ORIENTED_EDGE('',*,*,#1368,.F.) ;
#1525=ORIENTED_EDGE('',*,*,#1497,.F.) ;
#1526=ORIENTED_EDGE('',*,*,#1513,.T.) ;
#1527=ORIENTED_EDGE('',*,*,#1517,.T.) ;
#1528=ORIENTED_EDGE('',*,*,#1159,.F.) ;
#1529=ORIENTED_EDGE('',*,*,#1397,.F.) ;
#1530=ORIENTED_EDGE('',*,*,#1523,.T.) ;
#1583=ORIENTED_EDGE('',*,*,#1559,.T.) ;
#1584=ORIENTED_EDGE('',*,*,#1570,.F.) ;
#1585=ORIENTED_EDGE('',*,*,#1165,.F.) ;
#1586=ORIENTED_EDGE('',*,*,#1581,.T.) ;
#1643=ORIENTED_EDGE('',*,*,#1619,.T.) ;
#1644=ORIENTED_EDGE('',*,*,#1627,.T.) ;
#1645=ORIENTED_EDGE('',*,*,#1245,.F.) ;
#1646=ORIENTED_EDGE('',*,*,#1570,.T.) ;
#1647=ORIENTED_EDGE('',*,*,#1633,.T.) ;
#1648=ORIENTED_EDGE('',*,*,#1641,.F.) ;
#1735=ORIENTED_EDGE('',*,*,#1685,.T.) ;
#1736=ORIENTED_EDGE('',*,*,#1691,.T.) ;
#1737=ORIENTED_EDGE('',*,*,#1707,.T.) ;
#1738=ORIENTED_EDGE('',*,*,#1713,.T.) ;
#1739=ORIENTED_EDGE('',*,*,#1729,.F.) ;
#1740=ORIENTED_EDGE('',*,*,#1733,.F.) ;
#1778=ORIENTED_EDGE('',*,*,#1756,.T.) ;
#1779=ORIENTED_EDGE('',*,*,#1763,.F.) ;
#1780=ORIENTED_EDGE('',*,*,#1770,.F.) ;
#1781=ORIENTED_EDGE('',*,*,#1776,.T.) ;
#1809=ORIENTED_EDGE('',*,*,#1795,.F.) ;
#1810=ORIENTED_EDGE('',*,*,#1802,.T.) ;
#1811=ORIENTED_EDGE('',*,*,#1807,.T.) ;
#1812=ORIENTED_EDGE('',*,*,#1685,.F.) ;
#1836=ORIENTED_EDGE('',*,*,#1826,.T.) ;
#1837=ORIENTED_EDGE('',*,*,#1338,.F.) ;
#1838=ORIENTED_EDGE('',*,*,#1834,.F.) ;
#1855=ORIENTED_EDGE('',*,*,#1375,.F.) ;
#1856=ORIENTED_EDGE('',*,*,#1455,.F.) ;
#1857=ORIENTED_EDGE('',*,*,#1853,.T.) ;
#1977=ORIENTED_EDGE('',*,*,#1450,.T.) ;
#1978=ORIENTED_EDGE('',*,*,#1877,.F.) ;
#1979=ORIENTED_EDGE('',*,*,#1887,.F.) ;
#1980=ORIENTED_EDGE('',*,*,#1903,.F.) ;
#1981=ORIENTED_EDGE('',*,*,#1911,.T.) ;
#1982=ORIENTED_EDGE('',*,*,#1917,.T.) ;
#1983=ORIENTED_EDGE('',*,*,#1925,.F.) ;
#1984=ORIENTED_EDGE('',*,*,#1932,.F.) ;
#1985=ORIENTED_EDGE('',*,*,#1948,.T.) ;
#1986=ORIENTED_EDGE('',*,*,#1962,.T.) ;
#1987=ORIENTED_EDGE('',*,*,#1513,.F.) ;
#1988=ORIENTED_EDGE('',*,*,#1969,.T.) ;
#1989=ORIENTED_EDGE('',*,*,#1975,.T.) ;
#1990=ORIENTED_EDGE('',*,*,#1382,.F.) ;
#1991=ORIENTED_EDGE('',*,*,#1853,.F.) ;
#2012=ORIENTED_EDGE('',*,*,#1877,.T.) ;
#2013=ORIENTED_EDGE('',*,*,#1434,.F.) ;
#2014=ORIENTED_EDGE('',*,*,#2005,.T.) ;
#2015=ORIENTED_EDGE('',*,*,#2010,.T.) ;
#2042=ORIENTED_EDGE('',*,*,#2040,.T.) ;
#2043=ORIENTED_EDGE('',*,*,#1581,.F.) ;
#2044=ORIENTED_EDGE('',*,*,#1517,.F.) ;
#2045=ORIENTED_EDGE('',*,*,#1962,.F.) ;
#2098=ORIENTED_EDGE('',*,*,#2079,.F.) ;
#2099=ORIENTED_EDGE('',*,*,#2085,.T.) ;
#2100=ORIENTED_EDGE('',*,*,#2096,.T.) ;
#2101=ORIENTED_EDGE('',*,*,#1713,.F.) ;
#2172=ORIENTED_EDGE('',*,*,#2136,.F.) ;
#2173=ORIENTED_EDGE('',*,*,#2144,.T.) ;
#2174=ORIENTED_EDGE('',*,*,#2150,.F.) ;
#2175=ORIENTED_EDGE('',*,*,#2166,.T.) ;
#2176=ORIENTED_EDGE('',*,*,#2170,.T.) ;
#2177=ORIENTED_EDGE('',*,*,#1707,.F.) ;
#2258=ORIENTED_EDGE('',*,*,#2186,.F.) ;
#2259=ORIENTED_EDGE('',*,*,#2136,.T.) ;
#2260=ORIENTED_EDGE('',*,*,#1691,.F.) ;
#2261=ORIENTED_EDGE('',*,*,#1807,.F.) ;
#2262=ORIENTED_EDGE('',*,*,#2191,.T.) ;
#2263=ORIENTED_EDGE('',*,*,#1756,.F.) ;
#2264=ORIENTED_EDGE('',*,*,#2198,.T.) ;
#2265=ORIENTED_EDGE('',*,*,#2208,.F.) ;
#2266=ORIENTED_EDGE('',*,*,#2213,.F.) ;
#2267=ORIENTED_EDGE('',*,*,#1917,.F.) ;
#2268=ORIENTED_EDGE('',*,*,#2220,.T.) ;
#2269=ORIENTED_EDGE('',*,*,#2227,.T.) ;
#2270=ORIENTED_EDGE('',*,*,#2234,.F.) ;
#2271=ORIENTED_EDGE('',*,*,#2241,.T.) ;
#2272=ORIENTED_EDGE('',*,*,#2248,.T.) ;
#2273=ORIENTED_EDGE('',*,*,#2256,.T.) ;
#2287=ORIENTED_EDGE('',*,*,#2285,.T.) ;
#2288=ORIENTED_EDGE('',*,*,#2220,.F.) ;
#2289=ORIENTED_EDGE('',*,*,#1911,.F.) ;
#2344=ORIENTED_EDGE('',*,*,#2330,.T.) ;
#2345=ORIENTED_EDGE('',*,*,#2040,.F.) ;
#2346=ORIENTED_EDGE('',*,*,#1948,.F.) ;
#2347=ORIENTED_EDGE('',*,*,#2336,.T.) ;
#2348=ORIENTED_EDGE('',*,*,#2342,.F.) ;
#2349=ORIENTED_EDGE('',*,*,#2208,.T.) ;
#2366=ORIENTED_EDGE('',*,*,#2186,.T.) ;
#2367=ORIENTED_EDGE('',*,*,#2359,.F.) ;
#2368=ORIENTED_EDGE('',*,*,#2364,.F.) ;
#2369=ORIENTED_EDGE('',*,*,#2144,.F.) ;
#2420=ORIENTED_EDGE('',*,*,#2383,.F.) ;
#2421=ORIENTED_EDGE('',*,*,#2390,.F.) ;
#2422=ORIENTED_EDGE('',*,*,#2397,.T.) ;
#2423=ORIENTED_EDGE('',*,*,#2413,.F.) ;
#2424=ORIENTED_EDGE('',*,*,#2418,.T.) ;
#2425=ORIENTED_EDGE('',*,*,#2241,.F.) ;
#2442=ORIENTED_EDGE('',*,*,#2248,.F.) ;
#2443=ORIENTED_EDGE('',*,*,#2418,.F.) ;
#2444=ORIENTED_EDGE('',*,*,#2440,.T.) ;
#2475=ORIENTED_EDGE('',*,*,#2397,.F.) ;
#2476=ORIENTED_EDGE('',*,*,#2458,.F.) ;
#2477=ORIENTED_EDGE('',*,*,#2465,.T.) ;
#2478=ORIENTED_EDGE('',*,*,#2473,.F.) ;
#2504=ORIENTED_EDGE('',*,*,#2465,.F.) ;
#2505=ORIENTED_EDGE('',*,*,#2487,.F.) ;
#2506=ORIENTED_EDGE('',*,*,#2494,.T.) ;
#2507=ORIENTED_EDGE('',*,*,#2502,.F.) ;
#2537=ORIENTED_EDGE('',*,*,#2523,.F.) ;
#2538=ORIENTED_EDGE('',*,*,#2530,.T.) ;
#2539=ORIENTED_EDGE('',*,*,#2535,.T.) ;
#2560=ORIENTED_EDGE('',*,*,#2553,.F.) ;
#2561=ORIENTED_EDGE('',*,*,#2558,.F.) ;
#2562=ORIENTED_EDGE('',*,*,#2383,.T.) ;
#2563=ORIENTED_EDGE('',*,*,#2234,.T.) ;
#2594=ORIENTED_EDGE('',*,*,#2573,.F.) ;
#2595=ORIENTED_EDGE('',*,*,#2580,.F.) ;
#2596=ORIENTED_EDGE('',*,*,#2587,.F.) ;
#2597=ORIENTED_EDGE('',*,*,#2592,.F.) ;
#2606=ORIENTED_EDGE('',*,*,#2604,.F.) ;
#2607=ORIENTED_EDGE('',*,*,#2150,.T.) ;
#2608=ORIENTED_EDGE('',*,*,#2364,.T.) ;
#2651=ORIENTED_EDGE('',*,*,#2645,.T.) ;
#2652=ORIENTED_EDGE('',*,*,#2649,.T.) ;
#2653=ORIENTED_EDGE('',*,*,#2079,.T.) ;
#2654=ORIENTED_EDGE('',*,*,#2170,.F.) ;
#2663=ORIENTED_EDGE('',*,*,#2336,.F.) ;
#2664=ORIENTED_EDGE('',*,*,#1932,.T.) ;
#2665=ORIENTED_EDGE('',*,*,#2661,.T.) ;
#2669=ORIENTED_EDGE('',*,*,#2342,.T.) ;
#2670=ORIENTED_EDGE('',*,*,#2661,.F.) ;
#2671=ORIENTED_EDGE('',*,*,#1925,.T.) ;
#2672=ORIENTED_EDGE('',*,*,#2213,.T.) ;
#2693=ORIENTED_EDGE('',*,*,#1903,.T.) ;
#2694=ORIENTED_EDGE('',*,*,#2686,.F.) ;
#2695=ORIENTED_EDGE('',*,*,#2691,.T.) ;
#2696=ORIENTED_EDGE('',*,*,#2553,.T.) ;
#2697=ORIENTED_EDGE('',*,*,#2227,.F.) ;
#2698=ORIENTED_EDGE('',*,*,#2285,.F.) ;
#2707=ORIENTED_EDGE('',*,*,#1887,.T.) ;
#2708=ORIENTED_EDGE('',*,*,#2010,.F.) ;
#2709=ORIENTED_EDGE('',*,*,#2705,.T.) ;
#2710=ORIENTED_EDGE('',*,*,#2686,.T.) ;
#2719=ORIENTED_EDGE('',*,*,#1969,.F.) ;
#2720=ORIENTED_EDGE('',*,*,#1497,.T.) ;
#2721=ORIENTED_EDGE('',*,*,#2717,.T.) ;
#2725=ORIENTED_EDGE('',*,*,#1389,.T.) ;
#2726=ORIENTED_EDGE('',*,*,#1975,.F.) ;
#2727=ORIENTED_EDGE('',*,*,#2717,.F.) ;
#2728=ORIENTED_EDGE('',*,*,#1523,.F.) ;
#2774=ORIENTED_EDGE('',*,*,#1834,.T.) ;
#2775=ORIENTED_EDGE('',*,*,#1331,.T.) ;
#2776=ORIENTED_EDGE('',*,*,#2744,.F.) ;
#2777=ORIENTED_EDGE('',*,*,#2530,.F.) ;
#2778=ORIENTED_EDGE('',*,*,#2758,.T.) ;
#2779=ORIENTED_EDGE('',*,*,#2645,.F.) ;
#2780=ORIENTED_EDGE('',*,*,#2166,.F.) ;
#2781=ORIENTED_EDGE('',*,*,#2604,.T.) ;
#2782=ORIENTED_EDGE('',*,*,#2359,.T.) ;
#2783=ORIENTED_EDGE('',*,*,#2256,.F.) ;
#2784=ORIENTED_EDGE('',*,*,#2440,.F.) ;
#2785=ORIENTED_EDGE('',*,*,#2413,.T.) ;
#2786=ORIENTED_EDGE('',*,*,#2473,.T.) ;
#2787=ORIENTED_EDGE('',*,*,#2502,.T.) ;
#2788=ORIENTED_EDGE('',*,*,#2772,.F.) ;
#2798=ORIENTED_EDGE('',*,*,#2796,.T.) ;
#2799=ORIENTED_EDGE('',*,*,#2535,.F.) ;
#2800=ORIENTED_EDGE('',*,*,#2744,.T.) ;
#2801=ORIENTED_EDGE('',*,*,#1324,.T.) ;
#2844=ORIENTED_EDGE('',*,*,#2796,.F.) ;
#2845=ORIENTED_EDGE('',*,*,#1317,.T.) ;
#2846=ORIENTED_EDGE('',*,*,#2842,.T.) ;
#2847=ORIENTED_EDGE('',*,*,#2649,.F.) ;
#2848=ORIENTED_EDGE('',*,*,#2758,.F.) ;
#2849=ORIENTED_EDGE('',*,*,#2523,.T.) ;
#2863=ORIENTED_EDGE('',*,*,#1802,.F.) ;
#2864=ORIENTED_EDGE('',*,*,#2861,.T.) ;
#2865=ORIENTED_EDGE('',*,*,#1763,.T.) ;
#2866=ORIENTED_EDGE('',*,*,#2191,.F.) ;
#2915=ORIENTED_EDGE('',*,*,#2899,.T.) ;
#2916=ORIENTED_EDGE('',*,*,#2913,.T.) ;
#2917=ORIENTED_EDGE('',*,*,#1559,.F.) ;
#2918=ORIENTED_EDGE('',*,*,#2330,.F.) ;
#2919=ORIENTED_EDGE('',*,*,#2198,.F.) ;
#2920=ORIENTED_EDGE('',*,*,#1776,.F.) ;
#2969=ORIENTED_EDGE('',*,*,#1633,.F.) ;
#2970=ORIENTED_EDGE('',*,*,#2913,.F.) ;
#2971=ORIENTED_EDGE('',*,*,#2953,.T.) ;
#2972=ORIENTED_EDGE('',*,*,#2967,.F.) ;
#2998=ORIENTED_EDGE('',*,*,#2986,.F.) ;
#2999=ORIENTED_EDGE('',*,*,#955,.T.) ;
#3000=ORIENTED_EDGE('',*,*,#2991,.T.) ;
#3001=ORIENTED_EDGE('',*,*,#2996,.F.) ;
#3022=ORIENTED_EDGE('',*,*,#3015,.F.) ;
#3023=ORIENTED_EDGE('',*,*,#962,.T.) ;
#3024=ORIENTED_EDGE('',*,*,#2986,.T.) ;
#3025=ORIENTED_EDGE('',*,*,#3020,.F.) ;
#3039=ORIENTED_EDGE('',*,*,#969,.T.) ;
#3040=ORIENTED_EDGE('',*,*,#3015,.T.) ;
#3041=ORIENTED_EDGE('',*,*,#3037,.F.) ;
#3042=ORIENTED_EDGE('',*,*,#1348,.F.) ;
#3056=ORIENTED_EDGE('',*,*,#2772,.T.) ;
#3057=ORIENTED_EDGE('',*,*,#2494,.F.) ;
#3058=ORIENTED_EDGE('',*,*,#3054,.F.) ;
#3059=ORIENTED_EDGE('',*,*,#983,.T.) ;
#3060=ORIENTED_EDGE('',*,*,#1343,.F.) ;
#3061=ORIENTED_EDGE('',*,*,#1826,.F.) ;
#3075=ORIENTED_EDGE('',*,*,#1086,.F.) ;
#3076=ORIENTED_EDGE('',*,*,#3073,.F.) ;
#3077=ORIENTED_EDGE('',*,*,#1011,.T.) ;
#3078=ORIENTED_EDGE('',*,*,#1402,.T.) ;
#3087=ORIENTED_EDGE('',*,*,#3085,.F.) ;
#3088=ORIENTED_EDGE('',*,*,#1018,.T.) ;
#3089=ORIENTED_EDGE('',*,*,#3073,.T.) ;
#3090=ORIENTED_EDGE('',*,*,#1079,.F.) ;
#3104=ORIENTED_EDGE('',*,*,#3102,.F.) ;
#3105=ORIENTED_EDGE('',*,*,#1025,.T.) ;
#3106=ORIENTED_EDGE('',*,*,#3085,.T.) ;
#3107=ORIENTED_EDGE('',*,*,#1072,.F.) ;
#3170=ORIENTED_EDGE('',*,*,#3140,.T.) ;
#3171=ORIENTED_EDGE('',*,*,#3144,.F.) ;
#3172=ORIENTED_EDGE('',*,*,#2096,.F.) ;
#3173=ORIENTED_EDGE('',*,*,#3150,.T.) ;
#3174=ORIENTED_EDGE('',*,*,#3160,.F.) ;
#3175=ORIENTED_EDGE('',*,*,#3168,.F.) ;
#3224=ORIENTED_EDGE('',*,*,#3218,.T.) ;
#3225=ORIENTED_EDGE('',*,*,#3222,.F.) ;
#3226=ORIENTED_EDGE('',*,*,#1729,.T.) ;
#3227=ORIENTED_EDGE('',*,*,#3144,.T.) ;
#3246=ORIENTED_EDGE('',*,*,#723,.T.) ;
#3247=ORIENTED_EDGE('',*,*,#3239,.F.) ;
#3248=ORIENTED_EDGE('',*,*,#2592,.T.) ;
#3249=ORIENTED_EDGE('',*,*,#3244,.T.) ;
#3263=ORIENTED_EDGE('',*,*,#730,.T.) ;
#3264=ORIENTED_EDGE('',*,*,#3244,.F.) ;
#3265=ORIENTED_EDGE('',*,*,#2587,.T.) ;
#3266=ORIENTED_EDGE('',*,*,#3261,.T.) ;
#3280=ORIENTED_EDGE('',*,*,#737,.T.) ;
#3281=ORIENTED_EDGE('',*,*,#3261,.F.) ;
#3282=ORIENTED_EDGE('',*,*,#2580,.T.) ;
#3283=ORIENTED_EDGE('',*,*,#3278,.T.) ;
#3292=ORIENTED_EDGE('',*,*,#742,.T.) ;
#3293=ORIENTED_EDGE('',*,*,#3278,.F.) ;
#3294=ORIENTED_EDGE('',*,*,#2573,.T.) ;
#3295=ORIENTED_EDGE('',*,*,#3239,.T.) ;
#3318=ORIENTED_EDGE('',*,*,#3306,.T.) ;
#3319=ORIENTED_EDGE('',*,*,#3311,.T.) ;
#3320=ORIENTED_EDGE('',*,*,#680,.T.) ;
#3321=ORIENTED_EDGE('',*,*,#3316,.T.) ;
#3338=ORIENTED_EDGE('',*,*,#3331,.F.) ;
#3339=ORIENTED_EDGE('',*,*,#3336,.F.) ;
#3348=ORIENTED_EDGE('',*,*,#3037,.T.) ;
#3349=ORIENTED_EDGE('',*,*,#3020,.T.) ;
#3350=ORIENTED_EDGE('',*,*,#2996,.T.) ;
#3351=ORIENTED_EDGE('',*,*,#578,.F.) ;
#3352=ORIENTED_EDGE('',*,*,#554,.F.) ;
#3353=ORIENTED_EDGE('',*,*,#3346,.T.) ;
#3354=ORIENTED_EDGE('',*,*,#921,.T.) ;
#3355=ORIENTED_EDGE('',*,*,#1300,.F.) ;
#3404=ORIENTED_EDGE('',*,*,#1307,.F.) ;
#3405=ORIENTED_EDGE('',*,*,#934,.F.) ;
#3406=ORIENTED_EDGE('',*,*,#3388,.T.) ;
#3407=ORIENTED_EDGE('',*,*,#3402,.T.) ;
#3408=ORIENTED_EDGE('',*,*,#2085,.F.) ;
#3409=ORIENTED_EDGE('',*,*,#2842,.F.) ;
#3458=ORIENTED_EDGE('',*,*,#3452,.F.) ;
#3459=ORIENTED_EDGE('',*,*,#3150,.F.) ;
#3460=ORIENTED_EDGE('',*,*,#3402,.F.) ;
#3461=ORIENTED_EDGE('',*,*,#3456,.T.) ;
#3470=ORIENTED_EDGE('',*,*,#833,.F.) ;
#3471=ORIENTED_EDGE('',*,*,#504,.T.) ;
#3472=ORIENTED_EDGE('',*,*,#893,.F.) ;
#3473=ORIENTED_EDGE('',*,*,#3468,.T.) ;
#3496=ORIENTED_EDGE('',*,*,#3482,.T.) ;
#3497=ORIENTED_EDGE('',*,*,#489,.T.) ;
#3498=ORIENTED_EDGE('',*,*,#3489,.F.) ;
#3499=ORIENTED_EDGE('',*,*,#3494,.F.) ;
#3513=ORIENTED_EDGE('',*,*,#484,.T.) ;
#3514=ORIENTED_EDGE('',*,*,#809,.F.) ;
#3515=ORIENTED_EDGE('',*,*,#3511,.T.) ;
#3516=ORIENTED_EDGE('',*,*,#3489,.T.) ;
#3530=ORIENTED_EDGE('',*,*,#3482,.F.) ;
#3531=ORIENTED_EDGE('',*,*,#3528,.F.) ;
#3532=ORIENTED_EDGE('',*,*,#814,.F.) ;
#3533=ORIENTED_EDGE('',*,*,#470,.T.) ;
#3547=ORIENTED_EDGE('',*,*,#673,.F.) ;
#3548=ORIENTED_EDGE('',*,*,#380,.T.) ;
#3549=ORIENTED_EDGE('',*,*,#3545,.T.) ;
#3550=ORIENTED_EDGE('',*,*,#3316,.F.) ;
#3564=ORIENTED_EDGE('',*,*,#3545,.F.) ;
#3565=ORIENTED_EDGE('',*,*,#373,.T.) ;
#3566=ORIENTED_EDGE('',*,*,#3562,.T.) ;
#3567=ORIENTED_EDGE('',*,*,#3306,.F.) ;
#3576=ORIENTED_EDGE('',*,*,#3562,.F.) ;
#3577=ORIENTED_EDGE('',*,*,#354,.T.) ;
#3578=ORIENTED_EDGE('',*,*,#685,.T.) ;
#3579=ORIENTED_EDGE('',*,*,#3311,.F.) ;
#3616=ORIENTED_EDGE('',*,*,#3604,.F.) ;
#3617=ORIENTED_EDGE('',*,*,#3609,.F.) ;
#3618=ORIENTED_EDGE('',*,*,#323,.T.) ;
#3619=ORIENTED_EDGE('',*,*,#314,.T.) ;
#3620=ORIENTED_EDGE('',*,*,#3614,.T.) ;
#3634=ORIENTED_EDGE('',*,*,#1065,.T.) ;
#3635=ORIENTED_EDGE('',*,*,#3632,.T.) ;
#3636=ORIENTED_EDGE('',*,*,#208,.T.) ;
#3637=ORIENTED_EDGE('',*,*,#642,.F.) ;
#3646=ORIENTED_EDGE('',*,*,#195,.T.) ;
#3647=ORIENTED_EDGE('',*,*,#628,.F.) ;
#3648=ORIENTED_EDGE('',*,*,#1030,.T.) ;
#3649=ORIENTED_EDGE('',*,*,#3102,.T.) ;
#3650=ORIENTED_EDGE('',*,*,#649,.T.) ;
#3659=ORIENTED_EDGE('',*,*,#171,.T.) ;
#3660=ORIENTED_EDGE('',*,*,#573,.F.) ;
#3661=ORIENTED_EDGE('',*,*,#2991,.F.) ;
#3662=ORIENTED_EDGE('',*,*,#1035,.T.) ;
#3663=ORIENTED_EDGE('',*,*,#597,.T.) ;
#3667=ORIENTED_EDGE('',*,*,#84,.T.) ;
#3668=ORIENTED_EDGE('',*,*,#115,.T.) ;
#3669=ORIENTED_EDGE('',*,*,#241,.T.) ;
#3670=ORIENTED_EDGE('',*,*,#276,.T.) ;
#3687=ORIENTED_EDGE('',*,*,#3680,.F.) ;
#3688=ORIENTED_EDGE('',*,*,#3685,.F.) ;
#3716=ORIENTED_EDGE('',*,*,#3704,.F.) ;
#3717=ORIENTED_EDGE('',*,*,#3709,.T.) ;
#3718=ORIENTED_EDGE('',*,*,#3331,.T.) ;
#3719=ORIENTED_EDGE('',*,*,#3714,.F.) ;
#3728=ORIENTED_EDGE('',*,*,#3726,.F.) ;
#3729=ORIENTED_EDGE('',*,*,#3714,.T.) ;
#3730=ORIENTED_EDGE('',*,*,#3336,.T.) ;
#3731=ORIENTED_EDGE('',*,*,#3709,.F.) ;
#3759=ORIENTED_EDGE('',*,*,#3745,.T.) ;
#3760=ORIENTED_EDGE('',*,*,#3726,.T.) ;
#3761=ORIENTED_EDGE('',*,*,#3752,.F.) ;
#3762=ORIENTED_EDGE('',*,*,#3757,.F.) ;
#3776=ORIENTED_EDGE('',*,*,#3752,.T.) ;
#3777=ORIENTED_EDGE('',*,*,#3704,.T.) ;
#3778=ORIENTED_EDGE('',*,*,#3745,.F.) ;
#3779=ORIENTED_EDGE('',*,*,#3774,.F.) ;
#3807=ORIENTED_EDGE('',*,*,#3795,.F.) ;
#3808=ORIENTED_EDGE('',*,*,#3800,.T.) ;
#3809=ORIENTED_EDGE('',*,*,#3680,.T.) ;
#3810=ORIENTED_EDGE('',*,*,#3805,.F.) ;
#3819=ORIENTED_EDGE('',*,*,#3817,.F.) ;
#3820=ORIENTED_EDGE('',*,*,#3805,.T.) ;
#3821=ORIENTED_EDGE('',*,*,#3685,.T.) ;
#3822=ORIENTED_EDGE('',*,*,#3800,.F.) ;
#3831=ORIENTED_EDGE('',*,*,#3054,.T.) ;
#3832=ORIENTED_EDGE('',*,*,#2487,.T.) ;
#3833=ORIENTED_EDGE('',*,*,#2458,.T.) ;
#3834=ORIENTED_EDGE('',*,*,#2390,.T.) ;
#3835=ORIENTED_EDGE('',*,*,#2558,.T.) ;
#3836=ORIENTED_EDGE('',*,*,#2691,.F.) ;
#3837=ORIENTED_EDGE('',*,*,#2705,.F.) ;
#3838=ORIENTED_EDGE('',*,*,#2005,.F.) ;
#3839=ORIENTED_EDGE('',*,*,#1427,.F.) ;
#3840=ORIENTED_EDGE('',*,*,#990,.T.) ;
#3857=ORIENTED_EDGE('',*,*,#3850,.T.) ;
#3858=ORIENTED_EDGE('',*,*,#3855,.T.) ;
#3861=ORIENTED_EDGE('',*,*,#3757,.T.) ;
#3862=ORIENTED_EDGE('',*,*,#3774,.T.) ;
#3865=ORIENTED_EDGE('',*,*,#3511,.F.) ;
#3866=ORIENTED_EDGE('',*,*,#804,.T.) ;
#3867=ORIENTED_EDGE('',*,*,#3528,.T.) ;
#3868=ORIENTED_EDGE('',*,*,#3494,.T.) ;
#3871=ORIENTED_EDGE('',*,*,#864,.F.) ;
#3872=ORIENTED_EDGE('',*,*,#840,.F.) ;
#3873=ORIENTED_EDGE('',*,*,#3468,.F.) ;
#3874=ORIENTED_EDGE('',*,*,#888,.T.) ;
#3893=ORIENTED_EDGE('',*,*,#3886,.T.) ;
#3894=ORIENTED_EDGE('',*,*,#3817,.T.) ;
#3895=ORIENTED_EDGE('',*,*,#3891,.F.) ;
#3896=ORIENTED_EDGE('',*,*,#3850,.F.) ;
#3905=ORIENTED_EDGE('',*,*,#3891,.T.) ;
#3906=ORIENTED_EDGE('',*,*,#3795,.T.) ;
#3907=ORIENTED_EDGE('',*,*,#3886,.F.) ;
#3908=ORIENTED_EDGE('',*,*,#3855,.F.) ;
#3943=ORIENTED_EDGE('',*,*,#3922,.F.) ;
#3944=ORIENTED_EDGE('',*,*,#295,.T.) ;
#3945=ORIENTED_EDGE('',*,*,#222,.T.) ;
#3946=ORIENTED_EDGE('',*,*,#3929,.F.) ;
#3947=ORIENTED_EDGE('',*,*,#3936,.T.) ;
#3948=ORIENTED_EDGE('',*,*,#3941,.F.) ;
#3978=ORIENTED_EDGE('',*,*,#3957,.F.) ;
#3979=ORIENTED_EDGE('',*,*,#692,.F.) ;
#3980=ORIENTED_EDGE('',*,*,#340,.T.) ;
#3981=ORIENTED_EDGE('',*,*,#3964,.T.) ;
#3982=ORIENTED_EDGE('',*,*,#3971,.T.) ;
#3983=ORIENTED_EDGE('',*,*,#3976,.F.) ;
#4014=ORIENTED_EDGE('',*,*,#3999,.T.) ;
#4015=ORIENTED_EDGE('',*,*,#4007,.T.) ;
#4016=ORIENTED_EDGE('',*,*,#768,.F.) ;
#4017=ORIENTED_EDGE('',*,*,#404,.T.) ;
#4018=ORIENTED_EDGE('',*,*,#4012,.T.) ;
#4049=ORIENTED_EDGE('',*,*,#4034,.T.) ;
#4050=ORIENTED_EDGE('',*,*,#4039,.F.) ;
#4051=ORIENTED_EDGE('',*,*,#432,.T.) ;
#4052=ORIENTED_EDGE('',*,*,#761,.T.) ;
#4053=ORIENTED_EDGE('',*,*,#4047,.F.) ;
#4127=ORIENTED_EDGE('',*,*,#4072,.T.) ;
#4128=ORIENTED_EDGE('',*,*,#4081,.F.) ;
#4129=ORIENTED_EDGE('',*,*,#4086,.T.) ;
#4130=ORIENTED_EDGE('',*,*,#1259,.F.) ;
#4131=ORIENTED_EDGE('',*,*,#1627,.F.) ;
#4132=ORIENTED_EDGE('',*,*,#1619,.F.) ;
#4133=ORIENTED_EDGE('',*,*,#1641,.T.) ;
#4134=ORIENTED_EDGE('',*,*,#2967,.T.) ;
#4135=ORIENTED_EDGE('',*,*,#4093,.F.) ;
#4136=ORIENTED_EDGE('',*,*,#4102,.T.) ;
#4137=ORIENTED_EDGE('',*,*,#4109,.F.) ;
#4138=ORIENTED_EDGE('',*,*,#4117,.T.) ;
#4139=ORIENTED_EDGE('',*,*,#3604,.T.) ;
#4140=ORIENTED_EDGE('',*,*,#4125,.F.) ;
#4168=ORIENTED_EDGE('',*,*,#4149,.F.) ;
#4169=ORIENTED_EDGE('',*,*,#699,.T.) ;
#4170=ORIENTED_EDGE('',*,*,#3957,.T.) ;
#4171=ORIENTED_EDGE('',*,*,#4154,.F.) ;
#4172=ORIENTED_EDGE('',*,*,#4093,.T.) ;
#4173=ORIENTED_EDGE('',*,*,#2953,.F.) ;
#4174=ORIENTED_EDGE('',*,*,#2899,.F.) ;
#4175=ORIENTED_EDGE('',*,*,#1770,.T.) ;
#4176=ORIENTED_EDGE('',*,*,#2861,.F.) ;
#4177=ORIENTED_EDGE('',*,*,#1795,.T.) ;
#4178=ORIENTED_EDGE('',*,*,#1733,.T.) ;
#4179=ORIENTED_EDGE('',*,*,#3222,.T.) ;
#4180=ORIENTED_EDGE('',*,*,#4161,.F.) ;
#4181=ORIENTED_EDGE('',*,*,#4166,.F.) ;
#4228=ORIENTED_EDGE('',*,*,#4047,.T.) ;
#4229=ORIENTED_EDGE('',*,*,#782,.F.) ;
#4230=ORIENTED_EDGE('',*,*,#4007,.F.) ;
#4231=ORIENTED_EDGE('',*,*,#4198,.T.) ;
#4232=ORIENTED_EDGE('',*,*,#4205,.F.) ;
#4233=ORIENTED_EDGE('',*,*,#4161,.T.) ;
#4234=ORIENTED_EDGE('',*,*,#3218,.F.) ;
#4235=ORIENTED_EDGE('',*,*,#3140,.F.) ;
#4236=ORIENTED_EDGE('',*,*,#3168,.T.) ;
#4237=ORIENTED_EDGE('',*,*,#3160,.T.) ;
#4238=ORIENTED_EDGE('',*,*,#3452,.T.) ;
#4239=ORIENTED_EDGE('',*,*,#4212,.F.) ;
#4240=ORIENTED_EDGE('',*,*,#4221,.T.) ;
#4241=ORIENTED_EDGE('',*,*,#4226,.F.) ;
#4262=ORIENTED_EDGE('',*,*,#4255,.T.) ;
#4263=ORIENTED_EDGE('',*,*,#4260,.F.) ;
#4264=ORIENTED_EDGE('',*,*,#4012,.F.) ;
#4265=ORIENTED_EDGE('',*,*,#394,.F.) ;
#4266=ORIENTED_EDGE('',*,*,#704,.T.) ;
#4267=ORIENTED_EDGE('',*,*,#4149,.T.) ;
#4281=ORIENTED_EDGE('',*,*,#4279,.T.) ;
#4282=ORIENTED_EDGE('',*,*,#3964,.F.) ;
#4283=ORIENTED_EDGE('',*,*,#333,.F.) ;
#4284=ORIENTED_EDGE('',*,*,#3609,.T.) ;
#4285=ORIENTED_EDGE('',*,*,#4117,.F.) ;
#4299=ORIENTED_EDGE('',*,*,#4297,.T.) ;
#4300=ORIENTED_EDGE('',*,*,#4125,.T.) ;
#4301=ORIENTED_EDGE('',*,*,#3614,.F.) ;
#4302=ORIENTED_EDGE('',*,*,#305,.F.) ;
#4303=ORIENTED_EDGE('',*,*,#3922,.T.) ;
#4312=ORIENTED_EDGE('',*,*,#3929,.T.) ;
#4313=ORIENTED_EDGE('',*,*,#215,.F.) ;
#4314=ORIENTED_EDGE('',*,*,#3632,.F.) ;
#4315=ORIENTED_EDGE('',*,*,#1105,.F.) ;
#4316=ORIENTED_EDGE('',*,*,#1276,.T.) ;
#4317=ORIENTED_EDGE('',*,*,#1187,.T.) ;
#4318=ORIENTED_EDGE('',*,*,#1239,.T.) ;
#4319=ORIENTED_EDGE('',*,*,#4086,.F.) ;
#4320=ORIENTED_EDGE('',*,*,#4310,.F.) ;
#4336=ORIENTED_EDGE('',*,*,#4212,.T.) ;
#4337=ORIENTED_EDGE('',*,*,#3456,.F.) ;
#4338=ORIENTED_EDGE('',*,*,#3388,.F.) ;
#4339=ORIENTED_EDGE('',*,*,#928,.T.) ;
#4340=ORIENTED_EDGE('',*,*,#3346,.F.) ;
#4341=ORIENTED_EDGE('',*,*,#549,.T.) ;
#4342=ORIENTED_EDGE('',*,*,#148,.F.) ;
#4343=ORIENTED_EDGE('',*,*,#4329,.F.) ;
#4344=ORIENTED_EDGE('',*,*,#4334,.F.) ;
#4360=ORIENTED_EDGE('',*,*,#4353,.T.) ;
#4361=ORIENTED_EDGE('',*,*,#4358,.F.) ;
#4362=ORIENTED_EDGE('',*,*,#4329,.T.) ;
#4363=ORIENTED_EDGE('',*,*,#141,.F.) ;
#4364=ORIENTED_EDGE('',*,*,#437,.F.) ;
#4365=ORIENTED_EDGE('',*,*,#4039,.T.) ;
#4379=ORIENTED_EDGE('',*,*,#4377,.T.) ;
#4380=ORIENTED_EDGE('',*,*,#3971,.F.) ;
#4381=ORIENTED_EDGE('',*,*,#4279,.F.) ;
#4382=ORIENTED_EDGE('',*,*,#4109,.T.) ;
#4391=ORIENTED_EDGE('',*,*,#4377,.F.) ;
#4392=ORIENTED_EDGE('',*,*,#4102,.F.) ;
#4393=ORIENTED_EDGE('',*,*,#4154,.T.) ;
#4394=ORIENTED_EDGE('',*,*,#3976,.T.) ;
#4403=ORIENTED_EDGE('',*,*,#4401,.T.) ;
#4404=ORIENTED_EDGE('',*,*,#4072,.F.) ;
#4405=ORIENTED_EDGE('',*,*,#4297,.F.) ;
#4406=ORIENTED_EDGE('',*,*,#3941,.T.) ;
#4415=ORIENTED_EDGE('',*,*,#4401,.F.) ;
#4416=ORIENTED_EDGE('',*,*,#3936,.F.) ;
#4417=ORIENTED_EDGE('',*,*,#4310,.T.) ;
#4418=ORIENTED_EDGE('',*,*,#4081,.T.) ;
#4427=ORIENTED_EDGE('',*,*,#4425,.T.) ;
#4428=ORIENTED_EDGE('',*,*,#4353,.F.) ;
#4429=ORIENTED_EDGE('',*,*,#4034,.F.) ;
#4430=ORIENTED_EDGE('',*,*,#4226,.T.) ;
#4439=ORIENTED_EDGE('',*,*,#4425,.F.) ;
#4440=ORIENTED_EDGE('',*,*,#4221,.F.) ;
#4441=ORIENTED_EDGE('',*,*,#4334,.T.) ;
#4442=ORIENTED_EDGE('',*,*,#4358,.T.) ;
#4451=ORIENTED_EDGE('',*,*,#4449,.T.) ;
#4452=ORIENTED_EDGE('',*,*,#4198,.F.) ;
#4453=ORIENTED_EDGE('',*,*,#3999,.F.) ;
#4454=ORIENTED_EDGE('',*,*,#4260,.T.) ;
#4463=ORIENTED_EDGE('',*,*,#4449,.F.) ;
#4464=ORIENTED_EDGE('',*,*,#4255,.F.) ;
#4465=ORIENTED_EDGE('',*,*,#4166,.T.) ;
#4466=ORIENTED_EDGE('',*,*,#4205,.T.) ;
#495=FACE_BOUND('',#490,.T.) ;
#529=FACE_BOUND('',#524,.T.) ;
#748=FACE_BOUND('',#743,.T.) ;
#2598=FACE_BOUND('',#2593,.T.) ;
#3340=FACE_BOUND('',#3337,.T.) ;
#3689=FACE_BOUND('',#3686,.T.) ;
#3859=FACE_BOUND('',#3856,.T.) ;
#3863=FACE_BOUND('',#3860,.T.) ;
#3869=FACE_BOUND('',#3864,.T.) ;
#3875=FACE_BOUND('',#3870,.T.) ;
#51=CLOSED_SHELL('Closed Shell',(#91,#122,#261,#283,#530,#561,#585,#616,#635,#661,#749,#790,#821,#852,#876,#900,#941,#1053,#1116,#1208,#1266,#1288,#1361,#1415,#1464,#1532,#1588,#1650,#1742,#1783,#1814,#1840,#1859,#1993,#2017,#2047,#2103,#2179,#2275,#2291,#2351,#2371,#2427,#2446,#2480,#2509,#2541,#2599,#2610,#2656,#2667,#2674,#2700,#2712,#2723,#2730,#2790,#2803,#2851,#2868,#2922,#2974,#3003,#3027,#3044,#3063,#3080,#3092,#3109,#3177,#3229,#3251,#3268,#3285,#3297,#3341,#3357,#3411,#3463,#3475,#3501,#3518,#3535,#3552,#3569,#3581,#3622,#3639,#3652,#3665,#3690,#3721,#3733,#3764,#3781,#3812,#3824,#3876,#3898,#3910,#3950,#3985,#4020,#4055,#4142,#4183,#4243,#4269,#4287,#4305,#4322,#4346,#4367,#4384,#4396,#4408,#4420,#4432,#4444,#4456,#4468)) ;
#59=VECTOR('Line Direction',#58,1.) ;
#75=VECTOR('Line Direction',#74,1.) ;
#99=VECTOR('Line Direction',#98,1.) ;
#106=VECTOR('Line Direction',#105,1.) ;
#113=VECTOR('Line Direction',#112,1.) ;
#130=VECTOR('Line Direction',#129,1.) ;
#137=VECTOR('Line Direction',#136,1.) ;
#144=VECTOR('Line Direction',#143,1.) ;
#157=VECTOR('Line Direction',#156,1.) ;
#174=VECTOR('Line Direction',#173,1.) ;
#181=VECTOR('Line Direction',#180,1.) ;
#198=VECTOR('Line Direction',#197,1.) ;
#211=VECTOR('Line Direction',#210,1.) ;
#218=VECTOR('Line Direction',#217,1.) ;
#225=VECTOR('Line Direction',#224,1.) ;
#232=VECTOR('Line Direction',#231,1.) ;
#239=VECTOR('Line Direction',#238,1.) ;
#269=VECTOR('Line Direction',#268,1.) ;
#274=VECTOR('Line Direction',#273,1.) ;
#291=VECTOR('Line Direction',#290,1.) ;
#336=VECTOR('Line Direction',#335,1.) ;
#343=VECTOR('Line Direction',#342,1.) ;
#350=VECTOR('Line Direction',#349,1.) ;
#376=VECTOR('Line Direction',#375,1.) ;
#383=VECTOR('Line Direction',#382,1.) ;
#390=VECTOR('Line Direction',#389,1.) ;
#435=VECTOR('Line Direction',#434,1.) ;
#464=VECTOR('Line Direction',#463,1.) ;
#473=VECTOR('Line Direction',#472,1.) ;
#480=VECTOR('Line Direction',#479,1.) ;
#487=VECTOR('Line Direction',#486,1.) ;
#498=VECTOR('Line Direction',#497,1.) ;
#507=VECTOR('Line Direction',#506,1.) ;
#514=VECTOR('Line Direction',#513,1.) ;
#521=VECTOR('Line Direction',#520,1.) ;
#538=VECTOR('Line Direction',#537,1.) ;
#545=VECTOR('Line Direction',#544,1.) ;
#552=VECTOR('Line Direction',#551,1.) ;
#569=VECTOR('Line Direction',#568,1.) ;
#576=VECTOR('Line Direction',#575,1.) ;
#593=VECTOR('Line Direction',#592,1.) ;
#600=VECTOR('Line Direction',#599,1.) ;
#607=VECTOR('Line Direction',#606,1.) ;
#619=VECTOR('Line Direction',#618,1.) ;
#626=VECTOR('Line Direction',#625,1.) ;
#638=VECTOR('Line Direction',#637,1.) ;
#645=VECTOR('Line Direction',#644,1.) ;
#652=VECTOR('Line Direction',#651,1.) ;
#669=VECTOR('Line Direction',#668,1.) ;
#676=VECTOR('Line Direction',#675,1.) ;
#683=VECTOR('Line Direction',#682,1.) ;
#688=VECTOR('Line Direction',#687,1.) ;
#695=VECTOR('Line Direction',#694,1.) ;
#702=VECTOR('Line Direction',#701,1.) ;
#717=VECTOR('Line Direction',#716,1.) ;
#726=VECTOR('Line Direction',#725,1.) ;
#733=VECTOR('Line Direction',#732,1.) ;
#740=VECTOR('Line Direction',#739,1.) ;
#757=VECTOR('Line Direction',#756,1.) ;
#764=VECTOR('Line Direction',#763,1.) ;
#798=VECTOR('Line Direction',#797,1.) ;
#807=VECTOR('Line Direction',#806,1.) ;
#812=VECTOR('Line Direction',#811,1.) ;
#829=VECTOR('Line Direction',#828,1.) ;
#836=VECTOR('Line Direction',#835,1.) ;
#843=VECTOR('Line Direction',#842,1.) ;
#860=VECTOR('Line Direction',#859,1.) ;
#867=VECTOR('Line Direction',#866,1.) ;
#884=VECTOR('Line Direction',#883,1.) ;
#891=VECTOR('Line Direction',#890,1.) ;
#917=VECTOR('Line Direction',#916,1.) ;
#949=VECTOR('Line Direction',#948,1.) ;
#958=VECTOR('Line Direction',#957,1.) ;
#965=VECTOR('Line Direction',#964,1.) ;
#972=VECTOR('Line Direction',#971,1.) ;
#979=VECTOR('Line Direction',#978,1.) ;
#986=VECTOR('Line Direction',#985,1.) ;
#993=VECTOR('Line Direction',#992,1.) ;
#1000=VECTOR('Line Direction',#999,1.) ;
#1007=VECTOR('Line Direction',#1006,1.) ;
#1014=VECTOR('Line Direction',#1013,1.) ;
#1021=VECTOR('Line Direction',#1020,1.) ;
#1061=VECTOR('Line Direction',#1060,1.) ;
#1068=VECTOR('Line Direction',#1067,1.) ;
#1075=VECTOR('Line Direction',#1074,1.) ;
#1082=VECTOR('Line Direction',#1081,1.) ;
#1089=VECTOR('Line Direction',#1088,1.) ;
#1096=VECTOR('Line Direction',#1095,1.) ;
#1103=VECTOR('Line Direction',#1102,1.) ;
#1296=VECTOR('Line Direction',#1295,1.) ;
#1303=VECTOR('Line Direction',#1302,1.) ;
#1327=VECTOR('Line Direction',#1326,1.) ;
#1334=VECTOR('Line Direction',#1333,1.) ;
#1346=VECTOR('Line Direction',#1345,1.) ;
#1371=VECTOR('Line Direction',#1370,1.) ;
#1378=VECTOR('Line Direction',#1377,1.) ;
#1400=VECTOR('Line Direction',#1399,1.) ;
#1430=VECTOR('Line Direction',#1429,1.) ;
#1453=VECTOR('Line Direction',#1452,1.) ;
#1759=VECTOR('Line Direction',#1758,1.) ;
#1798=VECTOR('Line Direction',#1797,1.) ;
#1822=VECTOR('Line Direction',#1821,1.) ;
#1866=VECTOR('Extrusion Surface Vector',#1865,1.) ;
#1928=VECTOR('Line Direction',#1927,1.) ;
#1965=VECTOR('Line Direction',#1964,1.) ;
#2008=VECTOR('Line Direction',#2007,1.) ;
#2189=VECTOR('Line Direction',#2188,1.) ;
#2194=VECTOR('Line Direction',#2193,1.) ;
#2216=VECTOR('Line Direction',#2215,1.) ;
#2230=VECTOR('Line Direction',#2229,1.) ;
#2244=VECTOR('Line Direction',#2243,1.) ;
#2283=VECTOR('Line Direction',#2282,1.) ;
#2379=VECTOR('Line Direction',#2378,1.) ;
#2393=VECTOR('Line Direction',#2392,1.) ;
#2416=VECTOR('Line Direction',#2415,1.) ;
#2461=VECTOR('Line Direction',#2460,1.) ;
#2490=VECTOR('Line Direction',#2489,1.) ;
#2517=VECTOR('Line Direction',#2516,1.) ;
#2526=VECTOR('Line Direction',#2525,1.) ;
#2549=VECTOR('Line Direction',#2548,1.) ;
#2556=VECTOR('Line Direction',#2555,1.) ;
#2567=VECTOR('Line Direction',#2566,1.) ;
#2576=VECTOR('Line Direction',#2575,1.) ;
#2583=VECTOR('Line Direction',#2582,1.) ;
#2590=VECTOR('Line Direction',#2589,1.) ;
#2602=VECTOR('Line Direction',#2601,1.) ;
#2682=VECTOR('Line Direction',#2681,1.) ;
#2737=VECTOR('Extrusion Surface Vector',#2736,1.) ;
#2859=VECTOR('Line Direction',#2858,1.) ;
#2982=VECTOR('Line Direction',#2981,1.) ;
#2989=VECTOR('Line Direction',#2988,1.) ;
#2994=VECTOR('Line Direction',#2993,1.) ;
#3011=VECTOR('Line Direction',#3010,1.) ;
#3018=VECTOR('Line Direction',#3017,1.) ;
#3035=VECTOR('Line Direction',#3034,1.) ;
#3071=VECTOR('Line Direction',#3070,1.) ;
#3083=VECTOR('Line Direction',#3082,1.) ;
#3100=VECTOR('Line Direction',#3099,1.) ;
#3237=VECTOR('Line Direction',#3236,1.) ;
#3242=VECTOR('Line Direction',#3241,1.) ;
#3259=VECTOR('Line Direction',#3258,1.) ;
#3276=VECTOR('Line Direction',#3275,1.) ;
#3309=VECTOR('Line Direction',#3308,1.) ;
#3314=VECTOR('Line Direction',#3313,1.) ;
#3344=VECTOR('Line Direction',#3343,1.) ;
#3466=VECTOR('Line Direction',#3465,1.) ;
#3478=VECTOR('Line Direction',#3477,1.) ;
#3485=VECTOR('Line Direction',#3484,1.) ;
#3492=VECTOR('Line Direction',#3491,1.) ;
#3509=VECTOR('Line Direction',#3508,1.) ;
#3526=VECTOR('Line Direction',#3525,1.) ;
#3543=VECTOR('Line Direction',#3542,1.) ;
#3560=VECTOR('Line Direction',#3559,1.) ;
#3607=VECTOR('Line Direction',#3606,1.) ;
#3612=VECTOR('Line Direction',#3611,1.) ;
#3630=VECTOR('Line Direction',#3629,1.) ;
#3707=VECTOR('Line Direction',#3706,1.) ;
#3712=VECTOR('Line Direction',#3711,1.) ;
#3741=VECTOR('Line Direction',#3740,1.) ;
#3748=VECTOR('Line Direction',#3747,1.) ;
#3798=VECTOR('Line Direction',#3797,1.) ;
#3803=VECTOR('Line Direction',#3802,1.) ;
#3884=VECTOR('Line Direction',#3883,1.) ;
#3889=VECTOR('Line Direction',#3888,1.) ;
#3918=VECTOR('Line Direction',#3917,1.) ;
#3925=VECTOR('Line Direction',#3924,1.) ;
#3932=VECTOR('Line Direction',#3931,1.) ;
#3939=VECTOR('Line Direction',#3938,1.) ;
#3953=VECTOR('Line Direction',#3952,1.) ;
#3960=VECTOR('Line Direction',#3959,1.) ;
#3967=VECTOR('Line Direction',#3966,1.) ;
#3974=VECTOR('Line Direction',#3973,1.) ;
#4010=VECTOR('Line Direction',#4009,1.) ;
#4037=VECTOR('Line Direction',#4036,1.) ;
#4062=VECTOR('Extrusion Surface Vector',#4061,1.) ;
#4066=VECTOR('Line Direction',#4065,1.) ;
#4084=VECTOR('Line Direction',#4083,1.) ;
#4089=VECTOR('Line Direction',#4088,1.) ;
#4105=VECTOR('Line Direction',#4104,1.) ;
#4145=VECTOR('Line Direction',#4144,1.) ;
#4157=VECTOR('Line Direction',#4156,1.) ;
#4190=VECTOR('Extrusion Surface Vector',#4189,1.) ;
#4194=VECTOR('Line Direction',#4193,1.) ;
#4208=VECTOR('Line Direction',#4207,1.) ;
#4224=VECTOR('Line Direction',#4223,1.) ;
#4251=VECTOR('Line Direction',#4250,1.) ;
#4258=VECTOR('Line Direction',#4257,1.) ;
#4325=VECTOR('Line Direction',#4324,1.) ;
#4349=VECTOR('Line Direction',#4348,1.) ;
#4356=VECTOR('Line Direction',#4355,1.) ;
#4470=ADVANCED_BREP_SHAPE_REPRESENTATION('NONE',(#4469),#46) ;
#49=SHAPE_REPRESENTATION(' ',(#48),#46) ;
#91=ADVANCED_FACE('PartBody',(#90),#56,.T.) ;
#122=ADVANCED_FACE('PartBody',(#121),#96,.T.) ;
#261=ADVANCED_FACE('PartBody',(#260),#127,.T.) ;
#283=ADVANCED_FACE('PartBody',(#282),#266,.T.) ;
#530=ADVANCED_FACE('PartBody',(#461,#495,#529),#288,.T.) ;
#561=ADVANCED_FACE('PartBody',(#560),#535,.T.) ;
#585=ADVANCED_FACE('PartBody',(#584),#566,.T.) ;
#616=ADVANCED_FACE('PartBody',(#615),#590,.T.) ;
#635=ADVANCED_FACE('PartBody',(#634),#590,.T.) ;
#661=ADVANCED_FACE('PartBody',(#660),#566,.T.) ;
#749=ADVANCED_FACE('PartBody',(#714,#748),#666,.F.) ;
#790=ADVANCED_FACE('PartBody',(#789),#754,.T.) ;
#821=ADVANCED_FACE('PartBody',(#820),#795,.F.) ;
#852=ADVANCED_FACE('PartBody',(#851),#826,.F.) ;
#876=ADVANCED_FACE('PartBody',(#875),#857,.T.) ;
#900=ADVANCED_FACE('PartBody',(#899),#881,.T.) ;
#941=ADVANCED_FACE('PartBody',(#940),#905,.T.) ;
#1053=ADVANCED_FACE('PartBody',(#1052),#946,.F.) ;
#1116=ADVANCED_FACE('PartBody',(#1115),#1058,.T.) ;
#1208=ADVANCED_FACE('PartBody',(#1207),#1117,.T.) ;
#1266=ADVANCED_FACE('PartBody',(#1265),#1209,.T.) ;
#1288=ADVANCED_FACE('PartBody',(#1287),#1271,.T.) ;
#1361=ADVANCED_FACE('PartBody',(#1360),#1293,.T.) ;
#1415=ADVANCED_FACE('PartBody',(#1414),#1293,.T.) ;
#1464=ADVANCED_FACE('PartBody',(#1463),#1420,.T.) ;
#1532=ADVANCED_FACE('PartBody',(#1531),#1465,.T.) ;
#1588=ADVANCED_FACE('PartBody',(#1587),#1533,.T.) ;
#1650=ADVANCED_FACE('PartBody',(#1649),#1589,.T.) ;
#1742=ADVANCED_FACE('PartBody',(#1741),#1651,.F.) ;
#1783=ADVANCED_FACE('PartBody',(#1782),#1747,.T.) ;
#1814=ADVANCED_FACE('PartBody',(#1813),#1788,.T.) ;
#1840=ADVANCED_FACE('PartBody',(#1839),#1819,.T.) ;
#1859=ADVANCED_FACE('PartBody',(#1858),#1845,.T.) ;
#1993=ADVANCED_FACE('PartBody',(#1992),#1867,.T.) ;
#2017=ADVANCED_FACE('PartBody',(#2016),#1998,.F.) ;
#2047=ADVANCED_FACE('PartBody',(#2046),#2018,.T.) ;
#2103=ADVANCED_FACE('PartBody',(#2102),#2048,.F.) ;
#2179=ADVANCED_FACE('PartBody',(#2178),#2104,.F.) ;
#2275=ADVANCED_FACE('PartBody',(#2274),#1293,.T.) ;
#2291=ADVANCED_FACE('PartBody',(#2290),#2280,.T.) ;
#2351=ADVANCED_FACE('PartBody',(#2350),#2292,.T.) ;
#2371=ADVANCED_FACE('PartBody',(#2370),#1788,.T.) ;
#2427=ADVANCED_FACE('PartBody',(#2426),#2376,.T.) ;
#2446=ADVANCED_FACE('PartBody',(#2445),#2432,.T.) ;
#2480=ADVANCED_FACE('PartBody',(#2479),#2451,.F.) ;
#2509=ADVANCED_FACE('PartBody',(#2508),#2451,.F.) ;
#2541=ADVANCED_FACE('PartBody',(#2540),#2514,.T.) ;
#2599=ADVANCED_FACE('PartBody',(#2564,#2598),#2546,.T.) ;
#2610=ADVANCED_FACE('PartBody',(#2609),#2514,.T.) ;
#2656=ADVANCED_FACE('PartBody',(#2655),#2611,.F.) ;
#2667=ADVANCED_FACE('PartBody',(#2666),#2514,.T.) ;
#2674=ADVANCED_FACE('PartBody',(#2673),#1747,.T.) ;
#2700=ADVANCED_FACE('PartBody',(#2699),#2679,.T.) ;
#2712=ADVANCED_FACE('PartBody',(#2711),#1998,.F.) ;
#2723=ADVANCED_FACE('PartBody',(#2722),#2514,.T.) ;
#2730=ADVANCED_FACE('PartBody',(#2729),#1271,.T.) ;
#2790=ADVANCED_FACE('PartBody',(#2789),#2738,.F.) ;
#2803=ADVANCED_FACE('PartBody',(#2802),#905,.T.) ;
#2851=ADVANCED_FACE('PartBody',(#2850),#2804,.F.) ;
#2868=ADVANCED_FACE('PartBody',(#2867),#2856,.T.) ;
#2922=ADVANCED_FACE('PartBody',(#2921),#2869,.T.) ;
#2974=ADVANCED_FACE('PartBody',(#2973),#2923,.T.) ;
#3003=ADVANCED_FACE('PartBody',(#3002),#2979,.T.) ;
#3027=ADVANCED_FACE('PartBody',(#3026),#3008,.T.) ;
#3044=ADVANCED_FACE('PartBody',(#3043),#3032,.T.) ;
#3063=ADVANCED_FACE('PartBody',(#3062),#3049,.T.) ;
#3080=ADVANCED_FACE('PartBody',(#3079),#3068,.T.) ;
#3092=ADVANCED_FACE('PartBody',(#3091),#3008,.T.) ;
#3109=ADVANCED_FACE('PartBody',(#3108),#3097,.T.) ;
#3177=ADVANCED_FACE('PartBody',(#3176),#3110,.F.) ;
#3229=ADVANCED_FACE('PartBody',(#3228),#3178,.F.) ;
#3251=ADVANCED_FACE('PartBody',(#3250),#3234,.F.) ;
#3268=ADVANCED_FACE('PartBody',(#3267),#3256,.F.) ;
#3285=ADVANCED_FACE('PartBody',(#3284),#3273,.F.) ;
#3297=ADVANCED_FACE('PartBody',(#3296),#3290,.F.) ;
#3341=ADVANCED_FACE('PartBody',(#3322,#3340),#3008,.T.) ;
#3357=ADVANCED_FACE('PartBody',(#3356),#1058,.T.) ;
#3411=ADVANCED_FACE('PartBody',(#3410),#3358,.F.) ;
#3463=ADVANCED_FACE('PartBody',(#3462),#3412,.F.) ;
#3475=ADVANCED_FACE('PartBody',(#3474),#795,.F.) ;
#3501=ADVANCED_FACE('PartBody',(#3500),#857,.T.) ;
#3518=ADVANCED_FACE('PartBody',(#3517),#3506,.F.) ;
#3535=ADVANCED_FACE('PartBody',(#3534),#3523,.T.) ;
#3552=ADVANCED_FACE('PartBody',(#3551),#3540,.T.) ;
#3569=ADVANCED_FACE('PartBody',(#3568),#3557,.T.) ;
#3581=ADVANCED_FACE('PartBody',(#3580),#3574,.T.) ;
#3622=ADVANCED_FACE('PartBody',(#3621),#3586,.T.) ;
#3639=ADVANCED_FACE('PartBody',(#3638),#3627,.F.) ;
#3652=ADVANCED_FACE('PartBody',(#3651),#3644,.F.) ;
#3665=ADVANCED_FACE('PartBody',(#3664),#3657,.F.) ;
#3690=ADVANCED_FACE('PartBody',(#3671,#3689),#3008,.T.) ;
#3721=ADVANCED_FACE('PartBody',(#3720),#3695,.F.) ;
#3733=ADVANCED_FACE('PartBody',(#3732),#3695,.F.) ;
#3764=ADVANCED_FACE('PartBody',(#3763),#3738,.F.) ;
#3781=ADVANCED_FACE('PartBody',(#3780),#3769,.F.) ;
#3812=ADVANCED_FACE('PartBody',(#3811),#3786,.F.) ;
#3824=ADVANCED_FACE('PartBody',(#3823),#3786,.F.) ;
#3876=ADVANCED_FACE('PartBody',(#3841,#3859,#3863,#3869,#3875),#3829,.F.) ;
#3898=ADVANCED_FACE('PartBody',(#3897),#3881,.F.) ;
#3910=ADVANCED_FACE('PartBody',(#3909),#3903,.F.) ;
#3950=ADVANCED_FACE('PartBody',(#3949),#3915,.T.) ;
#3985=ADVANCED_FACE('PartBody',(#3984),#3915,.T.) ;
#4020=ADVANCED_FACE('PartBody',(#4019),#3990,.F.) ;
#4055=ADVANCED_FACE('PartBody',(#4054),#4025,.F.) ;
#4142=ADVANCED_FACE('PartBody',(#4141),#4063,.F.) ;
#4183=ADVANCED_FACE('PartBody',(#4182),#2514,.T.) ;
#4243=ADVANCED_FACE('PartBody',(#4242),#4191,.T.) ;
#4269=ADVANCED_FACE('PartBody',(#4268),#4248,.F.) ;
#4287=ADVANCED_FACE('PartBody',(#4286),#4274,.F.) ;
#4305=ADVANCED_FACE('PartBody',(#4304),#4292,.F.) ;
#4322=ADVANCED_FACE('PartBody',(#4321),#2514,.T.) ;
#4346=ADVANCED_FACE('PartBody',(#4345),#2514,.T.) ;
#4367=ADVANCED_FACE('PartBody',(#4366),#4248,.F.) ;
#4384=ADVANCED_FACE('PartBody',(#4383),#4372,.T.) ;
#4396=ADVANCED_FACE('PartBody',(#4395),#4389,.F.) ;
#4408=ADVANCED_FACE('PartBody',(#4407),#4372,.T.) ;
#4420=ADVANCED_FACE('PartBody',(#4419),#4413,.F.) ;
#4432=ADVANCED_FACE('PartBody',(#4431),#4372,.T.) ;
#4444=ADVANCED_FACE('PartBody',(#4443),#4437,.F.) ;
#4456=ADVANCED_FACE('PartBody',(#4455),#4372,.T.) ;
#4468=ADVANCED_FACE('PartBody',(#4467),#4461,.F.) ;
#4=APPLICATION_PROTOCOL_DEFINITION('international standard','config_control_design',1994,#1) ;
#32=APPROVAL_DATE_TIME(#13,#21) ;
#149=B_SPLINE_CURVE_WITH_KNOTS('',1,(#150,#151),.UNSPECIFIED.,.F.,.U.,(2,2),(-2.89913780286,2.89913780286),.UNSPECIFIED.) ;
#162=B_SPLINE_CURVE_WITH_KNOTS('',5,(#163,#164,#165,#166,#167,#168),.UNSPECIFIED.,.F.,.U.,(6,6),(17.6714586764,23.5619449019),.UNSPECIFIED.) ;
#186=B_SPLINE_CURVE_WITH_KNOTS('',5,(#187,#188,#189,#190,#191,#192),.UNSPECIFIED.,.F.,.U.,(6,6),(11.780972451,17.6714586764),.UNSPECIFIED.) ;
#203=B_SPLINE_CURVE_WITH_KNOTS('',1,(#204,#205),.UNSPECIFIED.,.F.,.U.,(2,2),(-2.89913780286,2.89913780286),.UNSPECIFIED.) ;
#296=B_SPLINE_CURVE_WITH_KNOTS('',5,(#297,#298,#299,#300,#301,#302),.UNSPECIFIED.,.F.,.U.,(6,6),(-7.06858087133,1.0159605465),.UNSPECIFIED.) ;
#306=B_SPLINE_CURVE_WITH_KNOTS('',4,(#307,#308,#309,#310,#311),.UNSPECIFIED.,.F.,.U.,(5,5),(47.1238898038,57.4021891353),.UNSPECIFIED.) ;
#315=B_SPLINE_CURVE_WITH_KNOTS('',4,(#316,#317,#318,#319,#320),.UNSPECIFIED.,.F.,.U.,(5,5),(36.8455904723,47.1238898038),.UNSPECIFIED.) ;
#324=B_SPLINE_CURVE_WITH_KNOTS('',5,(#325,#326,#327,#328,#329,#330),.UNSPECIFIED.,.F.,.U.,(6,6),(-1.0159605465,7.06858087133),.UNSPECIFIED.) ;
#355=B_SPLINE_CURVE_WITH_KNOTS('',5,(#356,#357,#358,#359,#360,#361,#362,#363,#364,#365,#366,#367,#368,#369,#370),.UNSPECIFIED.,.F.,.U.,(6,3,3,3,6),(5.47042974581,9.80379834348,14.1371669412,18.4705355388,22.8039041365),.UNSPECIFIED.) ;
#395=B_SPLINE_CURVE_WITH_KNOTS('',5,(#396,#397,#398,#399,#400,#401),.UNSPECIFIED.,.F.,.U.,(6,6),(7.06858087133,15.1531222892),.UNSPECIFIED.) ;
#405=B_SPLINE_CURVE_WITH_KNOTS('',4,(#406,#407,#408,#409,#410),.UNSPECIFIED.,.F.,.U.,(5,5),(1.42108547152E-014,10.2782993315),.UNSPECIFIED.) ;
#414=B_SPLINE_CURVE_WITH_KNOTS('',4,(#415,#416,#417,#418,#419),.UNSPECIFIED.,.F.,.U.,(5,5),(83.9694802762,94.2477796077),.UNSPECIFIED.) ;
#423=B_SPLINE_CURVE_WITH_KNOTS('',5,(#424,#425,#426,#427,#428,#429),.UNSPECIFIED.,.F.,.U.,(6,6),(13.1212011962,21.205742614),.UNSPECIFIED.) ;
#769=B_SPLINE_CURVE_WITH_KNOTS('',5,(#770,#771,#772,#773,#774,#775,#776,#777,#778,#779,#780,#781),.UNSPECIFIED.,.F.,.U.,(6,3,3,6),(0.,6.72162367393,16.2673654335,32.0228050195),.UNSPECIFIED.) ;
#929=B_SPLINE_CURVE_WITH_KNOTS('',3,(#930,#931,#932,#933),.UNSPECIFIED.,.F.,.U.,(4,4),(0.,1.3503940035),.UNSPECIFIED.) ;
#1142=B_SPLINE_CURVE_WITH_KNOTS('',5,(#1143,#1144,#1145,#1146,#1147,#1148,#1149,#1150,#1151,#1152,#1153,#1154),.UNSPECIFIED.,.F.,.U.,(6,3,3,6),(0.,4.44013552565,7.50227626035,8.72777564568),.UNSPECIFIED.) ;
#1160=B_SPLINE_CURVE_WITH_KNOTS('',1,(#1161,#1162),.UNSPECIFIED.,.F.,.U.,(2,2),(38.625,39.875),.UNSPECIFIED.) ;
#1166=B_SPLINE_CURVE_WITH_KNOTS('',5,(#1167,#1168,#1169,#1170,#1171,#1172,#1173,#1174,#1175,#1176,#1177,#1178),.UNSPECIFIED.,.F.,.U.,(6,3,3,6),(0.,4.44013552565,7.50227626035,9.61256794362),.UNSPECIFIED.) ;
#1182=B_SPLINE_CURVE_WITH_KNOTS('',1,(#1183,#1184),.UNSPECIFIED.,.F.,.U.,(2,2),(38.625,39.3928218903),.UNSPECIFIED.) ;
#1188=B_SPLINE_CURVE_WITH_KNOTS('',3,(#1189,#1190,#1191,#1192),.UNSPECIFIED.,.F.,.U.,(4,4),(0.,1.35039400349),.UNSPECIFIED.) ;
#1196=B_SPLINE_CURVE_WITH_KNOTS('',1,(#1197,#1198),.UNSPECIFIED.,.F.,.U.,(2,2),(39.4142669377,39.875),.UNSPECIFIED.) ;
#1234=B_SPLINE_CURVE_WITH_KNOTS('',1,(#1235,#1236),.UNSPECIFIED.,.F.,.U.,(2,2),(14.375,15.625),.UNSPECIFIED.) ;
#1240=B_SPLINE_CURVE_WITH_KNOTS('',1,(#1241,#1242),.UNSPECIFIED.,.F.,.U.,(2,2),(14.4007894642,15.625),.UNSPECIFIED.) ;
#1246=B_SPLINE_CURVE_WITH_KNOTS('',5,(#1247,#1248,#1249,#1250,#1251,#1252,#1253,#1254,#1255,#1256,#1257,#1258),.UNSPECIFIED.,.F.,.U.,(6,3,3,6),(0.,8.15511487918,12.6945450386,17.8894850908),.UNSPECIFIED.) ;
#1308=B_SPLINE_CURVE_WITH_KNOTS('',5,(#1309,#1310,#1311,#1312,#1313,#1314),.UNSPECIFIED.,.F.,.U.,(6,6),(0.221585762876,0.91080150256),.UNSPECIFIED.) ;
#1390=B_SPLINE_CURVE_WITH_KNOTS('',5,(#1391,#1392,#1393,#1394,#1395,#1396),.UNSPECIFIED.,.F.,.U.,(6,6),(0.221585762876,0.91080150256),.UNSPECIFIED.) ;
#1435=B_SPLINE_CURVE_WITH_KNOTS('',5,(#1436,#1437,#1438,#1439,#1440,#1441,#1442,#1443,#1444,#1445,#1446,#1447),.UNSPECIFIED.,.F.,.U.,(6,3,3,6),(0.,5.9804460305,10.9698570703,19.9214243582),.UNSPECIFIED.) ;
#1490=B_SPLINE_CURVE_WITH_KNOTS('',1,(#1491,#1492),.UNSPECIFIED.,.F.,.U.,(2,2),(-0.168713339419,-3.44169137634E-015),.UNSPECIFIED.) ;
#1498=B_SPLINE_CURVE_WITH_KNOTS('',5,(#1499,#1500,#1501,#1502,#1503,#1504,#1505,#1506,#1507,#1508,#1509,#1510),.UNSPECIFIED.,.F.,.U.,(6,3,3,6),(0.,5.50768667596,10.43597615,18.7567311914),.UNSPECIFIED.) ;
#1514=B_SPLINE_CURVE_WITH_KNOTS('',1,(#1515,#1516),.UNSPECIFIED.,.F.,.U.,(2,2),(-0.625,9.54791801178E-015),.UNSPECIFIED.) ;
#1518=B_SPLINE_CURVE_WITH_KNOTS('',3,(#1519,#1520,#1521,#1522),.UNSPECIFIED.,.F.,.U.,(4,4),(0.,1.42885518151),.UNSPECIFIED.) ;
#1552=B_SPLINE_CURVE_WITH_KNOTS('',1,(#1553,#1554),.UNSPECIFIED.,.F.,.U.,(2,2),(38.625,39.875),.UNSPECIFIED.) ;
#1560=B_SPLINE_CURVE_WITH_KNOTS('',5,(#1561,#1562,#1563,#1564,#1565,#1566,#1567,#1568,#1569),.UNSPECIFIED.,.F.,.U.,(6,3,6),(0.,12.4169760824,19.4255846935),.UNSPECIFIED.) ;
#1571=B_SPLINE_CURVE_WITH_KNOTS('',5,(#1572,#1573,#1574,#1575,#1576,#1577,#1578,#1579,#1580),.UNSPECIFIED.,.F.,.U.,(6,3,6),(0.,12.4169760824,19.4255846935),.UNSPECIFIED.) ;
#1608=B_SPLINE_CURVE_WITH_KNOTS('',5,(#1609,#1610,#1611,#1612,#1613,#1614),.UNSPECIFIED.,.F.,.U.,(6,6),(9.01770906381,10.1751012343),.UNSPECIFIED.) ;
#1620=B_SPLINE_CURVE_WITH_KNOTS('',5,(#1621,#1622,#1623,#1624,#1625,#1626),.UNSPECIFIED.,.F.,.U.,(6,6),(0.,13.8841280213),.UNSPECIFIED.) ;
#1628=B_SPLINE_CURVE_WITH_KNOTS('',1,(#1629,#1630),.UNSPECIFIED.,.F.,.U.,(2,2),(14.4007894642,15.625),.UNSPECIFIED.) ;
#1634=B_SPLINE_CURVE_WITH_KNOTS('',5,(#1635,#1636,#1637,#1638,#1639,#1640),.UNSPECIFIED.,.F.,.U.,(6,6),(0.,13.5310577507),.UNSPECIFIED.) ;
#1676=B_SPLINE_CURVE_WITH_KNOTS('',3,(#1677,#1678,#1679,#1680),.UNSPECIFIED.,.F.,.U.,(4,4),(0.,1.35048739003),.UNSPECIFIED.) ;
#1686=B_SPLINE_CURVE_WITH_KNOTS('',1,(#1687,#1688),.UNSPECIFIED.,.F.,.U.,(2,2),(39.4142440842,39.875),.UNSPECIFIED.) ;
#1692=B_SPLINE_CURVE_WITH_KNOTS('',5,(#1693,#1694,#1695,#1696,#1697,#1698,#1699,#1700,#1701,#1702,#1703,#1704),.UNSPECIFIED.,.F.,.U.,(6,3,3,6),(0.884940961313,2.07480375043,5.1266476418,9.61349267439),.UNSPECIFIED.) ;
#1708=B_SPLINE_CURVE_WITH_KNOTS('',1,(#1709,#1710),.UNSPECIFIED.,.F.,.U.,(2,2),(38.625,39.875),.UNSPECIFIED.) ;
#1714=B_SPLINE_CURVE_WITH_KNOTS('',5,(#1715,#1716,#1717,#1718,#1719,#1720,#1721,#1722,#1723,#1724,#1725,#1726),.UNSPECIFIED.,.F.,.U.,(6,3,3,6),(0.,2.07480375043,5.1266476418,9.61349267439),.UNSPECIFIED.) ;
#1730=B_SPLINE_CURVE_WITH_KNOTS('',1,(#1731,#1732),.UNSPECIFIED.,.F.,.U.,(2,2),(38.625,39.3928218903),.UNSPECIFIED.) ;
#1771=B_SPLINE_CURVE_WITH_KNOTS('',3,(#1772,#1773,#1774,#1775),.UNSPECIFIED.,.F.,.U.,(4,4),(0.,1.35048739003),.UNSPECIFIED.) ;
#1827=B_SPLINE_CURVE_WITH_KNOTS('',5,(#1828,#1829,#1830,#1831,#1832,#1833),.UNSPECIFIED.,.F.,.U.,(6,6),(0.,2.47217100699),.UNSPECIFIED.) ;
#1846=B_SPLINE_CURVE_WITH_KNOTS('',5,(#1847,#1848,#1849,#1850,#1851,#1852),.UNSPECIFIED.,.F.,.U.,(6,6),(0.,2.47217100699),.UNSPECIFIED.) ;
#1868=B_SPLINE_CURVE_WITH_KNOTS('',5,(#1869,#1870,#1871,#1872,#1873,#1874),.UNSPECIFIED.,.F.,.U.,(6,6),(13.4660597335,26.9308338743),.UNSPECIFIED.) ;
#1878=B_SPLINE_CURVE_WITH_KNOTS('',5,(#1879,#1880,#1881,#1882,#1883,#1884),.UNSPECIFIED.,.F.,.U.,(6,6),(0.,13.4660597335),.UNSPECIFIED.) ;
#1888=B_SPLINE_CURVE_WITH_KNOTS('',5,(#1889,#1890,#1891,#1892,#1893,#1894,#1895,#1896,#1897,#1898,#1899,#1900),.UNSPECIFIED.,.F.,.U.,(6,3,3,6),(0.,5.98044603061,10.9698570705,19.9214243579),.UNSPECIFIED.) ;
#1904=B_SPLINE_CURVE_WITH_KNOTS('',3,(#1905,#1906,#1907,#1908),.UNSPECIFIED.,.F.,.U.,(4,4),(0.,2.47217100708),.UNSPECIFIED.) ;
#1912=B_SPLINE_CURVE_WITH_KNOTS('',1,(#1913,#1914),.UNSPECIFIED.,.F.,.U.,(2,2),(0.252543252751,1.2051791314),.UNSPECIFIED.) ;
#1918=B_SPLINE_CURVE_WITH_KNOTS('',3,(#1919,#1920,#1921,#1922),.UNSPECIFIED.,.F.,.U.,(4,4),(0.,2.46788086183),.UNSPECIFIED.) ;
#1933=B_SPLINE_CURVE_WITH_KNOTS('',5,(#1934,#1935,#1936,#1937,#1938,#1939,#1940,#1941,#1942,#1943,#1944,#1945),.UNSPECIFIED.,.F.,.U.,(6,3,3,6),(0.,4.45667430767,10.4406756082,18.7622011545),.UNSPECIFIED.) ;
#1949=B_SPLINE_CURVE_WITH_KNOTS('',5,(#1950,#1951,#1952,#1953,#1954,#1955,#1956,#1957,#1958,#1959,#1960,#1961),.UNSPECIFIED.,.F.,.U.,(6,3,3,6),(0.,8.15203202087,16.2733664318,29.5460777436),.UNSPECIFIED.) ;
#1970=B_SPLINE_CURVE_WITH_KNOTS('',3,(#1971,#1972,#1973,#1974),.UNSPECIFIED.,.F.,.U.,(4,4),(0.,2.46788086183),.UNSPECIFIED.) ;
#2037=B_SPLINE_CURVE_WITH_KNOTS('',1,(#2038,#2039),.UNSPECIFIED.,.F.,.U.,(2,2),(-0.625,3.8635761257E-014),.UNSPECIFIED.) ;
#2067=B_SPLINE_CURVE_WITH_KNOTS('',5,(#2068,#2069,#2070,#2071,#2072,#2073,#2074,#2075,#2076),.UNSPECIFIED.,.F.,.U.,(6,3,6),(0.,12.4169760824,19.4255846935),.UNSPECIFIED.) ;
#2080=B_SPLINE_CURVE_WITH_KNOTS('',1,(#2081,#2082),.UNSPECIFIED.,.F.,.U.,(2,2),(38.625,39.875),.UNSPECIFIED.) ;
#2086=B_SPLINE_CURVE_WITH_KNOTS('',5,(#2087,#2088,#2089,#2090,#2091,#2092,#2093,#2094,#2095),.UNSPECIFIED.,.F.,.U.,(6,3,6),(0.,12.4169760824,19.4255846935),.UNSPECIFIED.) ;
#2129=B_SPLINE_CURVE_WITH_KNOTS('',3,(#2130,#2131,#2132,#2133),.UNSPECIFIED.,.F.,.U.,(4,4),(0.221540178295,0.910807380136),.UNSPECIFIED.) ;
#2137=B_SPLINE_CURVE_WITH_KNOTS('',3,(#2138,#2139,#2140,#2141),.UNSPECIFIED.,.F.,.U.,(4,4),(0.,1.42900998404),.UNSPECIFIED.) ;
#2145=B_SPLINE_CURVE_WITH_KNOTS('',1,(#2146,#2147),.UNSPECIFIED.,.F.,.U.,(2,2),(-0.168713339419,-7.88258347484E-015),.UNSPECIFIED.) ;
#2151=B_SPLINE_CURVE_WITH_KNOTS('',5,(#2152,#2153,#2154,#2155,#2156,#2157,#2158,#2159,#2160,#2161,#2162,#2163),.UNSPECIFIED.,.F.,.U.,(6,3,3,6),(0.,4.45667430767,10.4406756082,18.7622011545),.UNSPECIFIED.) ;
#2167=B_SPLINE_CURVE_WITH_KNOTS('',1,(#2168,#2169),.UNSPECIFIED.,.F.,.U.,(2,2),(-0.625,3.8635761257E-014),.UNSPECIFIED.) ;
#2199=B_SPLINE_CURVE_WITH_KNOTS('',5,(#2200,#2201,#2202,#2203,#2204,#2205),.UNSPECIFIED.,.F.,.U.,(6,6),(0.221540178295,0.910807380136),.UNSPECIFIED.) ;
#2249=B_SPLINE_CURVE_WITH_KNOTS('',5,(#2250,#2251,#2252,#2253,#2254,#2255),.UNSPECIFIED.,.F.,.U.,(6,6),(0.252543252751,1.2051791314),.UNSPECIFIED.) ;
#2317=B_SPLINE_CURVE_WITH_KNOTS('',5,(#2318,#2319,#2320,#2321,#2322,#2323,#2324,#2325,#2326,#2327,#2328,#2329),.UNSPECIFIED.,.F.,.U.,(6,3,3,6),(0.884940961313,2.07480375043,5.1266476418,9.61349267439),.UNSPECIFIED.) ;
#2331=B_SPLINE_CURVE_WITH_KNOTS('',1,(#2332,#2333),.UNSPECIFIED.,.F.,.U.,(2,2),(-0.168713339419,-7.88258347484E-015),.UNSPECIFIED.) ;
#2337=B_SPLINE_CURVE_WITH_KNOTS('',3,(#2338,#2339,#2340,#2341),.UNSPECIFIED.,.F.,.U.,(4,4),(0.,1.42900998402),.UNSPECIFIED.) ;
#2352=B_SPLINE_CURVE_WITH_KNOTS('',3,(#2353,#2354,#2355,#2356),.UNSPECIFIED.,.F.,.U.,(4,4),(0.,2.46788086183),.UNSPECIFIED.) ;
#2398=B_SPLINE_CURVE_WITH_KNOTS('',5,(#2399,#2400,#2401,#2402,#2403,#2404,#2405,#2406,#2407,#2408,#2409,#2410),.UNSPECIFIED.,.F.,.U.,(6,3,3,6),(0.,5.98044603061,10.9698570705,19.9214243579),.UNSPECIFIED.) ;
#2433=B_SPLINE_CURVE_WITH_KNOTS('',5,(#2434,#2435,#2436,#2437,#2438,#2439),.UNSPECIFIED.,.F.,.U.,(6,6),(0.,2.47217100708),.UNSPECIFIED.) ;
#2466=B_SPLINE_CURVE_WITH_KNOTS('',5,(#2467,#2468,#2469,#2470,#2471,#2472),.UNSPECIFIED.,.F.,.U.,(6,6),(0.,13.4660597335),.UNSPECIFIED.) ;
#2495=B_SPLINE_CURVE_WITH_KNOTS('',5,(#2496,#2497,#2498,#2499,#2500,#2501),.UNSPECIFIED.,.F.,.U.,(6,6),(13.4660597335,26.9308338743),.UNSPECIFIED.) ;
#2630=B_SPLINE_CURVE_WITH_KNOTS('',5,(#2631,#2632,#2633,#2634,#2635,#2636,#2637,#2638,#2639,#2640,#2641,#2642),.UNSPECIFIED.,.F.,.U.,(6,3,3,6),(0.,8.15203202087,16.2733664318,29.5460777436),.UNSPECIFIED.) ;
#2646=B_SPLINE_CURVE_WITH_KNOTS('',1,(#2647,#2648),.UNSPECIFIED.,.F.,.U.,(2,2),(-0.625,9.54791801178E-015),.UNSPECIFIED.) ;
#2739=B_SPLINE_CURVE_WITH_KNOTS('',3,(#2740,#2741,#2742,#2743),.UNSPECIFIED.,.F.,.U.,(4,4),(0.,2.46788086183),.UNSPECIFIED.) ;
#2745=B_SPLINE_CURVE_WITH_KNOTS('',5,(#2746,#2747,#2748,#2749,#2750,#2751,#2752,#2753,#2754,#2755,#2756,#2757),.UNSPECIFIED.,.F.,.U.,(6,3,3,6),(0.,5.50768667596,10.43597615,18.7567311914),.UNSPECIFIED.) ;
#2759=B_SPLINE_CURVE_WITH_KNOTS('',5,(#2760,#2761,#2762,#2763,#2764,#2765,#2766,#2767,#2768,#2769,#2770,#2771),.UNSPECIFIED.,.F.,.U.,(6,3,3,6),(0.,5.9804460305,10.9698570703,19.9214243582),.UNSPECIFIED.) ;
#2791=B_SPLINE_CURVE_WITH_KNOTS('',3,(#2792,#2793,#2794,#2795),.UNSPECIFIED.,.F.,.U.,(4,4),(0.,1.42885518152),.UNSPECIFIED.) ;
#2829=B_SPLINE_CURVE_WITH_KNOTS('',5,(#2830,#2831,#2832,#2833,#2834,#2835,#2836,#2837,#2838,#2839,#2840,#2841),.UNSPECIFIED.,.F.,.U.,(6,3,3,6),(0.,4.44013552565,7.50227626035,8.72777564568),.UNSPECIFIED.) ;
#2894=B_SPLINE_CURVE_WITH_KNOTS('',1,(#2895,#2896),.UNSPECIFIED.,.F.,.U.,(2,2),(38.625,39.3928218903),.UNSPECIFIED.) ;
#2900=B_SPLINE_CURVE_WITH_KNOTS('',5,(#2901,#2902,#2903,#2904,#2905,#2906,#2907,#2908,#2909,#2910,#2911,#2912),.UNSPECIFIED.,.F.,.U.,(6,3,3,6),(0.,2.07480375043,5.1266476418,9.61349267439),.UNSPECIFIED.) ;
#2948=B_SPLINE_CURVE_WITH_KNOTS('',1,(#2949,#2950),.UNSPECIFIED.,.F.,.U.,(2,2),(14.375,15.625),.UNSPECIFIED.) ;
#2954=B_SPLINE_CURVE_WITH_KNOTS('',5,(#2955,#2956,#2957,#2958,#2959,#2960,#2961,#2962,#2963,#2964,#2965,#2966),.UNSPECIFIED.,.F.,.U.,(6,3,3,6),(0.,8.15594119555,12.6959155696,17.890770493),.UNSPECIFIED.) ;
#3129=B_SPLINE_CURVE_WITH_KNOTS('',5,(#3130,#3131,#3132,#3133,#3134,#3135),.UNSPECIFIED.,.F.,.U.,(6,6),(0.,13.5310577507),.UNSPECIFIED.) ;
#3141=B_SPLINE_CURVE_WITH_KNOTS('',1,(#3142,#3143),.UNSPECIFIED.,.F.,.U.,(2,2),(14.4007894642,15.625),.UNSPECIFIED.) ;
#3145=B_SPLINE_CURVE_WITH_KNOTS('',1,(#3146,#3147),.UNSPECIFIED.,.F.,.U.,(2,2),(14.4007894642,15.625),.UNSPECIFIED.) ;
#3151=B_SPLINE_CURVE_WITH_KNOTS('',5,(#3152,#3153,#3154,#3155,#3156,#3157),.UNSPECIFIED.,.F.,.U.,(6,6),(0.,13.8841280213),.UNSPECIFIED.) ;
#3161=B_SPLINE_CURVE_WITH_KNOTS('',5,(#3162,#3163,#3164,#3165,#3166,#3167),.UNSPECIFIED.,.F.,.U.,(6,6),(9.01770906381,10.1751012343),.UNSPECIFIED.) ;
#3203=B_SPLINE_CURVE_WITH_KNOTS('',5,(#3204,#3205,#3206,#3207,#3208,#3209,#3210,#3211,#3212,#3213,#3214,#3215),.UNSPECIFIED.,.F.,.U.,(6,3,3,6),(0.,8.15594119555,12.6959155696,17.890770493),.UNSPECIFIED.) ;
#3219=B_SPLINE_CURVE_WITH_KNOTS('',1,(#3220,#3221),.UNSPECIFIED.,.F.,.U.,(2,2),(14.375,15.625),.UNSPECIFIED.) ;
#3383=B_SPLINE_CURVE_WITH_KNOTS('',1,(#3384,#3385),.UNSPECIFIED.,.F.,.U.,(2,2),(38.625,39.3928218903),.UNSPECIFIED.) ;
#3389=B_SPLINE_CURVE_WITH_KNOTS('',5,(#3390,#3391,#3392,#3393,#3394,#3395,#3396,#3397,#3398,#3399,#3400,#3401),.UNSPECIFIED.,.F.,.U.,(6,3,3,6),(0.,4.44013552565,7.50227626035,9.61256794362),.UNSPECIFIED.) ;
#3437=B_SPLINE_CURVE_WITH_KNOTS('',5,(#3438,#3439,#3440,#3441,#3442,#3443,#3444,#3445,#3446,#3447,#3448,#3449),.UNSPECIFIED.,.F.,.U.,(6,3,3,6),(0.,8.15511487918,12.6945450386,17.8894850908),.UNSPECIFIED.) ;
#3453=B_SPLINE_CURVE_WITH_KNOTS('',1,(#3454,#3455),.UNSPECIFIED.,.F.,.U.,(2,2),(14.375,15.625),.UNSPECIFIED.) ;
#3587=B_SPLINE_CURVE_WITH_KNOTS('',5,(#3588,#3589,#3590,#3591,#3592,#3593,#3594,#3595,#3596,#3597,#3598,#3599),.UNSPECIFIED.,.F.,.U.,(6,3,3,6),(0.,6.72162367393,16.2673654335,32.0228050195),.UNSPECIFIED.) ;
#4000=B_SPLINE_CURVE_WITH_KNOTS('',5,(#4001,#4002,#4003,#4004,#4005,#4006),.UNSPECIFIED.,.F.,.U.,(6,6),(5.31557396872,15.9532129429),.UNSPECIFIED.) ;
#4040=B_SPLINE_CURVE_WITH_KNOTS('',5,(#4041,#4042,#4043,#4044,#4045,#4046),.UNSPECIFIED.,.F.,.U.,(6,6),(5.31557396852,15.9532129427),.UNSPECIFIED.) ;
#4073=B_SPLINE_CURVE_WITH_KNOTS('',4,(#4074,#4075,#4076,#4077,#4078),.UNSPECIFIED.,.F.,.U.,(5,5),(0.,5.25668232762),.UNSPECIFIED.) ;
#4094=B_SPLINE_CURVE_WITH_KNOTS('',4,(#4095,#4096,#4097,#4098,#4099),.UNSPECIFIED.,.F.,.U.,(5,5),(0.,5.25668232771),.UNSPECIFIED.) ;
#4110=B_SPLINE_CURVE_WITH_KNOTS('',5,(#4111,#4112,#4113,#4114,#4115,#4116),.UNSPECIFIED.,.F.,.U.,(6,6),(5.31557489719,15.9532129429),.UNSPECIFIED.) ;
#4118=B_SPLINE_CURVE_WITH_KNOTS('',5,(#4119,#4120,#4121,#4122,#4123,#4124),.UNSPECIFIED.,.F.,.U.,(6,6),(5.31557489699,15.9532129427),.UNSPECIFIED.) ;
#4199=B_SPLINE_CURVE_WITH_KNOTS('',4,(#4200,#4201,#4202,#4203,#4204),.UNSPECIFIED.,.F.,.U.,(5,5),(0.,5.25668232771),.UNSPECIFIED.) ;
#4213=B_SPLINE_CURVE_WITH_KNOTS('',4,(#4214,#4215,#4216,#4217,#4218),.UNSPECIFIED.,.F.,.U.,(5,5),(0.,5.25668232763),.UNSPECIFIED.) ;
#1117=B_SPLINE_SURFACE_WITH_KNOTS('',5,1,((#1118,#1119),(#1120,#1121),(#1122,#1123),(#1124,#1125),(#1126,#1127),(#1128,#1129),(#1130,#1131),(#1132,#1133),(#1134,#1135),(#1136,#1137),(#1138,#1139),(#1140,#1141)),.UNSPECIFIED.,.F.,.F.,.U.,(6,3,3,6),(2,2),(0.,4.44013552565,7.50227626035,9.61256794362),(38.625,39.875),.UNSPECIFIED.) ;
#1209=B_SPLINE_SURFACE_WITH_KNOTS('',5,1,((#1210,#1211),(#1212,#1213),(#1214,#1215),(#1216,#1217),(#1218,#1219),(#1220,#1221),(#1222,#1223),(#1224,#1225),(#1226,#1227),(#1228,#1229),(#1230,#1231),(#1232,#1233)),.UNSPECIFIED.,.F.,.F.,.U.,(6,3,3,6),(2,2),(0.,4.44013552565,7.50227626035,9.61256794362),(14.375,15.625),.UNSPECIFIED.) ;
#1465=B_SPLINE_SURFACE_WITH_KNOTS('',5,1,((#1466,#1467),(#1468,#1469),(#1470,#1471),(#1472,#1473),(#1474,#1475),(#1476,#1477),(#1478,#1479),(#1480,#1481),(#1482,#1483),(#1484,#1485),(#1486,#1487),(#1488,#1489)),.UNSPECIFIED.,.F.,.F.,.U.,(6,3,3,6),(2,2),(0.,4.44013552565,7.50227626035,9.61256794362),(-0.625,0.625),.UNSPECIFIED.) ;
#1533=B_SPLINE_SURFACE_WITH_KNOTS('',5,1,((#1534,#1535),(#1536,#1537),(#1538,#1539),(#1540,#1541),(#1542,#1543),(#1544,#1545),(#1546,#1547),(#1548,#1549),(#1550,#1551)),.UNSPECIFIED.,.F.,.F.,.U.,(6,3,6),(2,2),(0.,12.4169760824,19.4255846935),(38.625,39.875),.UNSPECIFIED.) ;
#1589=B_SPLINE_SURFACE_WITH_KNOTS('',5,1,((#1590,#1591),(#1592,#1593),(#1594,#1595),(#1596,#1597),(#1598,#1599),(#1600,#1601),(#1602,#1603),(#1604,#1605),(#1606,#1607)),.UNSPECIFIED.,.F.,.F.,.U.,(6,3,6),(2,2),(0.,12.4169760824,19.4255846935),(14.375,15.625),.UNSPECIFIED.) ;
#1651=B_SPLINE_SURFACE_WITH_KNOTS('',5,1,((#1652,#1653),(#1654,#1655),(#1656,#1657),(#1658,#1659),(#1660,#1661),(#1662,#1663),(#1664,#1665),(#1666,#1667),(#1668,#1669),(#1670,#1671),(#1672,#1673),(#1674,#1675)),.UNSPECIFIED.,.F.,.F.,.U.,(6,3,3,6),(2,2),(0.,2.07480375043,5.1266476418,9.61349267439),(38.625,39.875),.UNSPECIFIED.) ;
#2018=B_SPLINE_SURFACE_WITH_KNOTS('',5,1,((#2019,#2020),(#2021,#2022),(#2023,#2024),(#2025,#2026),(#2027,#2028),(#2029,#2030),(#2031,#2032),(#2033,#2034),(#2035,#2036)),.UNSPECIFIED.,.F.,.F.,.U.,(6,3,6),(2,2),(0.,12.4169760824,19.4255846935),(-0.625,0.625),.UNSPECIFIED.) ;
#2048=B_SPLINE_SURFACE_WITH_KNOTS('',5,1,((#2049,#2050),(#2051,#2052),(#2053,#2054),(#2055,#2056),(#2057,#2058),(#2059,#2060),(#2061,#2062),(#2063,#2064),(#2065,#2066)),.UNSPECIFIED.,.F.,.F.,.U.,(6,3,6),(2,2),(0.,12.4169760824,19.4255846935),(38.625,39.875),.UNSPECIFIED.) ;
#2104=B_SPLINE_SURFACE_WITH_KNOTS('',5,1,((#2105,#2106),(#2107,#2108),(#2109,#2110),(#2111,#2112),(#2113,#2114),(#2115,#2116),(#2117,#2118),(#2119,#2120),(#2121,#2122),(#2123,#2124),(#2125,#2126),(#2127,#2128)),.UNSPECIFIED.,.F.,.F.,.U.,(6,3,3,6),(2,2),(0.,2.07480375043,5.1266476418,9.61349267439),(-0.625,0.625),.UNSPECIFIED.) ;
#2292=B_SPLINE_SURFACE_WITH_KNOTS('',5,1,((#2293,#2294),(#2295,#2296),(#2297,#2298),(#2299,#2300),(#2301,#2302),(#2303,#2304),(#2305,#2306),(#2307,#2308),(#2309,#2310),(#2311,#2312),(#2313,#2314),(#2315,#2316)),.UNSPECIFIED.,.F.,.F.,.U.,(6,3,3,6),(2,2),(0.,2.07480375043,5.1266476418,9.61349267439),(-0.625,0.625),.UNSPECIFIED.) ;
#2611=B_SPLINE_SURFACE_WITH_KNOTS('',5,1,((#2612,#2613),(#2614,#2615),(#2616,#2617),(#2618,#2619),(#2620,#2621),(#2622,#2623),(#2624,#2625),(#2626,#2627),(#2628,#2629)),.UNSPECIFIED.,.F.,.F.,.U.,(6,3,6),(2,2),(0.,12.4169760824,19.4255846935),(-0.625,0.625),.UNSPECIFIED.) ;
#2804=B_SPLINE_SURFACE_WITH_KNOTS('',5,1,((#2805,#2806),(#2807,#2808),(#2809,#2810),(#2811,#2812),(#2813,#2814),(#2815,#2816),(#2817,#2818),(#2819,#2820),(#2821,#2822),(#2823,#2824),(#2825,#2826),(#2827,#2828)),.UNSPECIFIED.,.F.,.F.,.U.,(6,3,3,6),(2,2),(0.,4.44013552565,7.50227626035,9.61256794362),(-0.625,0.625),.UNSPECIFIED.) ;
#2869=B_SPLINE_SURFACE_WITH_KNOTS('',5,1,((#2870,#2871),(#2872,#2873),(#2874,#2875),(#2876,#2877),(#2878,#2879),(#2880,#2881),(#2882,#2883),(#2884,#2885),(#2886,#2887),(#2888,#2889),(#2890,#2891),(#2892,#2893)),.UNSPECIFIED.,.F.,.F.,.U.,(6,3,3,6),(2,2),(0.,2.07480375043,5.1266476418,9.61349267439),(38.625,39.875),.UNSPECIFIED.) ;
#2923=B_SPLINE_SURFACE_WITH_KNOTS('',5,1,((#2924,#2925),(#2926,#2927),(#2928,#2929),(#2930,#2931),(#2932,#2933),(#2934,#2935),(#2936,#2937),(#2938,#2939),(#2940,#2941),(#2942,#2943),(#2944,#2945),(#2946,#2947)),.UNSPECIFIED.,.F.,.F.,.U.,(6,3,3,6),(2,2),(0.,2.07480375043,5.1266476418,9.61349267439),(14.375,15.625),.UNSPECIFIED.) ;
#3110=B_SPLINE_SURFACE_WITH_KNOTS('',5,1,((#3111,#3112),(#3113,#3114),(#3115,#3116),(#3117,#3118),(#3119,#3120),(#3121,#3122),(#3123,#3124),(#3125,#3126),(#3127,#3128)),.UNSPECIFIED.,.F.,.F.,.U.,(6,3,6),(2,2),(0.,12.4169760824,19.4255846935),(14.375,15.625),.UNSPECIFIED.) ;
#3178=B_SPLINE_SURFACE_WITH_KNOTS('',5,1,((#3179,#3180),(#3181,#3182),(#3183,#3184),(#3185,#3186),(#3187,#3188),(#3189,#3190),(#3191,#3192),(#3193,#3194),(#3195,#3196),(#3197,#3198),(#3199,#3200),(#3201,#3202)),.UNSPECIFIED.,.F.,.F.,.U.,(6,3,3,6),(2,2),(0.,2.07480375043,5.1266476418,9.61349267439),(14.375,15.625),.UNSPECIFIED.) ;
#3358=B_SPLINE_SURFACE_WITH_KNOTS('',5,1,((#3359,#3360),(#3361,#3362),(#3363,#3364),(#3365,#3366),(#3367,#3368),(#3369,#3370),(#3371,#3372),(#3373,#3374),(#3375,#3376),(#3377,#3378),(#3379,#3380),(#3381,#3382)),.UNSPECIFIED.,.F.,.F.,.U.,(6,3,3,6),(2,2),(0.,4.44013552565,7.50227626035,9.61256794362),(38.625,39.875),.UNSPECIFIED.) ;
#3412=B_SPLINE_SURFACE_WITH_KNOTS('',5,1,((#3413,#3414),(#3415,#3416),(#3417,#3418),(#3419,#3420),(#3421,#3422),(#3423,#3424),(#3425,#3426),(#3427,#3428),(#3429,#3430),(#3431,#3432),(#3433,#3434),(#3435,#3436)),.UNSPECIFIED.,.F.,.F.,.U.,(6,3,3,6),(2,2),(0.,4.44013552565,7.50227626035,9.61256794362),(14.375,15.625),.UNSPECIFIED.) ;
#4469=MANIFOLD_SOLID_BREP('PartBody',#51) ;
#11=CALENDAR_DATE(2026,6,7) ;
#30=CC_DESIGN_APPROVAL(#21,(#16,#6,#14)) ;
#18=CC_DESIGN_DATE_AND_TIME_ASSIGNMENT(#13,#17,(#16)) ;
#29=CC_DESIGN_DATE_AND_TIME_ASSIGNMENT(#13,#28,(#14)) ;
#17=DATE_TIME_ROLE('classification_date') ;
#28=DATE_TIME_ROLE('creation_date') ;
#27=CC_DESIGN_PERSON_AND_ORGANIZATION_ASSIGNMENT(#25,#26,(#16)) ;
#33=CC_DESIGN_PERSON_AND_ORGANIZATION_ASSIGNMENT(#25,#34,(#6)) ;
#35=CC_DESIGN_PERSON_AND_ORGANIZATION_ASSIGNMENT(#25,#36,(#6,#14)) ;
#37=CC_DESIGN_PERSON_AND_ORGANIZATION_ASSIGNMENT(#25,#38,(#5)) ;
#26=PERSON_AND_ORGANIZATION_ROLE('classification_officer') ;
#34=PERSON_AND_ORGANIZATION_ROLE('design_supplier') ;
#36=PERSON_AND_ORGANIZATION_ROLE('creator') ;
#38=PERSON_AND_ORGANIZATION_ROLE('design_owner') ;
#39=CC_DESIGN_SECURITY_CLASSIFICATION(#16,(#6)) ;
#69=CIRCLE('generated circle',#68,3.) ;
#83=CIRCLE('generated circle',#82,3.) ;
#909=CIRCLE('generated circle',#908,6.74999834527) ;
#925=CIRCLE('generated circle',#924,6.74999834527) ;
#1029=CIRCLE('generated circle',#1028,3.75) ;
#1034=CIRCLE('generated circle',#1033,3.75) ;
#1275=CIRCLE('generated circle',#1274,6.74999834527) ;
#1280=CIRCLE('generated circle',#1279,6.74999834527) ;
#1321=CIRCLE('generated circle',#1320,6.74999834527) ;
#1342=CIRCLE('generated circle',#1341,7.49999834527) ;
#1365=CIRCLE('generated circle',#1364,7.49999834527) ;
#1386=CIRCLE('generated circle',#1385,6.74999834527) ;
#1424=CIRCLE('generated circle',#1423,7.49999834527) ;
#1751=CIRCLE('generated circle',#1750,6.74999834527) ;
#1767=CIRCLE('generated circle',#1766,6.74999834527) ;
#1792=CIRCLE('generated circle',#1791,6.74999834527) ;
#1806=CIRCLE('generated circle',#1805,6.74999834527) ;
#2002=CIRCLE('generated circle',#2001,12.) ;
#2183=CIRCLE('generated circle',#2182,6.74999834527) ;
#2212=CIRCLE('generated circle',#2211,6.74999834527) ;
#2224=CIRCLE('generated circle',#2223,7.49999834527) ;
#2238=CIRCLE('generated circle',#2237,7.49999834527) ;
#2363=CIRCLE('generated circle',#2362,6.74999834527) ;
#2387=CIRCLE('generated circle',#2386,7.49999834527) ;
#2455=CIRCLE('generated circle',#2454,12.) ;
#2484=CIRCLE('generated circle',#2483,12.) ;
#2534=CIRCLE('generated circle',#2533,6.74999834527) ;
#2660=CIRCLE('generated circle',#2659,6.74999834527) ;
#2690=CIRCLE('generated circle',#2689,7.49999834527) ;
#2704=CIRCLE('generated circle',#2703,12.) ;
#2716=CIRCLE('generated circle',#2715,6.74999834527) ;
#3053=CIRCLE('generated circle',#3052,7.49999834527) ;
#3301=CIRCLE('generated circle',#3300,3.) ;
#3326=CIRCLE('generated circle',#3325,1.5) ;
#3335=CIRCLE('generated circle',#3334,1.5) ;
#3675=CIRCLE('generated circle',#3674,1.5) ;
#3684=CIRCLE('generated circle',#3683,1.5) ;
#3699=CIRCLE('generated circle',#3698,1.5) ;
#3725=CIRCLE('generated circle',#3724,1.5) ;
#3756=CIRCLE('generated circle',#3755,3.) ;
#3773=CIRCLE('generated circle',#3772,3.) ;
#3790=CIRCLE('generated circle',#3789,1.5) ;
#3816=CIRCLE('generated circle',#3815,1.5) ;
#3845=CIRCLE('generated circle',#3844,3.) ;
#3854=CIRCLE('generated circle',#3853,3.) ;
#3994=CIRCLE('generated circle',#3993,4.49999834527) ;
#4029=CIRCLE('generated circle',#4028,4.49999834527) ;
#4153=CIRCLE('generated circle',#4152,5.) ;
#4165=CIRCLE('generated circle',#4164,5.) ;
#4278=CIRCLE('generated circle',#4277,4.49999834527) ;
#4296=CIRCLE('generated circle',#4295,4.49999834527) ;
#4309=CIRCLE('generated circle',#4308,5.) ;
#4333=CIRCLE('generated circle',#4332,5.) ;
#4376=CIRCLE('generated circle',#4375,5.) ;
#4400=CIRCLE('generated circle',#4399,5.) ;
#4424=CIRCLE('generated circle',#4423,5.) ;
#4448=CIRCLE('generated circle',#4447,5.) ;
#3738=CONICAL_SURFACE('Cone',#3737,0.,0.785398163397) ;
#3769=CONICAL_SURFACE('Cone',#3768,0.,0.785398163397) ;
#3881=CONICAL_SURFACE('Cone',#3880,0.,0.785398163397) ;
#3903=CONICAL_SURFACE('Cone',#3902,0.,0.785398163397) ;
#4471=SHAPE_REPRESENTATION_RELATIONSHIP(' ',' ',#49,#4470) ;
#56=CYLINDRICAL_SURFACE('generated cylinder',#55,3.) ;
#754=CYLINDRICAL_SURFACE('generated cylinder',#753,15.) ;
#905=CYLINDRICAL_SURFACE('generated cylinder',#904,6.74999834527) ;
#1271=CYLINDRICAL_SURFACE('generated cylinder',#1270,6.74999834527) ;
#1420=CYLINDRICAL_SURFACE('generated cylinder',#1419,7.49999834527) ;
#1747=CYLINDRICAL_SURFACE('generated cylinder',#1746,6.74999834527) ;
#1788=CYLINDRICAL_SURFACE('generated cylinder',#1787,6.74999834527) ;
#1998=CYLINDRICAL_SURFACE('generated cylinder',#1997,12.) ;
#2376=CYLINDRICAL_SURFACE('generated cylinder',#2375,7.49999834527) ;
#2451=CYLINDRICAL_SURFACE('generated cylinder',#2450,12.) ;
#2679=CYLINDRICAL_SURFACE('generated cylinder',#2678,7.49999834527) ;
#3049=CYLINDRICAL_SURFACE('generated cylinder',#3048,7.49999834527) ;
#3557=CYLINDRICAL_SURFACE('generated cylinder',#3556,3.) ;
#3586=CYLINDRICAL_SURFACE('generated cylinder',#3585,15.) ;
#3644=CYLINDRICAL_SURFACE('generated cylinder',#3643,3.75) ;
#3657=CYLINDRICAL_SURFACE('generated cylinder',#3656,3.75) ;
#3695=CYLINDRICAL_SURFACE('generated cylinder',#3694,1.5) ;
#3786=CYLINDRICAL_SURFACE('generated cylinder',#3785,1.5) ;
#3990=CYLINDRICAL_SURFACE('generated cylinder',#3989,4.49999834527) ;
#4025=CYLINDRICAL_SURFACE('generated cylinder',#4024,4.49999834527) ;
#4274=CYLINDRICAL_SURFACE('generated cylinder',#4273,4.49999834527) ;
#4292=CYLINDRICAL_SURFACE('generated cylinder',#4291,4.49999834527) ;
#4389=CYLINDRICAL_SURFACE('generated cylinder',#4388,5.) ;
#4413=CYLINDRICAL_SURFACE('generated cylinder',#4412,5.) ;
#4437=CYLINDRICAL_SURFACE('generated cylinder',#4436,5.) ;
#4461=CYLINDRICAL_SURFACE('generated cylinder',#4460,5.) ;
#3=DESIGN_CONTEXT(' ',#1,'design') ;
#65=EDGE_CURVE('',#62,#64,#60,.T.) ;
#72=EDGE_CURVE('',#62,#71,#69,.T.) ;
#79=EDGE_CURVE('',#71,#78,#76,.T.) ;
#84=EDGE_CURVE('',#64,#78,#83,.T.) ;
#103=EDGE_CURVE('',#71,#102,#100,.T.) ;
#110=EDGE_CURVE('',#102,#109,#107,.T.) ;
#115=EDGE_CURVE('',#78,#109,#114,.T.) ;
#134=EDGE_CURVE('',#102,#133,#131,.T.) ;
#141=EDGE_CURVE('',#133,#140,#138,.T.) ;
#148=EDGE_CURVE('',#140,#147,#145,.F.) ;
#154=EDGE_CURVE('',#147,#153,#149,.T.) ;
#161=EDGE_CURVE('',#153,#160,#158,.F.) ;
#171=EDGE_CURVE('',#170,#160,#162,.T.) ;
#178=EDGE_CURVE('',#170,#177,#175,.F.) ;
#185=EDGE_CURVE('',#177,#184,#182,.F.) ;
#195=EDGE_CURVE('',#194,#184,#186,.T.) ;
#202=EDGE_CURVE('',#194,#201,#199,.F.) ;
#208=EDGE_CURVE('',#207,#201,#203,.T.) ;
#215=EDGE_CURVE('',#207,#214,#212,.F.) ;
#222=EDGE_CURVE('',#221,#214,#219,.T.) ;
#229=EDGE_CURVE('',#221,#228,#226,.T.) ;
#236=EDGE_CURVE('',#228,#235,#233,.T.) ;
#241=EDGE_CURVE('',#109,#235,#240,.F.) ;
#271=EDGE_CURVE('',#228,#62,#270,.T.) ;
#276=EDGE_CURVE('',#235,#64,#275,.T.) ;
#295=EDGE_CURVE('',#294,#221,#292,.F.) ;
#305=EDGE_CURVE('',#294,#304,#296,.T.) ;
#314=EDGE_CURVE('',#313,#304,#306,.T.) ;
#323=EDGE_CURVE('',#322,#313,#315,.T.) ;
#333=EDGE_CURVE('',#322,#332,#324,.T.) ;
#340=EDGE_CURVE('',#339,#332,#337,.F.) ;
#347=EDGE_CURVE('',#339,#346,#344,.F.) ;
#354=EDGE_CURVE('',#353,#346,#351,.T.) ;
#373=EDGE_CURVE('',#372,#353,#355,.T.) ;
#380=EDGE_CURVE('',#379,#372,#377,.F.) ;
#387=EDGE_CURVE('',#379,#386,#384,.F.) ;
#394=EDGE_CURVE('',#386,#393,#391,.F.) ;
#404=EDGE_CURVE('',#403,#393,#395,.F.) ;
#413=EDGE_CURVE('',#403,#412,#405,.F.) ;
#422=EDGE_CURVE('',#412,#421,#414,.F.) ;
#432=EDGE_CURVE('',#431,#421,#423,.F.) ;
#437=EDGE_CURVE('',#431,#133,#436,.F.) ;
#470=EDGE_CURVE('',#467,#469,#465,.F.) ;
#477=EDGE_CURVE('',#467,#476,#474,.T.) ;
#484=EDGE_CURVE('',#483,#476,#481,.T.) ;
#489=EDGE_CURVE('',#469,#483,#488,.T.) ;
#504=EDGE_CURVE('',#501,#503,#499,.F.) ;
#511=EDGE_CURVE('',#501,#510,#508,.F.) ;
#518=EDGE_CURVE('',#510,#517,#515,.F.) ;
#523=EDGE_CURVE('',#517,#503,#522,.T.) ;
#542=EDGE_CURVE('',#541,#153,#539,.T.) ;
#549=EDGE_CURVE('',#548,#147,#546,.T.) ;
#554=EDGE_CURVE('',#548,#541,#553,.T.) ;
#573=EDGE_CURVE('',#572,#160,#570,.T.) ;
#578=EDGE_CURVE('',#541,#572,#577,.T.) ;
#597=EDGE_CURVE('',#596,#170,#594,.T.) ;
#604=EDGE_CURVE('',#596,#603,#601,.T.) ;
#609=EDGE_CURVE('',#603,#177,#608,.T.) ;
#623=EDGE_CURVE('',#603,#622,#620,.F.) ;
#628=EDGE_CURVE('',#622,#184,#627,.T.) ;
#642=EDGE_CURVE('',#641,#201,#639,.T.) ;
#649=EDGE_CURVE('',#648,#194,#646,.T.) ;
#654=EDGE_CURVE('',#648,#641,#653,.T.) ;
#673=EDGE_CURVE('',#379,#672,#670,.T.) ;
#680=EDGE_CURVE('',#679,#672,#677,.T.) ;
#685=EDGE_CURVE('',#346,#679,#684,.T.) ;
#692=EDGE_CURVE('',#339,#691,#689,.T.) ;
#699=EDGE_CURVE('',#698,#691,#696,.F.) ;
#704=EDGE_CURVE('',#386,#698,#703,.T.) ;
#723=EDGE_CURVE('',#720,#722,#718,.F.) ;
#730=EDGE_CURVE('',#729,#720,#727,.T.) ;
#737=EDGE_CURVE('',#736,#729,#734,.T.) ;
#742=EDGE_CURVE('',#722,#736,#741,.F.) ;
#761=EDGE_CURVE('',#421,#760,#758,.F.) ;
#768=EDGE_CURVE('',#403,#767,#765,.F.) ;
#782=EDGE_CURVE('',#767,#760,#769,.T.) ;
#804=EDGE_CURVE('',#801,#803,#799,.F.) ;
#809=EDGE_CURVE('',#801,#476,#808,.T.) ;
#814=EDGE_CURVE('',#467,#803,#813,.F.) ;
#833=EDGE_CURVE('',#501,#832,#830,.T.) ;
#840=EDGE_CURVE('',#832,#839,#837,.T.) ;
#845=EDGE_CURVE('',#839,#510,#844,.F.) ;
#864=EDGE_CURVE('',#839,#863,#861,.F.) ;
#869=EDGE_CURVE('',#863,#517,#868,.T.) ;
#888=EDGE_CURVE('',#887,#863,#885,.T.) ;
#893=EDGE_CURVE('',#887,#503,#892,.T.) ;
#914=EDGE_CURVE('',#911,#913,#909,.T.) ;
#921=EDGE_CURVE('',#920,#913,#918,.F.) ;
#928=EDGE_CURVE('',#927,#920,#925,.T.) ;
#934=EDGE_CURVE('',#927,#911,#929,.T.) ;
#955=EDGE_CURVE('',#952,#954,#950,.T.) ;
#962=EDGE_CURVE('',#961,#952,#959,.T.) ;
#969=EDGE_CURVE('',#968,#961,#966,.T.) ;
#976=EDGE_CURVE('',#968,#975,#973,.T.) ;
#983=EDGE_CURVE('',#982,#975,#980,.T.) ;
#990=EDGE_CURVE('',#989,#982,#987,.F.) ;
#997=EDGE_CURVE('',#989,#996,#994,.T.) ;
#1004=EDGE_CURVE('',#996,#1003,#1001,.T.) ;
#1011=EDGE_CURVE('',#1010,#1003,#1008,.T.) ;
#1018=EDGE_CURVE('',#1017,#1010,#1015,.T.) ;
#1025=EDGE_CURVE('',#1024,#1017,#1022,.T.) ;
#1030=EDGE_CURVE('',#622,#1024,#1029,.F.) ;
#1035=EDGE_CURVE('',#954,#596,#1034,.F.) ;
#1065=EDGE_CURVE('',#641,#1064,#1062,.T.) ;
#1072=EDGE_CURVE('',#648,#1071,#1069,.T.) ;
#1079=EDGE_CURVE('',#1071,#1078,#1076,.T.) ;
#1086=EDGE_CURVE('',#1078,#1085,#1083,.T.) ;
#1093=EDGE_CURVE('',#1092,#1085,#1090,.T.) ;
#1100=EDGE_CURVE('',#1099,#1092,#1097,.T.) ;
#1105=EDGE_CURVE('',#1099,#1064,#1104,.T.) ;
#1159=EDGE_CURVE('',#1156,#1158,#1142,.F.) ;
#1165=EDGE_CURVE('',#1158,#1164,#1160,.F.) ;
#1181=EDGE_CURVE('',#1180,#1164,#1166,.F.) ;
#1187=EDGE_CURVE('',#1186,#1180,#1182,.F.) ;
#1195=EDGE_CURVE('',#1186,#1194,#1188,.T.) ;
#1199=EDGE_CURVE('',#1194,#1156,#1196,.T.) ;
#1239=EDGE_CURVE('',#1180,#1238,#1234,.F.) ;
#1245=EDGE_CURVE('',#1164,#1244,#1240,.F.) ;
#1259=EDGE_CURVE('',#1244,#1238,#1246,.T.) ;
#1276=EDGE_CURVE('',#1099,#1186,#1275,.T.) ;
#1281=EDGE_CURVE('',#1092,#1194,#1280,.T.) ;
#1300=EDGE_CURVE('',#1299,#913,#1297,.T.) ;
#1307=EDGE_CURVE('',#911,#1306,#1304,.T.) ;
#1317=EDGE_CURVE('',#1316,#1306,#1308,.T.) ;
#1324=EDGE_CURVE('',#1323,#1316,#1321,.T.) ;
#1331=EDGE_CURVE('',#1330,#1323,#1328,.T.) ;
#1338=EDGE_CURVE('',#1330,#1337,#1335,.T.) ;
#1343=EDGE_CURVE('',#1337,#975,#1342,.T.) ;
#1348=EDGE_CURVE('',#968,#1299,#1347,.T.) ;
#1368=EDGE_CURVE('',#996,#1367,#1365,.T.) ;
#1375=EDGE_CURVE('',#1367,#1374,#1372,.T.) ;
#1382=EDGE_CURVE('',#1374,#1381,#1379,.T.) ;
#1389=EDGE_CURVE('',#1388,#1381,#1386,.T.) ;
#1397=EDGE_CURVE('',#1388,#1156,#1390,.T.) ;
#1402=EDGE_CURVE('',#1003,#1085,#1401,.T.) ;
#1427=EDGE_CURVE('',#989,#1426,#1424,.T.) ;
#1434=EDGE_CURVE('',#1426,#1433,#1431,.T.) ;
#1450=EDGE_CURVE('',#1449,#1433,#1435,.T.) ;
#1455=EDGE_CURVE('',#1449,#1367,#1454,.F.) ;
#1497=EDGE_CURVE('',#1494,#1496,#1490,.F.) ;
#1513=EDGE_CURVE('',#1494,#1512,#1498,.T.) ;
#1517=EDGE_CURVE('',#1512,#1158,#1514,.F.) ;
#1523=EDGE_CURVE('',#1388,#1496,#1518,.T.) ;
#1559=EDGE_CURVE('',#1556,#1558,#1552,.F.) ;
#1570=EDGE_CURVE('',#1164,#1558,#1560,.F.) ;
#1581=EDGE_CURVE('',#1158,#1556,#1571,.F.) ;
#1619=EDGE_CURVE('',#1616,#1618,#1608,.T.) ;
#1627=EDGE_CURVE('',#1618,#1244,#1620,.T.) ;
#1633=EDGE_CURVE('',#1558,#1632,#1628,.F.) ;
#1641=EDGE_CURVE('',#1616,#1632,#1634,.T.) ;
#1685=EDGE_CURVE('',#1682,#1684,#1676,.T.) ;
#1691=EDGE_CURVE('',#1684,#1690,#1686,.T.) ;
#1707=EDGE_CURVE('',#1690,#1706,#1692,.T.) ;
#1713=EDGE_CURVE('',#1706,#1712,#1708,.F.) ;
#1729=EDGE_CURVE('',#1728,#1712,#1714,.T.) ;
#1733=EDGE_CURVE('',#1682,#1728,#1730,.F.) ;
#1756=EDGE_CURVE('',#1753,#1755,#1751,.T.) ;
#1763=EDGE_CURVE('',#1762,#1755,#1760,.F.) ;
#1770=EDGE_CURVE('',#1769,#1762,#1767,.T.) ;
#1776=EDGE_CURVE('',#1769,#1753,#1771,.T.) ;
#1795=EDGE_CURVE('',#1794,#1682,#1792,.T.) ;
#1802=EDGE_CURVE('',#1794,#1801,#1799,.F.) ;
#1807=EDGE_CURVE('',#1801,#1684,#1806,.T.) ;
#1826=EDGE_CURVE('',#1825,#1337,#1823,.T.) ;
#1834=EDGE_CURVE('',#1825,#1330,#1827,.T.) ;
#1853=EDGE_CURVE('',#1449,#1374,#1846,.T.) ;
#1877=EDGE_CURVE('',#1876,#1433,#1868,.T.) ;
#1887=EDGE_CURVE('',#1886,#1876,#1878,.T.) ;
#1903=EDGE_CURVE('',#1902,#1886,#1888,.T.) ;
#1911=EDGE_CURVE('',#1902,#1910,#1904,.T.) ;
#1917=EDGE_CURVE('',#1910,#1916,#1912,.T.) ;
#1925=EDGE_CURVE('',#1924,#1916,#1918,.T.) ;
#1932=EDGE_CURVE('',#1931,#1924,#1929,.T.) ;
#1948=EDGE_CURVE('',#1931,#1947,#1933,.T.) ;
#1962=EDGE_CURVE('',#1947,#1512,#1949,.T.) ;
#1969=EDGE_CURVE('',#1494,#1968,#1966,.T.) ;
#1975=EDGE_CURVE('',#1968,#1381,#1970,.T.) ;
#2005=EDGE_CURVE('',#1426,#2004,#2002,.F.) ;
#2010=EDGE_CURVE('',#2004,#1876,#2009,.T.) ;
#2040=EDGE_CURVE('',#1947,#1556,#2037,.F.) ;
#2079=EDGE_CURVE('',#2078,#1706,#2067,.F.) ;
#2085=EDGE_CURVE('',#2078,#2084,#2080,.F.) ;
#2096=EDGE_CURVE('',#2084,#1712,#2086,.F.) ;
#2136=EDGE_CURVE('',#2135,#1690,#2129,.T.) ;
#2144=EDGE_CURVE('',#2135,#2143,#2137,.T.) ;
#2150=EDGE_CURVE('',#2149,#2143,#2145,.F.) ;
#2166=EDGE_CURVE('',#2149,#2165,#2151,.T.) ;
#2170=EDGE_CURVE('',#2165,#1706,#2167,.F.) ;
#2186=EDGE_CURVE('',#2135,#2185,#2183,.T.) ;
#2191=EDGE_CURVE('',#1801,#1755,#2190,.T.) ;
#2198=EDGE_CURVE('',#1753,#2197,#2195,.T.) ;
#2208=EDGE_CURVE('',#2207,#2197,#2199,.T.) ;
#2213=EDGE_CURVE('',#1916,#2207,#2212,.T.) ;
#2220=EDGE_CURVE('',#1910,#2219,#2217,.T.) ;
#2227=EDGE_CURVE('',#2219,#2226,#2224,.T.) ;
#2234=EDGE_CURVE('',#2233,#2226,#2231,.T.) ;
#2241=EDGE_CURVE('',#2233,#2240,#2238,.T.) ;
#2248=EDGE_CURVE('',#2240,#2247,#2245,.T.) ;
#2256=EDGE_CURVE('',#2247,#2185,#2249,.T.) ;
#2285=EDGE_CURVE('',#1902,#2219,#2284,.T.) ;
#2330=EDGE_CURVE('',#2197,#1556,#2317,.T.) ;
#2336=EDGE_CURVE('',#1931,#2335,#2331,.F.) ;
#2342=EDGE_CURVE('',#2207,#2335,#2337,.T.) ;
#2359=EDGE_CURVE('',#2358,#2185,#2352,.T.) ;
#2364=EDGE_CURVE('',#2143,#2358,#2363,.T.) ;
#2383=EDGE_CURVE('',#2382,#2233,#2380,.F.) ;
#2390=EDGE_CURVE('',#2389,#2382,#2387,.T.) ;
#2397=EDGE_CURVE('',#2389,#2396,#2394,.F.) ;
#2413=EDGE_CURVE('',#2412,#2396,#2398,.T.) ;
#2418=EDGE_CURVE('',#2412,#2240,#2417,.T.) ;
#2440=EDGE_CURVE('',#2412,#2247,#2433,.T.) ;
#2458=EDGE_CURVE('',#2457,#2389,#2455,.F.) ;
#2465=EDGE_CURVE('',#2457,#2464,#2462,.F.) ;
#2473=EDGE_CURVE('',#2396,#2464,#2466,.T.) ;
#2487=EDGE_CURVE('',#2486,#2457,#2484,.F.) ;
#2494=EDGE_CURVE('',#2486,#2493,#2491,.F.) ;
#2502=EDGE_CURVE('',#2464,#2493,#2495,.T.) ;
#2523=EDGE_CURVE('',#2520,#2522,#2518,.F.) ;
#2530=EDGE_CURVE('',#2520,#2529,#2527,.F.) ;
#2535=EDGE_CURVE('',#2529,#2522,#2534,.T.) ;
#2553=EDGE_CURVE('',#2552,#2226,#2550,.T.) ;
#2558=EDGE_CURVE('',#2382,#2552,#2557,.T.) ;
#2573=EDGE_CURVE('',#2570,#2572,#2568,.F.) ;
#2580=EDGE_CURVE('',#2579,#2570,#2577,.F.) ;
#2587=EDGE_CURVE('',#2586,#2579,#2584,.F.) ;
#2592=EDGE_CURVE('',#2572,#2586,#2591,.F.) ;
#2604=EDGE_CURVE('',#2149,#2358,#2603,.F.) ;
#2645=EDGE_CURVE('',#2165,#2644,#2630,.T.) ;
#2649=EDGE_CURVE('',#2644,#2078,#2646,.F.) ;
#2661=EDGE_CURVE('',#1924,#2335,#2660,.T.) ;
#2686=EDGE_CURVE('',#2685,#1886,#2683,.T.) ;
#2691=EDGE_CURVE('',#2685,#2552,#2690,.T.) ;
#2705=EDGE_CURVE('',#2004,#2685,#2704,.F.) ;
#2717=EDGE_CURVE('',#1496,#1968,#2716,.T.) ;
#2744=EDGE_CURVE('',#2529,#1323,#2739,.T.) ;
#2758=EDGE_CURVE('',#2520,#2644,#2745,.T.) ;
#2772=EDGE_CURVE('',#1825,#2493,#2759,.T.) ;
#2796=EDGE_CURVE('',#1316,#2522,#2791,.T.) ;
#2842=EDGE_CURVE('',#1306,#2078,#2829,.F.) ;
#2861=EDGE_CURVE('',#1794,#1762,#2860,.T.) ;
#2899=EDGE_CURVE('',#1769,#2898,#2894,.F.) ;
#2913=EDGE_CURVE('',#2898,#1558,#2900,.T.) ;
#2953=EDGE_CURVE('',#2898,#2952,#2948,.F.) ;
#2967=EDGE_CURVE('',#1632,#2952,#2954,.T.) ;
#2986=EDGE_CURVE('',#952,#2985,#2983,.T.) ;
#2991=EDGE_CURVE('',#954,#572,#2990,.T.) ;
#2996=EDGE_CURVE('',#2985,#572,#2995,.T.) ;
#3015=EDGE_CURVE('',#961,#3014,#3012,.T.) ;
#3020=EDGE_CURVE('',#3014,#2985,#3019,.T.) ;
#3037=EDGE_CURVE('',#1299,#3014,#3036,.T.) ;
#3054=EDGE_CURVE('',#982,#2486,#3053,.T.) ;
#3073=EDGE_CURVE('',#1010,#1078,#3072,.T.) ;
#3085=EDGE_CURVE('',#1017,#1071,#3084,.T.) ;
#3102=EDGE_CURVE('',#1024,#648,#3101,.T.) ;
#3140=EDGE_CURVE('',#3137,#3139,#3129,.T.) ;
#3144=EDGE_CURVE('',#1712,#3139,#3141,.F.) ;
#3150=EDGE_CURVE('',#2084,#3149,#3145,.F.) ;
#3160=EDGE_CURVE('',#3159,#3149,#3151,.T.) ;
#3168=EDGE_CURVE('',#3137,#3159,#3161,.T.) ;
#3218=EDGE_CURVE('',#3139,#3217,#3203,.T.) ;
#3222=EDGE_CURVE('',#1728,#3217,#3219,.F.) ;
#3239=EDGE_CURVE('',#2572,#722,#3238,.T.) ;
#3244=EDGE_CURVE('',#2586,#720,#3243,.T.) ;
#3261=EDGE_CURVE('',#2579,#729,#3260,.T.) ;
#3278=EDGE_CURVE('',#2570,#736,#3277,.T.) ;
#3306=EDGE_CURVE('',#3303,#3305,#3301,.T.) ;
#3311=EDGE_CURVE('',#3305,#679,#3310,.T.) ;
#3316=EDGE_CURVE('',#672,#3303,#3315,.T.) ;
#3331=EDGE_CURVE('',#3328,#3330,#3326,.T.) ;
#3336=EDGE_CURVE('',#3330,#3328,#3335,.T.) ;
#3346=EDGE_CURVE('',#548,#920,#3345,.T.) ;
#3388=EDGE_CURVE('',#927,#3387,#3383,.F.) ;
#3402=EDGE_CURVE('',#3387,#2084,#3389,.F.) ;
#3452=EDGE_CURVE('',#3149,#3451,#3437,.T.) ;
#3456=EDGE_CURVE('',#3387,#3451,#3453,.F.) ;
#3468=EDGE_CURVE('',#887,#832,#3467,.T.) ;
#3482=EDGE_CURVE('',#3481,#469,#3479,.T.) ;
#3489=EDGE_CURVE('',#3488,#483,#3486,.T.) ;
#3494=EDGE_CURVE('',#3481,#3488,#3493,.T.) ;
#3511=EDGE_CURVE('',#801,#3488,#3510,.T.) ;
#3528=EDGE_CURVE('',#803,#3481,#3527,.T.) ;
#3545=EDGE_CURVE('',#372,#3303,#3544,.T.) ;
#3562=EDGE_CURVE('',#353,#3305,#3561,.T.) ;
#3604=EDGE_CURVE('',#3601,#3603,#3587,.T.) ;
#3609=EDGE_CURVE('',#322,#3601,#3608,.T.) ;
#3614=EDGE_CURVE('',#304,#3603,#3613,.T.) ;
#3632=EDGE_CURVE('',#1064,#207,#3631,.T.) ;
#3680=EDGE_CURVE('',#3677,#3679,#3675,.T.) ;
#3685=EDGE_CURVE('',#3679,#3677,#3684,.T.) ;
#3704=EDGE_CURVE('',#3701,#3703,#3699,.T.) ;
#3709=EDGE_CURVE('',#3701,#3328,#3708,.T.) ;
#3714=EDGE_CURVE('',#3703,#3330,#3713,.T.) ;
#3726=EDGE_CURVE('',#3703,#3701,#3725,.T.) ;
#3745=EDGE_CURVE('',#3744,#3703,#3742,.F.) ;
#3752=EDGE_CURVE('',#3751,#3701,#3749,.F.) ;
#3757=EDGE_CURVE('',#3744,#3751,#3756,.T.) ;
#3774=EDGE_CURVE('',#3751,#3744,#3773,.T.) ;
#3795=EDGE_CURVE('',#3792,#3794,#3790,.T.) ;
#3800=EDGE_CURVE('',#3792,#3677,#3799,.T.) ;
#3805=EDGE_CURVE('',#3794,#3679,#3804,.T.) ;
#3817=EDGE_CURVE('',#3794,#3792,#3816,.T.) ;
#3850=EDGE_CURVE('',#3847,#3849,#3845,.T.) ;
#3855=EDGE_CURVE('',#3849,#3847,#3854,.T.) ;
#3886=EDGE_CURVE('',#3847,#3794,#3885,.F.) ;
#3891=EDGE_CURVE('',#3849,#3792,#3890,.F.) ;
#3922=EDGE_CURVE('',#294,#3921,#3919,.T.) ;
#3929=EDGE_CURVE('',#3928,#214,#3926,.T.) ;
#3936=EDGE_CURVE('',#3928,#3935,#3933,.T.) ;
#3941=EDGE_CURVE('',#3921,#3935,#3940,.T.) ;
#3957=EDGE_CURVE('',#691,#3956,#3954,.T.) ;
#3964=EDGE_CURVE('',#332,#3963,#3961,.T.) ;
#3971=EDGE_CURVE('',#3963,#3970,#3968,.T.) ;
#3976=EDGE_CURVE('',#3956,#3970,#3975,.T.) ;
#3999=EDGE_CURVE('',#3996,#3998,#3994,.F.) ;
#4007=EDGE_CURVE('',#3998,#767,#4000,.T.) ;
#4012=EDGE_CURVE('',#393,#3996,#4011,.F.) ;
#4034=EDGE_CURVE('',#4031,#4033,#4029,.F.) ;
#4039=EDGE_CURVE('',#431,#4033,#4038,.F.) ;
#4047=EDGE_CURVE('',#4031,#760,#4040,.T.) ;
#4072=EDGE_CURVE('',#4069,#4071,#4067,.T.) ;
#4081=EDGE_CURVE('',#4080,#4071,#4073,.T.) ;
#4086=EDGE_CURVE('',#4080,#1238,#4085,.T.) ;
#4093=EDGE_CURVE('',#4092,#2952,#4090,.T.) ;
#4102=EDGE_CURVE('',#4092,#4101,#4094,.T.) ;
#4109=EDGE_CURVE('',#4108,#4101,#4106,.T.) ;
#4117=EDGE_CURVE('',#4108,#3601,#4110,.T.) ;
#4125=EDGE_CURVE('',#4069,#3603,#4118,.T.) ;
#4149=EDGE_CURVE('',#698,#4148,#4146,.T.) ;
#4154=EDGE_CURVE('',#4092,#3956,#4153,.T.) ;
#4161=EDGE_CURVE('',#4160,#3217,#4158,.F.) ;
#4166=EDGE_CURVE('',#4148,#4160,#4165,.T.) ;
#4198=EDGE_CURVE('',#3998,#4197,#4195,.T.) ;
#4205=EDGE_CURVE('',#4160,#4197,#4199,.T.) ;
#4212=EDGE_CURVE('',#4211,#3451,#4209,.T.) ;
#4221=EDGE_CURVE('',#4211,#4220,#4213,.T.) ;
#4226=EDGE_CURVE('',#4031,#4220,#4225,.T.) ;
#4255=EDGE_CURVE('',#4148,#4254,#4252,.T.) ;
#4260=EDGE_CURVE('',#3996,#4254,#4259,.T.) ;
#4279=EDGE_CURVE('',#4108,#3963,#4278,.T.) ;
#4297=EDGE_CURVE('',#3921,#4069,#4296,.T.) ;
#4310=EDGE_CURVE('',#3928,#4080,#4309,.T.) ;
#4329=EDGE_CURVE('',#4328,#140,#4326,.T.) ;
#4334=EDGE_CURVE('',#4211,#4328,#4333,.T.) ;
#4353=EDGE_CURVE('',#4033,#4352,#4350,.T.) ;
#4358=EDGE_CURVE('',#4328,#4352,#4357,.T.) ;
#4377=EDGE_CURVE('',#4101,#3970,#4376,.T.) ;
#4401=EDGE_CURVE('',#3935,#4071,#4400,.T.) ;
#4425=EDGE_CURVE('',#4220,#4352,#4424,.T.) ;
#4449=EDGE_CURVE('',#4254,#4197,#4448,.T.) ;
#85=EDGE_LOOP('',(#86,#87,#88,#89)) ;
#116=EDGE_LOOP('',(#117,#118,#119,#120)) ;
#242=EDGE_LOOP('',(#243,#244,#245,#246,#247,#248,#249,#250,#251,#252,#253,#254,#255,#256,#257,#258,#259)) ;
#277=EDGE_LOOP('',(#278,#279,#280,#281)) ;
#438=EDGE_LOOP('',(#439,#440,#441,#442,#443,#444,#445,#446,#447,#448,#449,#450,#451,#452,#453,#454,#455,#456,#457,#458,#459,#460)) ;
#490=EDGE_LOOP('',(#491,#492,#493,#494)) ;
#524=EDGE_LOOP('',(#525,#526,#527,#528)) ;
#555=EDGE_LOOP('',(#556,#557,#558,#559)) ;
#579=EDGE_LOOP('',(#580,#581,#582,#583)) ;
#610=EDGE_LOOP('',(#611,#612,#613,#614)) ;
#629=EDGE_LOOP('',(#630,#631,#632,#633)) ;
#655=EDGE_LOOP('',(#656,#657,#658,#659)) ;
#705=EDGE_LOOP('',(#706,#707,#708,#709,#710,#711,#712,#713)) ;
#743=EDGE_LOOP('',(#744,#745,#746,#747)) ;
#783=EDGE_LOOP('',(#784,#785,#786,#787,#788)) ;
#815=EDGE_LOOP('',(#816,#817,#818,#819)) ;
#846=EDGE_LOOP('',(#847,#848,#849,#850)) ;
#870=EDGE_LOOP('',(#871,#872,#873,#874)) ;
#894=EDGE_LOOP('',(#895,#896,#897,#898)) ;
#935=EDGE_LOOP('',(#936,#937,#938,#939)) ;
#1036=EDGE_LOOP('',(#1037,#1038,#1039,#1040,#1041,#1042,#1043,#1044,#1045,#1046,#1047,#1048,#1049,#1050,#1051)) ;
#1106=EDGE_LOOP('',(#1107,#1108,#1109,#1110,#1111,#1112,#1113,#1114)) ;
#1200=EDGE_LOOP('',(#1201,#1202,#1203,#1204,#1205,#1206)) ;
#1260=EDGE_LOOP('',(#1261,#1262,#1263,#1264)) ;
#1282=EDGE_LOOP('',(#1283,#1284,#1285,#1286)) ;
#1349=EDGE_LOOP('',(#1350,#1351,#1352,#1353,#1354,#1355,#1356,#1357,#1358,#1359)) ;
#1403=EDGE_LOOP('',(#1404,#1405,#1406,#1407,#1408,#1409,#1410,#1411,#1412,#1413)) ;
#1456=EDGE_LOOP('',(#1457,#1458,#1459,#1460,#1461,#1462)) ;
#1524=EDGE_LOOP('',(#1525,#1526,#1527,#1528,#1529,#1530)) ;
#1582=EDGE_LOOP('',(#1583,#1584,#1585,#1586)) ;
#1642=EDGE_LOOP('',(#1643,#1644,#1645,#1646,#1647,#1648)) ;
#1734=EDGE_LOOP('',(#1735,#1736,#1737,#1738,#1739,#1740)) ;
#1777=EDGE_LOOP('',(#1778,#1779,#1780,#1781)) ;
#1808=EDGE_LOOP('',(#1809,#1810,#1811,#1812)) ;
#1835=EDGE_LOOP('',(#1836,#1837,#1838)) ;
#1854=EDGE_LOOP('',(#1855,#1856,#1857)) ;
#1976=EDGE_LOOP('',(#1977,#1978,#1979,#1980,#1981,#1982,#1983,#1984,#1985,#1986,#1987,#1988,#1989,#1990,#1991)) ;
#2011=EDGE_LOOP('',(#2012,#2013,#2014,#2015)) ;
#2041=EDGE_LOOP('',(#2042,#2043,#2044,#2045)) ;
#2097=EDGE_LOOP('',(#2098,#2099,#2100,#2101)) ;
#2171=EDGE_LOOP('',(#2172,#2173,#2174,#2175,#2176,#2177)) ;
#2257=EDGE_LOOP('',(#2258,#2259,#2260,#2261,#2262,#2263,#2264,#2265,#2266,#2267,#2268,#2269,#2270,#2271,#2272,#2273)) ;
#2286=EDGE_LOOP('',(#2287,#2288,#2289)) ;
#2343=EDGE_LOOP('',(#2344,#2345,#2346,#2347,#2348,#2349)) ;
#2365=EDGE_LOOP('',(#2366,#2367,#2368,#2369)) ;
#2419=EDGE_LOOP('',(#2420,#2421,#2422,#2423,#2424,#2425)) ;
#2441=EDGE_LOOP('',(#2442,#2443,#2444)) ;
#2474=EDGE_LOOP('',(#2475,#2476,#2477,#2478)) ;
#2503=EDGE_LOOP('',(#2504,#2505,#2506,#2507)) ;
#2536=EDGE_LOOP('',(#2537,#2538,#2539)) ;
#2559=EDGE_LOOP('',(#2560,#2561,#2562,#2563)) ;
#2593=EDGE_LOOP('',(#2594,#2595,#2596,#2597)) ;
#2605=EDGE_LOOP('',(#2606,#2607,#2608)) ;
#2650=EDGE_LOOP('',(#2651,#2652,#2653,#2654)) ;
#2662=EDGE_LOOP('',(#2663,#2664,#2665)) ;
#2668=EDGE_LOOP('',(#2669,#2670,#2671,#2672)) ;
#2692=EDGE_LOOP('',(#2693,#2694,#2695,#2696,#2697,#2698)) ;
#2706=EDGE_LOOP('',(#2707,#2708,#2709,#2710)) ;
#2718=EDGE_LOOP('',(#2719,#2720,#2721)) ;
#2724=EDGE_LOOP('',(#2725,#2726,#2727,#2728)) ;
#2773=EDGE_LOOP('',(#2774,#2775,#2776,#2777,#2778,#2779,#2780,#2781,#2782,#2783,#2784,#2785,#2786,#2787,#2788)) ;
#2797=EDGE_LOOP('',(#2798,#2799,#2800,#2801)) ;
#2843=EDGE_LOOP('',(#2844,#2845,#2846,#2847,#2848,#2849)) ;
#2862=EDGE_LOOP('',(#2863,#2864,#2865,#2866)) ;
#2914=EDGE_LOOP('',(#2915,#2916,#2917,#2918,#2919,#2920)) ;
#2968=EDGE_LOOP('',(#2969,#2970,#2971,#2972)) ;
#2997=EDGE_LOOP('',(#2998,#2999,#3000,#3001)) ;
#3021=EDGE_LOOP('',(#3022,#3023,#3024,#3025)) ;
#3038=EDGE_LOOP('',(#3039,#3040,#3041,#3042)) ;
#3055=EDGE_LOOP('',(#3056,#3057,#3058,#3059,#3060,#3061)) ;
#3074=EDGE_LOOP('',(#3075,#3076,#3077,#3078)) ;
#3086=EDGE_LOOP('',(#3087,#3088,#3089,#3090)) ;
#3103=EDGE_LOOP('',(#3104,#3105,#3106,#3107)) ;
#3169=EDGE_LOOP('',(#3170,#3171,#3172,#3173,#3174,#3175)) ;
#3223=EDGE_LOOP('',(#3224,#3225,#3226,#3227)) ;
#3245=EDGE_LOOP('',(#3246,#3247,#3248,#3249)) ;
#3262=EDGE_LOOP('',(#3263,#3264,#3265,#3266)) ;
#3279=EDGE_LOOP('',(#3280,#3281,#3282,#3283)) ;
#3291=EDGE_LOOP('',(#3292,#3293,#3294,#3295)) ;
#3317=EDGE_LOOP('',(#3318,#3319,#3320,#3321)) ;
#3337=EDGE_LOOP('',(#3338,#3339)) ;
#3347=EDGE_LOOP('',(#3348,#3349,#3350,#3351,#3352,#3353,#3354,#3355)) ;
#3403=EDGE_LOOP('',(#3404,#3405,#3406,#3407,#3408,#3409)) ;
#3457=EDGE_LOOP('',(#3458,#3459,#3460,#3461)) ;
#3469=EDGE_LOOP('',(#3470,#3471,#3472,#3473)) ;
#3495=EDGE_LOOP('',(#3496,#3497,#3498,#3499)) ;
#3512=EDGE_LOOP('',(#3513,#3514,#3515,#3516)) ;
#3529=EDGE_LOOP('',(#3530,#3531,#3532,#3533)) ;
#3546=EDGE_LOOP('',(#3547,#3548,#3549,#3550)) ;
#3563=EDGE_LOOP('',(#3564,#3565,#3566,#3567)) ;
#3575=EDGE_LOOP('',(#3576,#3577,#3578,#3579)) ;
#3615=EDGE_LOOP('',(#3616,#3617,#3618,#3619,#3620)) ;
#3633=EDGE_LOOP('',(#3634,#3635,#3636,#3637)) ;
#3645=EDGE_LOOP('',(#3646,#3647,#3648,#3649,#3650)) ;
#3658=EDGE_LOOP('',(#3659,#3660,#3661,#3662,#3663)) ;
#3666=EDGE_LOOP('',(#3667,#3668,#3669,#3670)) ;
#3686=EDGE_LOOP('',(#3687,#3688)) ;
#3715=EDGE_LOOP('',(#3716,#3717,#3718,#3719)) ;
#3727=EDGE_LOOP('',(#3728,#3729,#3730,#3731)) ;
#3758=EDGE_LOOP('',(#3759,#3760,#3761,#3762)) ;
#3775=EDGE_LOOP('',(#3776,#3777,#3778,#3779)) ;
#3806=EDGE_LOOP('',(#3807,#3808,#3809,#3810)) ;
#3818=EDGE_LOOP('',(#3819,#3820,#3821,#3822)) ;
#3830=EDGE_LOOP('',(#3831,#3832,#3833,#3834,#3835,#3836,#3837,#3838,#3839,#3840)) ;
#3856=EDGE_LOOP('',(#3857,#3858)) ;
#3860=EDGE_LOOP('',(#3861,#3862)) ;
#3864=EDGE_LOOP('',(#3865,#3866,#3867,#3868)) ;
#3870=EDGE_LOOP('',(#3871,#3872,#3873,#3874)) ;
#3892=EDGE_LOOP('',(#3893,#3894,#3895,#3896)) ;
#3904=EDGE_LOOP('',(#3905,#3906,#3907,#3908)) ;
#3942=EDGE_LOOP('',(#3943,#3944,#3945,#3946,#3947,#3948)) ;
#3977=EDGE_LOOP('',(#3978,#3979,#3980,#3981,#3982,#3983)) ;
#4013=EDGE_LOOP('',(#4014,#4015,#4016,#4017,#4018)) ;
#4048=EDGE_LOOP('',(#4049,#4050,#4051,#4052,#4053)) ;
#4126=EDGE_LOOP('',(#4127,#4128,#4129,#4130,#4131,#4132,#4133,#4134,#4135,#4136,#4137,#4138,#4139,#4140)) ;
#4167=EDGE_LOOP('',(#4168,#4169,#4170,#4171,#4172,#4173,#4174,#4175,#4176,#4177,#4178,#4179,#4180,#4181)) ;
#4227=EDGE_LOOP('',(#4228,#4229,#4230,#4231,#4232,#4233,#4234,#4235,#4236,#4237,#4238,#4239,#4240,#4241)) ;
#4261=EDGE_LOOP('',(#4262,#4263,#4264,#4265,#4266,#4267)) ;
#4280=EDGE_LOOP('',(#4281,#4282,#4283,#4284,#4285)) ;
#4298=EDGE_LOOP('',(#4299,#4300,#4301,#4302,#4303)) ;
#4311=EDGE_LOOP('',(#4312,#4313,#4314,#4315,#4316,#4317,#4318,#4319,#4320)) ;
#4335=EDGE_LOOP('',(#4336,#4337,#4338,#4339,#4340,#4341,#4342,#4343,#4344)) ;
#4359=EDGE_LOOP('',(#4360,#4361,#4362,#4363,#4364,#4365)) ;
#4378=EDGE_LOOP('',(#4379,#4380,#4381,#4382)) ;
#4390=EDGE_LOOP('',(#4391,#4392,#4393,#4394)) ;
#4402=EDGE_LOOP('',(#4403,#4404,#4405,#4406)) ;
#4414=EDGE_LOOP('',(#4415,#4416,#4417,#4418)) ;
#4426=EDGE_LOOP('',(#4427,#4428,#4429,#4430)) ;
#4438=EDGE_LOOP('',(#4439,#4440,#4441,#4442)) ;
#4450=EDGE_LOOP('',(#4451,#4452,#4453,#4454)) ;
#4462=EDGE_LOOP('',(#4463,#4464,#4465,#4466)) ;
#1864=ELLIPSE('Ellipse',#1863,15.,7.5) ;
#2735=ELLIPSE('Ellipse',#2734,15.,7.5) ;
#4060=ELLIPSE('Ellipse',#4059,14.375,6.875) ;
#4188=ELLIPSE('Ellipse',#4187,14.375,6.875) ;
#90=FACE_OUTER_BOUND('',#85,.T.) ;
#121=FACE_OUTER_BOUND('',#116,.T.) ;
#260=FACE_OUTER_BOUND('',#242,.T.) ;
#282=FACE_OUTER_BOUND('',#277,.T.) ;
#461=FACE_OUTER_BOUND('',#438,.T.) ;
#560=FACE_OUTER_BOUND('',#555,.T.) ;
#584=FACE_OUTER_BOUND('',#579,.T.) ;
#615=FACE_OUTER_BOUND('',#610,.T.) ;
#634=FACE_OUTER_BOUND('',#629,.T.) ;
#660=FACE_OUTER_BOUND('',#655,.T.) ;
#714=FACE_OUTER_BOUND('',#705,.T.) ;
#789=FACE_OUTER_BOUND('',#783,.T.) ;
#820=FACE_OUTER_BOUND('',#815,.T.) ;
#851=FACE_OUTER_BOUND('',#846,.T.) ;
#875=FACE_OUTER_BOUND('',#870,.T.) ;
#899=FACE_OUTER_BOUND('',#894,.T.) ;
#940=FACE_OUTER_BOUND('',#935,.T.) ;
#1052=FACE_OUTER_BOUND('',#1036,.T.) ;
#1115=FACE_OUTER_BOUND('',#1106,.T.) ;
#1207=FACE_OUTER_BOUND('',#1200,.T.) ;
#1265=FACE_OUTER_BOUND('',#1260,.T.) ;
#1287=FACE_OUTER_BOUND('',#1282,.T.) ;
#1360=FACE_OUTER_BOUND('',#1349,.T.) ;
#1414=FACE_OUTER_BOUND('',#1403,.T.) ;
#1463=FACE_OUTER_BOUND('',#1456,.T.) ;
#1531=FACE_OUTER_BOUND('',#1524,.T.) ;
#1587=FACE_OUTER_BOUND('',#1582,.T.) ;
#1649=FACE_OUTER_BOUND('',#1642,.T.) ;
#1741=FACE_OUTER_BOUND('',#1734,.T.) ;
#1782=FACE_OUTER_BOUND('',#1777,.T.) ;
#1813=FACE_OUTER_BOUND('',#1808,.T.) ;
#1839=FACE_OUTER_BOUND('',#1835,.T.) ;
#1858=FACE_OUTER_BOUND('',#1854,.T.) ;
#1992=FACE_OUTER_BOUND('',#1976,.T.) ;
#2016=FACE_OUTER_BOUND('',#2011,.T.) ;
#2046=FACE_OUTER_BOUND('',#2041,.T.) ;
#2102=FACE_OUTER_BOUND('',#2097,.T.) ;
#2178=FACE_OUTER_BOUND('',#2171,.T.) ;
#2274=FACE_OUTER_BOUND('',#2257,.T.) ;
#2290=FACE_OUTER_BOUND('',#2286,.T.) ;
#2350=FACE_OUTER_BOUND('',#2343,.T.) ;
#2370=FACE_OUTER_BOUND('',#2365,.T.) ;
#2426=FACE_OUTER_BOUND('',#2419,.T.) ;
#2445=FACE_OUTER_BOUND('',#2441,.T.) ;
#2479=FACE_OUTER_BOUND('',#2474,.T.) ;
#2508=FACE_OUTER_BOUND('',#2503,.T.) ;
#2540=FACE_OUTER_BOUND('',#2536,.T.) ;
#2564=FACE_OUTER_BOUND('',#2559,.T.) ;
#2609=FACE_OUTER_BOUND('',#2605,.T.) ;
#2655=FACE_OUTER_BOUND('',#2650,.T.) ;
#2666=FACE_OUTER_BOUND('',#2662,.T.) ;
#2673=FACE_OUTER_BOUND('',#2668,.T.) ;
#2699=FACE_OUTER_BOUND('',#2692,.T.) ;
#2711=FACE_OUTER_BOUND('',#2706,.T.) ;
#2722=FACE_OUTER_BOUND('',#2718,.T.) ;
#2729=FACE_OUTER_BOUND('',#2724,.T.) ;
#2789=FACE_OUTER_BOUND('',#2773,.T.) ;
#2802=FACE_OUTER_BOUND('',#2797,.T.) ;
#2850=FACE_OUTER_BOUND('',#2843,.T.) ;
#2867=FACE_OUTER_BOUND('',#2862,.T.) ;
#2921=FACE_OUTER_BOUND('',#2914,.T.) ;
#2973=FACE_OUTER_BOUND('',#2968,.T.) ;
#3002=FACE_OUTER_BOUND('',#2997,.T.) ;
#3026=FACE_OUTER_BOUND('',#3021,.T.) ;
#3043=FACE_OUTER_BOUND('',#3038,.T.) ;
#3062=FACE_OUTER_BOUND('',#3055,.T.) ;
#3079=FACE_OUTER_BOUND('',#3074,.T.) ;
#3091=FACE_OUTER_BOUND('',#3086,.T.) ;
#3108=FACE_OUTER_BOUND('',#3103,.T.) ;
#3176=FACE_OUTER_BOUND('',#3169,.T.) ;
#3228=FACE_OUTER_BOUND('',#3223,.T.) ;
#3250=FACE_OUTER_BOUND('',#3245,.T.) ;
#3267=FACE_OUTER_BOUND('',#3262,.T.) ;
#3284=FACE_OUTER_BOUND('',#3279,.T.) ;
#3296=FACE_OUTER_BOUND('',#3291,.T.) ;
#3322=FACE_OUTER_BOUND('',#3317,.T.) ;
#3356=FACE_OUTER_BOUND('',#3347,.T.) ;
#3410=FACE_OUTER_BOUND('',#3403,.T.) ;
#3462=FACE_OUTER_BOUND('',#3457,.T.) ;
#3474=FACE_OUTER_BOUND('',#3469,.T.) ;
#3500=FACE_OUTER_BOUND('',#3495,.T.) ;
#3517=FACE_OUTER_BOUND('',#3512,.T.) ;
#3534=FACE_OUTER_BOUND('',#3529,.T.) ;
#3551=FACE_OUTER_BOUND('',#3546,.T.) ;
#3568=FACE_OUTER_BOUND('',#3563,.T.) ;
#3580=FACE_OUTER_BOUND('',#3575,.T.) ;
#3621=FACE_OUTER_BOUND('',#3615,.T.) ;
#3638=FACE_OUTER_BOUND('',#3633,.T.) ;
#3651=FACE_OUTER_BOUND('',#3645,.T.) ;
#3664=FACE_OUTER_BOUND('',#3658,.T.) ;
#3671=FACE_OUTER_BOUND('',#3666,.T.) ;
#3720=FACE_OUTER_BOUND('',#3715,.T.) ;
#3732=FACE_OUTER_BOUND('',#3727,.T.) ;
#3763=FACE_OUTER_BOUND('',#3758,.T.) ;
#3780=FACE_OUTER_BOUND('',#3775,.T.) ;
#3811=FACE_OUTER_BOUND('',#3806,.T.) ;
#3823=FACE_OUTER_BOUND('',#3818,.T.) ;
#3841=FACE_OUTER_BOUND('',#3830,.T.) ;
#3897=FACE_OUTER_BOUND('',#3892,.T.) ;
#3909=FACE_OUTER_BOUND('',#3904,.T.) ;
#3949=FACE_OUTER_BOUND('',#3942,.T.) ;
#3984=FACE_OUTER_BOUND('',#3977,.T.) ;
#4019=FACE_OUTER_BOUND('',#4013,.T.) ;
#4054=FACE_OUTER_BOUND('',#4048,.T.) ;
#4141=FACE_OUTER_BOUND('',#4126,.T.) ;
#4182=FACE_OUTER_BOUND('',#4167,.T.) ;
#4242=FACE_OUTER_BOUND('',#4227,.T.) ;
#4268=FACE_OUTER_BOUND('',#4261,.T.) ;
#4286=FACE_OUTER_BOUND('',#4280,.T.) ;
#4304=FACE_OUTER_BOUND('',#4298,.T.) ;
#4321=FACE_OUTER_BOUND('',#4311,.T.) ;
#4345=FACE_OUTER_BOUND('',#4335,.T.) ;
#4366=FACE_OUTER_BOUND('',#4359,.T.) ;
#4383=FACE_OUTER_BOUND('',#4378,.T.) ;
#4395=FACE_OUTER_BOUND('',#4390,.T.) ;
#4407=FACE_OUTER_BOUND('',#4402,.T.) ;
#4419=FACE_OUTER_BOUND('',#4414,.T.) ;
#4431=FACE_OUTER_BOUND('',#4426,.T.) ;
#4443=FACE_OUTER_BOUND('',#4438,.T.) ;
#4455=FACE_OUTER_BOUND('',#4450,.T.) ;
#4467=FACE_OUTER_BOUND('',#4462,.T.) ;
#45=UNCERTAINTY_MEASURE_WITH_UNIT(LENGTH_MEASURE(0.005),#41,'distance_accuracy_value','CONFUSED CURVE UNCERTAINTY') ;
#60=LINE('Line',#57,#59) ;
#76=LINE('Line',#73,#75) ;
#100=LINE('Line',#97,#99) ;
#107=LINE('Line',#104,#106) ;
#114=LINE('Line',#111,#113) ;
#131=LINE('Line',#128,#130) ;
#138=LINE('Line',#135,#137) ;
#145=LINE('Line',#142,#144) ;
#158=LINE('Line',#155,#157) ;
#175=LINE('Line',#172,#174) ;
#182=LINE('Line',#179,#181) ;
#199=LINE('Line',#196,#198) ;
#212=LINE('Line',#209,#211) ;
#219=LINE('Line',#216,#218) ;
#226=LINE('Line',#223,#225) ;
#233=LINE('Line',#230,#232) ;
#240=LINE('Line',#237,#239) ;
#270=LINE('Line',#267,#269) ;
#275=LINE('Line',#272,#274) ;
#292=LINE('Line',#289,#291) ;
#337=LINE('Line',#334,#336) ;
#344=LINE('Line',#341,#343) ;
#351=LINE('Line',#348,#350) ;
#377=LINE('Line',#374,#376) ;
#384=LINE('Line',#381,#383) ;
#391=LINE('Line',#388,#390) ;
#436=LINE('Line',#433,#435) ;
#465=LINE('Line',#462,#464) ;
#474=LINE('Line',#471,#473) ;
#481=LINE('Line',#478,#480) ;
#488=LINE('Line',#485,#487) ;
#499=LINE('Line',#496,#498) ;
#508=LINE('Line',#505,#507) ;
#515=LINE('Line',#512,#514) ;
#522=LINE('Line',#519,#521) ;
#539=LINE('Line',#536,#538) ;
#546=LINE('Line',#543,#545) ;
#553=LINE('Line',#550,#552) ;
#570=LINE('Line',#567,#569) ;
#577=LINE('Line',#574,#576) ;
#594=LINE('Line',#591,#593) ;
#601=LINE('Line',#598,#600) ;
#608=LINE('Line',#605,#607) ;
#620=LINE('Line',#617,#619) ;
#627=LINE('Line',#624,#626) ;
#639=LINE('Line',#636,#638) ;
#646=LINE('Line',#643,#645) ;
#653=LINE('Line',#650,#652) ;
#670=LINE('Line',#667,#669) ;
#677=LINE('Line',#674,#676) ;
#684=LINE('Line',#681,#683) ;
#689=LINE('Line',#686,#688) ;
#696=LINE('Line',#693,#695) ;
#703=LINE('Line',#700,#702) ;
#718=LINE('Line',#715,#717) ;
#727=LINE('Line',#724,#726) ;
#734=LINE('Line',#731,#733) ;
#741=LINE('Line',#738,#740) ;
#758=LINE('Line',#755,#757) ;
#765=LINE('Line',#762,#764) ;
#799=LINE('Line',#796,#798) ;
#808=LINE('Line',#805,#807) ;
#813=LINE('Line',#810,#812) ;
#830=LINE('Line',#827,#829) ;
#837=LINE('Line',#834,#836) ;
#844=LINE('Line',#841,#843) ;
#861=LINE('Line',#858,#860) ;
#868=LINE('Line',#865,#867) ;
#885=LINE('Line',#882,#884) ;
#892=LINE('Line',#889,#891) ;
#918=LINE('Line',#915,#917) ;
#950=LINE('Line',#947,#949) ;
#959=LINE('Line',#956,#958) ;
#966=LINE('Line',#963,#965) ;
#973=LINE('Line',#970,#972) ;
#980=LINE('Line',#977,#979) ;
#987=LINE('Line',#984,#986) ;
#994=LINE('Line',#991,#993) ;
#1001=LINE('Line',#998,#1000) ;
#1008=LINE('Line',#1005,#1007) ;
#1015=LINE('Line',#1012,#1014) ;
#1022=LINE('Line',#1019,#1021) ;
#1062=LINE('Line',#1059,#1061) ;
#1069=LINE('Line',#1066,#1068) ;
#1076=LINE('Line',#1073,#1075) ;
#1083=LINE('Line',#1080,#1082) ;
#1090=LINE('Line',#1087,#1089) ;
#1097=LINE('Line',#1094,#1096) ;
#1104=LINE('Line',#1101,#1103) ;
#1297=LINE('Line',#1294,#1296) ;
#1304=LINE('Line',#1301,#1303) ;
#1328=LINE('Line',#1325,#1327) ;
#1335=LINE('Line',#1332,#1334) ;
#1347=LINE('Line',#1344,#1346) ;
#1372=LINE('Line',#1369,#1371) ;
#1379=LINE('Line',#1376,#1378) ;
#1401=LINE('Line',#1398,#1400) ;
#1431=LINE('Line',#1428,#1430) ;
#1454=LINE('Line',#1451,#1453) ;
#1760=LINE('Line',#1757,#1759) ;
#1799=LINE('Line',#1796,#1798) ;
#1823=LINE('Line',#1820,#1822) ;
#1929=LINE('Line',#1926,#1928) ;
#1966=LINE('Line',#1963,#1965) ;
#2009=LINE('Line',#2006,#2008) ;
#2190=LINE('Line',#2187,#2189) ;
#2195=LINE('Line',#2192,#2194) ;
#2217=LINE('Line',#2214,#2216) ;
#2231=LINE('Line',#2228,#2230) ;
#2245=LINE('Line',#2242,#2244) ;
#2284=LINE('Line',#2281,#2283) ;
#2380=LINE('Line',#2377,#2379) ;
#2394=LINE('Line',#2391,#2393) ;
#2417=LINE('Line',#2414,#2416) ;
#2462=LINE('Line',#2459,#2461) ;
#2491=LINE('Line',#2488,#2490) ;
#2518=LINE('Line',#2515,#2517) ;
#2527=LINE('Line',#2524,#2526) ;
#2550=LINE('Line',#2547,#2549) ;
#2557=LINE('Line',#2554,#2556) ;
#2568=LINE('Line',#2565,#2567) ;
#2577=LINE('Line',#2574,#2576) ;
#2584=LINE('Line',#2581,#2583) ;
#2591=LINE('Line',#2588,#2590) ;
#2603=LINE('Line',#2600,#2602) ;
#2683=LINE('Line',#2680,#2682) ;
#2860=LINE('Line',#2857,#2859) ;
#2983=LINE('Line',#2980,#2982) ;
#2990=LINE('Line',#2987,#2989) ;
#2995=LINE('Line',#2992,#2994) ;
#3012=LINE('Line',#3009,#3011) ;
#3019=LINE('Line',#3016,#3018) ;
#3036=LINE('Line',#3033,#3035) ;
#3072=LINE('Line',#3069,#3071) ;
#3084=LINE('Line',#3081,#3083) ;
#3101=LINE('Line',#3098,#3100) ;
#3238=LINE('Line',#3235,#3237) ;
#3243=LINE('Line',#3240,#3242) ;
#3260=LINE('Line',#3257,#3259) ;
#3277=LINE('Line',#3274,#3276) ;
#3310=LINE('Line',#3307,#3309) ;
#3315=LINE('Line',#3312,#3314) ;
#3345=LINE('Line',#3342,#3344) ;
#3467=LINE('Line',#3464,#3466) ;
#3479=LINE('Line',#3476,#3478) ;
#3486=LINE('Line',#3483,#3485) ;
#3493=LINE('Line',#3490,#3492) ;
#3510=LINE('Line',#3507,#3509) ;
#3527=LINE('Line',#3524,#3526) ;
#3544=LINE('Line',#3541,#3543) ;
#3561=LINE('Line',#3558,#3560) ;
#3608=LINE('Line',#3605,#3607) ;
#3613=LINE('Line',#3610,#3612) ;
#3631=LINE('Line',#3628,#3630) ;
#3708=LINE('Line',#3705,#3707) ;
#3713=LINE('Line',#3710,#3712) ;
#3742=LINE('Line',#3739,#3741) ;
#3749=LINE('Line',#3746,#3748) ;
#3799=LINE('Line',#3796,#3798) ;
#3804=LINE('Line',#3801,#3803) ;
#3885=LINE('Line',#3882,#3884) ;
#3890=LINE('Line',#3887,#3889) ;
#3919=LINE('Line',#3916,#3918) ;
#3926=LINE('Line',#3923,#3925) ;
#3933=LINE('Line',#3930,#3932) ;
#3940=LINE('Line',#3937,#3939) ;
#3954=LINE('Line',#3951,#3953) ;
#3961=LINE('Line',#3958,#3960) ;
#3968=LINE('Line',#3965,#3967) ;
#3975=LINE('Line',#3972,#3974) ;
#4011=LINE('Line',#4008,#4010) ;
#4038=LINE('Line',#4035,#4037) ;
#4067=LINE('Line',#4064,#4066) ;
#4085=LINE('Line',#4082,#4084) ;
#4090=LINE('Line',#4087,#4089) ;
#4106=LINE('Line',#4103,#4105) ;
#4146=LINE('Line',#4143,#4145) ;
#4158=LINE('Line',#4155,#4157) ;
#4195=LINE('Line',#4192,#4194) ;
#4209=LINE('Line',#4206,#4208) ;
#4225=LINE('Line',#4222,#4224) ;
#4252=LINE('Line',#4249,#4251) ;
#4259=LINE('Line',#4256,#4258) ;
#4326=LINE('Line',#4323,#4325) ;
#4350=LINE('Line',#4347,#4349) ;
#4357=LINE('Line',#4354,#4356) ;
#2=MECHANICAL_CONTEXT(' ',#1,'mechanical') ;
#24=PERSONAL_ADDRESS(' ',' ',' ',' ',' ',' ',' ',' ',' ',' ',' ',' ',(#22),' ') ;
#96=PLANE('Plane',#95) ;
#127=PLANE('Plane',#126) ;
#266=PLANE('Plane',#265) ;
#288=PLANE('Plane',#287) ;
#535=PLANE('Plane',#534) ;
#566=PLANE('Plane',#565) ;
#590=PLANE('Plane',#589) ;
#666=PLANE('Plane',#665) ;
#795=PLANE('Plane',#794) ;
#826=PLANE('Plane',#825) ;
#857=PLANE('Plane',#856) ;
#881=PLANE('Plane',#880) ;
#946=PLANE('Plane',#945) ;
#1058=PLANE('Plane',#1057) ;
#1293=PLANE('Plane',#1292) ;
#1819=PLANE('Plane',#1818) ;
#1845=PLANE('Plane',#1844) ;
#2280=PLANE('Plane',#2279) ;
#2432=PLANE('Plane',#2431) ;
#2514=PLANE('Plane',#2513) ;
#2546=PLANE('Plane',#2545) ;
#2856=PLANE('Plane',#2855) ;
#2979=PLANE('Plane',#2978) ;
#3008=PLANE('Plane',#3007) ;
#3032=PLANE('Plane',#3031) ;
#3068=PLANE('Plane',#3067) ;
#3097=PLANE('Plane',#3096) ;
#3234=PLANE('Plane',#3233) ;
#3256=PLANE('Plane',#3255) ;
#3273=PLANE('Plane',#3272) ;
#3290=PLANE('Plane',#3289) ;
#3506=PLANE('Plane',#3505) ;
#3523=PLANE('Plane',#3522) ;
#3540=PLANE('Plane',#3539) ;
#3574=PLANE('Plane',#3573) ;
#3627=PLANE('Plane',#3626) ;
#3829=PLANE('Plane',#3828) ;
#3915=PLANE('Plane',#3914) ;
#4248=PLANE('Plane',#4247) ;
#4372=PLANE('Plane',#4371) ;
#43=PLANE_ANGLE_MEASURE_WITH_UNIT(PLANE_ANGLE_MEASURE(0.0174532925199),#42) ;
#7=PRODUCT_CATEGORY('part',$) ;
#9=PRODUCT_CATEGORY_RELATIONSHIP(' ',' ',#7,#8) ;
#6=PRODUCT_DEFINITION_FORMATION_WITH_SPECIFIED_SOURCE('',' ',#5,.NOT_KNOWN.) ;
#8=PRODUCT_RELATED_PRODUCT_CATEGORY('detail',$,(#5)) ;
#50=SHAPE_DEFINITION_REPRESENTATION(#40,#49) ;
#1867=SURFACE_OF_LINEAR_EXTRUSION('generated tabulated cylinder',#1864,#1866) ;
#2738=SURFACE_OF_LINEAR_EXTRUSION('generated tabulated cylinder',#2735,#2737) ;
#4063=SURFACE_OF_LINEAR_EXTRUSION('generated tabulated cylinder',#4060,#4062) ;
#4191=SURFACE_OF_LINEAR_EXTRUSION('generated tabulated cylinder',#4188,#4190) ;
#62=VERTEX_POINT('',#61) ;
#64=VERTEX_POINT('',#63) ;
#71=VERTEX_POINT('',#70) ;
#78=VERTEX_POINT('',#77) ;
#102=VERTEX_POINT('',#101) ;
#109=VERTEX_POINT('',#108) ;
#133=VERTEX_POINT('',#132) ;
#140=VERTEX_POINT('',#139) ;
#147=VERTEX_POINT('',#146) ;
#153=VERTEX_POINT('',#152) ;
#160=VERTEX_POINT('',#159) ;
#170=VERTEX_POINT('',#169) ;
#177=VERTEX_POINT('',#176) ;
#184=VERTEX_POINT('',#183) ;
#194=VERTEX_POINT('',#193) ;
#201=VERTEX_POINT('',#200) ;
#207=VERTEX_POINT('',#206) ;
#214=VERTEX_POINT('',#213) ;
#221=VERTEX_POINT('',#220) ;
#228=VERTEX_POINT('',#227) ;
#235=VERTEX_POINT('',#234) ;
#294=VERTEX_POINT('',#293) ;
#304=VERTEX_POINT('',#303) ;
#313=VERTEX_POINT('',#312) ;
#322=VERTEX_POINT('',#321) ;
#332=VERTEX_POINT('',#331) ;
#339=VERTEX_POINT('',#338) ;
#346=VERTEX_POINT('',#345) ;
#353=VERTEX_POINT('',#352) ;
#372=VERTEX_POINT('',#371) ;
#379=VERTEX_POINT('',#378) ;
#386=VERTEX_POINT('',#385) ;
#393=VERTEX_POINT('',#392) ;
#403=VERTEX_POINT('',#402) ;
#412=VERTEX_POINT('',#411) ;
#421=VERTEX_POINT('',#420) ;
#431=VERTEX_POINT('',#430) ;
#467=VERTEX_POINT('',#466) ;
#469=VERTEX_POINT('',#468) ;
#476=VERTEX_POINT('',#475) ;
#483=VERTEX_POINT('',#482) ;
#501=VERTEX_POINT('',#500) ;
#503=VERTEX_POINT('',#502) ;
#510=VERTEX_POINT('',#509) ;
#517=VERTEX_POINT('',#516) ;
#541=VERTEX_POINT('',#540) ;
#548=VERTEX_POINT('',#547) ;
#572=VERTEX_POINT('',#571) ;
#596=VERTEX_POINT('',#595) ;
#603=VERTEX_POINT('',#602) ;
#622=VERTEX_POINT('',#621) ;
#641=VERTEX_POINT('',#640) ;
#648=VERTEX_POINT('',#647) ;
#672=VERTEX_POINT('',#671) ;
#679=VERTEX_POINT('',#678) ;
#691=VERTEX_POINT('',#690) ;
#698=VERTEX_POINT('',#697) ;
#720=VERTEX_POINT('',#719) ;
#722=VERTEX_POINT('',#721) ;
#729=VERTEX_POINT('',#728) ;
#736=VERTEX_POINT('',#735) ;
#760=VERTEX_POINT('',#759) ;
#767=VERTEX_POINT('',#766) ;
#801=VERTEX_POINT('',#800) ;
#803=VERTEX_POINT('',#802) ;
#832=VERTEX_POINT('',#831) ;
#839=VERTEX_POINT('',#838) ;
#863=VERTEX_POINT('',#862) ;
#887=VERTEX_POINT('',#886) ;
#911=VERTEX_POINT('',#910) ;
#913=VERTEX_POINT('',#912) ;
#920=VERTEX_POINT('',#919) ;
#927=VERTEX_POINT('',#926) ;
#952=VERTEX_POINT('',#951) ;
#954=VERTEX_POINT('',#953) ;
#961=VERTEX_POINT('',#960) ;
#968=VERTEX_POINT('',#967) ;
#975=VERTEX_POINT('',#974) ;
#982=VERTEX_POINT('',#981) ;
#989=VERTEX_POINT('',#988) ;
#996=VERTEX_POINT('',#995) ;
#1003=VERTEX_POINT('',#1002) ;
#1010=VERTEX_POINT('',#1009) ;
#1017=VERTEX_POINT('',#1016) ;
#1024=VERTEX_POINT('',#1023) ;
#1064=VERTEX_POINT('',#1063) ;
#1071=VERTEX_POINT('',#1070) ;
#1078=VERTEX_POINT('',#1077) ;
#1085=VERTEX_POINT('',#1084) ;
#1092=VERTEX_POINT('',#1091) ;
#1099=VERTEX_POINT('',#1098) ;
#1156=VERTEX_POINT('',#1155) ;
#1158=VERTEX_POINT('',#1157) ;
#1164=VERTEX_POINT('',#1163) ;
#1180=VERTEX_POINT('',#1179) ;
#1186=VERTEX_POINT('',#1185) ;
#1194=VERTEX_POINT('',#1193) ;
#1238=VERTEX_POINT('',#1237) ;
#1244=VERTEX_POINT('',#1243) ;
#1299=VERTEX_POINT('',#1298) ;
#1306=VERTEX_POINT('',#1305) ;
#1316=VERTEX_POINT('',#1315) ;
#1323=VERTEX_POINT('',#1322) ;
#1330=VERTEX_POINT('',#1329) ;
#1337=VERTEX_POINT('',#1336) ;
#1367=VERTEX_POINT('',#1366) ;
#1374=VERTEX_POINT('',#1373) ;
#1381=VERTEX_POINT('',#1380) ;
#1388=VERTEX_POINT('',#1387) ;
#1426=VERTEX_POINT('',#1425) ;
#1433=VERTEX_POINT('',#1432) ;
#1449=VERTEX_POINT('',#1448) ;
#1494=VERTEX_POINT('',#1493) ;
#1496=VERTEX_POINT('',#1495) ;
#1512=VERTEX_POINT('',#1511) ;
#1556=VERTEX_POINT('',#1555) ;
#1558=VERTEX_POINT('',#1557) ;
#1616=VERTEX_POINT('',#1615) ;
#1618=VERTEX_POINT('',#1617) ;
#1632=VERTEX_POINT('',#1631) ;
#1682=VERTEX_POINT('',#1681) ;
#1684=VERTEX_POINT('',#1683) ;
#1690=VERTEX_POINT('',#1689) ;
#1706=VERTEX_POINT('',#1705) ;
#1712=VERTEX_POINT('',#1711) ;
#1728=VERTEX_POINT('',#1727) ;
#1753=VERTEX_POINT('',#1752) ;
#1755=VERTEX_POINT('',#1754) ;
#1762=VERTEX_POINT('',#1761) ;
#1769=VERTEX_POINT('',#1768) ;
#1794=VERTEX_POINT('',#1793) ;
#1801=VERTEX_POINT('',#1800) ;
#1825=VERTEX_POINT('',#1824) ;
#1876=VERTEX_POINT('',#1875) ;
#1886=VERTEX_POINT('',#1885) ;
#1902=VERTEX_POINT('',#1901) ;
#1910=VERTEX_POINT('',#1909) ;
#1916=VERTEX_POINT('',#1915) ;
#1924=VERTEX_POINT('',#1923) ;
#1931=VERTEX_POINT('',#1930) ;
#1947=VERTEX_POINT('',#1946) ;
#1968=VERTEX_POINT('',#1967) ;
#2004=VERTEX_POINT('',#2003) ;
#2078=VERTEX_POINT('',#2077) ;
#2084=VERTEX_POINT('',#2083) ;
#2135=VERTEX_POINT('',#2134) ;
#2143=VERTEX_POINT('',#2142) ;
#2149=VERTEX_POINT('',#2148) ;
#2165=VERTEX_POINT('',#2164) ;
#2185=VERTEX_POINT('',#2184) ;
#2197=VERTEX_POINT('',#2196) ;
#2207=VERTEX_POINT('',#2206) ;
#2219=VERTEX_POINT('',#2218) ;
#2226=VERTEX_POINT('',#2225) ;
#2233=VERTEX_POINT('',#2232) ;
#2240=VERTEX_POINT('',#2239) ;
#2247=VERTEX_POINT('',#2246) ;
#2335=VERTEX_POINT('',#2334) ;
#2358=VERTEX_POINT('',#2357) ;
#2382=VERTEX_POINT('',#2381) ;
#2389=VERTEX_POINT('',#2388) ;
#2396=VERTEX_POINT('',#2395) ;
#2412=VERTEX_POINT('',#2411) ;
#2457=VERTEX_POINT('',#2456) ;
#2464=VERTEX_POINT('',#2463) ;
#2486=VERTEX_POINT('',#2485) ;
#2493=VERTEX_POINT('',#2492) ;
#2520=VERTEX_POINT('',#2519) ;
#2522=VERTEX_POINT('',#2521) ;
#2529=VERTEX_POINT('',#2528) ;
#2552=VERTEX_POINT('',#2551) ;
#2570=VERTEX_POINT('',#2569) ;
#2572=VERTEX_POINT('',#2571) ;
#2579=VERTEX_POINT('',#2578) ;
#2586=VERTEX_POINT('',#2585) ;
#2644=VERTEX_POINT('',#2643) ;
#2685=VERTEX_POINT('',#2684) ;
#2898=VERTEX_POINT('',#2897) ;
#2952=VERTEX_POINT('',#2951) ;
#2985=VERTEX_POINT('',#2984) ;
#3014=VERTEX_POINT('',#3013) ;
#3137=VERTEX_POINT('',#3136) ;
#3139=VERTEX_POINT('',#3138) ;
#3149=VERTEX_POINT('',#3148) ;
#3159=VERTEX_POINT('',#3158) ;
#3217=VERTEX_POINT('',#3216) ;
#3303=VERTEX_POINT('',#3302) ;
#3305=VERTEX_POINT('',#3304) ;
#3328=VERTEX_POINT('',#3327) ;
#3330=VERTEX_POINT('',#3329) ;
#3387=VERTEX_POINT('',#3386) ;
#3451=VERTEX_POINT('',#3450) ;
#3481=VERTEX_POINT('',#3480) ;
#3488=VERTEX_POINT('',#3487) ;
#3601=VERTEX_POINT('',#3600) ;
#3603=VERTEX_POINT('',#3602) ;
#3677=VERTEX_POINT('',#3676) ;
#3679=VERTEX_POINT('',#3678) ;
#3701=VERTEX_POINT('',#3700) ;
#3703=VERTEX_POINT('',#3702) ;
#3744=VERTEX_POINT('',#3743) ;
#3751=VERTEX_POINT('',#3750) ;
#3792=VERTEX_POINT('',#3791) ;
#3794=VERTEX_POINT('',#3793) ;
#3847=VERTEX_POINT('',#3846) ;
#3849=VERTEX_POINT('',#3848) ;
#3921=VERTEX_POINT('',#3920) ;
#3928=VERTEX_POINT('',#3927) ;
#3935=VERTEX_POINT('',#3934) ;
#3956=VERTEX_POINT('',#3955) ;
#3963=VERTEX_POINT('',#3962) ;
#3970=VERTEX_POINT('',#3969) ;
#3996=VERTEX_POINT('',#3995) ;
#3998=VERTEX_POINT('',#3997) ;
#4031=VERTEX_POINT('',#4030) ;
#4033=VERTEX_POINT('',#4032) ;
#4069=VERTEX_POINT('',#4068) ;
#4071=VERTEX_POINT('',#4070) ;
#4080=VERTEX_POINT('',#4079) ;
#4092=VERTEX_POINT('',#4091) ;
#4101=VERTEX_POINT('',#4100) ;
#4108=VERTEX_POINT('',#4107) ;
#4148=VERTEX_POINT('',#4147) ;
#4160=VERTEX_POINT('',#4159) ;
#4197=VERTEX_POINT('',#4196) ;
#4211=VERTEX_POINT('',#4210) ;
#4220=VERTEX_POINT('',#4219) ;
#4254=VERTEX_POINT('',#4253) ;
#4328=VERTEX_POINT('',#4327) ;
#4352=VERTEX_POINT('',#4351) ;
#41=(LENGTH_UNIT()NAMED_UNIT(*)SI_UNIT(.MILLI.,.METRE.)) ;
#42=(NAMED_UNIT(*)PLANE_ANGLE_UNIT()SI_UNIT($,.RADIAN.)) ;
#44=(NAMED_UNIT(*)SI_UNIT($,.STERADIAN.)SOLID_ANGLE_UNIT()) ;
#46=(GEOMETRIC_REPRESENTATION_CONTEXT(3)GLOBAL_UNCERTAINTY_ASSIGNED_CONTEXT((#45))GLOBAL_UNIT_ASSIGNED_CONTEXT((#41,#42,#44))REPRESENTATION_CONTEXT(' ',' ')) ;
ENDSEC;
END-ISO-10303-21;
