solid CATIA STL
  facet normal  1.000000e+000  0.000000e+000  0.000000e+000
    outer loop
      vertex -3.500000e+001 -1.650000e+001  1.000000e+001
      vertex -3.500000e+001 -1.650000e+001  1.500000e+000
      vertex -3.500000e+001 -1.550000e+001  1.000000e+001
    endloop
  endfacet
  facet normal  1.000000e+000  0.000000e+000  0.000000e+000
    outer loop
      vertex -3.500000e+001 -1.550000e+001  1.000000e+001
      vertex -3.500000e+001 -1.650000e+001  1.500000e+000
      vertex -3.500000e+001 -1.550000e+001  8.000000e+000
    endloop
  endfacet
  facet normal  1.000000e+000  0.000000e+000  0.000000e+000
    outer loop
      vertex -3.500000e+001 -1.650000e+001  1.500000e+000
      vertex -3.500000e+001 -1.500000e+001  1.500000e+000
      vertex -3.500000e+001 -1.550000e+001  8.000000e+000
    endloop
  endfacet
  facet normal  1.000000e+000  -0.000000e+000  0.000000e+000
    outer loop
      vertex -3.500000e+001 -1.550000e+001  8.000000e+000
      vertex -3.500000e+001 -1.500000e+001  1.500000e+000
      vertex -3.500000e+001 -1.500000e+001  8.000000e+000
    endloop
  endfacet
  facet normal  0.000000e+000  0.000000e+000  1.000000e+000
    outer loop
      vertex -3.500000e+001 -1.650000e+001  1.000000e+001
      vertex -3.862487e+001 -1.619411e+001  1.000000e+001
      vertex -3.778423e+001 -1.664903e+001  1.000000e+001
    endloop
  endfacet
  facet normal  -0.000000e+000  0.000000e+000  9.999999e-001
    outer loop
      vertex -3.862500e+001 -1.562500e+001  1.000000e+001
      vertex -3.939282e+001 -1.562500e+001  1.000000e+001
      vertex -3.862487e+001 -1.619411e+001  1.000000e+001
    endloop
  endfacet
  facet normal  -0.000000e+000  -0.000000e+000  1.000000e+000
    outer loop
      vertex -3.862500e+001 -1.562500e+001  1.000000e+001
      vertex -3.862487e+001 -1.619411e+001  1.000000e+001
      vertex -3.500000e+001 -1.650000e+001  1.000000e+001
    endloop
  endfacet
  facet normal  0.000000e+000  -0.000000e+000  1.000000e+000
    outer loop
      vertex -3.862500e+001 -1.562500e+001  1.000000e+001
      vertex -3.500000e+001 -1.650000e+001  1.000000e+001
      vertex -3.500000e+001 -1.550000e+001  1.000000e+001
    endloop
  endfacet
  facet normal  0.000000e+000  0.000000e+000  1.000000e+000
    outer loop
      vertex -3.862500e+001 -1.562500e+001  1.000000e+001
      vertex -3.500000e+001 -1.550000e+001  1.000000e+001
      vertex -3.585094e+001 -1.542706e+001  1.000000e+001
    endloop
  endfacet
  facet normal  0.000000e+000  0.000000e+000  1.000000e+000
    outer loop
      vertex -3.862500e+001 -1.562500e+001  1.000000e+001
      vertex -3.585094e+001 -1.542706e+001  1.000000e+001
      vertex -3.667706e+001 -1.521036e+001  1.000000e+001
    endloop
  endfacet
  facet normal  0.000000e+000  0.000000e+000  1.000000e+000
    outer loop
      vertex -3.862500e+001 -1.562500e+001  1.000000e+001
      vertex -3.667706e+001 -1.521036e+001  1.000000e+001
      vertex -3.745424e+001 -1.485623e+001  1.000000e+001
    endloop
  endfacet
  facet normal  0.000000e+000  0.000000e+000  1.000000e+000
    outer loop
      vertex -3.862500e+001 -1.562500e+001  1.000000e+001
      vertex -3.745424e+001 -1.485623e+001  1.000000e+001
      vertex -3.815981e+001 -1.437500e+001  1.000000e+001
    endloop
  endfacet
  facet normal  0.000000e+000  0.000000e+000  1.000000e+000
    outer loop
      vertex -3.862500e+001 -1.562500e+001  1.000000e+001
      vertex -3.815981e+001 -1.437500e+001  1.000000e+001
      vertex -3.862500e+001 -1.437500e+001  1.000000e+001
    endloop
  endfacet
  facet normal  0.000000e+000  0.000000e+000  1.000000e+000
    outer loop
      vertex -1.700000e+001 -1.725000e+001  1.000000e+001
      vertex -1.700000e+001 -1.650000e+001  1.000000e+001
      vertex -3.500000e+001 -1.650000e+001  1.000000e+001
    endloop
  endfacet
  facet normal  0.000000e+000  0.000000e+000  1.000000e+000
    outer loop
      vertex -1.700000e+001 -1.725000e+001  1.000000e+001
      vertex -3.500000e+001 -1.650000e+001  1.000000e+001
      vertex -3.778423e+001 -1.664903e+001  1.000000e+001
    endloop
  endfacet
  facet normal  0.000000e+000  0.000000e+000  1.000000e+000
    outer loop
      vertex -1.700000e+001 -1.725000e+001  1.000000e+001
      vertex -3.778423e+001 -1.664903e+001  1.000000e+001
      vertex -3.688776e+001 -1.698065e+001  1.000000e+001
    endloop
  endfacet
  facet normal  0.000000e+000  0.000000e+000  1.000000e+000
    outer loop
      vertex -1.700000e+001 -1.725000e+001  1.000000e+001
      vertex -3.688776e+001 -1.698065e+001  1.000000e+001
      vertex -3.595344e+001 -1.718232e+001  1.000000e+001
    endloop
  endfacet
  facet normal  0.000000e+000  0.000000e+000  1.000000e+000
    outer loop
      vertex -1.700000e+001 -1.725000e+001  1.000000e+001
      vertex -3.595344e+001 -1.718232e+001  1.000000e+001
      vertex -3.500000e+001 -1.725000e+001  1.000000e+001
    endloop
  endfacet
  facet normal  -0.000000e+000  0.000000e+000  1.000000e+000
    outer loop
      vertex  3.500000e+001 -1.650000e+001  1.000000e+001
      vertex  1.700000e+001 -1.650000e+001  1.000000e+001
      vertex  3.778423e+001 -1.664903e+001  1.000000e+001
    endloop
  endfacet
  facet normal  0.000000e+000  -0.000000e+000  1.000000e+000
    outer loop
      vertex  3.500000e+001 -1.650000e+001  1.000000e+001
      vertex  3.778423e+001 -1.664903e+001  1.000000e+001
      vertex  3.862487e+001 -1.619411e+001  1.000000e+001
    endloop
  endfacet
  facet normal  0.000000e+000  -0.000000e+000  1.000000e+000
    outer loop
      vertex  3.500000e+001 -1.650000e+001  1.000000e+001
      vertex  3.862487e+001 -1.619411e+001  1.000000e+001
      vertex  3.939282e+001 -1.562500e+001  1.000000e+001
    endloop
  endfacet
  facet normal  0.000000e+000  0.000000e+000  1.000000e+000
    outer loop
      vertex  3.500000e+001 -1.650000e+001  1.000000e+001
      vertex  3.939282e+001 -1.562500e+001  1.000000e+001
      vertex  3.862500e+001 -1.562500e+001  1.000000e+001
    endloop
  endfacet
  facet normal  0.000000e+000  0.000000e+000  1.000000e+000
    outer loop
      vertex  3.500000e+001 -1.650000e+001  1.000000e+001
      vertex  3.862500e+001 -1.562500e+001  1.000000e+001
      vertex  3.500000e+001 -1.550000e+001  1.000000e+001
    endloop
  endfacet
  facet normal  0.000000e+000  0.000000e+000  1.000000e+000
    outer loop
      vertex  3.862500e+001 -1.562500e+001  1.000000e+001
      vertex  3.862500e+001 -1.437500e+001  1.000000e+001
      vertex  3.815981e+001 -1.437500e+001  1.000000e+001
    endloop
  endfacet
  facet normal  0.000000e+000  0.000000e+000  1.000000e+000
    outer loop
      vertex  3.862500e+001 -1.562500e+001  1.000000e+001
      vertex  3.815981e+001 -1.437500e+001  1.000000e+001
      vertex  3.745424e+001 -1.485623e+001  1.000000e+001
    endloop
  endfacet
  facet normal  0.000000e+000  0.000000e+000  1.000000e+000
    outer loop
      vertex  3.862500e+001 -1.562500e+001  1.000000e+001
      vertex  3.745424e+001 -1.485623e+001  1.000000e+001
      vertex  3.667706e+001 -1.521036e+001  1.000000e+001
    endloop
  endfacet
  facet normal  0.000000e+000  0.000000e+000  1.000000e+000
    outer loop
      vertex  3.862500e+001 -1.562500e+001  1.000000e+001
      vertex  3.667706e+001 -1.521036e+001  1.000000e+001
      vertex  3.585094e+001 -1.542706e+001  1.000000e+001
    endloop
  endfacet
  facet normal  0.000000e+000  0.000000e+000  1.000000e+000
    outer loop
      vertex  3.862500e+001 -1.562500e+001  1.000000e+001
      vertex  3.585094e+001 -1.542706e+001  1.000000e+001
      vertex  3.500000e+001 -1.550000e+001  1.000000e+001
    endloop
  endfacet
  facet normal  0.000000e+000  -0.000000e+000  1.000000e+000
    outer loop
      vertex  1.700000e+001 -1.725000e+001  1.000000e+001
      vertex  3.500000e+001 -1.725000e+001  1.000000e+001
      vertex  3.595344e+001 -1.718232e+001  1.000000e+001
    endloop
  endfacet
  facet normal  0.000000e+000  -0.000000e+000  9.999999e-001
    outer loop
      vertex  1.700000e+001 -1.725000e+001  1.000000e+001
      vertex  3.595344e+001 -1.718232e+001  1.000000e+001
      vertex  3.688776e+001 -1.698065e+001  1.000000e+001
    endloop
  endfacet
  facet normal  0.000000e+000  -0.000000e+000  1.000000e+000
    outer loop
      vertex  1.700000e+001 -1.725000e+001  1.000000e+001
      vertex  3.688776e+001 -1.698065e+001  1.000000e+001
      vertex  3.778423e+001 -1.664903e+001  1.000000e+001
    endloop
  endfacet
  facet normal  0.000000e+000  0.000000e+000  9.999999e-001
    outer loop
      vertex  1.700000e+001 -1.725000e+001  1.000000e+001
      vertex  3.778423e+001 -1.664903e+001  1.000000e+001
      vertex  1.700000e+001 -1.650000e+001  1.000000e+001
    endloop
  endfacet
  facet normal -5.881708e-001  8.087323e-001  2.671119e-003
    outer loop
      vertex  3.730964e+001 -1.436207e+001  1.500000e+000
      vertex  3.757858e+001 -1.418794e+001  8.000000e+000
      vertex  3.796258e+001 -1.388720e+001  1.500000e+000
    endloop
  endfacet
  facet normal -5.089040e-001  8.608209e-001 -2.004017e-003
    outer loop
      vertex  3.698824e+001 -1.453695e+001  8.000000e+000
      vertex  3.757858e+001 -1.418794e+001  8.000000e+000
      vertex  3.730964e+001 -1.436207e+001  1.500000e+000
    endloop
  endfacet
  facet normal -4.341895e-001  9.008173e-001  2.766374e-003
    outer loop
      vertex  3.658234e+001 -1.471262e+001  1.500000e+000
      vertex  3.698824e+001 -1.453695e+001  8.000000e+000
      vertex  3.730964e+001 -1.436207e+001  1.500000e+000
    endloop
  endfacet
  facet normal -3.721871e-001  9.281560e-001 -1.844282e-003
    outer loop
      vertex  3.658234e+001 -1.471262e+001  1.500000e+000
      vertex  3.635172e+001 -1.479219e+001  8.000000e+000
      vertex  3.698824e+001 -1.453695e+001  8.000000e+000
    endloop
  endfacet
  facet normal -2.662354e-001  9.639051e-001  2.352563e-003
    outer loop
      vertex  3.635172e+001 -1.479219e+001  8.000000e+000
      vertex  3.658234e+001 -1.471262e+001  1.500000e+000
      vertex  3.580412e+001 -1.492757e+001  1.500000e+000
    endloop
  endfacet
  facet normal -9.959366e-001 -9.005712e-002 -6.807596e-006
    outer loop
      vertex  3.949524e+001 -1.029314e+001  5.200878e+000
      vertex  3.945943e+001 -9.897125e+000  5.013972e+000
      vertex  3.949522e+001 -1.029257e+001  1.500000e+000
    endloop
  endfacet
  facet normal -9.845196e-001 -1.750072e-001  9.669282e-003
    outer loop
      vertex  3.949522e+001 -1.029257e+001  1.500000e+000
      vertex  3.945943e+001 -9.897125e+000  5.013972e+000
      vertex  3.938580e+001 -9.492650e+000  4.837214e+000
    endloop
  endfacet
  facet normal -9.907742e-001 -1.355231e-001  -0.000000e+000
    outer loop
      vertex  3.949522e+001 -1.029257e+001  1.500000e+000
      vertex  3.938580e+001 -9.492650e+000  4.837214e+000
      vertex  3.938580e+001 -9.492650e+000  1.500000e+000
    endloop
  endfacet
  facet normal -9.954478e-001  9.530827e-002 -3.726541e-004
    outer loop
      vertex  3.945490e+001 -1.113552e+001  5.652275e+000
      vertex  3.949446e+001 -1.072322e+001  5.421337e+000
      vertex  3.945993e+001 -1.109916e+001  1.500000e+000
    endloop
  endfacet
  facet normal -9.999479e-001  6.034856e-003  8.225826e-003
    outer loop
      vertex  3.945993e+001 -1.109916e+001  1.500000e+000
      vertex  3.949446e+001 -1.072322e+001  5.421337e+000
      vertex  3.949524e+001 -1.029314e+001  5.200878e+000
    endloop
  endfacet
  facet normal -9.990447e-001  4.370024e-002  1.399881e-005
    outer loop
      vertex  3.945993e+001 -1.109916e+001  1.500000e+000
      vertex  3.949524e+001 -1.029314e+001  5.200878e+000
      vertex  3.949522e+001 -1.029257e+001  1.500000e+000
    endloop
  endfacet
  facet normal -9.596354e-001  2.812467e-001 -6.850477e-004
    outer loop
      vertex  3.925399e+001 -1.196750e+001  6.191306e+000
      vertex  3.937220e+001 -1.156481e+001  5.916659e+000
      vertex  3.928109e+001 -1.188647e+001  1.500000e+000
    endloop
  endfacet
  facet normal -9.812127e-001  1.928298e-001  6.199382e-003
    outer loop
      vertex  3.928109e+001 -1.188647e+001  1.500000e+000
      vertex  3.937220e+001 -1.156481e+001  5.916659e+000
      vertex  3.945490e+001 -1.113552e+001  5.652275e+000
    endloop
  endfacet
  facet normal -9.751554e-001  2.215203e-001  7.570547e-004
    outer loop
      vertex  3.928109e+001 -1.188647e+001  1.500000e+000
      vertex  3.945490e+001 -1.113552e+001  5.652275e+000
      vertex  3.945993e+001 -1.109916e+001  1.500000e+000
    endloop
  endfacet
  facet normal -8.906888e-001  4.546129e-001 -7.083103e-004
    outer loop
      vertex  3.890998e+001 -1.272758e+001  6.804251e+000
      vertex  3.909574e+001 -1.236411e+001  6.493027e+000
      vertex  3.896443e+001 -1.262915e+001  1.500000e+000
    endloop
  endfacet
  facet normal -9.275854e-001  3.735832e-001  4.563309e-003
    outer loop
      vertex  3.896443e+001 -1.262915e+001  1.500000e+000
      vertex  3.909574e+001 -1.236411e+001  6.493027e+000
      vertex  3.925399e+001 -1.196750e+001  6.191306e+000
    endloop
  endfacet
  facet normal -9.198764e-001  3.922056e-001  1.461022e-003
    outer loop
      vertex  3.896443e+001 -1.262915e+001  1.500000e+000
      vertex  3.925399e+001 -1.196750e+001  6.191306e+000
      vertex  3.928109e+001 -1.188647e+001  1.500000e+000
    endloop
  endfacet
  facet normal -7.882754e-001  6.153221e-001 -7.961829e-004
    outer loop
      vertex  3.841234e+001 -1.343359e+001  7.552941e+000
      vertex  3.867043e+001 -1.310344e+001  7.172985e+000
      vertex  3.852016e+001 -1.330330e+001  1.500000e+000
    endloop
  endfacet
  facet normal -8.418312e-001  5.397310e-001  3.285429e-003
    outer loop
      vertex  3.852016e+001 -1.330330e+001  1.500000e+000
      vertex  3.867043e+001 -1.310344e+001  7.172985e+000
      vertex  3.890998e+001 -1.272758e+001  6.804251e+000
    endloop
  endfacet
  facet normal -8.349857e-001  5.502691e-001  1.638537e-003
    outer loop
      vertex  3.852016e+001 -1.330330e+001  1.500000e+000
      vertex  3.890998e+001 -1.272758e+001  6.804251e+000
      vertex  3.896443e+001 -1.262915e+001  1.500000e+000
    endloop
  endfacet
  facet normal -6.337995e-001  7.734955e-001 -1.654851e-003
    outer loop
      vertex  3.757858e+001 -1.418794e+001  8.000000e+000
      vertex  3.810904e+001 -1.375329e+001  8.000000e+000
      vertex  3.796258e+001 -1.388720e+001  1.500000e+000
    endloop
  endfacet
  facet normal -7.239938e-001  6.898033e-001  2.101538e-003
    outer loop
      vertex  3.796258e+001 -1.388720e+001  1.500000e+000
      vertex  3.810904e+001 -1.375329e+001  8.000000e+000
      vertex  3.841234e+001 -1.343359e+001  7.552941e+000
    endloop
  endfacet
  facet normal -7.232206e-001  6.906143e-001  1.983308e-003
    outer loop
      vertex  3.796258e+001 -1.388720e+001  1.500000e+000
      vertex  3.841234e+001 -1.343359e+001  7.552941e+000
      vertex  3.852016e+001 -1.330330e+001  1.500000e+000
    endloop
  endfacet
  facet normal -2.268268e-001  9.739345e-001 -1.176358e-003
    outer loop
      vertex  3.635172e+001 -1.479219e+001  8.000000e+000
      vertex  3.580412e+001 -1.492757e+001  1.500000e+000
      vertex  3.568380e+001 -1.494774e+001  8.000000e+000
    endloop
  endfacet
  facet normal -8.970692e-002  9.959671e-001  1.430112e-003
    outer loop
      vertex  3.568380e+001 -1.494774e+001  8.000000e+000
      vertex  3.580412e+001 -1.492757e+001  1.500000e+000
      vertex  3.500000e+001 -1.500000e+001  1.500000e+000
    endloop
  endfacet
  facet normal -7.619870e-002  9.970927e-001  0.000000e+000
    outer loop
      vertex  3.568380e+001 -1.494774e+001  8.000000e+000
      vertex  3.500000e+001 -1.500000e+001  1.500000e+000
      vertex  3.500000e+001 -1.500000e+001  8.000000e+000
    endloop
  endfacet
  facet normal -2.662354e-001 -9.639051e-001  2.352563e-003
    outer loop
      vertex  3.658234e+001  1.471262e+001  1.500000e+000
      vertex  3.635172e+001  1.479219e+001  8.000000e+000
      vertex  3.580412e+001  1.492757e+001  1.500000e+000
    endloop
  endfacet
  facet normal -3.721871e-001 -9.281560e-001 -1.844282e-003
    outer loop
      vertex  3.698824e+001  1.453695e+001  8.000000e+000
      vertex  3.635172e+001  1.479219e+001  8.000000e+000
      vertex  3.658234e+001  1.471262e+001  1.500000e+000
    endloop
  endfacet
  facet normal -4.341895e-001 -9.008173e-001  2.766374e-003
    outer loop
      vertex  3.730964e+001  1.436207e+001  1.500000e+000
      vertex  3.698824e+001  1.453695e+001  8.000000e+000
      vertex  3.658234e+001  1.471262e+001  1.500000e+000
    endloop
  endfacet
  facet normal -5.089040e-001 -8.608209e-001 -2.004017e-003
    outer loop
      vertex  3.730964e+001  1.436207e+001  1.500000e+000
      vertex  3.757858e+001  1.418794e+001  8.000000e+000
      vertex  3.698824e+001  1.453695e+001  8.000000e+000
    endloop
  endfacet
  facet normal -5.881708e-001 -8.087323e-001  2.671119e-003
    outer loop
      vertex  3.757858e+001  1.418794e+001  8.000000e+000
      vertex  3.730964e+001  1.436207e+001  1.500000e+000
      vertex  3.796258e+001  1.388720e+001  1.500000e+000
    endloop
  endfacet
  facet normal -6.337995e-001 -7.734955e-001 -1.654852e-003
    outer loop
      vertex  3.757858e+001  1.418794e+001  8.000000e+000
      vertex  3.796258e+001  1.388720e+001  1.500000e+000
      vertex  3.810904e+001  1.375329e+001  8.000000e+000
    endloop
  endfacet
  facet normal -2.268268e-001 -9.739345e-001 -1.176358e-003
    outer loop
      vertex  3.635172e+001  1.479219e+001  8.000000e+000
      vertex  3.568380e+001  1.494774e+001  8.000000e+000
      vertex  3.580412e+001  1.492757e+001  1.500000e+000
    endloop
  endfacet
  facet normal -7.619860e-002 -9.970913e-001  1.683641e-003
    outer loop
      vertex  3.580412e+001  1.492757e+001  1.500000e+000
      vertex  3.568380e+001  1.494774e+001  8.000000e+000
      vertex  3.500000e+001  1.500000e+001  8.000000e+000
    endloop
  endfacet
  facet normal -8.970702e-002 -9.959682e-001  -0.000000e+000
    outer loop
      vertex  3.580412e+001  1.492757e+001  1.500000e+000
      vertex  3.500000e+001  1.500000e+001  8.000000e+000
      vertex  3.500000e+001  1.500000e+001  1.500000e+000
    endloop
  endfacet
  facet normal -7.882754e-001 -6.153221e-001 -7.961829e-004
    outer loop
      vertex  3.867043e+001  1.310344e+001  7.172985e+000
      vertex  3.841234e+001  1.343359e+001  7.552941e+000
      vertex  3.852016e+001  1.330330e+001  1.500000e+000
    endloop
  endfacet
  facet normal -7.241016e-001 -6.896905e-001  1.947728e-003
    outer loop
      vertex  3.852016e+001  1.330330e+001  1.500000e+000
      vertex  3.841234e+001  1.343359e+001  7.552941e+000
      vertex  3.810904e+001  1.375329e+001  8.000000e+000
    endloop
  endfacet
  facet normal -7.232204e-001 -6.906142e-001  2.067409e-003
    outer loop
      vertex  3.852016e+001  1.330330e+001  1.500000e+000
      vertex  3.810904e+001  1.375329e+001  8.000000e+000
      vertex  3.796258e+001  1.388720e+001  1.500000e+000
    endloop
  endfacet
  facet normal -8.906888e-001 -4.546129e-001 -7.083095e-004
    outer loop
      vertex  3.909574e+001  1.236411e+001  6.493027e+000
      vertex  3.890998e+001  1.272758e+001  6.804251e+000
      vertex  3.896443e+001  1.262915e+001  1.500000e+000
    endloop
  endfacet
  facet normal -8.427031e-001 -5.383768e-001  1.338634e-003
    outer loop
      vertex  3.896443e+001  1.262915e+001  1.500000e+000
      vertex  3.890998e+001  1.272758e+001  6.804251e+000
      vertex  3.867043e+001  1.310344e+001  7.172985e+000
    endloop
  endfacet
  facet normal -8.349838e-001 -5.502679e-001  2.732845e-003
    outer loop
      vertex  3.896443e+001  1.262915e+001  1.500000e+000
      vertex  3.867043e+001  1.310344e+001  7.172985e+000
      vertex  3.852016e+001  1.330330e+001  1.500000e+000
    endloop
  endfacet
  facet normal -9.596354e-001 -2.812467e-001 -6.850482e-004
    outer loop
      vertex  3.937220e+001  1.156481e+001  5.916659e+000
      vertex  3.925399e+001  1.196750e+001  6.191306e+000
      vertex  3.928109e+001  1.188647e+001  1.500000e+000
    endloop
  endfacet
  facet normal -9.285192e-001 -3.712828e-001  1.049734e-003
    outer loop
      vertex  3.928109e+001  1.188647e+001  1.500000e+000
      vertex  3.925399e+001  1.196750e+001  6.191306e+000
      vertex  3.909574e+001  1.236411e+001  6.493027e+000
    endloop
  endfacet
  facet normal -9.198721e-001 -3.922038e-001  3.372026e-003
    outer loop
      vertex  3.928109e+001  1.188647e+001  1.500000e+000
      vertex  3.909574e+001  1.236411e+001  6.493027e+000
      vertex  3.896443e+001  1.262915e+001  1.500000e+000
    endloop
  endfacet
  facet normal -9.999984e-001 -1.822168e-003  7.498405e-006
    outer loop
      vertex  3.949524e+001  1.029314e+001  5.200878e+000
      vertex  3.949446e+001  1.072322e+001  5.421337e+000
      vertex  3.949522e+001  1.029257e+001  1.500000e+000
    endloop
  endfacet
  facet normal -9.947655e-001 -1.015935e-001  1.096557e-002
    outer loop
      vertex  3.949522e+001  1.029257e+001  1.500000e+000
      vertex  3.949446e+001  1.072322e+001  5.421337e+000
      vertex  3.945490e+001  1.113552e+001  5.652275e+000
    endloop
  endfacet
  facet normal -9.990444e-001 -4.370023e-002 -8.288908e-004
    outer loop
      vertex  3.949522e+001  1.029257e+001  1.500000e+000
      vertex  3.945490e+001  1.113552e+001  5.652275e+000
      vertex  3.945993e+001  1.109916e+001  1.500000e+000
    endloop
  endfacet
  facet normal -9.818939e-001 -1.894312e-001  4.679140e-004
    outer loop
      vertex  3.945993e+001  1.109916e+001  1.500000e+000
      vertex  3.945490e+001  1.113552e+001  5.652275e+000
      vertex  3.937220e+001  1.156481e+001  5.916659e+000
    endloop
  endfacet
  facet normal -9.751480e-001 -2.215186e-001  3.984896e-003
    outer loop
      vertex  3.945993e+001  1.109916e+001  1.500000e+000
      vertex  3.937220e+001  1.156481e+001  5.916659e+000
      vertex  3.928109e+001  1.188647e+001  1.500000e+000
    endloop
  endfacet
  facet normal -9.838296e-001  1.791071e-001  0.000000e+000
    outer loop
      vertex  3.938580e+001  9.492650e+000  4.837214e+000
      vertex  3.945943e+001  9.897125e+000  5.013972e+000
      vertex  3.938580e+001  9.492650e+000  1.500000e+000
    endloop
  endfacet
  facet normal -9.963322e-001  8.484527e-002  1.111199e-002
    outer loop
      vertex  3.938580e+001  9.492650e+000  1.500000e+000
      vertex  3.945943e+001  9.897125e+000  5.013972e+000
      vertex  3.949524e+001  1.029314e+001  5.200878e+000
    endloop
  endfacet
  facet normal -9.907742e-001  1.355231e-001 -1.390971e-005
    outer loop
      vertex  3.938580e+001  9.492650e+000  1.500000e+000
      vertex  3.949524e+001  1.029314e+001  5.200878e+000
      vertex  3.949522e+001  1.029257e+001  1.500000e+000
    endloop
  endfacet
  facet normal  1.000000e+000  0.000000e+000  0.000000e+000
    outer loop
      vertex -3.500000e+001  1.500000e+001  1.500000e+000
      vertex -3.500000e+001  1.650000e+001  1.500000e+000
      vertex -3.500000e+001  1.500000e+001  8.000000e+000
    endloop
  endfacet
  facet normal  1.000000e+000  -0.000000e+000  0.000000e+000
    outer loop
      vertex -3.500000e+001  1.500000e+001  8.000000e+000
      vertex -3.500000e+001  1.650000e+001  1.500000e+000
      vertex -3.500000e+001  1.550000e+001  8.000000e+000
    endloop
  endfacet
  facet normal  1.000000e+000  0.000000e+000  0.000000e+000
    outer loop
      vertex -3.500000e+001  1.650000e+001  1.500000e+000
      vertex -3.500000e+001  1.650000e+001  1.000000e+001
      vertex -3.500000e+001  1.550000e+001  8.000000e+000
    endloop
  endfacet
  facet normal  1.000000e+000  0.000000e+000  0.000000e+000
    outer loop
      vertex -3.500000e+001  1.550000e+001  8.000000e+000
      vertex -3.500000e+001  1.650000e+001  1.000000e+001
      vertex -3.500000e+001  1.550000e+001  1.000000e+001
    endloop
  endfacet
  facet normal -4.496821e-003 -2.395073e-001  9.708841e-001
    outer loop
      vertex -3.723207e+001  5.953513e+000  3.742339e+000
      vertex -3.907129e+001  6.777317e+000  3.937044e+000
      vertex -3.878402e+001  6.285233e+000  3.816983e+000
    endloop
  endfacet
  facet normal  1.471029e-003 -1.239313e-001  9.922897e-001
    outer loop
      vertex -3.777734e+001  3.960746e+000  3.391114e+000
      vertex -3.759092e+001  3.325264e+000  3.311470e+000
      vertex -3.644023e+001  3.607359e+000  3.344996e+000
    endloop
  endfacet
  facet normal  1.146202e-003  5.382163e-003  9.999848e-001
    outer loop
      vertex -3.716401e+001 -4.449289e-001  3.128294e+000
      vertex -3.600097e+001 -1.710577e-001  3.125487e+000
      vertex -3.715693e+001  1.206123e-001  3.125242e+000
    endloop
  endfacet
  facet normal  8.819172e-003  9.174904e-001  3.976600e-001
    outer loop
      vertex -3.910144e+001 -1.398794e+001  8.415366e+000
      vertex -3.892886e+001 -1.414134e+001  8.765459e+000
      vertex -3.849474e+001 -1.407587e+001  8.604774e+000
    endloop
  endfacet
  facet normal -1.147826e-006  8.278489e-001  5.609510e-001
    outer loop
      vertex -3.879686e+001 -1.375329e+001  8.000000e+000
      vertex -3.810904e+001 -1.375329e+001  8.000000e+000
      vertex -3.947562e+001 -1.359189e+001  7.761800e+000
    endloop
  endfacet
  facet normal  5.490212e-003  8.350337e-001  5.501714e-001
    outer loop
      vertex -3.879686e+001 -1.375329e+001  8.000000e+000
      vertex -3.947562e+001 -1.359189e+001  7.761800e+000
      vertex -3.928452e+001 -1.380600e+001  8.084867e+000
    endloop
  endfacet
  facet normal -9.787280e-003  8.736868e-001  4.863904e-001
    outer loop
      vertex -3.879686e+001 -1.375329e+001  8.000000e+000
      vertex -3.928452e+001 -1.380600e+001  8.084867e+000
      vertex -3.910144e+001 -1.398794e+001  8.415366e+000
    endloop
  endfacet
  facet normal -2.244873e-002  8.774127e-001  4.792109e-001
    outer loop
      vertex -3.879686e+001 -1.375329e+001  8.000000e+000
      vertex -3.910144e+001 -1.398794e+001  8.415366e+000
      vertex -3.849474e+001 -1.407587e+001  8.604774e+000
    endloop
  endfacet
  facet normal  0.000000e+000 -9.986162e-001  5.259192e-002
    outer loop
      vertex -3.815981e+001  1.437500e+001  1.000000e+001
      vertex -3.862500e+001  1.437500e+001  1.000000e+001
      vertex -3.818203e+001  1.435678e+001  9.653949e+000
    endloop
  endfacet
  facet normal -1.436717e-002 -9.993104e-001  3.423748e-002
    outer loop
      vertex -3.818203e+001  1.435678e+001  9.653949e+000
      vertex -3.862500e+001  1.437500e+001  1.000000e+001
      vertex -3.863557e+001  1.436759e+001  9.779283e+000
    endloop
  endfacet
  facet normal  3.817340e-003 -9.950132e-001  9.967028e-002
    outer loop
      vertex -3.818203e+001  1.435678e+001  9.653949e+000
      vertex -3.863557e+001  1.436759e+001  9.779283e+000
      vertex -3.866675e+001  1.434543e+001  9.559266e+000
    endloop
  endfacet
  facet normal -7.629568e-003 -9.875098e-001  1.573726e-001
    outer loop
      vertex -3.818203e+001  1.435678e+001  9.653949e+000
      vertex -3.866675e+001  1.434543e+001  9.559266e+000
      vertex -3.824657e+001  1.430260e+001  9.310870e+000
    endloop
  endfacet
  facet normal -2.354444e-003 -9.861137e-001  1.660550e-001
    outer loop
      vertex -3.824657e+001  1.430260e+001  9.310870e+000
      vertex -3.866675e+001  1.434543e+001  9.559266e+000
      vertex -3.871706e+001  1.430874e+001  9.340660e+000
    endloop
  endfacet
  facet normal  3.601076e-003 -9.666436e-001  2.561003e-001
    outer loop
      vertex -3.824657e+001  1.430260e+001  9.310870e+000
      vertex -3.871706e+001  1.430874e+001  9.340660e+000
      vertex -3.835461e+001  1.420765e+001  8.953986e+000
    endloop
  endfacet
  facet normal -2.062408e-002 -9.718369e-001  2.347504e-001
    outer loop
      vertex -3.835461e+001  1.420765e+001  8.953986e+000
      vertex -3.871706e+001  1.430874e+001  9.340660e+000
      vertex -3.878437e+001  1.425785e+001  9.124081e+000
    endloop
  endfacet
  facet normal  2.635060e-002 -9.387236e-001  3.436623e-001
    outer loop
      vertex -3.835461e+001  1.420765e+001  8.953986e+000
      vertex -3.878437e+001  1.425785e+001  9.124081e+000
      vertex -3.849474e+001  1.407587e+001  8.604774e+000
    endloop
  endfacet
  facet normal -2.526898e-002 -9.477426e-001  3.180337e-001
    outer loop
      vertex -3.849474e+001  1.407587e+001  8.604774e+000
      vertex -3.878437e+001  1.425785e+001  9.124081e+000
      vertex -3.892869e+001  1.414150e+001  8.765886e+000
    endloop
  endfacet
  facet normal  8.820828e-003 -9.175386e-001  3.975489e-001
    outer loop
      vertex -3.849474e+001  1.407587e+001  8.604774e+000
      vertex -3.892869e+001  1.414150e+001  8.765886e+000
      vertex -3.910118e+001  1.398818e+001  8.415850e+000
    endloop
  endfacet
  facet normal -2.241616e-002 -8.774202e-001  4.791986e-001
    outer loop
      vertex -3.849474e+001  1.407587e+001  8.604774e+000
      vertex -3.910118e+001  1.398818e+001  8.415850e+000
      vertex -3.879686e+001  1.375329e+001  8.000000e+000
    endloop
  endfacet
  facet normal -9.850687e-003 -8.737307e-001  4.863102e-001
    outer loop
      vertex -3.879686e+001  1.375329e+001  8.000000e+000
      vertex -3.910118e+001  1.398818e+001  8.415850e+000
      vertex -3.928427e+001  1.380627e+001  8.085311e+000
    endloop
  endfacet
  facet normal  5.509549e-003 -8.350959e-001  5.500770e-001
    outer loop
      vertex -3.879686e+001  1.375329e+001  8.000000e+000
      vertex -3.928427e+001  1.380627e+001  8.085311e+000
      vertex -3.947538e+001  1.359218e+001  7.762199e+000
    endloop
  endfacet
  facet normal -1.127807e-006 -8.134102e-001  5.816905e-001
    outer loop
      vertex -3.810904e+001  1.375329e+001  8.000000e+000
      vertex -3.879686e+001  1.375329e+001  8.000000e+000
      vertex -3.841234e+001  1.343359e+001  7.552941e+000
    endloop
  endfacet
  facet normal -8.270347e-003 -8.167340e-001  5.769551e-001
    outer loop
      vertex -3.841234e+001  1.343359e+001  7.552941e+000
      vertex -3.879686e+001  1.375329e+001  8.000000e+000
      vertex -3.947538e+001  1.359218e+001  7.762199e+000
    endloop
  endfacet
  facet normal  2.409918e-003 -7.910501e-001  6.117467e-001
    outer loop
      vertex -3.841234e+001  1.343359e+001  7.552941e+000
      vertex -3.947538e+001  1.359218e+001  7.762199e+000
      vertex -3.965983e+001  1.335739e+001  7.459328e+000
    endloop
  endfacet
  facet normal -3.275927e-003 -7.537482e-001  6.571550e-001
    outer loop
      vertex -3.841234e+001  1.343359e+001  7.552941e+000
      vertex -3.965983e+001  1.335739e+001  7.459328e+000
      vertex -3.867043e+001  1.310344e+001  7.172985e+000
    endloop
  endfacet
  facet normal  3.430189e-004 -7.475713e-001  6.641815e-001
    outer loop
      vertex -3.867043e+001  1.310344e+001  7.172985e+000
      vertex -3.965983e+001  1.335739e+001  7.459328e+000
      vertex -3.984018e+001  1.309445e+001  7.163462e+000
    endloop
  endfacet
  facet normal -4.270451e-004 -7.001621e-001  7.139838e-001
    outer loop
      vertex -3.867043e+001  1.310344e+001  7.172985e+000
      vertex -3.984018e+001  1.309445e+001  7.163462e+000
      vertex -3.890998e+001  1.272758e+001  6.804251e+000
    endloop
  endfacet
  facet normal -3.290856e-003 -7.038533e-001  7.103378e-001
    outer loop
      vertex -3.890998e+001  1.272758e+001  6.804251e+000
      vertex -3.984018e+001  1.309445e+001  7.163462e+000
      vertex -4.001211e+001  1.280379e+001  6.874660e+000
    endloop
  endfacet
  facet normal  3.426211e-003 -6.514105e-001  7.587177e-001
    outer loop
      vertex -3.890998e+001  1.272758e+001  6.804251e+000
      vertex -4.001211e+001  1.280379e+001  6.874660e+000
      vertex -3.909574e+001  1.236411e+001  6.493027e+000
    endloop
  endfacet
  facet normal -5.093728e-003 -6.615216e-001  7.499088e-001
    outer loop
      vertex -3.909574e+001  1.236411e+001  6.493027e+000
      vertex -4.001211e+001  1.280379e+001  6.874660e+000
      vertex -4.017173e+001  1.248586e+001  6.593117e+000
    endloop
  endfacet
  facet normal  5.279535e-003 -6.067883e-001  7.948461e-001
    outer loop
      vertex -3.909574e+001  1.236411e+001  6.493027e+000
      vertex -4.017173e+001  1.248586e+001  6.593117e+000
      vertex -3.925399e+001  1.196750e+001  6.191306e+000
    endloop
  endfacet
  facet normal -7.647010e-003 -6.210565e-001  7.837285e-001
    outer loop
      vertex -3.925399e+001  1.196750e+001  6.191306e+000
      vertex -4.017173e+001  1.248586e+001  6.593117e+000
      vertex -4.030958e+001  1.215617e+001  6.330518e+000
    endloop
  endfacet
  facet normal  2.210011e-003 -5.856870e-001  8.105342e-001
    outer loop
      vertex -3.925399e+001  1.196750e+001  6.191306e+000
      vertex -4.030958e+001  1.215617e+001  6.330518e+000
      vertex -4.042908e+001  1.180297e+001  6.075624e+000
    endloop
  endfacet
  facet normal -2.544183e-003 -5.629487e-001  8.264880e-001
    outer loop
      vertex -3.925399e+001  1.196750e+001  6.191306e+000
      vertex -4.042908e+001  1.180297e+001  6.075624e+000
      vertex -3.937220e+001  1.156481e+001  5.916659e+000
    endloop
  endfacet
  facet normal  1.748642e-003 -5.497836e-001  8.353053e-001
    outer loop
      vertex -3.937220e+001  1.156481e+001  5.916659e+000
      vertex -4.042908e+001  1.180297e+001  6.075624e+000
      vertex -4.052332e+001  1.144326e+001  5.839064e+000
    endloop
  endfacet
  facet normal -2.065298e-003 -5.241016e-001  8.516533e-001
    outer loop
      vertex -3.937220e+001  1.156481e+001  5.916659e+000
      vertex -4.052332e+001  1.144326e+001  5.839064e+000
      vertex -3.945490e+001  1.113552e+001  5.652275e+000
    endloop
  endfacet
  facet normal  1.141009e-003 -5.159742e-001  8.566033e-001
    outer loop
      vertex -3.945490e+001  1.113552e+001  5.652275e+000
      vertex -4.052332e+001  1.144326e+001  5.839064e+000
      vertex -4.059465e+001  1.106386e+001  5.610627e+000
    endloop
  endfacet
  facet normal -1.161721e-003 -4.885951e-001  8.725099e-001
    outer loop
      vertex -3.945490e+001  1.113552e+001  5.652275e+000
      vertex -4.059465e+001  1.106386e+001  5.610627e+000
      vertex -3.949446e+001  1.072322e+001  5.421337e+000
    endloop
  endfacet
  facet normal  8.707062e-004 -4.835808e-001  8.752993e-001
    outer loop
      vertex -3.949446e+001  1.072322e+001  5.421337e+000
      vertex -4.059465e+001  1.106386e+001  5.610627e+000
      vertex -4.064005e+001  1.066613e+001  5.390939e+000
    endloop
  endfacet
  facet normal -8.826152e-004 -4.561659e-001  8.898943e-001
    outer loop
      vertex -3.949446e+001  1.072322e+001  5.421337e+000
      vertex -4.064005e+001  1.066613e+001  5.390939e+000
      vertex -3.949524e+001  1.029314e+001  5.200878e+000
    endloop
  endfacet
  facet normal  6.001598e-004 -4.525537e-001  8.917369e-001
    outer loop
      vertex -3.949524e+001  1.029314e+001  5.200878e+000
      vertex -4.064005e+001  1.066613e+001  5.390939e+000
      vertex -4.065645e+001  1.025180e+001  5.180679e+000
    endloop
  endfacet
  facet normal -5.337517e-004 -4.268523e-001  9.043212e-001
    outer loop
      vertex -3.949524e+001  1.029314e+001  5.200878e+000
      vertex -4.065645e+001  1.025180e+001  5.180679e+000
      vertex -3.945943e+001  9.897125e+000  5.013972e+000
    endloop
  endfacet
  facet normal  6.009613e-004 -4.237155e-001  9.057951e-001
    outer loop
      vertex -3.945943e+001  9.897125e+000  5.013972e+000
      vertex -4.065645e+001  1.025180e+001  5.180679e+000
      vertex -4.064263e+001  9.847710e+000  4.991642e+000
    endloop
  endfacet
  facet normal -5.655362e-004 -4.005256e-001  9.162854e-001
    outer loop
      vertex -3.945943e+001  9.897125e+000  5.013972e+000
      vertex -4.064263e+001  9.847710e+000  4.991642e+000
      vertex -3.938580e+001  9.492650e+000  4.837214e+000
    endloop
  endfacet
  facet normal  6.437270e-004 -3.969258e-001  9.178505e-001
    outer loop
      vertex -3.938580e+001  9.492650e+000  4.837214e+000
      vertex -4.064263e+001  9.847710e+000  4.991642e+000
      vertex -4.059785e+001  9.432871e+000  4.812212e+000
    endloop
  endfacet
  facet normal -1.642404e-003 -3.573196e-001  9.339808e-001
    outer loop
      vertex -3.938580e+001  9.492650e+000  4.837214e+000
      vertex -4.059785e+001  9.432871e+000  4.812212e+000
      vertex -3.857804e+001  8.408025e+000  4.423682e+000
    endloop
  endfacet
  facet normal -1.087615e-002 -3.731409e-001  9.277110e-001
    outer loop
      vertex -3.857804e+001  8.408025e+000  4.423682e+000
      vertex -4.059785e+001  9.432871e+000  4.812212e+000
      vertex -4.051975e+001  9.009882e+000  4.642995e+000
    endloop
  endfacet
  facet normal -1.804575e-003 -3.475055e-001  9.376763e-001
    outer loop
      vertex -3.857804e+001  8.408025e+000  4.423682e+000
      vertex -4.051975e+001  9.009882e+000  4.642995e+000
      vertex -4.040617e+001  8.581793e+000  4.484562e+000
    endloop
  endfacet
  facet normal  3.850661e-003 -2.943235e-001  9.556981e-001
    outer loop
      vertex -3.857804e+001  8.408025e+000  4.423682e+000
      vertex -4.040617e+001  8.581793e+000  4.484562e+000
      vertex -3.785524e+001  7.226015e+000  4.056749e+000
    endloop
  endfacet
  facet normal -2.448364e-002 -3.424362e-001  9.392220e-001
    outer loop
      vertex -3.785524e+001  7.226015e+000  4.056749e+000
      vertex -4.040617e+001  8.581793e+000  4.484562e+000
      vertex -4.004628e+001  8.156247e+000  4.338792e+000
    endloop
  endfacet
  facet normal -8.110890e-003 -3.075902e-001  9.514843e-001
    outer loop
      vertex -3.785524e+001  7.226015e+000  4.056749e+000
      vertex -4.004628e+001  8.156247e+000  4.338792e+000
      vertex -3.970329e+001  7.713367e+000  4.198544e+000
    endloop
  endfacet
  facet normal -1.886565e-002 -2.696688e-001  9.627683e-001
    outer loop
      vertex -3.907129e+001  6.777317e+000  3.937044e+000
      vertex -3.723207e+001  5.953513e+000  3.742339e+000
      vertex -3.937801e+001  7.253558e+000  4.064428e+000
    endloop
  endfacet
  facet normal  5.615922e-004 -2.396081e-001  9.708695e-001
    outer loop
      vertex -3.937801e+001  7.253558e+000  4.064428e+000
      vertex -3.723207e+001  5.953513e+000  3.742339e+000
      vertex -3.785524e+001  7.226015e+000  4.056749e+000
    endloop
  endfacet
  facet normal -2.269107e-004 -2.801581e-001  9.599538e-001
    outer loop
      vertex -3.937801e+001  7.253558e+000  4.064428e+000
      vertex -3.785524e+001  7.226015e+000  4.056749e+000
      vertex -3.970329e+001  7.713367e+000  4.198544e+000
    endloop
  endfacet
  facet normal -5.934946e-003 -1.963395e-001  9.805180e-001
    outer loop
      vertex -3.824170e+001  5.188707e+000  3.588486e+000
      vertex -3.679053e+001  4.805330e+000  3.520503e+000
      vertex -3.851712e+001  5.777988e+000  3.704817e+000
    endloop
  endfacet
  facet normal -2.619256e-003 -1.906684e-001  9.816510e-001
    outer loop
      vertex -3.851712e+001  5.777988e+000  3.704817e+000
      vertex -3.679053e+001  4.805330e+000  3.520503e+000
      vertex -3.723207e+001  5.953513e+000  3.742339e+000
    endloop
  endfacet
  facet normal  9.158268e-004 -2.154513e-001  9.765142e-001
    outer loop
      vertex -3.851712e+001  5.777988e+000  3.704817e+000
      vertex -3.723207e+001  5.953513e+000  3.742339e+000
      vertex -3.878402e+001  6.285233e+000  3.816983e+000
    endloop
  endfacet
  facet normal -5.292129e-003 -1.490673e-001  9.888129e-001
    outer loop
      vertex -3.777734e+001  3.960746e+000  3.391114e+000
      vertex -3.644023e+001  3.607359e+000  3.344996e+000
      vertex -3.799467e+001  4.582458e+000  3.483677e+000
    endloop
  endfacet
  facet normal -3.253499e-003 -1.458862e-001  9.892960e-001
    outer loop
      vertex -3.799467e+001  4.582458e+000  3.483677e+000
      vertex -3.644023e+001  3.607359e+000  3.344996e+000
      vertex -3.679053e+001  4.805330e+000  3.520503e+000
    endloop
  endfacet
  facet normal  1.297408e-003 -1.698417e-001  9.854705e-001
    outer loop
      vertex -3.799467e+001  4.582458e+000  3.483677e+000
      vertex -3.679053e+001  4.805330e+000  3.520503e+000
      vertex -3.824170e+001  5.188707e+000  3.588486e+000
    endloop
  endfacet
  facet normal -3.968794e-003 -1.020369e-001  9.947727e-001
    outer loop
      vertex -3.644023e+001  3.607359e+000  3.344996e+000
      vertex -3.759092e+001  3.325264e+000  3.311470e+000
      vertex -3.618844e+001  2.370163e+000  3.219098e+000
    endloop
  endfacet
  facet normal -4.389897e-003 -1.026490e-001  9.947079e-001
    outer loop
      vertex -3.618844e+001  2.370163e+000  3.219098e+000
      vertex -3.759092e+001  3.325264e+000  3.311470e+000
      vertex -3.743652e+001  2.677885e+000  3.245345e+000
    endloop
  endfacet
  facet normal  6.837951e-003 -5.741874e-002  9.983268e-001
    outer loop
      vertex -3.618844e+001  2.370163e+000  3.219098e+000
      vertex -3.743652e+001  2.677885e+000  3.245345e+000
      vertex -3.604083e+001  1.106067e+000  3.145382e+000
    endloop
  endfacet
  facet normal -2.217233e-002 -8.304938e-002  9.962987e-001
    outer loop
      vertex -3.604083e+001  1.106067e+000  3.145382e+000
      vertex -3.743652e+001  2.677885e+000  3.245345e+000
      vertex -3.731515e+001  2.020660e+000  3.193261e+000
    endloop
  endfacet
  facet normal -3.343178e-003 -5.692301e-002  9.983730e-001
    outer loop
      vertex -3.604083e+001  1.106067e+000  3.145382e+000
      vertex -3.731515e+001  2.020660e+000  3.193261e+000
      vertex -3.722762e+001  1.355805e+000  3.155647e+000
    endloop
  endfacet
  facet normal  5.405901e-003 -1.540759e-002  9.998667e-001
    outer loop
      vertex -3.604083e+001  1.106067e+000  3.145382e+000
      vertex -3.722762e+001  1.355805e+000  3.155647e+000
      vertex -3.600097e+001 -1.710577e-001  3.125487e+000
    endloop
  endfacet
  facet normal -1.973355e-002 -3.559032e-002  9.991717e-001
    outer loop
      vertex -3.600097e+001 -1.710577e-001  3.125487e+000
      vertex -3.722762e+001  1.355805e+000  3.155647e+000
      vertex -3.717456e+001  6.856914e-001  3.132826e+000
    endloop
  endfacet
  facet normal -3.626344e-003 -1.353268e-002  9.999019e-001
    outer loop
      vertex -3.600097e+001 -1.710577e-001  3.125487e+000
      vertex -3.717456e+001  6.856914e-001  3.132826e+000
      vertex -3.715693e+001  1.206123e-001  3.125242e+000
    endloop
  endfacet
  facet normal -4.332197e-003  2.864296e-002  9.995803e-001
    outer loop
      vertex -3.600097e+001 -1.710577e-001  3.125487e+000
      vertex -3.716401e+001 -4.449289e-001  3.128294e+000
      vertex -3.607841e+001 -1.531727e+000  3.164141e+000
    endloop
  endfacet
  facet normal -3.247770e-003  2.972529e-002  9.995528e-001
    outer loop
      vertex -3.607841e+001 -1.531727e+000  3.164141e+000
      vertex -3.716401e+001 -4.449289e-001  3.128294e+000
      vertex -3.722438e+001 -1.325169e+000  3.154275e+000
    endloop
  endfacet
  facet normal  4.631452e-003  7.333101e-002  9.972969e-001
    outer loop
      vertex -3.607841e+001 -1.531727e+000  3.164141e+000
      vertex -3.722438e+001 -1.325169e+000  3.154275e+000
      vertex -3.627755e+001 -2.872177e+000  3.263629e+000
    endloop
  endfacet
  facet normal -1.547750e-002  6.107412e-002  9.980133e-001
    outer loop
      vertex -3.627755e+001 -2.872177e+000  3.263629e+000
      vertex -3.722438e+001 -1.325169e+000  3.154275e+000
      vertex -3.734418e+001 -2.197007e+000  3.205770e+000
    endloop
  endfacet
  facet normal  1.850663e-003  8.828469e-002  9.960936e-001
    outer loop
      vertex -3.627755e+001 -2.872177e+000  3.263629e+000
      vertex -3.734418e+001 -2.197007e+000  3.205770e+000
      vertex -3.752355e+001 -3.061296e+000  3.282706e+000
    endloop
  endfacet
  facet normal -3.160881e-003  1.209560e-001  9.926529e-001
    outer loop
      vertex -3.627755e+001 -2.872177e+000  3.263629e+000
      vertex -3.752355e+001 -3.061296e+000  3.282706e+000
      vertex -3.659305e+001 -4.176116e+000  3.421511e+000
    endloop
  endfacet
  facet normal -4.441592e-003  1.199023e-001  9.927757e-001
    outer loop
      vertex -3.659305e+001 -4.176116e+000  3.421511e+000
      vertex -3.752355e+001 -3.061296e+000  3.282706e+000
      vertex -3.775972e+001 -3.906157e+000  3.383687e+000
    endloop
  endfacet
  facet normal  6.269877e-003  1.652760e-001  9.862273e-001
    outer loop
      vertex -3.659305e+001 -4.176116e+000  3.421511e+000
      vertex -3.775972e+001 -3.906157e+000  3.383687e+000
      vertex -3.701709e+001 -5.429391e+000  3.634236e+000
    endloop
  endfacet
  facet normal -2.021320e-002  1.526678e-001  9.880708e-001
    outer loop
      vertex -3.701709e+001 -5.429391e+000  3.634236e+000
      vertex -3.775972e+001 -3.906157e+000  3.383687e+000
      vertex -3.798627e+001 -4.560775e+000  3.480198e+000
    endloop
  endfacet
  facet normal -3.035808e-003  1.713266e-001  9.852096e-001
    outer loop
      vertex -3.701709e+001 -5.429391e+000  3.634236e+000
      vertex -3.798627e+001 -4.560775e+000  3.480198e+000
      vertex -3.824567e+001 -5.198264e+000  3.590257e+000
    endloop
  endfacet
  facet normal  4.929814e-003  2.121495e-001  9.772248e-001
    outer loop
      vertex -3.701709e+001 -5.429391e+000  3.634236e+000
      vertex -3.824567e+001 -5.198264e+000  3.590257e+000
      vertex -3.750201e+001 -6.542510e+000  3.878333e+000
    endloop
  endfacet
  facet normal -1.518382e-002  2.014829e-001  9.793743e-001
    outer loop
      vertex -3.750201e+001 -6.542510e+000  3.878333e+000
      vertex -3.824567e+001 -5.198264e+000  3.590257e+000
      vertex -3.853642e+001 -5.816888e+000  3.713017e+000
    endloop
  endfacet
  facet normal -1.445718e-003  2.201752e-001  9.754592e-001
    outer loop
      vertex -3.750201e+001 -6.542510e+000  3.878333e+000
      vertex -3.853642e+001 -5.816888e+000  3.713017e+000
      vertex -3.885694e+001 -6.415138e+000  3.847575e+000
    endloop
  endfacet
  facet normal  2.498403e-003  2.597669e-001  9.656681e-001
    outer loop
      vertex -3.750201e+001 -6.542510e+000  3.878333e+000
      vertex -3.885694e+001 -6.415138e+000  3.847575e+000
      vertex -3.806441e+001 -7.594119e+000  4.162673e+000
    endloop
  endfacet
  facet normal -1.141780e-002  2.510131e-001  9.679163e-001
    outer loop
      vertex -3.806441e+001 -7.594119e+000  4.162673e+000
      vertex -3.885694e+001 -6.415138e+000  3.847575e+000
      vertex -3.920568e+001 -6.991726e+000  3.992990e+000
    endloop
  endfacet
  facet normal -4.803716e-004  2.702876e-001  9.627795e-001
    outer loop
      vertex -3.806441e+001 -7.594119e+000  4.162673e+000
      vertex -3.920568e+001 -6.991726e+000  3.992990e+000
      vertex -3.958108e+001 -7.545577e+000  4.148289e+000
    endloop
  endfacet
  facet normal  8.795174e-004  3.092777e-001  9.509713e-001
    outer loop
      vertex -3.806441e+001 -7.594119e+000  4.162673e+000
      vertex -3.958108e+001 -7.545577e+000  4.148289e+000
      vertex -3.869533e+001 -8.578766e+000  4.483487e+000
    endloop
  endfacet
  facet normal -8.735120e-003  3.018006e-001  9.533310e-001
    outer loop
      vertex -3.869533e+001 -8.578766e+000  4.483487e+000
      vertex -3.958108e+001 -7.545577e+000  4.148289e+000
      vertex -3.998170e+001 -8.075823e+000  4.312481e+000
    endloop
  endfacet
  facet normal  2.564963e-005  3.219701e-001  9.467498e-001
    outer loop
      vertex -3.869533e+001 -8.578766e+000  4.483487e+000
      vertex -3.998170e+001 -8.075823e+000  4.312481e+000
      vertex -4.040617e+001 -8.581793e+000  4.484562e+000
    endloop
  endfacet
  facet normal -5.232762e-005  3.609981e-001  9.325665e-001
    outer loop
      vertex -3.869533e+001 -8.578766e+000  4.483487e+000
      vertex -4.040617e+001 -8.581793e+000  4.484562e+000
      vertex -3.938580e+001 -9.492650e+000  4.837214e+000
    endloop
  endfacet
  facet normal -1.154413e-002  3.497524e-001  9.367710e-001
    outer loop
      vertex -3.938580e+001 -9.492650e+000  4.837214e+000
      vertex -4.040617e+001 -8.581793e+000  4.484562e+000
      vertex -4.051974e+001 -9.009841e+000  4.642979e+000
    endloop
  endfacet
  facet normal -8.258447e-004  3.715613e-001  9.284080e-001
    outer loop
      vertex -3.938580e+001 -9.492650e+000  4.837214e+000
      vertex -4.051974e+001 -9.009841e+000  4.642979e+000
      vertex -4.059784e+001 -9.432789e+000  4.812179e+000
    endloop
  endfacet
  facet normal  8.425017e-004  4.003103e-001  9.163793e-001
    outer loop
      vertex -3.938580e+001 -9.492650e+000  4.837214e+000
      vertex -4.059784e+001 -9.432789e+000  4.812179e+000
      vertex -3.945943e+001 -9.897125e+000  5.013972e+000
    endloop
  endfacet
  facet normal -7.405321e-004  3.970459e-001  9.177984e-001
    outer loop
      vertex -3.945943e+001 -9.897125e+000  5.013972e+000
      vertex -4.059784e+001 -9.432789e+000  4.812179e+000
      vertex -4.064262e+001 -9.847589e+000  4.991588e+000
    endloop
  endfacet
  facet normal  7.574783e-004  4.267568e-001  9.043661e-001
    outer loop
      vertex -3.945943e+001 -9.897125e+000  5.013972e+000
      vertex -4.064262e+001 -9.847589e+000  4.991588e+000
      vertex -3.949524e+001 -1.029314e+001  5.200878e+000
    endloop
  endfacet
  facet normal -6.727775e-004  4.237395e-001  9.057838e-001
    outer loop
      vertex -3.949524e+001 -1.029314e+001  5.200878e+000
      vertex -4.064262e+001 -9.847589e+000  4.991588e+000
      vertex -4.065644e+001 -1.025165e+001  5.180603e+000
    endloop
  endfacet
  facet normal  7.635073e-004  4.561682e-001  8.898932e-001
    outer loop
      vertex -3.949524e+001 -1.029314e+001  5.200878e+000
      vertex -4.065644e+001 -1.025165e+001  5.180603e+000
      vertex -3.949446e+001 -1.072322e+001  5.421337e+000
    endloop
  endfacet
  facet normal -1.118579e-003  4.524885e-001  8.917696e-001
    outer loop
      vertex -3.949446e+001 -1.072322e+001  5.421337e+000
      vertex -4.065644e+001 -1.025165e+001  5.180603e+000
      vertex -4.064005e+001 -1.066594e+001  5.390838e+000
    endloop
  endfacet
  facet normal  1.210622e-003  4.887683e-001  8.724128e-001
    outer loop
      vertex -3.949446e+001 -1.072322e+001  5.421337e+000
      vertex -4.064005e+001 -1.066594e+001  5.390838e+000
      vertex -3.945490e+001 -1.113552e+001  5.652275e+000
    endloop
  endfacet
  facet normal -1.602449e-003  4.833469e-001  8.754275e-001
    outer loop
      vertex -3.945490e+001 -1.113552e+001  5.652275e+000
      vertex -4.064005e+001 -1.066594e+001  5.390838e+000
      vertex -4.059468e+001 -1.106363e+001  5.610497e+000
    endloop
  endfacet
  facet normal  1.886706e-003  5.246536e-001  8.513138e-001
    outer loop
      vertex -3.945490e+001 -1.113552e+001  5.652275e+000
      vertex -4.059468e+001 -1.106363e+001  5.610497e+000
      vertex -3.937220e+001 -1.156481e+001  5.916659e+000
    endloop
  endfacet
  facet normal -3.355805e-003  5.153306e-001  8.569849e-001
    outer loop
      vertex -3.937220e+001 -1.156481e+001  5.916659e+000
      vertex -4.059468e+001 -1.106363e+001  5.610497e+000
      vertex -4.052337e+001 -1.144301e+001  5.838905e+000
    endloop
  endfacet
  facet normal  3.939915e-003  5.642452e-001  8.255979e-001
    outer loop
      vertex -3.937220e+001 -1.156481e+001  5.916659e+000
      vertex -4.052337e+001 -1.144301e+001  5.838905e+000
      vertex -3.925399e+001 -1.196750e+001  6.191306e+000
    endloop
  endfacet
  facet normal -5.539238e-003  5.484177e-001  8.361861e-001
    outer loop
      vertex -3.925399e+001 -1.196750e+001  6.191306e+000
      vertex -4.052337e+001 -1.144301e+001  5.838905e+000
      vertex -4.042916e+001 -1.180270e+001  6.075435e+000
    endloop
  endfacet
  facet normal  6.805435e-003  6.071678e-001  7.945445e-001
    outer loop
      vertex -3.925399e+001 -1.196750e+001  6.191306e+000
      vertex -4.042916e+001 -1.180270e+001  6.075435e+000
      vertex -3.909574e+001 -1.236411e+001  6.493027e+000
    endloop
  endfacet
  facet normal -8.858724e-003  5.831711e-001  8.123010e-001
    outer loop
      vertex -3.909574e+001 -1.236411e+001  6.493027e+000
      vertex -4.042916e+001 -1.180270e+001  6.075435e+000
      vertex -4.030968e+001 -1.215588e+001  6.330298e+000
    endloop
  endfacet
  facet normal  2.158466e-003  6.235495e-001  7.817810e-001
    outer loop
      vertex -3.909574e+001 -1.236411e+001  6.493027e+000
      vertex -4.030968e+001 -1.215588e+001  6.330298e+000
      vertex -4.017187e+001 -1.248556e+001  6.592867e+000
    endloop
  endfacet
  facet normal -2.774044e-003  6.495837e-001  7.602850e-001
    outer loop
      vertex -3.909574e+001 -1.236411e+001  6.493027e+000
      vertex -4.017187e+001 -1.248556e+001  6.592867e+000
      vertex -3.890998e+001 -1.272758e+001  6.804251e+000
    endloop
  endfacet
  facet normal  1.910499e-003  6.634611e-001  7.482083e-001
    outer loop
      vertex -3.890998e+001 -1.272758e+001  6.804251e+000
      vertex -4.017187e+001 -1.248556e+001  6.592867e+000
      vertex -4.001229e+001 -1.280348e+001  6.874371e+000
    endloop
  endfacet
  facet normal -2.696960e-003  6.994219e-001  7.147039e-001
    outer loop
      vertex -3.890998e+001 -1.272758e+001  6.804251e+000
      vertex -4.001229e+001 -1.280348e+001  6.874371e+000
      vertex -3.867043e+001 -1.310344e+001  7.172985e+000
    endloop
  endfacet
  facet normal -3.675572e-004  7.046834e-001  7.095218e-001
    outer loop
      vertex -3.867043e+001 -1.310344e+001  7.172985e+000
      vertex -4.001229e+001 -1.280348e+001  6.874371e+000
      vertex -3.984038e+001 -1.309414e+001  7.163140e+000
    endloop
  endfacet
  facet normal  4.855152e-004  7.550183e-001  6.557036e-001
    outer loop
      vertex -3.867043e+001 -1.310344e+001  7.172985e+000
      vertex -3.984038e+001 -1.309414e+001  7.163140e+000
      vertex -3.841234e+001 -1.343359e+001  7.552941e+000
    endloop
  endfacet
  facet normal -4.409094e-003  7.460751e-001  6.658472e-001
    outer loop
      vertex -3.841234e+001 -1.343359e+001  7.552941e+000
      vertex -3.984038e+001 -1.309414e+001  7.163140e+000
      vertex -3.966005e+001 -1.335710e+001  7.458971e+000
    endloop
  endfacet
  facet normal  6.399296e-003  8.154430e-001  5.788019e-001
    outer loop
      vertex -3.841234e+001 -1.343359e+001  7.552941e+000
      vertex -3.966005e+001 -1.335710e+001  7.458971e+000
      vertex -3.810904e+001 -1.375329e+001  8.000000e+000
    endloop
  endfacet
  facet normal -1.497578e-002  7.857637e-001  6.183454e-001
    outer loop
      vertex -3.810904e+001 -1.375329e+001  8.000000e+000
      vertex -3.966005e+001 -1.335710e+001  7.458971e+000
      vertex -3.947562e+001 -1.359189e+001  7.761800e+000
    endloop
  endfacet
  facet normal -9.061323e-003  9.343565e-001  3.562244e-001
    outer loop
      vertex -3.849474e+001 -1.407587e+001  8.604774e+000
      vertex -3.892886e+001 -1.414134e+001  8.765459e+000
      vertex -3.835461e+001 -1.420765e+001  8.953986e+000
    endloop
  endfacet
  facet normal  9.641304e-003  9.521398e-001  3.055105e-001
    outer loop
      vertex -3.835461e+001 -1.420765e+001  8.953986e+000
      vertex -3.892886e+001 -1.414134e+001  8.765459e+000
      vertex -3.878447e+001 -1.425776e+001  9.123725e+000
    endloop
  endfacet
  facet normal -9.930117e-003  9.655809e-001  2.599136e-001
    outer loop
      vertex -3.835461e+001 -1.420765e+001  8.953986e+000
      vertex -3.878447e+001 -1.425776e+001  9.123725e+000
      vertex -3.824657e+001 -1.430260e+001  9.310870e+000
    endloop
  endfacet
  facet normal  1.732347e-003  9.735867e-001  2.283113e-001
    outer loop
      vertex -3.824657e+001 -1.430260e+001  9.310870e+000
      vertex -3.878447e+001 -1.425776e+001  9.123725e+000
      vertex -3.871712e+001 -1.430869e+001  9.340403e+000
    endloop
  endfacet
  facet normal -2.955767e-003  9.876706e-001  1.565187e-001
    outer loop
      vertex -3.824657e+001 -1.430260e+001  9.310870e+000
      vertex -3.871712e+001 -1.430869e+001  9.340403e+000
      vertex -3.818203e+001 -1.435678e+001  9.653949e+000
    endloop
  endfacet
  facet normal -9.709688e-003  9.857809e-001  1.677549e-001
    outer loop
      vertex -3.818203e+001 -1.435678e+001  9.653949e+000
      vertex -3.871712e+001 -1.430869e+001  9.340403e+000
      vertex -3.866677e+001 -1.434541e+001  9.559102e+000
    endloop
  endfacet
  facet normal  1.329082e-002  9.985723e-001  5.173618e-002
    outer loop
      vertex -3.818203e+001 -1.435678e+001  9.653949e+000
      vertex -3.866677e+001 -1.434541e+001  9.559102e+000
      vertex -3.815981e+001 -1.437500e+001  1.000000e+001
    endloop
  endfacet
  facet normal -3.316097e-002  9.939364e-001  1.048375e-001
    outer loop
      vertex -3.815981e+001 -1.437500e+001  1.000000e+001
      vertex -3.866677e+001 -1.434541e+001  9.559102e+000
      vertex -3.863558e+001 -1.436758e+001  9.779203e+000
    endloop
  endfacet
  facet normal  0.000000e+000  9.994365e-001  3.356751e-002
    outer loop
      vertex -3.815981e+001 -1.437500e+001  1.000000e+001
      vertex -3.863558e+001 -1.436758e+001  9.779203e+000
      vertex -3.862500e+001 -1.437500e+001  1.000000e+001
    endloop
  endfacet
  facet normal  0.000000e+000  -0.000000e+000  1.000000e+000
    outer loop
      vertex -3.862500e+001  1.437500e+001  1.000000e+001
      vertex -3.745424e+001  1.485623e+001  1.000000e+001
      vertex -3.667706e+001  1.521036e+001  1.000000e+001
    endloop
  endfacet
  facet normal  0.000000e+000  -0.000000e+000  9.999999e-001
    outer loop
      vertex -3.862500e+001  1.437500e+001  1.000000e+001
      vertex -3.815981e+001  1.437500e+001  1.000000e+001
      vertex -3.745424e+001  1.485623e+001  1.000000e+001
    endloop
  endfacet
  facet normal  0.000000e+000  0.000000e+000  1.000000e+000
    outer loop
      vertex  3.862500e+001  1.437500e+001  1.000000e+001
      vertex  3.745424e+001  1.485623e+001  1.000000e+001
      vertex  3.815981e+001  1.437500e+001  1.000000e+001
    endloop
  endfacet
  facet normal  0.000000e+000  0.000000e+000  1.000000e+000
    outer loop
      vertex -3.862500e+001  1.562500e+001  1.000000e+001
      vertex -3.862500e+001  1.437500e+001  1.000000e+001
      vertex -3.667706e+001  1.521036e+001  1.000000e+001
    endloop
  endfacet
  facet normal  0.000000e+000  -0.000000e+000  1.000000e+000
    outer loop
      vertex -3.862500e+001  1.562500e+001  1.000000e+001
      vertex -3.667706e+001  1.521036e+001  1.000000e+001
      vertex -3.585094e+001  1.542706e+001  1.000000e+001
    endloop
  endfacet
  facet normal  0.000000e+000  -0.000000e+000  1.000000e+000
    outer loop
      vertex -3.862500e+001  1.562500e+001  1.000000e+001
      vertex -3.585094e+001  1.542706e+001  1.000000e+001
      vertex -3.500000e+001  1.550000e+001  1.000000e+001
    endloop
  endfacet
  facet normal  0.000000e+000  0.000000e+000  1.000000e+000
    outer loop
      vertex -3.862500e+001  1.562500e+001  1.000000e+001
      vertex -3.500000e+001  1.550000e+001  1.000000e+001
      vertex -3.862487e+001  1.619411e+001  1.000000e+001
    endloop
  endfacet
  facet normal  0.000000e+000  0.000000e+000  9.999999e-001
    outer loop
      vertex -3.862500e+001  1.562500e+001  1.000000e+001
      vertex -3.862487e+001  1.619411e+001  1.000000e+001
      vertex -3.939282e+001  1.562500e+001  1.000000e+001
    endloop
  endfacet
  facet normal  0.000000e+000  0.000000e+000  9.999999e-001
    outer loop
      vertex  3.862500e+001  1.562500e+001  1.000000e+001
      vertex  3.939282e+001  1.562500e+001  1.000000e+001
      vertex  3.862487e+001  1.619411e+001  1.000000e+001
    endloop
  endfacet
  facet normal  0.000000e+000  0.000000e+000  1.000000e+000
    outer loop
      vertex  3.862500e+001  1.562500e+001  1.000000e+001
      vertex  3.862487e+001  1.619411e+001  1.000000e+001
      vertex  3.500000e+001  1.650000e+001  1.000000e+001
    endloop
  endfacet
  facet normal  0.000000e+000  0.000000e+000  1.000000e+000
    outer loop
      vertex  3.862500e+001  1.562500e+001  1.000000e+001
      vertex  3.500000e+001  1.650000e+001  1.000000e+001
      vertex  3.500000e+001  1.550000e+001  1.000000e+001
    endloop
  endfacet
  facet normal  -0.000000e+000  0.000000e+000  1.000000e+000
    outer loop
      vertex  3.862500e+001  1.562500e+001  1.000000e+001
      vertex  3.500000e+001  1.550000e+001  1.000000e+001
      vertex  3.585094e+001  1.542706e+001  1.000000e+001
    endloop
  endfacet
  facet normal  -0.000000e+000  0.000000e+000  1.000000e+000
    outer loop
      vertex  3.862500e+001  1.562500e+001  1.000000e+001
      vertex  3.585094e+001  1.542706e+001  1.000000e+001
      vertex  3.667706e+001  1.521036e+001  1.000000e+001
    endloop
  endfacet
  facet normal  -0.000000e+000  0.000000e+000  1.000000e+000
    outer loop
      vertex  3.862500e+001  1.562500e+001  1.000000e+001
      vertex  3.667706e+001  1.521036e+001  1.000000e+001
      vertex  3.745424e+001  1.485623e+001  1.000000e+001
    endloop
  endfacet
  facet normal  -0.000000e+000  0.000000e+000  1.000000e+000
    outer loop
      vertex  3.862500e+001  1.562500e+001  1.000000e+001
      vertex  3.745424e+001  1.485623e+001  1.000000e+001
      vertex  3.862500e+001  1.437500e+001  1.000000e+001
    endloop
  endfacet
  facet normal  0.000000e+000  0.000000e+000  1.000000e+000
    outer loop
      vertex -3.862487e+001  1.619411e+001  1.000000e+001
      vertex -3.500000e+001  1.550000e+001  1.000000e+001
      vertex -3.778423e+001  1.664903e+001  1.000000e+001
    endloop
  endfacet
  facet normal  0.000000e+000  0.000000e+000  9.999999e-001
    outer loop
      vertex -3.778423e+001  1.664903e+001  1.000000e+001
      vertex -3.500000e+001  1.550000e+001  1.000000e+001
      vertex -3.500000e+001  1.650000e+001  1.000000e+001
    endloop
  endfacet
  facet normal  0.000000e+000  -0.000000e+000  1.000000e+000
    outer loop
      vertex -3.778423e+001  1.664903e+001  1.000000e+001
      vertex -3.500000e+001  1.650000e+001  1.000000e+001
      vertex  3.778423e+001  1.664903e+001  1.000000e+001
    endloop
  endfacet
  facet normal  0.000000e+000  0.000000e+000  1.000000e+000
    outer loop
      vertex  3.778423e+001  1.664903e+001  1.000000e+001
      vertex -3.500000e+001  1.650000e+001  1.000000e+001
      vertex  3.500000e+001  1.650000e+001  1.000000e+001
    endloop
  endfacet
  facet normal  -0.000000e+000  0.000000e+000  1.000000e+000
    outer loop
      vertex  3.778423e+001  1.664903e+001  1.000000e+001
      vertex  3.500000e+001  1.650000e+001  1.000000e+001
      vertex  3.862487e+001  1.619411e+001  1.000000e+001
    endloop
  endfacet
  facet normal  -0.000000e+000  0.000000e+000  1.000000e+000
    outer loop
      vertex  3.500000e+001  1.725000e+001  1.000000e+001
      vertex -3.500000e+001  1.725000e+001  1.000000e+001
      vertex  3.595344e+001  1.718232e+001  1.000000e+001
    endloop
  endfacet
  facet normal  0.000000e+000  0.000000e+000  1.000000e+000
    outer loop
      vertex  3.595344e+001  1.718232e+001  1.000000e+001
      vertex -3.500000e+001  1.725000e+001  1.000000e+001
      vertex -3.595344e+001  1.718232e+001  1.000000e+001
    endloop
  endfacet
  facet normal  -0.000000e+000  0.000000e+000  1.000000e+000
    outer loop
      vertex  3.595344e+001  1.718232e+001  1.000000e+001
      vertex -3.595344e+001  1.718232e+001  1.000000e+001
      vertex  3.688776e+001  1.698065e+001  1.000000e+001
    endloop
  endfacet
  facet normal  0.000000e+000  0.000000e+000  9.999999e-001
    outer loop
      vertex  3.688776e+001  1.698065e+001  1.000000e+001
      vertex -3.595344e+001  1.718232e+001  1.000000e+001
      vertex -3.688776e+001  1.698065e+001  1.000000e+001
    endloop
  endfacet
  facet normal  -0.000000e+000  0.000000e+000  9.999999e-001
    outer loop
      vertex  3.688776e+001  1.698065e+001  1.000000e+001
      vertex -3.688776e+001  1.698065e+001  1.000000e+001
      vertex  3.778423e+001  1.664903e+001  1.000000e+001
    endloop
  endfacet
  facet normal  0.000000e+000  0.000000e+000  9.999999e-001
    outer loop
      vertex  3.778423e+001  1.664903e+001  1.000000e+001
      vertex -3.688776e+001  1.698065e+001  1.000000e+001
      vertex -3.778423e+001  1.664903e+001  1.000000e+001
    endloop
  endfacet
  facet normal  4.496821e-003 -2.395073e-001  9.708841e-001
    outer loop
      vertex  3.878402e+001  6.285233e+000  3.816983e+000
      vertex  3.907129e+001  6.777317e+000  3.937044e+000
      vertex  3.723207e+001  5.953513e+000  3.742339e+000
    endloop
  endfacet
  facet normal -1.471029e-003 -1.239313e-001  9.922897e-001
    outer loop
      vertex  3.644023e+001  3.607359e+000  3.344996e+000
      vertex  3.759092e+001  3.325264e+000  3.311470e+000
      vertex  3.777734e+001  3.960746e+000  3.391114e+000
    endloop
  endfacet
  facet normal -1.146202e-003  5.382163e-003  9.999848e-001
    outer loop
      vertex  3.715693e+001  1.206123e-001  3.125242e+000
      vertex  3.600097e+001 -1.710577e-001  3.125487e+000
      vertex  3.716401e+001 -4.449289e-001  3.128294e+000
    endloop
  endfacet
  facet normal -8.819172e-003  9.174904e-001  3.976600e-001
    outer loop
      vertex  3.849474e+001 -1.407587e+001  8.604774e+000
      vertex  3.892886e+001 -1.414134e+001  8.765459e+000
      vertex  3.910144e+001 -1.398794e+001  8.415366e+000
    endloop
  endfacet
  facet normal  2.244874e-002  8.774127e-001  4.792109e-001
    outer loop
      vertex  3.879686e+001 -1.375329e+001  8.000000e+000
      vertex  3.849474e+001 -1.407587e+001  8.604774e+000
      vertex  3.910144e+001 -1.398794e+001  8.415366e+000
    endloop
  endfacet
  facet normal  9.787303e-003  8.736868e-001  4.863904e-001
    outer loop
      vertex  3.879686e+001 -1.375329e+001  8.000000e+000
      vertex  3.910144e+001 -1.398794e+001  8.415366e+000
      vertex  3.928452e+001 -1.380600e+001  8.084867e+000
    endloop
  endfacet
  facet normal -5.490212e-003  8.350337e-001  5.501715e-001
    outer loop
      vertex  3.879686e+001 -1.375329e+001  8.000000e+000
      vertex  3.928452e+001 -1.380600e+001  8.084867e+000
      vertex  3.947562e+001 -1.359189e+001  7.761800e+000
    endloop
  endfacet
  facet normal  2.296430e-006  8.278474e-001  5.609533e-001
    outer loop
      vertex  3.879686e+001 -1.375329e+001  8.000000e+000
      vertex  3.947562e+001 -1.359189e+001  7.761800e+000
      vertex  3.810904e+001 -1.375329e+001  8.000000e+000
    endloop
  endfacet
  facet normal -3.817340e-003 -9.950132e-001  9.967028e-002
    outer loop
      vertex  3.866675e+001  1.434543e+001  9.559266e+000
      vertex  3.863557e+001  1.436759e+001  9.779283e+000
      vertex  3.818203e+001  1.435678e+001  9.653949e+000
    endloop
  endfacet
  facet normal  1.436717e-002 -9.993104e-001  3.423748e-002
    outer loop
      vertex  3.818203e+001  1.435678e+001  9.653949e+000
      vertex  3.863557e+001  1.436759e+001  9.779283e+000
      vertex  3.862500e+001  1.437500e+001  1.000000e+001
    endloop
  endfacet
  facet normal  0.000000e+000 -9.986162e-001  5.259192e-002
    outer loop
      vertex  3.818203e+001  1.435678e+001  9.653949e+000
      vertex  3.862500e+001  1.437500e+001  1.000000e+001
      vertex  3.815981e+001  1.437500e+001  1.000000e+001
    endloop
  endfacet
  facet normal -8.820828e-003 -9.175386e-001  3.975489e-001
    outer loop
      vertex  3.910118e+001  1.398818e+001  8.415850e+000
      vertex  3.892869e+001  1.414150e+001  8.765886e+000
      vertex  3.849474e+001  1.407587e+001  8.604774e+000
    endloop
  endfacet
  facet normal  2.526898e-002 -9.477426e-001  3.180337e-001
    outer loop
      vertex  3.849474e+001  1.407587e+001  8.604774e+000
      vertex  3.892869e+001  1.414150e+001  8.765886e+000
      vertex  3.878437e+001  1.425785e+001  9.124081e+000
    endloop
  endfacet
  facet normal -2.635060e-002 -9.387236e-001  3.436623e-001
    outer loop
      vertex  3.849474e+001  1.407587e+001  8.604774e+000
      vertex  3.878437e+001  1.425785e+001  9.124081e+000
      vertex  3.835461e+001  1.420765e+001  8.953986e+000
    endloop
  endfacet
  facet normal  2.062408e-002 -9.718369e-001  2.347504e-001
    outer loop
      vertex  3.835461e+001  1.420765e+001  8.953986e+000
      vertex  3.878437e+001  1.425785e+001  9.124081e+000
      vertex  3.871706e+001  1.430874e+001  9.340660e+000
    endloop
  endfacet
  facet normal -3.601076e-003 -9.666436e-001  2.561003e-001
    outer loop
      vertex  3.835461e+001  1.420765e+001  8.953986e+000
      vertex  3.871706e+001  1.430874e+001  9.340660e+000
      vertex  3.824657e+001  1.430260e+001  9.310870e+000
    endloop
  endfacet
  facet normal  2.354444e-003 -9.861137e-001  1.660550e-001
    outer loop
      vertex  3.824657e+001  1.430260e+001  9.310870e+000
      vertex  3.871706e+001  1.430874e+001  9.340660e+000
      vertex  3.866675e+001  1.434543e+001  9.559266e+000
    endloop
  endfacet
  facet normal  7.629568e-003 -9.875098e-001  1.573726e-001
    outer loop
      vertex  3.824657e+001  1.430260e+001  9.310870e+000
      vertex  3.866675e+001  1.434543e+001  9.559266e+000
      vertex  3.818203e+001  1.435678e+001  9.653949e+000
    endloop
  endfacet
  facet normal -5.509549e-003 -8.350959e-001  5.500770e-001
    outer loop
      vertex  3.947538e+001  1.359218e+001  7.762199e+000
      vertex  3.928427e+001  1.380627e+001  8.085311e+000
      vertex  3.879686e+001  1.375329e+001  8.000000e+000
    endloop
  endfacet
  facet normal  9.850687e-003 -8.737307e-001  4.863102e-001
    outer loop
      vertex  3.879686e+001  1.375329e+001  8.000000e+000
      vertex  3.928427e+001  1.380627e+001  8.085311e+000
      vertex  3.910118e+001  1.398818e+001  8.415850e+000
    endloop
  endfacet
  facet normal  2.241616e-002 -8.774202e-001  4.791986e-001
    outer loop
      vertex  3.879686e+001  1.375329e+001  8.000000e+000
      vertex  3.910118e+001  1.398818e+001  8.415850e+000
      vertex  3.849474e+001  1.407587e+001  8.604774e+000
    endloop
  endfacet
  facet normal -2.409918e-003 -7.910501e-001  6.117467e-001
    outer loop
      vertex  3.965983e+001  1.335739e+001  7.459328e+000
      vertex  3.947538e+001  1.359218e+001  7.762199e+000
      vertex  3.841234e+001  1.343359e+001  7.552941e+000
    endloop
  endfacet
  facet normal  8.270347e-003 -8.167340e-001  5.769551e-001
    outer loop
      vertex  3.841234e+001  1.343359e+001  7.552941e+000
      vertex  3.947538e+001  1.359218e+001  7.762199e+000
      vertex  3.879686e+001  1.375329e+001  8.000000e+000
    endloop
  endfacet
  facet normal  2.255614e-006 -8.134106e-001  5.816899e-001
    outer loop
      vertex  3.841234e+001  1.343359e+001  7.552941e+000
      vertex  3.879686e+001  1.375329e+001  8.000000e+000
      vertex  3.810904e+001  1.375329e+001  8.000000e+000
    endloop
  endfacet
  facet normal -2.210011e-003 -5.856870e-001  8.105342e-001
    outer loop
      vertex  4.042908e+001  1.180297e+001  6.075624e+000
      vertex  4.030958e+001  1.215617e+001  6.330518e+000
      vertex  3.925399e+001  1.196750e+001  6.191306e+000
    endloop
  endfacet
  facet normal  7.647010e-003 -6.210565e-001  7.837285e-001
    outer loop
      vertex  3.925399e+001  1.196750e+001  6.191306e+000
      vertex  4.030958e+001  1.215617e+001  6.330518e+000
      vertex  4.017173e+001  1.248586e+001  6.593117e+000
    endloop
  endfacet
  facet normal -5.279535e-003 -6.067883e-001  7.948461e-001
    outer loop
      vertex  3.925399e+001  1.196750e+001  6.191306e+000
      vertex  4.017173e+001  1.248586e+001  6.593117e+000
      vertex  3.909574e+001  1.236411e+001  6.493027e+000
    endloop
  endfacet
  facet normal  5.093728e-003 -6.615216e-001  7.499088e-001
    outer loop
      vertex  3.909574e+001  1.236411e+001  6.493027e+000
      vertex  4.017173e+001  1.248586e+001  6.593117e+000
      vertex  4.001211e+001  1.280379e+001  6.874660e+000
    endloop
  endfacet
  facet normal -3.426211e-003 -6.514105e-001  7.587177e-001
    outer loop
      vertex  3.909574e+001  1.236411e+001  6.493027e+000
      vertex  4.001211e+001  1.280379e+001  6.874660e+000
      vertex  3.890998e+001  1.272758e+001  6.804251e+000
    endloop
  endfacet
  facet normal  3.290856e-003 -7.038533e-001  7.103378e-001
    outer loop
      vertex  3.890998e+001  1.272758e+001  6.804251e+000
      vertex  4.001211e+001  1.280379e+001  6.874660e+000
      vertex  3.984018e+001  1.309445e+001  7.163462e+000
    endloop
  endfacet
  facet normal  4.270451e-004 -7.001621e-001  7.139838e-001
    outer loop
      vertex  3.890998e+001  1.272758e+001  6.804251e+000
      vertex  3.984018e+001  1.309445e+001  7.163462e+000
      vertex  3.867043e+001  1.310344e+001  7.172985e+000
    endloop
  endfacet
  facet normal -3.430189e-004 -7.475713e-001  6.641815e-001
    outer loop
      vertex  3.867043e+001  1.310344e+001  7.172985e+000
      vertex  3.984018e+001  1.309445e+001  7.163462e+000
      vertex  3.965983e+001  1.335739e+001  7.459328e+000
    endloop
  endfacet
  facet normal  3.275927e-003 -7.537482e-001  6.571550e-001
    outer loop
      vertex  3.867043e+001  1.310344e+001  7.172985e+000
      vertex  3.965983e+001  1.335739e+001  7.459328e+000
      vertex  3.841234e+001  1.343359e+001  7.552941e+000
    endloop
  endfacet
  facet normal  1.804575e-003 -3.475055e-001  9.376763e-001
    outer loop
      vertex  4.040617e+001  8.581793e+000  4.484562e+000
      vertex  4.051975e+001  9.009882e+000  4.642995e+000
      vertex  3.857804e+001  8.408025e+000  4.423682e+000
    endloop
  endfacet
  facet normal  1.087615e-002 -3.731409e-001  9.277110e-001
    outer loop
      vertex  3.857804e+001  8.408025e+000  4.423682e+000
      vertex  4.051975e+001  9.009882e+000  4.642995e+000
      vertex  4.059785e+001  9.432871e+000  4.812212e+000
    endloop
  endfacet
  facet normal  1.642404e-003 -3.573196e-001  9.339808e-001
    outer loop
      vertex  3.857804e+001  8.408025e+000  4.423682e+000
      vertex  4.059785e+001  9.432871e+000  4.812212e+000
      vertex  3.938580e+001  9.492650e+000  4.837214e+000
    endloop
  endfacet
  facet normal -6.437270e-004 -3.969258e-001  9.178505e-001
    outer loop
      vertex  3.938580e+001  9.492650e+000  4.837214e+000
      vertex  4.059785e+001  9.432871e+000  4.812212e+000
      vertex  4.064263e+001  9.847710e+000  4.991642e+000
    endloop
  endfacet
  facet normal  5.655362e-004 -4.005256e-001  9.162854e-001
    outer loop
      vertex  3.938580e+001  9.492650e+000  4.837214e+000
      vertex  4.064263e+001  9.847710e+000  4.991642e+000
      vertex  3.945943e+001  9.897125e+000  5.013972e+000
    endloop
  endfacet
  facet normal -6.009613e-004 -4.237155e-001  9.057951e-001
    outer loop
      vertex  3.945943e+001  9.897125e+000  5.013972e+000
      vertex  4.064263e+001  9.847710e+000  4.991642e+000
      vertex  4.065645e+001  1.025180e+001  5.180679e+000
    endloop
  endfacet
  facet normal  5.337517e-004 -4.268523e-001  9.043212e-001
    outer loop
      vertex  3.945943e+001  9.897125e+000  5.013972e+000
      vertex  4.065645e+001  1.025180e+001  5.180679e+000
      vertex  3.949524e+001  1.029314e+001  5.200878e+000
    endloop
  endfacet
  facet normal -6.001598e-004 -4.525537e-001  8.917369e-001
    outer loop
      vertex  3.949524e+001  1.029314e+001  5.200878e+000
      vertex  4.065645e+001  1.025180e+001  5.180679e+000
      vertex  4.064005e+001  1.066613e+001  5.390939e+000
    endloop
  endfacet
  facet normal  8.826152e-004 -4.561659e-001  8.898943e-001
    outer loop
      vertex  3.949524e+001  1.029314e+001  5.200878e+000
      vertex  4.064005e+001  1.066613e+001  5.390939e+000
      vertex  3.949446e+001  1.072322e+001  5.421337e+000
    endloop
  endfacet
  facet normal -8.707062e-004 -4.835808e-001  8.752993e-001
    outer loop
      vertex  3.949446e+001  1.072322e+001  5.421337e+000
      vertex  4.064005e+001  1.066613e+001  5.390939e+000
      vertex  4.059465e+001  1.106386e+001  5.610627e+000
    endloop
  endfacet
  facet normal  1.161721e-003 -4.885951e-001  8.725099e-001
    outer loop
      vertex  3.949446e+001  1.072322e+001  5.421337e+000
      vertex  4.059465e+001  1.106386e+001  5.610627e+000
      vertex  3.945490e+001  1.113552e+001  5.652275e+000
    endloop
  endfacet
  facet normal -1.141009e-003 -5.159742e-001  8.566033e-001
    outer loop
      vertex  3.945490e+001  1.113552e+001  5.652275e+000
      vertex  4.059465e+001  1.106386e+001  5.610627e+000
      vertex  4.052332e+001  1.144326e+001  5.839064e+000
    endloop
  endfacet
  facet normal  2.065298e-003 -5.241016e-001  8.516533e-001
    outer loop
      vertex  3.945490e+001  1.113552e+001  5.652275e+000
      vertex  4.052332e+001  1.144326e+001  5.839064e+000
      vertex  3.937220e+001  1.156481e+001  5.916659e+000
    endloop
  endfacet
  facet normal -1.748642e-003 -5.497836e-001  8.353053e-001
    outer loop
      vertex  3.937220e+001  1.156481e+001  5.916659e+000
      vertex  4.052332e+001  1.144326e+001  5.839064e+000
      vertex  4.042908e+001  1.180297e+001  6.075624e+000
    endloop
  endfacet
  facet normal  2.544183e-003 -5.629487e-001  8.264880e-001
    outer loop
      vertex  3.937220e+001  1.156481e+001  5.916659e+000
      vertex  4.042908e+001  1.180297e+001  6.075624e+000
      vertex  3.925399e+001  1.196750e+001  6.191306e+000
    endloop
  endfacet
  facet normal  8.110890e-003 -3.075902e-001  9.514843e-001
    outer loop
      vertex  3.970329e+001  7.713367e+000  4.198544e+000
      vertex  4.004628e+001  8.156247e+000  4.338792e+000
      vertex  3.785524e+001  7.226015e+000  4.056749e+000
    endloop
  endfacet
  facet normal  2.448364e-002 -3.424362e-001  9.392220e-001
    outer loop
      vertex  3.785524e+001  7.226015e+000  4.056749e+000
      vertex  4.004628e+001  8.156247e+000  4.338792e+000
      vertex  4.040617e+001  8.581793e+000  4.484562e+000
    endloop
  endfacet
  facet normal -3.850661e-003 -2.943235e-001  9.556981e-001
    outer loop
      vertex  3.785524e+001  7.226015e+000  4.056749e+000
      vertex  4.040617e+001  8.581793e+000  4.484562e+000
      vertex  3.857804e+001  8.408025e+000  4.423682e+000
    endloop
  endfacet
  facet normal  2.269107e-004 -2.801581e-001  9.599538e-001
    outer loop
      vertex  3.970329e+001  7.713367e+000  4.198544e+000
      vertex  3.785524e+001  7.226015e+000  4.056749e+000
      vertex  3.937801e+001  7.253558e+000  4.064428e+000
    endloop
  endfacet
  facet normal -5.615922e-004 -2.396081e-001  9.708695e-001
    outer loop
      vertex  3.937801e+001  7.253558e+000  4.064428e+000
      vertex  3.785524e+001  7.226015e+000  4.056749e+000
      vertex  3.723207e+001  5.953513e+000  3.742339e+000
    endloop
  endfacet
  facet normal  1.886565e-002 -2.696688e-001  9.627683e-001
    outer loop
      vertex  3.937801e+001  7.253558e+000  4.064428e+000
      vertex  3.723207e+001  5.953513e+000  3.742339e+000
      vertex  3.907129e+001  6.777317e+000  3.937044e+000
    endloop
  endfacet
  facet normal -9.158268e-004 -2.154513e-001  9.765142e-001
    outer loop
      vertex  3.878402e+001  6.285233e+000  3.816983e+000
      vertex  3.723207e+001  5.953513e+000  3.742339e+000
      vertex  3.851712e+001  5.777988e+000  3.704817e+000
    endloop
  endfacet
  facet normal  2.619256e-003 -1.906684e-001  9.816510e-001
    outer loop
      vertex  3.851712e+001  5.777988e+000  3.704817e+000
      vertex  3.723207e+001  5.953513e+000  3.742339e+000
      vertex  3.679053e+001  4.805330e+000  3.520503e+000
    endloop
  endfacet
  facet normal  5.934946e-003 -1.963395e-001  9.805180e-001
    outer loop
      vertex  3.851712e+001  5.777988e+000  3.704817e+000
      vertex  3.679053e+001  4.805330e+000  3.520503e+000
      vertex  3.824170e+001  5.188707e+000  3.588486e+000
    endloop
  endfacet
  facet normal -1.297408e-003 -1.698417e-001  9.854705e-001
    outer loop
      vertex  3.824170e+001  5.188707e+000  3.588486e+000
      vertex  3.679053e+001  4.805330e+000  3.520503e+000
      vertex  3.799467e+001  4.582458e+000  3.483677e+000
    endloop
  endfacet
  facet normal  3.253499e-003 -1.458862e-001  9.892960e-001
    outer loop
      vertex  3.799467e+001  4.582458e+000  3.483677e+000
      vertex  3.679053e+001  4.805330e+000  3.520503e+000
      vertex  3.644023e+001  3.607359e+000  3.344996e+000
    endloop
  endfacet
  facet normal  5.292129e-003 -1.490673e-001  9.888129e-001
    outer loop
      vertex  3.799467e+001  4.582458e+000  3.483677e+000
      vertex  3.644023e+001  3.607359e+000  3.344996e+000
      vertex  3.777734e+001  3.960746e+000  3.391114e+000
    endloop
  endfacet
  facet normal  3.343178e-003 -5.692301e-002  9.983730e-001
    outer loop
      vertex  3.722762e+001  1.355805e+000  3.155647e+000
      vertex  3.731515e+001  2.020660e+000  3.193261e+000
      vertex  3.604083e+001  1.106067e+000  3.145382e+000
    endloop
  endfacet
  facet normal  2.217233e-002 -8.304938e-002  9.962987e-001
    outer loop
      vertex  3.604083e+001  1.106067e+000  3.145382e+000
      vertex  3.731515e+001  2.020660e+000  3.193261e+000
      vertex  3.743652e+001  2.677885e+000  3.245345e+000
    endloop
  endfacet
  facet normal -6.837951e-003 -5.741874e-002  9.983268e-001
    outer loop
      vertex  3.604083e+001  1.106067e+000  3.145382e+000
      vertex  3.743652e+001  2.677885e+000  3.245345e+000
      vertex  3.618844e+001  2.370163e+000  3.219098e+000
    endloop
  endfacet
  facet normal  4.389897e-003 -1.026490e-001  9.947079e-001
    outer loop
      vertex  3.618844e+001  2.370163e+000  3.219098e+000
      vertex  3.743652e+001  2.677885e+000  3.245345e+000
      vertex  3.759092e+001  3.325264e+000  3.311470e+000
    endloop
  endfacet
  facet normal  3.968794e-003 -1.020369e-001  9.947727e-001
    outer loop
      vertex  3.618844e+001  2.370163e+000  3.219098e+000
      vertex  3.759092e+001  3.325264e+000  3.311470e+000
      vertex  3.644023e+001  3.607359e+000  3.344996e+000
    endloop
  endfacet
  facet normal  3.626344e-003 -1.353268e-002  9.999019e-001
    outer loop
      vertex  3.715693e+001  1.206123e-001  3.125242e+000
      vertex  3.717456e+001  6.856914e-001  3.132826e+000
      vertex  3.600097e+001 -1.710577e-001  3.125487e+000
    endloop
  endfacet
  facet normal  1.973355e-002 -3.559032e-002  9.991717e-001
    outer loop
      vertex  3.600097e+001 -1.710577e-001  3.125487e+000
      vertex  3.717456e+001  6.856914e-001  3.132826e+000
      vertex  3.722762e+001  1.355805e+000  3.155647e+000
    endloop
  endfacet
  facet normal -5.405901e-003 -1.540759e-002  9.998667e-001
    outer loop
      vertex  3.600097e+001 -1.710577e-001  3.125487e+000
      vertex  3.722762e+001  1.355805e+000  3.155647e+000
      vertex  3.604083e+001  1.106067e+000  3.145382e+000
    endloop
  endfacet
  facet normal -1.850663e-003  8.828469e-002  9.960936e-001
    outer loop
      vertex  3.752355e+001 -3.061296e+000  3.282706e+000
      vertex  3.734418e+001 -2.197007e+000  3.205770e+000
      vertex  3.627755e+001 -2.872177e+000  3.263629e+000
    endloop
  endfacet
  facet normal  1.547750e-002  6.107412e-002  9.980133e-001
    outer loop
      vertex  3.627755e+001 -2.872177e+000  3.263629e+000
      vertex  3.734418e+001 -2.197007e+000  3.205770e+000
      vertex  3.722438e+001 -1.325169e+000  3.154275e+000
    endloop
  endfacet
  facet normal -4.631452e-003  7.333101e-002  9.972969e-001
    outer loop
      vertex  3.627755e+001 -2.872177e+000  3.263629e+000
      vertex  3.722438e+001 -1.325169e+000  3.154275e+000
      vertex  3.607841e+001 -1.531727e+000  3.164141e+000
    endloop
  endfacet
  facet normal  3.247770e-003  2.972529e-002  9.995528e-001
    outer loop
      vertex  3.607841e+001 -1.531727e+000  3.164141e+000
      vertex  3.722438e+001 -1.325169e+000  3.154275e+000
      vertex  3.716401e+001 -4.449289e-001  3.128294e+000
    endloop
  endfacet
  facet normal  4.332197e-003  2.864296e-002  9.995803e-001
    outer loop
      vertex  3.607841e+001 -1.531727e+000  3.164141e+000
      vertex  3.716401e+001 -4.449289e-001  3.128294e+000
      vertex  3.600097e+001 -1.710577e-001  3.125487e+000
    endloop
  endfacet
  facet normal  3.035808e-003  1.713266e-001  9.852096e-001
    outer loop
      vertex  3.824567e+001 -5.198264e+000  3.590257e+000
      vertex  3.798627e+001 -4.560775e+000  3.480198e+000
      vertex  3.701709e+001 -5.429391e+000  3.634236e+000
    endloop
  endfacet
  facet normal  2.021320e-002  1.526678e-001  9.880708e-001
    outer loop
      vertex  3.701709e+001 -5.429391e+000  3.634236e+000
      vertex  3.798627e+001 -4.560775e+000  3.480198e+000
      vertex  3.775972e+001 -3.906157e+000  3.383687e+000
    endloop
  endfacet
  facet normal -6.269877e-003  1.652760e-001  9.862273e-001
    outer loop
      vertex  3.701709e+001 -5.429391e+000  3.634236e+000
      vertex  3.775972e+001 -3.906157e+000  3.383687e+000
      vertex  3.659305e+001 -4.176116e+000  3.421511e+000
    endloop
  endfacet
  facet normal  4.441592e-003  1.199023e-001  9.927757e-001
    outer loop
      vertex  3.659305e+001 -4.176116e+000  3.421511e+000
      vertex  3.775972e+001 -3.906157e+000  3.383687e+000
      vertex  3.752355e+001 -3.061296e+000  3.282706e+000
    endloop
  endfacet
  facet normal  3.160881e-003  1.209560e-001  9.926529e-001
    outer loop
      vertex  3.659305e+001 -4.176116e+000  3.421511e+000
      vertex  3.752355e+001 -3.061296e+000  3.282706e+000
      vertex  3.627755e+001 -2.872177e+000  3.263629e+000
    endloop
  endfacet
  facet normal  1.445718e-003  2.201752e-001  9.754592e-001
    outer loop
      vertex  3.885694e+001 -6.415138e+000  3.847575e+000
      vertex  3.853642e+001 -5.816888e+000  3.713017e+000
      vertex  3.750201e+001 -6.542510e+000  3.878333e+000
    endloop
  endfacet
  facet normal  1.518382e-002  2.014829e-001  9.793743e-001
    outer loop
      vertex  3.750201e+001 -6.542510e+000  3.878333e+000
      vertex  3.853642e+001 -5.816888e+000  3.713017e+000
      vertex  3.824567e+001 -5.198264e+000  3.590257e+000
    endloop
  endfacet
  facet normal -4.929814e-003  2.121495e-001  9.772248e-001
    outer loop
      vertex  3.750201e+001 -6.542510e+000  3.878333e+000
      vertex  3.824567e+001 -5.198264e+000  3.590257e+000
      vertex  3.701709e+001 -5.429391e+000  3.634236e+000
    endloop
  endfacet
  facet normal  4.803716e-004  2.702876e-001  9.627795e-001
    outer loop
      vertex  3.958108e+001 -7.545577e+000  4.148289e+000
      vertex  3.920568e+001 -6.991726e+000  3.992990e+000
      vertex  3.806441e+001 -7.594119e+000  4.162673e+000
    endloop
  endfacet
  facet normal  1.141780e-002  2.510131e-001  9.679163e-001
    outer loop
      vertex  3.806441e+001 -7.594119e+000  4.162673e+000
      vertex  3.920568e+001 -6.991726e+000  3.992990e+000
      vertex  3.885694e+001 -6.415138e+000  3.847575e+000
    endloop
  endfacet
  facet normal -2.498403e-003  2.597669e-001  9.656681e-001
    outer loop
      vertex  3.806441e+001 -7.594119e+000  4.162673e+000
      vertex  3.885694e+001 -6.415138e+000  3.847575e+000
      vertex  3.750201e+001 -6.542510e+000  3.878333e+000
    endloop
  endfacet
  facet normal -2.564963e-005  3.219701e-001  9.467498e-001
    outer loop
      vertex  4.040617e+001 -8.581793e+000  4.484562e+000
      vertex  3.998170e+001 -8.075823e+000  4.312481e+000
      vertex  3.869533e+001 -8.578766e+000  4.483487e+000
    endloop
  endfacet
  facet normal  8.735120e-003  3.018006e-001  9.533310e-001
    outer loop
      vertex  3.869533e+001 -8.578766e+000  4.483487e+000
      vertex  3.998170e+001 -8.075823e+000  4.312481e+000
      vertex  3.958108e+001 -7.545577e+000  4.148289e+000
    endloop
  endfacet
  facet normal -8.795174e-004  3.092777e-001  9.509713e-001
    outer loop
      vertex  3.869533e+001 -8.578766e+000  4.483487e+000
      vertex  3.958108e+001 -7.545577e+000  4.148289e+000
      vertex  3.806441e+001 -7.594119e+000  4.162673e+000
    endloop
  endfacet
  facet normal  8.258447e-004  3.715613e-001  9.284080e-001
    outer loop
      vertex  4.059784e+001 -9.432789e+000  4.812179e+000
      vertex  4.051974e+001 -9.009841e+000  4.642979e+000
      vertex  3.938580e+001 -9.492650e+000  4.837214e+000
    endloop
  endfacet
  facet normal  1.154413e-002  3.497524e-001  9.367710e-001
    outer loop
      vertex  3.938580e+001 -9.492650e+000  4.837214e+000
      vertex  4.051974e+001 -9.009841e+000  4.642979e+000
      vertex  4.040617e+001 -8.581793e+000  4.484562e+000
    endloop
  endfacet
  facet normal  5.232762e-005  3.609981e-001  9.325665e-001
    outer loop
      vertex  3.938580e+001 -9.492650e+000  4.837214e+000
      vertex  4.040617e+001 -8.581793e+000  4.484562e+000
      vertex  3.869533e+001 -8.578766e+000  4.483487e+000
    endloop
  endfacet
  facet normal -2.158466e-003  6.235495e-001  7.817810e-001
    outer loop
      vertex  4.017187e+001 -1.248556e+001  6.592867e+000
      vertex  4.030968e+001 -1.215588e+001  6.330298e+000
      vertex  3.909574e+001 -1.236411e+001  6.493027e+000
    endloop
  endfacet
  facet normal  8.858724e-003  5.831711e-001  8.123010e-001
    outer loop
      vertex  3.909574e+001 -1.236411e+001  6.493027e+000
      vertex  4.030968e+001 -1.215588e+001  6.330298e+000
      vertex  4.042916e+001 -1.180270e+001  6.075435e+000
    endloop
  endfacet
  facet normal -6.805435e-003  6.071678e-001  7.945445e-001
    outer loop
      vertex  3.909574e+001 -1.236411e+001  6.493027e+000
      vertex  4.042916e+001 -1.180270e+001  6.075435e+000
      vertex  3.925399e+001 -1.196750e+001  6.191306e+000
    endloop
  endfacet
  facet normal  5.539238e-003  5.484177e-001  8.361861e-001
    outer loop
      vertex  3.925399e+001 -1.196750e+001  6.191306e+000
      vertex  4.042916e+001 -1.180270e+001  6.075435e+000
      vertex  4.052337e+001 -1.144301e+001  5.838905e+000
    endloop
  endfacet
  facet normal -3.939915e-003  5.642452e-001  8.255979e-001
    outer loop
      vertex  3.925399e+001 -1.196750e+001  6.191306e+000
      vertex  4.052337e+001 -1.144301e+001  5.838905e+000
      vertex  3.937220e+001 -1.156481e+001  5.916659e+000
    endloop
  endfacet
  facet normal  3.355805e-003  5.153306e-001  8.569849e-001
    outer loop
      vertex  3.937220e+001 -1.156481e+001  5.916659e+000
      vertex  4.052337e+001 -1.144301e+001  5.838905e+000
      vertex  4.059468e+001 -1.106363e+001  5.610497e+000
    endloop
  endfacet
  facet normal -1.886706e-003  5.246536e-001  8.513138e-001
    outer loop
      vertex  3.937220e+001 -1.156481e+001  5.916659e+000
      vertex  4.059468e+001 -1.106363e+001  5.610497e+000
      vertex  3.945490e+001 -1.113552e+001  5.652275e+000
    endloop
  endfacet
  facet normal  1.602449e-003  4.833469e-001  8.754275e-001
    outer loop
      vertex  3.945490e+001 -1.113552e+001  5.652275e+000
      vertex  4.059468e+001 -1.106363e+001  5.610497e+000
      vertex  4.064005e+001 -1.066594e+001  5.390838e+000
    endloop
  endfacet
  facet normal -1.210622e-003  4.887683e-001  8.724128e-001
    outer loop
      vertex  3.945490e+001 -1.113552e+001  5.652275e+000
      vertex  4.064005e+001 -1.066594e+001  5.390838e+000
      vertex  3.949446e+001 -1.072322e+001  5.421337e+000
    endloop
  endfacet
  facet normal  1.118579e-003  4.524885e-001  8.917696e-001
    outer loop
      vertex  3.949446e+001 -1.072322e+001  5.421337e+000
      vertex  4.064005e+001 -1.066594e+001  5.390838e+000
      vertex  4.065644e+001 -1.025165e+001  5.180603e+000
    endloop
  endfacet
  facet normal -7.635073e-004  4.561682e-001  8.898932e-001
    outer loop
      vertex  3.949446e+001 -1.072322e+001  5.421337e+000
      vertex  4.065644e+001 -1.025165e+001  5.180603e+000
      vertex  3.949524e+001 -1.029314e+001  5.200878e+000
    endloop
  endfacet
  facet normal  6.727775e-004  4.237395e-001  9.057838e-001
    outer loop
      vertex  3.949524e+001 -1.029314e+001  5.200878e+000
      vertex  4.065644e+001 -1.025165e+001  5.180603e+000
      vertex  4.064262e+001 -9.847589e+000  4.991588e+000
    endloop
  endfacet
  facet normal -7.574783e-004  4.267568e-001  9.043661e-001
    outer loop
      vertex  3.949524e+001 -1.029314e+001  5.200878e+000
      vertex  4.064262e+001 -9.847589e+000  4.991588e+000
      vertex  3.945943e+001 -9.897125e+000  5.013972e+000
    endloop
  endfacet
  facet normal  7.405321e-004  3.970459e-001  9.177984e-001
    outer loop
      vertex  3.945943e+001 -9.897125e+000  5.013972e+000
      vertex  4.064262e+001 -9.847589e+000  4.991588e+000
      vertex  4.059784e+001 -9.432789e+000  4.812179e+000
    endloop
  endfacet
  facet normal -8.425017e-004  4.003103e-001  9.163793e-001
    outer loop
      vertex  3.945943e+001 -9.897125e+000  5.013972e+000
      vertex  4.059784e+001 -9.432789e+000  4.812179e+000
      vertex  3.938580e+001 -9.492650e+000  4.837214e+000
    endloop
  endfacet
  facet normal  2.696960e-003  6.994219e-001  7.147039e-001
    outer loop
      vertex  3.867043e+001 -1.310344e+001  7.172985e+000
      vertex  4.001229e+001 -1.280348e+001  6.874371e+000
      vertex  3.890998e+001 -1.272758e+001  6.804251e+000
    endloop
  endfacet
  facet normal -1.910499e-003  6.634611e-001  7.482083e-001
    outer loop
      vertex  3.890998e+001 -1.272758e+001  6.804251e+000
      vertex  4.001229e+001 -1.280348e+001  6.874371e+000
      vertex  4.017187e+001 -1.248556e+001  6.592867e+000
    endloop
  endfacet
  facet normal  2.774044e-003  6.495837e-001  7.602850e-001
    outer loop
      vertex  3.890998e+001 -1.272758e+001  6.804251e+000
      vertex  4.017187e+001 -1.248556e+001  6.592867e+000
      vertex  3.909574e+001 -1.236411e+001  6.493027e+000
    endloop
  endfacet
  facet normal  3.675572e-004  7.046834e-001  7.095218e-001
    outer loop
      vertex  4.001229e+001 -1.280348e+001  6.874371e+000
      vertex  3.867043e+001 -1.310344e+001  7.172985e+000
      vertex  3.984038e+001 -1.309414e+001  7.163140e+000
    endloop
  endfacet
  facet normal -4.855152e-004  7.550183e-001  6.557036e-001
    outer loop
      vertex  3.984038e+001 -1.309414e+001  7.163140e+000
      vertex  3.867043e+001 -1.310344e+001  7.172985e+000
      vertex  3.841234e+001 -1.343359e+001  7.552941e+000
    endloop
  endfacet
  facet normal  4.409094e-003  7.460751e-001  6.658472e-001
    outer loop
      vertex  3.984038e+001 -1.309414e+001  7.163140e+000
      vertex  3.841234e+001 -1.343359e+001  7.552941e+000
      vertex  3.966005e+001 -1.335710e+001  7.458971e+000
    endloop
  endfacet
  facet normal -6.399441e-003  8.154439e-001  5.788007e-001
    outer loop
      vertex  3.966005e+001 -1.335710e+001  7.458971e+000
      vertex  3.841234e+001 -1.343359e+001  7.552941e+000
      vertex  3.810904e+001 -1.375329e+001  8.000000e+000
    endloop
  endfacet
  facet normal  1.497639e-002  7.857636e-001  6.183457e-001
    outer loop
      vertex  3.966005e+001 -1.335710e+001  7.458971e+000
      vertex  3.810904e+001 -1.375329e+001  8.000000e+000
      vertex  3.947562e+001 -1.359189e+001  7.761800e+000
    endloop
  endfacet
  facet normal  0.000000e+000  9.994365e-001  3.356751e-002
    outer loop
      vertex  3.862500e+001 -1.437500e+001  1.000000e+001
      vertex  3.863558e+001 -1.436758e+001  9.779203e+000
      vertex  3.815981e+001 -1.437500e+001  1.000000e+001
    endloop
  endfacet
  facet normal  3.316097e-002  9.939364e-001  1.048375e-001
    outer loop
      vertex  3.815981e+001 -1.437500e+001  1.000000e+001
      vertex  3.863558e+001 -1.436758e+001  9.779203e+000
      vertex  3.866677e+001 -1.434541e+001  9.559102e+000
    endloop
  endfacet
  facet normal -1.329082e-002  9.985723e-001  5.173618e-002
    outer loop
      vertex  3.815981e+001 -1.437500e+001  1.000000e+001
      vertex  3.866677e+001 -1.434541e+001  9.559102e+000
      vertex  3.818203e+001 -1.435678e+001  9.653949e+000
    endloop
  endfacet
  facet normal  9.709688e-003  9.857809e-001  1.677549e-001
    outer loop
      vertex  3.818203e+001 -1.435678e+001  9.653949e+000
      vertex  3.866677e+001 -1.434541e+001  9.559102e+000
      vertex  3.871712e+001 -1.430869e+001  9.340403e+000
    endloop
  endfacet
  facet normal  2.955767e-003  9.876706e-001  1.565187e-001
    outer loop
      vertex  3.818203e+001 -1.435678e+001  9.653949e+000
      vertex  3.871712e+001 -1.430869e+001  9.340403e+000
      vertex  3.824657e+001 -1.430260e+001  9.310870e+000
    endloop
  endfacet
  facet normal -1.732347e-003  9.735867e-001  2.283113e-001
    outer loop
      vertex  3.824657e+001 -1.430260e+001  9.310870e+000
      vertex  3.871712e+001 -1.430869e+001  9.340403e+000
      vertex  3.878447e+001 -1.425776e+001  9.123725e+000
    endloop
  endfacet
  facet normal  9.930117e-003  9.655809e-001  2.599136e-001
    outer loop
      vertex  3.824657e+001 -1.430260e+001  9.310870e+000
      vertex  3.878447e+001 -1.425776e+001  9.123725e+000
      vertex  3.835461e+001 -1.420765e+001  8.953986e+000
    endloop
  endfacet
  facet normal -9.641304e-003  9.521398e-001  3.055105e-001
    outer loop
      vertex  3.835461e+001 -1.420765e+001  8.953986e+000
      vertex  3.878447e+001 -1.425776e+001  9.123725e+000
      vertex  3.892886e+001 -1.414134e+001  8.765459e+000
    endloop
  endfacet
  facet normal  9.061323e-003  9.343565e-001  3.562244e-001
    outer loop
      vertex  3.835461e+001 -1.420765e+001  8.953986e+000
      vertex  3.892886e+001 -1.414134e+001  8.765459e+000
      vertex  3.849474e+001 -1.407587e+001  8.604774e+000
    endloop
  endfacet
  facet normal  5.881708e-001  8.087323e-001  2.671119e-003
    outer loop
      vertex -3.757858e+001 -1.418794e+001  8.000000e+000
      vertex -3.730964e+001 -1.436207e+001  1.500000e+000
      vertex -3.796258e+001 -1.388720e+001  1.500000e+000
    endloop
  endfacet
  facet normal  5.089040e-001  8.608209e-001 -2.004017e-003
    outer loop
      vertex -3.730964e+001 -1.436207e+001  1.500000e+000
      vertex -3.757858e+001 -1.418794e+001  8.000000e+000
      vertex -3.698824e+001 -1.453695e+001  8.000000e+000
    endloop
  endfacet
  facet normal  4.341895e-001  9.008173e-001  2.766374e-003
    outer loop
      vertex -3.698824e+001 -1.453695e+001  8.000000e+000
      vertex -3.658234e+001 -1.471262e+001  1.500000e+000
      vertex -3.730964e+001 -1.436207e+001  1.500000e+000
    endloop
  endfacet
  facet normal  3.721871e-001  9.281560e-001 -1.844282e-003
    outer loop
      vertex -3.635172e+001 -1.479219e+001  8.000000e+000
      vertex -3.658234e+001 -1.471262e+001  1.500000e+000
      vertex -3.698824e+001 -1.453695e+001  8.000000e+000
    endloop
  endfacet
  facet normal  2.662354e-001  9.639051e-001  2.352563e-003
    outer loop
      vertex -3.580412e+001 -1.492757e+001  1.500000e+000
      vertex -3.658234e+001 -1.471262e+001  1.500000e+000
      vertex -3.635172e+001 -1.479219e+001  8.000000e+000
    endloop
  endfacet
  facet normal  9.959366e-001 -9.005714e-002 -6.807678e-006
    outer loop
      vertex -3.949524e+001 -1.029314e+001  5.200878e+000
      vertex -3.949522e+001 -1.029257e+001  1.500000e+000
      vertex -3.945943e+001 -9.897125e+000  5.013972e+000
    endloop
  endfacet
  facet normal  9.907609e-001 -1.355213e-001  5.162189e-003
    outer loop
      vertex -3.945943e+001 -9.897125e+000  5.013972e+000
      vertex -3.949522e+001 -1.029257e+001  1.500000e+000
      vertex -3.938580e+001 -9.492650e+000  1.500000e+000
    endloop
  endfacet
  facet normal  9.838296e-001 -1.791071e-001  0.000000e+000
    outer loop
      vertex -3.945943e+001 -9.897125e+000  5.013972e+000
      vertex -3.938580e+001 -9.492650e+000  1.500000e+000
      vertex -3.938580e+001 -9.492650e+000  4.837214e+000
    endloop
  endfacet
  facet normal  9.954478e-001  9.530827e-002 -3.726540e-004
    outer loop
      vertex -3.945490e+001 -1.113552e+001  5.652275e+000
      vertex -3.945993e+001 -1.109916e+001  1.500000e+000
      vertex -3.949446e+001 -1.072322e+001  5.421337e+000
    endloop
  endfacet
  facet normal  9.990341e-001  4.369978e-002  4.606754e-003
    outer loop
      vertex -3.949446e+001 -1.072322e+001  5.421337e+000
      vertex -3.945993e+001 -1.109916e+001  1.500000e+000
      vertex -3.949522e+001 -1.029257e+001  1.500000e+000
    endloop
  endfacet
  facet normal  9.999984e-001  1.822168e-003  7.498412e-006
    outer loop
      vertex -3.949446e+001 -1.072322e+001  5.421337e+000
      vertex -3.949522e+001 -1.029257e+001  1.500000e+000
      vertex -3.949524e+001 -1.029314e+001  5.200878e+000
    endloop
  endfacet
  facet normal  9.596353e-001  2.812466e-001 -6.850476e-004
    outer loop
      vertex -3.925399e+001 -1.196750e+001  6.191306e+000
      vertex -3.928109e+001 -1.188647e+001  1.500000e+000
      vertex -3.937220e+001 -1.156481e+001  5.916659e+000
    endloop
  endfacet
  facet normal  9.751480e-001  2.215186e-001  3.984896e-003
    outer loop
      vertex -3.937220e+001 -1.156481e+001  5.916659e+000
      vertex -3.928109e+001 -1.188647e+001  1.500000e+000
      vertex -3.945993e+001 -1.109916e+001  1.500000e+000
    endloop
  endfacet
  facet normal  9.818939e-001  1.894312e-001  4.679140e-004
    outer loop
      vertex -3.937220e+001 -1.156481e+001  5.916659e+000
      vertex -3.945993e+001 -1.109916e+001  1.500000e+000
      vertex -3.945490e+001 -1.113552e+001  5.652275e+000
    endloop
  endfacet
  facet normal  8.906888e-001  4.546129e-001 -7.083090e-004
    outer loop
      vertex -3.890998e+001 -1.272758e+001  6.804251e+000
      vertex -3.896443e+001 -1.262915e+001  1.500000e+000
      vertex -3.909574e+001 -1.236411e+001  6.493027e+000
    endloop
  endfacet
  facet normal  9.198721e-001  3.922038e-001  3.372026e-003
    outer loop
      vertex -3.909574e+001 -1.236411e+001  6.493027e+000
      vertex -3.896443e+001 -1.262915e+001  1.500000e+000
      vertex -3.928109e+001 -1.188647e+001  1.500000e+000
    endloop
  endfacet
  facet normal  9.285192e-001  3.712828e-001  1.049734e-003
    outer loop
      vertex -3.909574e+001 -1.236411e+001  6.493027e+000
      vertex -3.928109e+001 -1.188647e+001  1.500000e+000
      vertex -3.925399e+001 -1.196750e+001  6.191306e+000
    endloop
  endfacet
  facet normal  7.882754e-001  6.153221e-001 -7.961837e-004
    outer loop
      vertex -3.841234e+001 -1.343359e+001  7.552941e+000
      vertex -3.852016e+001 -1.330330e+001  1.500000e+000
      vertex -3.867043e+001 -1.310344e+001  7.172985e+000
    endloop
  endfacet
  facet normal  8.349838e-001  5.502679e-001  2.732845e-003
    outer loop
      vertex -3.867043e+001 -1.310344e+001  7.172985e+000
      vertex -3.852016e+001 -1.330330e+001  1.500000e+000
      vertex -3.896443e+001 -1.262915e+001  1.500000e+000
    endloop
  endfacet
  facet normal  8.427031e-001  5.383768e-001  1.338634e-003
    outer loop
      vertex -3.867043e+001 -1.310344e+001  7.172985e+000
      vertex -3.896443e+001 -1.262915e+001  1.500000e+000
      vertex -3.890998e+001 -1.272758e+001  6.804251e+000
    endloop
  endfacet
  facet normal  6.337987e-001  7.734963e-001 -1.654771e-003
    outer loop
      vertex -3.757858e+001 -1.418794e+001  8.000000e+000
      vertex -3.796258e+001 -1.388720e+001  1.500000e+000
      vertex -3.810904e+001 -1.375329e+001  8.000000e+000
    endloop
  endfacet
  facet normal  7.232204e-001  6.906142e-001  2.067510e-003
    outer loop
      vertex -3.810904e+001 -1.375329e+001  8.000000e+000
      vertex -3.796258e+001 -1.388720e+001  1.500000e+000
      vertex -3.852016e+001 -1.330330e+001  1.500000e+000
    endloop
  endfacet
  facet normal  7.241027e-001  6.896895e-001  1.947685e-003
    outer loop
      vertex -3.810904e+001 -1.375329e+001  8.000000e+000
      vertex -3.852016e+001 -1.330330e+001  1.500000e+000
      vertex -3.841234e+001 -1.343359e+001  7.552941e+000
    endloop
  endfacet
  facet normal  2.268268e-001  9.739345e-001 -1.176358e-003
    outer loop
      vertex -3.635172e+001 -1.479219e+001  8.000000e+000
      vertex -3.568380e+001 -1.494774e+001  8.000000e+000
      vertex -3.580412e+001 -1.492757e+001  1.500000e+000
    endloop
  endfacet
  facet normal  7.619860e-002  9.970913e-001  1.683641e-003
    outer loop
      vertex -3.580412e+001 -1.492757e+001  1.500000e+000
      vertex -3.568380e+001 -1.494774e+001  8.000000e+000
      vertex -3.500000e+001 -1.500000e+001  8.000000e+000
    endloop
  endfacet
  facet normal  8.970702e-002  9.959682e-001  0.000000e+000
    outer loop
      vertex -3.580412e+001 -1.492757e+001  1.500000e+000
      vertex -3.500000e+001 -1.500000e+001  8.000000e+000
      vertex -3.500000e+001 -1.500000e+001  1.500000e+000
    endloop
  endfacet
  facet normal  2.662354e-001 -9.639051e-001  2.352563e-003
    outer loop
      vertex -3.635172e+001  1.479219e+001  8.000000e+000
      vertex -3.658234e+001  1.471262e+001  1.500000e+000
      vertex -3.580412e+001  1.492757e+001  1.500000e+000
    endloop
  endfacet
  facet normal  3.721871e-001 -9.281560e-001 -1.844282e-003
    outer loop
      vertex -3.658234e+001  1.471262e+001  1.500000e+000
      vertex -3.635172e+001  1.479219e+001  8.000000e+000
      vertex -3.698824e+001  1.453695e+001  8.000000e+000
    endloop
  endfacet
  facet normal  4.341895e-001 -9.008173e-001  2.766374e-003
    outer loop
      vertex -3.698824e+001  1.453695e+001  8.000000e+000
      vertex -3.730964e+001  1.436207e+001  1.500000e+000
      vertex -3.658234e+001  1.471262e+001  1.500000e+000
    endloop
  endfacet
  facet normal  5.089040e-001 -8.608209e-001 -2.004016e-003
    outer loop
      vertex -3.757858e+001  1.418794e+001  8.000000e+000
      vertex -3.730964e+001  1.436207e+001  1.500000e+000
      vertex -3.698824e+001  1.453695e+001  8.000000e+000
    endloop
  endfacet
  facet normal  5.881708e-001 -8.087323e-001  2.671119e-003
    outer loop
      vertex -3.796258e+001  1.388720e+001  1.500000e+000
      vertex -3.730964e+001  1.436207e+001  1.500000e+000
      vertex -3.757858e+001  1.418794e+001  8.000000e+000
    endloop
  endfacet
  facet normal  9.999984e-001 -1.822168e-003  7.498412e-006
    outer loop
      vertex -3.949524e+001  1.029314e+001  5.200878e+000
      vertex -3.949522e+001  1.029257e+001  1.500000e+000
      vertex -3.949446e+001  1.072322e+001  5.421337e+000
    endloop
  endfacet
  facet normal  2.268268e-001 -9.739345e-001 -1.176358e-003
    outer loop
      vertex -3.635172e+001  1.479219e+001  8.000000e+000
      vertex -3.580412e+001  1.492757e+001  1.500000e+000
      vertex -3.568380e+001  1.494774e+001  8.000000e+000
    endloop
  endfacet
  facet normal  8.970692e-002 -9.959671e-001  1.430112e-003
    outer loop
      vertex -3.568380e+001  1.494774e+001  8.000000e+000
      vertex -3.580412e+001  1.492757e+001  1.500000e+000
      vertex -3.500000e+001  1.500000e+001  1.500000e+000
    endloop
  endfacet
  facet normal  7.619870e-002 -9.970927e-001  0.000000e+000
    outer loop
      vertex -3.568380e+001  1.494774e+001  8.000000e+000
      vertex -3.500000e+001  1.500000e+001  1.500000e+000
      vertex -3.500000e+001  1.500000e+001  8.000000e+000
    endloop
  endfacet
  facet normal  6.337987e-001 -7.734963e-001 -1.654771e-003
    outer loop
      vertex -3.757858e+001  1.418794e+001  8.000000e+000
      vertex -3.810904e+001  1.375329e+001  8.000000e+000
      vertex -3.796258e+001  1.388720e+001  1.500000e+000
    endloop
  endfacet
  facet normal  7.239947e-001 -6.898023e-001  2.101681e-003
    outer loop
      vertex -3.796258e+001  1.388720e+001  1.500000e+000
      vertex -3.810904e+001  1.375329e+001  8.000000e+000
      vertex -3.841234e+001  1.343359e+001  7.552941e+000
    endloop
  endfacet
  facet normal  7.232206e-001 -6.906143e-001  1.983308e-003
    outer loop
      vertex -3.796258e+001  1.388720e+001  1.500000e+000
      vertex -3.841234e+001  1.343359e+001  7.552941e+000
      vertex -3.852016e+001  1.330330e+001  1.500000e+000
    endloop
  endfacet
  facet normal  7.882754e-001 -6.153221e-001 -7.961829e-004
    outer loop
      vertex -3.841234e+001  1.343359e+001  7.552941e+000
      vertex -3.867043e+001  1.310344e+001  7.172985e+000
      vertex -3.852016e+001  1.330330e+001  1.500000e+000
    endloop
  endfacet
  facet normal  8.418312e-001 -5.397310e-001  3.285429e-003
    outer loop
      vertex -3.852016e+001  1.330330e+001  1.500000e+000
      vertex -3.867043e+001  1.310344e+001  7.172985e+000
      vertex -3.890998e+001  1.272758e+001  6.804251e+000
    endloop
  endfacet
  facet normal  8.349857e-001 -5.502691e-001  1.638537e-003
    outer loop
      vertex -3.852016e+001  1.330330e+001  1.500000e+000
      vertex -3.890998e+001  1.272758e+001  6.804251e+000
      vertex -3.896443e+001  1.262915e+001  1.500000e+000
    endloop
  endfacet
  facet normal  8.906888e-001 -4.546129e-001 -7.083103e-004
    outer loop
      vertex -3.890998e+001  1.272758e+001  6.804251e+000
      vertex -3.909574e+001  1.236411e+001  6.493027e+000
      vertex -3.896443e+001  1.262915e+001  1.500000e+000
    endloop
  endfacet
  facet normal  9.275854e-001 -3.735832e-001  4.563309e-003
    outer loop
      vertex -3.896443e+001  1.262915e+001  1.500000e+000
      vertex -3.909574e+001  1.236411e+001  6.493027e+000
      vertex -3.925399e+001  1.196750e+001  6.191306e+000
    endloop
  endfacet
  facet normal  9.198764e-001 -3.922056e-001  1.461022e-003
    outer loop
      vertex -3.896443e+001  1.262915e+001  1.500000e+000
      vertex -3.925399e+001  1.196750e+001  6.191306e+000
      vertex -3.928109e+001  1.188647e+001  1.500000e+000
    endloop
  endfacet
  facet normal  9.596354e-001 -2.812467e-001 -6.850477e-004
    outer loop
      vertex -3.925399e+001  1.196750e+001  6.191306e+000
      vertex -3.937220e+001  1.156481e+001  5.916659e+000
      vertex -3.928109e+001  1.188647e+001  1.500000e+000
    endloop
  endfacet
  facet normal  9.812127e-001 -1.928298e-001  6.199382e-003
    outer loop
      vertex -3.928109e+001  1.188647e+001  1.500000e+000
      vertex -3.937220e+001  1.156481e+001  5.916659e+000
      vertex -3.945490e+001  1.113552e+001  5.652275e+000
    endloop
  endfacet
  facet normal  9.751554e-001 -2.215203e-001  7.570547e-004
    outer loop
      vertex -3.928109e+001  1.188647e+001  1.500000e+000
      vertex -3.945490e+001  1.113552e+001  5.652275e+000
      vertex -3.945993e+001  1.109916e+001  1.500000e+000
    endloop
  endfacet
  facet normal  9.954478e-001 -9.530827e-002 -3.726540e-004
    outer loop
      vertex -3.945993e+001  1.109916e+001  1.500000e+000
      vertex -3.945490e+001  1.113552e+001  5.652275e+000
      vertex -3.949446e+001  1.072322e+001  5.421337e+000
    endloop
  endfacet
  facet normal  9.990341e-001 -4.369978e-002  4.606754e-003
    outer loop
      vertex -3.945993e+001  1.109916e+001  1.500000e+000
      vertex -3.949446e+001  1.072322e+001  5.421337e+000
      vertex -3.949522e+001  1.029257e+001  1.500000e+000
    endloop
  endfacet
  facet normal  9.838296e-001  1.791071e-001  -0.000000e+000
    outer loop
      vertex -3.938580e+001  9.492650e+000  4.837214e+000
      vertex -3.938580e+001  9.492650e+000  1.500000e+000
      vertex -3.945943e+001  9.897125e+000  5.013972e+000
    endloop
  endfacet
  facet normal  9.907609e-001  1.355213e-001  5.162189e-003
    outer loop
      vertex -3.945943e+001  9.897125e+000  5.013972e+000
      vertex -3.938580e+001  9.492650e+000  1.500000e+000
      vertex -3.949522e+001  1.029257e+001  1.500000e+000
    endloop
  endfacet
  facet normal  9.959366e-001  9.005714e-002 -6.807678e-006
    outer loop
      vertex -3.945943e+001  9.897125e+000  5.013972e+000
      vertex -3.949522e+001  1.029257e+001  1.500000e+000
      vertex -3.949524e+001  1.029314e+001  5.200878e+000
    endloop
  endfacet
  facet normal -1.000000e+000  0.000000e+000  0.000000e+000
    outer loop
      vertex  3.500000e+001  1.500000e+001  1.500000e+000
      vertex  3.500000e+001  1.500000e+001  8.000000e+000
      vertex  3.500000e+001  1.650000e+001  1.500000e+000
    endloop
  endfacet
  facet normal -1.000000e+000  0.000000e+000  0.000000e+000
    outer loop
      vertex  3.500000e+001  1.650000e+001  1.500000e+000
      vertex  3.500000e+001  1.500000e+001  8.000000e+000
      vertex  3.500000e+001  1.550000e+001  8.000000e+000
    endloop
  endfacet
  facet normal -1.000000e+000  0.000000e+000  0.000000e+000
    outer loop
      vertex  3.500000e+001  1.650000e+001  1.500000e+000
      vertex  3.500000e+001  1.550000e+001  8.000000e+000
      vertex  3.500000e+001  1.650000e+001  1.000000e+001
    endloop
  endfacet
  facet normal -1.000000e+000  -0.000000e+000  0.000000e+000
    outer loop
      vertex  3.500000e+001  1.650000e+001  1.000000e+001
      vertex  3.500000e+001  1.550000e+001  8.000000e+000
      vertex  3.500000e+001  1.550000e+001  1.000000e+001
    endloop
  endfacet
  facet normal -1.000000e+000  -0.000000e+000  0.000000e+000
    outer loop
      vertex  3.500000e+001 -1.650000e+001  1.000000e+001
      vertex  3.500000e+001 -1.550000e+001  1.000000e+001
      vertex  3.500000e+001 -1.650000e+001  1.500000e+000
    endloop
  endfacet
  facet normal -1.000000e+000  0.000000e+000  0.000000e+000
    outer loop
      vertex  3.500000e+001 -1.650000e+001  1.500000e+000
      vertex  3.500000e+001 -1.550000e+001  1.000000e+001
      vertex  3.500000e+001 -1.550000e+001  8.000000e+000
    endloop
  endfacet
  facet normal -1.000000e+000  0.000000e+000  -0.000000e+000
    outer loop
      vertex  3.500000e+001 -1.650000e+001  1.500000e+000
      vertex  3.500000e+001 -1.550000e+001  8.000000e+000
      vertex  3.500000e+001 -1.500000e+001  1.500000e+000
    endloop
  endfacet
  facet normal -1.000000e+000  0.000000e+000  0.000000e+000
    outer loop
      vertex  3.500000e+001 -1.500000e+001  1.500000e+000
      vertex  3.500000e+001 -1.550000e+001  8.000000e+000
      vertex  3.500000e+001 -1.500000e+001  8.000000e+000
    endloop
  endfacet
  facet normal  7.001807e-001  7.133058e-001  3.068742e-002
    outer loop
      vertex -3.818221e+001 -1.435662e+001  8.000000e+000
      vertex -3.879686e+001 -1.375329e+001  8.000000e+000
      vertex -3.849474e+001 -1.407587e+001  8.604774e+000
    endloop
  endfacet
  facet normal  6.757303e-001  7.371157e-001  6.998884e-003
    outer loop
      vertex -3.818221e+001 -1.435662e+001  8.000000e+000
      vertex -3.849474e+001 -1.407587e+001  8.604774e+000
      vertex -3.835461e+001 -1.420765e+001  8.953986e+000
    endloop
  endfacet
  facet normal  6.578324e-001  7.531633e-001  1.258478e-003
    outer loop
      vertex -3.818221e+001 -1.435662e+001  8.000000e+000
      vertex -3.835461e+001 -1.420765e+001  8.953986e+000
      vertex -3.824657e+001 -1.430260e+001  9.310870e+000
    endloop
  endfacet
  facet normal  6.429031e-001  7.659475e-001 -1.394050e-006
    outer loop
      vertex -3.818221e+001 -1.435662e+001  8.000000e+000
      vertex -3.824657e+001 -1.430260e+001  9.310870e+000
      vertex -3.818203e+001 -1.435678e+001  9.653949e+000
    endloop
  endfacet
  facet normal  6.341568e-001  7.732045e-001  2.353771e-007
    outer loop
      vertex -3.818221e+001 -1.435662e+001  8.000000e+000
      vertex -3.818203e+001 -1.435678e+001  9.653949e+000
      vertex -3.815981e+001 -1.437500e+001  1.000000e+001
    endloop
  endfacet
  facet normal  5.634630e-001  8.261403e-001  1.278495e-003
    outer loop
      vertex -3.818221e+001 -1.435662e+001  8.000000e+000
      vertex -3.815981e+001 -1.437500e+001  1.000000e+001
      vertex -3.745424e+001 -1.485623e+001  1.000000e+001
    endloop
  endfacet
  facet normal  5.676435e-001  8.232740e-001 -9.591649e-004
    outer loop
      vertex -3.818221e+001 -1.435662e+001  8.000000e+000
      vertex -3.745424e+001 -1.485623e+001  1.000000e+001
      vertex -3.747314e+001 -1.484552e+001  8.000000e+000
    endloop
  endfacet
  facet normal  8.612847e-002  9.962840e-001  0.000000e+000
    outer loop
      vertex -3.585808e+001 -1.542582e+001  8.000000e+000
      vertex -3.500000e+001 -1.550000e+001  1.000000e+001
      vertex -3.500000e+001 -1.550000e+001  8.000000e+000
    endloop
  endfacet
  facet normal  8.540580e-002  9.963463e-001  3.123650e-004
    outer loop
      vertex -3.500000e+001 -1.550000e+001  1.000000e+001
      vertex -3.585808e+001 -1.542582e+001  8.000000e+000
      vertex -3.585094e+001 -1.542706e+001  1.000000e+001
    endloop
  endfacet
  facet normal  2.558272e-001  9.667225e-001 -3.141586e-004
    outer loop
      vertex -3.585094e+001 -1.542706e+001  1.000000e+001
      vertex -3.585808e+001 -1.542582e+001  8.000000e+000
      vertex -3.669069e+001 -1.520548e+001  8.000000e+000
    endloop
  endfacet
  facet normal  2.537256e-001  9.672760e-001  6.295716e-004
    outer loop
      vertex -3.585094e+001 -1.542706e+001  1.000000e+001
      vertex -3.669069e+001 -1.520548e+001  8.000000e+000
      vertex -3.667706e+001 -1.521036e+001  1.000000e+001
    endloop
  endfacet
  facet normal  4.179361e-001  9.084762e-001 -6.335835e-004
    outer loop
      vertex -3.667706e+001 -1.521036e+001  1.000000e+001
      vertex -3.669069e+001 -1.520548e+001  8.000000e+000
      vertex -3.747314e+001 -1.484552e+001  8.000000e+000
    endloop
  endfacet
  facet normal  4.146441e-001  9.099832e-001  9.516369e-004
    outer loop
      vertex -3.667706e+001 -1.521036e+001  1.000000e+001
      vertex -3.747314e+001 -1.484552e+001  8.000000e+000
      vertex -3.745424e+001 -1.485623e+001  1.000000e+001
    endloop
  endfacet
  facet normal  0.000000e+000  0.000000e+000  1.000000e+000
    outer loop
      vertex -3.500000e+001 -1.550000e+001  8.000000e+000
      vertex -3.669069e+001 -1.520548e+001  8.000000e+000
      vertex -3.585808e+001 -1.542582e+001  8.000000e+000
    endloop
  endfacet
  facet normal  -0.000000e+000  0.000000e+000  1.000000e+000
    outer loop
      vertex -3.810904e+001 -1.375329e+001  8.000000e+000
      vertex -3.879686e+001 -1.375329e+001  8.000000e+000
      vertex -3.757858e+001 -1.418794e+001  8.000000e+000
    endloop
  endfacet
  facet normal  0.000000e+000  0.000000e+000  9.999999e-001
    outer loop
      vertex -3.757858e+001 -1.418794e+001  8.000000e+000
      vertex -3.879686e+001 -1.375329e+001  8.000000e+000
      vertex -3.818221e+001 -1.435662e+001  8.000000e+000
    endloop
  endfacet
  facet normal  -0.000000e+000  0.000000e+000  1.000000e+000
    outer loop
      vertex -3.757858e+001 -1.418794e+001  8.000000e+000
      vertex -3.818221e+001 -1.435662e+001  8.000000e+000
      vertex -3.698824e+001 -1.453695e+001  8.000000e+000
    endloop
  endfacet
  facet normal  0.000000e+000  0.000000e+000  9.999999e-001
    outer loop
      vertex -3.698824e+001 -1.453695e+001  8.000000e+000
      vertex -3.818221e+001 -1.435662e+001  8.000000e+000
      vertex -3.747314e+001 -1.484552e+001  8.000000e+000
    endloop
  endfacet
  facet normal  0.000000e+000  0.000000e+000  9.999999e-001
    outer loop
      vertex -3.698824e+001 -1.453695e+001  8.000000e+000
      vertex -3.747314e+001 -1.484552e+001  8.000000e+000
      vertex -3.635172e+001 -1.479219e+001  8.000000e+000
    endloop
  endfacet
  facet normal  -0.000000e+000  0.000000e+000  1.000000e+000
    outer loop
      vertex -3.635172e+001 -1.479219e+001  8.000000e+000
      vertex -3.747314e+001 -1.484552e+001  8.000000e+000
      vertex -3.568380e+001 -1.494774e+001  8.000000e+000
    endloop
  endfacet
  facet normal  0.000000e+000  0.000000e+000  1.000000e+000
    outer loop
      vertex -3.568380e+001 -1.494774e+001  8.000000e+000
      vertex -3.747314e+001 -1.484552e+001  8.000000e+000
      vertex -3.669069e+001 -1.520548e+001  8.000000e+000
    endloop
  endfacet
  facet normal  0.000000e+000  0.000000e+000  1.000000e+000
    outer loop
      vertex -3.568380e+001 -1.494774e+001  8.000000e+000
      vertex -3.669069e+001 -1.520548e+001  8.000000e+000
      vertex -3.500000e+001 -1.500000e+001  8.000000e+000
    endloop
  endfacet
  facet normal  0.000000e+000  0.000000e+000  9.999999e-001
    outer loop
      vertex -3.500000e+001 -1.500000e+001  8.000000e+000
      vertex -3.669069e+001 -1.520548e+001  8.000000e+000
      vertex -3.500000e+001 -1.550000e+001  8.000000e+000
    endloop
  endfacet
  facet normal  5.676435e-001 -8.232740e-001 -9.591649e-004
    outer loop
      vertex -3.818221e+001  1.435662e+001  8.000000e+000
      vertex -3.747314e+001  1.484552e+001  8.000000e+000
      vertex -3.745424e+001  1.485623e+001  1.000000e+001
    endloop
  endfacet
  facet normal  5.634630e-001 -8.261403e-001  1.278495e-003
    outer loop
      vertex -3.818221e+001  1.435662e+001  8.000000e+000
      vertex -3.745424e+001  1.485623e+001  1.000000e+001
      vertex -3.815981e+001  1.437500e+001  1.000000e+001
    endloop
  endfacet
  facet normal  6.341568e-001 -7.732045e-001  2.349171e-007
    outer loop
      vertex -3.818221e+001  1.435662e+001  8.000000e+000
      vertex -3.815981e+001  1.437500e+001  1.000000e+001
      vertex -3.818203e+001  1.435678e+001  9.653949e+000
    endloop
  endfacet
  facet normal  6.429031e-001 -7.659475e-001 -1.394050e-006
    outer loop
      vertex -3.818221e+001  1.435662e+001  8.000000e+000
      vertex -3.818203e+001  1.435678e+001  9.653949e+000
      vertex -3.824657e+001  1.430260e+001  9.310870e+000
    endloop
  endfacet
  facet normal  6.578324e-001 -7.531633e-001  1.258486e-003
    outer loop
      vertex -3.818221e+001  1.435662e+001  8.000000e+000
      vertex -3.824657e+001  1.430260e+001  9.310870e+000
      vertex -3.835461e+001  1.420765e+001  8.953986e+000
    endloop
  endfacet
  facet normal  6.757303e-001 -7.371157e-001  6.998878e-003
    outer loop
      vertex -3.818221e+001  1.435662e+001  8.000000e+000
      vertex -3.835461e+001  1.420765e+001  8.953986e+000
      vertex -3.849474e+001  1.407587e+001  8.604774e+000
    endloop
  endfacet
  facet normal  7.001807e-001 -7.133058e-001  3.068742e-002
    outer loop
      vertex -3.818221e+001  1.435662e+001  8.000000e+000
      vertex -3.849474e+001  1.407587e+001  8.604774e+000
      vertex -3.879686e+001  1.375329e+001  8.000000e+000
    endloop
  endfacet
  facet normal  4.179360e-001 -9.084761e-001  9.124445e-004
    outer loop
      vertex -3.669069e+001  1.520548e+001  8.000000e+000
      vertex -3.745424e+001  1.485623e+001  1.000000e+001
      vertex -3.747314e+001  1.484552e+001  8.000000e+000
    endloop
  endfacet
  facet normal  4.146442e-001 -9.099833e-001 -6.074607e-004
    outer loop
      vertex -3.745424e+001  1.485623e+001  1.000000e+001
      vertex -3.669069e+001  1.520548e+001  8.000000e+000
      vertex -3.667706e+001  1.521036e+001  1.000000e+001
    endloop
  endfacet
  facet normal  2.558272e-001 -9.667224e-001  6.138910e-004
    outer loop
      vertex -3.667706e+001  1.521036e+001  1.000000e+001
      vertex -3.669069e+001  1.520548e+001  8.000000e+000
      vertex -3.585808e+001  1.542582e+001  8.000000e+000
    endloop
  endfacet
  facet normal  2.537257e-001 -9.672762e-001 -3.063161e-004
    outer loop
      vertex -3.667706e+001  1.521036e+001  1.000000e+001
      vertex -3.585808e+001  1.542582e+001  8.000000e+000
      vertex -3.585094e+001  1.542706e+001  1.000000e+001
    endloop
  endfacet
  facet normal  8.612847e-002 -9.962840e-001  3.097474e-004
    outer loop
      vertex -3.585094e+001  1.542706e+001  1.000000e+001
      vertex -3.585808e+001  1.542582e+001  8.000000e+000
      vertex -3.500000e+001  1.550000e+001  8.000000e+000
    endloop
  endfacet
  facet normal  8.540580e-002 -9.963463e-001  0.000000e+000
    outer loop
      vertex -3.585094e+001  1.542706e+001  1.000000e+001
      vertex -3.500000e+001  1.550000e+001  8.000000e+000
      vertex -3.500000e+001  1.550000e+001  1.000000e+001
    endloop
  endfacet
  facet normal  -0.000000e+000  0.000000e+000  1.000000e+000
    outer loop
      vertex -3.500000e+001  1.550000e+001  8.000000e+000
      vertex -3.585808e+001  1.542582e+001  8.000000e+000
      vertex -3.500000e+001  1.500000e+001  8.000000e+000
    endloop
  endfacet
  facet normal  0.000000e+000  0.000000e+000  1.000000e+000
    outer loop
      vertex -3.500000e+001  1.500000e+001  8.000000e+000
      vertex -3.585808e+001  1.542582e+001  8.000000e+000
      vertex -3.669069e+001  1.520548e+001  8.000000e+000
    endloop
  endfacet
  facet normal  0.000000e+000  0.000000e+000  1.000000e+000
    outer loop
      vertex -3.500000e+001  1.500000e+001  8.000000e+000
      vertex -3.669069e+001  1.520548e+001  8.000000e+000
      vertex -3.568380e+001  1.494774e+001  8.000000e+000
    endloop
  endfacet
  facet normal  0.000000e+000  0.000000e+000  1.000000e+000
    outer loop
      vertex -3.568380e+001  1.494774e+001  8.000000e+000
      vertex -3.669069e+001  1.520548e+001  8.000000e+000
      vertex -3.635172e+001  1.479219e+001  8.000000e+000
    endloop
  endfacet
  facet normal  0.000000e+000  0.000000e+000  1.000000e+000
    outer loop
      vertex -3.635172e+001  1.479219e+001  8.000000e+000
      vertex -3.669069e+001  1.520548e+001  8.000000e+000
      vertex -3.747314e+001  1.484552e+001  8.000000e+000
    endloop
  endfacet
  facet normal  0.000000e+000  0.000000e+000  9.999999e-001
    outer loop
      vertex -3.635172e+001  1.479219e+001  8.000000e+000
      vertex -3.747314e+001  1.484552e+001  8.000000e+000
      vertex -3.698824e+001  1.453695e+001  8.000000e+000
    endloop
  endfacet
  facet normal  0.000000e+000  0.000000e+000  9.999999e-001
    outer loop
      vertex -3.698824e+001  1.453695e+001  8.000000e+000
      vertex -3.747314e+001  1.484552e+001  8.000000e+000
      vertex -3.818221e+001  1.435662e+001  8.000000e+000
    endloop
  endfacet
  facet normal  -0.000000e+000  0.000000e+000  1.000000e+000
    outer loop
      vertex -3.698824e+001  1.453695e+001  8.000000e+000
      vertex -3.818221e+001  1.435662e+001  8.000000e+000
      vertex -3.757858e+001  1.418794e+001  8.000000e+000
    endloop
  endfacet
  facet normal  0.000000e+000  0.000000e+000  1.000000e+000
    outer loop
      vertex -3.879686e+001  1.375329e+001  8.000000e+000
      vertex -3.810904e+001  1.375329e+001  8.000000e+000
      vertex -3.818221e+001  1.435662e+001  8.000000e+000
    endloop
  endfacet
  facet normal  0.000000e+000  0.000000e+000  1.000000e+000
    outer loop
      vertex -3.818221e+001  1.435662e+001  8.000000e+000
      vertex -3.810904e+001  1.375329e+001  8.000000e+000
      vertex -3.757858e+001  1.418794e+001  8.000000e+000
    endloop
  endfacet
  facet normal -5.676435e-001  8.232740e-001 -9.591649e-004
    outer loop
      vertex  3.818221e+001 -1.435662e+001  8.000000e+000
      vertex  3.747314e+001 -1.484552e+001  8.000000e+000
      vertex  3.745424e+001 -1.485623e+001  1.000000e+001
    endloop
  endfacet
  facet normal -5.634630e-001  8.261403e-001  1.278495e-003
    outer loop
      vertex  3.818221e+001 -1.435662e+001  8.000000e+000
      vertex  3.745424e+001 -1.485623e+001  1.000000e+001
      vertex  3.815981e+001 -1.437500e+001  1.000000e+001
    endloop
  endfacet
  facet normal -6.341568e-001  7.732045e-001  2.349171e-007
    outer loop
      vertex  3.818221e+001 -1.435662e+001  8.000000e+000
      vertex  3.815981e+001 -1.437500e+001  1.000000e+001
      vertex  3.818203e+001 -1.435678e+001  9.653949e+000
    endloop
  endfacet
  facet normal -6.429031e-001  7.659475e-001 -1.394050e-006
    outer loop
      vertex  3.818221e+001 -1.435662e+001  8.000000e+000
      vertex  3.818203e+001 -1.435678e+001  9.653949e+000
      vertex  3.824657e+001 -1.430260e+001  9.310870e+000
    endloop
  endfacet
  facet normal -6.578324e-001  7.531633e-001  1.258486e-003
    outer loop
      vertex  3.818221e+001 -1.435662e+001  8.000000e+000
      vertex  3.824657e+001 -1.430260e+001  9.310870e+000
      vertex  3.835461e+001 -1.420765e+001  8.953986e+000
    endloop
  endfacet
  facet normal -6.757303e-001  7.371157e-001  6.998878e-003
    outer loop
      vertex  3.818221e+001 -1.435662e+001  8.000000e+000
      vertex  3.835461e+001 -1.420765e+001  8.953986e+000
      vertex  3.849474e+001 -1.407587e+001  8.604774e+000
    endloop
  endfacet
  facet normal -7.001807e-001  7.133058e-001  3.068742e-002
    outer loop
      vertex  3.818221e+001 -1.435662e+001  8.000000e+000
      vertex  3.849474e+001 -1.407587e+001  8.604774e+000
      vertex  3.879686e+001 -1.375329e+001  8.000000e+000
    endloop
  endfacet
  facet normal -4.179360e-001  9.084761e-001  9.124445e-004
    outer loop
      vertex  3.669069e+001 -1.520548e+001  8.000000e+000
      vertex  3.745424e+001 -1.485623e+001  1.000000e+001
      vertex  3.747314e+001 -1.484552e+001  8.000000e+000
    endloop
  endfacet
  facet normal -4.146442e-001  9.099833e-001 -6.074607e-004
    outer loop
      vertex  3.745424e+001 -1.485623e+001  1.000000e+001
      vertex  3.669069e+001 -1.520548e+001  8.000000e+000
      vertex  3.667706e+001 -1.521036e+001  1.000000e+001
    endloop
  endfacet
  facet normal -2.558272e-001  9.667224e-001  6.138910e-004
    outer loop
      vertex  3.667706e+001 -1.521036e+001  1.000000e+001
      vertex  3.669069e+001 -1.520548e+001  8.000000e+000
      vertex  3.585808e+001 -1.542582e+001  8.000000e+000
    endloop
  endfacet
  facet normal -2.537257e-001  9.672762e-001 -3.063161e-004
    outer loop
      vertex  3.667706e+001 -1.521036e+001  1.000000e+001
      vertex  3.585808e+001 -1.542582e+001  8.000000e+000
      vertex  3.585094e+001 -1.542706e+001  1.000000e+001
    endloop
  endfacet
  facet normal -8.612847e-002  9.962840e-001  3.097474e-004
    outer loop
      vertex  3.585094e+001 -1.542706e+001  1.000000e+001
      vertex  3.585808e+001 -1.542582e+001  8.000000e+000
      vertex  3.500000e+001 -1.550000e+001  8.000000e+000
    endloop
  endfacet
  facet normal -8.540580e-002  9.963463e-001  0.000000e+000
    outer loop
      vertex  3.585094e+001 -1.542706e+001  1.000000e+001
      vertex  3.500000e+001 -1.550000e+001  8.000000e+000
      vertex  3.500000e+001 -1.550000e+001  1.000000e+001
    endloop
  endfacet
  facet normal  0.000000e+000  -0.000000e+000  1.000000e+000
    outer loop
      vertex  3.500000e+001 -1.550000e+001  8.000000e+000
      vertex  3.585808e+001 -1.542582e+001  8.000000e+000
      vertex  3.669069e+001 -1.520548e+001  8.000000e+000
    endloop
  endfacet
  facet normal  0.000000e+000  0.000000e+000  9.999999e-001
    outer loop
      vertex  3.879686e+001 -1.375329e+001  8.000000e+000
      vertex  3.810904e+001 -1.375329e+001  8.000000e+000
      vertex  3.818221e+001 -1.435662e+001  8.000000e+000
    endloop
  endfacet
  facet normal  0.000000e+000  0.000000e+000  1.000000e+000
    outer loop
      vertex  3.818221e+001 -1.435662e+001  8.000000e+000
      vertex  3.810904e+001 -1.375329e+001  8.000000e+000
      vertex  3.757858e+001 -1.418794e+001  8.000000e+000
    endloop
  endfacet
  facet normal  0.000000e+000  0.000000e+000  1.000000e+000
    outer loop
      vertex  3.818221e+001 -1.435662e+001  8.000000e+000
      vertex  3.757858e+001 -1.418794e+001  8.000000e+000
      vertex  3.747314e+001 -1.484552e+001  8.000000e+000
    endloop
  endfacet
  facet normal  0.000000e+000  -0.000000e+000  1.000000e+000
    outer loop
      vertex  3.747314e+001 -1.484552e+001  8.000000e+000
      vertex  3.757858e+001 -1.418794e+001  8.000000e+000
      vertex  3.698824e+001 -1.453695e+001  8.000000e+000
    endloop
  endfacet
  facet normal  0.000000e+000  0.000000e+000  9.999999e-001
    outer loop
      vertex  3.747314e+001 -1.484552e+001  8.000000e+000
      vertex  3.698824e+001 -1.453695e+001  8.000000e+000
      vertex  3.635172e+001 -1.479219e+001  8.000000e+000
    endloop
  endfacet
  facet normal  0.000000e+000  0.000000e+000  1.000000e+000
    outer loop
      vertex  3.747314e+001 -1.484552e+001  8.000000e+000
      vertex  3.635172e+001 -1.479219e+001  8.000000e+000
      vertex  3.669069e+001 -1.520548e+001  8.000000e+000
    endloop
  endfacet
  facet normal  0.000000e+000  0.000000e+000  1.000000e+000
    outer loop
      vertex  3.669069e+001 -1.520548e+001  8.000000e+000
      vertex  3.635172e+001 -1.479219e+001  8.000000e+000
      vertex  3.568380e+001 -1.494774e+001  8.000000e+000
    endloop
  endfacet
  facet normal  0.000000e+000  0.000000e+000  1.000000e+000
    outer loop
      vertex  3.669069e+001 -1.520548e+001  8.000000e+000
      vertex  3.568380e+001 -1.494774e+001  8.000000e+000
      vertex  3.500000e+001 -1.550000e+001  8.000000e+000
    endloop
  endfacet
  facet normal  0.000000e+000  0.000000e+000  1.000000e+000
    outer loop
      vertex  3.500000e+001 -1.550000e+001  8.000000e+000
      vertex  3.568380e+001 -1.494774e+001  8.000000e+000
      vertex  3.500000e+001 -1.500000e+001  8.000000e+000
    endloop
  endfacet
  facet normal -7.001807e-001 -7.133058e-001  3.068742e-002
    outer loop
      vertex  3.818221e+001  1.435662e+001  8.000000e+000
      vertex  3.879686e+001  1.375329e+001  8.000000e+000
      vertex  3.849474e+001  1.407587e+001  8.604774e+000
    endloop
  endfacet
  facet normal -6.757303e-001 -7.371157e-001  6.998884e-003
    outer loop
      vertex  3.818221e+001  1.435662e+001  8.000000e+000
      vertex  3.849474e+001  1.407587e+001  8.604774e+000
      vertex  3.835461e+001  1.420765e+001  8.953986e+000
    endloop
  endfacet
  facet normal -6.578324e-001 -7.531633e-001  1.258478e-003
    outer loop
      vertex  3.818221e+001  1.435662e+001  8.000000e+000
      vertex  3.835461e+001  1.420765e+001  8.953986e+000
      vertex  3.824657e+001  1.430260e+001  9.310870e+000
    endloop
  endfacet
  facet normal -6.429031e-001 -7.659475e-001 -1.394050e-006
    outer loop
      vertex  3.818221e+001  1.435662e+001  8.000000e+000
      vertex  3.824657e+001  1.430260e+001  9.310870e+000
      vertex  3.818203e+001  1.435678e+001  9.653949e+000
    endloop
  endfacet
  facet normal -6.341568e-001 -7.732045e-001  2.353771e-007
    outer loop
      vertex  3.818221e+001  1.435662e+001  8.000000e+000
      vertex  3.818203e+001  1.435678e+001  9.653949e+000
      vertex  3.815981e+001  1.437500e+001  1.000000e+001
    endloop
  endfacet
  facet normal -5.634630e-001 -8.261403e-001  1.278495e-003
    outer loop
      vertex  3.818221e+001  1.435662e+001  8.000000e+000
      vertex  3.815981e+001  1.437500e+001  1.000000e+001
      vertex  3.745424e+001  1.485623e+001  1.000000e+001
    endloop
  endfacet
  facet normal -5.676435e-001 -8.232740e-001 -9.591649e-004
    outer loop
      vertex  3.818221e+001  1.435662e+001  8.000000e+000
      vertex  3.745424e+001  1.485623e+001  1.000000e+001
      vertex  3.747314e+001  1.484552e+001  8.000000e+000
    endloop
  endfacet
  facet normal -8.612847e-002 -9.962840e-001  -0.000000e+000
    outer loop
      vertex  3.585808e+001  1.542582e+001  8.000000e+000
      vertex  3.500000e+001  1.550000e+001  1.000000e+001
      vertex  3.500000e+001  1.550000e+001  8.000000e+000
    endloop
  endfacet
  facet normal -8.540580e-002 -9.963463e-001  3.123650e-004
    outer loop
      vertex  3.500000e+001  1.550000e+001  1.000000e+001
      vertex  3.585808e+001  1.542582e+001  8.000000e+000
      vertex  3.585094e+001  1.542706e+001  1.000000e+001
    endloop
  endfacet
  facet normal -2.558272e-001 -9.667225e-001 -3.141586e-004
    outer loop
      vertex  3.585094e+001  1.542706e+001  1.000000e+001
      vertex  3.585808e+001  1.542582e+001  8.000000e+000
      vertex  3.669069e+001  1.520548e+001  8.000000e+000
    endloop
  endfacet
  facet normal -2.537256e-001 -9.672760e-001  6.295716e-004
    outer loop
      vertex  3.585094e+001  1.542706e+001  1.000000e+001
      vertex  3.669069e+001  1.520548e+001  8.000000e+000
      vertex  3.667706e+001  1.521036e+001  1.000000e+001
    endloop
  endfacet
  facet normal -4.179361e-001 -9.084762e-001 -6.335835e-004
    outer loop
      vertex  3.667706e+001  1.521036e+001  1.000000e+001
      vertex  3.669069e+001  1.520548e+001  8.000000e+000
      vertex  3.747314e+001  1.484552e+001  8.000000e+000
    endloop
  endfacet
  facet normal -4.146441e-001 -9.099832e-001  9.516369e-004
    outer loop
      vertex  3.667706e+001  1.521036e+001  1.000000e+001
      vertex  3.747314e+001  1.484552e+001  8.000000e+000
      vertex  3.745424e+001  1.485623e+001  1.000000e+001
    endloop
  endfacet
  facet normal  0.000000e+000  0.000000e+000  1.000000e+000
    outer loop
      vertex  3.585808e+001  1.542582e+001  8.000000e+000
      vertex  3.500000e+001  1.550000e+001  8.000000e+000
      vertex  3.669069e+001  1.520548e+001  8.000000e+000
    endloop
  endfacet
  facet normal  0.000000e+000  0.000000e+000  9.999999e-001
    outer loop
      vertex  3.669069e+001  1.520548e+001  8.000000e+000
      vertex  3.500000e+001  1.550000e+001  8.000000e+000
      vertex  3.500000e+001  1.500000e+001  8.000000e+000
    endloop
  endfacet
  facet normal  -0.000000e+000  0.000000e+000  1.000000e+000
    outer loop
      vertex  3.669069e+001  1.520548e+001  8.000000e+000
      vertex  3.500000e+001  1.500000e+001  8.000000e+000
      vertex  3.568380e+001  1.494774e+001  8.000000e+000
    endloop
  endfacet
  facet normal  -0.000000e+000  0.000000e+000  1.000000e+000
    outer loop
      vertex  3.669069e+001  1.520548e+001  8.000000e+000
      vertex  3.568380e+001  1.494774e+001  8.000000e+000
      vertex  3.747314e+001  1.484552e+001  8.000000e+000
    endloop
  endfacet
  facet normal  0.000000e+000  0.000000e+000  1.000000e+000
    outer loop
      vertex  3.747314e+001  1.484552e+001  8.000000e+000
      vertex  3.568380e+001  1.494774e+001  8.000000e+000
      vertex  3.635172e+001  1.479219e+001  8.000000e+000
    endloop
  endfacet
  facet normal  -0.000000e+000  0.000000e+000  1.000000e+000
    outer loop
      vertex  3.747314e+001  1.484552e+001  8.000000e+000
      vertex  3.635172e+001  1.479219e+001  8.000000e+000
      vertex  3.818221e+001  1.435662e+001  8.000000e+000
    endloop
  endfacet
  facet normal  0.000000e+000  0.000000e+000  1.000000e+000
    outer loop
      vertex  3.818221e+001  1.435662e+001  8.000000e+000
      vertex  3.635172e+001  1.479219e+001  8.000000e+000
      vertex  3.698824e+001  1.453695e+001  8.000000e+000
    endloop
  endfacet
  facet normal  0.000000e+000  0.000000e+000  9.999999e-001
    outer loop
      vertex  3.818221e+001  1.435662e+001  8.000000e+000
      vertex  3.698824e+001  1.453695e+001  8.000000e+000
      vertex  3.757858e+001  1.418794e+001  8.000000e+000
    endloop
  endfacet
  facet normal  0.000000e+000  -0.000000e+000  1.000000e+000
    outer loop
      vertex  3.757858e+001  1.418794e+001  8.000000e+000
      vertex  3.810904e+001  1.375329e+001  8.000000e+000
      vertex  3.818221e+001  1.435662e+001  8.000000e+000
    endloop
  endfacet
  facet normal  0.000000e+000  0.000000e+000  9.999999e-001
    outer loop
      vertex  3.818221e+001  1.435662e+001  8.000000e+000
      vertex  3.810904e+001  1.375329e+001  8.000000e+000
      vertex  3.879686e+001  1.375329e+001  8.000000e+000
    endloop
  endfacet
  facet normal -2.177668e-017  1.109282e-017 -1.000000e+000
    outer loop
      vertex  4.060699e+001  5.998779e+000  0.000000e+000
      vertex  4.003699e+001  4.879809e+000  0.000000e+000
      vertex  3.500000e+001  5.000000e+000  1.110223e-016
    endloop
  endfacet
  facet normal  3.034609e-015  8.540177e-018 -1.000000e+000
    outer loop
      vertex  2.950000e+001 -5.000000e+000 -1.657933e-014
      vertex  3.500000e+001 -5.000000e+000  1.110223e-016
      vertex  3.500000e+001 -1.800000e+001  0.000000e+000
    endloop
  endfacet
  facet normal  -0.000000e+000 -1.275333e-015 -1.000000e+000
    outer loop
      vertex  2.950000e+001 -5.000000e+000 -1.657933e-014
      vertex  3.500000e+001 -1.800000e+001  0.000000e+000
      vertex -3.500000e+001 -1.800000e+001  0.000000e+000
    endloop
  endfacet
  facet normal -5.388691e-015  2.546087e-014 -1.000000e+000
    outer loop
      vertex  2.950000e+001 -5.000000e+000 -1.657933e-014
      vertex -3.500000e+001 -1.800000e+001  0.000000e+000
      vertex -2.283244e+001 -1.542478e+001  0.000000e+000
    endloop
  endfacet
  facet normal -7.355480e-016  2.102076e-015 -1.000000e+000
    outer loop
      vertex  2.950000e+001 -5.000000e+000 -1.657933e-014
      vertex -2.283244e+001 -1.542478e+001  0.000000e+000
      vertex -2.219835e+001 -1.520291e+001  0.000000e+000
    endloop
  endfacet
  facet normal  4.258324e-015 -3.779364e-014 -1.000000e+000
    outer loop
      vertex -2.950000e+001 -5.000000e+000 -1.956213e-013
      vertex -2.350000e+001 -9.500000e+000  0.000000e+000
      vertex -2.416756e+001 -9.575216e+000  0.000000e+000
    endloop
  endfacet
  facet normal  1.062717e-014 -3.037071e-014 -1.000000e+000
    outer loop
      vertex -2.950000e+001 -5.000000e+000 -1.956213e-013
      vertex -2.416756e+001 -9.575216e+000  0.000000e+000
      vertex -2.480165e+001 -9.797093e+000  0.000000e+000
    endloop
  endfacet
  facet normal  1.586176e-014 -2.524387e-014 -1.000000e+000
    outer loop
      vertex -2.950000e+001 -5.000000e+000 -1.956213e-013
      vertex -2.480165e+001 -9.797093e+000  0.000000e+000
      vertex -2.537047e+001 -1.015451e+001  0.000000e+000
    endloop
  endfacet
  facet normal  2.107072e-014 -2.107072e-014 -1.000000e+000
    outer loop
      vertex -2.950000e+001 -5.000000e+000 -1.956213e-013
      vertex -2.537047e+001 -1.015451e+001  0.000000e+000
      vertex -2.584550e+001 -1.062953e+001  0.000000e+000
    endloop
  endfacet
  facet normal  2.720077e-014 -1.709130e-014 -1.000000e+000
    outer loop
      vertex -2.950000e+001 -5.000000e+000 -1.956213e-013
      vertex -2.584550e+001 -1.062953e+001  0.000000e+000
      vertex -2.620291e+001 -1.119835e+001  0.000000e+000
    endloop
  endfacet
  facet normal  3.578875e-014 -1.252308e-014 -9.999999e-001
    outer loop
      vertex -2.950000e+001 -5.000000e+000 -1.956213e-013
      vertex -2.620291e+001 -1.119835e+001  0.000000e+000
      vertex -2.642478e+001 -1.183244e+001  0.000000e+000
    endloop
  endfacet
  facet normal  5.087617e-014 -5.732373e-015 -1.000000e+000
    outer loop
      vertex -2.950000e+001 -5.000000e+000 -1.956213e-013
      vertex -2.642478e+001 -1.183244e+001  0.000000e+000
      vertex -2.650000e+001 -1.250000e+001  0.000000e+000
    endloop
  endfacet
  facet normal -4.215046e-014  0.000000e+000 -1.000000e+000
    outer loop
      vertex -3.500000e+001  5.000000e+000 -2.123117e-013
      vertex -3.500000e+001 -5.000000e+000 -2.123117e-013
      vertex -4.003699e+001  4.879809e+000  0.000000e+000
    endloop
  endfacet
  facet normal -4.164428e-014 -2.121318e-014 -1.000000e+000
    outer loop
      vertex -3.500000e+001  5.000000e+000 -2.123117e-013
      vertex -4.003699e+001  4.879809e+000  0.000000e+000
      vertex -4.060699e+001  5.998779e+000  0.000000e+000
    endloop
  endfacet
  facet normal -3.543786e-014  1.362867e-014 -1.000000e+000
    outer loop
      vertex -3.500000e+001  5.000000e+000 -2.123117e-013
      vertex -4.060699e+001  5.998779e+000  0.000000e+000
      vertex -3.601827e+001  1.793055e+001  0.000000e+000
    endloop
  endfacet
  facet normal -1.113826e-015  1.633167e-014 -1.000000e+000
    outer loop
      vertex -3.500000e+001  5.000000e+000 -2.123117e-013
      vertex -3.601827e+001  1.793055e+001  0.000000e+000
      vertex -3.500000e+001  1.800000e+001  0.000000e+000
    endloop
  endfacet
  facet normal  3.731022e-014  1.633167e-014 -1.000000e+000
    outer loop
      vertex -3.500000e+001  5.000000e+000 -2.123117e-013
      vertex -3.500000e+001  1.800000e+001  0.000000e+000
      vertex -2.950000e+001  5.000000e+000 -7.105427e-015
    endloop
  endfacet
  facet normal -3.543786e-014 -1.362867e-014 -1.000000e+000
    outer loop
      vertex -3.500000e+001 -5.000000e+000 -2.123117e-013
      vertex -3.601827e+001 -1.793055e+001  0.000000e+000
      vertex -4.060699e+001 -5.998779e+000  0.000000e+000
    endloop
  endfacet
  facet normal -4.164428e-014  2.121318e-014 -1.000000e+000
    outer loop
      vertex -3.500000e+001 -5.000000e+000 -2.123117e-013
      vertex -4.060699e+001 -5.998779e+000  0.000000e+000
      vertex -4.003699e+001 -4.879809e+000  0.000000e+000
    endloop
  endfacet
  facet normal -4.176798e-014  1.602930e-014 -1.000000e+000
    outer loop
      vertex -3.500000e+001 -5.000000e+000 -2.123117e-013
      vertex -4.003699e+001 -4.879809e+000  0.000000e+000
      vertex -3.958706e+001 -3.707399e+000  0.000000e+000
    endloop
  endfacet
  facet normal -4.303617e-014  1.152888e-014 -1.000000e+000
    outer loop
      vertex -3.500000e+001 -5.000000e+000 -2.123117e-013
      vertex -3.958706e+001 -3.707399e+000  0.000000e+000
      vertex -3.926211e+001 -2.494389e+000  0.000000e+000
    endloop
  endfacet
  facet normal -4.557153e-014  7.216165e-015 -1.000000e+000
    outer loop
      vertex -3.500000e+001 -5.000000e+000 -2.123117e-013
      vertex -3.926211e+001 -2.494389e+000  0.000000e+000
      vertex -3.906570e+001 -1.254061e+000  0.000000e+000
    endloop
  endfacet
  facet normal -4.981542e-014  2.609992e-015 -1.000000e+000
    outer loop
      vertex -3.500000e+001 -5.000000e+000 -2.123117e-013
      vertex -3.906570e+001 -1.254061e+000  0.000000e+000
      vertex -3.900000e+001  1.399133e-015  0.000000e+000
    endloop
  endfacet
  facet normal -5.679768e-014 -2.975816e-015 -1.000000e+000
    outer loop
      vertex -3.500000e+001 -5.000000e+000 -2.123117e-013
      vertex -3.900000e+001  1.399133e-015  0.000000e+000
      vertex -3.906570e+001  1.254061e+000  0.000000e+000
    endloop
  endfacet
  facet normal -6.903579e-014 -1.093169e-014 -9.999999e-001
    outer loop
      vertex -3.500000e+001 -5.000000e+000 -2.123117e-013
      vertex -3.906570e+001  1.254061e+000  0.000000e+000
      vertex -3.926211e+001  2.494389e+000  0.000000e+000
    endloop
  endfacet
  facet normal -9.417449e-014 -2.522823e-014 -1.000000e+000
    outer loop
      vertex -3.500000e+001 -5.000000e+000 -2.123117e-013
      vertex -3.926211e+001  2.494389e+000  0.000000e+000
      vertex -3.958706e+001  3.707399e+000  0.000000e+000
    endloop
  endfacet
  facet normal -1.704741e-013 -6.542287e-014 -1.000000e+000
    outer loop
      vertex -3.500000e+001 -5.000000e+000 -2.123117e-013
      vertex -3.958706e+001  3.707399e+000  0.000000e+000
      vertex -4.003699e+001  4.879809e+000  0.000000e+000
    endloop
  endfacet
  facet normal -1.707383e-016  6.188067e-016 -9.999999e-001
    outer loop
      vertex  3.500000e+001  1.800000e+001  0.000000e+000
      vertex  2.950000e+001  5.000000e+000 -7.105427e-015
      vertex  2.184550e+001  1.437047e+001  0.000000e+000
    endloop
  endfacet
  facet normal  0.000000e+000  0.000000e+000 -1.000000e+000
    outer loop
      vertex  3.500000e+001  1.800000e+001  0.000000e+000
      vertex  2.184550e+001  1.437047e+001  0.000000e+000
      vertex  2.137047e+001  1.484549e+001  0.000000e+000
    endloop
  endfacet
  facet normal  0.000000e+000  0.000000e+000 -1.000000e+000
    outer loop
      vertex  3.500000e+001  1.800000e+001  0.000000e+000
      vertex  2.137047e+001  1.484549e+001  0.000000e+000
      vertex  2.080165e+001  1.520291e+001  0.000000e+000
    endloop
  endfacet
  facet normal  0.000000e+000  0.000000e+000 -9.999999e-001
    outer loop
      vertex  3.500000e+001  1.800000e+001  0.000000e+000
      vertex  2.080165e+001  1.520291e+001  0.000000e+000
      vertex  2.016756e+001  1.542478e+001  0.000000e+000
    endloop
  endfacet
  facet normal  0.000000e+000  0.000000e+000 -1.000000e+000
    outer loop
      vertex  3.500000e+001  1.800000e+001  0.000000e+000
      vertex  2.016756e+001  1.542478e+001  0.000000e+000
      vertex  1.950000e+001  1.550000e+001  0.000000e+000
    endloop
  endfacet
  facet normal  0.000000e+000  0.000000e+000 -1.000000e+000
    outer loop
      vertex  3.500000e+001  1.800000e+001  0.000000e+000
      vertex  1.950000e+001  1.550000e+001  0.000000e+000
      vertex -3.500000e+001  1.800000e+001  0.000000e+000
    endloop
  endfacet
  facet normal -2.204138e-017  -0.000000e+000 -1.000000e+000
    outer loop
      vertex  3.500000e+001 -5.000000e+000  1.110223e-016
      vertex  3.500000e+001  5.000000e+000  1.110223e-016
      vertex  4.003699e+001  4.879809e+000  0.000000e+000
    endloop
  endfacet
  facet normal -8.914453e-017  3.421101e-017 -1.000000e+000
    outer loop
      vertex  3.500000e+001 -5.000000e+000  1.110223e-016
      vertex  4.003699e+001  4.879809e+000  0.000000e+000
      vertex  3.958706e+001  3.707399e+000  0.000000e+000
    endloop
  endfacet
  facet normal -4.924586e-017  1.319238e-017 -9.999999e-001
    outer loop
      vertex  3.500000e+001 -5.000000e+000  1.110223e-016
      vertex  3.958706e+001  3.707399e+000  0.000000e+000
      vertex  3.926211e+001  2.494389e+000  0.000000e+000
    endloop
  endfacet
  facet normal -3.610029e-017  5.716412e-018 -9.999999e-001
    outer loop
      vertex  3.500000e+001 -5.000000e+000  1.110223e-016
      vertex  3.926211e+001  2.494389e+000  0.000000e+000
      vertex  3.906570e+001  1.254061e+000  0.000000e+000
    endloop
  endfacet
  facet normal -2.970072e-017  1.556118e-018 -1.000000e+000
    outer loop
      vertex  3.500000e+001 -5.000000e+000  1.110223e-016
      vertex  3.906570e+001  1.254061e+000  0.000000e+000
      vertex  3.900000e+001  1.399133e-015  0.000000e+000
    endloop
  endfacet
  facet normal -2.604955e-017 -1.364821e-018 -1.000000e+000
    outer loop
      vertex  3.500000e+001 -5.000000e+000  1.110223e-016
      vertex  3.900000e+001  1.399133e-015  0.000000e+000
      vertex  3.906570e+001 -1.254061e+000  0.000000e+000
    endloop
  endfacet
  facet normal -2.383033e-017 -3.773487e-018 -1.000000e+000
    outer loop
      vertex  3.500000e+001 -5.000000e+000  1.110223e-016
      vertex  3.906570e+001 -1.254061e+000  0.000000e+000
      vertex  3.926211e+001 -2.494389e+000  0.000000e+000
    endloop
  endfacet
  facet normal -2.250453e-017 -6.028697e-018 -1.000000e+000
    outer loop
      vertex  3.500000e+001 -5.000000e+000  1.110223e-016
      vertex  3.926211e+001 -2.494389e+000  0.000000e+000
      vertex  3.958706e+001 -3.707399e+000  0.000000e+000
    endloop
  endfacet
  facet normal -2.184137e-017 -8.382066e-018 -1.000000e+000
    outer loop
      vertex  3.500000e+001 -5.000000e+000  1.110223e-016
      vertex  3.958706e+001 -3.707399e+000  0.000000e+000
      vertex  4.003699e+001 -4.879809e+000  0.000000e+000
    endloop
  endfacet
  facet normal -2.177668e-017 -1.109282e-017 -1.000000e+000
    outer loop
      vertex  3.500000e+001 -5.000000e+000  1.110223e-016
      vertex  4.003699e+001 -4.879809e+000  0.000000e+000
      vertex  4.060699e+001 -5.998779e+000  0.000000e+000
    endloop
  endfacet
  facet normal -2.000546e-017 -1.149473e-018 -1.000000e+000
    outer loop
      vertex  3.500000e+001 -5.000000e+000  1.110223e-016
      vertex  4.060699e+001 -5.998779e+000  0.000000e+000
      vertex  4.111512e+001 -1.484228e+001  0.000000e+000
    endloop
  endfacet
  facet normal -7.837736e-018  6.410471e-018 -1.000000e+000
    outer loop
      vertex  3.500000e+001 -5.000000e+000  1.110223e-016
      vertex  4.111512e+001 -1.484228e+001  0.000000e+000
      vertex  4.046894e+001 -1.563232e+001  0.000000e+000
    endloop
  endfacet
  facet normal -6.567884e-018  7.063644e-018 -1.000000e+000
    outer loop
      vertex  3.500000e+001 -5.000000e+000  1.110223e-016
      vertex  4.046894e+001 -1.563232e+001  0.000000e+000
      vertex  3.972149e+001 -1.632731e+001  0.000000e+000
    endloop
  endfacet
  facet normal -5.329853e-018  7.579686e-018 -1.000000e+000
    outer loop
      vertex  3.500000e+001 -5.000000e+000  1.110223e-016
      vertex  3.972149e+001 -1.632731e+001  0.000000e+000
      vertex  3.888660e+001 -1.691438e+001  0.000000e+000
    endloop
  endfacet
  facet normal -4.118128e-018  7.974963e-018 -9.999999e-001
    outer loop
      vertex  3.500000e+001 -5.000000e+000  1.110223e-016
      vertex  3.888660e+001 -1.691438e+001  0.000000e+000
      vertex  3.797974e+001 -1.738267e+001  0.000000e+000
    endloop
  endfacet
  facet normal -2.926859e-018  8.261628e-018 -1.000000e+000
    outer loop
      vertex  3.500000e+001 -5.000000e+000  1.110223e-016
      vertex  3.797974e+001 -1.738267e+001  0.000000e+000
      vertex  3.701769e+001 -1.772350e+001  0.000000e+000
    endloop
  endfacet
  facet normal -1.750259e-018  8.448213e-018 -1.000000e+000
    outer loop
      vertex  3.500000e+001 -5.000000e+000  1.110223e-016
      vertex  3.701769e+001 -1.772350e+001  0.000000e+000
      vertex  3.601827e+001 -1.793055e+001  0.000000e+000
    endloop
  endfacet
  facet normal -5.824434e-019  8.540177e-018 -1.000000e+000
    outer loop
      vertex  3.500000e+001 -5.000000e+000  1.110223e-016
      vertex  3.601827e+001 -1.793055e+001  0.000000e+000
      vertex  3.500000e+001 -1.800000e+001  0.000000e+000
    endloop
  endfacet
  facet normal  1.312082e-015 -8.540177e-018 -1.000000e+000
    outer loop
      vertex  3.500000e+001  5.000000e+000  1.110223e-016
      vertex  2.950000e+001  5.000000e+000 -7.105427e-015
      vertex  3.500000e+001  1.800000e+001  0.000000e+000
    endloop
  endfacet
  facet normal -5.824434e-019 -8.540177e-018 -1.000000e+000
    outer loop
      vertex  3.500000e+001  5.000000e+000  1.110223e-016
      vertex  3.500000e+001  1.800000e+001  0.000000e+000
      vertex  3.601827e+001  1.793055e+001  0.000000e+000
    endloop
  endfacet
  facet normal -1.750259e-018 -8.448212e-018 -9.999999e-001
    outer loop
      vertex  3.500000e+001  5.000000e+000  1.110223e-016
      vertex  3.601827e+001  1.793055e+001  0.000000e+000
      vertex  3.701769e+001  1.772350e+001  0.000000e+000
    endloop
  endfacet
  facet normal -2.926859e-018 -8.261627e-018 -1.000000e+000
    outer loop
      vertex  3.500000e+001  5.000000e+000  1.110223e-016
      vertex  3.701769e+001  1.772350e+001  0.000000e+000
      vertex  3.797974e+001  1.738267e+001  0.000000e+000
    endloop
  endfacet
  facet normal -4.118128e-018 -7.974963e-018 -9.999999e-001
    outer loop
      vertex  3.500000e+001  5.000000e+000  1.110223e-016
      vertex  3.797974e+001  1.738267e+001  0.000000e+000
      vertex  3.888660e+001  1.691438e+001  0.000000e+000
    endloop
  endfacet
  facet normal -5.329853e-018 -7.579686e-018 -1.000000e+000
    outer loop
      vertex  3.500000e+001  5.000000e+000  1.110223e-016
      vertex  3.888660e+001  1.691438e+001  0.000000e+000
      vertex  3.972149e+001  1.632731e+001  0.000000e+000
    endloop
  endfacet
  facet normal -6.567885e-018 -7.063645e-018 -1.000000e+000
    outer loop
      vertex  3.500000e+001  5.000000e+000  1.110223e-016
      vertex  3.972149e+001  1.632731e+001  0.000000e+000
      vertex  4.046894e+001  1.563232e+001  0.000000e+000
    endloop
  endfacet
  facet normal -1.422834e-016  1.262799e-015 -1.000000e+000
    outer loop
      vertex  2.950000e+001  5.000000e+000 -7.105427e-015
      vertex  1.950000e+001  9.500000e+000  0.000000e+000
      vertex  2.016756e+001  9.575216e+000  0.000000e+000
    endloop
  endfacet
  facet normal -3.170981e-016  9.062147e-016 -1.000000e+000
    outer loop
      vertex  2.950000e+001  5.000000e+000 -7.105427e-015
      vertex  2.016756e+001  9.575216e+000  0.000000e+000
      vertex  2.080165e+001  9.797093e+000  0.000000e+000
    endloop
  endfacet
  facet normal -4.350382e-016  6.923595e-016 -1.000000e+000
    outer loop
      vertex  2.950000e+001  5.000000e+000 -7.105427e-015
      vertex  2.080165e+001  9.797093e+000  0.000000e+000
      vertex  2.137047e+001  1.015450e+001  0.000000e+000
    endloop
  endfacet
  facet normal -5.348847e-016  5.348847e-016 -1.000000e+000
    outer loop
      vertex  2.950000e+001  5.000000e+000 -7.105427e-015
      vertex  2.137047e+001  1.015450e+001  0.000000e+000
      vertex  2.184549e+001  1.062953e+001  0.000000e+000
    endloop
  endfacet
  facet normal -6.348792e-016  3.989213e-016 -9.999999e-001
    outer loop
      vertex  2.950000e+001  5.000000e+000 -7.105427e-015
      vertex  2.184549e+001  1.062953e+001  0.000000e+000
      vertex  2.220291e+001  1.119835e+001  0.000000e+000
    endloop
  endfacet
  facet normal -7.506263e-016  2.626565e-016 -1.000000e+000
    outer loop
      vertex  2.950000e+001  5.000000e+000 -7.105427e-015
      vertex  2.220291e+001  1.119835e+001  0.000000e+000
      vertex  2.242478e+001  1.183244e+001  0.000000e+000
    endloop
  endfacet
  facet normal -9.057214e-016  1.020504e-016 -1.000000e+000
    outer loop
      vertex  2.950000e+001  5.000000e+000 -7.105427e-015
      vertex  2.242478e+001  1.183244e+001  0.000000e+000
      vertex  2.250000e+001  1.250000e+001  0.000000e+000
    endloop
  endfacet
  facet normal -1.154424e-015 -1.300723e-016 -1.000000e+000
    outer loop
      vertex  2.950000e+001  5.000000e+000 -7.105427e-015
      vertex  2.250000e+001  1.250000e+001  0.000000e+000
      vertex  2.242478e+001  1.316756e+001  0.000000e+000
    endloop
  endfacet
  facet normal -1.684838e-015 -5.895477e-016 -1.000000e+000
    outer loop
      vertex  2.950000e+001  5.000000e+000 -7.105427e-015
      vertex  2.242478e+001  1.316756e+001  0.000000e+000
      vertex  2.220291e+001  1.380165e+001  0.000000e+000
    endloop
  endfacet
  facet normal -4.021990e-015 -2.527185e-015 -1.000000e+000
    outer loop
      vertex  2.950000e+001  5.000000e+000 -7.105427e-015
      vertex  2.220291e+001  1.380165e+001  0.000000e+000
      vertex  2.184550e+001  1.437047e+001  0.000000e+000
    endloop
  endfacet
  facet normal  0.000000e+000  0.000000e+000 -1.000000e+000
    outer loop
      vertex  1.950000e+001  9.500000e+000  0.000000e+000
      vertex -2.162953e+001 -1.484550e+001  0.000000e+000
      vertex -2.115451e+001 -1.437047e+001  0.000000e+000
    endloop
  endfacet
  facet normal  0.000000e+000  0.000000e+000 -1.000000e+000
    outer loop
      vertex  1.950000e+001  9.500000e+000  0.000000e+000
      vertex -2.115451e+001 -1.437047e+001  0.000000e+000
      vertex -2.079709e+001 -1.380165e+001  0.000000e+000
    endloop
  endfacet
  facet normal  0.000000e+000  0.000000e+000 -1.000000e+000
    outer loop
      vertex  1.950000e+001  9.500000e+000  0.000000e+000
      vertex -2.079709e+001 -1.380165e+001  0.000000e+000
      vertex -2.057522e+001 -1.316756e+001  0.000000e+000
    endloop
  endfacet
  facet normal  0.000000e+000  0.000000e+000 -1.000000e+000
    outer loop
      vertex  1.950000e+001  9.500000e+000  0.000000e+000
      vertex -2.057522e+001 -1.316756e+001  0.000000e+000
      vertex -2.050000e+001 -1.250000e+001  0.000000e+000
    endloop
  endfacet
  facet normal  0.000000e+000  0.000000e+000 -1.000000e+000
    outer loop
      vertex  1.950000e+001  9.500000e+000  0.000000e+000
      vertex -2.050000e+001 -1.250000e+001  0.000000e+000
      vertex -2.057522e+001 -1.183244e+001  0.000000e+000
    endloop
  endfacet
  facet normal  0.000000e+000  0.000000e+000 -1.000000e+000
    outer loop
      vertex  1.950000e+001  9.500000e+000  0.000000e+000
      vertex -2.057522e+001 -1.183244e+001  0.000000e+000
      vertex -2.079709e+001 -1.119835e+001  0.000000e+000
    endloop
  endfacet
  facet normal  0.000000e+000  0.000000e+000 -9.999999e-001
    outer loop
      vertex  1.950000e+001  9.500000e+000  0.000000e+000
      vertex -2.079709e+001 -1.119835e+001  0.000000e+000
      vertex -2.115450e+001 -1.062953e+001  0.000000e+000
    endloop
  endfacet
  facet normal  0.000000e+000  0.000000e+000 -1.000000e+000
    outer loop
      vertex  1.950000e+001  9.500000e+000  0.000000e+000
      vertex -2.115450e+001 -1.062953e+001  0.000000e+000
      vertex -2.162953e+001 -1.015451e+001  0.000000e+000
    endloop
  endfacet
  facet normal  0.000000e+000  0.000000e+000 -1.000000e+000
    outer loop
      vertex  1.950000e+001  9.500000e+000  0.000000e+000
      vertex -2.162953e+001 -1.015451e+001  0.000000e+000
      vertex -2.219835e+001 -9.797093e+000  0.000000e+000
    endloop
  endfacet
  facet normal  0.000000e+000  0.000000e+000 -1.000000e+000
    outer loop
      vertex  1.950000e+001  9.500000e+000  0.000000e+000
      vertex -2.219835e+001 -9.797093e+000  0.000000e+000
      vertex -2.283244e+001 -9.575216e+000  0.000000e+000
    endloop
  endfacet
  facet normal  0.000000e+000  0.000000e+000 -1.000000e+000
    outer loop
      vertex  1.950000e+001  9.500000e+000  0.000000e+000
      vertex -2.283244e+001 -9.575216e+000  0.000000e+000
      vertex -2.350000e+001 -9.500000e+000  0.000000e+000
    endloop
  endfacet
  facet normal  0.000000e+000  0.000000e+000 -1.000000e+000
    outer loop
      vertex -4.060699e+001 -5.998779e+000  0.000000e+000
      vertex -3.601827e+001 -1.793055e+001  0.000000e+000
      vertex -3.701769e+001 -1.772350e+001  0.000000e+000
    endloop
  endfacet
  facet normal  0.000000e+000  0.000000e+000 -1.000000e+000
    outer loop
      vertex -4.060699e+001 -5.998779e+000  0.000000e+000
      vertex -3.701769e+001 -1.772350e+001  0.000000e+000
      vertex -3.797974e+001 -1.738267e+001  0.000000e+000
    endloop
  endfacet
  facet normal  0.000000e+000  0.000000e+000 -1.000000e+000
    outer loop
      vertex -4.060699e+001 -5.998779e+000  0.000000e+000
      vertex -3.797974e+001 -1.738267e+001  0.000000e+000
      vertex -3.888660e+001 -1.691438e+001  0.000000e+000
    endloop
  endfacet
  facet normal  0.000000e+000  0.000000e+000 -1.000000e+000
    outer loop
      vertex -4.060699e+001 -5.998779e+000  0.000000e+000
      vertex -3.888660e+001 -1.691438e+001  0.000000e+000
      vertex -3.972149e+001 -1.632731e+001  0.000000e+000
    endloop
  endfacet
  facet normal  0.000000e+000  0.000000e+000 -1.000000e+000
    outer loop
      vertex -4.060699e+001 -5.998779e+000  0.000000e+000
      vertex -3.972149e+001 -1.632731e+001  0.000000e+000
      vertex -4.046894e+001 -1.563232e+001  0.000000e+000
    endloop
  endfacet
  facet normal -1.113826e-015 -1.633167e-014 -1.000000e+000
    outer loop
      vertex -3.500000e+001 -1.800000e+001  0.000000e+000
      vertex -3.601827e+001 -1.793055e+001  0.000000e+000
      vertex -3.500000e+001 -5.000000e+000 -2.123117e-013
    endloop
  endfacet
  facet normal  3.034610e-015 -1.633167e-014 -1.000000e+000
    outer loop
      vertex -3.500000e+001 -1.800000e+001  0.000000e+000
      vertex -3.500000e+001 -5.000000e+000 -2.123117e-013
      vertex -2.950000e+001 -5.000000e+000 -1.956213e-013
    endloop
  endfacet
  facet normal  1.340707e-014 -2.072001e-014 -9.999999e-001
    outer loop
      vertex -3.500000e+001 -1.800000e+001  0.000000e+000
      vertex -2.950000e+001 -5.000000e+000 -1.956213e-013
      vertex -2.650000e+001 -1.250000e+001  0.000000e+000
    endloop
  endfacet
  facet normal  0.000000e+000  -0.000000e+000 -1.000000e+000
    outer loop
      vertex -3.500000e+001 -1.800000e+001  0.000000e+000
      vertex -2.650000e+001 -1.250000e+001  0.000000e+000
      vertex -2.642478e+001 -1.316756e+001  0.000000e+000
    endloop
  endfacet
  facet normal  0.000000e+000  -0.000000e+000 -9.999999e-001
    outer loop
      vertex -3.500000e+001 -1.800000e+001  0.000000e+000
      vertex -2.642478e+001 -1.316756e+001  0.000000e+000
      vertex -2.620291e+001 -1.380165e+001  0.000000e+000
    endloop
  endfacet
  facet normal  0.000000e+000  -0.000000e+000 -9.999999e-001
    outer loop
      vertex -3.500000e+001 -1.800000e+001  0.000000e+000
      vertex -2.620291e+001 -1.380165e+001  0.000000e+000
      vertex -2.584550e+001 -1.437047e+001  0.000000e+000
    endloop
  endfacet
  facet normal  0.000000e+000  -0.000000e+000 -1.000000e+000
    outer loop
      vertex -3.500000e+001 -1.800000e+001  0.000000e+000
      vertex -2.584550e+001 -1.437047e+001  0.000000e+000
      vertex -2.537047e+001 -1.484549e+001  0.000000e+000
    endloop
  endfacet
  facet normal  0.000000e+000  -0.000000e+000 -1.000000e+000
    outer loop
      vertex -3.500000e+001 -1.800000e+001  0.000000e+000
      vertex -2.537047e+001 -1.484549e+001  0.000000e+000
      vertex -2.480165e+001 -1.520291e+001  0.000000e+000
    endloop
  endfacet
  facet normal  0.000000e+000  -0.000000e+000 -1.000000e+000
    outer loop
      vertex -3.500000e+001 -1.800000e+001  0.000000e+000
      vertex -2.480165e+001 -1.520291e+001  0.000000e+000
      vertex -2.416756e+001 -1.542478e+001  0.000000e+000
    endloop
  endfacet
  facet normal  0.000000e+000  -0.000000e+000 -1.000000e+000
    outer loop
      vertex -3.500000e+001 -1.800000e+001  0.000000e+000
      vertex -2.416756e+001 -1.542478e+001  0.000000e+000
      vertex -2.350000e+001 -1.550000e+001  0.000000e+000
    endloop
  endfacet
  facet normal  0.000000e+000  -0.000000e+000 -9.999999e-001
    outer loop
      vertex -3.500000e+001 -1.800000e+001  0.000000e+000
      vertex -2.350000e+001 -1.550000e+001  0.000000e+000
      vertex -2.283244e+001 -1.542478e+001  0.000000e+000
    endloop
  endfacet
  facet normal  0.000000e+000  -0.000000e+000 -1.000000e+000
    outer loop
      vertex -2.219835e+001 -1.520291e+001  0.000000e+000
      vertex -2.162953e+001 -1.484550e+001  0.000000e+000
      vertex  1.950000e+001  9.500000e+000  0.000000e+000
    endloop
  endfacet
  facet normal -4.038099e-016  6.816285e-016 -1.000000e+000
    outer loop
      vertex -2.219835e+001 -1.520291e+001  0.000000e+000
      vertex  1.950000e+001  9.500000e+000  0.000000e+000
      vertex  2.950000e+001  5.000000e+000 -7.105427e-015
    endloop
  endfacet
  facet normal -5.076654e-016  9.473903e-016 -1.000000e+000
    outer loop
      vertex -2.219835e+001 -1.520291e+001  0.000000e+000
      vertex  2.950000e+001  5.000000e+000 -7.105427e-015
      vertex  2.950000e+001 -5.000000e+000 -1.657933e-014
    endloop
  endfacet
  facet normal  0.000000e+000  -0.000000e+000 -1.000000e+000
    outer loop
      vertex -4.060699e+001  5.998779e+000  0.000000e+000
      vertex -4.046894e+001  1.563232e+001  0.000000e+000
      vertex -3.972149e+001  1.632731e+001  0.000000e+000
    endloop
  endfacet
  facet normal  0.000000e+000  -0.000000e+000 -1.000000e+000
    outer loop
      vertex -4.060699e+001  5.998779e+000  0.000000e+000
      vertex -3.972149e+001  1.632731e+001  0.000000e+000
      vertex -3.888660e+001  1.691438e+001  0.000000e+000
    endloop
  endfacet
  facet normal  0.000000e+000  -0.000000e+000 -1.000000e+000
    outer loop
      vertex -4.060699e+001  5.998779e+000  0.000000e+000
      vertex -3.888660e+001  1.691438e+001  0.000000e+000
      vertex -3.797974e+001  1.738267e+001  0.000000e+000
    endloop
  endfacet
  facet normal  0.000000e+000  -0.000000e+000 -1.000000e+000
    outer loop
      vertex -4.060699e+001  5.998779e+000  0.000000e+000
      vertex -3.797974e+001  1.738267e+001  0.000000e+000
      vertex -3.701769e+001  1.772350e+001  0.000000e+000
    endloop
  endfacet
  facet normal  0.000000e+000  -0.000000e+000 -1.000000e+000
    outer loop
      vertex -4.060699e+001  5.998779e+000  0.000000e+000
      vertex -3.701769e+001  1.772350e+001  0.000000e+000
      vertex -3.601827e+001  1.793055e+001  0.000000e+000
    endloop
  endfacet
  facet normal  -0.000000e+000  0.000000e+000 -9.999999e-001
    outer loop
      vertex -3.500000e+001  1.800000e+001  0.000000e+000
      vertex  1.950000e+001  1.550000e+001  0.000000e+000
      vertex  1.883244e+001  1.542478e+001  0.000000e+000
    endloop
  endfacet
  facet normal  -0.000000e+000  0.000000e+000 -1.000000e+000
    outer loop
      vertex -3.500000e+001  1.800000e+001  0.000000e+000
      vertex  1.883244e+001  1.542478e+001  0.000000e+000
      vertex  1.819835e+001  1.520291e+001  0.000000e+000
    endloop
  endfacet
  facet normal  2.939176e-017  5.590063e-016 -9.999999e-001
    outer loop
      vertex -3.500000e+001  1.800000e+001  0.000000e+000
      vertex  1.819835e+001  1.520291e+001  0.000000e+000
      vertex -2.950000e+001  5.000000e+000 -7.105427e-015
    endloop
  endfacet
  facet normal  4.674224e-014  1.885159e-014 -1.000000e+000
    outer loop
      vertex -2.350000e+001 -9.500000e+000  0.000000e+000
      vertex -2.950000e+001 -5.000000e+000 -1.956213e-013
      vertex -2.950000e+001  5.000000e+000 -7.105427e-015
    endloop
  endfacet
  facet normal  2.331490e-016 -3.935540e-016 -1.000000e+000
    outer loop
      vertex -2.350000e+001 -9.500000e+000  0.000000e+000
      vertex -2.950000e+001  5.000000e+000 -7.105427e-015
      vertex  1.819835e+001  1.520291e+001  0.000000e+000
    endloop
  endfacet
  facet normal  0.000000e+000  0.000000e+000 -1.000000e+000
    outer loop
      vertex -2.350000e+001 -9.500000e+000  0.000000e+000
      vertex  1.819835e+001  1.520291e+001  0.000000e+000
      vertex  1.762953e+001  1.484549e+001  0.000000e+000
    endloop
  endfacet
  facet normal  0.000000e+000  0.000000e+000 -1.000000e+000
    outer loop
      vertex -2.350000e+001 -9.500000e+000  0.000000e+000
      vertex  1.762953e+001  1.484549e+001  0.000000e+000
      vertex  1.715450e+001  1.437047e+001  0.000000e+000
    endloop
  endfacet
  facet normal  0.000000e+000  0.000000e+000 -1.000000e+000
    outer loop
      vertex -2.350000e+001 -9.500000e+000  0.000000e+000
      vertex  1.715450e+001  1.437047e+001  0.000000e+000
      vertex  1.679709e+001  1.380165e+001  0.000000e+000
    endloop
  endfacet
  facet normal  0.000000e+000  0.000000e+000 -1.000000e+000
    outer loop
      vertex -2.350000e+001 -9.500000e+000  0.000000e+000
      vertex  1.679709e+001  1.380165e+001  0.000000e+000
      vertex  1.657522e+001  1.316756e+001  0.000000e+000
    endloop
  endfacet
  facet normal  0.000000e+000  0.000000e+000 -1.000000e+000
    outer loop
      vertex -2.350000e+001 -9.500000e+000  0.000000e+000
      vertex  1.657522e+001  1.316756e+001  0.000000e+000
      vertex  1.650000e+001  1.250000e+001  0.000000e+000
    endloop
  endfacet
  facet normal  0.000000e+000  -0.000000e+000 -9.999999e-001
    outer loop
      vertex -2.350000e+001 -9.500000e+000  0.000000e+000
      vertex  1.650000e+001  1.250000e+001  0.000000e+000
      vertex  1.657522e+001  1.183244e+001  0.000000e+000
    endloop
  endfacet
  facet normal  0.000000e+000  -0.000000e+000 -1.000000e+000
    outer loop
      vertex -2.350000e+001 -9.500000e+000  0.000000e+000
      vertex  1.657522e+001  1.183244e+001  0.000000e+000
      vertex  1.679709e+001  1.119835e+001  0.000000e+000
    endloop
  endfacet
  facet normal  0.000000e+000  -0.000000e+000 -9.999999e-001
    outer loop
      vertex -2.350000e+001 -9.500000e+000  0.000000e+000
      vertex  1.679709e+001  1.119835e+001  0.000000e+000
      vertex  1.715450e+001  1.062953e+001  0.000000e+000
    endloop
  endfacet
  facet normal  0.000000e+000  -0.000000e+000 -1.000000e+000
    outer loop
      vertex -2.350000e+001 -9.500000e+000  0.000000e+000
      vertex  1.715450e+001  1.062953e+001  0.000000e+000
      vertex  1.762953e+001  1.015451e+001  0.000000e+000
    endloop
  endfacet
  facet normal  0.000000e+000  -0.000000e+000 -1.000000e+000
    outer loop
      vertex -2.350000e+001 -9.500000e+000  0.000000e+000
      vertex  1.762953e+001  1.015451e+001  0.000000e+000
      vertex  1.819835e+001  9.797093e+000  0.000000e+000
    endloop
  endfacet
  facet normal  0.000000e+000  -0.000000e+000 -1.000000e+000
    outer loop
      vertex -2.350000e+001 -9.500000e+000  0.000000e+000
      vertex  1.819835e+001  9.797093e+000  0.000000e+000
      vertex  1.883244e+001  9.575216e+000  0.000000e+000
    endloop
  endfacet
  facet normal  0.000000e+000  -0.000000e+000 -1.000000e+000
    outer loop
      vertex -2.350000e+001 -9.500000e+000  0.000000e+000
      vertex  1.883244e+001  9.575216e+000  0.000000e+000
      vertex  1.950000e+001  9.500000e+000  0.000000e+000
    endloop
  endfacet
  facet normal  0.000000e+000  0.000000e+000 -1.000000e+000
    outer loop
      vertex  4.205785e+001  1.303708e+001  0.000000e+000
      vertex  4.129080e+001  7.052054e+000  0.000000e+000
      vertex  4.164804e+001  1.397182e+001  0.000000e+000
    endloop
  endfacet
  facet normal  0.000000e+000  0.000000e+000 -1.000000e+000
    outer loop
      vertex  4.164804e+001  1.397182e+001  0.000000e+000
      vertex  4.129080e+001  7.052054e+000  0.000000e+000
      vertex  4.060699e+001  5.998779e+000  0.000000e+000
    endloop
  endfacet
  facet normal  0.000000e+000  0.000000e+000 -1.000000e+000
    outer loop
      vertex  4.164804e+001  1.397182e+001  0.000000e+000
      vertex  4.060699e+001  5.998779e+000  0.000000e+000
      vertex  4.111512e+001  1.484228e+001  0.000000e+000
    endloop
  endfacet
  facet normal -2.000546e-017  1.149473e-018 -1.000000e+000
    outer loop
      vertex  4.111512e+001  1.484228e+001  0.000000e+000
      vertex  4.060699e+001  5.998779e+000  0.000000e+000
      vertex  3.500000e+001  5.000000e+000  1.110223e-016
    endloop
  endfacet
  facet normal -7.837735e-018 -6.410470e-018 -1.000000e+000
    outer loop
      vertex  4.111512e+001  1.484228e+001  0.000000e+000
      vertex  3.500000e+001  5.000000e+000  1.110223e-016
      vertex  4.046894e+001  1.563232e+001  0.000000e+000
    endloop
  endfacet
  facet normal  0.000000e+000  0.000000e+000 -1.000000e+000
    outer loop
      vertex  4.235098e+001  9.012364e+000  0.000000e+000
      vertex  4.208094e+001  8.028100e+000  0.000000e+000
      vertex  4.233696e+001  1.205534e+001  0.000000e+000
    endloop
  endfacet
  facet normal  0.000000e+000  0.000000e+000 -1.000000e+000
    outer loop
      vertex  4.233696e+001  1.205534e+001  0.000000e+000
      vertex  4.208094e+001  8.028100e+000  0.000000e+000
      vertex  4.129080e+001  7.052054e+000  0.000000e+000
    endloop
  endfacet
  facet normal  0.000000e+000  0.000000e+000 -1.000000e+000
    outer loop
      vertex  4.233696e+001  1.205534e+001  0.000000e+000
      vertex  4.129080e+001  7.052054e+000  0.000000e+000
      vertex  4.205785e+001  1.303708e+001  0.000000e+000
    endloop
  endfacet
  facet normal  0.000000e+000  0.000000e+000 -1.000000e+000
    outer loop
      vertex  4.248019e+001  1.104480e+001  0.000000e+000
      vertex  4.248489e+001  1.002418e+001  0.000000e+000
      vertex  4.233696e+001  1.205534e+001  0.000000e+000
    endloop
  endfacet
  facet normal  0.000000e+000  0.000000e+000 -1.000000e+000
    outer loop
      vertex  4.233696e+001  1.205534e+001  0.000000e+000
      vertex  4.248489e+001  1.002418e+001  0.000000e+000
      vertex  4.235098e+001  9.012364e+000  0.000000e+000
    endloop
  endfacet
  facet normal  0.000000e+000  0.000000e+000 -1.000000e+000
    outer loop
      vertex -4.208094e+001 -8.028100e+000  0.000000e+000
      vertex -4.233696e+001 -1.205534e+001  0.000000e+000
      vertex -4.235098e+001 -9.012364e+000  0.000000e+000
    endloop
  endfacet
  facet normal  0.000000e+000  -0.000000e+000 -1.000000e+000
    outer loop
      vertex -4.235098e+001 -9.012364e+000  0.000000e+000
      vertex -4.233696e+001 -1.205534e+001  0.000000e+000
      vertex -4.248019e+001 -1.104480e+001  0.000000e+000
    endloop
  endfacet
  facet normal  0.000000e+000  0.000000e+000 -1.000000e+000
    outer loop
      vertex -4.235098e+001 -9.012364e+000  0.000000e+000
      vertex -4.248019e+001 -1.104480e+001  0.000000e+000
      vertex -4.248489e+001 -1.002418e+001  0.000000e+000
    endloop
  endfacet
  facet normal  0.000000e+000  -0.000000e+000 -1.000000e+000
    outer loop
      vertex -4.111512e+001 -1.484228e+001  0.000000e+000
      vertex -4.060699e+001 -5.998779e+000  0.000000e+000
      vertex -4.046894e+001 -1.563232e+001  0.000000e+000
    endloop
  endfacet
  facet normal  0.000000e+000  0.000000e+000 -9.999999e-001
    outer loop
      vertex -4.060699e+001 -5.998779e+000  0.000000e+000
      vertex -4.111512e+001 -1.484228e+001  0.000000e+000
      vertex -4.129080e+001 -7.052054e+000  0.000000e+000
    endloop
  endfacet
  facet normal  0.000000e+000  -0.000000e+000 -9.999999e-001
    outer loop
      vertex -4.129080e+001 -7.052054e+000  0.000000e+000
      vertex -4.111512e+001 -1.484228e+001  0.000000e+000
      vertex -4.164804e+001 -1.397182e+001  0.000000e+000
    endloop
  endfacet
  facet normal  0.000000e+000  0.000000e+000 -1.000000e+000
    outer loop
      vertex -4.129080e+001 -7.052054e+000  0.000000e+000
      vertex -4.164804e+001 -1.397182e+001  0.000000e+000
      vertex -4.208094e+001 -8.028100e+000  0.000000e+000
    endloop
  endfacet
  facet normal  0.000000e+000  0.000000e+000 -1.000000e+000
    outer loop
      vertex -4.208094e+001 -8.028100e+000  0.000000e+000
      vertex -4.164804e+001 -1.397182e+001  0.000000e+000
      vertex -4.205785e+001 -1.303708e+001  0.000000e+000
    endloop
  endfacet
  facet normal  0.000000e+000  0.000000e+000 -9.999999e-001
    outer loop
      vertex -4.208094e+001 -8.028100e+000  0.000000e+000
      vertex -4.205785e+001 -1.303708e+001  0.000000e+000
      vertex -4.233696e+001 -1.205534e+001  0.000000e+000
    endloop
  endfacet
  facet normal  0.000000e+000  0.000000e+000 -1.000000e+000
    outer loop
      vertex  4.205785e+001 -1.303708e+001  0.000000e+000
      vertex  4.235098e+001 -9.012364e+000  0.000000e+000
      vertex  4.233696e+001 -1.205534e+001  0.000000e+000
    endloop
  endfacet
  facet normal  0.000000e+000  0.000000e+000 -1.000000e+000
    outer loop
      vertex  4.233696e+001 -1.205534e+001  0.000000e+000
      vertex  4.235098e+001 -9.012364e+000  0.000000e+000
      vertex  4.248489e+001 -1.002418e+001  0.000000e+000
    endloop
  endfacet
  facet normal  0.000000e+000  0.000000e+000 -1.000000e+000
    outer loop
      vertex  4.233696e+001 -1.205534e+001  0.000000e+000
      vertex  4.248489e+001 -1.002418e+001  0.000000e+000
      vertex  4.248019e+001 -1.104480e+001  0.000000e+000
    endloop
  endfacet
  facet normal  0.000000e+000  0.000000e+000 -9.999999e-001
    outer loop
      vertex  4.235098e+001 -9.012364e+000  0.000000e+000
      vertex  4.205785e+001 -1.303708e+001  0.000000e+000
      vertex  4.208094e+001 -8.028100e+000  0.000000e+000
    endloop
  endfacet
  facet normal  0.000000e+000  0.000000e+000 -1.000000e+000
    outer loop
      vertex  4.208094e+001 -8.028100e+000  0.000000e+000
      vertex  4.205785e+001 -1.303708e+001  0.000000e+000
      vertex  4.164804e+001 -1.397182e+001  0.000000e+000
    endloop
  endfacet
  facet normal  0.000000e+000  0.000000e+000 -1.000000e+000
    outer loop
      vertex  4.208094e+001 -8.028100e+000  0.000000e+000
      vertex  4.164804e+001 -1.397182e+001  0.000000e+000
      vertex  4.129080e+001 -7.052054e+000  0.000000e+000
    endloop
  endfacet
  facet normal  0.000000e+000  -0.000000e+000 -9.999999e-001
    outer loop
      vertex  4.129080e+001 -7.052054e+000  0.000000e+000
      vertex  4.164804e+001 -1.397182e+001  0.000000e+000
      vertex  4.111512e+001 -1.484228e+001  0.000000e+000
    endloop
  endfacet
  facet normal  0.000000e+000  0.000000e+000 -9.999999e-001
    outer loop
      vertex  4.129080e+001 -7.052054e+000  0.000000e+000
      vertex  4.111512e+001 -1.484228e+001  0.000000e+000
      vertex  4.060699e+001 -5.998779e+000  0.000000e+000
    endloop
  endfacet
  facet normal  0.000000e+000  0.000000e+000 -1.000000e+000
    outer loop
      vertex -4.208094e+001  8.028100e+000  0.000000e+000
      vertex -4.235098e+001  9.012364e+000  0.000000e+000
      vertex -4.233696e+001  1.205534e+001  0.000000e+000
    endloop
  endfacet
  facet normal  0.000000e+000  0.000000e+000 -1.000000e+000
    outer loop
      vertex -4.233696e+001  1.205534e+001  0.000000e+000
      vertex -4.235098e+001  9.012364e+000  0.000000e+000
      vertex -4.248489e+001  1.002418e+001  0.000000e+000
    endloop
  endfacet
  facet normal  0.000000e+000  0.000000e+000 -1.000000e+000
    outer loop
      vertex -4.233696e+001  1.205534e+001  0.000000e+000
      vertex -4.248489e+001  1.002418e+001  0.000000e+000
      vertex -4.248019e+001  1.104480e+001  0.000000e+000
    endloop
  endfacet
  facet normal  0.000000e+000  0.000000e+000 -1.000000e+000
    outer loop
      vertex -4.129080e+001  7.052054e+000  0.000000e+000
      vertex -4.046894e+001  1.563232e+001  0.000000e+000
      vertex -4.060699e+001  5.998779e+000  0.000000e+000
    endloop
  endfacet
  facet normal  0.000000e+000  0.000000e+000 -1.000000e+000
    outer loop
      vertex -4.046894e+001  1.563232e+001  0.000000e+000
      vertex -4.129080e+001  7.052054e+000  0.000000e+000
      vertex -4.111512e+001  1.484228e+001  0.000000e+000
    endloop
  endfacet
  facet normal  0.000000e+000  0.000000e+000 -1.000000e+000
    outer loop
      vertex -4.111512e+001  1.484228e+001  0.000000e+000
      vertex -4.129080e+001  7.052054e+000  0.000000e+000
      vertex -4.208094e+001  8.028100e+000  0.000000e+000
    endloop
  endfacet
  facet normal  0.000000e+000  0.000000e+000 -1.000000e+000
    outer loop
      vertex -4.111512e+001  1.484228e+001  0.000000e+000
      vertex -4.208094e+001  8.028100e+000  0.000000e+000
      vertex -4.164804e+001  1.397182e+001  0.000000e+000
    endloop
  endfacet
  facet normal  0.000000e+000  0.000000e+000 -1.000000e+000
    outer loop
      vertex -4.164804e+001  1.397182e+001  0.000000e+000
      vertex -4.208094e+001  8.028100e+000  0.000000e+000
      vertex -4.233696e+001  1.205534e+001  0.000000e+000
    endloop
  endfacet
  facet normal  0.000000e+000  0.000000e+000 -1.000000e+000
    outer loop
      vertex -4.164804e+001  1.397182e+001  0.000000e+000
      vertex -4.233696e+001  1.205534e+001  0.000000e+000
      vertex -4.205785e+001  1.303708e+001  0.000000e+000
    endloop
  endfacet
  facet normal  1.564335e-001 -9.876885e-001  0.000000e+000
    outer loop
      vertex -2.350000e+001 -1.100000e+001  1.500000e+000
      vertex -2.396353e+001 -1.107341e+001  5.000000e+000
      vertex -2.396353e+001 -1.107341e+001  1.500000e+000
    endloop
  endfacet
  facet normal  4.539912e-001 -8.910062e-001  0.000000e+000
    outer loop
      vertex -2.396353e+001 -1.107341e+001  1.500000e+000
      vertex -2.396353e+001 -1.107341e+001  5.000000e+000
      vertex -2.438168e+001 -1.128647e+001  5.000000e+000
    endloop
  endfacet
  facet normal  4.539912e-001 -8.910062e-001  0.000000e+000
    outer loop
      vertex -2.396353e+001 -1.107341e+001  1.500000e+000
      vertex -2.438168e+001 -1.128647e+001  5.000000e+000
      vertex -2.438168e+001 -1.128647e+001  1.500000e+000
    endloop
  endfacet
  facet normal  7.071068e-001 -7.071068e-001  0.000000e+000
    outer loop
      vertex -2.438168e+001 -1.128647e+001  1.500000e+000
      vertex -2.438168e+001 -1.128647e+001  5.000000e+000
      vertex -2.471353e+001 -1.161832e+001  5.000000e+000
    endloop
  endfacet
  facet normal  7.071068e-001 -7.071068e-001  0.000000e+000
    outer loop
      vertex -2.438168e+001 -1.128647e+001  1.500000e+000
      vertex -2.471353e+001 -1.161832e+001  5.000000e+000
      vertex -2.471353e+001 -1.161832e+001  1.500000e+000
    endloop
  endfacet
  facet normal  8.910069e-001 -4.539896e-001  0.000000e+000
    outer loop
      vertex -2.471353e+001 -1.161832e+001  1.500000e+000
      vertex -2.471353e+001 -1.161832e+001  5.000000e+000
      vertex -2.492658e+001 -1.203647e+001  5.000000e+000
    endloop
  endfacet
  facet normal  8.910069e-001 -4.539896e-001  0.000000e+000
    outer loop
      vertex -2.471353e+001 -1.161832e+001  1.500000e+000
      vertex -2.492658e+001 -1.203647e+001  5.000000e+000
      vertex -2.492658e+001 -1.203647e+001  1.500000e+000
    endloop
  endfacet
  facet normal  9.876881e-001 -1.564355e-001  0.000000e+000
    outer loop
      vertex -2.492658e+001 -1.203647e+001  1.500000e+000
      vertex -2.492658e+001 -1.203647e+001  5.000000e+000
      vertex -2.500000e+001 -1.250000e+001  5.000000e+000
    endloop
  endfacet
  facet normal  9.876881e-001 -1.564355e-001  0.000000e+000
    outer loop
      vertex -2.492658e+001 -1.203647e+001  1.500000e+000
      vertex -2.500000e+001 -1.250000e+001  5.000000e+000
      vertex -2.500000e+001 -1.250000e+001  1.500000e+000
    endloop
  endfacet
  facet normal  1.564335e-001 -9.876885e-001  0.000000e+000
    outer loop
      vertex -2.396353e+001 -1.107341e+001  5.000000e+000
      vertex -2.350000e+001 -1.100000e+001  1.500000e+000
      vertex -2.350000e+001 -1.100000e+001  5.000000e+000
    endloop
  endfacet
  facet normal -1.564335e-001 -9.876885e-001  -0.000000e+000
    outer loop
      vertex -2.350000e+001 -1.100000e+001  5.000000e+000
      vertex -2.350000e+001 -1.100000e+001  1.500000e+000
      vertex -2.303647e+001 -1.107341e+001  1.500000e+000
    endloop
  endfacet
  facet normal -1.564335e-001 -9.876885e-001  0.000000e+000
    outer loop
      vertex -2.350000e+001 -1.100000e+001  5.000000e+000
      vertex -2.303647e+001 -1.107341e+001  1.500000e+000
      vertex -2.303647e+001 -1.107341e+001  5.000000e+000
    endloop
  endfacet
  facet normal -4.539912e-001 -8.910062e-001  -0.000000e+000
    outer loop
      vertex -2.303647e+001 -1.107341e+001  5.000000e+000
      vertex -2.303647e+001 -1.107341e+001  1.500000e+000
      vertex -2.261832e+001 -1.128647e+001  1.500000e+000
    endloop
  endfacet
  facet normal -4.539912e-001 -8.910062e-001  0.000000e+000
    outer loop
      vertex -2.303647e+001 -1.107341e+001  5.000000e+000
      vertex -2.261832e+001 -1.128647e+001  1.500000e+000
      vertex -2.261832e+001 -1.128647e+001  5.000000e+000
    endloop
  endfacet
  facet normal -7.071068e-001 -7.071068e-001  -0.000000e+000
    outer loop
      vertex -2.261832e+001 -1.128647e+001  5.000000e+000
      vertex -2.261832e+001 -1.128647e+001  1.500000e+000
      vertex -2.228647e+001 -1.161832e+001  1.500000e+000
    endloop
  endfacet
  facet normal -7.071068e-001 -7.071068e-001  0.000000e+000
    outer loop
      vertex -2.261832e+001 -1.128647e+001  5.000000e+000
      vertex -2.228647e+001 -1.161832e+001  1.500000e+000
      vertex -2.228647e+001 -1.161832e+001  5.000000e+000
    endloop
  endfacet
  facet normal -8.910069e-001 -4.539896e-001  -0.000000e+000
    outer loop
      vertex -2.228647e+001 -1.161832e+001  5.000000e+000
      vertex -2.228647e+001 -1.161832e+001  1.500000e+000
      vertex -2.207342e+001 -1.203647e+001  1.500000e+000
    endloop
  endfacet
  facet normal -8.910069e-001 -4.539896e-001  0.000000e+000
    outer loop
      vertex -2.228647e+001 -1.161832e+001  5.000000e+000
      vertex -2.207342e+001 -1.203647e+001  1.500000e+000
      vertex -2.207342e+001 -1.203647e+001  5.000000e+000
    endloop
  endfacet
  facet normal -9.876881e-001 -1.564355e-001  -0.000000e+000
    outer loop
      vertex -2.207342e+001 -1.203647e+001  5.000000e+000
      vertex -2.207342e+001 -1.203647e+001  1.500000e+000
      vertex -2.200000e+001 -1.250000e+001  1.500000e+000
    endloop
  endfacet
  facet normal -9.876881e-001 -1.564355e-001  0.000000e+000
    outer loop
      vertex -2.207342e+001 -1.203647e+001  5.000000e+000
      vertex -2.200000e+001 -1.250000e+001  1.500000e+000
      vertex -2.200000e+001 -1.250000e+001  5.000000e+000
    endloop
  endfacet
  facet normal -1.564335e-001  9.876885e-001  0.000000e+000
    outer loop
      vertex -2.350000e+001 -1.400000e+001  1.500000e+000
      vertex -2.303647e+001 -1.392659e+001  5.000000e+000
      vertex -2.303647e+001 -1.392659e+001  1.500000e+000
    endloop
  endfacet
  facet normal -4.539912e-001  8.910062e-001  0.000000e+000
    outer loop
      vertex -2.303647e+001 -1.392659e+001  1.500000e+000
      vertex -2.303647e+001 -1.392659e+001  5.000000e+000
      vertex -2.261832e+001 -1.371353e+001  5.000000e+000
    endloop
  endfacet
  facet normal -4.539912e-001  8.910062e-001  0.000000e+000
    outer loop
      vertex -2.303647e+001 -1.392659e+001  1.500000e+000
      vertex -2.261832e+001 -1.371353e+001  5.000000e+000
      vertex -2.261832e+001 -1.371353e+001  1.500000e+000
    endloop
  endfacet
  facet normal -7.071068e-001  7.071068e-001  0.000000e+000
    outer loop
      vertex -2.261832e+001 -1.371353e+001  1.500000e+000
      vertex -2.261832e+001 -1.371353e+001  5.000000e+000
      vertex -2.228647e+001 -1.338168e+001  5.000000e+000
    endloop
  endfacet
  facet normal -7.071068e-001  7.071068e-001  0.000000e+000
    outer loop
      vertex -2.261832e+001 -1.371353e+001  1.500000e+000
      vertex -2.228647e+001 -1.338168e+001  5.000000e+000
      vertex -2.228647e+001 -1.338168e+001  1.500000e+000
    endloop
  endfacet
  facet normal -8.910069e-001  4.539896e-001  0.000000e+000
    outer loop
      vertex -2.228647e+001 -1.338168e+001  1.500000e+000
      vertex -2.228647e+001 -1.338168e+001  5.000000e+000
      vertex -2.207342e+001 -1.296353e+001  5.000000e+000
    endloop
  endfacet
  facet normal -8.910069e-001  4.539896e-001  0.000000e+000
    outer loop
      vertex -2.228647e+001 -1.338168e+001  1.500000e+000
      vertex -2.207342e+001 -1.296353e+001  5.000000e+000
      vertex -2.207342e+001 -1.296353e+001  1.500000e+000
    endloop
  endfacet
  facet normal -9.876881e-001  1.564355e-001  0.000000e+000
    outer loop
      vertex -2.207342e+001 -1.296353e+001  1.500000e+000
      vertex -2.207342e+001 -1.296353e+001  5.000000e+000
      vertex -2.200000e+001 -1.250000e+001  5.000000e+000
    endloop
  endfacet
  facet normal -9.876881e-001  1.564355e-001  0.000000e+000
    outer loop
      vertex -2.207342e+001 -1.296353e+001  1.500000e+000
      vertex -2.200000e+001 -1.250000e+001  5.000000e+000
      vertex -2.200000e+001 -1.250000e+001  1.500000e+000
    endloop
  endfacet
  facet normal -1.564335e-001  9.876885e-001  0.000000e+000
    outer loop
      vertex -2.303647e+001 -1.392659e+001  5.000000e+000
      vertex -2.350000e+001 -1.400000e+001  1.500000e+000
      vertex -2.350000e+001 -1.400000e+001  5.000000e+000
    endloop
  endfacet
  facet normal  1.564335e-001  9.876885e-001  0.000000e+000
    outer loop
      vertex -2.350000e+001 -1.400000e+001  5.000000e+000
      vertex -2.350000e+001 -1.400000e+001  1.500000e+000
      vertex -2.396353e+001 -1.392659e+001  1.500000e+000
    endloop
  endfacet
  facet normal  1.564335e-001  9.876885e-001  -0.000000e+000
    outer loop
      vertex -2.350000e+001 -1.400000e+001  5.000000e+000
      vertex -2.396353e+001 -1.392659e+001  1.500000e+000
      vertex -2.396353e+001 -1.392659e+001  5.000000e+000
    endloop
  endfacet
  facet normal  4.539912e-001  8.910062e-001  0.000000e+000
    outer loop
      vertex -2.396353e+001 -1.392659e+001  5.000000e+000
      vertex -2.396353e+001 -1.392659e+001  1.500000e+000
      vertex -2.438168e+001 -1.371353e+001  1.500000e+000
    endloop
  endfacet
  facet normal  4.539912e-001  8.910062e-001  -0.000000e+000
    outer loop
      vertex -2.396353e+001 -1.392659e+001  5.000000e+000
      vertex -2.438168e+001 -1.371353e+001  1.500000e+000
      vertex -2.438168e+001 -1.371353e+001  5.000000e+000
    endloop
  endfacet
  facet normal  7.071068e-001  7.071068e-001  0.000000e+000
    outer loop
      vertex -2.438168e+001 -1.371353e+001  5.000000e+000
      vertex -2.438168e+001 -1.371353e+001  1.500000e+000
      vertex -2.471353e+001 -1.338168e+001  1.500000e+000
    endloop
  endfacet
  facet normal  7.071068e-001  7.071068e-001  -0.000000e+000
    outer loop
      vertex -2.438168e+001 -1.371353e+001  5.000000e+000
      vertex -2.471353e+001 -1.338168e+001  1.500000e+000
      vertex -2.471353e+001 -1.338168e+001  5.000000e+000
    endloop
  endfacet
  facet normal  8.910069e-001  4.539896e-001  0.000000e+000
    outer loop
      vertex -2.471353e+001 -1.338168e+001  5.000000e+000
      vertex -2.471353e+001 -1.338168e+001  1.500000e+000
      vertex -2.492658e+001 -1.296353e+001  1.500000e+000
    endloop
  endfacet
  facet normal  8.910069e-001  4.539896e-001  -0.000000e+000
    outer loop
      vertex -2.471353e+001 -1.338168e+001  5.000000e+000
      vertex -2.492658e+001 -1.296353e+001  1.500000e+000
      vertex -2.492658e+001 -1.296353e+001  5.000000e+000
    endloop
  endfacet
  facet normal  9.876881e-001  1.564355e-001  0.000000e+000
    outer loop
      vertex -2.492658e+001 -1.296353e+001  5.000000e+000
      vertex -2.492658e+001 -1.296353e+001  1.500000e+000
      vertex -2.500000e+001 -1.250000e+001  1.500000e+000
    endloop
  endfacet
  facet normal  9.876881e-001  1.564355e-001  -0.000000e+000
    outer loop
      vertex -2.492658e+001 -1.296353e+001  5.000000e+000
      vertex -2.500000e+001 -1.250000e+001  1.500000e+000
      vertex -2.500000e+001 -1.250000e+001  5.000000e+000
    endloop
  endfacet
  facet normal  7.048731e-001  7.942020e-002 -7.048731e-001
    outer loop
      vertex -2.500000e+001 -1.250000e+001  1.500000e+000
      vertex -2.642478e+001 -1.316756e+001  0.000000e+000
      vertex -2.650000e+001 -1.250000e+001  0.000000e+000
    endloop
  endfacet
  facet normal  6.956890e-001  1.101870e-001 -7.098420e-001
    outer loop
      vertex -2.500000e+001 -1.250000e+001  1.500000e+000
      vertex -2.492658e+001 -1.296353e+001  1.500000e+000
      vertex -2.642478e+001 -1.316756e+001  0.000000e+000
    endloop
  endfacet
  facet normal -6.956889e-001  1.101870e-001 -7.098420e-001
    outer loop
      vertex -2.200000e+001 -1.250000e+001  1.500000e+000
      vertex -2.057522e+001 -1.316756e+001  0.000000e+000
      vertex -2.207342e+001 -1.296353e+001  1.500000e+000
    endloop
  endfacet
  facet normal -7.048731e-001  7.942019e-002 -7.048732e-001
    outer loop
      vertex -2.200000e+001 -1.250000e+001  1.500000e+000
      vertex -2.050000e+001 -1.250000e+001  0.000000e+000
      vertex -2.057522e+001 -1.316756e+001  0.000000e+000
    endloop
  endfacet
  facet normal  6.715517e-001  2.349850e-001 -7.027093e-001
    outer loop
      vertex -2.492658e+001 -1.296353e+001  1.500000e+000
      vertex -2.620291e+001 -1.380165e+001  0.000000e+000
      vertex -2.642478e+001 -1.316756e+001  0.000000e+000
    endloop
  endfacet
  facet normal  6.018187e-001  3.781480e-001 -7.034332e-001
    outer loop
      vertex -2.471353e+001 -1.338168e+001  1.500000e+000
      vertex -2.584550e+001 -1.437047e+001  0.000000e+000
      vertex -2.620291e+001 -1.380165e+001  0.000000e+000
    endloop
  endfacet
  facet normal  6.263282e-001  3.191293e-001 -7.112451e-001
    outer loop
      vertex -2.471353e+001 -1.338168e+001  1.500000e+000
      vertex -2.620291e+001 -1.380165e+001  0.000000e+000
      vertex -2.492658e+001 -1.296353e+001  1.500000e+000
    endloop
  endfacet
  facet normal  3.781476e-001  6.018191e-001 -7.034332e-001
    outer loop
      vertex -2.438168e+001 -1.371353e+001  1.500000e+000
      vertex -2.480165e+001 -1.520291e+001  0.000000e+000
      vertex -2.537047e+001 -1.484549e+001  0.000000e+000
    endloop
  endfacet
  facet normal  5.000659e-001  5.000659e-001 -7.070135e-001
    outer loop
      vertex -2.438168e+001 -1.371353e+001  1.500000e+000
      vertex -2.537047e+001 -1.484549e+001  0.000000e+000
      vertex -2.471353e+001 -1.338168e+001  1.500000e+000
    endloop
  endfacet
  facet normal  5.000659e-001  5.000659e-001 -7.070135e-001
    outer loop
      vertex -2.471353e+001 -1.338168e+001  1.500000e+000
      vertex -2.537047e+001 -1.484549e+001  0.000000e+000
      vertex -2.584550e+001 -1.437047e+001  0.000000e+000
    endloop
  endfacet
  facet normal  2.349860e-001  6.715516e-001 -7.027090e-001
    outer loop
      vertex -2.396353e+001 -1.392659e+001  1.500000e+000
      vertex -2.416756e+001 -1.542478e+001  0.000000e+000
      vertex -2.480165e+001 -1.520291e+001  0.000000e+000
    endloop
  endfacet
  facet normal  3.191306e-001  6.263279e-001 -7.112448e-001
    outer loop
      vertex -2.396353e+001 -1.392659e+001  1.500000e+000
      vertex -2.480165e+001 -1.520291e+001  0.000000e+000
      vertex -2.438168e+001 -1.371353e+001  1.500000e+000
    endloop
  endfacet
  facet normal  7.942020e-002  7.048731e-001 -7.048731e-001
    outer loop
      vertex -2.350000e+001 -1.400000e+001  1.500000e+000
      vertex -2.350000e+001 -1.550000e+001  0.000000e+000
      vertex -2.416756e+001 -1.542478e+001  0.000000e+000
    endloop
  endfacet
  facet normal  1.101857e-001  6.956894e-001 -7.098418e-001
    outer loop
      vertex -2.350000e+001 -1.400000e+001  1.500000e+000
      vertex -2.416756e+001 -1.542478e+001  0.000000e+000
      vertex -2.396353e+001 -1.392659e+001  1.500000e+000
    endloop
  endfacet
  facet normal -2.349860e-001  6.715516e-001 -7.027090e-001
    outer loop
      vertex -2.303647e+001 -1.392659e+001  1.500000e+000
      vertex -2.219835e+001 -1.520291e+001  0.000000e+000
      vertex -2.283244e+001 -1.542478e+001  0.000000e+000
    endloop
  endfacet
  facet normal -1.101857e-001  6.956894e-001 -7.098418e-001
    outer loop
      vertex -2.303647e+001 -1.392659e+001  1.500000e+000
      vertex -2.283244e+001 -1.542478e+001  0.000000e+000
      vertex -2.350000e+001 -1.400000e+001  1.500000e+000
    endloop
  endfacet
  facet normal -3.781478e-001  6.018190e-001 -7.034332e-001
    outer loop
      vertex -2.261832e+001 -1.371353e+001  1.500000e+000
      vertex -2.162953e+001 -1.484550e+001  0.000000e+000
      vertex -2.219835e+001 -1.520291e+001  0.000000e+000
    endloop
  endfacet
  facet normal -3.191306e-001  6.263279e-001 -7.112448e-001
    outer loop
      vertex -2.261832e+001 -1.371353e+001  1.500000e+000
      vertex -2.219835e+001 -1.520291e+001  0.000000e+000
      vertex -2.303647e+001 -1.392659e+001  1.500000e+000
    endloop
  endfacet
  facet normal -6.018189e-001  3.781481e-001 -7.034330e-001
    outer loop
      vertex -2.228647e+001 -1.338168e+001  1.500000e+000
      vertex -2.079709e+001 -1.380165e+001  0.000000e+000
      vertex -2.115451e+001 -1.437047e+001  0.000000e+000
    endloop
  endfacet
  facet normal -5.000660e-001  5.000660e-001 -7.070134e-001
    outer loop
      vertex -2.228647e+001 -1.338168e+001  1.500000e+000
      vertex -2.115451e+001 -1.437047e+001  0.000000e+000
      vertex -2.261832e+001 -1.371353e+001  1.500000e+000
    endloop
  endfacet
  facet normal -5.000660e-001  5.000660e-001 -7.070134e-001
    outer loop
      vertex -2.261832e+001 -1.371353e+001  1.500000e+000
      vertex -2.115451e+001 -1.437047e+001  0.000000e+000
      vertex -2.162953e+001 -1.484550e+001  0.000000e+000
    endloop
  endfacet
  facet normal -6.715512e-001  2.349869e-001 -7.027091e-001
    outer loop
      vertex -2.207342e+001 -1.296353e+001  1.500000e+000
      vertex -2.057522e+001 -1.316756e+001  0.000000e+000
      vertex -2.079709e+001 -1.380165e+001  0.000000e+000
    endloop
  endfacet
  facet normal -6.263285e-001  3.191295e-001 -7.112448e-001
    outer loop
      vertex -2.207342e+001 -1.296353e+001  1.500000e+000
      vertex -2.079709e+001 -1.380165e+001  0.000000e+000
      vertex -2.228647e+001 -1.338168e+001  1.500000e+000
    endloop
  endfacet
  facet normal -7.942020e-002  7.048731e-001 -7.048731e-001
    outer loop
      vertex -2.350000e+001 -1.400000e+001  1.500000e+000
      vertex -2.283244e+001 -1.542478e+001  0.000000e+000
      vertex -2.350000e+001 -1.550000e+001  0.000000e+000
    endloop
  endfacet
  facet normal -7.048732e-001 -7.942009e-002 -7.048731e-001
    outer loop
      vertex -2.200000e+001 -1.250000e+001  1.500000e+000
      vertex -2.057522e+001 -1.183244e+001  0.000000e+000
      vertex -2.050000e+001 -1.250000e+001  0.000000e+000
    endloop
  endfacet
  facet normal -6.956890e-001 -1.101870e-001 -7.098420e-001
    outer loop
      vertex -2.200000e+001 -1.250000e+001  1.500000e+000
      vertex -2.207342e+001 -1.203647e+001  1.500000e+000
      vertex -2.057522e+001 -1.183244e+001  0.000000e+000
    endloop
  endfacet
  facet normal  6.956890e-001 -1.101870e-001 -7.098420e-001
    outer loop
      vertex -2.500000e+001 -1.250000e+001  1.500000e+000
      vertex -2.642478e+001 -1.183244e+001  0.000000e+000
      vertex -2.492658e+001 -1.203647e+001  1.500000e+000
    endloop
  endfacet
  facet normal  7.048731e-001 -7.942020e-002 -7.048731e-001
    outer loop
      vertex -2.500000e+001 -1.250000e+001  1.500000e+000
      vertex -2.650000e+001 -1.250000e+001  0.000000e+000
      vertex -2.642478e+001 -1.183244e+001  0.000000e+000
    endloop
  endfacet
  facet normal -6.715517e-001 -2.349850e-001 -7.027093e-001
    outer loop
      vertex -2.207342e+001 -1.203647e+001  1.500000e+000
      vertex -2.079709e+001 -1.119835e+001  0.000000e+000
      vertex -2.057522e+001 -1.183244e+001  0.000000e+000
    endloop
  endfacet
  facet normal -6.018187e-001 -3.781480e-001 -7.034332e-001
    outer loop
      vertex -2.228647e+001 -1.161832e+001  1.500000e+000
      vertex -2.115450e+001 -1.062953e+001  0.000000e+000
      vertex -2.079709e+001 -1.119835e+001  0.000000e+000
    endloop
  endfacet
  facet normal -6.263282e-001 -3.191293e-001 -7.112451e-001
    outer loop
      vertex -2.228647e+001 -1.161832e+001  1.500000e+000
      vertex -2.079709e+001 -1.119835e+001  0.000000e+000
      vertex -2.207342e+001 -1.203647e+001  1.500000e+000
    endloop
  endfacet
  facet normal -3.781476e-001 -6.018191e-001 -7.034332e-001
    outer loop
      vertex -2.261832e+001 -1.128647e+001  1.500000e+000
      vertex -2.219835e+001 -9.797093e+000  0.000000e+000
      vertex -2.162953e+001 -1.015451e+001  0.000000e+000
    endloop
  endfacet
  facet normal -5.000659e-001 -5.000659e-001 -7.070135e-001
    outer loop
      vertex -2.261832e+001 -1.128647e+001  1.500000e+000
      vertex -2.162953e+001 -1.015451e+001  0.000000e+000
      vertex -2.228647e+001 -1.161832e+001  1.500000e+000
    endloop
  endfacet
  facet normal -5.000659e-001 -5.000659e-001 -7.070135e-001
    outer loop
      vertex -2.228647e+001 -1.161832e+001  1.500000e+000
      vertex -2.162953e+001 -1.015451e+001  0.000000e+000
      vertex -2.115450e+001 -1.062953e+001  0.000000e+000
    endloop
  endfacet
  facet normal -2.349860e-001 -6.715516e-001 -7.027090e-001
    outer loop
      vertex -2.303647e+001 -1.107341e+001  1.500000e+000
      vertex -2.283244e+001 -9.575216e+000  0.000000e+000
      vertex -2.219835e+001 -9.797093e+000  0.000000e+000
    endloop
  endfacet
  facet normal -3.191306e-001 -6.263279e-001 -7.112448e-001
    outer loop
      vertex -2.303647e+001 -1.107341e+001  1.500000e+000
      vertex -2.219835e+001 -9.797093e+000  0.000000e+000
      vertex -2.261832e+001 -1.128647e+001  1.500000e+000
    endloop
  endfacet
  facet normal -7.942020e-002 -7.048731e-001 -7.048731e-001
    outer loop
      vertex -2.350000e+001 -1.100000e+001  1.500000e+000
      vertex -2.350000e+001 -9.500000e+000  0.000000e+000
      vertex -2.283244e+001 -9.575216e+000  0.000000e+000
    endloop
  endfacet
  facet normal -1.101857e-001 -6.956894e-001 -7.098418e-001
    outer loop
      vertex -2.350000e+001 -1.100000e+001  1.500000e+000
      vertex -2.283244e+001 -9.575216e+000  0.000000e+000
      vertex -2.303647e+001 -1.107341e+001  1.500000e+000
    endloop
  endfacet
  facet normal  2.349860e-001 -6.715516e-001 -7.027090e-001
    outer loop
      vertex -2.396353e+001 -1.107341e+001  1.500000e+000
      vertex -2.480165e+001 -9.797093e+000  0.000000e+000
      vertex -2.416756e+001 -9.575216e+000  0.000000e+000
    endloop
  endfacet
  facet normal  1.101857e-001 -6.956894e-001 -7.098418e-001
    outer loop
      vertex -2.396353e+001 -1.107341e+001  1.500000e+000
      vertex -2.416756e+001 -9.575216e+000  0.000000e+000
      vertex -2.350000e+001 -1.100000e+001  1.500000e+000
    endloop
  endfacet
  facet normal  3.781476e-001 -6.018190e-001 -7.034332e-001
    outer loop
      vertex -2.438168e+001 -1.128647e+001  1.500000e+000
      vertex -2.537047e+001 -1.015451e+001  0.000000e+000
      vertex -2.480165e+001 -9.797093e+000  0.000000e+000
    endloop
  endfacet
  facet normal  3.191306e-001 -6.263279e-001 -7.112448e-001
    outer loop
      vertex -2.438168e+001 -1.128647e+001  1.500000e+000
      vertex -2.480165e+001 -9.797093e+000  0.000000e+000
      vertex -2.396353e+001 -1.107341e+001  1.500000e+000
    endloop
  endfacet
  facet normal  6.018198e-001 -3.781466e-001 -7.034331e-001
    outer loop
      vertex -2.471353e+001 -1.161832e+001  1.500000e+000
      vertex -2.620291e+001 -1.119835e+001  0.000000e+000
      vertex -2.584550e+001 -1.062953e+001  0.000000e+000
    endloop
  endfacet
  facet normal  5.000659e-001 -5.000659e-001 -7.070135e-001
    outer loop
      vertex -2.471353e+001 -1.161832e+001  1.500000e+000
      vertex -2.584550e+001 -1.062953e+001  0.000000e+000
      vertex -2.438168e+001 -1.128647e+001  1.500000e+000
    endloop
  endfacet
  facet normal  5.000659e-001 -5.000659e-001 -7.070135e-001
    outer loop
      vertex -2.438168e+001 -1.128647e+001  1.500000e+000
      vertex -2.584550e+001 -1.062953e+001  0.000000e+000
      vertex -2.537047e+001 -1.015451e+001  0.000000e+000
    endloop
  endfacet
  facet normal  6.715512e-001 -2.349869e-001 -7.027091e-001
    outer loop
      vertex -2.492658e+001 -1.203647e+001  1.500000e+000
      vertex -2.642478e+001 -1.183244e+001  0.000000e+000
      vertex -2.620291e+001 -1.119835e+001  0.000000e+000
    endloop
  endfacet
  facet normal  6.263285e-001 -3.191295e-001 -7.112447e-001
    outer loop
      vertex -2.492658e+001 -1.203647e+001  1.500000e+000
      vertex -2.620291e+001 -1.119835e+001  0.000000e+000
      vertex -2.471353e+001 -1.161832e+001  1.500000e+000
    endloop
  endfacet
  facet normal  7.942020e-002 -7.048731e-001 -7.048731e-001
    outer loop
      vertex -2.350000e+001 -1.100000e+001  1.500000e+000
      vertex -2.416756e+001 -9.575216e+000  0.000000e+000
      vertex -2.350000e+001 -9.500000e+000  0.000000e+000
    endloop
  endfacet
  facet normal  1.564335e-001 -9.876885e-001  0.000000e+000
    outer loop
      vertex  1.950000e+001  1.400000e+001  1.500000e+000
      vertex  1.903647e+001  1.392659e+001  5.000000e+000
      vertex  1.903647e+001  1.392659e+001  1.500000e+000
    endloop
  endfacet
  facet normal  4.539912e-001 -8.910062e-001  0.000000e+000
    outer loop
      vertex  1.903647e+001  1.392659e+001  1.500000e+000
      vertex  1.903647e+001  1.392659e+001  5.000000e+000
      vertex  1.861832e+001  1.371353e+001  5.000000e+000
    endloop
  endfacet
  facet normal  4.539912e-001 -8.910062e-001  0.000000e+000
    outer loop
      vertex  1.903647e+001  1.392659e+001  1.500000e+000
      vertex  1.861832e+001  1.371353e+001  5.000000e+000
      vertex  1.861832e+001  1.371353e+001  1.500000e+000
    endloop
  endfacet
  facet normal  7.071068e-001 -7.071068e-001  0.000000e+000
    outer loop
      vertex  1.861832e+001  1.371353e+001  1.500000e+000
      vertex  1.861832e+001  1.371353e+001  5.000000e+000
      vertex  1.828647e+001  1.338168e+001  5.000000e+000
    endloop
  endfacet
  facet normal  7.071068e-001 -7.071068e-001  0.000000e+000
    outer loop
      vertex  1.861832e+001  1.371353e+001  1.500000e+000
      vertex  1.828647e+001  1.338168e+001  5.000000e+000
      vertex  1.828647e+001  1.338168e+001  1.500000e+000
    endloop
  endfacet
  facet normal  8.910069e-001 -4.539896e-001  0.000000e+000
    outer loop
      vertex  1.828647e+001  1.338168e+001  1.500000e+000
      vertex  1.828647e+001  1.338168e+001  5.000000e+000
      vertex  1.807342e+001  1.296353e+001  5.000000e+000
    endloop
  endfacet
  facet normal  8.910069e-001 -4.539896e-001  0.000000e+000
    outer loop
      vertex  1.828647e+001  1.338168e+001  1.500000e+000
      vertex  1.807342e+001  1.296353e+001  5.000000e+000
      vertex  1.807342e+001  1.296353e+001  1.500000e+000
    endloop
  endfacet
  facet normal  9.876881e-001 -1.564355e-001  0.000000e+000
    outer loop
      vertex  1.807342e+001  1.296353e+001  1.500000e+000
      vertex  1.807342e+001  1.296353e+001  5.000000e+000
      vertex  1.800000e+001  1.250000e+001  5.000000e+000
    endloop
  endfacet
  facet normal  9.876881e-001 -1.564355e-001  0.000000e+000
    outer loop
      vertex  1.807342e+001  1.296353e+001  1.500000e+000
      vertex  1.800000e+001  1.250000e+001  5.000000e+000
      vertex  1.800000e+001  1.250000e+001  1.500000e+000
    endloop
  endfacet
  facet normal  1.564335e-001 -9.876885e-001  0.000000e+000
    outer loop
      vertex  1.903647e+001  1.392659e+001  5.000000e+000
      vertex  1.950000e+001  1.400000e+001  1.500000e+000
      vertex  1.950000e+001  1.400000e+001  5.000000e+000
    endloop
  endfacet
  facet normal -1.564335e-001 -9.876885e-001  -0.000000e+000
    outer loop
      vertex  1.950000e+001  1.400000e+001  5.000000e+000
      vertex  1.950000e+001  1.400000e+001  1.500000e+000
      vertex  1.996353e+001  1.392659e+001  1.500000e+000
    endloop
  endfacet
  facet normal -1.564335e-001 -9.876885e-001  0.000000e+000
    outer loop
      vertex  1.950000e+001  1.400000e+001  5.000000e+000
      vertex  1.996353e+001  1.392659e+001  1.500000e+000
      vertex  1.996353e+001  1.392659e+001  5.000000e+000
    endloop
  endfacet
  facet normal -4.539912e-001 -8.910062e-001  -0.000000e+000
    outer loop
      vertex  1.996353e+001  1.392659e+001  5.000000e+000
      vertex  1.996353e+001  1.392659e+001  1.500000e+000
      vertex  2.038168e+001  1.371353e+001  1.500000e+000
    endloop
  endfacet
  facet normal -4.539912e-001 -8.910062e-001  0.000000e+000
    outer loop
      vertex  1.996353e+001  1.392659e+001  5.000000e+000
      vertex  2.038168e+001  1.371353e+001  1.500000e+000
      vertex  2.038168e+001  1.371353e+001  5.000000e+000
    endloop
  endfacet
  facet normal -7.071068e-001 -7.071068e-001  -0.000000e+000
    outer loop
      vertex  2.038168e+001  1.371353e+001  5.000000e+000
      vertex  2.038168e+001  1.371353e+001  1.500000e+000
      vertex  2.071353e+001  1.338168e+001  1.500000e+000
    endloop
  endfacet
  facet normal -7.071068e-001 -7.071068e-001  0.000000e+000
    outer loop
      vertex  2.038168e+001  1.371353e+001  5.000000e+000
      vertex  2.071353e+001  1.338168e+001  1.500000e+000
      vertex  2.071353e+001  1.338168e+001  5.000000e+000
    endloop
  endfacet
  facet normal -8.910069e-001 -4.539896e-001  -0.000000e+000
    outer loop
      vertex  2.071353e+001  1.338168e+001  5.000000e+000
      vertex  2.071353e+001  1.338168e+001  1.500000e+000
      vertex  2.092658e+001  1.296353e+001  1.500000e+000
    endloop
  endfacet
  facet normal -8.910069e-001 -4.539896e-001  0.000000e+000
    outer loop
      vertex  2.071353e+001  1.338168e+001  5.000000e+000
      vertex  2.092658e+001  1.296353e+001  1.500000e+000
      vertex  2.092658e+001  1.296353e+001  5.000000e+000
    endloop
  endfacet
  facet normal -9.876881e-001 -1.564355e-001  -0.000000e+000
    outer loop
      vertex  2.092658e+001  1.296353e+001  5.000000e+000
      vertex  2.092658e+001  1.296353e+001  1.500000e+000
      vertex  2.100000e+001  1.250000e+001  1.500000e+000
    endloop
  endfacet
  facet normal -9.876881e-001 -1.564355e-001  0.000000e+000
    outer loop
      vertex  2.092658e+001  1.296353e+001  5.000000e+000
      vertex  2.100000e+001  1.250000e+001  1.500000e+000
      vertex  2.100000e+001  1.250000e+001  5.000000e+000
    endloop
  endfacet
  facet normal -1.564335e-001  9.876885e-001  0.000000e+000
    outer loop
      vertex  1.950000e+001  1.100000e+001  1.500000e+000
      vertex  1.996353e+001  1.107341e+001  5.000000e+000
      vertex  1.996353e+001  1.107341e+001  1.500000e+000
    endloop
  endfacet
  facet normal -4.539912e-001  8.910062e-001  0.000000e+000
    outer loop
      vertex  1.996353e+001  1.107341e+001  1.500000e+000
      vertex  1.996353e+001  1.107341e+001  5.000000e+000
      vertex  2.038168e+001  1.128647e+001  5.000000e+000
    endloop
  endfacet
  facet normal -4.539912e-001  8.910062e-001  0.000000e+000
    outer loop
      vertex  1.996353e+001  1.107341e+001  1.500000e+000
      vertex  2.038168e+001  1.128647e+001  5.000000e+000
      vertex  2.038168e+001  1.128647e+001  1.500000e+000
    endloop
  endfacet
  facet normal -7.071068e-001  7.071068e-001  0.000000e+000
    outer loop
      vertex  2.038168e+001  1.128647e+001  1.500000e+000
      vertex  2.038168e+001  1.128647e+001  5.000000e+000
      vertex  2.071353e+001  1.161832e+001  5.000000e+000
    endloop
  endfacet
  facet normal -7.071068e-001  7.071068e-001  0.000000e+000
    outer loop
      vertex  2.038168e+001  1.128647e+001  1.500000e+000
      vertex  2.071353e+001  1.161832e+001  5.000000e+000
      vertex  2.071353e+001  1.161832e+001  1.500000e+000
    endloop
  endfacet
  facet normal -8.910069e-001  4.539896e-001  0.000000e+000
    outer loop
      vertex  2.071353e+001  1.161832e+001  1.500000e+000
      vertex  2.071353e+001  1.161832e+001  5.000000e+000
      vertex  2.092658e+001  1.203647e+001  5.000000e+000
    endloop
  endfacet
  facet normal -8.910069e-001  4.539896e-001  0.000000e+000
    outer loop
      vertex  2.071353e+001  1.161832e+001  1.500000e+000
      vertex  2.092658e+001  1.203647e+001  5.000000e+000
      vertex  2.092658e+001  1.203647e+001  1.500000e+000
    endloop
  endfacet
  facet normal -9.876881e-001  1.564355e-001  0.000000e+000
    outer loop
      vertex  2.092658e+001  1.203647e+001  1.500000e+000
      vertex  2.092658e+001  1.203647e+001  5.000000e+000
      vertex  2.100000e+001  1.250000e+001  5.000000e+000
    endloop
  endfacet
  facet normal -9.876881e-001  1.564355e-001  0.000000e+000
    outer loop
      vertex  2.092658e+001  1.203647e+001  1.500000e+000
      vertex  2.100000e+001  1.250000e+001  5.000000e+000
      vertex  2.100000e+001  1.250000e+001  1.500000e+000
    endloop
  endfacet
  facet normal -1.564335e-001  9.876885e-001  0.000000e+000
    outer loop
      vertex  1.996353e+001  1.107341e+001  5.000000e+000
      vertex  1.950000e+001  1.100000e+001  1.500000e+000
      vertex  1.950000e+001  1.100000e+001  5.000000e+000
    endloop
  endfacet
  facet normal  1.564335e-001  9.876885e-001  0.000000e+000
    outer loop
      vertex  1.950000e+001  1.100000e+001  5.000000e+000
      vertex  1.950000e+001  1.100000e+001  1.500000e+000
      vertex  1.903647e+001  1.107341e+001  1.500000e+000
    endloop
  endfacet
  facet normal  1.564335e-001  9.876885e-001  -0.000000e+000
    outer loop
      vertex  1.950000e+001  1.100000e+001  5.000000e+000
      vertex  1.903647e+001  1.107341e+001  1.500000e+000
      vertex  1.903647e+001  1.107341e+001  5.000000e+000
    endloop
  endfacet
  facet normal  4.539912e-001  8.910062e-001  0.000000e+000
    outer loop
      vertex  1.903647e+001  1.107341e+001  5.000000e+000
      vertex  1.903647e+001  1.107341e+001  1.500000e+000
      vertex  1.861832e+001  1.128647e+001  1.500000e+000
    endloop
  endfacet
  facet normal  4.539912e-001  8.910062e-001  -0.000000e+000
    outer loop
      vertex  1.903647e+001  1.107341e+001  5.000000e+000
      vertex  1.861832e+001  1.128647e+001  1.500000e+000
      vertex  1.861832e+001  1.128647e+001  5.000000e+000
    endloop
  endfacet
  facet normal  7.071068e-001  7.071068e-001  0.000000e+000
    outer loop
      vertex  1.861832e+001  1.128647e+001  5.000000e+000
      vertex  1.861832e+001  1.128647e+001  1.500000e+000
      vertex  1.828647e+001  1.161832e+001  1.500000e+000
    endloop
  endfacet
  facet normal  7.071068e-001  7.071068e-001  -0.000000e+000
    outer loop
      vertex  1.861832e+001  1.128647e+001  5.000000e+000
      vertex  1.828647e+001  1.161832e+001  1.500000e+000
      vertex  1.828647e+001  1.161832e+001  5.000000e+000
    endloop
  endfacet
  facet normal  8.910069e-001  4.539896e-001  0.000000e+000
    outer loop
      vertex  1.828647e+001  1.161832e+001  5.000000e+000
      vertex  1.828647e+001  1.161832e+001  1.500000e+000
      vertex  1.807342e+001  1.203647e+001  1.500000e+000
    endloop
  endfacet
  facet normal  8.910069e-001  4.539896e-001  -0.000000e+000
    outer loop
      vertex  1.828647e+001  1.161832e+001  5.000000e+000
      vertex  1.807342e+001  1.203647e+001  1.500000e+000
      vertex  1.807342e+001  1.203647e+001  5.000000e+000
    endloop
  endfacet
  facet normal  9.876881e-001  1.564355e-001  0.000000e+000
    outer loop
      vertex  1.807342e+001  1.203647e+001  5.000000e+000
      vertex  1.807342e+001  1.203647e+001  1.500000e+000
      vertex  1.800000e+001  1.250000e+001  1.500000e+000
    endloop
  endfacet
  facet normal  9.876881e-001  1.564355e-001  -0.000000e+000
    outer loop
      vertex  1.807342e+001  1.203647e+001  5.000000e+000
      vertex  1.800000e+001  1.250000e+001  1.500000e+000
      vertex  1.800000e+001  1.250000e+001  5.000000e+000
    endloop
  endfacet
  facet normal  7.048731e-001  7.942020e-002 -7.048731e-001
    outer loop
      vertex  1.800000e+001  1.250000e+001  1.500000e+000
      vertex  1.657522e+001  1.183244e+001  0.000000e+000
      vertex  1.650000e+001  1.250000e+001  0.000000e+000
    endloop
  endfacet
  facet normal  6.956890e-001  1.101870e-001 -7.098420e-001
    outer loop
      vertex  1.800000e+001  1.250000e+001  1.500000e+000
      vertex  1.807342e+001  1.203647e+001  1.500000e+000
      vertex  1.657522e+001  1.183244e+001  0.000000e+000
    endloop
  endfacet
  facet normal -6.956889e-001  1.101870e-001 -7.098420e-001
    outer loop
      vertex  2.100000e+001  1.250000e+001  1.500000e+000
      vertex  2.242478e+001  1.183244e+001  0.000000e+000
      vertex  2.092658e+001  1.203647e+001  1.500000e+000
    endloop
  endfacet
  facet normal -7.048731e-001  7.942019e-002 -7.048732e-001
    outer loop
      vertex  2.100000e+001  1.250000e+001  1.500000e+000
      vertex  2.250000e+001  1.250000e+001  0.000000e+000
      vertex  2.242478e+001  1.183244e+001  0.000000e+000
    endloop
  endfacet
  facet normal  6.715517e-001  2.349850e-001 -7.027093e-001
    outer loop
      vertex  1.807342e+001  1.203647e+001  1.500000e+000
      vertex  1.679709e+001  1.119835e+001  0.000000e+000
      vertex  1.657522e+001  1.183244e+001  0.000000e+000
    endloop
  endfacet
  facet normal  6.018187e-001  3.781480e-001 -7.034332e-001
    outer loop
      vertex  1.828647e+001  1.161832e+001  1.500000e+000
      vertex  1.715450e+001  1.062953e+001  0.000000e+000
      vertex  1.679709e+001  1.119835e+001  0.000000e+000
    endloop
  endfacet
  facet normal  6.263282e-001  3.191293e-001 -7.112451e-001
    outer loop
      vertex  1.828647e+001  1.161832e+001  1.500000e+000
      vertex  1.679709e+001  1.119835e+001  0.000000e+000
      vertex  1.807342e+001  1.203647e+001  1.500000e+000
    endloop
  endfacet
  facet normal  3.781476e-001  6.018191e-001 -7.034332e-001
    outer loop
      vertex  1.861832e+001  1.128647e+001  1.500000e+000
      vertex  1.819835e+001  9.797093e+000  0.000000e+000
      vertex  1.762953e+001  1.015451e+001  0.000000e+000
    endloop
  endfacet
  facet normal  5.000659e-001  5.000659e-001 -7.070135e-001
    outer loop
      vertex  1.861832e+001  1.128647e+001  1.500000e+000
      vertex  1.762953e+001  1.015451e+001  0.000000e+000
      vertex  1.828647e+001  1.161832e+001  1.500000e+000
    endloop
  endfacet
  facet normal  5.000659e-001  5.000659e-001 -7.070135e-001
    outer loop
      vertex  1.828647e+001  1.161832e+001  1.500000e+000
      vertex  1.762953e+001  1.015451e+001  0.000000e+000
      vertex  1.715450e+001  1.062953e+001  0.000000e+000
    endloop
  endfacet
  facet normal  2.349860e-001  6.715516e-001 -7.027090e-001
    outer loop
      vertex  1.903647e+001  1.107341e+001  1.500000e+000
      vertex  1.883244e+001  9.575216e+000  0.000000e+000
      vertex  1.819835e+001  9.797093e+000  0.000000e+000
    endloop
  endfacet
  facet normal  3.191306e-001  6.263279e-001 -7.112448e-001
    outer loop
      vertex  1.903647e+001  1.107341e+001  1.500000e+000
      vertex  1.819835e+001  9.797093e+000  0.000000e+000
      vertex  1.861832e+001  1.128647e+001  1.500000e+000
    endloop
  endfacet
  facet normal  7.942020e-002  7.048731e-001 -7.048731e-001
    outer loop
      vertex  1.950000e+001  1.100000e+001  1.500000e+000
      vertex  1.950000e+001  9.500000e+000  0.000000e+000
      vertex  1.883244e+001  9.575216e+000  0.000000e+000
    endloop
  endfacet
  facet normal  1.101857e-001  6.956894e-001 -7.098418e-001
    outer loop
      vertex  1.950000e+001  1.100000e+001  1.500000e+000
      vertex  1.883244e+001  9.575216e+000  0.000000e+000
      vertex  1.903647e+001  1.107341e+001  1.500000e+000
    endloop
  endfacet
  facet normal -2.349860e-001  6.715516e-001 -7.027090e-001
    outer loop
      vertex  1.996353e+001  1.107341e+001  1.500000e+000
      vertex  2.080165e+001  9.797093e+000  0.000000e+000
      vertex  2.016756e+001  9.575216e+000  0.000000e+000
    endloop
  endfacet
  facet normal -1.101857e-001  6.956894e-001 -7.098418e-001
    outer loop
      vertex  1.996353e+001  1.107341e+001  1.500000e+000
      vertex  2.016756e+001  9.575216e+000  0.000000e+000
      vertex  1.950000e+001  1.100000e+001  1.500000e+000
    endloop
  endfacet
  facet normal -3.781478e-001  6.018190e-001 -7.034332e-001
    outer loop
      vertex  2.038168e+001  1.128647e+001  1.500000e+000
      vertex  2.137047e+001  1.015450e+001  0.000000e+000
      vertex  2.080165e+001  9.797093e+000  0.000000e+000
    endloop
  endfacet
  facet normal -3.191306e-001  6.263279e-001 -7.112448e-001
    outer loop
      vertex  2.038168e+001  1.128647e+001  1.500000e+000
      vertex  2.080165e+001  9.797093e+000  0.000000e+000
      vertex  1.996353e+001  1.107341e+001  1.500000e+000
    endloop
  endfacet
  facet normal -6.018189e-001  3.781481e-001 -7.034330e-001
    outer loop
      vertex  2.071353e+001  1.161832e+001  1.500000e+000
      vertex  2.220291e+001  1.119835e+001  0.000000e+000
      vertex  2.184549e+001  1.062953e+001  0.000000e+000
    endloop
  endfacet
  facet normal -5.000660e-001  5.000660e-001 -7.070134e-001
    outer loop
      vertex  2.071353e+001  1.161832e+001  1.500000e+000
      vertex  2.184549e+001  1.062953e+001  0.000000e+000
      vertex  2.038168e+001  1.128647e+001  1.500000e+000
    endloop
  endfacet
  facet normal -5.000660e-001  5.000660e-001 -7.070134e-001
    outer loop
      vertex  2.038168e+001  1.128647e+001  1.500000e+000
      vertex  2.184549e+001  1.062953e+001  0.000000e+000
      vertex  2.137047e+001  1.015450e+001  0.000000e+000
    endloop
  endfacet
  facet normal -6.715512e-001  2.349869e-001 -7.027091e-001
    outer loop
      vertex  2.092658e+001  1.203647e+001  1.500000e+000
      vertex  2.242478e+001  1.183244e+001  0.000000e+000
      vertex  2.220291e+001  1.119835e+001  0.000000e+000
    endloop
  endfacet
  facet normal -6.263285e-001  3.191295e-001 -7.112448e-001
    outer loop
      vertex  2.092658e+001  1.203647e+001  1.500000e+000
      vertex  2.220291e+001  1.119835e+001  0.000000e+000
      vertex  2.071353e+001  1.161832e+001  1.500000e+000
    endloop
  endfacet
  facet normal -7.942020e-002  7.048731e-001 -7.048731e-001
    outer loop
      vertex  1.950000e+001  1.100000e+001  1.500000e+000
      vertex  2.016756e+001  9.575216e+000  0.000000e+000
      vertex  1.950000e+001  9.500000e+000  0.000000e+000
    endloop
  endfacet
  facet normal -7.048732e-001 -7.942009e-002 -7.048731e-001
    outer loop
      vertex  2.100000e+001  1.250000e+001  1.500000e+000
      vertex  2.242478e+001  1.316756e+001  0.000000e+000
      vertex  2.250000e+001  1.250000e+001  0.000000e+000
    endloop
  endfacet
  facet normal -6.956890e-001 -1.101870e-001 -7.098420e-001
    outer loop
      vertex  2.100000e+001  1.250000e+001  1.500000e+000
      vertex  2.092658e+001  1.296353e+001  1.500000e+000
      vertex  2.242478e+001  1.316756e+001  0.000000e+000
    endloop
  endfacet
  facet normal  6.956890e-001 -1.101870e-001 -7.098420e-001
    outer loop
      vertex  1.800000e+001  1.250000e+001  1.500000e+000
      vertex  1.657522e+001  1.316756e+001  0.000000e+000
      vertex  1.807342e+001  1.296353e+001  1.500000e+000
    endloop
  endfacet
  facet normal  7.048731e-001 -7.942020e-002 -7.048731e-001
    outer loop
      vertex  1.800000e+001  1.250000e+001  1.500000e+000
      vertex  1.650000e+001  1.250000e+001  0.000000e+000
      vertex  1.657522e+001  1.316756e+001  0.000000e+000
    endloop
  endfacet
  facet normal -6.715517e-001 -2.349850e-001 -7.027093e-001
    outer loop
      vertex  2.092658e+001  1.296353e+001  1.500000e+000
      vertex  2.220291e+001  1.380165e+001  0.000000e+000
      vertex  2.242478e+001  1.316756e+001  0.000000e+000
    endloop
  endfacet
  facet normal -6.018187e-001 -3.781480e-001 -7.034332e-001
    outer loop
      vertex  2.071353e+001  1.338168e+001  1.500000e+000
      vertex  2.184550e+001  1.437047e+001  0.000000e+000
      vertex  2.220291e+001  1.380165e+001  0.000000e+000
    endloop
  endfacet
  facet normal -6.263282e-001 -3.191293e-001 -7.112451e-001
    outer loop
      vertex  2.071353e+001  1.338168e+001  1.500000e+000
      vertex  2.220291e+001  1.380165e+001  0.000000e+000
      vertex  2.092658e+001  1.296353e+001  1.500000e+000
    endloop
  endfacet
  facet normal -3.781476e-001 -6.018191e-001 -7.034332e-001
    outer loop
      vertex  2.038168e+001  1.371353e+001  1.500000e+000
      vertex  2.080165e+001  1.520291e+001  0.000000e+000
      vertex  2.137047e+001  1.484549e+001  0.000000e+000
    endloop
  endfacet
  facet normal -5.000659e-001 -5.000659e-001 -7.070135e-001
    outer loop
      vertex  2.038168e+001  1.371353e+001  1.500000e+000
      vertex  2.137047e+001  1.484549e+001  0.000000e+000
      vertex  2.071353e+001  1.338168e+001  1.500000e+000
    endloop
  endfacet
  facet normal -5.000659e-001 -5.000659e-001 -7.070135e-001
    outer loop
      vertex  2.071353e+001  1.338168e+001  1.500000e+000
      vertex  2.137047e+001  1.484549e+001  0.000000e+000
      vertex  2.184550e+001  1.437047e+001  0.000000e+000
    endloop
  endfacet
  facet normal -2.349860e-001 -6.715516e-001 -7.027090e-001
    outer loop
      vertex  1.996353e+001  1.392659e+001  1.500000e+000
      vertex  2.016756e+001  1.542478e+001  0.000000e+000
      vertex  2.080165e+001  1.520291e+001  0.000000e+000
    endloop
  endfacet
  facet normal -3.191306e-001 -6.263279e-001 -7.112448e-001
    outer loop
      vertex  1.996353e+001  1.392659e+001  1.500000e+000
      vertex  2.080165e+001  1.520291e+001  0.000000e+000
      vertex  2.038168e+001  1.371353e+001  1.500000e+000
    endloop
  endfacet
  facet normal -7.942020e-002 -7.048731e-001 -7.048731e-001
    outer loop
      vertex  1.950000e+001  1.400000e+001  1.500000e+000
      vertex  1.950000e+001  1.550000e+001  0.000000e+000
      vertex  2.016756e+001  1.542478e+001  0.000000e+000
    endloop
  endfacet
  facet normal -1.101857e-001 -6.956894e-001 -7.098418e-001
    outer loop
      vertex  1.950000e+001  1.400000e+001  1.500000e+000
      vertex  2.016756e+001  1.542478e+001  0.000000e+000
      vertex  1.996353e+001  1.392659e+001  1.500000e+000
    endloop
  endfacet
  facet normal  2.349860e-001 -6.715516e-001 -7.027090e-001
    outer loop
      vertex  1.903647e+001  1.392659e+001  1.500000e+000
      vertex  1.819835e+001  1.520291e+001  0.000000e+000
      vertex  1.883244e+001  1.542478e+001  0.000000e+000
    endloop
  endfacet
  facet normal  1.101857e-001 -6.956894e-001 -7.098418e-001
    outer loop
      vertex  1.903647e+001  1.392659e+001  1.500000e+000
      vertex  1.883244e+001  1.542478e+001  0.000000e+000
      vertex  1.950000e+001  1.400000e+001  1.500000e+000
    endloop
  endfacet
  facet normal  3.781476e-001 -6.018190e-001 -7.034332e-001
    outer loop
      vertex  1.861832e+001  1.371353e+001  1.500000e+000
      vertex  1.762953e+001  1.484549e+001  0.000000e+000
      vertex  1.819835e+001  1.520291e+001  0.000000e+000
    endloop
  endfacet
  facet normal  3.191306e-001 -6.263279e-001 -7.112448e-001
    outer loop
      vertex  1.861832e+001  1.371353e+001  1.500000e+000
      vertex  1.819835e+001  1.520291e+001  0.000000e+000
      vertex  1.903647e+001  1.392659e+001  1.500000e+000
    endloop
  endfacet
  facet normal  6.018198e-001 -3.781466e-001 -7.034331e-001
    outer loop
      vertex  1.828647e+001  1.338168e+001  1.500000e+000
      vertex  1.679709e+001  1.380165e+001  0.000000e+000
      vertex  1.715450e+001  1.437047e+001  0.000000e+000
    endloop
  endfacet
  facet normal  5.000659e-001 -5.000659e-001 -7.070135e-001
    outer loop
      vertex  1.828647e+001  1.338168e+001  1.500000e+000
      vertex  1.715450e+001  1.437047e+001  0.000000e+000
      vertex  1.861832e+001  1.371353e+001  1.500000e+000
    endloop
  endfacet
  facet normal  5.000659e-001 -5.000659e-001 -7.070135e-001
    outer loop
      vertex  1.861832e+001  1.371353e+001  1.500000e+000
      vertex  1.715450e+001  1.437047e+001  0.000000e+000
      vertex  1.762953e+001  1.484549e+001  0.000000e+000
    endloop
  endfacet
  facet normal  6.715512e-001 -2.349869e-001 -7.027091e-001
    outer loop
      vertex  1.807342e+001  1.296353e+001  1.500000e+000
      vertex  1.657522e+001  1.316756e+001  0.000000e+000
      vertex  1.679709e+001  1.380165e+001  0.000000e+000
    endloop
  endfacet
  facet normal  6.263285e-001 -3.191295e-001 -7.112447e-001
    outer loop
      vertex  1.807342e+001  1.296353e+001  1.500000e+000
      vertex  1.679709e+001  1.380165e+001  0.000000e+000
      vertex  1.828647e+001  1.338168e+001  1.500000e+000
    endloop
  endfacet
  facet normal  7.942020e-002 -7.048731e-001 -7.048731e-001
    outer loop
      vertex  1.950000e+001  1.400000e+001  1.500000e+000
      vertex  1.883244e+001  1.542478e+001  0.000000e+000
      vertex  1.950000e+001  1.550000e+001  0.000000e+000
    endloop
  endfacet
  facet normal  -0.000000e+000  -0.000000e+000  1.000000e+000
    outer loop
      vertex -2.350000e+001 -1.100000e+001  5.000000e+000
      vertex -2.303647e+001 -1.107341e+001  5.000000e+000
      vertex -2.081141e+001 -1.116903e+001  5.000000e+000
    endloop
  endfacet
  facet normal  0.000000e+000  0.000000e+000  1.000000e+000
    outer loop
      vertex -2.350000e+001 -1.100000e+001  5.000000e+000
      vertex -2.081141e+001 -1.116903e+001  5.000000e+000
      vertex -2.117087e+001 -1.060919e+001  5.000000e+000
    endloop
  endfacet
  facet normal  0.000000e+000  0.000000e+000  1.000000e+000
    outer loop
      vertex -2.350000e+001 -1.100000e+001  5.000000e+000
      vertex -2.117087e+001 -1.060919e+001  5.000000e+000
      vertex -2.164488e+001 -1.014235e+001  5.000000e+000
    endloop
  endfacet
  facet normal  0.000000e+000  0.000000e+000  1.000000e+000
    outer loop
      vertex -2.350000e+001 -1.100000e+001  5.000000e+000
      vertex -2.164488e+001 -1.014235e+001  5.000000e+000
      vertex -2.221012e+001 -9.791455e+000  5.000000e+000
    endloop
  endfacet
  facet normal  0.000000e+000  0.000000e+000  1.000000e+000
    outer loop
      vertex -2.350000e+001 -1.100000e+001  5.000000e+000
      vertex -2.221012e+001 -9.791455e+000  5.000000e+000
      vertex -2.283880e+001 -9.573771e+000  5.000000e+000
    endloop
  endfacet
  facet normal  0.000000e+000  0.000000e+000  1.000000e+000
    outer loop
      vertex -2.350000e+001 -1.100000e+001  5.000000e+000
      vertex -2.283880e+001 -9.573771e+000  5.000000e+000
      vertex -2.350000e+001 -9.500000e+000  5.000000e+000
    endloop
  endfacet
  facet normal  0.000000e+000  0.000000e+000  1.000000e+000
    outer loop
      vertex -2.350000e+001 -1.100000e+001  5.000000e+000
      vertex -2.350000e+001 -9.500000e+000  5.000000e+000
      vertex -2.416120e+001 -9.573771e+000  5.000000e+000
    endloop
  endfacet
  facet normal  0.000000e+000  0.000000e+000  1.000000e+000
    outer loop
      vertex -2.350000e+001 -1.100000e+001  5.000000e+000
      vertex -2.416120e+001 -9.573771e+000  5.000000e+000
      vertex -2.478988e+001 -9.791455e+000  5.000000e+000
    endloop
  endfacet
  facet normal  0.000000e+000  0.000000e+000  1.000000e+000
    outer loop
      vertex -2.350000e+001 -1.100000e+001  5.000000e+000
      vertex -2.478988e+001 -9.791455e+000  5.000000e+000
      vertex -2.535512e+001 -1.014235e+001  5.000000e+000
    endloop
  endfacet
  facet normal  0.000000e+000  0.000000e+000  1.000000e+000
    outer loop
      vertex -2.350000e+001 -1.100000e+001  5.000000e+000
      vertex -2.535512e+001 -1.014235e+001  5.000000e+000
      vertex -2.582913e+001 -1.060919e+001  5.000000e+000
    endloop
  endfacet
  facet normal  0.000000e+000  0.000000e+000  1.000000e+000
    outer loop
      vertex -2.350000e+001 -1.100000e+001  5.000000e+000
      vertex -2.582913e+001 -1.060919e+001  5.000000e+000
      vertex -2.618859e+001 -1.116903e+001  5.000000e+000
    endloop
  endfacet
  facet normal  0.000000e+000  0.000000e+000  9.999999e-001
    outer loop
      vertex -2.350000e+001 -1.100000e+001  5.000000e+000
      vertex -2.618859e+001 -1.116903e+001  5.000000e+000
      vertex -2.396353e+001 -1.107341e+001  5.000000e+000
    endloop
  endfacet
  facet normal  0.000000e+000  0.000000e+000  9.999999e-001
    outer loop
      vertex -2.487176e+001 -1.516801e+001  5.000000e+000
      vertex -2.425000e+001 -1.540474e+001  5.000000e+000
      vertex -2.542606e+001 -1.480007e+001  5.000000e+000
    endloop
  endfacet
  facet normal  -0.000000e+000  -0.000000e+000  1.000000e+000
    outer loop
      vertex -2.542606e+001 -1.480007e+001  5.000000e+000
      vertex -2.425000e+001 -1.540474e+001  5.000000e+000
      vertex -2.588563e+001 -1.431901e+001  5.000000e+000
    endloop
  endfacet
  facet normal  0.000000e+000  0.000000e+000  1.000000e+000
    outer loop
      vertex -2.111437e+001 -1.431901e+001  5.000000e+000
      vertex -2.275000e+001 -1.540474e+001  5.000000e+000
      vertex -2.157394e+001 -1.480007e+001  5.000000e+000
    endloop
  endfacet
  facet normal  0.000000e+000  0.000000e+000  9.999999e-001
    outer loop
      vertex -2.157394e+001 -1.480007e+001  5.000000e+000
      vertex -2.275000e+001 -1.540474e+001  5.000000e+000
      vertex -2.212824e+001 -1.516801e+001  5.000000e+000
    endloop
  endfacet
  facet normal  0.000000e+000  0.000000e+000  1.000000e+000
    outer loop
      vertex -2.425000e+001 -1.650000e+001  5.000000e+000
      vertex -2.275000e+001 -1.650000e+001  5.000000e+000
      vertex -2.350000e+001 -1.400000e+001  5.000000e+000
    endloop
  endfacet
  facet normal  0.000000e+000  0.000000e+000  1.000000e+000
    outer loop
      vertex -2.350000e+001 -1.400000e+001  5.000000e+000
      vertex -2.275000e+001 -1.650000e+001  5.000000e+000
      vertex -2.275000e+001 -1.540474e+001  5.000000e+000
    endloop
  endfacet
  facet normal  0.000000e+000  0.000000e+000  1.000000e+000
    outer loop
      vertex -2.350000e+001 -1.400000e+001  5.000000e+000
      vertex -2.275000e+001 -1.540474e+001  5.000000e+000
      vertex -2.303647e+001 -1.392659e+001  5.000000e+000
    endloop
  endfacet
  facet normal  0.000000e+000  0.000000e+000  1.000000e+000
    outer loop
      vertex -2.303647e+001 -1.392659e+001  5.000000e+000
      vertex -2.275000e+001 -1.540474e+001  5.000000e+000
      vertex -2.111437e+001 -1.431901e+001  5.000000e+000
    endloop
  endfacet
  facet normal  0.000000e+000  0.000000e+000  1.000000e+000
    outer loop
      vertex -2.303647e+001 -1.392659e+001  5.000000e+000
      vertex -2.111437e+001 -1.431901e+001  5.000000e+000
      vertex -2.261832e+001 -1.371353e+001  5.000000e+000
    endloop
  endfacet
  facet normal  0.000000e+000  0.000000e+000  1.000000e+000
    outer loop
      vertex -2.261832e+001 -1.371353e+001  5.000000e+000
      vertex -2.111437e+001 -1.431901e+001  5.000000e+000
      vertex -2.077213e+001 -1.374848e+001  5.000000e+000
    endloop
  endfacet
  facet normal  0.000000e+000  0.000000e+000  1.000000e+000
    outer loop
      vertex -2.261832e+001 -1.371353e+001  5.000000e+000
      vertex -2.077213e+001 -1.374848e+001  5.000000e+000
      vertex -2.228647e+001 -1.338168e+001  5.000000e+000
    endloop
  endfacet
  facet normal  -0.000000e+000  0.000000e+000  1.000000e+000
    outer loop
      vertex -2.396353e+001 -1.107341e+001  5.000000e+000
      vertex -2.618859e+001 -1.116903e+001  5.000000e+000
      vertex -2.438168e+001 -1.128647e+001  5.000000e+000
    endloop
  endfacet
  facet normal  0.000000e+000  0.000000e+000  1.000000e+000
    outer loop
      vertex -2.438168e+001 -1.128647e+001  5.000000e+000
      vertex -2.618859e+001 -1.116903e+001  5.000000e+000
      vertex -2.641582e+001 -1.179432e+001  5.000000e+000
    endloop
  endfacet
  facet normal  0.000000e+000  0.000000e+000  1.000000e+000
    outer loop
      vertex -2.438168e+001 -1.128647e+001  5.000000e+000
      vertex -2.641582e+001 -1.179432e+001  5.000000e+000
      vertex -2.471353e+001 -1.161832e+001  5.000000e+000
    endloop
  endfacet
  facet normal  -0.000000e+000  0.000000e+000  9.999999e-001
    outer loop
      vertex -2.471353e+001 -1.161832e+001  5.000000e+000
      vertex -2.641582e+001 -1.179432e+001  5.000000e+000
      vertex -2.492658e+001 -1.203647e+001  5.000000e+000
    endloop
  endfacet
  facet normal  0.000000e+000  0.000000e+000  1.000000e+000
    outer loop
      vertex -2.492658e+001 -1.203647e+001  5.000000e+000
      vertex -2.641582e+001 -1.179432e+001  5.000000e+000
      vertex -2.649965e+001 -1.245432e+001  5.000000e+000
    endloop
  endfacet
  facet normal  -0.000000e+000  0.000000e+000  1.000000e+000
    outer loop
      vertex -2.492658e+001 -1.203647e+001  5.000000e+000
      vertex -2.649965e+001 -1.245432e+001  5.000000e+000
      vertex -2.500000e+001 -1.250000e+001  5.000000e+000
    endloop
  endfacet
  facet normal  0.000000e+000  0.000000e+000  1.000000e+000
    outer loop
      vertex -2.500000e+001 -1.250000e+001  5.000000e+000
      vertex -2.649965e+001 -1.245432e+001  5.000000e+000
      vertex -2.492658e+001 -1.296353e+001  5.000000e+000
    endloop
  endfacet
  facet normal  0.000000e+000  0.000000e+000  1.000000e+000
    outer loop
      vertex -2.492658e+001 -1.296353e+001  5.000000e+000
      vertex -2.649965e+001 -1.245432e+001  5.000000e+000
      vertex -2.643596e+001 -1.311656e+001  5.000000e+000
    endloop
  endfacet
  facet normal  -0.000000e+000  0.000000e+000  1.000000e+000
    outer loop
      vertex -2.492658e+001 -1.296353e+001  5.000000e+000
      vertex -2.643596e+001 -1.311656e+001  5.000000e+000
      vertex -2.471353e+001 -1.338168e+001  5.000000e+000
    endloop
  endfacet
  facet normal  0.000000e+000  0.000000e+000  1.000000e+000
    outer loop
      vertex -2.471353e+001 -1.338168e+001  5.000000e+000
      vertex -2.643596e+001 -1.311656e+001  5.000000e+000
      vertex -2.622787e+001 -1.374848e+001  5.000000e+000
    endloop
  endfacet
  facet normal  0.000000e+000  0.000000e+000  1.000000e+000
    outer loop
      vertex -2.471353e+001 -1.338168e+001  5.000000e+000
      vertex -2.622787e+001 -1.374848e+001  5.000000e+000
      vertex -2.438168e+001 -1.371353e+001  5.000000e+000
    endloop
  endfacet
  facet normal  -0.000000e+000  0.000000e+000  1.000000e+000
    outer loop
      vertex -2.438168e+001 -1.371353e+001  5.000000e+000
      vertex -2.622787e+001 -1.374848e+001  5.000000e+000
      vertex -2.396353e+001 -1.392659e+001  5.000000e+000
    endloop
  endfacet
  facet normal  0.000000e+000  0.000000e+000  1.000000e+000
    outer loop
      vertex -2.396353e+001 -1.392659e+001  5.000000e+000
      vertex -2.622787e+001 -1.374848e+001  5.000000e+000
      vertex -2.588563e+001 -1.431901e+001  5.000000e+000
    endloop
  endfacet
  facet normal  0.000000e+000  0.000000e+000  9.999999e-001
    outer loop
      vertex -2.396353e+001 -1.392659e+001  5.000000e+000
      vertex -2.588563e+001 -1.431901e+001  5.000000e+000
      vertex -2.350000e+001 -1.400000e+001  5.000000e+000
    endloop
  endfacet
  facet normal  0.000000e+000  0.000000e+000  1.000000e+000
    outer loop
      vertex -2.350000e+001 -1.400000e+001  5.000000e+000
      vertex -2.588563e+001 -1.431901e+001  5.000000e+000
      vertex -2.425000e+001 -1.540474e+001  5.000000e+000
    endloop
  endfacet
  facet normal  -0.000000e+000  0.000000e+000  1.000000e+000
    outer loop
      vertex -2.350000e+001 -1.400000e+001  5.000000e+000
      vertex -2.425000e+001 -1.540474e+001  5.000000e+000
      vertex -2.425000e+001 -1.650000e+001  5.000000e+000
    endloop
  endfacet
  facet normal  0.000000e+000  0.000000e+000  1.000000e+000
    outer loop
      vertex -2.081141e+001 -1.116903e+001  5.000000e+000
      vertex -2.303647e+001 -1.107341e+001  5.000000e+000
      vertex -2.058418e+001 -1.179432e+001  5.000000e+000
    endloop
  endfacet
  facet normal  0.000000e+000  0.000000e+000  1.000000e+000
    outer loop
      vertex -2.058418e+001 -1.179432e+001  5.000000e+000
      vertex -2.303647e+001 -1.107341e+001  5.000000e+000
      vertex -2.261832e+001 -1.128647e+001  5.000000e+000
    endloop
  endfacet
  facet normal  0.000000e+000  0.000000e+000  1.000000e+000
    outer loop
      vertex -2.058418e+001 -1.179432e+001  5.000000e+000
      vertex -2.261832e+001 -1.128647e+001  5.000000e+000
      vertex -2.228647e+001 -1.161832e+001  5.000000e+000
    endloop
  endfacet
  facet normal  0.000000e+000  0.000000e+000  1.000000e+000
    outer loop
      vertex -2.058418e+001 -1.179432e+001  5.000000e+000
      vertex -2.228647e+001 -1.161832e+001  5.000000e+000
      vertex -2.050035e+001 -1.245432e+001  5.000000e+000
    endloop
  endfacet
  facet normal  0.000000e+000  0.000000e+000  1.000000e+000
    outer loop
      vertex -2.050035e+001 -1.245432e+001  5.000000e+000
      vertex -2.228647e+001 -1.161832e+001  5.000000e+000
      vertex -2.207342e+001 -1.203647e+001  5.000000e+000
    endloop
  endfacet
  facet normal  0.000000e+000  0.000000e+000  1.000000e+000
    outer loop
      vertex -2.050035e+001 -1.245432e+001  5.000000e+000
      vertex -2.207342e+001 -1.203647e+001  5.000000e+000
      vertex -2.200000e+001 -1.250000e+001  5.000000e+000
    endloop
  endfacet
  facet normal  -0.000000e+000  0.000000e+000  1.000000e+000
    outer loop
      vertex -2.050035e+001 -1.245432e+001  5.000000e+000
      vertex -2.200000e+001 -1.250000e+001  5.000000e+000
      vertex -2.056404e+001 -1.311656e+001  5.000000e+000
    endloop
  endfacet
  facet normal  0.000000e+000  0.000000e+000  1.000000e+000
    outer loop
      vertex -2.056404e+001 -1.311656e+001  5.000000e+000
      vertex -2.200000e+001 -1.250000e+001  5.000000e+000
      vertex -2.207342e+001 -1.296353e+001  5.000000e+000
    endloop
  endfacet
  facet normal  0.000000e+000  0.000000e+000  1.000000e+000
    outer loop
      vertex -2.056404e+001 -1.311656e+001  5.000000e+000
      vertex -2.207342e+001 -1.296353e+001  5.000000e+000
      vertex -2.077213e+001 -1.374848e+001  5.000000e+000
    endloop
  endfacet
  facet normal  0.000000e+000  0.000000e+000  1.000000e+000
    outer loop
      vertex -2.077213e+001 -1.374848e+001  5.000000e+000
      vertex -2.207342e+001 -1.296353e+001  5.000000e+000
      vertex -2.228647e+001 -1.338168e+001  5.000000e+000
    endloop
  endfacet
  facet normal  -0.000000e+000  0.000000e+000  1.000000e+000
    outer loop
      vertex  1.828647e+001  1.338168e+001  5.000000e+000
      vertex  1.656404e+001  1.311656e+001  5.000000e+000
      vertex  1.807342e+001  1.296353e+001  5.000000e+000
    endloop
  endfacet
  facet normal  0.000000e+000  -0.000000e+000  1.000000e+000
    outer loop
      vertex  2.071353e+001  1.338168e+001  5.000000e+000
      vertex  2.092658e+001  1.296353e+001  5.000000e+000
      vertex  2.243596e+001  1.311656e+001  5.000000e+000
    endloop
  endfacet
  facet normal  -0.000000e+000  -0.000000e+000  9.999999e-001
    outer loop
      vertex  1.950000e+001  1.400000e+001  5.000000e+000
      vertex  1.996353e+001  1.392659e+001  5.000000e+000
      vertex  2.222787e+001  1.374848e+001  5.000000e+000
    endloop
  endfacet
  facet normal  0.000000e+000  0.000000e+000  1.000000e+000
    outer loop
      vertex  1.950000e+001  1.400000e+001  5.000000e+000
      vertex  2.222787e+001  1.374848e+001  5.000000e+000
      vertex  2.188563e+001  1.431901e+001  5.000000e+000
    endloop
  endfacet
  facet normal  0.000000e+000  0.000000e+000  1.000000e+000
    outer loop
      vertex  1.950000e+001  1.400000e+001  5.000000e+000
      vertex  2.188563e+001  1.431901e+001  5.000000e+000
      vertex  2.142606e+001  1.480007e+001  5.000000e+000
    endloop
  endfacet
  facet normal  0.000000e+000  0.000000e+000  1.000000e+000
    outer loop
      vertex  1.950000e+001  1.400000e+001  5.000000e+000
      vertex  2.142606e+001  1.480007e+001  5.000000e+000
      vertex  2.087176e+001  1.516801e+001  5.000000e+000
    endloop
  endfacet
  facet normal  0.000000e+000  0.000000e+000  1.000000e+000
    outer loop
      vertex  1.950000e+001  1.400000e+001  5.000000e+000
      vertex  2.087176e+001  1.516801e+001  5.000000e+000
      vertex  2.025000e+001  1.540474e+001  5.000000e+000
    endloop
  endfacet
  facet normal  0.000000e+000  -0.000000e+000  1.000000e+000
    outer loop
      vertex  1.950000e+001  1.400000e+001  5.000000e+000
      vertex  2.025000e+001  1.540474e+001  5.000000e+000
      vertex  2.025000e+001  1.650000e+001  5.000000e+000
    endloop
  endfacet
  facet normal  0.000000e+000  0.000000e+000  1.000000e+000
    outer loop
      vertex  1.950000e+001  1.400000e+001  5.000000e+000
      vertex  2.025000e+001  1.650000e+001  5.000000e+000
      vertex  1.875000e+001  1.650000e+001  5.000000e+000
    endloop
  endfacet
  facet normal  0.000000e+000  0.000000e+000  1.000000e+000
    outer loop
      vertex  1.950000e+001  1.400000e+001  5.000000e+000
      vertex  1.875000e+001  1.650000e+001  5.000000e+000
      vertex  1.875000e+001  1.540474e+001  5.000000e+000
    endloop
  endfacet
  facet normal  0.000000e+000  0.000000e+000  1.000000e+000
    outer loop
      vertex  1.950000e+001  1.400000e+001  5.000000e+000
      vertex  1.875000e+001  1.540474e+001  5.000000e+000
      vertex  1.812824e+001  1.516801e+001  5.000000e+000
    endloop
  endfacet
  facet normal  0.000000e+000  0.000000e+000  1.000000e+000
    outer loop
      vertex  1.950000e+001  1.400000e+001  5.000000e+000
      vertex  1.812824e+001  1.516801e+001  5.000000e+000
      vertex  1.757394e+001  1.480007e+001  5.000000e+000
    endloop
  endfacet
  facet normal  0.000000e+000  0.000000e+000  1.000000e+000
    outer loop
      vertex  1.950000e+001  1.400000e+001  5.000000e+000
      vertex  1.757394e+001  1.480007e+001  5.000000e+000
      vertex  1.711437e+001  1.431901e+001  5.000000e+000
    endloop
  endfacet
  facet normal  0.000000e+000  0.000000e+000  1.000000e+000
    outer loop
      vertex  1.950000e+001  1.400000e+001  5.000000e+000
      vertex  1.711437e+001  1.431901e+001  5.000000e+000
      vertex  1.677213e+001  1.374848e+001  5.000000e+000
    endloop
  endfacet
  facet normal  0.000000e+000  0.000000e+000  1.000000e+000
    outer loop
      vertex  1.950000e+001  1.400000e+001  5.000000e+000
      vertex  1.677213e+001  1.374848e+001  5.000000e+000
      vertex  1.903647e+001  1.392659e+001  5.000000e+000
    endloop
  endfacet
  facet normal  0.000000e+000  -0.000000e+000  1.000000e+000
    outer loop
      vertex  1.950000e+001  9.500000e+000  5.000000e+000
      vertex  2.016120e+001  9.573771e+000  5.000000e+000
      vertex  2.078988e+001  9.791455e+000  5.000000e+000
    endloop
  endfacet
  facet normal  0.000000e+000  -0.000000e+000  1.000000e+000
    outer loop
      vertex  1.950000e+001  9.500000e+000  5.000000e+000
      vertex  2.078988e+001  9.791455e+000  5.000000e+000
      vertex  2.135512e+001  1.014235e+001  5.000000e+000
    endloop
  endfacet
  facet normal  0.000000e+000  -0.000000e+000  1.000000e+000
    outer loop
      vertex  1.950000e+001  9.500000e+000  5.000000e+000
      vertex  2.135512e+001  1.014235e+001  5.000000e+000
      vertex  2.182913e+001  1.060919e+001  5.000000e+000
    endloop
  endfacet
  facet normal  0.000000e+000  0.000000e+000  9.999999e-001
    outer loop
      vertex  1.950000e+001  9.500000e+000  5.000000e+000
      vertex  2.182913e+001  1.060919e+001  5.000000e+000
      vertex  1.950000e+001  1.100000e+001  5.000000e+000
    endloop
  endfacet
  facet normal  0.000000e+000  0.000000e+000  9.999999e-001
    outer loop
      vertex  1.950000e+001  9.500000e+000  5.000000e+000
      vertex  1.950000e+001  1.100000e+001  5.000000e+000
      vertex  1.717087e+001  1.060919e+001  5.000000e+000
    endloop
  endfacet
  facet normal  0.000000e+000  0.000000e+000  1.000000e+000
    outer loop
      vertex  1.950000e+001  9.500000e+000  5.000000e+000
      vertex  1.717087e+001  1.060919e+001  5.000000e+000
      vertex  1.764488e+001  1.014235e+001  5.000000e+000
    endloop
  endfacet
  facet normal  0.000000e+000  0.000000e+000  1.000000e+000
    outer loop
      vertex  1.950000e+001  9.500000e+000  5.000000e+000
      vertex  1.764488e+001  1.014235e+001  5.000000e+000
      vertex  1.821012e+001  9.791455e+000  5.000000e+000
    endloop
  endfacet
  facet normal  0.000000e+000  0.000000e+000  1.000000e+000
    outer loop
      vertex  1.950000e+001  9.500000e+000  5.000000e+000
      vertex  1.821012e+001  9.791455e+000  5.000000e+000
      vertex  1.883880e+001  9.573771e+000  5.000000e+000
    endloop
  endfacet
  facet normal  0.000000e+000  0.000000e+000  1.000000e+000
    outer loop
      vertex  1.656404e+001  1.311656e+001  5.000000e+000
      vertex  1.828647e+001  1.338168e+001  5.000000e+000
      vertex  1.677213e+001  1.374848e+001  5.000000e+000
    endloop
  endfacet
  facet normal  0.000000e+000  0.000000e+000  1.000000e+000
    outer loop
      vertex  1.677213e+001  1.374848e+001  5.000000e+000
      vertex  1.828647e+001  1.338168e+001  5.000000e+000
      vertex  1.861832e+001  1.371353e+001  5.000000e+000
    endloop
  endfacet
  facet normal  0.000000e+000  -0.000000e+000  1.000000e+000
    outer loop
      vertex  1.677213e+001  1.374848e+001  5.000000e+000
      vertex  1.861832e+001  1.371353e+001  5.000000e+000
      vertex  1.903647e+001  1.392659e+001  5.000000e+000
    endloop
  endfacet
  facet normal  0.000000e+000  0.000000e+000  1.000000e+000
    outer loop
      vertex  1.807342e+001  1.296353e+001  5.000000e+000
      vertex  1.656404e+001  1.311656e+001  5.000000e+000
      vertex  1.800000e+001  1.250000e+001  5.000000e+000
    endloop
  endfacet
  facet normal  0.000000e+000  0.000000e+000  1.000000e+000
    outer loop
      vertex  1.800000e+001  1.250000e+001  5.000000e+000
      vertex  1.656404e+001  1.311656e+001  5.000000e+000
      vertex  1.650035e+001  1.245432e+001  5.000000e+000
    endloop
  endfacet
  facet normal  -0.000000e+000  0.000000e+000  1.000000e+000
    outer loop
      vertex  1.800000e+001  1.250000e+001  5.000000e+000
      vertex  1.650035e+001  1.245432e+001  5.000000e+000
      vertex  1.807342e+001  1.203647e+001  5.000000e+000
    endloop
  endfacet
  facet normal  0.000000e+000  0.000000e+000  1.000000e+000
    outer loop
      vertex  1.807342e+001  1.203647e+001  5.000000e+000
      vertex  1.650035e+001  1.245432e+001  5.000000e+000
      vertex  1.658418e+001  1.179432e+001  5.000000e+000
    endloop
  endfacet
  facet normal  -0.000000e+000  0.000000e+000  9.999999e-001
    outer loop
      vertex  1.807342e+001  1.203647e+001  5.000000e+000
      vertex  1.658418e+001  1.179432e+001  5.000000e+000
      vertex  1.828647e+001  1.161832e+001  5.000000e+000
    endloop
  endfacet
  facet normal  0.000000e+000  0.000000e+000  1.000000e+000
    outer loop
      vertex  1.828647e+001  1.161832e+001  5.000000e+000
      vertex  1.658418e+001  1.179432e+001  5.000000e+000
      vertex  1.861832e+001  1.128647e+001  5.000000e+000
    endloop
  endfacet
  facet normal  0.000000e+000  0.000000e+000  1.000000e+000
    outer loop
      vertex  1.861832e+001  1.128647e+001  5.000000e+000
      vertex  1.658418e+001  1.179432e+001  5.000000e+000
      vertex  1.681141e+001  1.116903e+001  5.000000e+000
    endloop
  endfacet
  facet normal  -0.000000e+000  0.000000e+000  1.000000e+000
    outer loop
      vertex  1.861832e+001  1.128647e+001  5.000000e+000
      vertex  1.681141e+001  1.116903e+001  5.000000e+000
      vertex  1.903647e+001  1.107341e+001  5.000000e+000
    endloop
  endfacet
  facet normal  0.000000e+000  0.000000e+000  1.000000e+000
    outer loop
      vertex  1.717087e+001  1.060919e+001  5.000000e+000
      vertex  1.950000e+001  1.100000e+001  5.000000e+000
      vertex  1.681141e+001  1.116903e+001  5.000000e+000
    endloop
  endfacet
  facet normal  0.000000e+000  0.000000e+000  9.999999e-001
    outer loop
      vertex  1.681141e+001  1.116903e+001  5.000000e+000
      vertex  1.950000e+001  1.100000e+001  5.000000e+000
      vertex  1.903647e+001  1.107341e+001  5.000000e+000
    endloop
  endfacet
  facet normal  0.000000e+000  0.000000e+000  1.000000e+000
    outer loop
      vertex  2.071353e+001  1.338168e+001  5.000000e+000
      vertex  2.243596e+001  1.311656e+001  5.000000e+000
      vertex  2.038168e+001  1.371353e+001  5.000000e+000
    endloop
  endfacet
  facet normal  -0.000000e+000  0.000000e+000  1.000000e+000
    outer loop
      vertex  2.038168e+001  1.371353e+001  5.000000e+000
      vertex  2.243596e+001  1.311656e+001  5.000000e+000
      vertex  2.222787e+001  1.374848e+001  5.000000e+000
    endloop
  endfacet
  facet normal  0.000000e+000  0.000000e+000  1.000000e+000
    outer loop
      vertex  2.038168e+001  1.371353e+001  5.000000e+000
      vertex  2.222787e+001  1.374848e+001  5.000000e+000
      vertex  1.996353e+001  1.392659e+001  5.000000e+000
    endloop
  endfacet
  facet normal  -0.000000e+000  0.000000e+000  1.000000e+000
    outer loop
      vertex  2.243596e+001  1.311656e+001  5.000000e+000
      vertex  2.092658e+001  1.296353e+001  5.000000e+000
      vertex  2.249965e+001  1.245432e+001  5.000000e+000
    endloop
  endfacet
  facet normal  0.000000e+000  0.000000e+000  1.000000e+000
    outer loop
      vertex  2.249965e+001  1.245432e+001  5.000000e+000
      vertex  2.092658e+001  1.296353e+001  5.000000e+000
      vertex  2.100000e+001  1.250000e+001  5.000000e+000
    endloop
  endfacet
  facet normal  0.000000e+000  0.000000e+000  1.000000e+000
    outer loop
      vertex  2.249965e+001  1.245432e+001  5.000000e+000
      vertex  2.100000e+001  1.250000e+001  5.000000e+000
      vertex  2.241582e+001  1.179432e+001  5.000000e+000
    endloop
  endfacet
  facet normal  0.000000e+000  0.000000e+000  1.000000e+000
    outer loop
      vertex  2.241582e+001  1.179432e+001  5.000000e+000
      vertex  2.100000e+001  1.250000e+001  5.000000e+000
      vertex  2.092658e+001  1.203647e+001  5.000000e+000
    endloop
  endfacet
  facet normal  0.000000e+000  0.000000e+000  9.999999e-001
    outer loop
      vertex  2.241582e+001  1.179432e+001  5.000000e+000
      vertex  2.092658e+001  1.203647e+001  5.000000e+000
      vertex  2.071353e+001  1.161832e+001  5.000000e+000
    endloop
  endfacet
  facet normal  -0.000000e+000  0.000000e+000  1.000000e+000
    outer loop
      vertex  2.241582e+001  1.179432e+001  5.000000e+000
      vertex  2.071353e+001  1.161832e+001  5.000000e+000
      vertex  2.218859e+001  1.116903e+001  5.000000e+000
    endloop
  endfacet
  facet normal  0.000000e+000  0.000000e+000  1.000000e+000
    outer loop
      vertex  2.218859e+001  1.116903e+001  5.000000e+000
      vertex  2.071353e+001  1.161832e+001  5.000000e+000
      vertex  2.038168e+001  1.128647e+001  5.000000e+000
    endloop
  endfacet
  facet normal  0.000000e+000  0.000000e+000  1.000000e+000
    outer loop
      vertex  2.218859e+001  1.116903e+001  5.000000e+000
      vertex  2.038168e+001  1.128647e+001  5.000000e+000
      vertex  1.996353e+001  1.107341e+001  5.000000e+000
    endloop
  endfacet
  facet normal  0.000000e+000  0.000000e+000  1.000000e+000
    outer loop
      vertex  1.950000e+001  1.100000e+001  5.000000e+000
      vertex  2.182913e+001  1.060919e+001  5.000000e+000
      vertex  1.996353e+001  1.107341e+001  5.000000e+000
    endloop
  endfacet
  facet normal  -0.000000e+000  0.000000e+000  1.000000e+000
    outer loop
      vertex  1.996353e+001  1.107341e+001  5.000000e+000
      vertex  2.182913e+001  1.060919e+001  5.000000e+000
      vertex  2.218859e+001  1.116903e+001  5.000000e+000
    endloop
  endfacet
  facet normal  0.000000e+000 -1.000000e+000  -0.000000e+000
    outer loop
      vertex  3.500000e+001  1.650000e+001  1.500000e+000
      vertex  3.500000e+001  1.650000e+001  1.000000e+001
      vertex  3.125000e+001  1.650000e+001  7.000000e+000
    endloop
  endfacet
  facet normal  0.000000e+000 -1.000000e+000  0.000000e+000
    outer loop
      vertex  3.500000e+001  1.650000e+001  1.500000e+000
      vertex  3.125000e+001  1.650000e+001  7.000000e+000
      vertex  3.125000e+001  1.650000e+001  4.500000e+000
    endloop
  endfacet
  facet normal  -0.000000e+000 -1.000000e+000  -0.000000e+000
    outer loop
      vertex  3.500000e+001  1.650000e+001  1.500000e+000
      vertex  3.125000e+001  1.650000e+001  4.500000e+000
      vertex  2.575000e+001  1.650000e+001  4.500000e+000
    endloop
  endfacet
  facet normal  0.000000e+000 -1.000000e+000  -0.000000e+000
    outer loop
      vertex  3.500000e+001  1.650000e+001  1.500000e+000
      vertex  2.575000e+001  1.650000e+001  4.500000e+000
      vertex  2.025000e+001  1.650000e+001  1.500000e+000
    endloop
  endfacet
  facet normal  0.000000e+000 -9.999999e-001  -0.000000e+000
    outer loop
      vertex  1.875000e+001  1.650000e+001  1.500000e+000
      vertex  1.875000e+001  1.650000e+001  5.000000e+000
      vertex -3.500000e+001  1.650000e+001  1.500000e+000
    endloop
  endfacet
  facet normal  0.000000e+000 -9.999999e-001  0.000000e+000
    outer loop
      vertex -3.500000e+001  1.650000e+001  1.500000e+000
      vertex  1.875000e+001  1.650000e+001  5.000000e+000
      vertex  2.575000e+001  1.650000e+001  7.000000e+000
    endloop
  endfacet
  facet normal  -0.000000e+000 -1.000000e+000  0.000000e+000
    outer loop
      vertex -3.500000e+001  1.650000e+001  1.500000e+000
      vertex  2.575000e+001  1.650000e+001  7.000000e+000
      vertex -3.500000e+001  1.650000e+001  1.000000e+001
    endloop
  endfacet
  facet normal  0.000000e+000 -1.000000e+000  0.000000e+000
    outer loop
      vertex -3.500000e+001  1.650000e+001  1.000000e+001
      vertex  2.575000e+001  1.650000e+001  7.000000e+000
      vertex  3.125000e+001  1.650000e+001  7.000000e+000
    endloop
  endfacet
  facet normal  0.000000e+000 -1.000000e+000  0.000000e+000
    outer loop
      vertex -3.500000e+001  1.650000e+001  1.000000e+001
      vertex  3.125000e+001  1.650000e+001  7.000000e+000
      vertex  3.500000e+001  1.650000e+001  1.000000e+001
    endloop
  endfacet
  facet normal  0.000000e+000 -1.000000e+000  0.000000e+000
    outer loop
      vertex  1.875000e+001  1.650000e+001  5.000000e+000
      vertex  2.025000e+001  1.650000e+001  5.000000e+000
      vertex  2.575000e+001  1.650000e+001  7.000000e+000
    endloop
  endfacet
  facet normal  0.000000e+000 -1.000000e+000  0.000000e+000
    outer loop
      vertex  2.575000e+001  1.650000e+001  7.000000e+000
      vertex  2.025000e+001  1.650000e+001  5.000000e+000
      vertex  2.025000e+001  1.650000e+001  1.500000e+000
    endloop
  endfacet
  facet normal  0.000000e+000 -9.999999e-001  0.000000e+000
    outer loop
      vertex  2.575000e+001  1.650000e+001  7.000000e+000
      vertex  2.025000e+001  1.650000e+001  1.500000e+000
      vertex  2.575000e+001  1.650000e+001  4.500000e+000
    endloop
  endfacet
  facet normal  0.000000e+000  1.000000e+000  0.000000e+000
    outer loop
      vertex -3.500000e+001  1.800000e+001  9.000000e+000
      vertex  2.575000e+001  1.800000e+001  7.000000e+000
      vertex -3.500000e+001  1.800000e+001  0.000000e+000
    endloop
  endfacet
  facet normal  0.000000e+000  1.000000e+000  0.000000e+000
    outer loop
      vertex -3.500000e+001  1.800000e+001  0.000000e+000
      vertex  2.575000e+001  1.800000e+001  7.000000e+000
      vertex  2.575000e+001  1.800000e+001  4.500000e+000
    endloop
  endfacet
  facet normal  0.000000e+000  1.000000e+000  0.000000e+000
    outer loop
      vertex -3.500000e+001  1.800000e+001  0.000000e+000
      vertex  2.575000e+001  1.800000e+001  4.500000e+000
      vertex  3.500000e+001  1.800000e+001  0.000000e+000
    endloop
  endfacet
  facet normal  0.000000e+000  1.000000e+000  0.000000e+000
    outer loop
      vertex  3.500000e+001  1.800000e+001  0.000000e+000
      vertex  2.575000e+001  1.800000e+001  4.500000e+000
      vertex  3.125000e+001  1.800000e+001  4.500000e+000
    endloop
  endfacet
  facet normal  -0.000000e+000  1.000000e+000  0.000000e+000
    outer loop
      vertex  3.500000e+001  1.800000e+001  0.000000e+000
      vertex  3.125000e+001  1.800000e+001  4.500000e+000
      vertex  3.500000e+001  1.800000e+001  9.000000e+000
    endloop
  endfacet
  facet normal  0.000000e+000  1.000000e+000  0.000000e+000
    outer loop
      vertex  3.500000e+001  1.800000e+001  9.000000e+000
      vertex  3.125000e+001  1.800000e+001  4.500000e+000
      vertex  3.125000e+001  1.800000e+001  7.000000e+000
    endloop
  endfacet
  facet normal  0.000000e+000  1.000000e+000  -0.000000e+000
    outer loop
      vertex  3.500000e+001  1.800000e+001  9.000000e+000
      vertex  3.125000e+001  1.800000e+001  7.000000e+000
      vertex -3.500000e+001  1.800000e+001  9.000000e+000
    endloop
  endfacet
  facet normal  0.000000e+000  1.000000e+000  0.000000e+000
    outer loop
      vertex -3.500000e+001  1.800000e+001  9.000000e+000
      vertex  3.125000e+001  1.800000e+001  7.000000e+000
      vertex  2.575000e+001  1.800000e+001  7.000000e+000
    endloop
  endfacet
  facet normal  0.000000e+000  0.000000e+000 -1.000000e+000
    outer loop
      vertex  3.125000e+001  1.800000e+001  7.000000e+000
      vertex  3.125000e+001  1.650000e+001  7.000000e+000
      vertex  2.575000e+001  1.800000e+001  7.000000e+000
    endloop
  endfacet
  facet normal  0.000000e+000  0.000000e+000 -1.000000e+000
    outer loop
      vertex  2.575000e+001  1.800000e+001  7.000000e+000
      vertex  3.125000e+001  1.650000e+001  7.000000e+000
      vertex  2.575000e+001  1.650000e+001  7.000000e+000
    endloop
  endfacet
  facet normal -1.000000e+000  0.000000e+000  0.000000e+000
    outer loop
      vertex  3.125000e+001  1.800000e+001  4.500000e+000
      vertex  3.125000e+001  1.650000e+001  4.500000e+000
      vertex  3.125000e+001  1.800000e+001  7.000000e+000
    endloop
  endfacet
  facet normal -1.000000e+000  -0.000000e+000  0.000000e+000
    outer loop
      vertex  3.125000e+001  1.800000e+001  7.000000e+000
      vertex  3.125000e+001  1.650000e+001  4.500000e+000
      vertex  3.125000e+001  1.650000e+001  7.000000e+000
    endloop
  endfacet
  facet normal  0.000000e+000  0.000000e+000  1.000000e+000
    outer loop
      vertex  2.575000e+001  1.800000e+001  4.500000e+000
      vertex  2.575000e+001  1.650000e+001  4.500000e+000
      vertex  3.125000e+001  1.800000e+001  4.500000e+000
    endloop
  endfacet
  facet normal  0.000000e+000  0.000000e+000  1.000000e+000
    outer loop
      vertex  3.125000e+001  1.800000e+001  4.500000e+000
      vertex  2.575000e+001  1.650000e+001  4.500000e+000
      vertex  3.125000e+001  1.650000e+001  4.500000e+000
    endloop
  endfacet
  facet normal  1.000000e+000  -0.000000e+000  0.000000e+000
    outer loop
      vertex  2.575000e+001  1.800000e+001  7.000000e+000
      vertex  2.575000e+001  1.650000e+001  7.000000e+000
      vertex  2.575000e+001  1.800000e+001  4.500000e+000
    endloop
  endfacet
  facet normal  1.000000e+000  0.000000e+000  0.000000e+000
    outer loop
      vertex  2.575000e+001  1.800000e+001  4.500000e+000
      vertex  2.575000e+001  1.650000e+001  7.000000e+000
      vertex  2.575000e+001  1.650000e+001  4.500000e+000
    endloop
  endfacet
  facet normal  0.000000e+000 -1.000000e+000  0.000000e+000
    outer loop
      vertex  1.075000e+001 -1.725000e+001  5.900000e+000
      vertex  1.075000e+001 -1.725000e+001  5.000000e+000
      vertex  1.290000e+001 -1.725000e+001  5.900000e+000
    endloop
  endfacet
  facet normal  0.000000e+000 -1.000000e+000  -0.000000e+000
    outer loop
      vertex  1.290000e+001 -1.725000e+001  5.900000e+000
      vertex  1.075000e+001 -1.725000e+001  5.000000e+000
      vertex  1.327279e+001 -1.725000e+001  5.000000e+000
    endloop
  endfacet
  facet normal  0.000000e+000 -1.000000e+000  0.000000e+000
    outer loop
      vertex  1.290000e+001 -1.725000e+001  5.900000e+000
      vertex  1.327279e+001 -1.725000e+001  5.000000e+000
      vertex  1.700000e+001 -1.725000e+001  1.000000e+001
    endloop
  endfacet
  facet normal  0.000000e+000 -1.000000e+000  -0.000000e+000
    outer loop
      vertex  1.700000e+001 -1.725000e+001  1.000000e+001
      vertex  1.327279e+001 -1.725000e+001  5.000000e+000
      vertex  1.727279e+001 -1.725000e+001  9.000000e+000
    endloop
  endfacet
  facet normal  0.000000e+000 -1.000000e+000  0.000000e+000
    outer loop
      vertex  1.700000e+001 -1.725000e+001  1.000000e+001
      vertex  1.727279e+001 -1.725000e+001  9.000000e+000
      vertex  3.500000e+001 -1.725000e+001  1.000000e+001
    endloop
  endfacet
  facet normal  0.000000e+000 -1.000000e+000  -0.000000e+000
    outer loop
      vertex  3.500000e+001 -1.725000e+001  1.000000e+001
      vertex  1.727279e+001 -1.725000e+001  9.000000e+000
      vertex  3.500000e+001 -1.725000e+001  9.000000e+000
    endloop
  endfacet
  facet normal  0.000000e+000 -1.000000e+000  0.000000e+000
    outer loop
      vertex -3.500000e+001 -1.725000e+001  1.000000e+001
      vertex -3.500000e+001 -1.725000e+001  9.000000e+000
      vertex -1.700000e+001 -1.725000e+001  1.000000e+001
    endloop
  endfacet
  facet normal  0.000000e+000 -1.000000e+000  0.000000e+000
    outer loop
      vertex -1.700000e+001 -1.725000e+001  1.000000e+001
      vertex -3.500000e+001 -1.725000e+001  9.000000e+000
      vertex -1.727279e+001 -1.725000e+001  9.000000e+000
    endloop
  endfacet
  facet normal  0.000000e+000 -1.000000e+000  0.000000e+000
    outer loop
      vertex -1.700000e+001 -1.725000e+001  1.000000e+001
      vertex -1.727279e+001 -1.725000e+001  9.000000e+000
      vertex -1.290000e+001 -1.725000e+001  5.900000e+000
    endloop
  endfacet
  facet normal  -0.000000e+000 -1.000000e+000  0.000000e+000
    outer loop
      vertex -1.290000e+001 -1.725000e+001  5.900000e+000
      vertex -1.727279e+001 -1.725000e+001  9.000000e+000
      vertex -1.327279e+001 -1.725000e+001  5.000000e+000
    endloop
  endfacet
  facet normal  0.000000e+000 -1.000000e+000  0.000000e+000
    outer loop
      vertex -1.290000e+001 -1.725000e+001  5.900000e+000
      vertex -1.327279e+001 -1.725000e+001  5.000000e+000
      vertex -1.075000e+001 -1.725000e+001  5.900000e+000
    endloop
  endfacet
  facet normal  0.000000e+000 -1.000000e+000  -0.000000e+000
    outer loop
      vertex -1.075000e+001 -1.725000e+001  5.900000e+000
      vertex -1.327279e+001 -1.725000e+001  5.000000e+000
      vertex -1.075000e+001 -1.725000e+001  5.000000e+000
    endloop
  endfacet
  facet normal -7.071067e-001  0.000000e+000  7.071069e-001
    outer loop
      vertex  1.327279e+001 -1.725000e+001  5.000000e+000
      vertex  1.327279e+001 -1.800000e+001  5.000000e+000
      vertex  1.727279e+001 -1.725000e+001  9.000000e+000
    endloop
  endfacet
  facet normal -7.071067e-001  0.000000e+000  7.071069e-001
    outer loop
      vertex  1.727279e+001 -1.725000e+001  9.000000e+000
      vertex  1.327279e+001 -1.800000e+001  5.000000e+000
      vertex  1.727279e+001 -1.800000e+001  9.000000e+000
    endloop
  endfacet
  facet normal  1.000000e+000  -0.000000e+000  0.000000e+000
    outer loop
      vertex  1.075000e+001 -1.725000e+001  5.900000e+000
      vertex  1.075000e+001 -1.800000e+001  5.900000e+000
      vertex  1.075000e+001 -1.725000e+001  5.000000e+000
    endloop
  endfacet
  facet normal  1.000000e+000  0.000000e+000  0.000000e+000
    outer loop
      vertex  1.075000e+001 -1.725000e+001  5.000000e+000
      vertex  1.075000e+001 -1.800000e+001  5.900000e+000
      vertex  1.075000e+001 -1.800000e+001  5.000000e+000
    endloop
  endfacet
  facet normal -1.000000e+000  0.000000e+000  0.000000e+000
    outer loop
      vertex -1.075000e+001 -1.725000e+001  5.000000e+000
      vertex -1.075000e+001 -1.800000e+001  5.000000e+000
      vertex -1.075000e+001 -1.725000e+001  5.900000e+000
    endloop
  endfacet
  facet normal -1.000000e+000  -0.000000e+000  0.000000e+000
    outer loop
      vertex -1.075000e+001 -1.725000e+001  5.900000e+000
      vertex -1.075000e+001 -1.800000e+001  5.000000e+000
      vertex -1.075000e+001 -1.800000e+001  5.900000e+000
    endloop
  endfacet
  facet normal  7.071067e-001  -0.000000e+000  7.071069e-001
    outer loop
      vertex -1.727279e+001 -1.725000e+001  9.000000e+000
      vertex -1.727279e+001 -1.800000e+001  9.000000e+000
      vertex -1.327279e+001 -1.725000e+001  5.000000e+000
    endloop
  endfacet
  facet normal  7.071067e-001  0.000000e+000  7.071069e-001
    outer loop
      vertex -1.327279e+001 -1.725000e+001  5.000000e+000
      vertex -1.727279e+001 -1.800000e+001  9.000000e+000
      vertex -1.327279e+001 -1.800000e+001  5.000000e+000
    endloop
  endfacet
  facet normal -7.071067e-001  0.000000e+000  7.071068e-001
    outer loop
      vertex  1.700000e+001 -1.725000e+001  1.000000e+001
      vertex  1.700000e+001 -1.650000e+001  1.000000e+001
      vertex  1.290000e+001 -1.725000e+001  5.900000e+000
    endloop
  endfacet
  facet normal -7.071067e-001  0.000000e+000  7.071068e-001
    outer loop
      vertex  1.290000e+001 -1.725000e+001  5.900000e+000
      vertex  1.700000e+001 -1.650000e+001  1.000000e+001
      vertex  1.290000e+001 -1.650000e+001  5.900000e+000
    endloop
  endfacet
  facet normal  0.000000e+000  0.000000e+000  1.000000e+000
    outer loop
      vertex  1.075000e+001 -1.725000e+001  5.900000e+000
      vertex  1.290000e+001 -1.725000e+001  5.900000e+000
      vertex  1.075000e+001 -1.650000e+001  5.900000e+000
    endloop
  endfacet
  facet normal  -0.000000e+000  0.000000e+000  1.000000e+000
    outer loop
      vertex  1.075000e+001 -1.650000e+001  5.900000e+000
      vertex  1.290000e+001 -1.725000e+001  5.900000e+000
      vertex  1.290000e+001 -1.650000e+001  5.900000e+000
    endloop
  endfacet
  facet normal  7.071067e-001  0.000000e+000  7.071068e-001
    outer loop
      vertex -1.700000e+001 -1.725000e+001  1.000000e+001
      vertex -1.290000e+001 -1.725000e+001  5.900000e+000
      vertex -1.700000e+001 -1.650000e+001  1.000000e+001
    endloop
  endfacet
  facet normal  7.071067e-001  0.000000e+000  7.071068e-001
    outer loop
      vertex -1.700000e+001 -1.650000e+001  1.000000e+001
      vertex -1.290000e+001 -1.725000e+001  5.900000e+000
      vertex -1.290000e+001 -1.650000e+001  5.900000e+000
    endloop
  endfacet
  facet normal  0.000000e+000  0.000000e+000  1.000000e+000
    outer loop
      vertex -1.290000e+001 -1.725000e+001  5.900000e+000
      vertex -1.075000e+001 -1.725000e+001  5.900000e+000
      vertex -1.290000e+001 -1.650000e+001  5.900000e+000
    endloop
  endfacet
  facet normal  -0.000000e+000  0.000000e+000  1.000000e+000
    outer loop
      vertex -1.290000e+001 -1.650000e+001  5.900000e+000
      vertex -1.075000e+001 -1.725000e+001  5.900000e+000
      vertex -1.075000e+001 -1.650000e+001  5.900000e+000
    endloop
  endfacet
  facet normal  0.000000e+000 -1.000000e+000  0.000000e+000
    outer loop
      vertex  1.075000e+001 -1.800000e+001  5.900000e+000
      vertex  1.067795e+001 -1.800000e+001  5.168411e+000
      vertex  1.075000e+001 -1.800000e+001  5.000000e+000
    endloop
  endfacet
  facet normal  0.000000e+000 -1.000000e+000  0.000000e+000
    outer loop
      vertex  1.067795e+001 -1.800000e+001  5.168411e+000
      vertex  1.046455e+001 -1.800000e+001  4.464937e+000
      vertex  1.075000e+001 -1.800000e+001  5.000000e+000
    endloop
  endfacet
  facet normal  0.000000e+000 -1.000000e+000  -0.000000e+000
    outer loop
      vertex -1.046455e+001 -1.800000e+001  4.464937e+000
      vertex -1.067795e+001 -1.800000e+001  5.168411e+000
      vertex -1.075000e+001 -1.800000e+001  5.000000e+000
    endloop
  endfacet
  facet normal  0.000000e+000 -1.000000e+000  0.000000e+000
    outer loop
      vertex -1.067795e+001 -1.800000e+001  5.168411e+000
      vertex -1.075000e+001 -1.800000e+001  5.900000e+000
      vertex -1.075000e+001 -1.800000e+001  5.000000e+000
    endloop
  endfacet
  facet normal  0.000000e+000 -1.000000e+000  0.000000e+000
    outer loop
      vertex -1.327279e+001 -1.800000e+001  5.000000e+000
      vertex -9.083388e+000 -1.800000e+001  2.781989e+000
      vertex -9.651650e+000 -1.800000e+001  3.248350e+000
    endloop
  endfacet
  facet normal  0.000000e+000 -1.000000e+000  0.000000e+000
    outer loop
      vertex -1.327279e+001 -1.800000e+001  5.000000e+000
      vertex -9.651650e+000 -1.800000e+001  3.248350e+000
      vertex -1.011801e+001 -1.800000e+001  3.816612e+000
    endloop
  endfacet
  facet normal  0.000000e+000 -9.999999e-001  0.000000e+000
    outer loop
      vertex -1.327279e+001 -1.800000e+001  5.000000e+000
      vertex -1.011801e+001 -1.800000e+001  3.816612e+000
      vertex -1.046455e+001 -1.800000e+001  4.464937e+000
    endloop
  endfacet
  facet normal  0.000000e+000 -1.000000e+000  0.000000e+000
    outer loop
      vertex -1.327279e+001 -1.800000e+001  5.000000e+000
      vertex -1.046455e+001 -1.800000e+001  4.464937e+000
      vertex -1.075000e+001 -1.800000e+001  5.000000e+000
    endloop
  endfacet
  facet normal  0.000000e+000 -1.000000e+000  0.000000e+000
    outer loop
      vertex -3.500000e+001 -1.800000e+001  0.000000e+000
      vertex  3.500000e+001 -1.800000e+001  0.000000e+000
      vertex  2.664535e-015 -1.800000e+001  2.150000e+000
    endloop
  endfacet
  facet normal  -0.000000e+000 -1.000000e+000  0.000000e+000
    outer loop
      vertex -3.500000e+001 -1.800000e+001  0.000000e+000
      vertex  2.664535e-015 -1.800000e+001  2.150000e+000
      vertex -7.000000e+000 -1.800000e+001  2.150000e+000
    endloop
  endfacet
  facet normal  -0.000000e+000 -1.000000e+000  0.000000e+000
    outer loop
      vertex -3.500000e+001 -1.800000e+001  0.000000e+000
      vertex -7.000000e+000 -1.800000e+001  2.150000e+000
      vertex -7.731589e+000 -1.800000e+001  2.222055e+000
    endloop
  endfacet
  facet normal  -0.000000e+000 -9.999999e-001  0.000000e+000
    outer loop
      vertex -3.500000e+001 -1.800000e+001  0.000000e+000
      vertex -7.731589e+000 -1.800000e+001  2.222055e+000
      vertex -8.435062e+000 -1.800000e+001  2.435452e+000
    endloop
  endfacet
  facet normal  -0.000000e+000 -1.000000e+000  0.000000e+000
    outer loop
      vertex -3.500000e+001 -1.800000e+001  0.000000e+000
      vertex -8.435062e+000 -1.800000e+001  2.435452e+000
      vertex -9.083388e+000 -1.800000e+001  2.781989e+000
    endloop
  endfacet
  facet normal  -0.000000e+000 -9.999999e-001  0.000000e+000
    outer loop
      vertex -3.500000e+001 -1.800000e+001  0.000000e+000
      vertex -9.083388e+000 -1.800000e+001  2.781989e+000
      vertex -1.327279e+001 -1.800000e+001  5.000000e+000
    endloop
  endfacet
  facet normal  -0.000000e+000 -1.000000e+000  0.000000e+000
    outer loop
      vertex -3.500000e+001 -1.800000e+001  0.000000e+000
      vertex -1.327279e+001 -1.800000e+001  5.000000e+000
      vertex -1.727279e+001 -1.800000e+001  9.000000e+000
    endloop
  endfacet
  facet normal  -0.000000e+000 -1.000000e+000  0.000000e+000
    outer loop
      vertex -3.500000e+001 -1.800000e+001  0.000000e+000
      vertex -1.727279e+001 -1.800000e+001  9.000000e+000
      vertex -3.500000e+001 -1.800000e+001  9.000000e+000
    endloop
  endfacet
  facet normal  -0.000000e+000 -1.000000e+000  -0.000000e+000
    outer loop
      vertex  3.500000e+001 -1.800000e+001  0.000000e+000
      vertex  3.500000e+001 -1.800000e+001  9.000000e+000
      vertex  1.727279e+001 -1.800000e+001  9.000000e+000
    endloop
  endfacet
  facet normal  0.000000e+000 -9.999999e-001  -0.000000e+000
    outer loop
      vertex  3.500000e+001 -1.800000e+001  0.000000e+000
      vertex  1.727279e+001 -1.800000e+001  9.000000e+000
      vertex  1.327279e+001 -1.800000e+001  5.000000e+000
    endloop
  endfacet
  facet normal  -0.000000e+000 -1.000000e+000  -0.000000e+000
    outer loop
      vertex  3.500000e+001 -1.800000e+001  0.000000e+000
      vertex  1.327279e+001 -1.800000e+001  5.000000e+000
      vertex  1.075000e+001 -1.800000e+001  5.000000e+000
    endloop
  endfacet
  facet normal  0.000000e+000 -1.000000e+000  -0.000000e+000
    outer loop
      vertex  3.500000e+001 -1.800000e+001  0.000000e+000
      vertex  1.075000e+001 -1.800000e+001  5.000000e+000
      vertex  1.046455e+001 -1.800000e+001  4.464937e+000
    endloop
  endfacet
  facet normal  0.000000e+000 -1.000000e+000  -0.000000e+000
    outer loop
      vertex  3.500000e+001 -1.800000e+001  0.000000e+000
      vertex  1.046455e+001 -1.800000e+001  4.464937e+000
      vertex  1.011801e+001 -1.800000e+001  3.816612e+000
    endloop
  endfacet
  facet normal  0.000000e+000 -9.999999e-001  -0.000000e+000
    outer loop
      vertex  3.500000e+001 -1.800000e+001  0.000000e+000
      vertex  1.011801e+001 -1.800000e+001  3.816612e+000
      vertex  9.651650e+000 -1.800000e+001  3.248350e+000
    endloop
  endfacet
  facet normal  0.000000e+000 -1.000000e+000  -0.000000e+000
    outer loop
      vertex  3.500000e+001 -1.800000e+001  0.000000e+000
      vertex  9.651650e+000 -1.800000e+001  3.248350e+000
      vertex  9.083388e+000 -1.800000e+001  2.781989e+000
    endloop
  endfacet
  facet normal  0.000000e+000 -1.000000e+000  -0.000000e+000
    outer loop
      vertex  3.500000e+001 -1.800000e+001  0.000000e+000
      vertex  9.083388e+000 -1.800000e+001  2.781989e+000
      vertex  8.435062e+000 -1.800000e+001  2.435452e+000
    endloop
  endfacet
  facet normal  0.000000e+000 -9.999999e-001  -0.000000e+000
    outer loop
      vertex  3.500000e+001 -1.800000e+001  0.000000e+000
      vertex  8.435062e+000 -1.800000e+001  2.435452e+000
      vertex  7.731589e+000 -1.800000e+001  2.222055e+000
    endloop
  endfacet
  facet normal  0.000000e+000 -1.000000e+000  -0.000000e+000
    outer loop
      vertex  3.500000e+001 -1.800000e+001  0.000000e+000
      vertex  7.731589e+000 -1.800000e+001  2.222055e+000
      vertex  7.000000e+000 -1.800000e+001  2.150000e+000
    endloop
  endfacet
  facet normal  -0.000000e+000 -1.000000e+000  -0.000000e+000
    outer loop
      vertex  3.500000e+001 -1.800000e+001  0.000000e+000
      vertex  7.000000e+000 -1.800000e+001  2.150000e+000
      vertex  2.664535e-015 -1.800000e+001  2.150000e+000
    endloop
  endfacet
  facet normal  0.000000e+000  0.000000e+000  9.999999e-001
    outer loop
      vertex -3.500000e+001 -1.725000e+001  9.000000e+000
      vertex -3.790275e+001 -1.741549e+001  9.000000e+000
      vertex -1.727279e+001 -1.725000e+001  9.000000e+000
    endloop
  endfacet
  facet normal  -0.000000e+000  0.000000e+000  1.000000e+000
    outer loop
      vertex -3.874155e+001 -1.611812e+001  9.000000e+000
      vertex -3.961231e+001 -1.641410e+001  9.000000e+000
      vertex -3.787903e+001 -1.660522e+001  9.000000e+000
    endloop
  endfacet
  facet normal  0.000000e+000  -0.000000e+000  1.000000e+000
    outer loop
      vertex -4.035306e+001 -1.575308e+001  9.000000e+000
      vertex -3.961231e+001 -1.641410e+001  9.000000e+000
      vertex -3.874155e+001 -1.611812e+001  9.000000e+000
    endloop
  endfacet
  facet normal  0.000000e+000  0.000000e+000  1.000000e+000
    outer loop
      vertex -4.035306e+001 -1.575308e+001  9.000000e+000
      vertex -3.874155e+001 -1.611812e+001  9.000000e+000
      vertex -3.952349e+001 -1.551004e+001  9.000000e+000
    endloop
  endfacet
  facet normal  0.000000e+000  0.000000e+000  1.000000e+000
    outer loop
      vertex -4.035306e+001 -1.575308e+001  9.000000e+000
      vertex -3.952349e+001 -1.551004e+001  9.000000e+000
      vertex -3.998423e+001 -1.551004e+001  9.000000e+000
    endloop
  endfacet
  facet normal  0.000000e+000  0.000000e+000  9.999999e-001
    outer loop
      vertex -4.035306e+001 -1.575308e+001  9.000000e+000
      vertex -3.998423e+001 -1.551004e+001  9.000000e+000
      vertex -4.001114e+001 -1.502228e+001  9.000000e+000
    endloop
  endfacet
  facet normal  0.000000e+000  0.000000e+000  9.999999e-001
    outer loop
      vertex -4.035306e+001 -1.575308e+001  9.000000e+000
      vertex -4.001114e+001 -1.502228e+001  9.000000e+000
      vertex -4.100000e+001 -1.500000e+001  9.000000e+000
    endloop
  endfacet
  facet normal  0.000000e+000  0.000000e+000  1.000000e+000
    outer loop
      vertex -1.727279e+001 -1.800000e+001  9.000000e+000
      vertex -1.727279e+001 -1.725000e+001  9.000000e+000
      vertex -3.790275e+001 -1.741549e+001  9.000000e+000
    endloop
  endfacet
  facet normal  0.000000e+000  0.000000e+000  1.000000e+000
    outer loop
      vertex -1.727279e+001 -1.800000e+001  9.000000e+000
      vertex -3.790275e+001 -1.741549e+001  9.000000e+000
      vertex -3.696390e+001 -1.773831e+001  9.000000e+000
    endloop
  endfacet
  facet normal  0.000000e+000  0.000000e+000  9.999999e-001
    outer loop
      vertex -1.727279e+001 -1.800000e+001  9.000000e+000
      vertex -3.696390e+001 -1.773831e+001  9.000000e+000
      vertex -3.599063e+001 -1.793429e+001  9.000000e+000
    endloop
  endfacet
  facet normal  0.000000e+000  0.000000e+000  1.000000e+000
    outer loop
      vertex -1.727279e+001 -1.800000e+001  9.000000e+000
      vertex -3.599063e+001 -1.793429e+001  9.000000e+000
      vertex -3.500000e+001 -1.800000e+001  9.000000e+000
    endloop
  endfacet
  facet normal  0.000000e+000  0.000000e+000  1.000000e+000
    outer loop
      vertex -4.100000e+001 -1.500000e+001  9.000000e+000
      vertex -4.001114e+001 -1.502228e+001  9.000000e+000
      vertex -4.082143e+001 -1.486607e+001  9.000000e+000
    endloop
  endfacet
  facet normal  -0.000000e+000  0.000000e+000  9.999999e-001
    outer loop
      vertex -4.082143e+001 -1.486607e+001  9.000000e+000
      vertex -4.001114e+001 -1.502228e+001  9.000000e+000
      vertex -4.014781e+001 -1.486607e+001  9.000000e+000
    endloop
  endfacet
  facet normal  0.000000e+000  0.000000e+000  1.000000e+000
    outer loop
      vertex -3.787903e+001 -1.660522e+001  9.000000e+000
      vertex -3.961231e+001 -1.641410e+001  9.000000e+000
      vertex -3.695451e+001 -1.696084e+001  9.000000e+000
    endloop
  endfacet
  facet normal  0.000000e+000  0.000000e+000  1.000000e+000
    outer loop
      vertex -3.695451e+001 -1.696084e+001  9.000000e+000
      vertex -3.961231e+001 -1.641410e+001  9.000000e+000
      vertex -3.879074e+001 -1.697150e+001  9.000000e+000
    endloop
  endfacet
  facet normal  -0.000000e+000  0.000000e+000  9.999999e-001
    outer loop
      vertex -3.695451e+001 -1.696084e+001  9.000000e+000
      vertex -3.879074e+001 -1.697150e+001  9.000000e+000
      vertex -3.598789e+001 -1.717732e+001  9.000000e+000
    endloop
  endfacet
  facet normal  0.000000e+000  0.000000e+000  1.000000e+000
    outer loop
      vertex -3.598789e+001 -1.717732e+001  9.000000e+000
      vertex -3.879074e+001 -1.697150e+001  9.000000e+000
      vertex -3.790275e+001 -1.741549e+001  9.000000e+000
    endloop
  endfacet
  facet normal  0.000000e+000  0.000000e+000  1.000000e+000
    outer loop
      vertex -3.598789e+001 -1.717732e+001  9.000000e+000
      vertex -3.790275e+001 -1.741549e+001  9.000000e+000
      vertex -3.500000e+001 -1.725000e+001  9.000000e+000
    endloop
  endfacet
  facet normal  -0.000000e+000  0.000000e+000  9.999999e-001
    outer loop
      vertex  3.500000e+001 -1.725000e+001  9.000000e+000
      vertex  1.727279e+001 -1.725000e+001  9.000000e+000
      vertex  3.790275e+001 -1.741549e+001  9.000000e+000
    endloop
  endfacet
  facet normal  0.000000e+000  -0.000000e+000  1.000000e+000
    outer loop
      vertex  1.727279e+001 -1.800000e+001  9.000000e+000
      vertex  3.500000e+001 -1.800000e+001  9.000000e+000
      vertex  3.599063e+001 -1.793429e+001  9.000000e+000
    endloop
  endfacet
  facet normal  0.000000e+000  -0.000000e+000  9.999999e-001
    outer loop
      vertex  1.727279e+001 -1.800000e+001  9.000000e+000
      vertex  3.599063e+001 -1.793429e+001  9.000000e+000
      vertex  3.696390e+001 -1.773831e+001  9.000000e+000
    endloop
  endfacet
  facet normal  0.000000e+000  -0.000000e+000  1.000000e+000
    outer loop
      vertex  1.727279e+001 -1.800000e+001  9.000000e+000
      vertex  3.696390e+001 -1.773831e+001  9.000000e+000
      vertex  3.790275e+001 -1.741549e+001  9.000000e+000
    endloop
  endfacet
  facet normal  0.000000e+000  0.000000e+000  1.000000e+000
    outer loop
      vertex  1.727279e+001 -1.800000e+001  9.000000e+000
      vertex  3.790275e+001 -1.741549e+001  9.000000e+000
      vertex  1.727279e+001 -1.725000e+001  9.000000e+000
    endloop
  endfacet
  facet normal  -0.000000e+000  0.000000e+000  1.000000e+000
    outer loop
      vertex  4.082143e+001 -1.486607e+001  9.000000e+000
      vertex  4.014781e+001 -1.486607e+001  9.000000e+000
      vertex  4.100000e+001 -1.500000e+001  9.000000e+000
    endloop
  endfacet
  facet normal  0.000000e+000  0.000000e+000  1.000000e+000
    outer loop
      vertex  4.100000e+001 -1.500000e+001  9.000000e+000
      vertex  4.014781e+001 -1.486607e+001  9.000000e+000
      vertex  4.001114e+001 -1.502228e+001  9.000000e+000
    endloop
  endfacet
  facet normal  -0.000000e+000  0.000000e+000  9.999999e-001
    outer loop
      vertex  4.100000e+001 -1.500000e+001  9.000000e+000
      vertex  4.001114e+001 -1.502228e+001  9.000000e+000
      vertex  4.035306e+001 -1.575308e+001  9.000000e+000
    endloop
  endfacet
  facet normal  0.000000e+000  0.000000e+000  1.000000e+000
    outer loop
      vertex  4.035306e+001 -1.575308e+001  9.000000e+000
      vertex  4.001114e+001 -1.502228e+001  9.000000e+000
      vertex  3.998423e+001 -1.551004e+001  9.000000e+000
    endloop
  endfacet
  facet normal  0.000000e+000  0.000000e+000  1.000000e+000
    outer loop
      vertex  4.035306e+001 -1.575308e+001  9.000000e+000
      vertex  3.998423e+001 -1.551004e+001  9.000000e+000
      vertex  3.952349e+001 -1.551004e+001  9.000000e+000
    endloop
  endfacet
  facet normal  0.000000e+000  0.000000e+000  1.000000e+000
    outer loop
      vertex  4.035306e+001 -1.575308e+001  9.000000e+000
      vertex  3.952349e+001 -1.551004e+001  9.000000e+000
      vertex  3.961231e+001 -1.641410e+001  9.000000e+000
    endloop
  endfacet
  facet normal  0.000000e+000  0.000000e+000  1.000000e+000
    outer loop
      vertex  3.961231e+001 -1.641410e+001  9.000000e+000
      vertex  3.952349e+001 -1.551004e+001  9.000000e+000
      vertex  3.874155e+001 -1.611812e+001  9.000000e+000
    endloop
  endfacet
  facet normal  0.000000e+000  0.000000e+000  1.000000e+000
    outer loop
      vertex  3.961231e+001 -1.641410e+001  9.000000e+000
      vertex  3.874155e+001 -1.611812e+001  9.000000e+000
      vertex  3.787903e+001 -1.660522e+001  9.000000e+000
    endloop
  endfacet
  facet normal  -0.000000e+000  0.000000e+000  1.000000e+000
    outer loop
      vertex  3.961231e+001 -1.641410e+001  9.000000e+000
      vertex  3.787903e+001 -1.660522e+001  9.000000e+000
      vertex  3.879074e+001 -1.697150e+001  9.000000e+000
    endloop
  endfacet
  facet normal  0.000000e+000  0.000000e+000  1.000000e+000
    outer loop
      vertex  3.879074e+001 -1.697150e+001  9.000000e+000
      vertex  3.787903e+001 -1.660522e+001  9.000000e+000
      vertex  3.695451e+001 -1.696084e+001  9.000000e+000
    endloop
  endfacet
  facet normal  0.000000e+000  0.000000e+000  1.000000e+000
    outer loop
      vertex  3.879074e+001 -1.697150e+001  9.000000e+000
      vertex  3.695451e+001 -1.696084e+001  9.000000e+000
      vertex  3.790275e+001 -1.741549e+001  9.000000e+000
    endloop
  endfacet
  facet normal  0.000000e+000  0.000000e+000  9.999999e-001
    outer loop
      vertex  3.790275e+001 -1.741549e+001  9.000000e+000
      vertex  3.695451e+001 -1.696084e+001  9.000000e+000
      vertex  3.598789e+001 -1.717732e+001  9.000000e+000
    endloop
  endfacet
  facet normal  0.000000e+000  0.000000e+000  1.000000e+000
    outer loop
      vertex  3.790275e+001 -1.741549e+001  9.000000e+000
      vertex  3.598789e+001 -1.717732e+001  9.000000e+000
      vertex  3.500000e+001 -1.725000e+001  9.000000e+000
    endloop
  endfacet
  facet normal  0.000000e+000  0.000000e+000  1.000000e+000
    outer loop
      vertex  1.075000e+001 -1.800000e+001  5.000000e+000
      vertex  1.327279e+001 -1.800000e+001  5.000000e+000
      vertex  1.075000e+001 -1.725000e+001  5.000000e+000
    endloop
  endfacet
  facet normal  -0.000000e+000  0.000000e+000  1.000000e+000
    outer loop
      vertex  1.075000e+001 -1.725000e+001  5.000000e+000
      vertex  1.327279e+001 -1.800000e+001  5.000000e+000
      vertex  1.327279e+001 -1.725000e+001  5.000000e+000
    endloop
  endfacet
  facet normal  0.000000e+000  0.000000e+000  1.000000e+000
    outer loop
      vertex -1.327279e+001 -1.800000e+001  5.000000e+000
      vertex -1.075000e+001 -1.800000e+001  5.000000e+000
      vertex -1.327279e+001 -1.725000e+001  5.000000e+000
    endloop
  endfacet
  facet normal  -0.000000e+000  0.000000e+000  1.000000e+000
    outer loop
      vertex -1.327279e+001 -1.725000e+001  5.000000e+000
      vertex -1.075000e+001 -1.800000e+001  5.000000e+000
      vertex -1.075000e+001 -1.725000e+001  5.000000e+000
    endloop
  endfacet
  facet normal -9.951848e-001  0.000000e+000  9.801667e-002
    outer loop
      vertex  1.075000e+001 -1.725000e+001  5.900000e+000
      vertex  1.067795e+001 -1.800000e+001  5.168411e+000
      vertex  1.075000e+001 -1.800000e+001  5.900000e+000
    endloop
  endfacet
  facet normal -7.730101e-001  0.000000e+000  6.343938e-001
    outer loop
      vertex  9.651650e+000 -1.650000e+001  3.248350e+000
      vertex  1.011801e+001 -1.800000e+001  3.816612e+000
      vertex  1.011801e+001 -1.650000e+001  3.816612e+000
    endloop
  endfacet
  facet normal -8.819216e-001  0.000000e+000  4.713961e-001
    outer loop
      vertex  1.011801e+001 -1.650000e+001  3.816612e+000
      vertex  1.011801e+001 -1.800000e+001  3.816612e+000
      vertex  1.046455e+001 -1.800000e+001  4.464937e+000
    endloop
  endfacet
  facet normal -8.819216e-001  0.000000e+000  4.713961e-001
    outer loop
      vertex  1.011801e+001 -1.650000e+001  3.816612e+000
      vertex  1.046455e+001 -1.800000e+001  4.464937e+000
      vertex  1.046455e+001 -1.650000e+001  4.464937e+000
    endloop
  endfacet
  facet normal -9.569402e-001  0.000000e+000  2.902853e-001
    outer loop
      vertex  1.046455e+001 -1.650000e+001  4.464937e+000
      vertex  1.046455e+001 -1.800000e+001  4.464937e+000
      vertex  1.067795e+001 -1.800000e+001  5.168411e+000
    endloop
  endfacet
  facet normal -9.569402e-001  0.000000e+000  2.902853e-001
    outer loop
      vertex  1.046455e+001 -1.650000e+001  4.464937e+000
      vertex  1.067795e+001 -1.800000e+001  5.168411e+000
      vertex  1.067795e+001 -1.650000e+001  5.168411e+000
    endloop
  endfacet
  facet normal -9.951848e-001  0.000000e+000  9.801667e-002
    outer loop
      vertex  1.067795e+001 -1.650000e+001  5.168411e+000
      vertex  1.067795e+001 -1.800000e+001  5.168411e+000
      vertex  1.075000e+001 -1.725000e+001  5.900000e+000
    endloop
  endfacet
  facet normal -9.951848e-001  0.000000e+000  9.801667e-002
    outer loop
      vertex  1.067795e+001 -1.650000e+001  5.168411e+000
      vertex  1.075000e+001 -1.725000e+001  5.900000e+000
      vertex  1.075000e+001 -1.650000e+001  5.900000e+000
    endloop
  endfacet
  facet normal -7.730101e-001  0.000000e+000  6.343938e-001
    outer loop
      vertex  1.011801e+001 -1.800000e+001  3.816612e+000
      vertex  9.651650e+000 -1.650000e+001  3.248350e+000
      vertex  9.651650e+000 -1.800000e+001  3.248350e+000
    endloop
  endfacet
  facet normal -6.343934e-001  0.000000e+000  7.730103e-001
    outer loop
      vertex  9.651650e+000 -1.800000e+001  3.248350e+000
      vertex  9.651650e+000 -1.650000e+001  3.248350e+000
      vertex  9.083388e+000 -1.650000e+001  2.781989e+000
    endloop
  endfacet
  facet normal -6.343934e-001  0.000000e+000  7.730103e-001
    outer loop
      vertex  9.651650e+000 -1.800000e+001  3.248350e+000
      vertex  9.083388e+000 -1.650000e+001  2.781989e+000
      vertex  9.083388e+000 -1.800000e+001  2.781989e+000
    endloop
  endfacet
  facet normal -4.713964e-001  0.000000e+000  8.819215e-001
    outer loop
      vertex  9.083388e+000 -1.800000e+001  2.781989e+000
      vertex  9.083388e+000 -1.650000e+001  2.781989e+000
      vertex  8.435062e+000 -1.650000e+001  2.435452e+000
    endloop
  endfacet
  facet normal -4.713964e-001  0.000000e+000  8.819215e-001
    outer loop
      vertex  9.083388e+000 -1.800000e+001  2.781989e+000
      vertex  8.435062e+000 -1.650000e+001  2.435452e+000
      vertex  8.435062e+000 -1.800000e+001  2.435452e+000
    endloop
  endfacet
  facet normal -2.902849e-001  0.000000e+000  9.569402e-001
    outer loop
      vertex  8.435062e+000 -1.800000e+001  2.435452e+000
      vertex  8.435062e+000 -1.650000e+001  2.435452e+000
      vertex  7.731589e+000 -1.650000e+001  2.222055e+000
    endloop
  endfacet
  facet normal -2.902849e-001  0.000000e+000  9.569402e-001
    outer loop
      vertex  8.435062e+000 -1.800000e+001  2.435452e+000
      vertex  7.731589e+000 -1.650000e+001  2.222055e+000
      vertex  7.731589e+000 -1.800000e+001  2.222055e+000
    endloop
  endfacet
  facet normal -9.801700e-002  0.000000e+000  9.951848e-001
    outer loop
      vertex  7.731589e+000 -1.800000e+001  2.222055e+000
      vertex  7.731589e+000 -1.650000e+001  2.222055e+000
      vertex  7.000000e+000 -1.650000e+001  2.150000e+000
    endloop
  endfacet
  facet normal -9.801700e-002  0.000000e+000  9.951848e-001
    outer loop
      vertex  7.731589e+000 -1.800000e+001  2.222055e+000
      vertex  7.000000e+000 -1.650000e+001  2.150000e+000
      vertex  7.000000e+000 -1.800000e+001  2.150000e+000
    endloop
  endfacet
  facet normal  9.951848e-001  0.000000e+000  9.801667e-002
    outer loop
      vertex -1.075000e+001 -1.725000e+001  5.900000e+000
      vertex -1.067795e+001 -1.650000e+001  5.168411e+000
      vertex -1.075000e+001 -1.650000e+001  5.900000e+000
    endloop
  endfacet
  facet normal  6.343934e-001  -0.000000e+000  7.730103e-001
    outer loop
      vertex -9.651650e+000 -1.650000e+001  3.248350e+000
      vertex -9.083388e+000 -1.800000e+001  2.781989e+000
      vertex -9.083388e+000 -1.650000e+001  2.781989e+000
    endloop
  endfacet
  facet normal  4.713964e-001  0.000000e+000  8.819215e-001
    outer loop
      vertex -9.083388e+000 -1.650000e+001  2.781989e+000
      vertex -9.083388e+000 -1.800000e+001  2.781989e+000
      vertex -8.435062e+000 -1.800000e+001  2.435452e+000
    endloop
  endfacet
  facet normal  4.713964e-001  -0.000000e+000  8.819215e-001
    outer loop
      vertex -9.083388e+000 -1.650000e+001  2.781989e+000
      vertex -8.435062e+000 -1.800000e+001  2.435452e+000
      vertex -8.435062e+000 -1.650000e+001  2.435452e+000
    endloop
  endfacet
  facet normal  2.902849e-001  0.000000e+000  9.569402e-001
    outer loop
      vertex -8.435062e+000 -1.650000e+001  2.435452e+000
      vertex -8.435062e+000 -1.800000e+001  2.435452e+000
      vertex -7.731589e+000 -1.800000e+001  2.222055e+000
    endloop
  endfacet
  facet normal  2.902849e-001  -0.000000e+000  9.569402e-001
    outer loop
      vertex -8.435062e+000 -1.650000e+001  2.435452e+000
      vertex -7.731589e+000 -1.800000e+001  2.222055e+000
      vertex -7.731589e+000 -1.650000e+001  2.222055e+000
    endloop
  endfacet
  facet normal  9.801700e-002  0.000000e+000  9.951848e-001
    outer loop
      vertex -7.731589e+000 -1.650000e+001  2.222055e+000
      vertex -7.731589e+000 -1.800000e+001  2.222055e+000
      vertex -7.000000e+000 -1.800000e+001  2.150000e+000
    endloop
  endfacet
  facet normal  9.801700e-002  -0.000000e+000  9.951848e-001
    outer loop
      vertex -7.731589e+000 -1.650000e+001  2.222055e+000
      vertex -7.000000e+000 -1.800000e+001  2.150000e+000
      vertex -7.000000e+000 -1.650000e+001  2.150000e+000
    endloop
  endfacet
  facet normal  6.343934e-001  0.000000e+000  7.730103e-001
    outer loop
      vertex -9.083388e+000 -1.800000e+001  2.781989e+000
      vertex -9.651650e+000 -1.650000e+001  3.248350e+000
      vertex -9.651650e+000 -1.800000e+001  3.248350e+000
    endloop
  endfacet
  facet normal  7.730101e-001  -0.000000e+000  6.343938e-001
    outer loop
      vertex -9.651650e+000 -1.800000e+001  3.248350e+000
      vertex -9.651650e+000 -1.650000e+001  3.248350e+000
      vertex -1.011801e+001 -1.650000e+001  3.816612e+000
    endloop
  endfacet
  facet normal  7.730101e-001  0.000000e+000  6.343938e-001
    outer loop
      vertex -9.651650e+000 -1.800000e+001  3.248350e+000
      vertex -1.011801e+001 -1.650000e+001  3.816612e+000
      vertex -1.011801e+001 -1.800000e+001  3.816612e+000
    endloop
  endfacet
  facet normal  8.819216e-001  -0.000000e+000  4.713961e-001
    outer loop
      vertex -1.011801e+001 -1.800000e+001  3.816612e+000
      vertex -1.011801e+001 -1.650000e+001  3.816612e+000
      vertex -1.046455e+001 -1.650000e+001  4.464937e+000
    endloop
  endfacet
  facet normal  8.819216e-001  0.000000e+000  4.713961e-001
    outer loop
      vertex -1.011801e+001 -1.800000e+001  3.816612e+000
      vertex -1.046455e+001 -1.650000e+001  4.464937e+000
      vertex -1.046455e+001 -1.800000e+001  4.464937e+000
    endloop
  endfacet
  facet normal  9.569402e-001  -0.000000e+000  2.902853e-001
    outer loop
      vertex -1.046455e+001 -1.800000e+001  4.464937e+000
      vertex -1.046455e+001 -1.650000e+001  4.464937e+000
      vertex -1.067795e+001 -1.650000e+001  5.168411e+000
    endloop
  endfacet
  facet normal  9.569402e-001  0.000000e+000  2.902853e-001
    outer loop
      vertex -1.046455e+001 -1.800000e+001  4.464937e+000
      vertex -1.067795e+001 -1.650000e+001  5.168411e+000
      vertex -1.067795e+001 -1.800000e+001  5.168411e+000
    endloop
  endfacet
  facet normal  9.951848e-001  -0.000000e+000  9.801667e-002
    outer loop
      vertex -1.067795e+001 -1.800000e+001  5.168411e+000
      vertex -1.067795e+001 -1.650000e+001  5.168411e+000
      vertex -1.075000e+001 -1.725000e+001  5.900000e+000
    endloop
  endfacet
  facet normal  9.951848e-001  0.000000e+000  9.801667e-002
    outer loop
      vertex -1.067795e+001 -1.800000e+001  5.168411e+000
      vertex -1.075000e+001 -1.725000e+001  5.900000e+000
      vertex -1.075000e+001 -1.800000e+001  5.900000e+000
    endloop
  endfacet
  facet normal  6.000108e-001 -7.999919e-001  0.000000e+000
    outer loop
      vertex -4.100000e+001 -1.500000e+001  9.000000e+000
      vertex -4.095467e+001 -1.496600e+001  9.495742e+000
      vertex -4.100000e+001 -1.500000e+001  1.000000e+001
    endloop
  endfacet
  facet normal  6.000027e-001 -7.999979e-001  1.144603e-006
    outer loop
      vertex -4.100000e+001 -1.500000e+001  9.000000e+000
      vertex -4.082143e+001 -1.486607e+001  9.000000e+000
      vertex -4.095467e+001 -1.496600e+001  9.495742e+000
    endloop
  endfacet
  facet normal  6.000027e-001  7.999979e-001  1.148811e-006
    outer loop
      vertex -4.100000e+001  1.500000e+001  9.000000e+000
      vertex -4.095467e+001  1.496600e+001  9.495742e+000
      vertex -4.082143e+001  1.486607e+001  9.000000e+000
    endloop
  endfacet
  facet normal  6.000108e-001  7.999919e-001  0.000000e+000
    outer loop
      vertex -4.100000e+001  1.500000e+001  9.000000e+000
      vertex -4.100000e+001  1.500000e+001  1.000000e+001
      vertex -4.095467e+001  1.496600e+001  9.495742e+000
    endloop
  endfacet
  facet normal -6.000108e-001  7.999919e-001  0.000000e+000
    outer loop
      vertex  4.100000e+001  1.500000e+001  9.000000e+000
      vertex  4.095467e+001  1.496600e+001  9.495742e+000
      vertex  4.100000e+001  1.500000e+001  1.000000e+001
    endloop
  endfacet
  facet normal -6.000027e-001  7.999979e-001  1.144603e-006
    outer loop
      vertex  4.100000e+001  1.500000e+001  9.000000e+000
      vertex  4.082143e+001  1.486607e+001  9.000000e+000
      vertex  4.095467e+001  1.496600e+001  9.495742e+000
    endloop
  endfacet
  facet normal  0.000000e+000  0.000000e+000  1.000000e+000
    outer loop
      vertex  3.790275e+001  1.741549e+001  9.000000e+000
      vertex  3.696390e+001  1.773831e+001  9.000000e+000
      vertex -3.696390e+001  1.773831e+001  9.000000e+000
    endloop
  endfacet
  facet normal  0.000000e+000  0.000000e+000  1.000000e+000
    outer loop
      vertex  3.790275e+001  1.741549e+001  9.000000e+000
      vertex -3.696390e+001  1.773831e+001  9.000000e+000
      vertex -3.790275e+001  1.741549e+001  9.000000e+000
    endloop
  endfacet
  facet normal  -0.000000e+000  0.000000e+000  1.000000e+000
    outer loop
      vertex  3.790275e+001  1.741549e+001  9.000000e+000
      vertex -3.790275e+001  1.741549e+001  9.000000e+000
      vertex -3.500000e+001  1.725000e+001  9.000000e+000
    endloop
  endfacet
  facet normal  0.000000e+000  0.000000e+000  1.000000e+000
    outer loop
      vertex  3.790275e+001  1.741549e+001  9.000000e+000
      vertex -3.500000e+001  1.725000e+001  9.000000e+000
      vertex  3.500000e+001  1.725000e+001  9.000000e+000
    endloop
  endfacet
  facet normal  -0.000000e+000  0.000000e+000  1.000000e+000
    outer loop
      vertex  3.790275e+001  1.741549e+001  9.000000e+000
      vertex  3.500000e+001  1.725000e+001  9.000000e+000
      vertex  3.598789e+001  1.717732e+001  9.000000e+000
    endloop
  endfacet
  facet normal  -0.000000e+000  0.000000e+000  1.000000e+000
    outer loop
      vertex  3.790275e+001  1.741549e+001  9.000000e+000
      vertex  3.598789e+001  1.717732e+001  9.000000e+000
      vertex  3.879074e+001  1.697150e+001  9.000000e+000
    endloop
  endfacet
  facet normal  0.000000e+000  0.000000e+000  9.999999e-001
    outer loop
      vertex -3.998424e+001  1.551005e+001  9.000000e+000
      vertex -3.952348e+001  1.551005e+001  9.000000e+000
      vertex -4.035306e+001  1.575308e+001  9.000000e+000
    endloop
  endfacet
  facet normal  -0.000000e+000  0.000000e+000  1.000000e+000
    outer loop
      vertex -4.035306e+001  1.575308e+001  9.000000e+000
      vertex -3.952348e+001  1.551005e+001  9.000000e+000
      vertex -3.874154e+001  1.611813e+001  9.000000e+000
    endloop
  endfacet
  facet normal  0.000000e+000  0.000000e+000  1.000000e+000
    outer loop
      vertex -4.035306e+001  1.575308e+001  9.000000e+000
      vertex -3.874154e+001  1.611813e+001  9.000000e+000
      vertex -3.961231e+001  1.641410e+001  9.000000e+000
    endloop
  endfacet
  facet normal  -0.000000e+000  0.000000e+000  1.000000e+000
    outer loop
      vertex -3.961231e+001  1.641410e+001  9.000000e+000
      vertex -3.874154e+001  1.611813e+001  9.000000e+000
      vertex -3.787902e+001  1.660522e+001  9.000000e+000
    endloop
  endfacet
  facet normal  0.000000e+000  0.000000e+000  1.000000e+000
    outer loop
      vertex -3.961231e+001  1.641410e+001  9.000000e+000
      vertex -3.787902e+001  1.660522e+001  9.000000e+000
      vertex -3.879074e+001  1.697150e+001  9.000000e+000
    endloop
  endfacet
  facet normal  0.000000e+000  0.000000e+000  1.000000e+000
    outer loop
      vertex -3.879074e+001  1.697150e+001  9.000000e+000
      vertex -3.787902e+001  1.660522e+001  9.000000e+000
      vertex -3.695450e+001  1.696084e+001  9.000000e+000
    endloop
  endfacet
  facet normal  0.000000e+000  0.000000e+000  1.000000e+000
    outer loop
      vertex -3.879074e+001  1.697150e+001  9.000000e+000
      vertex -3.695450e+001  1.696084e+001  9.000000e+000
      vertex -3.790275e+001  1.741549e+001  9.000000e+000
    endloop
  endfacet
  facet normal  0.000000e+000  0.000000e+000  1.000000e+000
    outer loop
      vertex -3.790275e+001  1.741549e+001  9.000000e+000
      vertex -3.695450e+001  1.696084e+001  9.000000e+000
      vertex -3.598789e+001  1.717732e+001  9.000000e+000
    endloop
  endfacet
  facet normal  0.000000e+000  -0.000000e+000  1.000000e+000
    outer loop
      vertex -3.790275e+001  1.741549e+001  9.000000e+000
      vertex -3.598789e+001  1.717732e+001  9.000000e+000
      vertex -3.500000e+001  1.725000e+001  9.000000e+000
    endloop
  endfacet
  facet normal  0.000000e+000  0.000000e+000  1.000000e+000
    outer loop
      vertex  4.014781e+001  1.486607e+001  9.000000e+000
      vertex  4.082143e+001  1.486607e+001  9.000000e+000
      vertex  4.001115e+001  1.502226e+001  9.000000e+000
    endloop
  endfacet
  facet normal  0.000000e+000  0.000000e+000  1.000000e+000
    outer loop
      vertex  4.001115e+001  1.502226e+001  9.000000e+000
      vertex  4.082143e+001  1.486607e+001  9.000000e+000
      vertex  4.100000e+001  1.500000e+001  9.000000e+000
    endloop
  endfacet
  facet normal  0.000000e+000  0.000000e+000  1.000000e+000
    outer loop
      vertex  4.001115e+001  1.502226e+001  9.000000e+000
      vertex  4.100000e+001  1.500000e+001  9.000000e+000
      vertex  3.998424e+001  1.551005e+001  9.000000e+000
    endloop
  endfacet
  facet normal  -0.000000e+000  0.000000e+000  1.000000e+000
    outer loop
      vertex  3.998424e+001  1.551005e+001  9.000000e+000
      vertex  4.100000e+001  1.500000e+001  9.000000e+000
      vertex  4.035306e+001  1.575308e+001  9.000000e+000
    endloop
  endfacet
  facet normal  0.000000e+000  0.000000e+000  9.999999e-001
    outer loop
      vertex  3.998424e+001  1.551005e+001  9.000000e+000
      vertex  4.035306e+001  1.575308e+001  9.000000e+000
      vertex  3.952348e+001  1.551005e+001  9.000000e+000
    endloop
  endfacet
  facet normal  0.000000e+000  -0.000000e+000  1.000000e+000
    outer loop
      vertex  3.952348e+001  1.551005e+001  9.000000e+000
      vertex  4.035306e+001  1.575308e+001  9.000000e+000
      vertex  3.874154e+001  1.611813e+001  9.000000e+000
    endloop
  endfacet
  facet normal  0.000000e+000  0.000000e+000  1.000000e+000
    outer loop
      vertex -4.082143e+001  1.486607e+001  9.000000e+000
      vertex -4.014781e+001  1.486607e+001  9.000000e+000
      vertex -4.100000e+001  1.500000e+001  9.000000e+000
    endloop
  endfacet
  facet normal  -0.000000e+000  0.000000e+000  1.000000e+000
    outer loop
      vertex -4.100000e+001  1.500000e+001  9.000000e+000
      vertex -4.014781e+001  1.486607e+001  9.000000e+000
      vertex -4.001115e+001  1.502226e+001  9.000000e+000
    endloop
  endfacet
  facet normal  0.000000e+000  0.000000e+000  1.000000e+000
    outer loop
      vertex -4.100000e+001  1.500000e+001  9.000000e+000
      vertex -4.001115e+001  1.502226e+001  9.000000e+000
      vertex -4.035306e+001  1.575308e+001  9.000000e+000
    endloop
  endfacet
  facet normal  0.000000e+000  0.000000e+000  1.000000e+000
    outer loop
      vertex -4.035306e+001  1.575308e+001  9.000000e+000
      vertex -4.001115e+001  1.502226e+001  9.000000e+000
      vertex -3.998424e+001  1.551005e+001  9.000000e+000
    endloop
  endfacet
  facet normal  -0.000000e+000  0.000000e+000  1.000000e+000
    outer loop
      vertex  3.500000e+001  1.800000e+001  9.000000e+000
      vertex -3.500000e+001  1.800000e+001  9.000000e+000
      vertex  3.599063e+001  1.793429e+001  9.000000e+000
    endloop
  endfacet
  facet normal  0.000000e+000  0.000000e+000  1.000000e+000
    outer loop
      vertex  3.599063e+001  1.793429e+001  9.000000e+000
      vertex -3.500000e+001  1.800000e+001  9.000000e+000
      vertex -3.599063e+001  1.793429e+001  9.000000e+000
    endloop
  endfacet
  facet normal  -0.000000e+000  0.000000e+000  1.000000e+000
    outer loop
      vertex  3.599063e+001  1.793429e+001  9.000000e+000
      vertex -3.599063e+001  1.793429e+001  9.000000e+000
      vertex  3.696390e+001  1.773831e+001  9.000000e+000
    endloop
  endfacet
  facet normal  0.000000e+000  0.000000e+000  1.000000e+000
    outer loop
      vertex  3.696390e+001  1.773831e+001  9.000000e+000
      vertex -3.599063e+001  1.793429e+001  9.000000e+000
      vertex -3.696390e+001  1.773831e+001  9.000000e+000
    endloop
  endfacet
  facet normal  0.000000e+000  0.000000e+000  1.000000e+000
    outer loop
      vertex  3.874154e+001  1.611813e+001  9.000000e+000
      vertex  4.035306e+001  1.575308e+001  9.000000e+000
      vertex  3.787902e+001  1.660522e+001  9.000000e+000
    endloop
  endfacet
  facet normal  0.000000e+000  0.000000e+000  1.000000e+000
    outer loop
      vertex  3.787902e+001  1.660522e+001  9.000000e+000
      vertex  4.035306e+001  1.575308e+001  9.000000e+000
      vertex  3.961231e+001  1.641410e+001  9.000000e+000
    endloop
  endfacet
  facet normal  0.000000e+000  0.000000e+000  1.000000e+000
    outer loop
      vertex  3.787902e+001  1.660522e+001  9.000000e+000
      vertex  3.961231e+001  1.641410e+001  9.000000e+000
      vertex  3.695450e+001  1.696084e+001  9.000000e+000
    endloop
  endfacet
  facet normal  -0.000000e+000  0.000000e+000  1.000000e+000
    outer loop
      vertex  3.695450e+001  1.696084e+001  9.000000e+000
      vertex  3.961231e+001  1.641410e+001  9.000000e+000
      vertex  3.879074e+001  1.697150e+001  9.000000e+000
    endloop
  endfacet
  facet normal  0.000000e+000  0.000000e+000  1.000000e+000
    outer loop
      vertex  3.695450e+001  1.696084e+001  9.000000e+000
      vertex  3.879074e+001  1.697150e+001  9.000000e+000
      vertex  3.598789e+001  1.717732e+001  9.000000e+000
    endloop
  endfacet
  facet normal  -0.000000e+000  0.000000e+000  1.000000e+000
    outer loop
      vertex  4.003115e+001 -1.500000e+001  1.000000e+001
      vertex  3.987500e+001 -1.500000e+001  1.000000e+001
      vertex  3.987500e+001 -1.516871e+001  1.000000e+001
    endloop
  endfacet
  facet normal  9.618785e-001 -2.734614e-001 -2.911811e-003
    outer loop
      vertex  4.233696e+001 -1.205534e+001  0.000000e+000
      vertex  4.220200e+001 -1.259312e+001  5.925280e+000
      vertex  4.205785e+001 -1.303708e+001  0.000000e+000
    endloop
  endfacet
  facet normal  9.470343e-001 -3.211308e-001  1.020995e-003
    outer loop
      vertex  4.220200e+001 -1.259312e+001  5.925280e+000
      vertex  4.198523e+001 -1.323067e+001  6.466250e+000
      vertex  4.205785e+001 -1.303708e+001  0.000000e+000
    endloop
  endfacet
  facet normal  8.229176e-001 -5.681608e-001  1.830377e-005
    outer loop
      vertex  4.123371e+001 -1.467024e+001  8.436025e+000
      vertex  4.110830e+001 -1.485186e+001  8.948531e+000
      vertex  4.111512e+001 -1.484228e+001  0.000000e+000
    endloop
  endfacet
  facet normal  6.809397e-001 -7.323387e-001 -1.058294e-003
    outer loop
      vertex  3.972149e+001 -1.632731e+001  0.000000e+000
      vertex  4.046894e+001 -1.563232e+001  0.000000e+000
      vertex  4.035306e+001 -1.575308e+001  9.000000e+000
    endloop
  endfacet
  facet normal  6.658177e-001 -7.461140e-001  8.817921e-004
    outer loop
      vertex  4.035306e+001 -1.575308e+001  9.000000e+000
      vertex  3.961231e+001 -1.641410e+001  9.000000e+000
      vertex  3.972149e+001 -1.632731e+001  0.000000e+000
    endloop
  endfacet
  facet normal  5.752044e-001 -8.180092e-001 -9.107927e-004
    outer loop
      vertex  3.888660e+001 -1.691438e+001  0.000000e+000
      vertex  3.972149e+001 -1.632731e+001  0.000000e+000
      vertex  3.961231e+001 -1.641410e+001  9.000000e+000
    endloop
  endfacet
  facet normal  5.614335e-001 -8.275215e-001  7.283795e-004
    outer loop
      vertex  3.961231e+001 -1.641410e+001  9.000000e+000
      vertex  3.879074e+001 -1.697150e+001  9.000000e+000
      vertex  3.888660e+001 -1.691438e+001  0.000000e+000
    endloop
  endfacet
  facet normal  4.588203e-001 -8.885288e-001 -7.516526e-004
    outer loop
      vertex  3.797974e+001 -1.738267e+001  0.000000e+000
      vertex  3.888660e+001 -1.691438e+001  0.000000e+000
      vertex  3.879074e+001 -1.697150e+001  9.000000e+000
    endloop
  endfacet
  facet normal  7.585347e-001 -6.516319e-001  1.023740e-003
    outer loop
      vertex  4.100000e+001 -1.500000e+001  9.000000e+000
      vertex  4.035306e+001 -1.575308e+001  9.000000e+000
      vertex  4.046894e+001 -1.563232e+001  0.000000e+000
    endloop
  endfacet
  facet normal  7.740643e-001 -6.331058e-001 -1.194194e-003
    outer loop
      vertex  4.100000e+001 -1.500000e+001  9.000000e+000
      vertex  4.046894e+001 -1.563232e+001  0.000000e+000
      vertex  4.111512e+001 -1.484228e+001  0.000000e+000
    endloop
  endfacet
  facet normal  8.072718e-001 -5.901798e-001 -1.718035e-005
    outer loop
      vertex  4.100000e+001 -1.500000e+001  9.000000e+000
      vertex  4.111512e+001 -1.484228e+001  0.000000e+000
      vertex  4.110830e+001 -1.485186e+001  8.948531e+000
    endloop
  endfacet
  facet normal  8.071292e-001 -5.903741e-001 -8.762683e-004
    outer loop
      vertex  4.100000e+001 -1.500000e+001  9.000000e+000
      vertex  4.110830e+001 -1.485186e+001  8.948531e+000
      vertex  4.102780e+001 -1.496270e+001  9.471391e+000
    endloop
  endfacet
  facet normal  8.018559e-001 -5.975175e-001  0.000000e+000
    outer loop
      vertex  4.100000e+001 -1.500000e+001  9.000000e+000
      vertex  4.102780e+001 -1.496270e+001  9.471391e+000
      vertex  4.100000e+001 -1.500000e+001  1.000000e+001
    endloop
  endfacet
  facet normal  9.643631e-001  2.645823e-001  0.000000e+000
    outer loop
      vertex  4.208094e+001 -8.028100e+000  0.000000e+000
      vertex  4.208094e+001 -8.028100e+000  3.664591e+000
      vertex  4.235098e+001 -9.012364e+000  0.000000e+000
    endloop
  endfacet
  facet normal  9.560745e-001  2.930080e-001 -8.245591e-003
    outer loop
      vertex  4.235098e+001 -9.012364e+000  0.000000e+000
      vertex  4.208094e+001 -8.028100e+000  3.664591e+000
      vertex  4.223993e+001 -8.542082e+000  3.834920e+000
    endloop
  endfacet
  facet normal  9.738283e-001  2.272850e-001  3.282572e-004
    outer loop
      vertex  4.235098e+001 -9.012364e+000  0.000000e+000
      vertex  4.223993e+001 -8.542082e+000  3.834920e+000
      vertex  4.235896e+001 -9.052346e+000  4.019720e+000
    endloop
  endfacet
  facet normal  9.913557e-001  1.311998e-001 -6.622282e-004
    outer loop
      vertex  4.235098e+001 -9.012364e+000  0.000000e+000
      vertex  4.235896e+001 -9.052346e+000  4.019720e+000
      vertex  4.248489e+001 -1.002418e+001  0.000000e+000
    endloop
  endfacet
  facet normal  9.875895e-001  1.569018e-001 -6.994098e-003
    outer loop
      vertex  4.248489e+001 -1.002418e+001  0.000000e+000
      vertex  4.235896e+001 -9.052346e+000  4.019720e+000
      vertex  4.244024e+001 -9.555083e+000  4.218556e+000
    endloop
  endfacet
  facet normal  9.956368e-001  9.331317e-002  1.620103e-004
    outer loop
      vertex  4.248489e+001 -1.002418e+001  0.000000e+000
      vertex  4.244024e+001 -9.555083e+000  4.218556e+000
      vertex  4.248630e+001 -1.004693e+001  4.430907e+000
    endloop
  endfacet
  facet normal  9.999893e-001 -4.608418e-003 -3.422047e-004
    outer loop
      vertex  4.248489e+001 -1.002418e+001  0.000000e+000
      vertex  4.248630e+001 -1.004693e+001  4.430907e+000
      vertex  4.248019e+001 -1.104480e+001  0.000000e+000
    endloop
  endfacet
  facet normal  9.999981e-001 -1.630406e-003 -1.012887e-003
    outer loop
      vertex  4.248019e+001 -1.104480e+001  0.000000e+000
      vertex  4.248630e+001 -1.004693e+001  4.430907e+000
      vertex  4.248526e+001 -1.097004e+001  4.884871e+000
    endloop
  endfacet
  facet normal  9.901036e-001 -1.403342e-001  1.120335e-003
    outer loop
      vertex  4.248019e+001 -1.104480e+001  0.000000e+000
      vertex  4.248526e+001 -1.097004e+001  4.884871e+000
      vertex  4.233696e+001 -1.205534e+001  0.000000e+000
    endloop
  endfacet
  facet normal  9.925816e-001 -1.215401e-001 -3.130504e-003
    outer loop
      vertex  4.233696e+001 -1.205534e+001  0.000000e+000
      vertex  4.248526e+001 -1.097004e+001  4.884871e+000
      vertex  4.238239e+001 -1.182302e+001  5.384372e+000
    endloop
  endfacet
  facet normal  9.738916e-001 -2.270083e-001  1.577866e-003
    outer loop
      vertex  4.233696e+001 -1.205534e+001  0.000000e+000
      vertex  4.238239e+001 -1.182302e+001  5.384372e+000
      vertex  4.220200e+001 -1.259312e+001  5.925280e+000
    endloop
  endfacet
  facet normal  9.158475e-001 -4.015225e-001 -1.736071e-003
    outer loop
      vertex  4.205785e+001 -1.303708e+001  0.000000e+000
      vertex  4.198523e+001 -1.323067e+001  6.466250e+000
      vertex  4.164804e+001 -1.397182e+001  0.000000e+000
    endloop
  endfacet
  facet normal  9.154110e-001 -4.025173e-001 -1.599290e-003
    outer loop
      vertex  4.164804e+001 -1.397182e+001  0.000000e+000
      vertex  4.198523e+001 -1.323067e+001  6.466250e+000
      vertex  4.174410e+001 -1.378133e+001  7.038785e+000
    endloop
  endfacet
  facet normal  8.839030e-001 -4.676698e-001  5.940073e-004
    outer loop
      vertex  4.164804e+001 -1.397182e+001  0.000000e+000
      vertex  4.174410e+001 -1.378133e+001  7.038785e+000
      vertex  4.150170e+001 -1.423871e+001  7.641019e+000
    endloop
  endfacet
  facet normal  8.528524e-001 -5.221484e-001 -1.903515e-003
    outer loop
      vertex  4.164804e+001 -1.397182e+001  0.000000e+000
      vertex  4.150170e+001 -1.423871e+001  7.641019e+000
      vertex  4.111512e+001 -1.484228e+001  0.000000e+000
    endloop
  endfacet
  facet normal  8.557941e-001 -5.173110e-001 -2.434465e-003
    outer loop
      vertex  4.111512e+001 -1.484228e+001  0.000000e+000
      vertex  4.150170e+001 -1.423871e+001  7.641019e+000
      vertex  4.135988e+001 -1.447517e+001  8.033437e+000
    endloop
  endfacet
  facet normal  8.390118e-001 -5.441126e-001 -6.983641e-004
    outer loop
      vertex  4.111512e+001 -1.484228e+001  0.000000e+000
      vertex  4.135988e+001 -1.447517e+001  8.033437e+000
      vertex  4.123371e+001 -1.467024e+001  8.436025e+000
    endloop
  endfacet
  facet normal  6.618633e-002 -9.978073e-001  0.000000e+000
    outer loop
      vertex  3.500000e+001 -1.800000e+001  9.000000e+000
      vertex  3.500000e+001 -1.800000e+001  0.000000e+000
      vertex  3.599063e+001 -1.793429e+001  9.000000e+000
    endloop
  endfacet
  facet normal  6.804232e-002 -9.976825e-001 -2.051999e-004
    outer loop
      vertex  3.599063e+001 -1.793429e+001  9.000000e+000
      vertex  3.500000e+001 -1.800000e+001  0.000000e+000
      vertex  3.601827e+001 -1.793055e+001  0.000000e+000
    endloop
  endfacet
  facet normal  1.974020e-001 -9.803227e-001  1.993589e-004
    outer loop
      vertex  3.599063e+001 -1.793429e+001  9.000000e+000
      vertex  3.601827e+001 -1.793055e+001  0.000000e+000
      vertex  3.696390e+001 -1.773831e+001  9.000000e+000
    endloop
  endfacet
  facet normal  2.028671e-001 -9.792061e-001 -3.986992e-004
    outer loop
      vertex  3.696390e+001 -1.773831e+001  9.000000e+000
      vertex  3.601827e+001 -1.793055e+001  0.000000e+000
      vertex  3.701769e+001 -1.772350e+001  0.000000e+000
    endloop
  endfacet
  facet normal  3.251553e-001 -9.456606e-001  3.873867e-004
    outer loop
      vertex  3.696390e+001 -1.773831e+001  9.000000e+000
      vertex  3.701769e+001 -1.772350e+001  0.000000e+000
      vertex  3.790275e+001 -1.741549e+001  9.000000e+000
    endloop
  endfacet
  facet normal  3.339349e-001 -9.425959e-001 -5.808870e-004
    outer loop
      vertex  3.790275e+001 -1.741549e+001  9.000000e+000
      vertex  3.701769e+001 -1.772350e+001  0.000000e+000
      vertex  3.797974e+001 -1.738267e+001  0.000000e+000
    endloop
  endfacet
  facet normal  4.472135e-001 -8.944271e-001  5.637332e-004
    outer loop
      vertex  3.790275e+001 -1.741549e+001  9.000000e+000
      vertex  3.797974e+001 -1.738267e+001  0.000000e+000
      vertex  3.879074e+001 -1.697150e+001  9.000000e+000
    endloop
  endfacet
  facet normal  0.000000e+000 -9.995571e-001  2.975384e-002
    outer loop
      vertex  3.987500e+001  1.500000e+001  1.000000e+001
      vertex  3.988252e+001  1.499336e+001  9.776792e+000
      vertex  4.003115e+001  1.500000e+001  1.000000e+001
    endloop
  endfacet
  facet normal  0.000000e+000  9.639285e-001  2.661614e-001
    outer loop
      vertex  4.014781e+001 -1.486607e+001  9.000000e+000
      vertex  4.082143e+001 -1.486607e+001  9.000000e+000
      vertex  4.110830e+001 -1.485186e+001  8.948531e+000
    endloop
  endfacet
  facet normal  4.126674e-004  9.619260e-001  2.733095e-001
    outer loop
      vertex  4.014781e+001 -1.486607e+001  9.000000e+000
      vertex  4.110830e+001 -1.485186e+001  8.948531e+000
      vertex  4.005536e+001 -1.483412e+001  8.887700e+000
    endloop
  endfacet
  facet normal  1.342718e-002  9.646049e-001  2.633575e-001
    outer loop
      vertex  4.014781e+001 -1.486607e+001  9.000000e+000
      vertex  4.005536e+001 -1.483412e+001  8.887700e+000
      vertex  3.999125e+001 -1.489464e+001  9.112617e+000
    endloop
  endfacet
  facet normal -3.806961e-002  9.799342e-001  1.956521e-001
    outer loop
      vertex  4.014781e+001 -1.486607e+001  9.000000e+000
      vertex  3.999125e+001 -1.489464e+001  9.112617e+000
      vertex  3.994142e+001 -1.494049e+001  9.332562e+000
    endloop
  endfacet
  facet normal -1.610502e-001  9.797119e-001  1.192783e-001
    outer loop
      vertex  4.014781e+001 -1.486607e+001  9.000000e+000
      vertex  3.994142e+001 -1.494049e+001  9.332562e+000
      vertex  3.990487e+001 -1.497347e+001  9.554127e+000
    endloop
  endfacet
  facet normal  2.844412e-002  9.789298e-001  2.022070e-001
    outer loop
      vertex  4.014781e+001 -1.486607e+001  9.000000e+000
      vertex  3.990487e+001 -1.497347e+001  9.554127e+000
      vertex  4.006113e+001 -1.496626e+001  9.497241e+000
    endloop
  endfacet
  facet normal -4.894624e-002 -9.807408e-001  1.890809e-001
    outer loop
      vertex  4.014781e+001  1.486607e+001  9.000000e+000
      vertex  4.006113e+001  1.496626e+001  9.497241e+000
      vertex  3.994142e+001  1.494049e+001  9.332576e+000
    endloop
  endfacet
  facet normal -3.809540e-002 -9.799366e-001  1.956348e-001
    outer loop
      vertex  4.014781e+001  1.486607e+001  9.000000e+000
      vertex  3.994142e+001  1.494049e+001  9.332576e+000
      vertex  3.999125e+001  1.489464e+001  9.112645e+000
    endloop
  endfacet
  facet normal  1.342274e-002 -9.646071e-001  2.633500e-001
    outer loop
      vertex  4.014781e+001  1.486607e+001  9.000000e+000
      vertex  3.999125e+001  1.489464e+001  9.112645e+000
      vertex  4.005536e+001  1.483414e+001  8.887779e+000
    endloop
  endfacet
  facet normal  4.124914e-004 -9.619269e-001  2.733064e-001
    outer loop
      vertex  4.014781e+001  1.486607e+001  9.000000e+000
      vertex  4.005536e+001  1.483414e+001  8.887779e+000
      vertex  4.110830e+001  1.485186e+001  8.948531e+000
    endloop
  endfacet
  facet normal  0.000000e+000 -9.639285e-001  2.661614e-001
    outer loop
      vertex  4.014781e+001  1.486607e+001  9.000000e+000
      vertex  4.110830e+001  1.485186e+001  8.948531e+000
      vertex  4.082143e+001  1.486607e+001  9.000000e+000
    endloop
  endfacet
  facet normal -1.408758e-002  9.960611e-001  8.754359e-002
    outer loop
      vertex  4.006113e+001 -1.496626e+001  9.497241e+000
      vertex  3.990487e+001 -1.497347e+001  9.554127e+000
      vertex  3.988252e+001 -1.499336e+001  9.776792e+000
    endloop
  endfacet
  facet normal -1.102493e-001  9.935675e-001  2.586179e-002
    outer loop
      vertex  4.006113e+001 -1.496626e+001  9.497241e+000
      vertex  3.988252e+001 -1.499336e+001  9.776792e+000
      vertex  3.987500e+001 -1.500000e+001  1.000000e+001
    endloop
  endfacet
  facet normal  -0.000000e+000  9.977556e-001  6.695916e-002
    outer loop
      vertex  4.006113e+001 -1.496626e+001  9.497241e+000
      vertex  3.987500e+001 -1.500000e+001  1.000000e+001
      vertex  4.003115e+001 -1.500000e+001  1.000000e+001
    endloop
  endfacet
  facet normal -1.249707e-002 -9.795488e-001  2.008184e-001
    outer loop
      vertex  4.082143e+001  1.486607e+001  9.000000e+000
      vertex  4.110830e+001  1.485186e+001  8.948531e+000
      vertex  4.095467e+001  1.496600e+001  9.495742e+000
    endloop
  endfacet
  facet normal  2.614859e-002 -9.771021e-001  2.111581e-001
    outer loop
      vertex  4.095467e+001  1.496600e+001  9.495742e+000
      vertex  4.110830e+001  1.485186e+001  8.948531e+000
      vertex  4.102780e+001  1.496270e+001  9.471391e+000
    endloop
  endfacet
  facet normal -2.202988e-002 -9.973578e-001  6.922501e-002
    outer loop
      vertex  4.095467e+001  1.496600e+001  9.495742e+000
      vertex  4.102780e+001  1.496270e+001  9.471391e+000
      vertex  4.100000e+001  1.500000e+001  1.000000e+001
    endloop
  endfacet
  facet normal -2.107585e-003  9.496354e-001  3.133498e-001
    outer loop
      vertex  4.005536e+001 -1.483412e+001  8.887700e+000
      vertex  4.110830e+001 -1.485186e+001  8.948531e+000
      vertex  4.013084e+001 -1.476060e+001  8.665405e+000
    endloop
  endfacet
  facet normal -8.180150e-003  9.431634e-001  3.322287e-001
    outer loop
      vertex  4.013084e+001 -1.476060e+001  8.665405e+000
      vertex  4.110830e+001 -1.485186e+001  8.948531e+000
      vertex  4.123371e+001 -1.467024e+001  8.436025e+000
    endloop
  endfacet
  facet normal  6.145414e-003  9.199595e-001  3.919652e-001
    outer loop
      vertex  4.013084e+001 -1.476060e+001  8.665405e+000
      vertex  4.123371e+001 -1.467024e+001  8.436025e+000
      vertex  4.030917e+001 -1.457619e+001  8.229777e+000
    endloop
  endfacet
  facet normal -5.356826e-003  9.005676e-001  4.346829e-001
    outer loop
      vertex  4.030917e+001 -1.457619e+001  8.229777e+000
      vertex  4.123371e+001 -1.467024e+001  8.436025e+000
      vertex  4.135988e+001 -1.447517e+001  8.033437e+000
    endloop
  endfacet
  facet normal  5.275771e-003  8.774288e-001  4.796777e-001
    outer loop
      vertex  4.030917e+001 -1.457619e+001  8.229777e+000
      vertex  4.135988e+001 -1.447517e+001  8.033437e+000
      vertex  4.049814e+001 -1.436209e+001  7.836073e+000
    endloop
  endfacet
  facet normal -5.373966e-003  8.573645e-001  5.146817e-001
    outer loop
      vertex  4.049814e+001 -1.436209e+001  7.836073e+000
      vertex  4.135988e+001 -1.447517e+001  8.033437e+000
      vertex  4.150170e+001 -1.423871e+001  7.641019e+000
    endloop
  endfacet
  facet normal  5.275505e-003  8.326192e-001  5.538207e-001
    outer loop
      vertex  4.049814e+001 -1.436209e+001  7.836073e+000
      vertex  4.150170e+001 -1.423871e+001  7.641019e+000
      vertex  4.069987e+001 -1.410878e+001  7.453321e+000
    endloop
  endfacet
  facet normal -1.408455e-002  7.929793e-001  6.090857e-001
    outer loop
      vertex  4.069987e+001 -1.410878e+001  7.453321e+000
      vertex  4.150170e+001 -1.423871e+001  7.641019e+000
      vertex  4.088945e+001 -1.384225e+001  7.110705e+000
    endloop
  endfacet
  facet normal -6.088404e-003  7.975262e-001  6.032535e-001
    outer loop
      vertex  4.088945e+001 -1.384225e+001  7.110705e+000
      vertex  4.150170e+001 -1.423871e+001  7.641019e+000
      vertex  4.174410e+001 -1.378133e+001  7.038785e+000
    endloop
  endfacet
  facet normal  2.996806e-003  7.451723e-001  6.668652e-001
    outer loop
      vertex  4.088945e+001 -1.384225e+001  7.110705e+000
      vertex  4.174410e+001 -1.378133e+001  7.038785e+000
      vertex  4.107657e+001 -1.354480e+001  6.777488e+000
    endloop
  endfacet
  facet normal -1.376256e-002  7.235637e-001  6.901203e-001
    outer loop
      vertex  4.107657e+001 -1.354480e+001  6.777488e+000
      vertex  4.174410e+001 -1.378133e+001  7.038785e+000
      vertex  4.198523e+001 -1.323067e+001  6.466250e+000
    endloop
  endfacet
  facet normal  7.186489e-004  7.027728e-001  7.114140e-001
    outer loop
      vertex  4.107657e+001 -1.354480e+001  6.777488e+000
      vertex  4.198523e+001 -1.323067e+001  6.466250e+000
      vertex  4.125599e+001 -1.321708e+001  6.453565e+000
    endloop
  endfacet
  facet normal -7.423633e-004  6.608583e-001  7.505103e-001
    outer loop
      vertex  4.125599e+001 -1.321708e+001  6.453565e+000
      vertex  4.198523e+001 -1.323067e+001  6.466250e+000
      vertex  4.142291e+001 -1.285964e+001  6.138986e+000
    endloop
  endfacet
  facet normal -1.373438e-002  6.496413e-001  7.601168e-001
    outer loop
      vertex  4.142291e+001 -1.285964e+001  6.138986e+000
      vertex  4.198523e+001 -1.323067e+001  6.466250e+000
      vertex  4.220200e+001 -1.259312e+001  5.925280e+000
    endloop
  endfacet
  facet normal  3.214164e-003  6.198316e-001  7.847282e-001
    outer loop
      vertex  4.142291e+001 -1.285964e+001  6.138986e+000
      vertex  4.220200e+001 -1.259312e+001  5.925280e+000
      vertex  4.156440e+001 -1.249667e+001  5.851711e+000
    endloop
  endfacet
  facet normal -5.319204e-003  5.840126e-001  8.117271e-001
    outer loop
      vertex  4.156440e+001 -1.249667e+001  5.851711e+000
      vertex  4.220200e+001 -1.259312e+001  5.925280e+000
      vertex  4.168659e+001 -1.210912e+001  5.573678e+000
    endloop
  endfacet
  facet normal -1.512232e-002  5.770767e-001  8.165499e-001
    outer loop
      vertex  4.168659e+001 -1.210912e+001  5.573678e+000
      vertex  4.220200e+001 -1.259312e+001  5.925280e+000
      vertex  4.238239e+001 -1.182302e+001  5.384372e+000
    endloop
  endfacet
  facet normal  2.936990e-003  5.468406e-001  8.372316e-001
    outer loop
      vertex  4.168659e+001 -1.210912e+001  5.573678e+000
      vertex  4.238239e+001 -1.182302e+001  5.384372e+000
      vertex  4.178143e+001 -1.171828e+001  5.318069e+000
    endloop
  endfacet
  facet normal -4.938389e-003  5.144787e-001  8.574889e-001
    outer loop
      vertex  4.178143e+001 -1.171828e+001  5.318069e+000
      vertex  4.238239e+001 -1.182302e+001  5.384372e+000
      vertex  4.185190e+001 -1.130724e+001  5.071859e+000
    endloop
  endfacet
  facet normal -1.523760e-002  5.066349e-001  8.620261e-001
    outer loop
      vertex  4.185190e+001 -1.130724e+001  5.071859e+000
      vertex  4.238239e+001 -1.182302e+001  5.384372e+000
      vertex  4.248526e+001 -1.097004e+001  4.884871e+000
    endloop
  endfacet
  facet normal  2.456921e-003  4.814189e-001  8.764872e-001
    outer loop
      vertex  4.185190e+001 -1.130724e+001  5.071859e+000
      vertex  4.248526e+001 -1.097004e+001  4.884871e+000
      vertex  4.189458e+001 -1.087749e+001  4.835696e+000
    endloop
  endfacet
  facet normal -3.708456e-003  4.506730e-001  8.926815e-001
    outer loop
      vertex  4.189458e+001 -1.087749e+001  4.835696e+000
      vertex  4.248526e+001 -1.097004e+001  4.884871e+000
      vertex  4.190606e+001 -1.043093e+001  4.610292e+000
    endloop
  endfacet
  facet normal -1.463136e-002  4.412678e-001  8.972562e-001
    outer loop
      vertex  4.190606e+001 -1.043093e+001  4.610292e+000
      vertex  4.248526e+001 -1.097004e+001  4.884871e+000
      vertex  4.248630e+001 -1.004693e+001  4.430907e+000
    endloop
  endfacet
  facet normal  3.935479e-004  4.227613e-001  9.062409e-001
    outer loop
      vertex  4.190606e+001 -1.043093e+001  4.610292e+000
      vertex  4.248630e+001 -1.004693e+001  4.430907e+000
      vertex  4.188805e+001 -1.003083e+001  4.423656e+000
    endloop
  endfacet
  facet normal -4.143925e-004  3.977995e-001  9.174723e-001
    outer loop
      vertex  4.188805e+001 -1.003083e+001  4.423656e+000
      vertex  4.248630e+001 -1.004693e+001  4.430907e+000
      vertex  4.184176e+001 -9.621659e+000  4.246226e+000
    endloop
  endfacet
  facet normal -1.630883e-003  3.962469e-001  9.181426e-001
    outer loop
      vertex  4.184176e+001 -9.621659e+000  4.246226e+000
      vertex  4.248630e+001 -1.004693e+001  4.430907e+000
      vertex  4.244024e+001 -9.555083e+000  4.218556e+000
    endloop
  endfacet
  facet normal  1.259730e-003  3.741035e-001  9.273860e-001
    outer loop
      vertex  4.184176e+001 -9.621659e+000  4.246226e+000
      vertex  4.244024e+001 -9.555083e+000  4.218556e+000
      vertex  4.176510e+001 -9.205647e+000  4.078512e+000
    endloop
  endfacet
  facet normal -2.765207e-003  3.673986e-001  9.300595e-001
    outer loop
      vertex  4.176510e+001 -9.205647e+000  4.078512e+000
      vertex  4.244024e+001 -9.555083e+000  4.218556e+000
      vertex  4.235896e+001 -9.052346e+000  4.019720e+000
    endloop
  endfacet
  facet normal  1.973142e-003  3.514061e-001  9.362211e-001
    outer loop
      vertex  4.176510e+001 -9.205647e+000  4.078512e+000
      vertex  4.235896e+001 -9.052346e+000  4.019720e+000
      vertex  4.165617e+001 -8.785407e+000  3.921007e+000
    endloop
  endfacet
  facet normal -2.991250e-003  3.399021e-001  9.404560e-001
    outer loop
      vertex  4.165617e+001 -8.785407e+000  3.921007e+000
      vertex  4.235896e+001 -9.052346e+000  4.019720e+000
      vertex  4.223993e+001 -8.542082e+000  3.834920e+000
    endloop
  endfacet
  facet normal  1.630979e-003  3.300529e-001  9.439610e-001
    outer loop
      vertex  4.165617e+001 -8.785407e+000  3.921007e+000
      vertex  4.223993e+001 -8.542082e+000  3.834920e+000
      vertex  4.130417e+001 -8.357233e+000  3.771905e+000
    endloop
  endfacet
  facet normal -3.997630e-003  3.044744e-001  9.525121e-001
    outer loop
      vertex  4.130417e+001 -8.357233e+000  3.771905e+000
      vertex  4.223993e+001 -8.542082e+000  3.834920e+000
      vertex  4.096840e+001 -7.912693e+000  3.628397e+000
    endloop
  endfacet
  facet normal  1.807371e-003  3.150714e-001  9.490663e-001
    outer loop
      vertex  4.096840e+001 -7.912693e+000  3.628397e+000
      vertex  4.223993e+001 -8.542082e+000  3.834920e+000
      vertex  4.208094e+001 -8.028100e+000  3.664591e+000
    endloop
  endfacet
  facet normal -1.952683e-003  2.820629e-001  9.593939e-001
    outer loop
      vertex  4.096840e+001 -7.912693e+000  3.628397e+000
      vertex  4.208094e+001 -8.028100e+000  3.664591e+000
      vertex  4.057823e+001 -7.343225e+000  3.460179e+000
    endloop
  endfacet
  facet normal -1.049629e-003  2.838844e-001  9.588579e-001
    outer loop
      vertex  4.057823e+001 -7.343225e+000  3.460179e+000
      vertex  4.208094e+001 -8.028100e+000  3.664591e+000
      vertex  4.146468e+001 -7.285447e+000  3.444043e+000
    endloop
  endfacet
  facet normal  7.935566e-004  2.576658e-001  9.662337e-001
    outer loop
      vertex  4.057823e+001 -7.343225e+000  3.460179e+000
      vertex  4.146468e+001 -7.285447e+000  3.444043e+000
      vertex  4.021522e+001 -6.750300e+000  3.302361e+000
    endloop
  endfacet
  facet normal -3.632457e-003  2.479991e-001  9.687535e-001
    outer loop
      vertex  4.021522e+001 -6.750300e+000  3.302361e+000
      vertex  4.146468e+001 -7.285447e+000  3.444043e+000
      vertex  4.090741e+001 -6.491509e+000  3.238707e+000
    endloop
  endfacet
  facet normal  2.444136e-003  2.326798e-001  9.725503e-001
    outer loop
      vertex  4.021522e+001 -6.750300e+000  3.302361e+000
      vertex  4.090741e+001 -6.491509e+000  3.238707e+000
      vertex  3.988090e+001 -6.134948e+000  3.155980e+000
    endloop
  endfacet
  facet normal -4.520712e-003  2.136383e-001  9.769024e-001
    outer loop
      vertex  3.988090e+001 -6.134948e+000  3.155980e+000
      vertex  4.090741e+001 -6.491509e+000  3.238707e+000
      vertex  4.041310e+001 -5.649557e+000  3.052293e+000
    endloop
  endfacet
  facet normal  1.989601e-003  2.068154e-001  9.783779e-001
    outer loop
      vertex  3.988090e+001 -6.134948e+000  3.155980e+000
      vertex  4.041310e+001 -5.649557e+000  3.052293e+000
      vertex  3.957685e+001 -5.498430e+000  3.022048e+000
    endloop
  endfacet
  facet normal -3.176684e-003  1.793109e-001  9.837873e-001
    outer loop
      vertex  3.957685e+001 -5.498430e+000  3.022048e+000
      vertex  4.041310e+001 -5.649557e+000  3.052293e+000
      vertex  3.930378e+001 -4.839879e+000  2.901134e+000
    endloop
  endfacet
  facet normal -6.396892e-003  1.750396e-001  9.845406e-001
    outer loop
      vertex  3.930378e+001 -4.839879e+000  2.901134e+000
      vertex  4.041310e+001 -5.649557e+000  3.052293e+000
      vertex  3.989451e+001 -4.546222e+000  2.852764e+000
    endloop
  endfacet
  facet normal  3.075433e-003  1.565007e-001  9.876731e-001
    outer loop
      vertex  3.930378e+001 -4.839879e+000  2.901134e+000
      vertex  3.989451e+001 -4.546222e+000  2.852764e+000
      vertex  3.906438e+001 -4.163302e+000  2.794674e+000
    endloop
  endfacet
  facet normal -7.913987e-003  1.331904e-001  9.910589e-001
    outer loop
      vertex  3.906438e+001 -4.163302e+000  2.794674e+000
      vertex  3.989451e+001 -4.546222e+000  2.852764e+000
      vertex  3.948746e+001 -3.385470e+000  2.693518e+000
    endloop
  endfacet
  facet normal -1.947263e-003  1.300038e-001  9.915116e-001
    outer loop
      vertex  3.906438e+001 -4.163302e+000  2.794674e+000
      vertex  3.948746e+001 -3.385470e+000  2.693518e+000
      vertex  3.886147e+001 -3.475707e+000  2.704120e+000
    endloop
  endfacet
  facet normal  1.517799e-003  1.062978e-001  9.943333e-001
    outer loop
      vertex  3.886147e+001 -3.475707e+000  2.704120e+000
      vertex  3.948746e+001 -3.385470e+000  2.693518e+000
      vertex  3.869457e+001 -2.774574e+000  2.629421e+000
    endloop
  endfacet
  facet normal -9.824371e-003  9.172383e-002  9.957361e-001
    outer loop
      vertex  3.869457e+001 -2.774574e+000  2.629421e+000
      vertex  3.948746e+001 -3.385470e+000  2.693518e+000
      vertex  3.919962e+001 -2.179715e+000  2.579608e+000
    endloop
  endfacet
  facet normal  4.859348e-003  7.934891e-002  9.968351e-001
    outer loop
      vertex  3.869457e+001 -2.774574e+000  2.629421e+000
      vertex  3.919962e+001 -2.179715e+000  2.579608e+000
      vertex  3.853940e+001 -1.890527e+000  2.559807e+000
    endloop
  endfacet
  facet normal -9.245373e-003  4.728456e-002  9.988387e-001
    outer loop
      vertex  3.853940e+001 -1.890527e+000  2.559807e+000
      vertex  3.919962e+001 -2.179715e+000  2.579608e+000
      vertex  3.844307e+001 -9.948208e-001  2.516513e+000
    endloop
  endfacet
  facet normal -1.698014e-003  5.209301e-002  9.986408e-001
    outer loop
      vertex  3.844307e+001 -9.948208e-001  2.516513e+000
      vertex  3.919962e+001 -2.179715e+000  2.579608e+000
      vertex  3.903717e+001 -9.437680e-001  2.514860e+000
    endloop
  endfacet
  facet normal  8.933692e-004  2.197349e-002  9.997581e-001
    outer loop
      vertex  3.844307e+001 -9.948208e-001  2.516513e+000
      vertex  3.903717e+001 -9.437680e-001  2.514860e+000
      vertex  3.841015e+001 -3.197017e-001  2.501704e+000
    endloop
  endfacet
  facet normal -5.527021e-003  1.552500e-002  9.998642e-001
    outer loop
      vertex  3.841015e+001 -3.197017e-001  2.501704e+000
      vertex  3.903717e+001 -9.437680e-001  2.514860e+000
      vertex  3.900000e+001  1.399133e-015  2.500000e+000
    endloop
  endfacet
  facet normal  3.221483e-003 -6.152363e-004  9.999946e-001
    outer loop
      vertex  3.841015e+001 -3.197017e-001  2.501704e+000
      vertex  3.900000e+001  1.399133e-015  2.500000e+000
      vertex  3.841108e+001  3.563394e-001  2.502117e+000
    endloop
  endfacet
  facet normal -8.014498e-003 -1.918364e-002  9.997839e-001
    outer loop
      vertex  3.841108e+001  3.563394e-001  2.502117e+000
      vertex  3.900000e+001  1.399133e-015  2.500000e+000
      vertex  3.905746e+001  1.172994e+000  2.522968e+000
    endloop
  endfacet
  facet normal -3.217441e-003 -2.297917e-002  9.997308e-001
    outer loop
      vertex  3.841108e+001  3.563394e-001  2.502117e+000
      vertex  3.905746e+001  1.172994e+000  2.522968e+000
      vertex  3.844582e+001  1.030893e+000  2.517733e+000
    endloop
  endfacet
  facet normal  2.116914e-003 -4.591070e-002  9.989433e-001
    outer loop
      vertex  3.844582e+001  1.030893e+000  2.517733e+000
      vertex  3.905746e+001  1.172994e+000  2.522968e+000
      vertex  3.851411e+001  1.701629e+000  2.548415e+000
    endloop
  endfacet
  facet normal -9.097313e-003 -5.740674e-002  9.983095e-001
    outer loop
      vertex  3.851411e+001  1.701629e+000  2.548415e+000
      vertex  3.905746e+001  1.172994e+000  2.522968e+000
      vertex  3.922861e+001  2.331203e+000  2.591129e+000
    endloop
  endfacet
  facet normal  6.118713e-004 -6.838163e-002  9.976591e-001
    outer loop
      vertex  3.851411e+001  1.701629e+000  2.548415e+000
      vertex  3.922861e+001  2.331203e+000  2.591129e+000
      vertex  3.861548e+001  2.366314e+000  2.593912e+000
    endloop
  endfacet
  facet normal -6.806822e-004 -9.081146e-002  9.958678e-001
    outer loop
      vertex  3.861548e+001  2.366314e+000  2.593912e+000
      vertex  3.922861e+001  2.331203e+000  2.591129e+000
      vertex  3.874930e+001  3.022816e+000  2.653869e+000
    endloop
  endfacet
  facet normal -8.190508e-003 -9.596917e-002  9.953506e-001
    outer loop
      vertex  3.874930e+001  3.022816e+000  2.653869e+000
      vertex  3.922861e+001  2.331203e+000  2.591129e+000
      vertex  3.951000e+001  3.461205e+000  2.702397e+000
    endloop
  endfacet
  facet normal  2.517286e-003 -1.143379e-001  9.934388e-001
    outer loop
      vertex  3.874930e+001  3.022816e+000  2.653869e+000
      vertex  3.951000e+001  3.461205e+000  2.702397e+000
      vertex  3.891474e+001  3.669120e+000  2.727834e+000
    endloop
  endfacet
  facet normal -4.847098e-003 -1.351018e-001  9.908199e-001
    outer loop
      vertex  3.891474e+001  3.669120e+000  2.727834e+000
      vertex  3.951000e+001  3.461205e+000  2.702397e+000
      vertex  3.911084e+001  4.303327e+000  2.815270e+000
    endloop
  endfacet
  facet normal -5.547824e-003 -1.354274e-001  9.907718e-001
    outer loop
      vertex  3.911084e+001  4.303327e+000  2.815270e+000
      vertex  3.951000e+001  3.461205e+000  2.702397e+000
      vertex  3.989643e+001  4.550904e+000  2.853510e+000
    endloop
  endfacet
  facet normal  2.546698e-003 -1.605339e-001  9.870270e-001
    outer loop
      vertex  3.911084e+001  4.303327e+000  2.815270e+000
      vertex  3.989643e+001  4.550904e+000  2.853510e+000
      vertex  3.933741e+001  4.926008e+000  2.915961e+000
    endloop
  endfacet
  facet normal -2.621595e-003 -1.680284e-001  9.857786e-001
    outer loop
      vertex  3.933741e+001  4.926008e+000  2.915961e+000
      vertex  3.989643e+001  4.550904e+000  2.853510e+000
      vertex  4.017888e+001  5.186852e+000  2.962660e+000
    endloop
  endfacet
  facet normal  2.454934e-003 -1.838973e-001  9.829423e-001
    outer loop
      vertex  3.933741e+001  4.926008e+000  2.915961e+000
      vertex  4.017888e+001  5.186852e+000  2.962660e+000
      vertex  3.959262e+001  5.533198e+000  3.028922e+000
    endloop
  endfacet
  facet normal -2.474000e-003 -1.919460e-001  9.814024e-001
    outer loop
      vertex  3.959262e+001  5.533198e+000  3.028922e+000
      vertex  4.017888e+001  5.186852e+000  2.962660e+000
      vertex  4.049597e+001  5.802194e+000  3.083810e+000
    endloop
  endfacet
  facet normal  2.328540e-003 -2.074302e-001  9.782470e-001
    outer loop
      vertex  3.959262e+001  5.533198e+000  3.028922e+000
      vertex  4.049597e+001  5.802194e+000  3.083810e+000
      vertex  3.987524e+001  6.123531e+000  3.153425e+000
    endloop
  endfacet
  facet normal -2.298229e-003 -2.159672e-001  9.763979e-001
    outer loop
      vertex  3.987524e+001  6.123531e+000  3.153425e+000
      vertex  4.049597e+001  5.802194e+000  3.083810e+000
      vertex  4.084629e+001  6.395479e+000  3.215862e+000
    endloop
  endfacet
  facet normal  2.179090e-003 -2.311547e-001  9.729145e-001
    outer loop
      vertex  3.987524e+001  6.123531e+000  3.153425e+000
      vertex  4.084629e+001  6.395479e+000  3.215862e+000
      vertex  4.018402e+001  6.695795e+000  3.288697e+000
    endloop
  endfacet
  facet normal -2.107550e-003 -2.400827e-001  9.707501e-001
    outer loop
      vertex  4.018402e+001  6.695795e+000  3.288697e+000
      vertex  4.084629e+001  6.395479e+000  3.215862e+000
      vertex  4.122819e+001  6.965040e+000  3.357553e+000
    endloop
  endfacet
  facet normal  2.016430e-003 -2.550950e-001  9.669139e-001
    outer loop
      vertex  4.018402e+001  6.695795e+000  3.288697e+000
      vertex  4.122819e+001  6.965040e+000  3.357553e+000
      vertex  4.051772e+001  7.248934e+000  3.433933e+000
    endloop
  endfacet
  facet normal -5.758077e-003 -2.732123e-001  9.619365e-001
    outer loop
      vertex  4.051772e+001  7.248934e+000  3.433933e+000
      vertex  4.122819e+001  6.965040e+000  3.357553e+000
      vertex  4.208094e+001  8.028100e+000  3.664591e+000
    endloop
  endfacet
  facet normal -4.663189e-003 -2.752395e-001  9.613644e-001
    outer loop
      vertex  4.051772e+001  7.248934e+000  3.433933e+000
      vertex  4.208094e+001  8.028100e+000  3.664591e+000
      vertex  4.087510e+001  7.782051e+000  3.588298e+000
    endloop
  endfacet
  facet normal  1.689058e-003 -3.037042e-001  9.527649e-001
    outer loop
      vertex  4.087510e+001  7.782051e+000  3.588298e+000
      vertex  4.208094e+001  8.028100e+000  3.664591e+000
      vertex  4.125495e+001  8.294404e+000  3.750943e+000
    endloop
  endfacet
  facet normal -1.985025e-003 -3.140142e-001  9.494162e-001
    outer loop
      vertex  4.125495e+001  8.294404e+000  3.750943e+000
      vertex  4.208094e+001  8.028100e+000  3.664591e+000
      vertex  4.223993e+001  8.542082e+000  3.834920e+000
    endloop
  endfacet
  facet normal  2.182123e-003 -3.288757e-001  9.443707e-001
    outer loop
      vertex  4.125495e+001  8.294404e+000  3.750943e+000
      vertex  4.223993e+001  8.542082e+000  3.834920e+000
      vertex  4.165617e+001  8.785407e+000  3.921007e+000
    endloop
  endfacet
  facet normal -7.404912e-003 -3.492661e-001  9.369944e-001
    outer loop
      vertex  4.165617e+001  8.785407e+000  3.921007e+000
      vertex  4.223993e+001  8.542082e+000  3.834920e+000
      vertex  4.176511e+001  9.205677e+000  4.078524e+000
    endloop
  endfacet
  facet normal  4.885830e-003 -3.415238e-001  9.398604e-001
    outer loop
      vertex  4.176511e+001  9.205677e+000  4.078524e+000
      vertex  4.223993e+001  8.542082e+000  3.834920e+000
      vertex  4.235896e+001  9.052346e+000  4.019720e+000
    endloop
  endfacet
  facet normal -4.490384e-003 -3.731911e-001  9.277437e-001
    outer loop
      vertex  4.176511e+001  9.205677e+000  4.078524e+000
      vertex  4.235896e+001  9.052346e+000  4.019720e+000
      vertex  4.184177e+001  9.621718e+000  4.246251e+000
    endloop
  endfacet
  facet normal  2.044315e-003 -3.680716e-001  9.297953e-001
    outer loop
      vertex  4.184177e+001  9.621718e+000  4.246251e+000
      vertex  4.235896e+001  9.052346e+000  4.019720e+000
      vertex  4.244024e+001  9.555083e+000  4.218556e+000
    endloop
  endfacet
  facet normal -1.819027e-003 -3.976704e-001  9.175265e-001
    outer loop
      vertex  4.184177e+001  9.621718e+000  4.246251e+000
      vertex  4.244024e+001  9.555083e+000  4.218556e+000
      vertex  4.188807e+001  1.003092e+001  4.423696e+000
    endloop
  endfacet
  facet normal -4.580933e-004 -3.963400e-001  9.181037e-001
    outer loop
      vertex  4.188807e+001  1.003092e+001  4.423696e+000
      vertex  4.244024e+001  9.555083e+000  4.218556e+000
      vertex  4.248630e+001  1.004693e+001  4.430907e+000
    endloop
  endfacet
  facet normal  3.923498e-004 -4.227665e-001  9.062386e-001
    outer loop
      vertex  4.188807e+001  1.003092e+001  4.423696e+000
      vertex  4.248630e+001  1.004693e+001  4.430907e+000
      vertex  4.190606e+001  1.043104e+001  4.610348e+000
    endloop
  endfacet
  facet normal -1.463305e-002 -4.412678e-001  8.972561e-001
    outer loop
      vertex  4.190606e+001  1.043104e+001  4.610348e+000
      vertex  4.248630e+001  1.004693e+001  4.430907e+000
      vertex  4.248526e+001  1.097004e+001  4.884871e+000
    endloop
  endfacet
  facet normal -3.701209e-003 -4.506824e-001  8.926767e-001
    outer loop
      vertex  4.190606e+001  1.043104e+001  4.610348e+000
      vertex  4.248526e+001  1.097004e+001  4.884871e+000
      vertex  4.189457e+001  1.087765e+001  4.835778e+000
    endloop
  endfacet
  facet normal  2.454523e-003 -4.814318e-001  8.764801e-001
    outer loop
      vertex  4.189457e+001  1.087765e+001  4.835778e+000
      vertex  4.248526e+001  1.097004e+001  4.884871e+000
      vertex  4.185188e+001  1.130744e+001  5.071970e+000
    endloop
  endfacet
  facet normal -1.524088e-002 -5.066351e-001  8.620259e-001
    outer loop
      vertex  4.185188e+001  1.130744e+001  5.071970e+000
      vertex  4.248526e+001  1.097004e+001  4.884871e+000
      vertex  4.238239e+001  1.182302e+001  5.384372e+000
    endloop
  endfacet
  facet normal -4.925591e-003 -5.144943e-001  8.574796e-001
    outer loop
      vertex  4.185188e+001  1.130744e+001  5.071970e+000
      vertex  4.238239e+001  1.182302e+001  5.384372e+000
      vertex  4.178139e+001  1.171850e+001  5.318210e+000
    endloop
  endfacet
  facet normal  2.933893e-003 -5.468621e-001  8.372175e-001
    outer loop
      vertex  4.178139e+001  1.171850e+001  5.318210e+000
      vertex  4.238239e+001  1.182302e+001  5.384372e+000
      vertex  4.168652e+001  1.210937e+001  5.573851e+000
    endloop
  endfacet
  facet normal -1.512765e-002 -5.770775e-001  8.165492e-001
    outer loop
      vertex  4.168652e+001  1.210937e+001  5.573851e+000
      vertex  4.238239e+001  1.182302e+001  5.384372e+000
      vertex  4.220200e+001  1.259312e+001  5.925280e+000
    endloop
  endfacet
  facet normal -5.302290e-003 -5.840334e-001  8.117122e-001
    outer loop
      vertex  4.168652e+001  1.210937e+001  5.573851e+000
      vertex  4.220200e+001  1.259312e+001  5.925280e+000
      vertex  4.156430e+001  1.249695e+001  5.851918e+000
    endloop
  endfacet
  facet normal  3.208316e-003 -6.198627e-001  7.847037e-001
    outer loop
      vertex  4.156430e+001  1.249695e+001  5.851918e+000
      vertex  4.220200e+001  1.259312e+001  5.925280e+000
      vertex  4.142278e+001  1.285993e+001  6.139227e+000
    endloop
  endfacet
  facet normal -1.373932e-002 -6.496423e-001  7.601159e-001
    outer loop
      vertex  4.142278e+001  1.285993e+001  6.139227e+000
      vertex  4.220200e+001  1.259312e+001  5.925280e+000
      vertex  4.198523e+001  1.323067e+001  6.466250e+000
    endloop
  endfacet
  facet normal -7.241413e-004 -6.608901e-001  7.504824e-001
    outer loop
      vertex  4.142278e+001  1.285993e+001  6.139227e+000
      vertex  4.198523e+001  1.323067e+001  6.466250e+000
      vertex  4.125582e+001  1.321739e+001  6.453855e+000
    endloop
  endfacet
  facet normal  7.037138e-004 -7.028173e-001  7.113701e-001
    outer loop
      vertex  4.125582e+001  1.321739e+001  6.453855e+000
      vertex  4.198523e+001  1.323067e+001  6.466250e+000
      vertex  4.107638e+001  1.354511e+001  6.777816e+000
    endloop
  endfacet
  facet normal -1.375819e-002 -7.235629e-001  6.901214e-001
    outer loop
      vertex  4.107638e+001  1.354511e+001  6.777816e+000
      vertex  4.198523e+001  1.323067e+001  6.466250e+000
      vertex  4.174410e+001  1.378133e+001  7.038785e+000
    endloop
  endfacet
  facet normal  3.008558e-003 -7.452141e-001  6.668186e-001
    outer loop
      vertex  4.107638e+001  1.354511e+001  6.777816e+000
      vertex  4.174410e+001  1.378133e+001  7.038785e+000
      vertex  4.088925e+001  1.384256e+001  7.111074e+000
    endloop
  endfacet
  facet normal -4.858227e-003 -7.906367e-001  6.122663e-001
    outer loop
      vertex  4.088925e+001  1.384256e+001  7.111074e+000
      vertex  4.174410e+001  1.378133e+001  7.038785e+000
      vertex  4.069964e+001  1.410909e+001  7.453744e+000
    endloop
  endfacet
  facet normal -1.147441e-002 -7.985289e-001  6.018471e-001
    outer loop
      vertex  4.069964e+001  1.410909e+001  7.453744e+000
      vertex  4.174410e+001  1.378133e+001  7.038785e+000
      vertex  4.150170e+001  1.423871e+001  7.641019e+000
    endloop
  endfacet
  facet normal  5.272910e-003 -8.326660e-001  5.537505e-001
    outer loop
      vertex  4.069964e+001  1.410909e+001  7.453744e+000
      vertex  4.150170e+001  1.423871e+001  7.641019e+000
      vertex  4.049796e+001  1.436230e+001  7.836417e+000
    endloop
  endfacet
  facet normal -5.373736e-003 -8.573645e-001  5.146817e-001
    outer loop
      vertex  4.049796e+001  1.436230e+001  7.836417e+000
      vertex  4.150170e+001  1.423871e+001  7.641019e+000
      vertex  4.135988e+001  1.447517e+001  8.033437e+000
    endloop
  endfacet
  facet normal  5.273111e-003 -8.774617e-001  4.796178e-001
    outer loop
      vertex  4.049796e+001  1.436230e+001  7.836417e+000
      vertex  4.135988e+001  1.447517e+001  8.033437e+000
      vertex  4.030906e+001  1.457631e+001  8.230021e+000
    endloop
  endfacet
  facet normal -1.705724e-002 -9.232537e-001  3.838122e-001
    outer loop
      vertex  4.030906e+001  1.457631e+001  8.230021e+000
      vertex  4.135988e+001  1.447517e+001  8.033437e+000
      vertex  4.013081e+001  1.476065e+001  8.665543e+000
    endloop
  endfacet
  facet normal  1.810521e-002 -8.975369e-001  4.405674e-001
    outer loop
      vertex  4.013081e+001  1.476065e+001  8.665543e+000
      vertex  4.135988e+001  1.447517e+001  8.033437e+000
      vertex  4.123371e+001  1.467024e+001  8.436025e+000
    endloop
  endfacet
  facet normal -1.346335e-002 -9.507017e-001  3.098149e-001
    outer loop
      vertex  4.013081e+001  1.476065e+001  8.665543e+000
      vertex  4.123371e+001  1.467024e+001  8.436025e+000
      vertex  4.005536e+001  1.483414e+001  8.887779e+000
    endloop
  endfacet
  facet normal -3.369458e-003 -9.428203e-001  3.332843e-001
    outer loop
      vertex  4.005536e+001  1.483414e+001  8.887779e+000
      vertex  4.123371e+001  1.467024e+001  8.436025e+000
      vertex  4.110830e+001  1.485186e+001  8.948531e+000
    endloop
  endfacet
  facet normal -5.129686e-002 -9.966419e-001  6.382595e-002
    outer loop
      vertex  4.003115e+001  1.500000e+001  1.000000e+001
      vertex  3.988252e+001  1.499336e+001  9.776792e+000
      vertex  4.006113e+001  1.496626e+001  9.497241e+000
    endloop
  endfacet
  facet normal -1.408479e-002 -9.960609e-001  8.754536e-002
    outer loop
      vertex  4.006113e+001  1.496626e+001  9.497241e+000
      vertex  3.988252e+001  1.499336e+001  9.776792e+000
      vertex  3.990487e+001  1.497347e+001  9.554131e+000
    endloop
  endfacet
  facet normal  8.476991e-003 -9.888602e-001  1.486059e-001
    outer loop
      vertex  4.006113e+001  1.496626e+001  9.497241e+000
      vertex  3.990487e+001  1.497347e+001  9.554131e+000
      vertex  3.994142e+001  1.494049e+001  9.332576e+000
    endloop
  endfacet
  facet normal -1.157975e-002  9.785556e-001  2.056571e-001
    outer loop
      vertex  4.110830e+001 -1.485186e+001  8.948531e+000
      vertex  4.082143e+001 -1.486607e+001  9.000000e+000
      vertex  4.102780e+001 -1.496270e+001  9.471391e+000
    endloop
  endfacet
  facet normal  1.974350e-002  9.811048e-001  1.924666e-001
    outer loop
      vertex  4.102780e+001 -1.496270e+001  9.471391e+000
      vertex  4.082143e+001 -1.486607e+001  9.000000e+000
      vertex  4.095467e+001 -1.496600e+001  9.495742e+000
    endloop
  endfacet
  facet normal -2.202988e-002  9.973578e-001  6.922501e-002
    outer loop
      vertex  4.102780e+001 -1.496270e+001  9.471391e+000
      vertex  4.095467e+001 -1.496600e+001  9.495742e+000
      vertex  4.100000e+001 -1.500000e+001  1.000000e+001
    endloop
  endfacet
  facet normal -9.214342e-001  1.850668e-001 -3.416275e-001
    outer loop
      vertex  4.030917e+001 -1.457619e+001  8.229777e+000
      vertex  4.049814e+001 -1.436209e+001  7.836073e+000
      vertex  4.038490e+001 -1.504423e+001  7.771974e+000
    endloop
  endfacet
  facet normal -9.332396e-001  1.839233e-001 -3.086034e-001
    outer loop
      vertex  4.038490e+001 -1.504423e+001  7.771974e+000
      vertex  4.049814e+001 -1.436209e+001  7.836073e+000
      vertex  4.057101e+001 -1.479874e+001  7.355467e+000
    endloop
  endfacet
  facet normal -9.370178e-001  2.428137e-001 -2.510759e-001
    outer loop
      vertex  4.097655e+001 -1.417578e+001  6.540555e+000
      vertex  4.107657e+001 -1.354480e+001  6.777488e+000
      vertex  4.118130e+001 -1.379669e+001  6.143031e+000
    endloop
  endfacet
  facet normal -9.318535e-001  2.571926e-001 -2.559319e-001
    outer loop
      vertex  4.107657e+001 -1.354480e+001  6.777488e+000
      vertex  4.125599e+001 -1.321708e+001  6.453565e+000
      vertex  4.118130e+001 -1.379669e+001  6.143031e+000
    endloop
  endfacet
  facet normal -9.726241e-001  5.365803e-002 -2.261043e-001
    outer loop
      vertex  3.998423e+001 -1.551004e+001  9.000000e+000
      vertex  4.001114e+001 -1.502228e+001  9.000000e+000
      vertex  4.006540e+001 -1.542159e+001  8.671845e+000
    endloop
  endfacet
  facet normal -9.646662e-001  7.619834e-002 -2.522162e-001
    outer loop
      vertex  4.006540e+001 -1.542159e+001  8.671845e+000
      vertex  4.001114e+001 -1.502228e+001  9.000000e+000
      vertex  4.005536e+001 -1.483412e+001  8.887700e+000
    endloop
  endfacet
  facet normal -9.602559e-001  8.167082e-002 -2.669050e-001
    outer loop
      vertex  4.006540e+001 -1.542159e+001  8.671845e+000
      vertex  4.005536e+001 -1.483412e+001  8.887700e+000
      vertex  4.016208e+001 -1.531262e+001  8.357361e+000
    endloop
  endfacet
  facet normal -9.517108e-001  1.067699e-001 -2.878311e-001
    outer loop
      vertex  4.016208e+001 -1.531262e+001  8.357361e+000
      vertex  4.005536e+001 -1.483412e+001  8.887700e+000
      vertex  4.013084e+001 -1.476060e+001  8.665405e+000
    endloop
  endfacet
  facet normal -9.492438e-001  1.106049e-001 -2.944532e-001
    outer loop
      vertex  4.016208e+001 -1.531262e+001  8.357361e+000
      vertex  4.013084e+001 -1.476060e+001  8.665405e+000
      vertex  4.026983e+001 -1.518604e+001  8.057535e+000
    endloop
  endfacet
  facet normal -9.356267e-001  1.505328e-001 -3.192843e-001
    outer loop
      vertex  4.026983e+001 -1.518604e+001  8.057535e+000
      vertex  4.013084e+001 -1.476060e+001  8.665405e+000
      vertex  4.030917e+001 -1.457619e+001  8.229777e+000
    endloop
  endfacet
  facet normal -9.406059e-001  1.470962e-001 -3.059793e-001
    outer loop
      vertex  4.026983e+001 -1.518604e+001  8.057535e+000
      vertex  4.030917e+001 -1.457619e+001  8.229777e+000
      vertex  4.038490e+001 -1.504423e+001  7.771974e+000
    endloop
  endfacet
  facet normal -9.290442e-001  1.926215e-001 -3.158698e-001
    outer loop
      vertex  4.057101e+001 -1.479874e+001  7.355467e+000
      vertex  4.049814e+001 -1.436209e+001  7.836073e+000
      vertex  4.076067e+001 -1.452464e+001  6.964775e+000
    endloop
  endfacet
  facet normal -9.151747e-001  2.435080e-001 -3.211840e-001
    outer loop
      vertex  4.076067e+001 -1.452464e+001  6.964775e+000
      vertex  4.049814e+001 -1.436209e+001  7.836073e+000
      vertex  4.069987e+001 -1.410878e+001  7.453321e+000
    endloop
  endfacet
  facet normal -9.304246e-001  2.137126e-001 -2.977197e-001
    outer loop
      vertex  4.076067e+001 -1.452464e+001  6.964775e+000
      vertex  4.069987e+001 -1.410878e+001  7.453321e+000
      vertex  4.097655e+001 -1.417578e+001  6.540555e+000
    endloop
  endfacet
  facet normal -9.159979e-001  2.692356e-001 -2.974221e-001
    outer loop
      vertex  4.097655e+001 -1.417578e+001  6.540555e+000
      vertex  4.069987e+001 -1.410878e+001  7.453321e+000
      vertex  4.088945e+001 -1.384225e+001  7.110705e+000
    endloop
  endfacet
  facet normal -9.223350e-001  2.551612e-001 -2.901568e-001
    outer loop
      vertex  4.097655e+001 -1.417578e+001  6.540555e+000
      vertex  4.088945e+001 -1.384225e+001  7.110705e+000
      vertex  4.107657e+001 -1.354480e+001  6.777488e+000
    endloop
  endfacet
  facet normal -9.463287e-001  2.386914e-001 -2.179185e-001
    outer loop
      vertex  4.118130e+001 -1.379669e+001  6.143031e+000
      vertex  4.125599e+001 -1.321708e+001  6.453565e+000
      vertex  4.135692e+001 -1.341881e+001  5.794298e+000
    endloop
  endfacet
  facet normal -9.436880e-001  2.470301e-001 -2.200658e-001
    outer loop
      vertex  4.135692e+001 -1.341881e+001  5.794298e+000
      vertex  4.125599e+001 -1.321708e+001  6.453565e+000
      vertex  4.142291e+001 -1.285964e+001  6.138986e+000
    endloop
  endfacet
  facet normal -9.569982e-001  2.254667e-001 -1.825360e-001
    outer loop
      vertex  4.135692e+001 -1.341881e+001  5.794298e+000
      vertex  4.142291e+001 -1.285964e+001  6.138986e+000
      vertex  4.151384e+001 -1.301937e+001  5.464991e+000
    endloop
  endfacet
  facet normal -9.563222e-001  2.279233e-001 -1.830271e-001
    outer loop
      vertex  4.151384e+001 -1.301937e+001  5.464991e+000
      vertex  4.142291e+001 -1.285964e+001  6.138986e+000
      vertex  4.156440e+001 -1.249667e+001  5.851711e+000
    endloop
  endfacet
  facet normal -9.675083e-001  2.040523e-001 -1.492999e-001
    outer loop
      vertex  4.151384e+001 -1.301937e+001  5.464991e+000
      vertex  4.156440e+001 -1.249667e+001  5.851711e+000
      vertex  4.163235e+001 -1.265604e+001  5.193526e+000
    endloop
  endfacet
  facet normal -9.687092e-001  1.990814e-001 -1.482202e-001
    outer loop
      vertex  4.163235e+001 -1.265604e+001  5.193526e+000
      vertex  4.156440e+001 -1.249667e+001  5.851711e+000
      vertex  4.168659e+001 -1.210912e+001  5.573678e+000
    endloop
  endfacet
  facet normal -9.770077e-001  1.782188e-001 -1.170212e-001
    outer loop
      vertex  4.163235e+001 -1.265604e+001  5.193526e+000
      vertex  4.168659e+001 -1.210912e+001  5.573678e+000
      vertex  4.173195e+001 -1.227946e+001  4.935537e+000
    endloop
  endfacet
  facet normal -9.854315e-001  1.332947e-001 -1.056281e-001
    outer loop
      vertex  4.173195e+001 -1.227946e+001  4.935537e+000
      vertex  4.168659e+001 -1.210912e+001  5.573678e+000
      vertex  4.181073e+001 -1.189111e+001  4.690676e+000
    endloop
  endfacet
  facet normal -9.798431e-001  1.761287e-001 -9.426688e-002
    outer loop
      vertex  4.181073e+001 -1.189111e+001  4.690676e+000
      vertex  4.168659e+001 -1.210912e+001  5.573678e+000
      vertex  4.178143e+001 -1.171828e+001  5.318069e+000
    endloop
  endfacet
  facet normal -9.925469e-001  9.744031e-002 -7.318387e-002
    outer loop
      vertex  4.181073e+001 -1.189111e+001  4.690676e+000
      vertex  4.178143e+001 -1.171828e+001  5.318069e+000
      vertex  4.186695e+001 -1.149261e+001  4.458714e+000
    endloop
  endfacet
  facet normal -9.892797e-001  1.312746e-001 -6.397362e-002
    outer loop
      vertex  4.186695e+001 -1.149261e+001  4.458714e+000
      vertex  4.178143e+001 -1.171828e+001  5.318069e+000
      vertex  4.185190e+001 -1.130724e+001  5.071859e+000
    endloop
  endfacet
  facet normal -9.975477e-001  5.634153e-002 -4.152300e-002
    outer loop
      vertex  4.186695e+001 -1.149261e+001  4.458714e+000
      vertex  4.185190e+001 -1.130724e+001  5.071859e+000
      vertex  4.189906e+001 -1.108573e+001  4.239516e+000
    endloop
  endfacet
  facet normal -9.962066e-001  7.955201e-002 -3.527002e-002
    outer loop
      vertex  4.189906e+001 -1.108573e+001  4.239516e+000
      vertex  4.185190e+001 -1.130724e+001  5.071859e+000
      vertex  4.189458e+001 -1.087749e+001  4.835696e+000
    endloop
  endfacet
  facet normal -9.998842e-001  1.037383e-002 -1.113451e-002
    outer loop
      vertex  4.189906e+001 -1.108573e+001  4.239516e+000
      vertex  4.189458e+001 -1.087749e+001  4.835696e+000
      vertex  4.190564e+001 -1.067239e+001  4.033011e+000
    endloop
  endfacet
  facet normal -9.997342e-001  2.151461e-002 -8.285805e-003
    outer loop
      vertex  4.190564e+001 -1.067239e+001  4.033011e+000
      vertex  4.189458e+001 -1.087749e+001  4.835696e+000
      vertex  4.190606e+001 -1.043093e+001  4.610292e+000
    endloop
  endfacet
  facet normal -9.990458e-001 -4.003220e-002  1.745794e-002
    outer loop
      vertex  4.190564e+001 -1.067239e+001  4.033011e+000
      vertex  4.190606e+001 -1.043093e+001  4.610292e+000
      vertex  4.188552e+001 -1.025466e+001  3.839164e+000
    endloop
  endfacet
  facet normal -9.991690e-001 -3.642597e-002  1.828555e-002
    outer loop
      vertex  4.188552e+001 -1.025466e+001  3.839164e+000
      vertex  4.190606e+001 -1.043093e+001  4.610292e+000
      vertex  4.188805e+001 -1.003083e+001  4.423656e+000
    endloop
  endfacet
  facet normal -9.945783e-001 -9.559888e-002  4.092539e-002
    outer loop
      vertex  4.188552e+001 -1.025466e+001  3.839164e+000
      vertex  4.188805e+001 -1.003083e+001  4.423656e+000
      vertex  4.183770e+001 -9.834720e+000  3.657950e+000
    endloop
  endfacet
  facet normal -9.946554e-001 -9.468924e-002  4.116343e-002
    outer loop
      vertex  4.183770e+001 -9.834720e+000  3.657950e+000
      vertex  4.188805e+001 -1.003083e+001  4.423656e+000
      vertex  4.184176e+001 -9.621659e+000  4.246226e+000
    endloop
  endfacet
  facet normal -9.860807e-001 -1.540338e-001  6.259746e-002
    outer loop
      vertex  4.183770e+001 -9.834720e+000  3.657950e+000
      vertex  4.184176e+001 -9.621659e+000  4.246226e+000
      vertex  4.176142e+001 -9.414932e+000  3.489324e+000
    endloop
  endfacet
  facet normal -9.857082e-001 -1.567051e-001  6.182830e-002
    outer loop
      vertex  4.176142e+001 -9.414932e+000  3.489324e+000
      vertex  4.184176e+001 -9.621659e+000  4.246226e+000
      vertex  4.176510e+001 -9.205647e+000  4.078512e+000
    endloop
  endfacet
  facet normal -9.731981e-001 -2.147162e-001  8.235621e-002
    outer loop
      vertex  4.176142e+001 -9.414932e+000  3.489324e+000
      vertex  4.176510e+001 -9.205647e+000  4.078512e+000
      vertex  4.165617e+001 -8.997784e+000  3.333197e+000
    endloop
  endfacet
  facet normal -9.717790e-001 -2.218571e-001  8.015726e-002
    outer loop
      vertex  4.165617e+001 -8.997784e+000  3.333197e+000
      vertex  4.176510e+001 -9.205647e+000  4.078512e+000
      vertex  4.165617e+001 -8.785407e+000  3.921007e+000
    endloop
  endfacet
  facet normal -9.993746e-001  -0.000000e+000 -3.536027e-002
    outer loop
      vertex  3.987500e+001 -1.516871e+001  1.000000e+001
      vertex  3.987500e+001 -1.500000e+001  1.000000e+001
      vertex  3.988406e+001 -1.515924e+001  9.744051e+000
    endloop
  endfacet
  facet normal -9.994271e-001 -2.602298e-003 -3.374313e-002
    outer loop
      vertex  3.988406e+001 -1.515924e+001  9.744051e+000
      vertex  3.987500e+001 -1.500000e+001  1.000000e+001
      vertex  3.988252e+001 -1.499336e+001  9.776792e+000
    endloop
  endfacet
  facet normal -9.945652e-001  1.121281e-002 -1.035095e-001
    outer loop
      vertex  3.988406e+001 -1.515924e+001  9.744051e+000
      vertex  3.988252e+001 -1.499336e+001  9.776792e+000
      vertex  3.991075e+001 -1.513110e+001  9.490636e+000
    endloop
  endfacet
  facet normal -9.950238e-001  2.983493e-003 -9.959348e-002
    outer loop
      vertex  3.991075e+001 -1.513110e+001  9.490636e+000
      vertex  3.988252e+001 -1.499336e+001  9.776792e+000
      vertex  3.990487e+001 -1.497347e+001  9.554127e+000
    endloop
  endfacet
  facet normal -9.858495e-001  2.966556e-002 -1.649872e-001
    outer loop
      vertex  3.991075e+001 -1.513110e+001  9.490636e+000
      vertex  3.990487e+001 -1.497347e+001  9.554127e+000
      vertex  3.995374e+001 -1.508508e+001  9.242000e+000
    endloop
  endfacet
  facet normal -9.869193e-001  1.632818e-002 -1.603856e-001
    outer loop
      vertex  3.995374e+001 -1.508508e+001  9.242000e+000
      vertex  3.990487e+001 -1.497347e+001  9.554127e+000
      vertex  3.994142e+001 -1.494049e+001  9.332562e+000
    endloop
  endfacet
  facet normal -9.746416e-001  5.307633e-002 -2.173863e-001
    outer loop
      vertex  3.995374e+001 -1.508508e+001  9.242000e+000
      vertex  3.994142e+001 -1.494049e+001  9.332562e+000
      vertex  4.001114e+001 -1.502228e+001  9.000000e+000
    endloop
  endfacet
  facet normal -9.762473e-001  3.629950e-002 -2.135967e-001
    outer loop
      vertex  4.001114e+001 -1.502228e+001  9.000000e+000
      vertex  3.994142e+001 -1.494049e+001  9.332562e+000
      vertex  3.999125e+001 -1.489464e+001  9.112617e+000
    endloop
  endfacet
  facet normal -9.641196e-001  7.453361e-002 -2.547902e-001
    outer loop
      vertex  4.001114e+001 -1.502228e+001  9.000000e+000
      vertex  3.999125e+001 -1.489464e+001  9.112617e+000
      vertex  4.005536e+001 -1.483412e+001  8.887700e+000
    endloop
  endfacet
  facet normal  0.000000e+000  9.703349e-001  2.417644e-001
    outer loop
      vertex  3.952349e+001 -1.551004e+001  9.000000e+000
      vertex  3.998423e+001 -1.551004e+001  9.000000e+000
      vertex  3.877016e+001 -1.547121e+001  8.844143e+000
    endloop
  endfacet
  facet normal  5.866861e-003  9.766033e-001  2.149688e-001
    outer loop
      vertex  3.952349e+001 -1.551004e+001  9.000000e+000
      vertex  3.877016e+001 -1.547121e+001  8.844143e+000
      vertex  3.868549e+001 -1.556191e+001  9.258531e+000
    endloop
  endfacet
  facet normal -8.803860e-003  9.855410e-001  1.692082e-001
    outer loop
      vertex  3.952349e+001 -1.551004e+001  9.000000e+000
      vertex  3.868549e+001 -1.556191e+001  9.258531e+000
      vertex  3.942697e+001 -1.559554e+001  9.492943e+000
    endloop
  endfacet
  facet normal  0.000000e+000  9.990864e-001  4.273447e-002
    outer loop
      vertex  3.862500e+001 -1.562500e+001  1.000000e+001
      vertex  3.939282e+001 -1.562500e+001  1.000000e+001
      vertex  3.864046e+001 -1.560902e+001  9.626499e+000
    endloop
  endfacet
  facet normal -7.354530e-003  9.983175e-001  5.751624e-002
    outer loop
      vertex  3.864046e+001 -1.560902e+001  9.626499e+000
      vertex  3.939282e+001 -1.562500e+001  1.000000e+001
      vertex  3.942697e+001 -1.559554e+001  9.492943e+000
    endloop
  endfacet
  facet normal  4.649778e-003  9.918208e-001  1.275532e-001
    outer loop
      vertex  3.864046e+001 -1.560902e+001  9.626499e+000
      vertex  3.942697e+001 -1.559554e+001  9.492943e+000
      vertex  3.868549e+001 -1.556191e+001  9.258531e+000
    endloop
  endfacet
  facet normal -7.751268e-003  9.544744e-001  2.981922e-001
    outer loop
      vertex  3.877016e+001 -1.547121e+001  8.844143e+000
      vertex  3.998423e+001 -1.551004e+001  9.000000e+000
      vertex  3.888211e+001 -1.534683e+001  8.448935e+000
    endloop
  endfacet
  facet normal  1.143153e-002  9.647624e-001  2.628741e-001
    outer loop
      vertex  3.888211e+001 -1.534683e+001  8.448935e+000
      vertex  3.998423e+001 -1.551004e+001  9.000000e+000
      vertex  4.006540e+001 -1.542159e+001  8.671845e+000
    endloop
  endfacet
  facet normal -1.873285e-003  9.450597e-001  3.268925e-001
    outer loop
      vertex  3.888211e+001 -1.534683e+001  8.448935e+000
      vertex  4.006540e+001 -1.542159e+001  8.671845e+000
      vertex  4.016208e+001 -1.531262e+001  8.357361e+000
    endloop
  endfacet
  facet normal  2.159077e-003  9.264888e-001  3.763162e-001
    outer loop
      vertex  3.888211e+001 -1.534683e+001  8.448935e+000
      vertex  4.016208e+001 -1.531262e+001  8.357361e+000
      vertex  3.900334e+001 -1.520578e+001  8.100981e+000
    endloop
  endfacet
  facet normal -1.031084e-003  9.214001e-001  3.886139e-001
    outer loop
      vertex  3.900334e+001 -1.520578e+001  8.100981e+000
      vertex  4.016208e+001 -1.531262e+001  8.357361e+000
      vertex  4.026983e+001 -1.518604e+001  8.057535e+000
    endloop
  endfacet
  facet normal  1.143930e-003  8.974417e-001  4.411317e-001
    outer loop
      vertex  3.900334e+001 -1.520578e+001  8.100981e+000
      vertex  4.026983e+001 -1.518604e+001  8.057535e+000
      vertex  3.913490e+001 -1.504423e+001  7.771974e+000
    endloop
  endfacet
  facet normal  -0.000000e+000  8.956386e-001  4.447826e-001
    outer loop
      vertex  3.913490e+001 -1.504423e+001  7.771974e+000
      vertex  4.026983e+001 -1.518604e+001  8.057535e+000
      vertex  4.038490e+001 -1.504423e+001  7.771974e+000
    endloop
  endfacet
  facet normal  0.000000e+000  8.614954e-001  5.077654e-001
    outer loop
      vertex  3.913490e+001 -1.504423e+001  7.771974e+000
      vertex  4.038490e+001 -1.504423e+001  7.771974e+000
      vertex  3.932101e+001 -1.479874e+001  7.355467e+000
    endloop
  endfacet
  facet normal  -0.000000e+000  8.614954e-001  5.077654e-001
    outer loop
      vertex  3.932101e+001 -1.479874e+001  7.355467e+000
      vertex  4.038490e+001 -1.504423e+001  7.771974e+000
      vertex  4.057101e+001 -1.479874e+001  7.355467e+000
    endloop
  endfacet
  facet normal  0.000000e+000  8.186275e-001  5.743248e-001
    outer loop
      vertex  3.932101e+001 -1.479874e+001  7.355467e+000
      vertex  4.057101e+001 -1.479874e+001  7.355467e+000
      vertex  3.951067e+001 -1.452464e+001  6.964775e+000
    endloop
  endfacet
  facet normal  -0.000000e+000  8.186275e-001  5.743248e-001
    outer loop
      vertex  3.951067e+001 -1.452464e+001  6.964775e+000
      vertex  4.057101e+001 -1.479874e+001  7.355467e+000
      vertex  4.076067e+001 -1.452464e+001  6.964775e+000
    endloop
  endfacet
  facet normal  0.000000e+000  7.723746e-001  6.351673e-001
    outer loop
      vertex  3.951067e+001 -1.452464e+001  6.964775e+000
      vertex  4.076067e+001 -1.452464e+001  6.964775e+000
      vertex  3.972655e+001 -1.417578e+001  6.540555e+000
    endloop
  endfacet
  facet normal  -0.000000e+000  7.723746e-001  6.351673e-001
    outer loop
      vertex  3.972655e+001 -1.417578e+001  6.540555e+000
      vertex  4.076067e+001 -1.452464e+001  6.964775e+000
      vertex  4.097655e+001 -1.417578e+001  6.540555e+000
    endloop
  endfacet
  facet normal  0.000000e+000  7.236837e-001  6.901318e-001
    outer loop
      vertex  3.972655e+001 -1.417578e+001  6.540555e+000
      vertex  4.097655e+001 -1.417578e+001  6.540555e+000
      vertex  3.993130e+001 -1.379669e+001  6.143031e+000
    endloop
  endfacet
  facet normal  -0.000000e+000  7.236837e-001  6.901318e-001
    outer loop
      vertex  3.993130e+001 -1.379669e+001  6.143031e+000
      vertex  4.097655e+001 -1.417578e+001  6.540555e+000
      vertex  4.118130e+001 -1.379669e+001  6.143031e+000
    endloop
  endfacet
  facet normal  0.000000e+000  6.781985e-001  7.348788e-001
    outer loop
      vertex  3.993130e+001 -1.379669e+001  6.143031e+000
      vertex  4.118130e+001 -1.379669e+001  6.143031e+000
      vertex  4.010692e+001 -1.341881e+001  5.794298e+000
    endloop
  endfacet
  facet normal  -0.000000e+000  6.781985e-001  7.348788e-001
    outer loop
      vertex  4.010692e+001 -1.341881e+001  5.794298e+000
      vertex  4.118130e+001 -1.379669e+001  6.143031e+000
      vertex  4.135692e+001 -1.341881e+001  5.794298e+000
    endloop
  endfacet
  facet normal  0.000000e+000  6.361207e-001  7.715895e-001
    outer loop
      vertex  4.010692e+001 -1.341881e+001  5.794298e+000
      vertex  4.135692e+001 -1.341881e+001  5.794298e+000
      vertex  4.026384e+001 -1.301937e+001  5.464991e+000
    endloop
  endfacet
  facet normal  -0.000000e+000  6.361207e-001  7.715895e-001
    outer loop
      vertex  4.026384e+001 -1.301937e+001  5.464991e+000
      vertex  4.135692e+001 -1.341881e+001  5.794298e+000
      vertex  4.151384e+001 -1.301937e+001  5.464991e+000
    endloop
  endfacet
  facet normal  0.000000e+000  5.985419e-001  8.010915e-001
    outer loop
      vertex  4.026384e+001 -1.301937e+001  5.464991e+000
      vertex  4.151384e+001 -1.301937e+001  5.464991e+000
      vertex  4.038235e+001 -1.265604e+001  5.193526e+000
    endloop
  endfacet
  facet normal  -0.000000e+000  5.985419e-001  8.010915e-001
    outer loop
      vertex  4.038235e+001 -1.265604e+001  5.193526e+000
      vertex  4.151384e+001 -1.301937e+001  5.464991e+000
      vertex  4.163235e+001 -1.265604e+001  5.193526e+000
    endloop
  endfacet
  facet normal  0.000000e+000  5.651724e-001  8.249728e-001
    outer loop
      vertex  4.038235e+001 -1.265604e+001  5.193526e+000
      vertex  4.163235e+001 -1.265604e+001  5.193526e+000
      vertex  4.048195e+001 -1.227946e+001  4.935537e+000
    endloop
  endfacet
  facet normal  -0.000000e+000  5.651724e-001  8.249728e-001
    outer loop
      vertex  4.048195e+001 -1.227946e+001  4.935537e+000
      vertex  4.163235e+001 -1.265604e+001  5.193526e+000
      vertex  4.173195e+001 -1.227946e+001  4.935537e+000
    endloop
  endfacet
  facet normal  0.000000e+000  5.333471e-001  8.458964e-001
    outer loop
      vertex  4.048195e+001 -1.227946e+001  4.935537e+000
      vertex  4.173195e+001 -1.227946e+001  4.935537e+000
      vertex  4.056073e+001 -1.189111e+001  4.690676e+000
    endloop
  endfacet
  facet normal  -0.000000e+000  5.333471e-001  8.458964e-001
    outer loop
      vertex  4.056073e+001 -1.189111e+001  4.690676e+000
      vertex  4.173195e+001 -1.227946e+001  4.935537e+000
      vertex  4.181073e+001 -1.189111e+001  4.690676e+000
    endloop
  endfacet
  facet normal  0.000000e+000  5.030677e-001  8.642470e-001
    outer loop
      vertex  4.056073e+001 -1.189111e+001  4.690676e+000
      vertex  4.181073e+001 -1.189111e+001  4.690676e+000
      vertex  4.061695e+001 -1.149261e+001  4.458714e+000
    endloop
  endfacet
  facet normal  -0.000000e+000  5.030677e-001  8.642470e-001
    outer loop
      vertex  4.061695e+001 -1.149261e+001  4.458714e+000
      vertex  4.181073e+001 -1.189111e+001  4.690676e+000
      vertex  4.186695e+001 -1.149261e+001  4.458714e+000
    endloop
  endfacet
  facet normal  0.000000e+000  4.742866e-001  8.803705e-001
    outer loop
      vertex  4.061695e+001 -1.149261e+001  4.458714e+000
      vertex  4.186695e+001 -1.149261e+001  4.458714e+000
      vertex  4.064906e+001 -1.108573e+001  4.239516e+000
    endloop
  endfacet
  facet normal  -0.000000e+000  4.742866e-001  8.803705e-001
    outer loop
      vertex  4.064906e+001 -1.108573e+001  4.239516e+000
      vertex  4.186695e+001 -1.149261e+001  4.458714e+000
      vertex  4.189906e+001 -1.108573e+001  4.239516e+000
    endloop
  endfacet
  facet normal  0.000000e+000  4.469312e-001  8.945683e-001
    outer loop
      vertex  4.064906e+001 -1.108573e+001  4.239516e+000
      vertex  4.189906e+001 -1.108573e+001  4.239516e+000
      vertex  4.065564e+001 -1.067239e+001  4.033011e+000
    endloop
  endfacet
  facet normal  -0.000000e+000  4.469312e-001  8.945683e-001
    outer loop
      vertex  4.065564e+001 -1.067239e+001  4.033011e+000
      vertex  4.189906e+001 -1.108573e+001  4.239516e+000
      vertex  4.190564e+001 -1.067239e+001  4.033011e+000
    endloop
  endfacet
  facet normal  0.000000e+000  4.209280e-001  9.070940e-001
    outer loop
      vertex  4.065564e+001 -1.067239e+001  4.033011e+000
      vertex  4.190564e+001 -1.067239e+001  4.033011e+000
      vertex  4.063552e+001 -1.025466e+001  3.839164e+000
    endloop
  endfacet
  facet normal  -0.000000e+000  4.209280e-001  9.070940e-001
    outer loop
      vertex  4.063552e+001 -1.025466e+001  3.839164e+000
      vertex  4.190564e+001 -1.067239e+001  4.033011e+000
      vertex  4.188552e+001 -1.025466e+001  3.839164e+000
    endloop
  endfacet
  facet normal  0.000000e+000  3.962105e-001  9.181597e-001
    outer loop
      vertex  4.063552e+001 -1.025466e+001  3.839164e+000
      vertex  4.188552e+001 -1.025466e+001  3.839164e+000
      vertex  4.058770e+001 -9.834720e+000  3.657950e+000
    endloop
  endfacet
  facet normal  -0.000000e+000  3.962105e-001  9.181597e-001
    outer loop
      vertex  4.058770e+001 -9.834720e+000  3.657950e+000
      vertex  4.188552e+001 -1.025466e+001  3.839164e+000
      vertex  4.183770e+001 -9.834720e+000  3.657950e+000
    endloop
  endfacet
  facet normal  0.000000e+000  3.727440e-001  9.279342e-001
    outer loop
      vertex  4.058770e+001 -9.834720e+000  3.657950e+000
      vertex  4.183770e+001 -9.834720e+000  3.657950e+000
      vertex  4.051142e+001 -9.414932e+000  3.489324e+000
    endloop
  endfacet
  facet normal  -0.000000e+000  3.727440e-001  9.279342e-001
    outer loop
      vertex  4.051142e+001 -9.414932e+000  3.489324e+000
      vertex  4.183770e+001 -9.834720e+000  3.657950e+000
      vertex  4.176142e+001 -9.414932e+000  3.489324e+000
    endloop
  endfacet
  facet normal  0.000000e+000  3.505269e-001  9.365526e-001
    outer loop
      vertex  4.051142e+001 -9.414932e+000  3.489324e+000
      vertex  4.176142e+001 -9.414932e+000  3.489324e+000
      vertex  4.040617e+001 -8.997784e+000  3.333197e+000
    endloop
  endfacet
  facet normal  -0.000000e+000  3.505269e-001  9.365526e-001
    outer loop
      vertex  4.040617e+001 -8.997784e+000  3.333197e+000
      vertex  4.176142e+001 -9.414932e+000  3.489324e+000
      vertex  4.165617e+001 -8.997784e+000  3.333197e+000
    endloop
  endfacet
  facet normal -9.618785e-001 -2.734614e-001 -2.911811e-003
    outer loop
      vertex -4.233696e+001 -1.205534e+001  0.000000e+000
      vertex -4.205785e+001 -1.303708e+001  0.000000e+000
      vertex -4.220200e+001 -1.259312e+001  5.925280e+000
    endloop
  endfacet
  facet normal -8.390118e-001 -5.441127e-001 -6.983624e-004
    outer loop
      vertex -4.135988e+001 -1.447517e+001  8.033437e+000
      vertex -4.111512e+001 -1.484228e+001  0.000000e+000
      vertex -4.123371e+001 -1.467024e+001  8.436025e+000
    endloop
  endfacet
  facet normal -8.229176e-001 -5.681608e-001  1.830377e-005
    outer loop
      vertex -4.123371e+001 -1.467024e+001  8.436025e+000
      vertex -4.111512e+001 -1.484228e+001  0.000000e+000
      vertex -4.110830e+001 -1.485186e+001  8.948531e+000
    endloop
  endfacet
  facet normal -6.809397e-001 -7.323387e-001 -1.058294e-003
    outer loop
      vertex -4.035306e+001 -1.575308e+001  9.000000e+000
      vertex -4.046894e+001 -1.563232e+001  0.000000e+000
      vertex -3.972149e+001 -1.632731e+001  0.000000e+000
    endloop
  endfacet
  facet normal -6.658177e-001 -7.461140e-001  8.817925e-004
    outer loop
      vertex -4.035306e+001 -1.575308e+001  9.000000e+000
      vertex -3.972149e+001 -1.632731e+001  0.000000e+000
      vertex -3.961231e+001 -1.641410e+001  9.000000e+000
    endloop
  endfacet
  facet normal -5.752044e-001 -8.180092e-001 -9.107927e-004
    outer loop
      vertex -3.961231e+001 -1.641410e+001  9.000000e+000
      vertex -3.972149e+001 -1.632731e+001  0.000000e+000
      vertex -3.888660e+001 -1.691438e+001  0.000000e+000
    endloop
  endfacet
  facet normal -5.614335e-001 -8.275215e-001  7.283799e-004
    outer loop
      vertex -3.961231e+001 -1.641410e+001  9.000000e+000
      vertex -3.888660e+001 -1.691438e+001  0.000000e+000
      vertex -3.879074e+001 -1.697150e+001  9.000000e+000
    endloop
  endfacet
  facet normal -4.588203e-001 -8.885288e-001 -7.516526e-004
    outer loop
      vertex -3.879074e+001 -1.697150e+001  9.000000e+000
      vertex -3.888660e+001 -1.691438e+001  0.000000e+000
      vertex -3.797974e+001 -1.738267e+001  0.000000e+000
    endloop
  endfacet
  facet normal -8.018559e-001 -5.975175e-001  -0.000000e+000
    outer loop
      vertex -4.100000e+001 -1.500000e+001  9.000000e+000
      vertex -4.100000e+001 -1.500000e+001  1.000000e+001
      vertex -4.102780e+001 -1.496270e+001  9.471391e+000
    endloop
  endfacet
  facet normal -8.071293e-001 -5.903740e-001 -8.762709e-004
    outer loop
      vertex -4.100000e+001 -1.500000e+001  9.000000e+000
      vertex -4.102780e+001 -1.496270e+001  9.471391e+000
      vertex -4.110830e+001 -1.485186e+001  8.948531e+000
    endloop
  endfacet
  facet normal -8.072718e-001 -5.901798e-001 -1.718027e-005
    outer loop
      vertex -4.100000e+001 -1.500000e+001  9.000000e+000
      vertex -4.110830e+001 -1.485186e+001  8.948531e+000
      vertex -4.111512e+001 -1.484228e+001  0.000000e+000
    endloop
  endfacet
  facet normal -7.740643e-001 -6.331058e-001 -1.194194e-003
    outer loop
      vertex -4.100000e+001 -1.500000e+001  9.000000e+000
      vertex -4.111512e+001 -1.484228e+001  0.000000e+000
      vertex -4.046894e+001 -1.563232e+001  0.000000e+000
    endloop
  endfacet
  facet normal -7.585347e-001 -6.516319e-001  1.023740e-003
    outer loop
      vertex -4.100000e+001 -1.500000e+001  9.000000e+000
      vertex -4.046894e+001 -1.563232e+001  0.000000e+000
      vertex -4.035306e+001 -1.575308e+001  9.000000e+000
    endloop
  endfacet
  facet normal -9.553387e-001  2.955130e-001  0.000000e+000
    outer loop
      vertex -4.208094e+001 -8.028100e+000  3.664591e+000
      vertex -4.208094e+001 -8.028100e+000  0.000000e+000
      vertex -4.223993e+001 -8.542082e+000  3.834920e+000
    endloop
  endfacet
  facet normal -9.643533e-001  2.645796e-001 -4.519624e-003
    outer loop
      vertex -4.223993e+001 -8.542082e+000  3.834920e+000
      vertex -4.208094e+001 -8.028100e+000  0.000000e+000
      vertex -4.235098e+001 -9.012364e+000  0.000000e+000
    endloop
  endfacet
  facet normal -9.738283e-001  2.272850e-001  3.282568e-004
    outer loop
      vertex -4.223993e+001 -8.542082e+000  3.834920e+000
      vertex -4.235098e+001 -9.012364e+000  0.000000e+000
      vertex -4.235896e+001 -9.052346e+000  4.019720e+000
    endloop
  endfacet
  facet normal -9.872046e-001  1.594583e-001 -3.729196e-004
    outer loop
      vertex -4.235896e+001 -9.052346e+000  4.019720e+000
      vertex -4.235098e+001 -9.012364e+000  0.000000e+000
      vertex -4.244024e+001 -9.555083e+000  4.218556e+000
    endloop
  endfacet
  facet normal -9.913476e-001  1.311987e-001 -4.096187e-003
    outer loop
      vertex -4.244024e+001 -9.555083e+000  4.218556e+000
      vertex -4.235098e+001 -9.012364e+000  0.000000e+000
      vertex -4.248489e+001 -1.002418e+001  0.000000e+000
    endloop
  endfacet
  facet normal -9.956368e-001  9.331317e-002  1.620103e-004
    outer loop
      vertex -4.244024e+001 -9.555083e+000  4.218556e+000
      vertex -4.248489e+001 -1.002418e+001  0.000000e+000
      vertex -4.248630e+001 -1.004693e+001  4.430907e+000
    endloop
  endfacet
  facet normal -9.999990e-001 -1.292207e-003 -3.251790e-004
    outer loop
      vertex -4.248630e+001 -1.004693e+001  4.430907e+000
      vertex -4.248489e+001 -1.002418e+001  0.000000e+000
      vertex -4.248526e+001 -1.097004e+001  4.884871e+000
    endloop
  endfacet
  facet normal -9.999889e-001 -4.608416e-003 -9.672972e-004
    outer loop
      vertex -4.248526e+001 -1.097004e+001  4.884871e+000
      vertex -4.248489e+001 -1.002418e+001  0.000000e+000
      vertex -4.248019e+001 -1.104480e+001  0.000000e+000
    endloop
  endfacet
  facet normal -9.928609e-001 -1.192750e-001  7.951473e-004
    outer loop
      vertex -4.248526e+001 -1.097004e+001  4.884871e+000
      vertex -4.248019e+001 -1.104480e+001  0.000000e+000
      vertex -4.238239e+001 -1.182302e+001  5.384372e+000
    endloop
  endfacet
  facet normal -9.901015e-001 -1.403340e-001 -2.298675e-003
    outer loop
      vertex -4.238239e+001 -1.182302e+001  5.384372e+000
      vertex -4.248019e+001 -1.104480e+001  0.000000e+000
      vertex -4.233696e+001 -1.205534e+001  0.000000e+000
    endloop
  endfacet
  facet normal -9.738916e-001 -2.270083e-001  1.577867e-003
    outer loop
      vertex -4.238239e+001 -1.182302e+001  5.384372e+000
      vertex -4.233696e+001 -1.205534e+001  0.000000e+000
      vertex -4.220200e+001 -1.259312e+001  5.925280e+000
    endloop
  endfacet
  facet normal -9.158477e-001 -4.015226e-001 -1.632170e-003
    outer loop
      vertex -4.164804e+001 -1.397182e+001  0.000000e+000
      vertex -4.174410e+001 -1.378133e+001  7.038785e+000
      vertex -4.205785e+001 -1.303708e+001  0.000000e+000
    endloop
  endfacet
  facet normal -9.153428e-001 -4.026713e-001 -1.776132e-003
    outer loop
      vertex -4.205785e+001 -1.303708e+001  0.000000e+000
      vertex -4.174410e+001 -1.378133e+001  7.038785e+000
      vertex -4.198523e+001 -1.323067e+001  6.466250e+000
    endloop
  endfacet
  facet normal -9.470343e-001 -3.211308e-001  1.020995e-003
    outer loop
      vertex -4.205785e+001 -1.303708e+001  0.000000e+000
      vertex -4.198523e+001 -1.323067e+001  6.466250e+000
      vertex -4.220200e+001 -1.259312e+001  5.925280e+000
    endloop
  endfacet
  facet normal -8.528520e-001 -5.221482e-001 -2.123770e-003
    outer loop
      vertex -4.111512e+001 -1.484228e+001  0.000000e+000
      vertex -4.135988e+001 -1.447517e+001  8.033437e+000
      vertex -4.164804e+001 -1.397182e+001  0.000000e+000
    endloop
  endfacet
  facet normal -8.563852e-001 -5.163350e-001 -1.632803e-003
    outer loop
      vertex -4.164804e+001 -1.397182e+001  0.000000e+000
      vertex -4.135988e+001 -1.447517e+001  8.033437e+000
      vertex -4.150170e+001 -1.423871e+001  7.641019e+000
    endloop
  endfacet
  facet normal -8.839031e-001 -4.676698e-001  5.940073e-004
    outer loop
      vertex -4.164804e+001 -1.397182e+001  0.000000e+000
      vertex -4.150170e+001 -1.423871e+001  7.641019e+000
      vertex -4.174410e+001 -1.378133e+001  7.038785e+000
    endloop
  endfacet
  facet normal -6.804232e-002 -9.976825e-001  -0.000000e+000
    outer loop
      vertex -3.500000e+001 -1.800000e+001  0.000000e+000
      vertex -3.500000e+001 -1.800000e+001  9.000000e+000
      vertex -3.601827e+001 -1.793055e+001  0.000000e+000
    endloop
  endfacet
  facet normal -6.618633e-002 -9.978073e-001 -2.109527e-004
    outer loop
      vertex -3.601827e+001 -1.793055e+001  0.000000e+000
      vertex -3.500000e+001 -1.800000e+001  9.000000e+000
      vertex -3.599063e+001 -1.793429e+001  9.000000e+000
    endloop
  endfacet
  facet normal -2.028671e-001 -9.792062e-001  2.166093e-004
    outer loop
      vertex -3.601827e+001 -1.793055e+001  0.000000e+000
      vertex -3.599063e+001 -1.793429e+001  9.000000e+000
      vertex -3.701769e+001 -1.772350e+001  0.000000e+000
    endloop
  endfacet
  facet normal -1.974020e-001 -9.803225e-001 -4.331996e-004
    outer loop
      vertex -3.701769e+001 -1.772350e+001  0.000000e+000
      vertex -3.599063e+001 -1.793429e+001  9.000000e+000
      vertex -3.696390e+001 -1.773831e+001  9.000000e+000
    endloop
  endfacet
  facet normal -3.339349e-001 -9.425960e-001  4.449032e-004
    outer loop
      vertex -3.701769e+001 -1.772350e+001  0.000000e+000
      vertex -3.696390e+001 -1.773831e+001  9.000000e+000
      vertex -3.797974e+001 -1.738267e+001  0.000000e+000
    endloop
  endfacet
  facet normal -3.251552e-001 -9.456604e-001 -6.671621e-004
    outer loop
      vertex -3.797974e+001 -1.738267e+001  0.000000e+000
      vertex -3.696390e+001 -1.773831e+001  9.000000e+000
      vertex -3.790275e+001 -1.741549e+001  9.000000e+000
    endloop
  endfacet
  facet normal -4.472135e-001 -8.944271e-001  5.637330e-004
    outer loop
      vertex -3.797974e+001 -1.738267e+001  0.000000e+000
      vertex -3.790275e+001 -1.741549e+001  9.000000e+000
      vertex -3.879074e+001 -1.697150e+001  9.000000e+000
    endloop
  endfacet
  facet normal  0.000000e+000  0.000000e+000  1.000000e+000
    outer loop
      vertex -3.987500e+001 -1.516871e+001  1.000000e+001
      vertex -3.987500e+001 -1.500000e+001  1.000000e+001
      vertex -4.003115e+001 -1.500000e+001  1.000000e+001
    endloop
  endfacet
  facet normal  4.588203e-001  8.885288e-001 -7.516522e-004
    outer loop
      vertex  3.797974e+001  1.738267e+001  0.000000e+000
      vertex  3.879074e+001  1.697150e+001  9.000000e+000
      vertex  3.888660e+001  1.691438e+001  0.000000e+000
    endloop
  endfacet
  facet normal  5.614335e-001  8.275215e-001  7.283795e-004
    outer loop
      vertex  3.888660e+001  1.691438e+001  0.000000e+000
      vertex  3.879074e+001  1.697150e+001  9.000000e+000
      vertex  3.961231e+001  1.641410e+001  9.000000e+000
    endloop
  endfacet
  facet normal  5.752044e-001  8.180092e-001 -9.107923e-004
    outer loop
      vertex  3.888660e+001  1.691438e+001  0.000000e+000
      vertex  3.961231e+001  1.641410e+001  9.000000e+000
      vertex  3.972149e+001  1.632731e+001  0.000000e+000
    endloop
  endfacet
  facet normal  6.658177e-001  7.461140e-001  8.817921e-004
    outer loop
      vertex  3.972149e+001  1.632731e+001  0.000000e+000
      vertex  3.961231e+001  1.641410e+001  9.000000e+000
      vertex  4.035306e+001  1.575308e+001  9.000000e+000
    endloop
  endfacet
  facet normal  6.809397e-001  7.323387e-001 -1.058294e-003
    outer loop
      vertex  3.972149e+001  1.632731e+001  0.000000e+000
      vertex  4.035306e+001  1.575308e+001  9.000000e+000
      vertex  4.046894e+001  1.563232e+001  0.000000e+000
    endloop
  endfacet
  facet normal  8.354321e-001  5.495754e-001 -4.467116e-003
    outer loop
      vertex  4.164804e+001  1.397182e+001  0.000000e+000
      vertex  4.123371e+001  1.467024e+001  8.436025e+000
      vertex  4.135988e+001  1.447517e+001  8.033437e+000
    endloop
  endfacet
  facet normal  8.563851e-001  5.163350e-001 -1.632803e-003
    outer loop
      vertex  4.164804e+001  1.397182e+001  0.000000e+000
      vertex  4.135988e+001  1.447517e+001  8.033437e+000
      vertex  4.150170e+001  1.423871e+001  7.641019e+000
    endloop
  endfacet
  facet normal  8.839030e-001  4.676698e-001  5.940073e-004
    outer loop
      vertex  4.150170e+001  1.423871e+001  7.641019e+000
      vertex  4.174410e+001  1.378133e+001  7.038785e+000
      vertex  4.164804e+001  1.397182e+001  0.000000e+000
    endloop
  endfacet
  facet normal  9.618785e-001  2.734614e-001 -2.911811e-003
    outer loop
      vertex  4.205785e+001  1.303708e+001  0.000000e+000
      vertex  4.220200e+001  1.259312e+001  5.925280e+000
      vertex  4.233696e+001  1.205534e+001  0.000000e+000
    endloop
  endfacet
  facet normal  9.738916e-001  2.270083e-001  1.577866e-003
    outer loop
      vertex  4.220200e+001  1.259312e+001  5.925280e+000
      vertex  4.238239e+001  1.182302e+001  5.384372e+000
      vertex  4.233696e+001  1.205534e+001  0.000000e+000
    endloop
  endfacet
  facet normal  8.018559e-001  5.975175e-001  0.000000e+000
    outer loop
      vertex  4.100000e+001  1.500000e+001  9.000000e+000
      vertex  4.100000e+001  1.500000e+001  1.000000e+001
      vertex  4.102780e+001  1.496270e+001  9.471391e+000
    endloop
  endfacet
  facet normal  8.029219e-001  5.960842e-001 -1.762911e-004
    outer loop
      vertex  4.100000e+001  1.500000e+001  9.000000e+000
      vertex  4.102780e+001  1.496270e+001  9.471391e+000
      vertex  4.111512e+001  1.484228e+001  0.000000e+000
    endloop
  endfacet
  facet normal  7.740643e-001  6.331058e-001 -1.194194e-003
    outer loop
      vertex  4.100000e+001  1.500000e+001  9.000000e+000
      vertex  4.111512e+001  1.484228e+001  0.000000e+000
      vertex  4.046894e+001  1.563232e+001  0.000000e+000
    endloop
  endfacet
  facet normal  7.585347e-001  6.516319e-001  1.023740e-003
    outer loop
      vertex  4.100000e+001  1.500000e+001  9.000000e+000
      vertex  4.046894e+001  1.563232e+001  0.000000e+000
      vertex  4.035306e+001  1.575308e+001  9.000000e+000
    endloop
  endfacet
  facet normal  6.804232e-002  9.976825e-001  0.000000e+000
    outer loop
      vertex  3.500000e+001  1.800000e+001  0.000000e+000
      vertex  3.500000e+001  1.800000e+001  9.000000e+000
      vertex  3.601827e+001  1.793055e+001  0.000000e+000
    endloop
  endfacet
  facet normal  6.618633e-002  9.978073e-001 -2.109527e-004
    outer loop
      vertex  3.601827e+001  1.793055e+001  0.000000e+000
      vertex  3.500000e+001  1.800000e+001  9.000000e+000
      vertex  3.599063e+001  1.793429e+001  9.000000e+000
    endloop
  endfacet
  facet normal  2.028671e-001  9.792062e-001  2.166093e-004
    outer loop
      vertex  3.601827e+001  1.793055e+001  0.000000e+000
      vertex  3.599063e+001  1.793429e+001  9.000000e+000
      vertex  3.701769e+001  1.772350e+001  0.000000e+000
    endloop
  endfacet
  facet normal  1.974020e-001  9.803225e-001 -4.331996e-004
    outer loop
      vertex  3.701769e+001  1.772350e+001  0.000000e+000
      vertex  3.599063e+001  1.793429e+001  9.000000e+000
      vertex  3.696390e+001  1.773831e+001  9.000000e+000
    endloop
  endfacet
  facet normal  3.339349e-001  9.425960e-001  4.449032e-004
    outer loop
      vertex  3.701769e+001  1.772350e+001  0.000000e+000
      vertex  3.696390e+001  1.773831e+001  9.000000e+000
      vertex  3.797974e+001  1.738267e+001  0.000000e+000
    endloop
  endfacet
  facet normal  3.251552e-001  9.456604e-001 -6.671621e-004
    outer loop
      vertex  3.797974e+001  1.738267e+001  0.000000e+000
      vertex  3.696390e+001  1.773831e+001  9.000000e+000
      vertex  3.790275e+001  1.741549e+001  9.000000e+000
    endloop
  endfacet
  facet normal  4.472135e-001  8.944271e-001  5.637330e-004
    outer loop
      vertex  3.797974e+001  1.738267e+001  0.000000e+000
      vertex  3.790275e+001  1.741549e+001  9.000000e+000
      vertex  3.879074e+001  1.697150e+001  9.000000e+000
    endloop
  endfacet
  facet normal  8.114558e-001  5.843517e-001 -8.523826e-003
    outer loop
      vertex  4.123371e+001  1.467024e+001  8.436025e+000
      vertex  4.164804e+001  1.397182e+001  0.000000e+000
      vertex  4.110830e+001  1.485186e+001  8.948531e+000
    endloop
  endfacet
  facet normal  8.528541e-001  5.221494e-001  9.035272e-005
    outer loop
      vertex  4.110830e+001  1.485186e+001  8.948531e+000
      vertex  4.164804e+001  1.397182e+001  0.000000e+000
      vertex  4.111512e+001  1.484228e+001  0.000000e+000
    endloop
  endfacet
  facet normal  8.090701e-001  5.877122e-001 -1.316953e-005
    outer loop
      vertex  4.110830e+001  1.485186e+001  8.948531e+000
      vertex  4.111512e+001  1.484228e+001  0.000000e+000
      vertex  4.102780e+001  1.496270e+001  9.471391e+000
    endloop
  endfacet
  facet normal  9.158477e-001  4.015226e-001 -1.632170e-003
    outer loop
      vertex  4.164804e+001  1.397182e+001  0.000000e+000
      vertex  4.174410e+001  1.378133e+001  7.038785e+000
      vertex  4.205785e+001  1.303708e+001  0.000000e+000
    endloop
  endfacet
  facet normal  9.153428e-001  4.026713e-001 -1.776132e-003
    outer loop
      vertex  4.205785e+001  1.303708e+001  0.000000e+000
      vertex  4.174410e+001  1.378133e+001  7.038785e+000
      vertex  4.198523e+001  1.323067e+001  6.466250e+000
    endloop
  endfacet
  facet normal  9.470343e-001  3.211308e-001  1.020995e-003
    outer loop
      vertex  4.205785e+001  1.303708e+001  0.000000e+000
      vertex  4.198523e+001  1.323067e+001  6.466250e+000
      vertex  4.220200e+001  1.259312e+001  5.925280e+000
    endloop
  endfacet
  facet normal  9.901015e-001  1.403340e-001 -2.298675e-003
    outer loop
      vertex  4.233696e+001  1.205534e+001  0.000000e+000
      vertex  4.238239e+001  1.182302e+001  5.384372e+000
      vertex  4.248019e+001  1.104480e+001  0.000000e+000
    endloop
  endfacet
  facet normal  9.928609e-001  1.192750e-001  7.951473e-004
    outer loop
      vertex  4.248019e+001  1.104480e+001  0.000000e+000
      vertex  4.238239e+001  1.182302e+001  5.384372e+000
      vertex  4.248526e+001  1.097004e+001  4.884871e+000
    endloop
  endfacet
  facet normal  9.999889e-001  4.608416e-003 -9.672972e-004
    outer loop
      vertex  4.248019e+001  1.104480e+001  0.000000e+000
      vertex  4.248526e+001  1.097004e+001  4.884871e+000
      vertex  4.248489e+001  1.002418e+001  0.000000e+000
    endloop
  endfacet
  facet normal  9.999990e-001  1.292207e-003 -3.251790e-004
    outer loop
      vertex  4.248489e+001  1.002418e+001  0.000000e+000
      vertex  4.248526e+001  1.097004e+001  4.884871e+000
      vertex  4.248630e+001  1.004693e+001  4.430907e+000
    endloop
  endfacet
  facet normal  9.913559e-001 -1.311998e-001  3.579223e-004
    outer loop
      vertex  4.248489e+001  1.002418e+001  0.000000e+000
      vertex  4.248630e+001  1.004693e+001  4.430907e+000
      vertex  4.235098e+001  9.012364e+000  0.000000e+000
    endloop
  endfacet
  facet normal  9.959739e-001 -8.912721e-002 -9.606577e-003
    outer loop
      vertex  4.235098e+001  9.012364e+000  0.000000e+000
      vertex  4.248630e+001  1.004693e+001  4.430907e+000
      vertex  4.244024e+001  9.555083e+000  4.218556e+000
    endloop
  endfacet
  facet normal  9.872046e-001 -1.594583e-001 -3.729196e-004
    outer loop
      vertex  4.235098e+001  9.012364e+000  0.000000e+000
      vertex  4.244024e+001  9.555083e+000  4.218556e+000
      vertex  4.235896e+001  9.052346e+000  4.019720e+000
    endloop
  endfacet
  facet normal  9.643629e-001 -2.645823e-001  7.180140e-004
    outer loop
      vertex  4.235098e+001  9.012364e+000  0.000000e+000
      vertex  4.235896e+001  9.052346e+000  4.019720e+000
      vertex  4.208094e+001  8.028100e+000  0.000000e+000
    endloop
  endfacet
  facet normal  9.746315e-001 -2.235718e-001 -1.044189e-002
    outer loop
      vertex  4.208094e+001  8.028100e+000  0.000000e+000
      vertex  4.235896e+001  9.052346e+000  4.019720e+000
      vertex  4.223993e+001  8.542082e+000  3.834920e+000
    endloop
  endfacet
  facet normal  9.553387e-001 -2.955130e-001  0.000000e+000
    outer loop
      vertex  4.208094e+001  8.028100e+000  0.000000e+000
      vertex  4.223993e+001  8.542082e+000  3.834920e+000
      vertex  4.208094e+001  8.028100e+000  3.664591e+000
    endloop
  endfacet
  facet normal  0.000000e+000  -0.000000e+000  1.000000e+000
    outer loop
      vertex -4.003115e+001  1.500000e+001  1.000000e+001
      vertex -3.987500e+001  1.500000e+001  1.000000e+001
      vertex -3.987500e+001  1.516871e+001  1.000000e+001
    endloop
  endfacet
  facet normal  0.000000e+000  0.000000e+000  1.000000e+000
    outer loop
      vertex  3.987500e+001  1.516871e+001  1.000000e+001
      vertex  3.987500e+001  1.500000e+001  1.000000e+001
      vertex  4.003115e+001  1.500000e+001  1.000000e+001
    endloop
  endfacet
  facet normal -9.436697e-001 -2.459126e-001 -2.213919e-001
    outer loop
      vertex  4.134213e+001  1.345301e+001  5.824227e+000
      vertex  4.142278e+001  1.285993e+001  6.139227e+000
      vertex  4.125582e+001  1.321739e+001  6.453855e+000
    endloop
  endfacet
  facet normal -9.454617e-001 -2.405504e-001 -2.196309e-001
    outer loop
      vertex  4.134213e+001  1.345301e+001  5.824227e+000
      vertex  4.125582e+001  1.321739e+001  6.453855e+000
      vertex  4.116567e+001  1.382766e+001  6.173514e+000
    endloop
  endfacet
  facet normal -9.318414e-001 -2.558503e-001 -2.573168e-001
    outer loop
      vertex  4.125582e+001  1.321739e+001  6.453855e+000
      vertex  4.107638e+001  1.354511e+001  6.777816e+000
      vertex  4.116567e+001  1.382766e+001  6.173514e+000
    endloop
  endfacet
  facet normal -9.214392e-001 -1.826256e-001 -3.429251e-001
    outer loop
      vertex  4.049796e+001  1.436230e+001  7.836417e+000
      vertex  4.030906e+001  1.457631e+001  8.230021e+000
      vertex  4.037096e+001  1.506179e+001  7.805148e+000
    endloop
  endfacet
  facet normal -9.994332e-001  -0.000000e+000 -3.366588e-002
    outer loop
      vertex  3.987500e+001  1.500000e+001  1.000000e+001
      vertex  3.987500e+001  1.516871e+001  1.000000e+001
      vertex  3.988252e+001  1.499336e+001  9.776792e+000
    endloop
  endfacet
  facet normal -9.993686e-001  2.281222e-003 -3.545588e-002
    outer loop
      vertex  3.988252e+001  1.499336e+001  9.776792e+000
      vertex  3.987500e+001  1.516871e+001  1.000000e+001
      vertex  3.988406e+001  1.515923e+001  9.744025e+000
    endloop
  endfacet
  facet normal -9.950398e-001 -1.029983e-002 -9.894338e-002
    outer loop
      vertex  3.988252e+001  1.499336e+001  9.776792e+000
      vertex  3.988406e+001  1.515923e+001  9.744025e+000
      vertex  3.990487e+001  1.497347e+001  9.554131e+000
    endloop
  endfacet
  facet normal -9.945421e-001 -4.846335e-003 -1.042237e-001
    outer loop
      vertex  3.990487e+001  1.497347e+001  9.554131e+000
      vertex  3.988406e+001  1.515923e+001  9.744025e+000
      vertex  3.991076e+001  1.513109e+001  9.490598e+000
    endloop
  endfacet
  facet normal -9.869373e-001 -2.713067e-002 -1.588045e-001
    outer loop
      vertex  3.990487e+001  1.497347e+001  9.554131e+000
      vertex  3.991076e+001  1.513109e+001  9.490598e+000
      vertex  3.994142e+001  1.494049e+001  9.332576e+000
    endloop
  endfacet
  facet normal -9.857917e-001 -2.037341e-002 -1.667327e-001
    outer loop
      vertex  3.994142e+001  1.494049e+001  9.332576e+000
      vertex  3.991076e+001  1.513109e+001  9.490598e+000
      vertex  3.995376e+001  1.508506e+001  9.241970e+000
    endloop
  endfacet
  facet normal -9.762644e-001 -4.891986e-002 -2.109856e-001
    outer loop
      vertex  3.994142e+001  1.494049e+001  9.332576e+000
      vertex  3.995376e+001  1.508506e+001  9.241970e+000
      vertex  3.999125e+001  1.489464e+001  9.112645e+000
    endloop
  endfacet
  facet normal -9.745446e-001 -4.235220e-002 -2.201573e-001
    outer loop
      vertex  3.999125e+001  1.489464e+001  9.112645e+000
      vertex  3.995376e+001  1.508506e+001  9.241970e+000
      vertex  4.001115e+001  1.502226e+001  9.000000e+000
    endloop
  endfacet
  facet normal -9.641162e-001 -7.455364e-002 -2.547971e-001
    outer loop
      vertex  3.999125e+001  1.489464e+001  9.112645e+000
      vertex  4.001115e+001  1.502226e+001  9.000000e+000
      vertex  4.005536e+001  1.483414e+001  8.887779e+000
    endloop
  endfacet
  facet normal -9.732751e-001  2.159779e-001  7.803309e-002
    outer loop
      vertex  4.165617e+001  8.997784e+000  3.333197e+000
      vertex  4.165617e+001  8.785407e+000  3.921007e+000
      vertex  4.176237e+001  9.419338e+000  3.491033e+000
    endloop
  endfacet
  facet normal -9.717830e-001  2.201830e-001  8.460136e-002
    outer loop
      vertex  4.176237e+001  9.419338e+000  3.491033e+000
      vertex  4.165617e+001  8.785407e+000  3.921007e+000
      vertex  4.176511e+001  9.205677e+000  4.078524e+000
    endloop
  endfacet
  facet normal -9.862475e-001  1.537940e-001  6.052407e-002
    outer loop
      vertex  4.176237e+001  9.419338e+000  3.491033e+000
      vertex  4.176511e+001  9.205677e+000  4.078524e+000
      vertex  4.183899e+001  9.843560e+000  3.661634e+000
    endloop
  endfacet
  facet normal -9.857079e-001  1.558991e-001  6.384075e-002
    outer loop
      vertex  4.183899e+001  9.843560e+000  3.661634e+000
      vertex  4.176511e+001  9.205677e+000  4.078524e+000
      vertex  4.184177e+001  9.621718e+000  4.246251e+000
    endloop
  endfacet
  facet normal -9.947450e-001  9.406798e-002  4.042089e-002
    outer loop
      vertex  4.183899e+001  9.843560e+000  3.661634e+000
      vertex  4.184177e+001  9.621718e+000  4.246251e+000
      vertex  4.188657e+001  1.026788e+001  3.845093e+000
    endloop
  endfacet
  facet normal -9.946561e-001  9.461622e-002  4.131386e-002
    outer loop
      vertex  4.188657e+001  1.026788e+001  3.845093e+000
      vertex  4.184177e+001  9.621718e+000  4.246251e+000
      vertex  4.188807e+001  1.003092e+001  4.423696e+000
    endloop
  endfacet
  facet normal -9.991391e-001  3.742442e-002  1.790268e-002
    outer loop
      vertex  4.188657e+001  1.026788e+001  3.845093e+000
      vertex  4.188807e+001  1.003092e+001  4.423696e+000
      vertex  4.190590e+001  1.068989e+001  4.041453e+000
    endloop
  endfacet
  facet normal -9.991702e-001  3.696334e-002  1.710636e-002
    outer loop
      vertex  4.190590e+001  1.068989e+001  4.041453e+000
      vertex  4.188807e+001  1.003092e+001  4.423696e+000
      vertex  4.190606e+001  1.043104e+001  4.610348e+000
    endloop
  endfacet
  facet normal -9.998565e-001 -1.552626e-002 -6.776130e-003
    outer loop
      vertex  4.190590e+001  1.068989e+001  4.041453e+000
      vertex  4.190606e+001  1.043104e+001  4.610348e+000
      vertex  4.189800e+001  1.110730e+001  4.250740e+000
    endloop
  endfacet
  facet normal -9.997309e-001 -1.900045e-002 -1.331239e-002
    outer loop
      vertex  4.189800e+001  1.110730e+001  4.250740e+000
      vertex  4.190606e+001  1.043104e+001  4.610348e+000
      vertex  4.189457e+001  1.087765e+001  4.835778e+000
    endloop
  endfacet
  facet normal -9.973714e-001 -6.527184e-002 -3.146238e-002
    outer loop
      vertex  4.189800e+001  1.110730e+001  4.250740e+000
      vertex  4.189457e+001  1.087765e+001  4.835778e+000
      vertex  4.186411e+001  1.151802e+001  4.472990e+000
    endloop
  endfacet
  facet normal -9.962192e-001 -7.356957e-002 -4.620580e-002
    outer loop
      vertex  4.186411e+001  1.151802e+001  4.472990e+000
      vertex  4.189457e+001  1.087765e+001  4.835778e+000
      vertex  4.185188e+001  1.130744e+001  5.071970e+000
    endloop
  endfacet
  facet normal -9.922144e-001 -1.097605e-001 -5.884779e-002
    outer loop
      vertex  4.186411e+001  1.151802e+001  4.472990e+000
      vertex  4.185188e+001  1.130744e+001  5.071970e+000
      vertex  4.180568e+001  1.192007e+001  4.708277e+000
    endloop
  endfacet
  facet normal -9.893368e-001 -1.219133e-001 -7.968435e-002
    outer loop
      vertex  4.180568e+001  1.192007e+001  4.708277e+000
      vertex  4.185188e+001  1.130744e+001  5.071970e+000
      vertex  4.178139e+001  1.171850e+001  5.318210e+000
    endloop
  endfacet
  facet normal -9.849535e-001 -1.485512e-001 -8.831267e-002
    outer loop
      vertex  4.180568e+001  1.192007e+001  4.708277e+000
      vertex  4.178139e+001  1.171850e+001  5.318210e+000
      vertex  4.172435e+001  1.231162e+001  4.956747e+000
    endloop
  endfacet
  facet normal -9.799718e-001 -1.635167e-001 -1.136556e-001
    outer loop
      vertex  4.172435e+001  1.231162e+001  4.956747e+000
      vertex  4.178139e+001  1.171850e+001  5.318210e+000
      vertex  4.168652e+001  1.210937e+001  5.573851e+000
    endloop
  endfacet
  facet normal -9.761845e-001 -1.812392e-001 -1.192320e-001
    outer loop
      vertex  4.172435e+001  1.231162e+001  4.956747e+000
      vertex  4.168652e+001  1.210937e+001  5.573851e+000
      vertex  4.162192e+001  1.269103e+001  5.218644e+000
    endloop
  endfacet
  facet normal -9.686947e-001 -1.985782e-001 -1.489871e-001
    outer loop
      vertex  4.162192e+001  1.269103e+001  5.218644e+000
      vertex  4.168652e+001  1.210937e+001  5.573851e+000
      vertex  4.156430e+001  1.249695e+001  5.851918e+000
    endloop
  endfacet
  facet normal -9.665256e-001 -2.071307e-001 -1.514109e-001
    outer loop
      vertex  4.162192e+001  1.269103e+001  5.218644e+000
      vertex  4.156430e+001  1.249695e+001  5.851918e+000
      vertex  4.150035e+001  1.305676e+001  5.494341e+000
    endloop
  endfacet
  facet normal -9.563041e-001 -2.269709e-001 -1.843002e-001
    outer loop
      vertex  4.150035e+001  1.305676e+001  5.494341e+000
      vertex  4.156430e+001  1.249695e+001  5.851918e+000
      vertex  4.142278e+001  1.285993e+001  6.139227e+000
    endloop
  endfacet
  facet normal -9.559935e-001 -2.280418e-001 -1.845897e-001
    outer loop
      vertex  4.150035e+001  1.305676e+001  5.494341e+000
      vertex  4.142278e+001  1.285993e+001  6.139227e+000
      vertex  4.134213e+001  1.345301e+001  5.824227e+000
    endloop
  endfacet
  facet normal -9.363767e-001 -2.439085e-001 -2.524034e-001
    outer loop
      vertex  4.116567e+001  1.382766e+001  6.173514e+000
      vertex  4.107638e+001  1.354511e+001  6.777816e+000
      vertex  4.096001e+001  1.420414e+001  6.572659e+000
    endloop
  endfacet
  facet normal -9.223279e-001 -2.536100e-001 -2.915362e-001
    outer loop
      vertex  4.096001e+001  1.420414e+001  6.572659e+000
      vertex  4.107638e+001  1.354511e+001  6.777816e+000
      vertex  4.088925e+001  1.384256e+001  7.111074e+000
    endloop
  endfacet
  facet normal -9.303769e-001 -2.358494e-001 -2.806666e-001
    outer loop
      vertex  4.096001e+001  1.420414e+001  6.572659e+000
      vertex  4.088925e+001  1.384256e+001  7.111074e+000
      vertex  4.074377e+001  1.455019e+001  6.998703e+000
    endloop
  endfacet
  facet normal -9.163734e-001 -2.393572e-001 -3.208863e-001
    outer loop
      vertex  4.074377e+001  1.455019e+001  6.998703e+000
      vertex  4.088925e+001  1.384256e+001  7.111074e+000
      vertex  4.069964e+001  1.410909e+001  7.453744e+000
    endloop
  endfacet
  facet normal -9.294073e-001 -2.158429e-001 -2.993560e-001
    outer loop
      vertex  4.074377e+001  1.455019e+001  6.998703e+000
      vertex  4.069964e+001  1.410909e+001  7.453744e+000
      vertex  4.055532e+001  1.482028e+001  7.389044e+000
    endloop
  endfacet
  facet normal -9.154580e-001 -2.166304e-001 -3.391285e-001
    outer loop
      vertex  4.055532e+001  1.482028e+001  7.389044e+000
      vertex  4.069964e+001  1.410909e+001  7.453744e+000
      vertex  4.049796e+001  1.436230e+001  7.836417e+000
    endloop
  endfacet
  facet normal -9.337859e-001 -1.832762e-001 -3.073334e-001
    outer loop
      vertex  4.055532e+001  1.482028e+001  7.389044e+000
      vertex  4.049796e+001  1.436230e+001  7.836417e+000
      vertex  4.037096e+001  1.506179e+001  7.805148e+000
    endloop
  endfacet
  facet normal -9.561180e-001 -5.275181e-002 -2.881936e-001
    outer loop
      vertex  4.001115e+001  1.502226e+001  9.000000e+000
      vertex  3.998424e+001  1.551005e+001  9.000000e+000
      vertex  4.005536e+001  1.483414e+001  8.887779e+000
    endloop
  endfacet
  facet normal -9.728087e-001 -6.547078e-002 -2.221643e-001
    outer loop
      vertex  4.005536e+001  1.483414e+001  8.887779e+000
      vertex  3.998424e+001  1.551005e+001  9.000000e+000
      vertex  4.006276e+001  1.542453e+001  8.681373e+000
    endloop
  endfacet
  facet normal -9.517537e-001 -9.056756e-002 -2.931937e-001
    outer loop
      vertex  4.005536e+001  1.483414e+001  8.887779e+000
      vertex  4.006276e+001  1.542453e+001  8.681373e+000
      vertex  4.013081e+001  1.476065e+001  8.665543e+000
    endloop
  endfacet
  facet normal -9.608224e-001 -9.225622e-002 -2.613599e-001
    outer loop
      vertex  4.013081e+001  1.476065e+001  8.665543e+000
      vertex  4.006276e+001  1.542453e+001  8.681373e+000
      vertex  4.015600e+001  1.531962e+001  8.375624e+000
    endloop
  endfacet
  facet normal -9.356932e-001 -1.282961e-001 -3.286613e-001
    outer loop
      vertex  4.013081e+001  1.476065e+001  8.665543e+000
      vertex  4.015600e+001  1.531962e+001  8.375624e+000
      vertex  4.030906e+001  1.457631e+001  8.230021e+000
    endloop
  endfacet
  facet normal -9.498224e-001 -1.408813e-001 -2.792667e-001
    outer loop
      vertex  4.030906e+001  1.457631e+001  8.230021e+000
      vertex  4.015600e+001  1.531962e+001  8.375624e+000
      vertex  4.025989e+001  1.519797e+001  8.083660e+000
    endloop
  endfacet
  facet normal -9.413993e-001 -1.460464e-001 -3.040359e-001
    outer loop
      vertex  4.030906e+001  1.457631e+001  8.230021e+000
      vertex  4.025989e+001  1.519797e+001  8.083660e+000
      vertex  4.037096e+001  1.506179e+001  7.805148e+000
    endloop
  endfacet
  facet normal -7.585347e-001  6.516319e-001  1.023740e-003
    outer loop
      vertex -4.100000e+001  1.500000e+001  9.000000e+000
      vertex -4.035306e+001  1.575308e+001  9.000000e+000
      vertex -4.046894e+001  1.563232e+001  0.000000e+000
    endloop
  endfacet
  facet normal -4.588203e-001  8.885288e-001 -7.516526e-004
    outer loop
      vertex -3.797974e+001  1.738267e+001  0.000000e+000
      vertex -3.888660e+001  1.691438e+001  0.000000e+000
      vertex -3.879074e+001  1.697150e+001  9.000000e+000
    endloop
  endfacet
  facet normal -5.614335e-001  8.275215e-001  7.283795e-004
    outer loop
      vertex -3.961231e+001  1.641410e+001  9.000000e+000
      vertex -3.879074e+001  1.697150e+001  9.000000e+000
      vertex -3.888660e+001  1.691438e+001  0.000000e+000
    endloop
  endfacet
  facet normal -5.752044e-001  8.180092e-001 -9.107927e-004
    outer loop
      vertex -3.888660e+001  1.691438e+001  0.000000e+000
      vertex -3.972149e+001  1.632731e+001  0.000000e+000
      vertex -3.961231e+001  1.641410e+001  9.000000e+000
    endloop
  endfacet
  facet normal -6.658177e-001  7.461140e-001  8.817921e-004
    outer loop
      vertex -4.035306e+001  1.575308e+001  9.000000e+000
      vertex -3.961231e+001  1.641410e+001  9.000000e+000
      vertex -3.972149e+001  1.632731e+001  0.000000e+000
    endloop
  endfacet
  facet normal -6.809397e-001  7.323387e-001 -1.058294e-003
    outer loop
      vertex -3.972149e+001  1.632731e+001  0.000000e+000
      vertex -4.046894e+001  1.563232e+001  0.000000e+000
      vertex -4.035306e+001  1.575308e+001  9.000000e+000
    endloop
  endfacet
  facet normal -8.354322e-001  5.495754e-001 -4.467112e-003
    outer loop
      vertex -4.123371e+001  1.467024e+001  8.436025e+000
      vertex -4.164804e+001  1.397182e+001  0.000000e+000
      vertex -4.135988e+001  1.447517e+001  8.033437e+000
    endloop
  endfacet
  facet normal -8.563851e-001  5.163350e-001 -1.632803e-003
    outer loop
      vertex -4.150170e+001  1.423871e+001  7.641019e+000
      vertex -4.135988e+001  1.447517e+001  8.033437e+000
      vertex -4.164804e+001  1.397182e+001  0.000000e+000
    endloop
  endfacet
  facet normal -9.470343e-001  3.211308e-001  1.020995e-003
    outer loop
      vertex -4.220200e+001  1.259312e+001  5.925280e+000
      vertex -4.198523e+001  1.323067e+001  6.466250e+000
      vertex -4.205785e+001  1.303708e+001  0.000000e+000
    endloop
  endfacet
  facet normal -9.618785e-001  2.734614e-001 -2.911811e-003
    outer loop
      vertex -4.205785e+001  1.303708e+001  0.000000e+000
      vertex -4.233696e+001  1.205534e+001  0.000000e+000
      vertex -4.220200e+001  1.259312e+001  5.925280e+000
    endloop
  endfacet
  facet normal -9.738916e-001  2.270083e-001  1.577867e-003
    outer loop
      vertex -4.220200e+001  1.259312e+001  5.925280e+000
      vertex -4.233696e+001  1.205534e+001  0.000000e+000
      vertex -4.238239e+001  1.182302e+001  5.384372e+000
    endloop
  endfacet
  facet normal -8.528534e-001  5.221490e-001 -1.340854e-003
    outer loop
      vertex -4.111512e+001  1.484228e+001  0.000000e+000
      vertex -4.164804e+001  1.397182e+001  0.000000e+000
      vertex -4.123371e+001  1.467024e+001  8.436025e+000
    endloop
  endfacet
  facet normal -8.229176e-001  5.681608e-001  1.830318e-005
    outer loop
      vertex -4.111512e+001  1.484228e+001  0.000000e+000
      vertex -4.123371e+001  1.467024e+001  8.436025e+000
      vertex -4.110830e+001  1.485186e+001  8.948531e+000
    endloop
  endfacet
  facet normal -8.090701e-001  5.877122e-001 -1.316958e-005
    outer loop
      vertex -4.111512e+001  1.484228e+001  0.000000e+000
      vertex -4.110830e+001  1.485186e+001  8.948531e+000
      vertex -4.102780e+001  1.496270e+001  9.471391e+000
    endloop
  endfacet
  facet normal -8.001640e-001  5.997812e-001 -2.487208e-004
    outer loop
      vertex -4.111512e+001  1.484228e+001  0.000000e+000
      vertex -4.102780e+001  1.496270e+001  9.471391e+000
      vertex -4.100000e+001  1.500000e+001  1.000000e+001
    endloop
  endfacet
  facet normal -8.077390e-001  5.895404e-001  0.000000e+000
    outer loop
      vertex -4.111512e+001  1.484228e+001  0.000000e+000
      vertex -4.100000e+001  1.500000e+001  1.000000e+001
      vertex -4.100000e+001  1.500000e+001  9.000000e+000
    endloop
  endfacet
  facet normal -7.740643e-001  6.331058e-001 -1.194194e-003
    outer loop
      vertex -4.111512e+001  1.484228e+001  0.000000e+000
      vertex -4.100000e+001  1.500000e+001  9.000000e+000
      vertex -4.046894e+001  1.563232e+001  0.000000e+000
    endloop
  endfacet
  facet normal -6.618633e-002  9.978073e-001  0.000000e+000
    outer loop
      vertex -3.500000e+001  1.800000e+001  9.000000e+000
      vertex -3.500000e+001  1.800000e+001  0.000000e+000
      vertex -3.599063e+001  1.793429e+001  9.000000e+000
    endloop
  endfacet
  facet normal -6.804232e-002  9.976825e-001 -2.051999e-004
    outer loop
      vertex -3.599063e+001  1.793429e+001  9.000000e+000
      vertex -3.500000e+001  1.800000e+001  0.000000e+000
      vertex -3.601827e+001  1.793055e+001  0.000000e+000
    endloop
  endfacet
  facet normal -1.974020e-001  9.803227e-001  1.993589e-004
    outer loop
      vertex -3.599063e+001  1.793429e+001  9.000000e+000
      vertex -3.601827e+001  1.793055e+001  0.000000e+000
      vertex -3.696390e+001  1.773831e+001  9.000000e+000
    endloop
  endfacet
  facet normal -2.028671e-001  9.792061e-001 -3.986992e-004
    outer loop
      vertex -3.696390e+001  1.773831e+001  9.000000e+000
      vertex -3.601827e+001  1.793055e+001  0.000000e+000
      vertex -3.701769e+001  1.772350e+001  0.000000e+000
    endloop
  endfacet
  facet normal -3.251553e-001  9.456606e-001  3.873867e-004
    outer loop
      vertex -3.696390e+001  1.773831e+001  9.000000e+000
      vertex -3.701769e+001  1.772350e+001  0.000000e+000
      vertex -3.790275e+001  1.741549e+001  9.000000e+000
    endloop
  endfacet
  facet normal -3.339349e-001  9.425959e-001 -5.808870e-004
    outer loop
      vertex -3.790275e+001  1.741549e+001  9.000000e+000
      vertex -3.701769e+001  1.772350e+001  0.000000e+000
      vertex -3.797974e+001  1.738267e+001  0.000000e+000
    endloop
  endfacet
  facet normal -4.472135e-001  8.944271e-001  5.637332e-004
    outer loop
      vertex -3.790275e+001  1.741549e+001  9.000000e+000
      vertex -3.797974e+001  1.738267e+001  0.000000e+000
      vertex -3.879074e+001  1.697150e+001  9.000000e+000
    endloop
  endfacet
  facet normal -9.158475e-001  4.015225e-001 -1.736071e-003
    outer loop
      vertex -4.205785e+001  1.303708e+001  0.000000e+000
      vertex -4.198523e+001  1.323067e+001  6.466250e+000
      vertex -4.164804e+001  1.397182e+001  0.000000e+000
    endloop
  endfacet
  facet normal -9.154110e-001  4.025173e-001 -1.599290e-003
    outer loop
      vertex -4.164804e+001  1.397182e+001  0.000000e+000
      vertex -4.198523e+001  1.323067e+001  6.466250e+000
      vertex -4.174410e+001  1.378133e+001  7.038785e+000
    endloop
  endfacet
  facet normal -8.839030e-001  4.676698e-001  5.940073e-004
    outer loop
      vertex -4.164804e+001  1.397182e+001  0.000000e+000
      vertex -4.174410e+001  1.378133e+001  7.038785e+000
      vertex -4.150170e+001  1.423871e+001  7.641019e+000
    endloop
  endfacet
  facet normal -9.925816e-001  1.215401e-001 -3.130504e-003
    outer loop
      vertex -4.238239e+001  1.182302e+001  5.384372e+000
      vertex -4.233696e+001  1.205534e+001  0.000000e+000
      vertex -4.248526e+001  1.097004e+001  4.884871e+000
    endloop
  endfacet
  facet normal -9.901036e-001  1.403342e-001  1.120335e-003
    outer loop
      vertex -4.248526e+001  1.097004e+001  4.884871e+000
      vertex -4.233696e+001  1.205534e+001  0.000000e+000
      vertex -4.248019e+001  1.104480e+001  0.000000e+000
    endloop
  endfacet
  facet normal -9.999981e-001  1.630406e-003 -1.012887e-003
    outer loop
      vertex -4.248526e+001  1.097004e+001  4.884871e+000
      vertex -4.248019e+001  1.104480e+001  0.000000e+000
      vertex -4.248630e+001  1.004693e+001  4.430907e+000
    endloop
  endfacet
  facet normal -9.999893e-001  4.608418e-003 -3.422047e-004
    outer loop
      vertex -4.248630e+001  1.004693e+001  4.430907e+000
      vertex -4.248019e+001  1.104480e+001  0.000000e+000
      vertex -4.248489e+001  1.002418e+001  0.000000e+000
    endloop
  endfacet
  facet normal -9.956368e-001 -9.331317e-002  1.620103e-004
    outer loop
      vertex -4.248630e+001  1.004693e+001  4.430907e+000
      vertex -4.248489e+001  1.002418e+001  0.000000e+000
      vertex -4.244024e+001  9.555083e+000  4.218556e+000
    endloop
  endfacet
  facet normal -9.913476e-001 -1.311987e-001 -4.096187e-003
    outer loop
      vertex -4.244024e+001  9.555083e+000  4.218556e+000
      vertex -4.248489e+001  1.002418e+001  0.000000e+000
      vertex -4.235098e+001  9.012364e+000  0.000000e+000
    endloop
  endfacet
  facet normal -9.872046e-001 -1.594583e-001 -3.729196e-004
    outer loop
      vertex -4.244024e+001  9.555083e+000  4.218556e+000
      vertex -4.235098e+001  9.012364e+000  0.000000e+000
      vertex -4.235896e+001  9.052346e+000  4.019720e+000
    endloop
  endfacet
  facet normal -9.738283e-001 -2.272850e-001  3.282568e-004
    outer loop
      vertex -4.235896e+001  9.052346e+000  4.019720e+000
      vertex -4.235098e+001  9.012364e+000  0.000000e+000
      vertex -4.223993e+001  8.542082e+000  3.834920e+000
    endloop
  endfacet
  facet normal -9.643533e-001 -2.645796e-001 -4.519624e-003
    outer loop
      vertex -4.223993e+001  8.542082e+000  3.834920e+000
      vertex -4.235098e+001  9.012364e+000  0.000000e+000
      vertex -4.208094e+001  8.028100e+000  0.000000e+000
    endloop
  endfacet
  facet normal -9.553387e-001 -2.955130e-001  0.000000e+000
    outer loop
      vertex -4.223993e+001  8.542082e+000  3.834920e+000
      vertex -4.208094e+001  8.028100e+000  0.000000e+000
      vertex -4.208094e+001  8.028100e+000  3.664591e+000
    endloop
  endfacet
  facet normal  0.000000e+000 -9.995571e-001  2.975384e-002
    outer loop
      vertex -4.003115e+001  1.500000e+001  1.000000e+001
      vertex -3.988252e+001  1.499336e+001  9.776792e+000
      vertex -3.987500e+001  1.500000e+001  1.000000e+001
    endloop
  endfacet
  facet normal -2.844412e-002  9.789298e-001  2.022070e-001
    outer loop
      vertex -4.014781e+001 -1.486607e+001  9.000000e+000
      vertex -4.006113e+001 -1.496626e+001  9.497241e+000
      vertex -3.990487e+001 -1.497347e+001  9.554127e+000
    endloop
  endfacet
  facet normal  1.610502e-001  9.797119e-001  1.192784e-001
    outer loop
      vertex -4.014781e+001 -1.486607e+001  9.000000e+000
      vertex -3.990487e+001 -1.497347e+001  9.554127e+000
      vertex -3.994142e+001 -1.494049e+001  9.332562e+000
    endloop
  endfacet
  facet normal  3.806959e-002  9.799342e-001  1.956521e-001
    outer loop
      vertex -4.014781e+001 -1.486607e+001  9.000000e+000
      vertex -3.994142e+001 -1.494049e+001  9.332562e+000
      vertex -3.999125e+001 -1.489464e+001  9.112617e+000
    endloop
  endfacet
  facet normal -1.342716e-002  9.646048e-001  2.633575e-001
    outer loop
      vertex -4.014781e+001 -1.486607e+001  9.000000e+000
      vertex -3.999125e+001 -1.489464e+001  9.112617e+000
      vertex -4.005536e+001 -1.483412e+001  8.887700e+000
    endloop
  endfacet
  facet normal -4.126674e-004  9.619260e-001  2.733095e-001
    outer loop
      vertex -4.014781e+001 -1.486607e+001  9.000000e+000
      vertex -4.005536e+001 -1.483412e+001  8.887700e+000
      vertex -4.110830e+001 -1.485186e+001  8.948531e+000
    endloop
  endfacet
  facet normal  0.000000e+000  9.639285e-001  2.661614e-001
    outer loop
      vertex -4.014781e+001 -1.486607e+001  9.000000e+000
      vertex -4.110830e+001 -1.485186e+001  8.948531e+000
      vertex -4.082143e+001 -1.486607e+001  9.000000e+000
    endloop
  endfacet
  facet normal  0.000000e+000 -9.639285e-001  2.661614e-001
    outer loop
      vertex -4.014781e+001  1.486607e+001  9.000000e+000
      vertex -4.082143e+001  1.486607e+001  9.000000e+000
      vertex -4.110830e+001  1.485186e+001  8.948531e+000
    endloop
  endfacet
  facet normal -4.124909e-004 -9.619269e-001  2.733064e-001
    outer loop
      vertex -4.014781e+001  1.486607e+001  9.000000e+000
      vertex -4.110830e+001  1.485186e+001  8.948531e+000
      vertex -4.005536e+001  1.483414e+001  8.887779e+000
    endloop
  endfacet
  facet normal -1.342272e-002 -9.646071e-001  2.633500e-001
    outer loop
      vertex -4.014781e+001  1.486607e+001  9.000000e+000
      vertex -4.005536e+001  1.483414e+001  8.887779e+000
      vertex -3.999125e+001  1.489464e+001  9.112645e+000
    endloop
  endfacet
  facet normal  3.809541e-002 -9.799367e-001  1.956348e-001
    outer loop
      vertex -4.014781e+001  1.486607e+001  9.000000e+000
      vertex -3.999125e+001  1.489464e+001  9.112645e+000
      vertex -3.994142e+001  1.494049e+001  9.332576e+000
    endloop
  endfacet
  facet normal  4.894625e-002 -9.807408e-001  1.890809e-001
    outer loop
      vertex -4.014781e+001  1.486607e+001  9.000000e+000
      vertex -3.994142e+001  1.494049e+001  9.332576e+000
      vertex -4.006113e+001  1.496626e+001  9.497241e+000
    endloop
  endfacet
  facet normal  -0.000000e+000  9.977556e-001  6.695916e-002
    outer loop
      vertex -4.006113e+001 -1.496626e+001  9.497241e+000
      vertex -4.003115e+001 -1.500000e+001  1.000000e+001
      vertex -3.987500e+001 -1.500000e+001  1.000000e+001
    endloop
  endfacet
  facet normal  1.102493e-001  9.935675e-001  2.586179e-002
    outer loop
      vertex -4.006113e+001 -1.496626e+001  9.497241e+000
      vertex -3.987500e+001 -1.500000e+001  1.000000e+001
      vertex -3.988252e+001 -1.499336e+001  9.776792e+000
    endloop
  endfacet
  facet normal  1.408757e-002  9.960611e-001  8.754359e-002
    outer loop
      vertex -4.006113e+001 -1.496626e+001  9.497241e+000
      vertex -3.988252e+001 -1.499336e+001  9.776792e+000
      vertex -3.990487e+001 -1.497347e+001  9.554127e+000
    endloop
  endfacet
  facet normal  2.202988e-002 -9.973578e-001  6.922501e-002
    outer loop
      vertex -4.100000e+001  1.500000e+001  1.000000e+001
      vertex -4.102780e+001  1.496270e+001  9.471391e+000
      vertex -4.095467e+001  1.496600e+001  9.495742e+000
    endloop
  endfacet
  facet normal -2.614859e-002 -9.771021e-001  2.111581e-001
    outer loop
      vertex -4.095467e+001  1.496600e+001  9.495742e+000
      vertex -4.102780e+001  1.496270e+001  9.471391e+000
      vertex -4.110830e+001  1.485186e+001  8.948531e+000
    endloop
  endfacet
  facet normal  1.249707e-002 -9.795488e-001  2.008184e-001
    outer loop
      vertex -4.095467e+001  1.496600e+001  9.495742e+000
      vertex -4.110830e+001  1.485186e+001  8.948531e+000
      vertex -4.082143e+001  1.486607e+001  9.000000e+000
    endloop
  endfacet
  facet normal -5.275505e-003  8.326192e-001  5.538207e-001
    outer loop
      vertex -4.069987e+001 -1.410878e+001  7.453321e+000
      vertex -4.150170e+001 -1.423871e+001  7.641019e+000
      vertex -4.049814e+001 -1.436209e+001  7.836073e+000
    endloop
  endfacet
  facet normal  5.373966e-003  8.573645e-001  5.146817e-001
    outer loop
      vertex -4.049814e+001 -1.436209e+001  7.836073e+000
      vertex -4.150170e+001 -1.423871e+001  7.641019e+000
      vertex -4.135988e+001 -1.447517e+001  8.033437e+000
    endloop
  endfacet
  facet normal -5.275771e-003  8.774288e-001  4.796777e-001
    outer loop
      vertex -4.049814e+001 -1.436209e+001  7.836073e+000
      vertex -4.135988e+001 -1.447517e+001  8.033437e+000
      vertex -4.030917e+001 -1.457619e+001  8.229777e+000
    endloop
  endfacet
  facet normal  5.356826e-003  9.005676e-001  4.346829e-001
    outer loop
      vertex -4.030917e+001 -1.457619e+001  8.229777e+000
      vertex -4.135988e+001 -1.447517e+001  8.033437e+000
      vertex -4.123371e+001 -1.467024e+001  8.436025e+000
    endloop
  endfacet
  facet normal -6.145414e-003  9.199595e-001  3.919652e-001
    outer loop
      vertex -4.030917e+001 -1.457619e+001  8.229777e+000
      vertex -4.123371e+001 -1.467024e+001  8.436025e+000
      vertex -4.013084e+001 -1.476060e+001  8.665405e+000
    endloop
  endfacet
  facet normal  8.180150e-003  9.431634e-001  3.322287e-001
    outer loop
      vertex -4.013084e+001 -1.476060e+001  8.665405e+000
      vertex -4.123371e+001 -1.467024e+001  8.436025e+000
      vertex -4.110830e+001 -1.485186e+001  8.948531e+000
    endloop
  endfacet
  facet normal  2.107585e-003  9.496354e-001  3.133498e-001
    outer loop
      vertex -4.013084e+001 -1.476060e+001  8.665405e+000
      vertex -4.110830e+001 -1.485186e+001  8.948531e+000
      vertex -4.005536e+001 -1.483412e+001  8.887700e+000
    endloop
  endfacet
  facet normal -7.186489e-004  7.027728e-001  7.114140e-001
    outer loop
      vertex -4.125599e+001 -1.321708e+001  6.453565e+000
      vertex -4.198523e+001 -1.323067e+001  6.466250e+000
      vertex -4.107657e+001 -1.354480e+001  6.777488e+000
    endloop
  endfacet
  facet normal  1.376256e-002  7.235637e-001  6.901203e-001
    outer loop
      vertex -4.107657e+001 -1.354480e+001  6.777488e+000
      vertex -4.198523e+001 -1.323067e+001  6.466250e+000
      vertex -4.174410e+001 -1.378133e+001  7.038785e+000
    endloop
  endfacet
  facet normal -2.996806e-003  7.451723e-001  6.668652e-001
    outer loop
      vertex -4.107657e+001 -1.354480e+001  6.777488e+000
      vertex -4.174410e+001 -1.378133e+001  7.038785e+000
      vertex -4.088945e+001 -1.384225e+001  7.110705e+000
    endloop
  endfacet
  facet normal  6.088404e-003  7.975262e-001  6.032535e-001
    outer loop
      vertex -4.088945e+001 -1.384225e+001  7.110705e+000
      vertex -4.174410e+001 -1.378133e+001  7.038785e+000
      vertex -4.150170e+001 -1.423871e+001  7.641019e+000
    endloop
  endfacet
  facet normal  1.408455e-002  7.929793e-001  6.090857e-001
    outer loop
      vertex -4.088945e+001 -1.384225e+001  7.110705e+000
      vertex -4.150170e+001 -1.423871e+001  7.641019e+000
      vertex -4.069987e+001 -1.410878e+001  7.453321e+000
    endloop
  endfacet
  facet normal -3.214164e-003  6.198316e-001  7.847282e-001
    outer loop
      vertex -4.156440e+001 -1.249667e+001  5.851711e+000
      vertex -4.220200e+001 -1.259312e+001  5.925280e+000
      vertex -4.142291e+001 -1.285964e+001  6.138986e+000
    endloop
  endfacet
  facet normal  1.373438e-002  6.496413e-001  7.601168e-001
    outer loop
      vertex -4.142291e+001 -1.285964e+001  6.138986e+000
      vertex -4.220200e+001 -1.259312e+001  5.925280e+000
      vertex -4.198523e+001 -1.323067e+001  6.466250e+000
    endloop
  endfacet
  facet normal  7.423633e-004  6.608583e-001  7.505103e-001
    outer loop
      vertex -4.142291e+001 -1.285964e+001  6.138986e+000
      vertex -4.198523e+001 -1.323067e+001  6.466250e+000
      vertex -4.125599e+001 -1.321708e+001  6.453565e+000
    endloop
  endfacet
  facet normal -2.936990e-003  5.468406e-001  8.372316e-001
    outer loop
      vertex -4.178143e+001 -1.171828e+001  5.318069e+000
      vertex -4.238239e+001 -1.182302e+001  5.384372e+000
      vertex -4.168659e+001 -1.210912e+001  5.573678e+000
    endloop
  endfacet
  facet normal  1.512232e-002  5.770767e-001  8.165499e-001
    outer loop
      vertex -4.168659e+001 -1.210912e+001  5.573678e+000
      vertex -4.238239e+001 -1.182302e+001  5.384372e+000
      vertex -4.220200e+001 -1.259312e+001  5.925280e+000
    endloop
  endfacet
  facet normal  5.319204e-003  5.840126e-001  8.117271e-001
    outer loop
      vertex -4.168659e+001 -1.210912e+001  5.573678e+000
      vertex -4.220200e+001 -1.259312e+001  5.925280e+000
      vertex -4.156440e+001 -1.249667e+001  5.851711e+000
    endloop
  endfacet
  facet normal -2.456921e-003  4.814189e-001  8.764872e-001
    outer loop
      vertex -4.189458e+001 -1.087749e+001  4.835696e+000
      vertex -4.248526e+001 -1.097004e+001  4.884871e+000
      vertex -4.185190e+001 -1.130724e+001  5.071859e+000
    endloop
  endfacet
  facet normal  1.523760e-002  5.066349e-001  8.620261e-001
    outer loop
      vertex -4.185190e+001 -1.130724e+001  5.071859e+000
      vertex -4.248526e+001 -1.097004e+001  4.884871e+000
      vertex -4.238239e+001 -1.182302e+001  5.384372e+000
    endloop
  endfacet
  facet normal  4.938389e-003  5.144787e-001  8.574889e-001
    outer loop
      vertex -4.185190e+001 -1.130724e+001  5.071859e+000
      vertex -4.238239e+001 -1.182302e+001  5.384372e+000
      vertex -4.178143e+001 -1.171828e+001  5.318069e+000
    endloop
  endfacet
  facet normal -3.935479e-004  4.227613e-001  9.062409e-001
    outer loop
      vertex -4.188805e+001 -1.003083e+001  4.423656e+000
      vertex -4.248630e+001 -1.004693e+001  4.430907e+000
      vertex -4.190606e+001 -1.043093e+001  4.610292e+000
    endloop
  endfacet
  facet normal  1.463136e-002  4.412678e-001  8.972562e-001
    outer loop
      vertex -4.190606e+001 -1.043093e+001  4.610292e+000
      vertex -4.248630e+001 -1.004693e+001  4.430907e+000
      vertex -4.248526e+001 -1.097004e+001  4.884871e+000
    endloop
  endfacet
  facet normal  3.708456e-003  4.506730e-001  8.926815e-001
    outer loop
      vertex -4.190606e+001 -1.043093e+001  4.610292e+000
      vertex -4.248526e+001 -1.097004e+001  4.884871e+000
      vertex -4.189458e+001 -1.087749e+001  4.835696e+000
    endloop
  endfacet
  facet normal -1.630979e-003  3.300529e-001  9.439610e-001
    outer loop
      vertex -4.130417e+001 -8.357233e+000  3.771905e+000
      vertex -4.223993e+001 -8.542082e+000  3.834920e+000
      vertex -4.165617e+001 -8.785407e+000  3.921007e+000
    endloop
  endfacet
  facet normal  2.991250e-003  3.399021e-001  9.404560e-001
    outer loop
      vertex -4.165617e+001 -8.785407e+000  3.921007e+000
      vertex -4.223993e+001 -8.542082e+000  3.834920e+000
      vertex -4.235896e+001 -9.052346e+000  4.019720e+000
    endloop
  endfacet
  facet normal -1.973142e-003  3.514061e-001  9.362211e-001
    outer loop
      vertex -4.165617e+001 -8.785407e+000  3.921007e+000
      vertex -4.235896e+001 -9.052346e+000  4.019720e+000
      vertex -4.176510e+001 -9.205647e+000  4.078512e+000
    endloop
  endfacet
  facet normal  2.765207e-003  3.673986e-001  9.300595e-001
    outer loop
      vertex -4.176510e+001 -9.205647e+000  4.078512e+000
      vertex -4.235896e+001 -9.052346e+000  4.019720e+000
      vertex -4.244024e+001 -9.555083e+000  4.218556e+000
    endloop
  endfacet
  facet normal -1.259730e-003  3.741035e-001  9.273860e-001
    outer loop
      vertex -4.176510e+001 -9.205647e+000  4.078512e+000
      vertex -4.244024e+001 -9.555083e+000  4.218556e+000
      vertex -4.184176e+001 -9.621659e+000  4.246226e+000
    endloop
  endfacet
  facet normal  1.630883e-003  3.962469e-001  9.181426e-001
    outer loop
      vertex -4.184176e+001 -9.621659e+000  4.246226e+000
      vertex -4.244024e+001 -9.555083e+000  4.218556e+000
      vertex -4.248630e+001 -1.004693e+001  4.430907e+000
    endloop
  endfacet
  facet normal  4.143925e-004  3.977995e-001  9.174723e-001
    outer loop
      vertex -4.184176e+001 -9.621659e+000  4.246226e+000
      vertex -4.248630e+001 -1.004693e+001  4.430907e+000
      vertex -4.188805e+001 -1.003083e+001  4.423656e+000
    endloop
  endfacet
  facet normal -1.989601e-003  2.068154e-001  9.783779e-001
    outer loop
      vertex -3.957685e+001 -5.498430e+000  3.022048e+000
      vertex -4.041310e+001 -5.649557e+000  3.052293e+000
      vertex -3.988090e+001 -6.134948e+000  3.155980e+000
    endloop
  endfacet
  facet normal  4.520712e-003  2.136383e-001  9.769024e-001
    outer loop
      vertex -3.988090e+001 -6.134948e+000  3.155980e+000
      vertex -4.041310e+001 -5.649557e+000  3.052293e+000
      vertex -4.090741e+001 -6.491509e+000  3.238707e+000
    endloop
  endfacet
  facet normal -2.444136e-003  2.326798e-001  9.725503e-001
    outer loop
      vertex -3.988090e+001 -6.134948e+000  3.155980e+000
      vertex -4.090741e+001 -6.491509e+000  3.238707e+000
      vertex -4.021522e+001 -6.750300e+000  3.302361e+000
    endloop
  endfacet
  facet normal  3.632457e-003  2.479991e-001  9.687535e-001
    outer loop
      vertex -4.021522e+001 -6.750300e+000  3.302361e+000
      vertex -4.090741e+001 -6.491509e+000  3.238707e+000
      vertex -4.146468e+001 -7.285447e+000  3.444043e+000
    endloop
  endfacet
  facet normal -7.935566e-004  2.576658e-001  9.662337e-001
    outer loop
      vertex -4.021522e+001 -6.750300e+000  3.302361e+000
      vertex -4.146468e+001 -7.285447e+000  3.444043e+000
      vertex -4.057823e+001 -7.343225e+000  3.460179e+000
    endloop
  endfacet
  facet normal  1.049629e-003  2.838844e-001  9.588579e-001
    outer loop
      vertex -4.057823e+001 -7.343225e+000  3.460179e+000
      vertex -4.146468e+001 -7.285447e+000  3.444043e+000
      vertex -4.208094e+001 -8.028100e+000  3.664591e+000
    endloop
  endfacet
  facet normal  1.952683e-003  2.820629e-001  9.593939e-001
    outer loop
      vertex -4.057823e+001 -7.343225e+000  3.460179e+000
      vertex -4.208094e+001 -8.028100e+000  3.664591e+000
      vertex -4.096840e+001 -7.912693e+000  3.628397e+000
    endloop
  endfacet
  facet normal -1.807371e-003  3.150714e-001  9.490663e-001
    outer loop
      vertex -4.096840e+001 -7.912693e+000  3.628397e+000
      vertex -4.208094e+001 -8.028100e+000  3.664591e+000
      vertex -4.223993e+001 -8.542082e+000  3.834920e+000
    endloop
  endfacet
  facet normal  3.997630e-003  3.044744e-001  9.525121e-001
    outer loop
      vertex -4.096840e+001 -7.912693e+000  3.628397e+000
      vertex -4.223993e+001 -8.542082e+000  3.834920e+000
      vertex -4.130417e+001 -8.357233e+000  3.771905e+000
    endloop
  endfacet
  facet normal  1.947263e-003  1.300038e-001  9.915116e-001
    outer loop
      vertex -3.886147e+001 -3.475707e+000  2.704120e+000
      vertex -3.948746e+001 -3.385470e+000  2.693518e+000
      vertex -3.906438e+001 -4.163302e+000  2.794674e+000
    endloop
  endfacet
  facet normal  7.913987e-003  1.331904e-001  9.910589e-001
    outer loop
      vertex -3.906438e+001 -4.163302e+000  2.794674e+000
      vertex -3.948746e+001 -3.385470e+000  2.693518e+000
      vertex -3.989451e+001 -4.546222e+000  2.852764e+000
    endloop
  endfacet
  facet normal -3.075433e-003  1.565007e-001  9.876731e-001
    outer loop
      vertex -3.906438e+001 -4.163302e+000  2.794674e+000
      vertex -3.989451e+001 -4.546222e+000  2.852764e+000
      vertex -3.930378e+001 -4.839879e+000  2.901134e+000
    endloop
  endfacet
  facet normal  6.396892e-003  1.750396e-001  9.845406e-001
    outer loop
      vertex -3.930378e+001 -4.839879e+000  2.901134e+000
      vertex -3.989451e+001 -4.546222e+000  2.852764e+000
      vertex -4.041310e+001 -5.649557e+000  3.052293e+000
    endloop
  endfacet
  facet normal  3.176684e-003  1.793109e-001  9.837873e-001
    outer loop
      vertex -3.930378e+001 -4.839879e+000  2.901134e+000
      vertex -4.041310e+001 -5.649557e+000  3.052293e+000
      vertex -3.957685e+001 -5.498430e+000  3.022048e+000
    endloop
  endfacet
  facet normal -4.859348e-003  7.934891e-002  9.968351e-001
    outer loop
      vertex -3.853940e+001 -1.890527e+000  2.559807e+000
      vertex -3.919962e+001 -2.179715e+000  2.579608e+000
      vertex -3.869457e+001 -2.774574e+000  2.629421e+000
    endloop
  endfacet
  facet normal  9.824371e-003  9.172383e-002  9.957361e-001
    outer loop
      vertex -3.869457e+001 -2.774574e+000  2.629421e+000
      vertex -3.919962e+001 -2.179715e+000  2.579608e+000
      vertex -3.948746e+001 -3.385470e+000  2.693518e+000
    endloop
  endfacet
  facet normal -1.517799e-003  1.062978e-001  9.943333e-001
    outer loop
      vertex -3.869457e+001 -2.774574e+000  2.629421e+000
      vertex -3.948746e+001 -3.385470e+000  2.693518e+000
      vertex -3.886147e+001 -3.475707e+000  2.704120e+000
    endloop
  endfacet
  facet normal  3.217441e-003 -2.297917e-002  9.997308e-001
    outer loop
      vertex -3.844582e+001  1.030893e+000  2.517733e+000
      vertex -3.905746e+001  1.172994e+000  2.522968e+000
      vertex -3.841108e+001  3.563394e-001  2.502117e+000
    endloop
  endfacet
  facet normal  8.014498e-003 -1.918364e-002  9.997839e-001
    outer loop
      vertex -3.841108e+001  3.563394e-001  2.502117e+000
      vertex -3.905746e+001  1.172994e+000  2.522968e+000
      vertex -3.900000e+001  1.399133e-015  2.500000e+000
    endloop
  endfacet
  facet normal -3.221483e-003 -6.152363e-004  9.999946e-001
    outer loop
      vertex -3.841108e+001  3.563394e-001  2.502117e+000
      vertex -3.900000e+001  1.399133e-015  2.500000e+000
      vertex -3.841015e+001 -3.197017e-001  2.501704e+000
    endloop
  endfacet
  facet normal  5.527021e-003  1.552500e-002  9.998642e-001
    outer loop
      vertex -3.841015e+001 -3.197017e-001  2.501704e+000
      vertex -3.900000e+001  1.399133e-015  2.500000e+000
      vertex -3.903717e+001 -9.437680e-001  2.514860e+000
    endloop
  endfacet
  facet normal -8.933692e-004  2.197349e-002  9.997581e-001
    outer loop
      vertex -3.841015e+001 -3.197017e-001  2.501704e+000
      vertex -3.903717e+001 -9.437680e-001  2.514860e+000
      vertex -3.844307e+001 -9.948208e-001  2.516513e+000
    endloop
  endfacet
  facet normal  1.698014e-003  5.209301e-002  9.986408e-001
    outer loop
      vertex -3.844307e+001 -9.948208e-001  2.516513e+000
      vertex -3.903717e+001 -9.437680e-001  2.514860e+000
      vertex -3.919962e+001 -2.179715e+000  2.579608e+000
    endloop
  endfacet
  facet normal  9.245373e-003  4.728456e-002  9.988387e-001
    outer loop
      vertex -3.844307e+001 -9.948208e-001  2.516513e+000
      vertex -3.919962e+001 -2.179715e+000  2.579608e+000
      vertex -3.853940e+001 -1.890527e+000  2.559807e+000
    endloop
  endfacet
  facet normal -6.118713e-004 -6.838163e-002  9.976591e-001
    outer loop
      vertex -3.861548e+001  2.366314e+000  2.593912e+000
      vertex -3.922861e+001  2.331203e+000  2.591129e+000
      vertex -3.851411e+001  1.701629e+000  2.548415e+000
    endloop
  endfacet
  facet normal  9.097313e-003 -5.740674e-002  9.983095e-001
    outer loop
      vertex -3.851411e+001  1.701629e+000  2.548415e+000
      vertex -3.922861e+001  2.331203e+000  2.591129e+000
      vertex -3.905746e+001  1.172994e+000  2.522968e+000
    endloop
  endfacet
  facet normal -2.116914e-003 -4.591070e-002  9.989433e-001
    outer loop
      vertex -3.851411e+001  1.701629e+000  2.548415e+000
      vertex -3.905746e+001  1.172994e+000  2.522968e+000
      vertex -3.844582e+001  1.030893e+000  2.517733e+000
    endloop
  endfacet
  facet normal -2.517286e-003 -1.143379e-001  9.934388e-001
    outer loop
      vertex -3.891474e+001  3.669120e+000  2.727834e+000
      vertex -3.951000e+001  3.461205e+000  2.702397e+000
      vertex -3.874930e+001  3.022816e+000  2.653869e+000
    endloop
  endfacet
  facet normal  8.190508e-003 -9.596917e-002  9.953506e-001
    outer loop
      vertex -3.874930e+001  3.022816e+000  2.653869e+000
      vertex -3.951000e+001  3.461205e+000  2.702397e+000
      vertex -3.922861e+001  2.331203e+000  2.591129e+000
    endloop
  endfacet
  facet normal  6.806822e-004 -9.081146e-002  9.958678e-001
    outer loop
      vertex -3.874930e+001  3.022816e+000  2.653869e+000
      vertex -3.922861e+001  2.331203e+000  2.591129e+000
      vertex -3.861548e+001  2.366314e+000  2.593912e+000
    endloop
  endfacet
  facet normal  4.663189e-003 -2.752395e-001  9.613644e-001
    outer loop
      vertex -4.087510e+001  7.782051e+000  3.588298e+000
      vertex -4.208094e+001  8.028100e+000  3.664591e+000
      vertex -4.051772e+001  7.248934e+000  3.433933e+000
    endloop
  endfacet
  facet normal  5.758077e-003 -2.732123e-001  9.619365e-001
    outer loop
      vertex -4.051772e+001  7.248934e+000  3.433933e+000
      vertex -4.208094e+001  8.028100e+000  3.664591e+000
      vertex -4.122819e+001  6.965040e+000  3.357553e+000
    endloop
  endfacet
  facet normal -2.016430e-003 -2.550950e-001  9.669139e-001
    outer loop
      vertex -4.051772e+001  7.248934e+000  3.433933e+000
      vertex -4.122819e+001  6.965040e+000  3.357553e+000
      vertex -4.018402e+001  6.695795e+000  3.288697e+000
    endloop
  endfacet
  facet normal  2.107550e-003 -2.400827e-001  9.707501e-001
    outer loop
      vertex -4.018402e+001  6.695795e+000  3.288697e+000
      vertex -4.122819e+001  6.965040e+000  3.357553e+000
      vertex -4.084629e+001  6.395479e+000  3.215862e+000
    endloop
  endfacet
  facet normal -2.179090e-003 -2.311547e-001  9.729145e-001
    outer loop
      vertex -4.018402e+001  6.695795e+000  3.288697e+000
      vertex -4.084629e+001  6.395479e+000  3.215862e+000
      vertex -3.987524e+001  6.123531e+000  3.153425e+000
    endloop
  endfacet
  facet normal  2.298229e-003 -2.159672e-001  9.763979e-001
    outer loop
      vertex -3.987524e+001  6.123531e+000  3.153425e+000
      vertex -4.084629e+001  6.395479e+000  3.215862e+000
      vertex -4.049597e+001  5.802194e+000  3.083810e+000
    endloop
  endfacet
  facet normal -2.328540e-003 -2.074302e-001  9.782470e-001
    outer loop
      vertex -3.987524e+001  6.123531e+000  3.153425e+000
      vertex -4.049597e+001  5.802194e+000  3.083810e+000
      vertex -3.959262e+001  5.533198e+000  3.028922e+000
    endloop
  endfacet
  facet normal  2.474000e-003 -1.919460e-001  9.814024e-001
    outer loop
      vertex -3.959262e+001  5.533198e+000  3.028922e+000
      vertex -4.049597e+001  5.802194e+000  3.083810e+000
      vertex -4.017888e+001  5.186852e+000  2.962660e+000
    endloop
  endfacet
  facet normal -2.454934e-003 -1.838973e-001  9.829423e-001
    outer loop
      vertex -3.959262e+001  5.533198e+000  3.028922e+000
      vertex -4.017888e+001  5.186852e+000  2.962660e+000
      vertex -3.933741e+001  4.926008e+000  2.915961e+000
    endloop
  endfacet
  facet normal  2.621595e-003 -1.680284e-001  9.857786e-001
    outer loop
      vertex -3.933741e+001  4.926008e+000  2.915961e+000
      vertex -4.017888e+001  5.186852e+000  2.962660e+000
      vertex -3.989643e+001  4.550904e+000  2.853510e+000
    endloop
  endfacet
  facet normal -2.546698e-003 -1.605339e-001  9.870270e-001
    outer loop
      vertex -3.933741e+001  4.926008e+000  2.915961e+000
      vertex -3.989643e+001  4.550904e+000  2.853510e+000
      vertex -3.911084e+001  4.303327e+000  2.815270e+000
    endloop
  endfacet
  facet normal  5.547824e-003 -1.354274e-001  9.907718e-001
    outer loop
      vertex -3.911084e+001  4.303327e+000  2.815270e+000
      vertex -3.989643e+001  4.550904e+000  2.853510e+000
      vertex -3.951000e+001  3.461205e+000  2.702397e+000
    endloop
  endfacet
  facet normal  4.847098e-003 -1.351018e-001  9.908199e-001
    outer loop
      vertex -3.911084e+001  4.303327e+000  2.815270e+000
      vertex -3.951000e+001  3.461205e+000  2.702397e+000
      vertex -3.891474e+001  3.669120e+000  2.727834e+000
    endloop
  endfacet
  facet normal -2.182123e-003 -3.288757e-001  9.443707e-001
    outer loop
      vertex -4.165617e+001  8.785407e+000  3.921007e+000
      vertex -4.223993e+001  8.542082e+000  3.834920e+000
      vertex -4.125495e+001  8.294404e+000  3.750943e+000
    endloop
  endfacet
  facet normal  1.985025e-003 -3.140142e-001  9.494162e-001
    outer loop
      vertex -4.125495e+001  8.294404e+000  3.750943e+000
      vertex -4.223993e+001  8.542082e+000  3.834920e+000
      vertex -4.208094e+001  8.028100e+000  3.664591e+000
    endloop
  endfacet
  facet normal -1.689058e-003 -3.037042e-001  9.527649e-001
    outer loop
      vertex -4.125495e+001  8.294404e+000  3.750943e+000
      vertex -4.208094e+001  8.028100e+000  3.664591e+000
      vertex -4.087510e+001  7.782051e+000  3.588298e+000
    endloop
  endfacet
  facet normal  3.701209e-003 -4.506824e-001  8.926767e-001
    outer loop
      vertex -4.189457e+001  1.087765e+001  4.835778e+000
      vertex -4.248526e+001  1.097004e+001  4.884871e+000
      vertex -4.190606e+001  1.043104e+001  4.610348e+000
    endloop
  endfacet
  facet normal  1.463305e-002 -4.412678e-001  8.972561e-001
    outer loop
      vertex -4.190606e+001  1.043104e+001  4.610348e+000
      vertex -4.248526e+001  1.097004e+001  4.884871e+000
      vertex -4.248630e+001  1.004693e+001  4.430907e+000
    endloop
  endfacet
  facet normal -3.923498e-004 -4.227665e-001  9.062386e-001
    outer loop
      vertex -4.190606e+001  1.043104e+001  4.610348e+000
      vertex -4.248630e+001  1.004693e+001  4.430907e+000
      vertex -4.188807e+001  1.003092e+001  4.423696e+000
    endloop
  endfacet
  facet normal  4.580933e-004 -3.963400e-001  9.181037e-001
    outer loop
      vertex -4.188807e+001  1.003092e+001  4.423696e+000
      vertex -4.248630e+001  1.004693e+001  4.430907e+000
      vertex -4.244024e+001  9.555083e+000  4.218556e+000
    endloop
  endfacet
  facet normal  1.819027e-003 -3.976704e-001  9.175265e-001
    outer loop
      vertex -4.188807e+001  1.003092e+001  4.423696e+000
      vertex -4.244024e+001  9.555083e+000  4.218556e+000
      vertex -4.184177e+001  9.621718e+000  4.246251e+000
    endloop
  endfacet
  facet normal -2.044315e-003 -3.680716e-001  9.297953e-001
    outer loop
      vertex -4.184177e+001  9.621718e+000  4.246251e+000
      vertex -4.244024e+001  9.555083e+000  4.218556e+000
      vertex -4.235896e+001  9.052346e+000  4.019720e+000
    endloop
  endfacet
  facet normal  4.490384e-003 -3.731911e-001  9.277437e-001
    outer loop
      vertex -4.184177e+001  9.621718e+000  4.246251e+000
      vertex -4.235896e+001  9.052346e+000  4.019720e+000
      vertex -4.176511e+001  9.205677e+000  4.078524e+000
    endloop
  endfacet
  facet normal -4.885830e-003 -3.415238e-001  9.398604e-001
    outer loop
      vertex -4.176511e+001  9.205677e+000  4.078524e+000
      vertex -4.235896e+001  9.052346e+000  4.019720e+000
      vertex -4.223993e+001  8.542082e+000  3.834920e+000
    endloop
  endfacet
  facet normal  7.404912e-003 -3.492661e-001  9.369944e-001
    outer loop
      vertex -4.176511e+001  9.205677e+000  4.078524e+000
      vertex -4.223993e+001  8.542082e+000  3.834920e+000
      vertex -4.165617e+001  8.785407e+000  3.921007e+000
    endloop
  endfacet
  facet normal  4.925591e-003 -5.144943e-001  8.574796e-001
    outer loop
      vertex -4.178139e+001  1.171850e+001  5.318210e+000
      vertex -4.238239e+001  1.182302e+001  5.384372e+000
      vertex -4.185188e+001  1.130744e+001  5.071970e+000
    endloop
  endfacet
  facet normal  1.524088e-002 -5.066351e-001  8.620259e-001
    outer loop
      vertex -4.185188e+001  1.130744e+001  5.071970e+000
      vertex -4.238239e+001  1.182302e+001  5.384372e+000
      vertex -4.248526e+001  1.097004e+001  4.884871e+000
    endloop
  endfacet
  facet normal -2.454523e-003 -4.814318e-001  8.764801e-001
    outer loop
      vertex -4.185188e+001  1.130744e+001  5.071970e+000
      vertex -4.248526e+001  1.097004e+001  4.884871e+000
      vertex -4.189457e+001  1.087765e+001  4.835778e+000
    endloop
  endfacet
  facet normal  5.302290e-003 -5.840334e-001  8.117122e-001
    outer loop
      vertex -4.156430e+001  1.249695e+001  5.851918e+000
      vertex -4.220200e+001  1.259312e+001  5.925280e+000
      vertex -4.168652e+001  1.210937e+001  5.573851e+000
    endloop
  endfacet
  facet normal  1.512765e-002 -5.770775e-001  8.165492e-001
    outer loop
      vertex -4.168652e+001  1.210937e+001  5.573851e+000
      vertex -4.220200e+001  1.259312e+001  5.925280e+000
      vertex -4.238239e+001  1.182302e+001  5.384372e+000
    endloop
  endfacet
  facet normal -2.933893e-003 -5.468621e-001  8.372175e-001
    outer loop
      vertex -4.168652e+001  1.210937e+001  5.573851e+000
      vertex -4.238239e+001  1.182302e+001  5.384372e+000
      vertex -4.178139e+001  1.171850e+001  5.318210e+000
    endloop
  endfacet
  facet normal  7.241413e-004 -6.608901e-001  7.504824e-001
    outer loop
      vertex -4.125582e+001  1.321739e+001  6.453855e+000
      vertex -4.198523e+001  1.323067e+001  6.466250e+000
      vertex -4.142278e+001  1.285993e+001  6.139227e+000
    endloop
  endfacet
  facet normal  1.373932e-002 -6.496423e-001  7.601159e-001
    outer loop
      vertex -4.142278e+001  1.285993e+001  6.139227e+000
      vertex -4.198523e+001  1.323067e+001  6.466250e+000
      vertex -4.220200e+001  1.259312e+001  5.925280e+000
    endloop
  endfacet
  facet normal -3.208316e-003 -6.198627e-001  7.847037e-001
    outer loop
      vertex -4.142278e+001  1.285993e+001  6.139227e+000
      vertex -4.220200e+001  1.259312e+001  5.925280e+000
      vertex -4.156430e+001  1.249695e+001  5.851918e+000
    endloop
  endfacet
  facet normal -3.008558e-003 -7.452141e-001  6.668186e-001
    outer loop
      vertex -4.088925e+001  1.384256e+001  7.111074e+000
      vertex -4.174410e+001  1.378133e+001  7.038785e+000
      vertex -4.107638e+001  1.354511e+001  6.777816e+000
    endloop
  endfacet
  facet normal  1.375819e-002 -7.235629e-001  6.901214e-001
    outer loop
      vertex -4.107638e+001  1.354511e+001  6.777816e+000
      vertex -4.174410e+001  1.378133e+001  7.038785e+000
      vertex -4.198523e+001  1.323067e+001  6.466250e+000
    endloop
  endfacet
  facet normal -7.037138e-004 -7.028173e-001  7.113701e-001
    outer loop
      vertex -4.107638e+001  1.354511e+001  6.777816e+000
      vertex -4.198523e+001  1.323067e+001  6.466250e+000
      vertex -4.125582e+001  1.321739e+001  6.453855e+000
    endloop
  endfacet
  facet normal -5.273111e-003 -8.774617e-001  4.796178e-001
    outer loop
      vertex -4.030906e+001  1.457631e+001  8.230021e+000
      vertex -4.135988e+001  1.447517e+001  8.033437e+000
      vertex -4.049796e+001  1.436230e+001  7.836417e+000
    endloop
  endfacet
  facet normal  5.373736e-003 -8.573645e-001  5.146817e-001
    outer loop
      vertex -4.049796e+001  1.436230e+001  7.836417e+000
      vertex -4.135988e+001  1.447517e+001  8.033437e+000
      vertex -4.150170e+001  1.423871e+001  7.641019e+000
    endloop
  endfacet
  facet normal -5.272910e-003 -8.326660e-001  5.537505e-001
    outer loop
      vertex -4.049796e+001  1.436230e+001  7.836417e+000
      vertex -4.150170e+001  1.423871e+001  7.641019e+000
      vertex -4.069964e+001  1.410909e+001  7.453744e+000
    endloop
  endfacet
  facet normal  1.147441e-002 -7.985289e-001  6.018471e-001
    outer loop
      vertex -4.069964e+001  1.410909e+001  7.453744e+000
      vertex -4.150170e+001  1.423871e+001  7.641019e+000
      vertex -4.174410e+001  1.378133e+001  7.038785e+000
    endloop
  endfacet
  facet normal  4.858227e-003 -7.906367e-001  6.122663e-001
    outer loop
      vertex -4.069964e+001  1.410909e+001  7.453744e+000
      vertex -4.174410e+001  1.378133e+001  7.038785e+000
      vertex -4.088925e+001  1.384256e+001  7.111074e+000
    endloop
  endfacet
  facet normal  1.705725e-002 -9.232537e-001  3.838121e-001
    outer loop
      vertex -4.030906e+001  1.457631e+001  8.230021e+000
      vertex -4.013081e+001  1.476065e+001  8.665543e+000
      vertex -4.135988e+001  1.447517e+001  8.033437e+000
    endloop
  endfacet
  facet normal -1.810520e-002 -8.975369e-001  4.405674e-001
    outer loop
      vertex -4.135988e+001  1.447517e+001  8.033437e+000
      vertex -4.013081e+001  1.476065e+001  8.665543e+000
      vertex -4.123371e+001  1.467024e+001  8.436025e+000
    endloop
  endfacet
  facet normal  1.346334e-002 -9.507015e-001  3.098149e-001
    outer loop
      vertex -4.013081e+001  1.476065e+001  8.665543e+000
      vertex -4.005536e+001  1.483414e+001  8.887779e+000
      vertex -4.123371e+001  1.467024e+001  8.436025e+000
    endloop
  endfacet
  facet normal  3.369460e-003 -9.428203e-001  3.332843e-001
    outer loop
      vertex -4.123371e+001  1.467024e+001  8.436025e+000
      vertex -4.005536e+001  1.483414e+001  8.887779e+000
      vertex -4.110830e+001  1.485186e+001  8.948531e+000
    endloop
  endfacet
  facet normal -8.476991e-003 -9.888602e-001  1.486059e-001
    outer loop
      vertex -3.994142e+001  1.494049e+001  9.332576e+000
      vertex -3.990487e+001  1.497347e+001  9.554131e+000
      vertex -4.006113e+001  1.496626e+001  9.497241e+000
    endloop
  endfacet
  facet normal  1.408479e-002 -9.960609e-001  8.754536e-002
    outer loop
      vertex -4.006113e+001  1.496626e+001  9.497241e+000
      vertex -3.990487e+001  1.497347e+001  9.554131e+000
      vertex -3.988252e+001  1.499336e+001  9.776792e+000
    endloop
  endfacet
  facet normal  5.129686e-002 -9.966419e-001  6.382595e-002
    outer loop
      vertex -4.006113e+001  1.496626e+001  9.497241e+000
      vertex -3.988252e+001  1.499336e+001  9.776792e+000
      vertex -4.003115e+001  1.500000e+001  1.000000e+001
    endloop
  endfacet
  facet normal  2.202988e-002  9.973578e-001  6.922501e-002
    outer loop
      vertex -4.100000e+001 -1.500000e+001  1.000000e+001
      vertex -4.095467e+001 -1.496600e+001  9.495742e+000
      vertex -4.102780e+001 -1.496270e+001  9.471391e+000
    endloop
  endfacet
  facet normal -1.974350e-002  9.811048e-001  1.924666e-001
    outer loop
      vertex -4.102780e+001 -1.496270e+001  9.471391e+000
      vertex -4.095467e+001 -1.496600e+001  9.495742e+000
      vertex -4.082143e+001 -1.486607e+001  9.000000e+000
    endloop
  endfacet
  facet normal  1.157975e-002  9.785556e-001  2.056571e-001
    outer loop
      vertex -4.102780e+001 -1.496270e+001  9.471391e+000
      vertex -4.082143e+001 -1.486607e+001  9.000000e+000
      vertex -4.110830e+001 -1.485186e+001  8.948531e+000
    endloop
  endfacet
  facet normal  8.803860e-003  9.855410e-001  1.692082e-001
    outer loop
      vertex -3.952349e+001 -1.551004e+001  9.000000e+000
      vertex -3.942697e+001 -1.559554e+001  9.492943e+000
      vertex -3.868549e+001 -1.556191e+001  9.258531e+000
    endloop
  endfacet
  facet normal -5.866856e-003  9.766033e-001  2.149688e-001
    outer loop
      vertex -3.952349e+001 -1.551004e+001  9.000000e+000
      vertex -3.868549e+001 -1.556191e+001  9.258531e+000
      vertex -3.877016e+001 -1.547121e+001  8.844143e+000
    endloop
  endfacet
  facet normal  0.000000e+000  9.703350e-001  2.417644e-001
    outer loop
      vertex -3.952349e+001 -1.551004e+001  9.000000e+000
      vertex -3.877016e+001 -1.547121e+001  8.844143e+000
      vertex -3.998423e+001 -1.551004e+001  9.000000e+000
    endloop
  endfacet
  facet normal -4.649778e-003  9.918208e-001  1.275532e-001
    outer loop
      vertex -3.868549e+001 -1.556191e+001  9.258531e+000
      vertex -3.942697e+001 -1.559554e+001  9.492943e+000
      vertex -3.864046e+001 -1.560902e+001  9.626499e+000
    endloop
  endfacet
  facet normal  7.354530e-003  9.983175e-001  5.751624e-002
    outer loop
      vertex -3.864046e+001 -1.560902e+001  9.626499e+000
      vertex -3.942697e+001 -1.559554e+001  9.492943e+000
      vertex -3.939282e+001 -1.562500e+001  1.000000e+001
    endloop
  endfacet
  facet normal  -0.000000e+000  9.990864e-001  4.273447e-002
    outer loop
      vertex -3.864046e+001 -1.560902e+001  9.626499e+000
      vertex -3.939282e+001 -1.562500e+001  1.000000e+001
      vertex -3.862500e+001 -1.562500e+001  1.000000e+001
    endloop
  endfacet
  facet normal  1.873285e-003  9.450597e-001  3.268925e-001
    outer loop
      vertex -4.016208e+001 -1.531262e+001  8.357361e+000
      vertex -4.006540e+001 -1.542159e+001  8.671845e+000
      vertex -3.888211e+001 -1.534683e+001  8.448935e+000
    endloop
  endfacet
  facet normal -1.143153e-002  9.647624e-001  2.628741e-001
    outer loop
      vertex -3.888211e+001 -1.534683e+001  8.448935e+000
      vertex -4.006540e+001 -1.542159e+001  8.671845e+000
      vertex -3.998423e+001 -1.551004e+001  9.000000e+000
    endloop
  endfacet
  facet normal  7.751268e-003  9.544744e-001  2.981922e-001
    outer loop
      vertex -3.888211e+001 -1.534683e+001  8.448935e+000
      vertex -3.998423e+001 -1.551004e+001  9.000000e+000
      vertex -3.877016e+001 -1.547121e+001  8.844143e+000
    endloop
  endfacet
  facet normal  -0.000000e+000  5.985419e-001  8.010915e-001
    outer loop
      vertex -4.038235e+001 -1.265604e+001  5.193526e+000
      vertex -4.151384e+001 -1.301937e+001  5.464991e+000
      vertex -4.026384e+001 -1.301937e+001  5.464991e+000
    endloop
  endfacet
  facet normal  0.000000e+000  6.361207e-001  7.715895e-001
    outer loop
      vertex -4.026384e+001 -1.301937e+001  5.464991e+000
      vertex -4.151384e+001 -1.301937e+001  5.464991e+000
      vertex -4.135692e+001 -1.341881e+001  5.794298e+000
    endloop
  endfacet
  facet normal  -0.000000e+000  6.361207e-001  7.715895e-001
    outer loop
      vertex -4.026384e+001 -1.301937e+001  5.464991e+000
      vertex -4.135692e+001 -1.341881e+001  5.794298e+000
      vertex -4.010692e+001 -1.341881e+001  5.794298e+000
    endloop
  endfacet
  facet normal  0.000000e+000  6.781985e-001  7.348788e-001
    outer loop
      vertex -4.010692e+001 -1.341881e+001  5.794298e+000
      vertex -4.135692e+001 -1.341881e+001  5.794298e+000
      vertex -4.118130e+001 -1.379669e+001  6.143031e+000
    endloop
  endfacet
  facet normal  -0.000000e+000  6.781985e-001  7.348788e-001
    outer loop
      vertex -4.010692e+001 -1.341881e+001  5.794298e+000
      vertex -4.118130e+001 -1.379669e+001  6.143031e+000
      vertex -3.993130e+001 -1.379669e+001  6.143031e+000
    endloop
  endfacet
  facet normal  0.000000e+000  7.236837e-001  6.901318e-001
    outer loop
      vertex -3.993130e+001 -1.379669e+001  6.143031e+000
      vertex -4.118130e+001 -1.379669e+001  6.143031e+000
      vertex -4.097655e+001 -1.417578e+001  6.540555e+000
    endloop
  endfacet
  facet normal  -0.000000e+000  7.236837e-001  6.901318e-001
    outer loop
      vertex -3.993130e+001 -1.379669e+001  6.143031e+000
      vertex -4.097655e+001 -1.417578e+001  6.540555e+000
      vertex -3.972655e+001 -1.417578e+001  6.540555e+000
    endloop
  endfacet
  facet normal  0.000000e+000  7.723746e-001  6.351673e-001
    outer loop
      vertex -3.972655e+001 -1.417578e+001  6.540555e+000
      vertex -4.097655e+001 -1.417578e+001  6.540555e+000
      vertex -4.076067e+001 -1.452464e+001  6.964775e+000
    endloop
  endfacet
  facet normal  -0.000000e+000  7.723746e-001  6.351673e-001
    outer loop
      vertex -3.972655e+001 -1.417578e+001  6.540555e+000
      vertex -4.076067e+001 -1.452464e+001  6.964775e+000
      vertex -3.951067e+001 -1.452464e+001  6.964775e+000
    endloop
  endfacet
  facet normal  0.000000e+000  8.186275e-001  5.743248e-001
    outer loop
      vertex -3.951067e+001 -1.452464e+001  6.964775e+000
      vertex -4.076067e+001 -1.452464e+001  6.964775e+000
      vertex -4.057101e+001 -1.479874e+001  7.355467e+000
    endloop
  endfacet
  facet normal  -0.000000e+000  8.186275e-001  5.743248e-001
    outer loop
      vertex -3.951067e+001 -1.452464e+001  6.964775e+000
      vertex -4.057101e+001 -1.479874e+001  7.355467e+000
      vertex -3.932101e+001 -1.479874e+001  7.355467e+000
    endloop
  endfacet
  facet normal  0.000000e+000  8.614954e-001  5.077654e-001
    outer loop
      vertex -3.932101e+001 -1.479874e+001  7.355467e+000
      vertex -4.057101e+001 -1.479874e+001  7.355467e+000
      vertex -4.038490e+001 -1.504423e+001  7.771974e+000
    endloop
  endfacet
  facet normal  -0.000000e+000  8.614954e-001  5.077654e-001
    outer loop
      vertex -3.932101e+001 -1.479874e+001  7.355467e+000
      vertex -4.038490e+001 -1.504423e+001  7.771974e+000
      vertex -3.913490e+001 -1.504423e+001  7.771974e+000
    endloop
  endfacet
  facet normal  0.000000e+000  8.956386e-001  4.447826e-001
    outer loop
      vertex -3.913490e+001 -1.504423e+001  7.771974e+000
      vertex -4.038490e+001 -1.504423e+001  7.771974e+000
      vertex -4.026983e+001 -1.518604e+001  8.057535e+000
    endloop
  endfacet
  facet normal -1.143930e-003  8.974417e-001  4.411317e-001
    outer loop
      vertex -3.913490e+001 -1.504423e+001  7.771974e+000
      vertex -4.026983e+001 -1.518604e+001  8.057535e+000
      vertex -3.900334e+001 -1.520578e+001  8.100981e+000
    endloop
  endfacet
  facet normal  1.031084e-003  9.214001e-001  3.886139e-001
    outer loop
      vertex -3.900334e+001 -1.520578e+001  8.100981e+000
      vertex -4.026983e+001 -1.518604e+001  8.057535e+000
      vertex -4.016208e+001 -1.531262e+001  8.357361e+000
    endloop
  endfacet
  facet normal -2.159077e-003  9.264888e-001  3.763162e-001
    outer loop
      vertex -3.900334e+001 -1.520578e+001  8.100981e+000
      vertex -4.016208e+001 -1.531262e+001  8.357361e+000
      vertex -3.888211e+001 -1.534683e+001  8.448935e+000
    endloop
  endfacet
  facet normal  0.000000e+000  5.985419e-001  8.010915e-001
    outer loop
      vertex -4.151384e+001 -1.301937e+001  5.464991e+000
      vertex -4.038235e+001 -1.265604e+001  5.193526e+000
      vertex -4.163235e+001 -1.265604e+001  5.193526e+000
    endloop
  endfacet
  facet normal  -0.000000e+000  5.651724e-001  8.249728e-001
    outer loop
      vertex -4.163235e+001 -1.265604e+001  5.193526e+000
      vertex -4.038235e+001 -1.265604e+001  5.193526e+000
      vertex -4.048195e+001 -1.227946e+001  4.935537e+000
    endloop
  endfacet
  facet normal  0.000000e+000  5.651724e-001  8.249728e-001
    outer loop
      vertex -4.163235e+001 -1.265604e+001  5.193526e+000
      vertex -4.048195e+001 -1.227946e+001  4.935537e+000
      vertex -4.173195e+001 -1.227946e+001  4.935537e+000
    endloop
  endfacet
  facet normal  -0.000000e+000  5.333471e-001  8.458964e-001
    outer loop
      vertex -4.173195e+001 -1.227946e+001  4.935537e+000
      vertex -4.048195e+001 -1.227946e+001  4.935537e+000
      vertex -4.056073e+001 -1.189111e+001  4.690676e+000
    endloop
  endfacet
  facet normal  0.000000e+000  5.333471e-001  8.458964e-001
    outer loop
      vertex -4.173195e+001 -1.227946e+001  4.935537e+000
      vertex -4.056073e+001 -1.189111e+001  4.690676e+000
      vertex -4.181073e+001 -1.189111e+001  4.690676e+000
    endloop
  endfacet
  facet normal  -0.000000e+000  5.030677e-001  8.642470e-001
    outer loop
      vertex -4.181073e+001 -1.189111e+001  4.690676e+000
      vertex -4.056073e+001 -1.189111e+001  4.690676e+000
      vertex -4.061695e+001 -1.149261e+001  4.458714e+000
    endloop
  endfacet
  facet normal  0.000000e+000  5.030677e-001  8.642470e-001
    outer loop
      vertex -4.181073e+001 -1.189111e+001  4.690676e+000
      vertex -4.061695e+001 -1.149261e+001  4.458714e+000
      vertex -4.186695e+001 -1.149261e+001  4.458714e+000
    endloop
  endfacet
  facet normal  -0.000000e+000  4.742866e-001  8.803705e-001
    outer loop
      vertex -4.186695e+001 -1.149261e+001  4.458714e+000
      vertex -4.061695e+001 -1.149261e+001  4.458714e+000
      vertex -4.064906e+001 -1.108573e+001  4.239516e+000
    endloop
  endfacet
  facet normal  0.000000e+000  4.742866e-001  8.803705e-001
    outer loop
      vertex -4.186695e+001 -1.149261e+001  4.458714e+000
      vertex -4.064906e+001 -1.108573e+001  4.239516e+000
      vertex -4.189906e+001 -1.108573e+001  4.239516e+000
    endloop
  endfacet
  facet normal  -0.000000e+000  4.469312e-001  8.945683e-001
    outer loop
      vertex -4.189906e+001 -1.108573e+001  4.239516e+000
      vertex -4.064906e+001 -1.108573e+001  4.239516e+000
      vertex -4.065564e+001 -1.067239e+001  4.033011e+000
    endloop
  endfacet
  facet normal  0.000000e+000  4.469312e-001  8.945683e-001
    outer loop
      vertex -4.189906e+001 -1.108573e+001  4.239516e+000
      vertex -4.065564e+001 -1.067239e+001  4.033011e+000
      vertex -4.190564e+001 -1.067239e+001  4.033011e+000
    endloop
  endfacet
  facet normal  -0.000000e+000  4.209280e-001  9.070940e-001
    outer loop
      vertex -4.190564e+001 -1.067239e+001  4.033011e+000
      vertex -4.065564e+001 -1.067239e+001  4.033011e+000
      vertex -4.063552e+001 -1.025466e+001  3.839164e+000
    endloop
  endfacet
  facet normal  0.000000e+000  4.209280e-001  9.070940e-001
    outer loop
      vertex -4.190564e+001 -1.067239e+001  4.033011e+000
      vertex -4.063552e+001 -1.025466e+001  3.839164e+000
      vertex -4.188552e+001 -1.025466e+001  3.839164e+000
    endloop
  endfacet
  facet normal  -0.000000e+000  3.962105e-001  9.181597e-001
    outer loop
      vertex -4.188552e+001 -1.025466e+001  3.839164e+000
      vertex -4.063552e+001 -1.025466e+001  3.839164e+000
      vertex -4.058770e+001 -9.834720e+000  3.657950e+000
    endloop
  endfacet
  facet normal  0.000000e+000  3.962105e-001  9.181597e-001
    outer loop
      vertex -4.188552e+001 -1.025466e+001  3.839164e+000
      vertex -4.058770e+001 -9.834720e+000  3.657950e+000
      vertex -4.183770e+001 -9.834720e+000  3.657950e+000
    endloop
  endfacet
  facet normal  -0.000000e+000  3.727440e-001  9.279342e-001
    outer loop
      vertex -4.183770e+001 -9.834720e+000  3.657950e+000
      vertex -4.058770e+001 -9.834720e+000  3.657950e+000
      vertex -4.051142e+001 -9.414932e+000  3.489324e+000
    endloop
  endfacet
  facet normal  0.000000e+000  3.727440e-001  9.279342e-001
    outer loop
      vertex -4.183770e+001 -9.834720e+000  3.657950e+000
      vertex -4.051142e+001 -9.414932e+000  3.489324e+000
      vertex -4.176142e+001 -9.414932e+000  3.489324e+000
    endloop
  endfacet
  facet normal  -0.000000e+000  3.505269e-001  9.365526e-001
    outer loop
      vertex -4.176142e+001 -9.414932e+000  3.489324e+000
      vertex -4.051142e+001 -9.414932e+000  3.489324e+000
      vertex -4.040617e+001 -8.997784e+000  3.333197e+000
    endloop
  endfacet
  facet normal  0.000000e+000  3.505269e-001  9.365526e-001
    outer loop
      vertex -4.176142e+001 -9.414932e+000  3.489324e+000
      vertex -4.040617e+001 -8.997784e+000  3.333197e+000
      vertex -4.165617e+001 -8.997784e+000  3.333197e+000
    endloop
  endfacet
  facet normal  9.214342e-001  1.850668e-001 -3.416275e-001
    outer loop
      vertex -4.038490e+001 -1.504423e+001  7.771974e+000
      vertex -4.049814e+001 -1.436209e+001  7.836073e+000
      vertex -4.030917e+001 -1.457619e+001  8.229777e+000
    endloop
  endfacet
  facet normal  9.332396e-001  1.839233e-001 -3.086034e-001
    outer loop
      vertex -4.057101e+001 -1.479874e+001  7.355467e+000
      vertex -4.049814e+001 -1.436209e+001  7.836073e+000
      vertex -4.038490e+001 -1.504423e+001  7.771974e+000
    endloop
  endfacet
  facet normal  9.370178e-001  2.428137e-001 -2.510759e-001
    outer loop
      vertex -4.118130e+001 -1.379669e+001  6.143031e+000
      vertex -4.107657e+001 -1.354480e+001  6.777488e+000
      vertex -4.097655e+001 -1.417578e+001  6.540555e+000
    endloop
  endfacet
  facet normal  9.318535e-001  2.571926e-001 -2.559319e-001
    outer loop
      vertex -4.118130e+001 -1.379669e+001  6.143031e+000
      vertex -4.125599e+001 -1.321708e+001  6.453565e+000
      vertex -4.107657e+001 -1.354480e+001  6.777488e+000
    endloop
  endfacet
  facet normal  9.406059e-001  1.470962e-001 -3.059793e-001
    outer loop
      vertex -4.038490e+001 -1.504423e+001  7.771974e+000
      vertex -4.030917e+001 -1.457619e+001  8.229777e+000
      vertex -4.026983e+001 -1.518604e+001  8.057535e+000
    endloop
  endfacet
  facet normal  9.356267e-001  1.505328e-001 -3.192843e-001
    outer loop
      vertex -4.026983e+001 -1.518604e+001  8.057535e+000
      vertex -4.030917e+001 -1.457619e+001  8.229777e+000
      vertex -4.013084e+001 -1.476060e+001  8.665405e+000
    endloop
  endfacet
  facet normal  9.492438e-001  1.106049e-001 -2.944532e-001
    outer loop
      vertex -4.026983e+001 -1.518604e+001  8.057535e+000
      vertex -4.013084e+001 -1.476060e+001  8.665405e+000
      vertex -4.016208e+001 -1.531262e+001  8.357361e+000
    endloop
  endfacet
  facet normal  9.517108e-001  1.067699e-001 -2.878311e-001
    outer loop
      vertex -4.016208e+001 -1.531262e+001  8.357361e+000
      vertex -4.013084e+001 -1.476060e+001  8.665405e+000
      vertex -4.005536e+001 -1.483412e+001  8.887700e+000
    endloop
  endfacet
  facet normal  9.602559e-001  8.167082e-002 -2.669050e-001
    outer loop
      vertex -4.016208e+001 -1.531262e+001  8.357361e+000
      vertex -4.005536e+001 -1.483412e+001  8.887700e+000
      vertex -4.006540e+001 -1.542159e+001  8.671845e+000
    endloop
  endfacet
  facet normal  9.646662e-001  7.619834e-002 -2.522162e-001
    outer loop
      vertex -4.006540e+001 -1.542159e+001  8.671845e+000
      vertex -4.005536e+001 -1.483412e+001  8.887700e+000
      vertex -4.001114e+001 -1.502228e+001  9.000000e+000
    endloop
  endfacet
  facet normal  9.726241e-001  5.365803e-002 -2.261043e-001
    outer loop
      vertex -4.006540e+001 -1.542159e+001  8.671845e+000
      vertex -4.001114e+001 -1.502228e+001  9.000000e+000
      vertex -3.998423e+001 -1.551004e+001  9.000000e+000
    endloop
  endfacet
  facet normal  9.223350e-001  2.551612e-001 -2.901568e-001
    outer loop
      vertex -4.107657e+001 -1.354480e+001  6.777488e+000
      vertex -4.088945e+001 -1.384225e+001  7.110705e+000
      vertex -4.097655e+001 -1.417578e+001  6.540555e+000
    endloop
  endfacet
  facet normal  9.159979e-001  2.692356e-001 -2.974221e-001
    outer loop
      vertex -4.097655e+001 -1.417578e+001  6.540555e+000
      vertex -4.088945e+001 -1.384225e+001  7.110705e+000
      vertex -4.069987e+001 -1.410878e+001  7.453321e+000
    endloop
  endfacet
  facet normal  9.304246e-001  2.137126e-001 -2.977197e-001
    outer loop
      vertex -4.097655e+001 -1.417578e+001  6.540555e+000
      vertex -4.069987e+001 -1.410878e+001  7.453321e+000
      vertex -4.076067e+001 -1.452464e+001  6.964775e+000
    endloop
  endfacet
  facet normal  9.151747e-001  2.435080e-001 -3.211840e-001
    outer loop
      vertex -4.076067e+001 -1.452464e+001  6.964775e+000
      vertex -4.069987e+001 -1.410878e+001  7.453321e+000
      vertex -4.049814e+001 -1.436209e+001  7.836073e+000
    endloop
  endfacet
  facet normal  9.290442e-001  1.926215e-001 -3.158698e-001
    outer loop
      vertex -4.076067e+001 -1.452464e+001  6.964775e+000
      vertex -4.049814e+001 -1.436209e+001  7.836073e+000
      vertex -4.057101e+001 -1.479874e+001  7.355467e+000
    endloop
  endfacet
  facet normal  9.770077e-001  1.782188e-001 -1.170212e-001
    outer loop
      vertex -4.173195e+001 -1.227946e+001  4.935537e+000
      vertex -4.168659e+001 -1.210912e+001  5.573678e+000
      vertex -4.163235e+001 -1.265604e+001  5.193526e+000
    endloop
  endfacet
  facet normal  9.687092e-001  1.990814e-001 -1.482202e-001
    outer loop
      vertex -4.163235e+001 -1.265604e+001  5.193526e+000
      vertex -4.168659e+001 -1.210912e+001  5.573678e+000
      vertex -4.156440e+001 -1.249667e+001  5.851711e+000
    endloop
  endfacet
  facet normal  9.675083e-001  2.040523e-001 -1.492999e-001
    outer loop
      vertex -4.163235e+001 -1.265604e+001  5.193526e+000
      vertex -4.156440e+001 -1.249667e+001  5.851711e+000
      vertex -4.151384e+001 -1.301937e+001  5.464991e+000
    endloop
  endfacet
  facet normal  9.563222e-001  2.279233e-001 -1.830271e-001
    outer loop
      vertex -4.151384e+001 -1.301937e+001  5.464991e+000
      vertex -4.156440e+001 -1.249667e+001  5.851711e+000
      vertex -4.142291e+001 -1.285964e+001  6.138986e+000
    endloop
  endfacet
  facet normal  9.569982e-001  2.254667e-001 -1.825360e-001
    outer loop
      vertex -4.151384e+001 -1.301937e+001  5.464991e+000
      vertex -4.142291e+001 -1.285964e+001  6.138986e+000
      vertex -4.135692e+001 -1.341881e+001  5.794298e+000
    endloop
  endfacet
  facet normal  9.436880e-001  2.470301e-001 -2.200658e-001
    outer loop
      vertex -4.135692e+001 -1.341881e+001  5.794298e+000
      vertex -4.142291e+001 -1.285964e+001  6.138986e+000
      vertex -4.125599e+001 -1.321708e+001  6.453565e+000
    endloop
  endfacet
  facet normal  9.463287e-001  2.386914e-001 -2.179185e-001
    outer loop
      vertex -4.135692e+001 -1.341881e+001  5.794298e+000
      vertex -4.125599e+001 -1.321708e+001  6.453565e+000
      vertex -4.118130e+001 -1.379669e+001  6.143031e+000
    endloop
  endfacet
  facet normal  9.998842e-001  1.037383e-002 -1.113451e-002
    outer loop
      vertex -4.190564e+001 -1.067239e+001  4.033011e+000
      vertex -4.189458e+001 -1.087749e+001  4.835696e+000
      vertex -4.189906e+001 -1.108573e+001  4.239516e+000
    endloop
  endfacet
  facet normal  9.962066e-001  7.955201e-002 -3.527002e-002
    outer loop
      vertex -4.189906e+001 -1.108573e+001  4.239516e+000
      vertex -4.189458e+001 -1.087749e+001  4.835696e+000
      vertex -4.185190e+001 -1.130724e+001  5.071859e+000
    endloop
  endfacet
  facet normal  9.975477e-001  5.634153e-002 -4.152300e-002
    outer loop
      vertex -4.189906e+001 -1.108573e+001  4.239516e+000
      vertex -4.185190e+001 -1.130724e+001  5.071859e+000
      vertex -4.186695e+001 -1.149261e+001  4.458714e+000
    endloop
  endfacet
  facet normal  9.892797e-001  1.312746e-001 -6.397362e-002
    outer loop
      vertex -4.186695e+001 -1.149261e+001  4.458714e+000
      vertex -4.185190e+001 -1.130724e+001  5.071859e+000
      vertex -4.178143e+001 -1.171828e+001  5.318069e+000
    endloop
  endfacet
  facet normal  9.925469e-001  9.744031e-002 -7.318387e-002
    outer loop
      vertex -4.186695e+001 -1.149261e+001  4.458714e+000
      vertex -4.178143e+001 -1.171828e+001  5.318069e+000
      vertex -4.181073e+001 -1.189111e+001  4.690676e+000
    endloop
  endfacet
  facet normal  9.798431e-001  1.761287e-001 -9.426688e-002
    outer loop
      vertex -4.181073e+001 -1.189111e+001  4.690676e+000
      vertex -4.178143e+001 -1.171828e+001  5.318069e+000
      vertex -4.168659e+001 -1.210912e+001  5.573678e+000
    endloop
  endfacet
  facet normal  9.854315e-001  1.332947e-001 -1.056281e-001
    outer loop
      vertex -4.181073e+001 -1.189111e+001  4.690676e+000
      vertex -4.168659e+001 -1.210912e+001  5.573678e+000
      vertex -4.173195e+001 -1.227946e+001  4.935537e+000
    endloop
  endfacet
  facet normal  9.997342e-001  2.151461e-002 -8.285805e-003
    outer loop
      vertex -4.189458e+001 -1.087749e+001  4.835696e+000
      vertex -4.190564e+001 -1.067239e+001  4.033011e+000
      vertex -4.190606e+001 -1.043093e+001  4.610292e+000
    endloop
  endfacet
  facet normal  9.990458e-001 -4.003220e-002  1.745794e-002
    outer loop
      vertex -4.190606e+001 -1.043093e+001  4.610292e+000
      vertex -4.190564e+001 -1.067239e+001  4.033011e+000
      vertex -4.188552e+001 -1.025466e+001  3.839164e+000
    endloop
  endfacet
  facet normal  9.991690e-001 -3.642597e-002  1.828555e-002
    outer loop
      vertex -4.190606e+001 -1.043093e+001  4.610292e+000
      vertex -4.188552e+001 -1.025466e+001  3.839164e+000
      vertex -4.188805e+001 -1.003083e+001  4.423656e+000
    endloop
  endfacet
  facet normal  9.945783e-001 -9.559888e-002  4.092539e-002
    outer loop
      vertex -4.188805e+001 -1.003083e+001  4.423656e+000
      vertex -4.188552e+001 -1.025466e+001  3.839164e+000
      vertex -4.183770e+001 -9.834720e+000  3.657950e+000
    endloop
  endfacet
  facet normal  9.946554e-001 -9.468924e-002  4.116343e-002
    outer loop
      vertex -4.188805e+001 -1.003083e+001  4.423656e+000
      vertex -4.183770e+001 -9.834720e+000  3.657950e+000
      vertex -4.184176e+001 -9.621659e+000  4.246226e+000
    endloop
  endfacet
  facet normal  9.860807e-001 -1.540338e-001  6.259746e-002
    outer loop
      vertex -4.184176e+001 -9.621659e+000  4.246226e+000
      vertex -4.183770e+001 -9.834720e+000  3.657950e+000
      vertex -4.176142e+001 -9.414932e+000  3.489324e+000
    endloop
  endfacet
  facet normal  9.857082e-001 -1.567051e-001  6.182830e-002
    outer loop
      vertex -4.184176e+001 -9.621659e+000  4.246226e+000
      vertex -4.176142e+001 -9.414932e+000  3.489324e+000
      vertex -4.176510e+001 -9.205647e+000  4.078512e+000
    endloop
  endfacet
  facet normal  9.731981e-001 -2.147162e-001  8.235621e-002
    outer loop
      vertex -4.176510e+001 -9.205647e+000  4.078512e+000
      vertex -4.176142e+001 -9.414932e+000  3.489324e+000
      vertex -4.165617e+001 -8.997784e+000  3.333197e+000
    endloop
  endfacet
  facet normal  9.717790e-001 -2.218571e-001  8.015726e-002
    outer loop
      vertex -4.176510e+001 -9.205647e+000  4.078512e+000
      vertex -4.165617e+001 -8.997784e+000  3.333197e+000
      vertex -4.165617e+001 -8.785407e+000  3.921007e+000
    endloop
  endfacet
  facet normal  9.641196e-001  7.453361e-002 -2.547902e-001
    outer loop
      vertex -4.005536e+001 -1.483412e+001  8.887700e+000
      vertex -3.999125e+001 -1.489464e+001  9.112617e+000
      vertex -4.001114e+001 -1.502228e+001  9.000000e+000
    endloop
  endfacet
  facet normal  9.762473e-001  3.629950e-002 -2.135967e-001
    outer loop
      vertex -4.001114e+001 -1.502228e+001  9.000000e+000
      vertex -3.999125e+001 -1.489464e+001  9.112617e+000
      vertex -3.994142e+001 -1.494049e+001  9.332562e+000
    endloop
  endfacet
  facet normal  9.746416e-001  5.307633e-002 -2.173863e-001
    outer loop
      vertex -4.001114e+001 -1.502228e+001  9.000000e+000
      vertex -3.994142e+001 -1.494049e+001  9.332562e+000
      vertex -3.995374e+001 -1.508508e+001  9.242000e+000
    endloop
  endfacet
  facet normal  9.869193e-001  1.632818e-002 -1.603856e-001
    outer loop
      vertex -3.995374e+001 -1.508508e+001  9.242000e+000
      vertex -3.994142e+001 -1.494049e+001  9.332562e+000
      vertex -3.990487e+001 -1.497347e+001  9.554127e+000
    endloop
  endfacet
  facet normal  9.858495e-001  2.966556e-002 -1.649872e-001
    outer loop
      vertex -3.995374e+001 -1.508508e+001  9.242000e+000
      vertex -3.990487e+001 -1.497347e+001  9.554127e+000
      vertex -3.991075e+001 -1.513110e+001  9.490636e+000
    endloop
  endfacet
  facet normal  9.950238e-001  2.983493e-003 -9.959348e-002
    outer loop
      vertex -3.991075e+001 -1.513110e+001  9.490636e+000
      vertex -3.990487e+001 -1.497347e+001  9.554127e+000
      vertex -3.988252e+001 -1.499336e+001  9.776792e+000
    endloop
  endfacet
  facet normal  9.945652e-001  1.121281e-002 -1.035095e-001
    outer loop
      vertex -3.991075e+001 -1.513110e+001  9.490636e+000
      vertex -3.988252e+001 -1.499336e+001  9.776792e+000
      vertex -3.988406e+001 -1.515924e+001  9.744051e+000
    endloop
  endfacet
  facet normal  9.994271e-001 -2.602298e-003 -3.374313e-002
    outer loop
      vertex -3.988406e+001 -1.515924e+001  9.744051e+000
      vertex -3.988252e+001 -1.499336e+001  9.776792e+000
      vertex -3.987500e+001 -1.500000e+001  1.000000e+001
    endloop
  endfacet
  facet normal  9.993746e-001  0.000000e+000 -3.536027e-002
    outer loop
      vertex -3.988406e+001 -1.515924e+001  9.744051e+000
      vertex -3.987500e+001 -1.500000e+001  1.000000e+001
      vertex -3.987500e+001 -1.516871e+001  1.000000e+001
    endloop
  endfacet
  facet normal  5.407680e-003 -9.777238e-001  2.098260e-001
    outer loop
      vertex  3.952348e+001  1.551005e+001  9.000000e+000
      vertex  3.868194e+001  1.556566e+001  9.280826e+000
      vertex  3.876442e+001  1.547747e+001  8.867748e+000
    endloop
  endfacet
  facet normal -8.659143e-003 -9.855402e-001  1.692203e-001
    outer loop
      vertex  3.952348e+001  1.551005e+001  9.000000e+000
      vertex  3.942697e+001  1.559554e+001  9.492918e+000
      vertex  3.868194e+001  1.556566e+001  9.280826e+000
    endloop
  endfacet
  facet normal  0.000000e+000 -3.506437e-001  9.365090e-001
    outer loop
      vertex  4.040617e+001  8.997784e+000  3.333197e+000
      vertex  4.165617e+001  8.997784e+000  3.333197e+000
      vertex  4.051237e+001  9.419338e+000  3.491033e+000
    endloop
  endfacet
  facet normal  0.000000e+000 -3.506437e-001  9.365090e-001
    outer loop
      vertex  4.051237e+001  9.419338e+000  3.491033e+000
      vertex  4.165617e+001  8.997784e+000  3.333197e+000
      vertex  4.176237e+001  9.419338e+000  3.491033e+000
    endloop
  endfacet
  facet normal  0.000000e+000 -3.731097e-001  9.277872e-001
    outer loop
      vertex  4.051237e+001  9.419338e+000  3.491033e+000
      vertex  4.176237e+001  9.419338e+000  3.491033e+000
      vertex  4.058899e+001  9.843560e+000  3.661634e+000
    endloop
  endfacet
  facet normal  0.000000e+000 -3.731097e-001  9.277872e-001
    outer loop
      vertex  4.058899e+001  9.843560e+000  3.661634e+000
      vertex  4.176237e+001  9.419338e+000  3.491033e+000
      vertex  4.183899e+001  9.843560e+000  3.661634e+000
    endloop
  endfacet
  facet normal  0.000000e+000 -3.968523e-001  9.178826e-001
    outer loop
      vertex  4.058899e+001  9.843560e+000  3.661634e+000
      vertex  4.183899e+001  9.843560e+000  3.661634e+000
      vertex  4.063657e+001  1.026788e+001  3.845093e+000
    endloop
  endfacet
  facet normal  0.000000e+000 -3.968523e-001  9.178826e-001
    outer loop
      vertex  4.063657e+001  1.026788e+001  3.845093e+000
      vertex  4.183899e+001  9.843560e+000  3.661634e+000
      vertex  4.188657e+001  1.026788e+001  3.845093e+000
    endloop
  endfacet
  facet normal  0.000000e+000 -4.218712e-001  9.066558e-001
    outer loop
      vertex  4.063657e+001  1.026788e+001  3.845093e+000
      vertex  4.188657e+001  1.026788e+001  3.845093e+000
      vertex  4.065590e+001  1.068989e+001  4.041453e+000
    endloop
  endfacet
  facet normal  0.000000e+000 -4.218712e-001  9.066558e-001
    outer loop
      vertex  4.065590e+001  1.068989e+001  4.041453e+000
      vertex  4.188657e+001  1.026788e+001  3.845093e+000
      vertex  4.190590e+001  1.068989e+001  4.041453e+000
    endloop
  endfacet
  facet normal  0.000000e+000 -4.482035e-001  8.939316e-001
    outer loop
      vertex  4.065590e+001  1.068989e+001  4.041453e+000
      vertex  4.190590e+001  1.068989e+001  4.041453e+000
      vertex  4.064800e+001  1.110730e+001  4.250740e+000
    endloop
  endfacet
  facet normal  0.000000e+000 -4.482035e-001  8.939316e-001
    outer loop
      vertex  4.064800e+001  1.110730e+001  4.250740e+000
      vertex  4.190590e+001  1.068989e+001  4.041453e+000
      vertex  4.189800e+001  1.110730e+001  4.250740e+000
    endloop
  endfacet
  facet normal  0.000000e+000 -4.759161e-001  8.794907e-001
    outer loop
      vertex  4.064800e+001  1.110730e+001  4.250740e+000
      vertex  4.189800e+001  1.110730e+001  4.250740e+000
      vertex  4.061411e+001  1.151802e+001  4.472990e+000
    endloop
  endfacet
  facet normal  0.000000e+000 -4.759161e-001  8.794907e-001
    outer loop
      vertex  4.061411e+001  1.151802e+001  4.472990e+000
      vertex  4.189800e+001  1.110730e+001  4.250740e+000
      vertex  4.186411e+001  1.151802e+001  4.472990e+000
    endloop
  endfacet
  facet normal  0.000000e+000 -5.050891e-001  8.630673e-001
    outer loop
      vertex  4.061411e+001  1.151802e+001  4.472990e+000
      vertex  4.186411e+001  1.151802e+001  4.472990e+000
      vertex  4.055568e+001  1.192007e+001  4.708277e+000
    endloop
  endfacet
  facet normal  0.000000e+000 -5.050891e-001  8.630673e-001
    outer loop
      vertex  4.055568e+001  1.192007e+001  4.708277e+000
      vertex  4.186411e+001  1.151802e+001  4.472990e+000
      vertex  4.180568e+001  1.192007e+001  4.708277e+000
    endloop
  endfacet
  facet normal  0.000000e+000 -5.357957e-001  8.443477e-001
    outer loop
      vertex  4.055568e+001  1.192007e+001  4.708277e+000
      vertex  4.180568e+001  1.192007e+001  4.708277e+000
      vertex  4.047435e+001  1.231162e+001  4.956747e+000
    endloop
  endfacet
  facet normal  0.000000e+000 -5.357957e-001  8.443477e-001
    outer loop
      vertex  4.047435e+001  1.231162e+001  4.956747e+000
      vertex  4.180568e+001  1.192007e+001  4.708277e+000
      vertex  4.172435e+001  1.231162e+001  4.956747e+000
    endloop
  endfacet
  facet normal  0.000000e+000 -5.680863e-001  8.229690e-001
    outer loop
      vertex  4.047435e+001  1.231162e+001  4.956747e+000
      vertex  4.172435e+001  1.231162e+001  4.956747e+000
      vertex  4.037192e+001  1.269103e+001  5.218644e+000
    endloop
  endfacet
  facet normal  0.000000e+000 -5.680863e-001  8.229690e-001
    outer loop
      vertex  4.037192e+001  1.269103e+001  5.218644e+000
      vertex  4.172435e+001  1.231162e+001  4.956747e+000
      vertex  4.162192e+001  1.269103e+001  5.218644e+000
    endloop
  endfacet
  facet normal  0.000000e+000 -6.019555e-001  7.985296e-001
    outer loop
      vertex  4.037192e+001  1.269103e+001  5.218644e+000
      vertex  4.162192e+001  1.269103e+001  5.218644e+000
      vertex  4.025035e+001  1.305676e+001  5.494341e+000
    endloop
  endfacet
  facet normal  0.000000e+000 -6.019555e-001  7.985296e-001
    outer loop
      vertex  4.025035e+001  1.305676e+001  5.494341e+000
      vertex  4.162192e+001  1.269103e+001  5.218644e+000
      vertex  4.150035e+001  1.305676e+001  5.494341e+000
    endloop
  endfacet
  facet normal  0.000000e+000 -6.398128e-001  7.685307e-001
    outer loop
      vertex  4.025035e+001  1.305676e+001  5.494341e+000
      vertex  4.150035e+001  1.305676e+001  5.494341e+000
      vertex  4.009213e+001  1.345301e+001  5.824227e+000
    endloop
  endfacet
  facet normal  0.000000e+000 -6.398128e-001  7.685307e-001
    outer loop
      vertex  4.009213e+001  1.345301e+001  5.824227e+000
      vertex  4.150035e+001  1.305676e+001  5.494341e+000
      vertex  4.134213e+001  1.345301e+001  5.824227e+000
    endloop
  endfacet
  facet normal  0.000000e+000 -6.819151e-001  7.314314e-001
    outer loop
      vertex  4.009213e+001  1.345301e+001  5.824227e+000
      vertex  4.134213e+001  1.345301e+001  5.824227e+000
      vertex  3.991567e+001  1.382766e+001  6.173514e+000
    endloop
  endfacet
  facet normal  0.000000e+000 -6.819151e-001  7.314314e-001
    outer loop
      vertex  3.991567e+001  1.382766e+001  6.173514e+000
      vertex  4.134213e+001  1.345301e+001  5.824227e+000
      vertex  4.116567e+001  1.382766e+001  6.173514e+000
    endloop
  endfacet
  facet normal  0.000000e+000 -7.274543e-001  6.861561e-001
    outer loop
      vertex  3.991567e+001  1.382766e+001  6.173514e+000
      vertex  4.116567e+001  1.382766e+001  6.173514e+000
      vertex  3.971001e+001  1.420414e+001  6.572659e+000
    endloop
  endfacet
  facet normal  0.000000e+000 -7.274543e-001  6.861561e-001
    outer loop
      vertex  3.971001e+001  1.420414e+001  6.572659e+000
      vertex  4.116567e+001  1.382766e+001  6.173514e+000
      vertex  4.096001e+001  1.420414e+001  6.572659e+000
    endloop
  endfacet
  facet normal  0.000000e+000 -7.762145e-001  6.304688e-001
    outer loop
      vertex  3.971001e+001  1.420414e+001  6.572659e+000
      vertex  4.096001e+001  1.420414e+001  6.572659e+000
      vertex  3.949377e+001  1.455019e+001  6.998703e+000
    endloop
  endfacet
  facet normal  0.000000e+000 -7.762145e-001  6.304688e-001
    outer loop
      vertex  3.949377e+001  1.455019e+001  6.998703e+000
      vertex  4.096001e+001  1.420414e+001  6.572659e+000
      vertex  4.074377e+001  1.455019e+001  6.998703e+000
    endloop
  endfacet
  facet normal  0.000000e+000 -8.223416e-001  5.689941e-001
    outer loop
      vertex  3.949377e+001  1.455019e+001  6.998703e+000
      vertex  4.074377e+001  1.455019e+001  6.998703e+000
      vertex  3.930532e+001  1.482028e+001  7.389044e+000
    endloop
  endfacet
  facet normal  0.000000e+000 -8.223416e-001  5.689941e-001
    outer loop
      vertex  3.930532e+001  1.482028e+001  7.389044e+000
      vertex  4.074377e+001  1.455019e+001  6.998703e+000
      vertex  4.055532e+001  1.482028e+001  7.389044e+000
    endloop
  endfacet
  facet normal  0.000000e+000 -8.648748e-001  5.019876e-001
    outer loop
      vertex  3.930532e+001  1.482028e+001  7.389044e+000
      vertex  4.055532e+001  1.482028e+001  7.389044e+000
      vertex  3.912096e+001  1.506179e+001  7.805148e+000
    endloop
  endfacet
  facet normal  0.000000e+000 -8.648748e-001  5.019876e-001
    outer loop
      vertex  3.912096e+001  1.506179e+001  7.805148e+000
      vertex  4.055532e+001  1.482028e+001  7.389044e+000
      vertex  4.037096e+001  1.506179e+001  7.805148e+000
    endloop
  endfacet
  facet normal  0.000000e+000 -9.004569e-001  4.349454e-001
    outer loop
      vertex  3.912096e+001  1.506179e+001  7.805148e+000
      vertex  4.037096e+001  1.506179e+001  7.805148e+000
      vertex  3.899244e+001  1.521878e+001  8.130160e+000
    endloop
  endfacet
  facet normal  1.390118e-003 -8.981340e-001  4.397195e-001
    outer loop
      vertex  3.899244e+001  1.521878e+001  8.130160e+000
      vertex  4.037096e+001  1.506179e+001  7.805148e+000
      vertex  4.025989e+001  1.519797e+001  8.083660e+000
    endloop
  endfacet
  facet normal -1.680839e-003 -9.290850e-001  3.698625e-001
    outer loop
      vertex  3.899244e+001  1.521878e+001  8.130160e+000
      vertex  4.025989e+001  1.519797e+001  8.083660e+000
      vertex  3.887434e+001  1.535567e+001  8.473494e+000
    endloop
  endfacet
  facet normal  3.494678e-003 -9.226387e-001  3.856496e-001
    outer loop
      vertex  3.887434e+001  1.535567e+001  8.473494e+000
      vertex  4.025989e+001  1.519797e+001  8.083660e+000
      vertex  4.015600e+001  1.531962e+001  8.375624e+000
    endloop
  endfacet
  facet normal -4.433009e-003 -9.557822e-001  2.940419e-001
    outer loop
      vertex  3.887434e+001  1.535567e+001  8.473494e+000
      vertex  4.015600e+001  1.531962e+001  8.375624e+000
      vertex  3.876442e+001  1.547747e+001  8.867748e+000
    endloop
  endfacet
  facet normal  8.384767e-003 -9.450420e-001  3.268417e-001
    outer loop
      vertex  3.876442e+001  1.547747e+001  8.867748e+000
      vertex  4.015600e+001  1.531962e+001  8.375624e+000
      vertex  4.006276e+001  1.542453e+001  8.681373e+000
    endloop
  endfacet
  facet normal -2.868579e-003 -9.670184e-001  2.546904e-001
    outer loop
      vertex  3.876442e+001  1.547747e+001  8.867748e+000
      vertex  4.006276e+001  1.542453e+001  8.681373e+000
      vertex  3.952348e+001  1.551005e+001  9.000000e+000
    endloop
  endfacet
  facet normal  0.000000e+000 -9.658175e-001  2.592232e-001
    outer loop
      vertex  3.952348e+001  1.551005e+001  9.000000e+000
      vertex  4.006276e+001  1.542453e+001  8.681373e+000
      vertex  3.998424e+001  1.551005e+001  9.000000e+000
    endloop
  endfacet
  facet normal  0.000000e+000 -9.983161e-001  5.800858e-002
    outer loop
      vertex  3.939282e+001  1.562500e+001  1.000000e+001
      vertex  3.862500e+001  1.562500e+001  1.000000e+001
      vertex  3.942697e+001  1.559554e+001  9.492918e+000
    endloop
  endfacet
  facet normal -1.078568e-002 -9.991012e-001  4.099627e-002
    outer loop
      vertex  3.942697e+001  1.559554e+001  9.492918e+000
      vertex  3.862500e+001  1.562500e+001  1.000000e+001
      vertex  3.863953e+001  1.560998e+001  9.637862e+000
    endloop
  endfacet
  facet normal  4.565691e-003 -9.923069e-001  1.237179e-001
    outer loop
      vertex  3.942697e+001  1.559554e+001  9.492918e+000
      vertex  3.863953e+001  1.560998e+001  9.637862e+000
      vertex  3.868194e+001  1.556566e+001  9.280826e+000
    endloop
  endfacet
  facet normal  9.436697e-001 -2.459126e-001 -2.213919e-001
    outer loop
      vertex -4.125582e+001  1.321739e+001  6.453855e+000
      vertex -4.142278e+001  1.285993e+001  6.139227e+000
      vertex -4.134213e+001  1.345301e+001  5.824227e+000
    endloop
  endfacet
  facet normal  9.454617e-001 -2.405504e-001 -2.196309e-001
    outer loop
      vertex -4.116567e+001  1.382766e+001  6.173514e+000
      vertex -4.125582e+001  1.321739e+001  6.453855e+000
      vertex -4.134213e+001  1.345301e+001  5.824227e+000
    endloop
  endfacet
  facet normal  9.318414e-001 -2.558503e-001 -2.573168e-001
    outer loop
      vertex -4.116567e+001  1.382766e+001  6.173514e+000
      vertex -4.107638e+001  1.354511e+001  6.777816e+000
      vertex -4.125582e+001  1.321739e+001  6.453855e+000
    endloop
  endfacet
  facet normal  9.214392e-001 -1.826256e-001 -3.429251e-001
    outer loop
      vertex -4.037096e+001  1.506179e+001  7.805148e+000
      vertex -4.030906e+001  1.457631e+001  8.230021e+000
      vertex -4.049796e+001  1.436230e+001  7.836417e+000
    endloop
  endfacet
  facet normal  9.641162e-001 -7.455364e-002 -2.547971e-001
    outer loop
      vertex -4.005536e+001  1.483414e+001  8.887779e+000
      vertex -4.001115e+001  1.502226e+001  9.000000e+000
      vertex -3.999125e+001  1.489464e+001  9.112645e+000
    endloop
  endfacet
  facet normal  9.745446e-001 -4.235220e-002 -2.201573e-001
    outer loop
      vertex -3.999125e+001  1.489464e+001  9.112645e+000
      vertex -4.001115e+001  1.502226e+001  9.000000e+000
      vertex -3.995376e+001  1.508506e+001  9.241970e+000
    endloop
  endfacet
  facet normal  9.762644e-001 -4.891986e-002 -2.109856e-001
    outer loop
      vertex -3.999125e+001  1.489464e+001  9.112645e+000
      vertex -3.995376e+001  1.508506e+001  9.241970e+000
      vertex -3.994142e+001  1.494049e+001  9.332576e+000
    endloop
  endfacet
  facet normal  9.857917e-001 -2.037341e-002 -1.667327e-001
    outer loop
      vertex -3.994142e+001  1.494049e+001  9.332576e+000
      vertex -3.995376e+001  1.508506e+001  9.241970e+000
      vertex -3.991076e+001  1.513109e+001  9.490598e+000
    endloop
  endfacet
  facet normal  9.869373e-001 -2.713067e-002 -1.588045e-001
    outer loop
      vertex -3.994142e+001  1.494049e+001  9.332576e+000
      vertex -3.991076e+001  1.513109e+001  9.490598e+000
      vertex -3.990487e+001  1.497347e+001  9.554131e+000
    endloop
  endfacet
  facet normal  9.945421e-001 -4.846335e-003 -1.042237e-001
    outer loop
      vertex -3.990487e+001  1.497347e+001  9.554131e+000
      vertex -3.991076e+001  1.513109e+001  9.490598e+000
      vertex -3.988406e+001  1.515923e+001  9.744025e+000
    endloop
  endfacet
  facet normal  9.950398e-001 -1.029983e-002 -9.894338e-002
    outer loop
      vertex -3.990487e+001  1.497347e+001  9.554131e+000
      vertex -3.988406e+001  1.515923e+001  9.744025e+000
      vertex -3.988252e+001  1.499336e+001  9.776792e+000
    endloop
  endfacet
  facet normal  9.993686e-001  2.281222e-003 -3.545588e-002
    outer loop
      vertex -3.988252e+001  1.499336e+001  9.776792e+000
      vertex -3.988406e+001  1.515923e+001  9.744025e+000
      vertex -3.987500e+001  1.516871e+001  1.000000e+001
    endloop
  endfacet
  facet normal  9.994332e-001  0.000000e+000 -3.366588e-002
    outer loop
      vertex -3.988252e+001  1.499336e+001  9.776792e+000
      vertex -3.987500e+001  1.516871e+001  1.000000e+001
      vertex -3.987500e+001  1.500000e+001  1.000000e+001
    endloop
  endfacet
  facet normal  9.559935e-001 -2.280418e-001 -1.845897e-001
    outer loop
      vertex -4.134213e+001  1.345301e+001  5.824227e+000
      vertex -4.142278e+001  1.285993e+001  6.139227e+000
      vertex -4.150035e+001  1.305676e+001  5.494341e+000
    endloop
  endfacet
  facet normal  9.563041e-001 -2.269709e-001 -1.843002e-001
    outer loop
      vertex -4.150035e+001  1.305676e+001  5.494341e+000
      vertex -4.142278e+001  1.285993e+001  6.139227e+000
      vertex -4.156430e+001  1.249695e+001  5.851918e+000
    endloop
  endfacet
  facet normal  9.665256e-001 -2.071307e-001 -1.514109e-001
    outer loop
      vertex -4.150035e+001  1.305676e+001  5.494341e+000
      vertex -4.156430e+001  1.249695e+001  5.851918e+000
      vertex -4.162192e+001  1.269103e+001  5.218644e+000
    endloop
  endfacet
  facet normal  9.686947e-001 -1.985782e-001 -1.489871e-001
    outer loop
      vertex -4.162192e+001  1.269103e+001  5.218644e+000
      vertex -4.156430e+001  1.249695e+001  5.851918e+000
      vertex -4.168652e+001  1.210937e+001  5.573851e+000
    endloop
  endfacet
  facet normal  9.761845e-001 -1.812392e-001 -1.192320e-001
    outer loop
      vertex -4.162192e+001  1.269103e+001  5.218644e+000
      vertex -4.168652e+001  1.210937e+001  5.573851e+000
      vertex -4.172435e+001  1.231162e+001  4.956747e+000
    endloop
  endfacet
  facet normal  9.799718e-001 -1.635167e-001 -1.136556e-001
    outer loop
      vertex -4.172435e+001  1.231162e+001  4.956747e+000
      vertex -4.168652e+001  1.210937e+001  5.573851e+000
      vertex -4.178139e+001  1.171850e+001  5.318210e+000
    endloop
  endfacet
  facet normal  9.849535e-001 -1.485512e-001 -8.831267e-002
    outer loop
      vertex -4.172435e+001  1.231162e+001  4.956747e+000
      vertex -4.178139e+001  1.171850e+001  5.318210e+000
      vertex -4.180568e+001  1.192007e+001  4.708277e+000
    endloop
  endfacet
  facet normal  9.893368e-001 -1.219133e-001 -7.968435e-002
    outer loop
      vertex -4.180568e+001  1.192007e+001  4.708277e+000
      vertex -4.178139e+001  1.171850e+001  5.318210e+000
      vertex -4.185188e+001  1.130744e+001  5.071970e+000
    endloop
  endfacet
  facet normal  9.922144e-001 -1.097605e-001 -5.884779e-002
    outer loop
      vertex -4.180568e+001  1.192007e+001  4.708277e+000
      vertex -4.185188e+001  1.130744e+001  5.071970e+000
      vertex -4.186411e+001  1.151802e+001  4.472990e+000
    endloop
  endfacet
  facet normal  9.962192e-001 -7.356957e-002 -4.620580e-002
    outer loop
      vertex -4.186411e+001  1.151802e+001  4.472990e+000
      vertex -4.185188e+001  1.130744e+001  5.071970e+000
      vertex -4.189457e+001  1.087765e+001  4.835778e+000
    endloop
  endfacet
  facet normal  9.973714e-001 -6.527184e-002 -3.146238e-002
    outer loop
      vertex -4.186411e+001  1.151802e+001  4.472990e+000
      vertex -4.189457e+001  1.087765e+001  4.835778e+000
      vertex -4.189800e+001  1.110730e+001  4.250740e+000
    endloop
  endfacet
  facet normal  9.997309e-001 -1.900045e-002 -1.331239e-002
    outer loop
      vertex -4.189800e+001  1.110730e+001  4.250740e+000
      vertex -4.189457e+001  1.087765e+001  4.835778e+000
      vertex -4.190606e+001  1.043104e+001  4.610348e+000
    endloop
  endfacet
  facet normal  9.998565e-001 -1.552626e-002 -6.776130e-003
    outer loop
      vertex -4.189800e+001  1.110730e+001  4.250740e+000
      vertex -4.190606e+001  1.043104e+001  4.610348e+000
      vertex -4.190590e+001  1.068989e+001  4.041453e+000
    endloop
  endfacet
  facet normal  9.991702e-001  3.696334e-002  1.710636e-002
    outer loop
      vertex -4.190590e+001  1.068989e+001  4.041453e+000
      vertex -4.190606e+001  1.043104e+001  4.610348e+000
      vertex -4.188807e+001  1.003092e+001  4.423696e+000
    endloop
  endfacet
  facet normal  9.991391e-001  3.742442e-002  1.790268e-002
    outer loop
      vertex -4.190590e+001  1.068989e+001  4.041453e+000
      vertex -4.188807e+001  1.003092e+001  4.423696e+000
      vertex -4.188657e+001  1.026788e+001  3.845093e+000
    endloop
  endfacet
  facet normal  9.946561e-001  9.461622e-002  4.131386e-002
    outer loop
      vertex -4.188657e+001  1.026788e+001  3.845093e+000
      vertex -4.188807e+001  1.003092e+001  4.423696e+000
      vertex -4.184177e+001  9.621718e+000  4.246251e+000
    endloop
  endfacet
  facet normal  9.947450e-001  9.406798e-002  4.042089e-002
    outer loop
      vertex -4.188657e+001  1.026788e+001  3.845093e+000
      vertex -4.184177e+001  9.621718e+000  4.246251e+000
      vertex -4.183899e+001  9.843560e+000  3.661634e+000
    endloop
  endfacet
  facet normal  9.857079e-001  1.558991e-001  6.384075e-002
    outer loop
      vertex -4.183899e+001  9.843560e+000  3.661634e+000
      vertex -4.184177e+001  9.621718e+000  4.246251e+000
      vertex -4.176511e+001  9.205677e+000  4.078524e+000
    endloop
  endfacet
  facet normal  9.862475e-001  1.537940e-001  6.052407e-002
    outer loop
      vertex -4.183899e+001  9.843560e+000  3.661634e+000
      vertex -4.176511e+001  9.205677e+000  4.078524e+000
      vertex -4.176237e+001  9.419338e+000  3.491033e+000
    endloop
  endfacet
  facet normal  9.717830e-001  2.201830e-001  8.460136e-002
    outer loop
      vertex -4.176237e+001  9.419338e+000  3.491033e+000
      vertex -4.176511e+001  9.205677e+000  4.078524e+000
      vertex -4.165617e+001  8.785407e+000  3.921007e+000
    endloop
  endfacet
  facet normal  9.732751e-001  2.159779e-001  7.803309e-002
    outer loop
      vertex -4.176237e+001  9.419338e+000  3.491033e+000
      vertex -4.165617e+001  8.785407e+000  3.921007e+000
      vertex -4.165617e+001  8.997784e+000  3.333197e+000
    endloop
  endfacet
  facet normal  9.337859e-001 -1.832762e-001 -3.073334e-001
    outer loop
      vertex -4.037096e+001  1.506179e+001  7.805148e+000
      vertex -4.049796e+001  1.436230e+001  7.836417e+000
      vertex -4.055532e+001  1.482028e+001  7.389044e+000
    endloop
  endfacet
  facet normal  9.154580e-001 -2.166304e-001 -3.391285e-001
    outer loop
      vertex -4.055532e+001  1.482028e+001  7.389044e+000
      vertex -4.049796e+001  1.436230e+001  7.836417e+000
      vertex -4.069964e+001  1.410909e+001  7.453744e+000
    endloop
  endfacet
  facet normal  9.294073e-001 -2.158429e-001 -2.993560e-001
    outer loop
      vertex -4.055532e+001  1.482028e+001  7.389044e+000
      vertex -4.069964e+001  1.410909e+001  7.453744e+000
      vertex -4.074377e+001  1.455019e+001  6.998703e+000
    endloop
  endfacet
  facet normal  9.163734e-001 -2.393572e-001 -3.208863e-001
    outer loop
      vertex -4.074377e+001  1.455019e+001  6.998703e+000
      vertex -4.069964e+001  1.410909e+001  7.453744e+000
      vertex -4.088925e+001  1.384256e+001  7.111074e+000
    endloop
  endfacet
  facet normal  9.303769e-001 -2.358494e-001 -2.806666e-001
    outer loop
      vertex -4.074377e+001  1.455019e+001  6.998703e+000
      vertex -4.088925e+001  1.384256e+001  7.111074e+000
      vertex -4.096001e+001  1.420414e+001  6.572659e+000
    endloop
  endfacet
  facet normal  9.223279e-001 -2.536100e-001 -2.915362e-001
    outer loop
      vertex -4.096001e+001  1.420414e+001  6.572659e+000
      vertex -4.088925e+001  1.384256e+001  7.111074e+000
      vertex -4.107638e+001  1.354511e+001  6.777816e+000
    endloop
  endfacet
  facet normal  9.363767e-001 -2.439085e-001 -2.524034e-001
    outer loop
      vertex -4.096001e+001  1.420414e+001  6.572659e+000
      vertex -4.107638e+001  1.354511e+001  6.777816e+000
      vertex -4.116567e+001  1.382766e+001  6.173514e+000
    endloop
  endfacet
  facet normal  9.413993e-001 -1.460464e-001 -3.040359e-001
    outer loop
      vertex -4.037096e+001  1.506179e+001  7.805148e+000
      vertex -4.025989e+001  1.519797e+001  8.083660e+000
      vertex -4.030906e+001  1.457631e+001  8.230021e+000
    endloop
  endfacet
  facet normal  9.498224e-001 -1.408813e-001 -2.792667e-001
    outer loop
      vertex -4.030906e+001  1.457631e+001  8.230021e+000
      vertex -4.025989e+001  1.519797e+001  8.083660e+000
      vertex -4.015600e+001  1.531962e+001  8.375624e+000
    endloop
  endfacet
  facet normal  9.356932e-001 -1.282961e-001 -3.286613e-001
    outer loop
      vertex -4.030906e+001  1.457631e+001  8.230021e+000
      vertex -4.015600e+001  1.531962e+001  8.375624e+000
      vertex -4.013081e+001  1.476065e+001  8.665543e+000
    endloop
  endfacet
  facet normal  9.608224e-001 -9.225622e-002 -2.613599e-001
    outer loop
      vertex -4.013081e+001  1.476065e+001  8.665543e+000
      vertex -4.015600e+001  1.531962e+001  8.375624e+000
      vertex -4.006276e+001  1.542453e+001  8.681373e+000
    endloop
  endfacet
  facet normal  9.517537e-001 -9.056756e-002 -2.931937e-001
    outer loop
      vertex -4.013081e+001  1.476065e+001  8.665543e+000
      vertex -4.006276e+001  1.542453e+001  8.681373e+000
      vertex -4.005536e+001  1.483414e+001  8.887779e+000
    endloop
  endfacet
  facet normal  9.728087e-001 -6.547078e-002 -2.221643e-001
    outer loop
      vertex -4.005536e+001  1.483414e+001  8.887779e+000
      vertex -4.006276e+001  1.542453e+001  8.681373e+000
      vertex -3.998424e+001  1.551005e+001  9.000000e+000
    endloop
  endfacet
  facet normal  9.561180e-001 -5.275181e-002 -2.881936e-001
    outer loop
      vertex -4.005536e+001  1.483414e+001  8.887779e+000
      vertex -3.998424e+001  1.551005e+001  9.000000e+000
      vertex -4.001115e+001  1.502226e+001  9.000000e+000
    endloop
  endfacet
  facet normal -5.407680e-003 -9.777238e-001  2.098260e-001
    outer loop
      vertex -3.876442e+001  1.547747e+001  8.867748e+000
      vertex -3.868194e+001  1.556566e+001  9.280826e+000
      vertex -3.952348e+001  1.551005e+001  9.000000e+000
    endloop
  endfacet
  facet normal  8.659143e-003 -9.855402e-001  1.692203e-001
    outer loop
      vertex -3.868194e+001  1.556566e+001  9.280826e+000
      vertex -3.942697e+001  1.559554e+001  9.492918e+000
      vertex -3.952348e+001  1.551005e+001  9.000000e+000
    endloop
  endfacet
  facet normal  0.000000e+000 -6.019555e-001  7.985296e-001
    outer loop
      vertex -4.025035e+001  1.305676e+001  5.494341e+000
      vertex -4.162192e+001  1.269103e+001  5.218644e+000
      vertex -4.037192e+001  1.269103e+001  5.218644e+000
    endloop
  endfacet
  facet normal  0.000000e+000 -5.680863e-001  8.229690e-001
    outer loop
      vertex -4.037192e+001  1.269103e+001  5.218644e+000
      vertex -4.162192e+001  1.269103e+001  5.218644e+000
      vertex -4.172435e+001  1.231162e+001  4.956747e+000
    endloop
  endfacet
  facet normal  0.000000e+000 -5.680863e-001  8.229690e-001
    outer loop
      vertex -4.037192e+001  1.269103e+001  5.218644e+000
      vertex -4.172435e+001  1.231162e+001  4.956747e+000
      vertex -4.047435e+001  1.231162e+001  4.956747e+000
    endloop
  endfacet
  facet normal  0.000000e+000 -5.357957e-001  8.443477e-001
    outer loop
      vertex -4.047435e+001  1.231162e+001  4.956747e+000
      vertex -4.172435e+001  1.231162e+001  4.956747e+000
      vertex -4.180568e+001  1.192007e+001  4.708277e+000
    endloop
  endfacet
  facet normal  0.000000e+000 -5.357957e-001  8.443477e-001
    outer loop
      vertex -4.047435e+001  1.231162e+001  4.956747e+000
      vertex -4.180568e+001  1.192007e+001  4.708277e+000
      vertex -4.055568e+001  1.192007e+001  4.708277e+000
    endloop
  endfacet
  facet normal  0.000000e+000 -5.050891e-001  8.630673e-001
    outer loop
      vertex -4.055568e+001  1.192007e+001  4.708277e+000
      vertex -4.180568e+001  1.192007e+001  4.708277e+000
      vertex -4.186411e+001  1.151802e+001  4.472990e+000
    endloop
  endfacet
  facet normal  0.000000e+000 -5.050891e-001  8.630673e-001
    outer loop
      vertex -4.055568e+001  1.192007e+001  4.708277e+000
      vertex -4.186411e+001  1.151802e+001  4.472990e+000
      vertex -4.061411e+001  1.151802e+001  4.472990e+000
    endloop
  endfacet
  facet normal  0.000000e+000 -4.759161e-001  8.794907e-001
    outer loop
      vertex -4.061411e+001  1.151802e+001  4.472990e+000
      vertex -4.186411e+001  1.151802e+001  4.472990e+000
      vertex -4.189800e+001  1.110730e+001  4.250740e+000
    endloop
  endfacet
  facet normal  0.000000e+000 -4.759161e-001  8.794907e-001
    outer loop
      vertex -4.061411e+001  1.151802e+001  4.472990e+000
      vertex -4.189800e+001  1.110730e+001  4.250740e+000
      vertex -4.064800e+001  1.110730e+001  4.250740e+000
    endloop
  endfacet
  facet normal  0.000000e+000 -4.482035e-001  8.939316e-001
    outer loop
      vertex -4.064800e+001  1.110730e+001  4.250740e+000
      vertex -4.189800e+001  1.110730e+001  4.250740e+000
      vertex -4.190590e+001  1.068989e+001  4.041453e+000
    endloop
  endfacet
  facet normal  0.000000e+000 -4.482035e-001  8.939316e-001
    outer loop
      vertex -4.064800e+001  1.110730e+001  4.250740e+000
      vertex -4.190590e+001  1.068989e+001  4.041453e+000
      vertex -4.065590e+001  1.068989e+001  4.041453e+000
    endloop
  endfacet
  facet normal  0.000000e+000 -4.218712e-001  9.066558e-001
    outer loop
      vertex -4.065590e+001  1.068989e+001  4.041453e+000
      vertex -4.190590e+001  1.068989e+001  4.041453e+000
      vertex -4.188657e+001  1.026788e+001  3.845093e+000
    endloop
  endfacet
  facet normal  0.000000e+000 -4.218712e-001  9.066558e-001
    outer loop
      vertex -4.065590e+001  1.068989e+001  4.041453e+000
      vertex -4.188657e+001  1.026788e+001  3.845093e+000
      vertex -4.063657e+001  1.026788e+001  3.845093e+000
    endloop
  endfacet
  facet normal  0.000000e+000 -3.968523e-001  9.178826e-001
    outer loop
      vertex -4.063657e+001  1.026788e+001  3.845093e+000
      vertex -4.188657e+001  1.026788e+001  3.845093e+000
      vertex -4.183899e+001  9.843560e+000  3.661634e+000
    endloop
  endfacet
  facet normal  0.000000e+000 -3.968523e-001  9.178826e-001
    outer loop
      vertex -4.063657e+001  1.026788e+001  3.845093e+000
      vertex -4.183899e+001  9.843560e+000  3.661634e+000
      vertex -4.058899e+001  9.843560e+000  3.661634e+000
    endloop
  endfacet
  facet normal  0.000000e+000 -3.731097e-001  9.277872e-001
    outer loop
      vertex -4.058899e+001  9.843560e+000  3.661634e+000
      vertex -4.183899e+001  9.843560e+000  3.661634e+000
      vertex -4.176237e+001  9.419338e+000  3.491033e+000
    endloop
  endfacet
  facet normal  0.000000e+000 -3.731097e-001  9.277872e-001
    outer loop
      vertex -4.058899e+001  9.843560e+000  3.661634e+000
      vertex -4.176237e+001  9.419338e+000  3.491033e+000
      vertex -4.051237e+001  9.419338e+000  3.491033e+000
    endloop
  endfacet
  facet normal  0.000000e+000 -3.506437e-001  9.365090e-001
    outer loop
      vertex -4.051237e+001  9.419338e+000  3.491033e+000
      vertex -4.176237e+001  9.419338e+000  3.491033e+000
      vertex -4.165617e+001  8.997784e+000  3.333197e+000
    endloop
  endfacet
  facet normal  0.000000e+000 -3.506437e-001  9.365090e-001
    outer loop
      vertex -4.051237e+001  9.419338e+000  3.491033e+000
      vertex -4.165617e+001  8.997784e+000  3.333197e+000
      vertex -4.040617e+001  8.997784e+000  3.333197e+000
    endloop
  endfacet
  facet normal  0.000000e+000 -6.019555e-001  7.985296e-001
    outer loop
      vertex -4.162192e+001  1.269103e+001  5.218644e+000
      vertex -4.025035e+001  1.305676e+001  5.494341e+000
      vertex -4.150035e+001  1.305676e+001  5.494341e+000
    endloop
  endfacet
  facet normal  0.000000e+000 -6.398128e-001  7.685307e-001
    outer loop
      vertex -4.150035e+001  1.305676e+001  5.494341e+000
      vertex -4.025035e+001  1.305676e+001  5.494341e+000
      vertex -4.009213e+001  1.345301e+001  5.824227e+000
    endloop
  endfacet
  facet normal  0.000000e+000 -6.398128e-001  7.685307e-001
    outer loop
      vertex -4.150035e+001  1.305676e+001  5.494341e+000
      vertex -4.009213e+001  1.345301e+001  5.824227e+000
      vertex -4.134213e+001  1.345301e+001  5.824227e+000
    endloop
  endfacet
  facet normal  0.000000e+000 -6.819151e-001  7.314314e-001
    outer loop
      vertex -4.134213e+001  1.345301e+001  5.824227e+000
      vertex -4.009213e+001  1.345301e+001  5.824227e+000
      vertex -3.991567e+001  1.382766e+001  6.173514e+000
    endloop
  endfacet
  facet normal  0.000000e+000 -6.819151e-001  7.314314e-001
    outer loop
      vertex -4.134213e+001  1.345301e+001  5.824227e+000
      vertex -3.991567e+001  1.382766e+001  6.173514e+000
      vertex -4.116567e+001  1.382766e+001  6.173514e+000
    endloop
  endfacet
  facet normal  0.000000e+000 -7.274543e-001  6.861561e-001
    outer loop
      vertex -4.116567e+001  1.382766e+001  6.173514e+000
      vertex -3.991567e+001  1.382766e+001  6.173514e+000
      vertex -3.971001e+001  1.420414e+001  6.572659e+000
    endloop
  endfacet
  facet normal  0.000000e+000 -7.274543e-001  6.861561e-001
    outer loop
      vertex -4.116567e+001  1.382766e+001  6.173514e+000
      vertex -3.971001e+001  1.420414e+001  6.572659e+000
      vertex -4.096001e+001  1.420414e+001  6.572659e+000
    endloop
  endfacet
  facet normal  0.000000e+000 -7.762145e-001  6.304688e-001
    outer loop
      vertex -4.096001e+001  1.420414e+001  6.572659e+000
      vertex -3.971001e+001  1.420414e+001  6.572659e+000
      vertex -3.949377e+001  1.455019e+001  6.998703e+000
    endloop
  endfacet
  facet normal  0.000000e+000 -7.762145e-001  6.304688e-001
    outer loop
      vertex -4.096001e+001  1.420414e+001  6.572659e+000
      vertex -3.949377e+001  1.455019e+001  6.998703e+000
      vertex -4.074377e+001  1.455019e+001  6.998703e+000
    endloop
  endfacet
  facet normal  0.000000e+000 -8.223416e-001  5.689941e-001
    outer loop
      vertex -4.074377e+001  1.455019e+001  6.998703e+000
      vertex -3.949377e+001  1.455019e+001  6.998703e+000
      vertex -3.930532e+001  1.482028e+001  7.389044e+000
    endloop
  endfacet
  facet normal  0.000000e+000 -8.223416e-001  5.689941e-001
    outer loop
      vertex -4.074377e+001  1.455019e+001  6.998703e+000
      vertex -3.930532e+001  1.482028e+001  7.389044e+000
      vertex -4.055532e+001  1.482028e+001  7.389044e+000
    endloop
  endfacet
  facet normal  0.000000e+000 -8.648748e-001  5.019876e-001
    outer loop
      vertex -4.055532e+001  1.482028e+001  7.389044e+000
      vertex -3.930532e+001  1.482028e+001  7.389044e+000
      vertex -3.912096e+001  1.506179e+001  7.805148e+000
    endloop
  endfacet
  facet normal  0.000000e+000 -8.648748e-001  5.019876e-001
    outer loop
      vertex -4.055532e+001  1.482028e+001  7.389044e+000
      vertex -3.912096e+001  1.506179e+001  7.805148e+000
      vertex -4.037096e+001  1.506179e+001  7.805148e+000
    endloop
  endfacet
  facet normal  0.000000e+000 -9.004569e-001  4.349454e-001
    outer loop
      vertex -4.037096e+001  1.506179e+001  7.805148e+000
      vertex -3.912096e+001  1.506179e+001  7.805148e+000
      vertex -3.899244e+001  1.521878e+001  8.130160e+000
    endloop
  endfacet
  facet normal -1.390118e-003 -8.981340e-001  4.397195e-001
    outer loop
      vertex -4.037096e+001  1.506179e+001  7.805148e+000
      vertex -3.899244e+001  1.521878e+001  8.130160e+000
      vertex -4.025989e+001  1.519797e+001  8.083660e+000
    endloop
  endfacet
  facet normal  1.680839e-003 -9.290850e-001  3.698625e-001
    outer loop
      vertex -4.025989e+001  1.519797e+001  8.083660e+000
      vertex -3.899244e+001  1.521878e+001  8.130160e+000
      vertex -3.887434e+001  1.535567e+001  8.473494e+000
    endloop
  endfacet
  facet normal -3.494678e-003 -9.226387e-001  3.856496e-001
    outer loop
      vertex -4.025989e+001  1.519797e+001  8.083660e+000
      vertex -3.887434e+001  1.535567e+001  8.473494e+000
      vertex -4.015600e+001  1.531962e+001  8.375624e+000
    endloop
  endfacet
  facet normal  4.433009e-003 -9.557822e-001  2.940419e-001
    outer loop
      vertex -4.015600e+001  1.531962e+001  8.375624e+000
      vertex -3.887434e+001  1.535567e+001  8.473494e+000
      vertex -3.876442e+001  1.547747e+001  8.867748e+000
    endloop
  endfacet
  facet normal -8.384767e-003 -9.450420e-001  3.268417e-001
    outer loop
      vertex -4.015600e+001  1.531962e+001  8.375624e+000
      vertex -3.876442e+001  1.547747e+001  8.867748e+000
      vertex -4.006276e+001  1.542453e+001  8.681373e+000
    endloop
  endfacet
  facet normal  2.868579e-003 -9.670184e-001  2.546904e-001
    outer loop
      vertex -4.006276e+001  1.542453e+001  8.681373e+000
      vertex -3.876442e+001  1.547747e+001  8.867748e+000
      vertex -3.952348e+001  1.551005e+001  9.000000e+000
    endloop
  endfacet
  facet normal  0.000000e+000 -9.658175e-001  2.592232e-001
    outer loop
      vertex -4.006276e+001  1.542453e+001  8.681373e+000
      vertex -3.952348e+001  1.551005e+001  9.000000e+000
      vertex -3.998424e+001  1.551005e+001  9.000000e+000
    endloop
  endfacet
  facet normal -4.565691e-003 -9.923069e-001  1.237179e-001
    outer loop
      vertex -3.868194e+001  1.556566e+001  9.280826e+000
      vertex -3.863953e+001  1.560998e+001  9.637862e+000
      vertex -3.942697e+001  1.559554e+001  9.492918e+000
    endloop
  endfacet
  facet normal  1.078568e-002 -9.991012e-001  4.099627e-002
    outer loop
      vertex -3.942697e+001  1.559554e+001  9.492918e+000
      vertex -3.863953e+001  1.560998e+001  9.637862e+000
      vertex -3.862500e+001  1.562500e+001  1.000000e+001
    endloop
  endfacet
  facet normal  0.000000e+000 -9.983161e-001  5.800858e-002
    outer loop
      vertex -3.942697e+001  1.559554e+001  9.492918e+000
      vertex -3.862500e+001  1.562500e+001  1.000000e+001
      vertex -3.939282e+001  1.562500e+001  1.000000e+001
    endloop
  endfacet
  facet normal -6.137909e-001  7.892920e-001 -1.669862e-002
    outer loop
      vertex -3.952348e+001  1.551005e+001  9.000000e+000
      vertex -3.942697e+001  1.559554e+001  9.492918e+000
      vertex -3.874154e+001  1.611813e+001  9.000000e+000
    endloop
  endfacet
  facet normal -4.759319e-001  8.794575e-001  6.586713e-003
    outer loop
      vertex -3.862487e+001  1.619411e+001  1.000000e+001
      vertex -3.778423e+001  1.664903e+001  1.000000e+001
      vertex -3.787902e+001  1.660522e+001  9.000000e+000
    endloop
  endfacet
  facet normal -3.589984e-001  9.333130e-001 -6.855775e-003
    outer loop
      vertex -3.695450e+001  1.696084e+001  9.000000e+000
      vertex -3.787902e+001  1.660522e+001  9.000000e+000
      vertex -3.778423e+001  1.664903e+001  1.000000e+001
    endloop
  endfacet
  facet normal -6.086273e-001  7.934398e-001 -5.120841e-003
    outer loop
      vertex -3.942697e+001  1.559554e+001  9.492918e+000
      vertex -3.939282e+001  1.562500e+001  1.000000e+001
      vertex -3.874154e+001  1.611813e+001  9.000000e+000
    endloop
  endfacet
  facet normal -5.953766e-001  8.034026e-001  8.422219e-003
    outer loop
      vertex -3.874154e+001  1.611813e+001  9.000000e+000
      vertex -3.939282e+001  1.562500e+001  1.000000e+001
      vertex -3.862487e+001  1.619411e+001  1.000000e+001
    endloop
  endfacet
  facet normal -4.917189e-001  8.707097e-001 -8.784541e-003
    outer loop
      vertex -3.874154e+001  1.611813e+001  9.000000e+000
      vertex -3.862487e+001  1.619411e+001  1.000000e+001
      vertex -3.787902e+001  1.660522e+001  9.000000e+000
    endloop
  endfacet
  facet normal -7.080318e-002  9.974903e-001  0.000000e+000
    outer loop
      vertex -3.500000e+001  1.725000e+001  1.000000e+001
      vertex -3.500000e+001  1.725000e+001  9.000000e+000
      vertex -3.595344e+001  1.718232e+001  1.000000e+001
    endloop
  endfacet
  facet normal -7.337397e-002  9.973015e-001 -2.463884e-003
    outer loop
      vertex -3.595344e+001  1.718232e+001  1.000000e+001
      vertex -3.500000e+001  1.725000e+001  9.000000e+000
      vertex -3.598789e+001  1.717732e+001  9.000000e+000
    endloop
  endfacet
  facet normal -2.109883e-001  9.774857e-001  2.375653e-003
    outer loop
      vertex -3.595344e+001  1.718232e+001  1.000000e+001
      vertex -3.598789e+001  1.717732e+001  9.000000e+000
      vertex -3.688776e+001  1.698065e+001  1.000000e+001
    endloop
  endfacet
  facet normal -2.185402e-001  9.758164e-001 -4.748383e-003
    outer loop
      vertex -3.688776e+001  1.698065e+001  1.000000e+001
      vertex -3.598789e+001  1.717732e+001  9.000000e+000
      vertex -3.695450e+001  1.696084e+001  9.000000e+000
    endloop
  endfacet
  facet normal -3.469404e-001  9.378761e-001  4.571977e-003
    outer loop
      vertex -3.688776e+001  1.698065e+001  1.000000e+001
      vertex -3.695450e+001  1.696084e+001  9.000000e+000
      vertex -3.778423e+001  1.664903e+001  1.000000e+001
    endloop
  endfacet
  facet normal -7.466450e-001  6.652227e-001 -1.258880e-004
    outer loop
      vertex -4.001115e+001  1.502226e+001  9.000000e+000
      vertex -4.006113e+001  1.496626e+001  9.497241e+000
      vertex -4.003115e+001  1.500000e+001  1.000000e+001
    endloop
  endfacet
  facet normal -7.525970e-001  6.584799e-001 -1.483577e-003
    outer loop
      vertex -4.001115e+001  1.502226e+001  9.000000e+000
      vertex -4.014781e+001  1.486607e+001  9.000000e+000
      vertex -4.006113e+001  1.496626e+001  9.497241e+000
    endloop
  endfacet
  facet normal -7.268398e-001  6.868070e-001  2.910365e-004
    outer loop
      vertex -3.987500e+001  1.516871e+001  1.000000e+001
      vertex -3.988406e+001  1.515923e+001  9.744025e+000
      vertex -3.991076e+001  1.513109e+001  9.490598e+000
    endloop
  endfacet
  facet normal -7.345941e-001  6.785052e-001  1.448464e-003
    outer loop
      vertex -3.987500e+001  1.516871e+001  1.000000e+001
      vertex -3.991076e+001  1.513109e+001  9.490598e+000
      vertex -3.995376e+001  1.508506e+001  9.241970e+000
    endloop
  endfacet
  facet normal -7.457067e-001  6.662626e-001  3.954052e-003
    outer loop
      vertex -3.987500e+001  1.516871e+001  1.000000e+001
      vertex -3.995376e+001  1.508506e+001  9.241970e+000
      vertex -4.001115e+001  1.502226e+001  9.000000e+000
    endloop
  endfacet
  facet normal -7.338942e-001  6.792635e-001  4.417833e-004
    outer loop
      vertex -3.987500e+001  1.516871e+001  1.000000e+001
      vertex -4.001115e+001  1.502226e+001  9.000000e+000
      vertex -4.003115e+001  1.500000e+001  1.000000e+001
    endloop
  endfacet
  facet normal  3.589984e-001  9.333130e-001 -6.855775e-003
    outer loop
      vertex  3.695450e+001  1.696084e+001  9.000000e+000
      vertex  3.778423e+001  1.664903e+001  1.000000e+001
      vertex  3.787902e+001  1.660522e+001  9.000000e+000
    endloop
  endfacet
  facet normal  4.759319e-001  8.794575e-001  6.586713e-003
    outer loop
      vertex  3.787902e+001  1.660522e+001  9.000000e+000
      vertex  3.778423e+001  1.664903e+001  1.000000e+001
      vertex  3.862487e+001  1.619411e+001  1.000000e+001
    endloop
  endfacet
  facet normal  4.917189e-001  8.707097e-001 -8.784541e-003
    outer loop
      vertex  3.787902e+001  1.660522e+001  9.000000e+000
      vertex  3.862487e+001  1.619411e+001  1.000000e+001
      vertex  3.874154e+001  1.611813e+001  9.000000e+000
    endloop
  endfacet
  facet normal  7.337420e-002  9.973045e-001  0.000000e+000
    outer loop
      vertex  3.500000e+001  1.725000e+001  9.000000e+000
      vertex  3.500000e+001  1.725000e+001  1.000000e+001
      vertex  3.598789e+001  1.717732e+001  9.000000e+000
    endloop
  endfacet
  facet normal  7.080294e-002  9.974870e-001 -2.553377e-003
    outer loop
      vertex  3.598789e+001  1.717732e+001  9.000000e+000
      vertex  3.500000e+001  1.725000e+001  1.000000e+001
      vertex  3.595344e+001  1.718232e+001  1.000000e+001
    endloop
  endfacet
  facet normal  2.185419e-001  9.758240e-001  2.644166e-003
    outer loop
      vertex  3.598789e+001  1.717732e+001  9.000000e+000
      vertex  3.595344e+001  1.718232e+001  1.000000e+001
      vertex  3.695450e+001  1.696084e+001  9.000000e+000
    endloop
  endfacet
  facet normal  2.109860e-001  9.774748e-001 -5.285366e-003
    outer loop
      vertex  3.695450e+001  1.696084e+001  9.000000e+000
      vertex  3.595344e+001  1.718232e+001  1.000000e+001
      vertex  3.688776e+001  1.698065e+001  1.000000e+001
    endloop
  endfacet
  facet normal  3.469404e-001  9.378761e-001  4.571975e-003
    outer loop
      vertex  3.695450e+001  1.696084e+001  9.000000e+000
      vertex  3.688776e+001  1.698065e+001  1.000000e+001
      vertex  3.778423e+001  1.664903e+001  1.000000e+001
    endloop
  endfacet
  facet normal  5.953766e-001  8.034026e-001  8.422227e-003
    outer loop
      vertex  3.862487e+001  1.619411e+001  1.000000e+001
      vertex  3.939282e+001  1.562500e+001  1.000000e+001
      vertex  3.874154e+001  1.611813e+001  9.000000e+000
    endloop
  endfacet
  facet normal  6.086273e-001  7.934398e-001 -5.120870e-003
    outer loop
      vertex  3.874154e+001  1.611813e+001  9.000000e+000
      vertex  3.939282e+001  1.562500e+001  1.000000e+001
      vertex  3.942697e+001  1.559554e+001  9.492918e+000
    endloop
  endfacet
  facet normal  6.137909e-001  7.892920e-001 -1.669862e-002
    outer loop
      vertex  3.874154e+001  1.611813e+001  9.000000e+000
      vertex  3.942697e+001  1.559554e+001  9.492918e+000
      vertex  3.952348e+001  1.551005e+001  9.000000e+000
    endloop
  endfacet
  facet normal  7.525970e-001  6.584798e-001 -1.483581e-003
    outer loop
      vertex  4.001115e+001  1.502226e+001  9.000000e+000
      vertex  4.006113e+001  1.496626e+001  9.497241e+000
      vertex  4.014781e+001  1.486607e+001  9.000000e+000
    endloop
  endfacet
  facet normal  7.466450e-001  6.652227e-001 -1.258880e-004
    outer loop
      vertex  4.003115e+001  1.500000e+001  1.000000e+001
      vertex  4.006113e+001  1.496626e+001  9.497241e+000
      vertex  4.001115e+001  1.502226e+001  9.000000e+000
    endloop
  endfacet
  facet normal  7.386189e-001  6.741232e-001  2.328261e-004
    outer loop
      vertex  4.003115e+001  1.500000e+001  1.000000e+001
      vertex  4.001115e+001  1.502226e+001  9.000000e+000
      vertex  3.995376e+001  1.508506e+001  9.241970e+000
    endloop
  endfacet
  facet normal  7.340699e-001  6.790728e-001  1.252715e-003
    outer loop
      vertex  4.003115e+001  1.500000e+001  1.000000e+001
      vertex  3.995376e+001  1.508506e+001  9.241970e+000
      vertex  3.991076e+001  1.513109e+001  9.490598e+000
    endloop
  endfacet
  facet normal  7.331784e-001  6.800342e-001  1.710850e-003
    outer loop
      vertex  4.003115e+001  1.500000e+001  1.000000e+001
      vertex  3.991076e+001  1.513109e+001  9.490598e+000
      vertex  3.988406e+001  1.515923e+001  9.744025e+000
    endloop
  endfacet
  facet normal  7.338941e-001  6.792634e-001  8.200726e-004
    outer loop
      vertex  4.003115e+001  1.500000e+001  1.000000e+001
      vertex  3.988406e+001  1.515923e+001  9.744025e+000
      vertex  3.987500e+001  1.516871e+001  1.000000e+001
    endloop
  endfacet
  facet normal -6.000027e-001 -7.999979e-001  1.148811e-006
    outer loop
      vertex  4.100000e+001 -1.500000e+001  9.000000e+000
      vertex  4.095467e+001 -1.496600e+001  9.495742e+000
      vertex  4.082143e+001 -1.486607e+001  9.000000e+000
    endloop
  endfacet
  facet normal -6.000108e-001 -7.999919e-001  -0.000000e+000
    outer loop
      vertex  4.100000e+001 -1.500000e+001  9.000000e+000
      vertex  4.100000e+001 -1.500000e+001  1.000000e+001
      vertex  4.095467e+001 -1.496600e+001  9.495742e+000
    endloop
  endfacet
  facet normal  6.137958e-001 -7.892882e-001 -1.670178e-002
    outer loop
      vertex  3.952349e+001 -1.551004e+001  9.000000e+000
      vertex  3.942697e+001 -1.559554e+001  9.492943e+000
      vertex  3.874155e+001 -1.611812e+001  9.000000e+000
    endloop
  endfacet
  facet normal  4.759319e-001 -8.794575e-001  6.587130e-003
    outer loop
      vertex  3.862487e+001 -1.619411e+001  1.000000e+001
      vertex  3.778423e+001 -1.664903e+001  1.000000e+001
      vertex  3.787903e+001 -1.660522e+001  9.000000e+000
    endloop
  endfacet
  facet normal  3.589988e-001 -9.333129e-001 -6.856964e-003
    outer loop
      vertex  3.695451e+001 -1.696084e+001  9.000000e+000
      vertex  3.787903e+001 -1.660522e+001  9.000000e+000
      vertex  3.778423e+001 -1.664903e+001  1.000000e+001
    endloop
  endfacet
  facet normal  6.086304e-001 -7.934374e-001 -5.120748e-003
    outer loop
      vertex  3.942697e+001 -1.559554e+001  9.492943e+000
      vertex  3.939282e+001 -1.562500e+001  1.000000e+001
      vertex  3.874155e+001 -1.611812e+001  9.000000e+000
    endloop
  endfacet
  facet normal  5.953766e-001 -8.034026e-001  8.425170e-003
    outer loop
      vertex  3.874155e+001 -1.611812e+001  9.000000e+000
      vertex  3.939282e+001 -1.562500e+001  1.000000e+001
      vertex  3.862487e+001 -1.619411e+001  1.000000e+001
    endloop
  endfacet
  facet normal  4.917187e-001 -8.707098e-001 -8.783709e-003
    outer loop
      vertex  3.874155e+001 -1.611812e+001  9.000000e+000
      vertex  3.862487e+001 -1.619411e+001  1.000000e+001
      vertex  3.787903e+001 -1.660522e+001  9.000000e+000
    endloop
  endfacet
  facet normal  7.080318e-002 -9.974903e-001  0.000000e+000
    outer loop
      vertex  3.500000e+001 -1.725000e+001  1.000000e+001
      vertex  3.500000e+001 -1.725000e+001  9.000000e+000
      vertex  3.595344e+001 -1.718232e+001  1.000000e+001
    endloop
  endfacet
  facet normal  7.337369e-002 -9.973014e-001 -2.463614e-003
    outer loop
      vertex  3.595344e+001 -1.718232e+001  1.000000e+001
      vertex  3.500000e+001 -1.725000e+001  9.000000e+000
      vertex  3.598789e+001 -1.717732e+001  9.000000e+000
    endloop
  endfacet
  facet normal  2.109883e-001 -9.774857e-001  2.376458e-003
    outer loop
      vertex  3.595344e+001 -1.718232e+001  1.000000e+001
      vertex  3.598789e+001 -1.717732e+001  9.000000e+000
      vertex  3.688776e+001 -1.698065e+001  1.000000e+001
    endloop
  endfacet
  facet normal  2.185430e-001 -9.758158e-001 -4.750237e-003
    outer loop
      vertex  3.688776e+001 -1.698065e+001  1.000000e+001
      vertex  3.598789e+001 -1.717732e+001  9.000000e+000
      vertex  3.695451e+001 -1.696084e+001  9.000000e+000
    endloop
  endfacet
  facet normal  3.469404e-001 -9.378761e-001  4.571045e-003
    outer loop
      vertex  3.688776e+001 -1.698065e+001  1.000000e+001
      vertex  3.695451e+001 -1.696084e+001  9.000000e+000
      vertex  3.778423e+001 -1.664903e+001  1.000000e+001
    endloop
  endfacet
  facet normal  7.466574e-001 -6.652086e-001 -1.242077e-004
    outer loop
      vertex  4.001114e+001 -1.502228e+001  9.000000e+000
      vertex  4.006113e+001 -1.496626e+001  9.497241e+000
      vertex  4.003115e+001 -1.500000e+001  1.000000e+001
    endloop
  endfacet
  facet normal  7.526035e-001 -6.584724e-001 -1.480927e-003
    outer loop
      vertex  4.001114e+001 -1.502228e+001  9.000000e+000
      vertex  4.014781e+001 -1.486607e+001  9.000000e+000
      vertex  4.006113e+001 -1.496626e+001  9.497241e+000
    endloop
  endfacet
  facet normal  7.267879e-001 -6.868620e-001  2.840339e-004
    outer loop
      vertex  3.987500e+001 -1.516871e+001  1.000000e+001
      vertex  3.988406e+001 -1.515924e+001  9.744051e+000
      vertex  3.991075e+001 -1.513110e+001  9.490636e+000
    endloop
  endfacet
  facet normal  7.346278e-001 -6.784687e-001  1.454063e-003
    outer loop
      vertex  3.987500e+001 -1.516871e+001  1.000000e+001
      vertex  3.991075e+001 -1.513110e+001  9.490636e+000
      vertex  3.995374e+001 -1.508508e+001  9.242000e+000
    endloop
  endfacet
  facet normal  7.456442e-001 -6.663328e-001  3.937532e-003
    outer loop
      vertex  3.987500e+001 -1.516871e+001  1.000000e+001
      vertex  3.995374e+001 -1.508508e+001  9.242000e+000
      vertex  4.001114e+001 -1.502228e+001  9.000000e+000
    endloop
  endfacet
  facet normal  7.338942e-001 -6.792635e-001  4.443963e-004
    outer loop
      vertex  3.987500e+001 -1.516871e+001  1.000000e+001
      vertex  4.001114e+001 -1.502228e+001  9.000000e+000
      vertex  4.003115e+001 -1.500000e+001  1.000000e+001
    endloop
  endfacet
  facet normal -3.589988e-001 -9.333129e-001 -6.856966e-003
    outer loop
      vertex -3.695451e+001 -1.696084e+001  9.000000e+000
      vertex -3.778423e+001 -1.664903e+001  1.000000e+001
      vertex -3.787903e+001 -1.660522e+001  9.000000e+000
    endloop
  endfacet
  facet normal -4.759319e-001 -8.794575e-001  6.587130e-003
    outer loop
      vertex -3.787903e+001 -1.660522e+001  9.000000e+000
      vertex -3.778423e+001 -1.664903e+001  1.000000e+001
      vertex -3.862487e+001 -1.619411e+001  1.000000e+001
    endloop
  endfacet
  facet normal -4.917187e-001 -8.707098e-001 -8.783709e-003
    outer loop
      vertex -3.787903e+001 -1.660522e+001  9.000000e+000
      vertex -3.862487e+001 -1.619411e+001  1.000000e+001
      vertex -3.874155e+001 -1.611812e+001  9.000000e+000
    endloop
  endfacet
  facet normal -7.337391e-002 -9.973045e-001  -0.000000e+000
    outer loop
      vertex -3.500000e+001 -1.725000e+001  9.000000e+000
      vertex -3.500000e+001 -1.725000e+001  1.000000e+001
      vertex -3.598789e+001 -1.717732e+001  9.000000e+000
    endloop
  endfacet
  facet normal -7.080294e-002 -9.974870e-001 -2.553107e-003
    outer loop
      vertex -3.598789e+001 -1.717732e+001  9.000000e+000
      vertex -3.500000e+001 -1.725000e+001  1.000000e+001
      vertex -3.595344e+001 -1.718232e+001  1.000000e+001
    endloop
  endfacet
  facet normal -2.185447e-001 -9.758233e-001  2.645101e-003
    outer loop
      vertex -3.598789e+001 -1.717732e+001  9.000000e+000
      vertex -3.595344e+001 -1.718232e+001  1.000000e+001
      vertex -3.695451e+001 -1.696084e+001  9.000000e+000
    endloop
  endfacet
  facet normal -2.109860e-001 -9.774748e-001 -5.287483e-003
    outer loop
      vertex -3.695451e+001 -1.696084e+001  9.000000e+000
      vertex -3.595344e+001 -1.718232e+001  1.000000e+001
      vertex -3.688776e+001 -1.698065e+001  1.000000e+001
    endloop
  endfacet
  facet normal -3.469404e-001 -9.378761e-001  4.571043e-003
    outer loop
      vertex -3.695451e+001 -1.696084e+001  9.000000e+000
      vertex -3.688776e+001 -1.698065e+001  1.000000e+001
      vertex -3.778423e+001 -1.664903e+001  1.000000e+001
    endloop
  endfacet
  facet normal -5.953766e-001 -8.034026e-001  8.425158e-003
    outer loop
      vertex -3.862487e+001 -1.619411e+001  1.000000e+001
      vertex -3.939282e+001 -1.562500e+001  1.000000e+001
      vertex -3.874155e+001 -1.611812e+001  9.000000e+000
    endloop
  endfacet
  facet normal -6.086304e-001 -7.934374e-001 -5.120736e-003
    outer loop
      vertex -3.874155e+001 -1.611812e+001  9.000000e+000
      vertex -3.939282e+001 -1.562500e+001  1.000000e+001
      vertex -3.942697e+001 -1.559554e+001  9.492943e+000
    endloop
  endfacet
  facet normal -6.137958e-001 -7.892882e-001 -1.670178e-002
    outer loop
      vertex -3.874155e+001 -1.611812e+001  9.000000e+000
      vertex -3.942697e+001 -1.559554e+001  9.492943e+000
      vertex -3.952349e+001 -1.551004e+001  9.000000e+000
    endloop
  endfacet
  facet normal -7.526035e-001 -6.584724e-001 -1.480936e-003
    outer loop
      vertex -4.001114e+001 -1.502228e+001  9.000000e+000
      vertex -4.006113e+001 -1.496626e+001  9.497241e+000
      vertex -4.014781e+001 -1.486607e+001  9.000000e+000
    endloop
  endfacet
  facet normal -7.466574e-001 -6.652086e-001 -1.242077e-004
    outer loop
      vertex -4.003115e+001 -1.500000e+001  1.000000e+001
      vertex -4.006113e+001 -1.496626e+001  9.497241e+000
      vertex -4.001114e+001 -1.502228e+001  9.000000e+000
    endloop
  endfacet
  facet normal -7.385933e-001 -6.741511e-001  2.364367e-004
    outer loop
      vertex -4.003115e+001 -1.500000e+001  1.000000e+001
      vertex -4.001114e+001 -1.502228e+001  9.000000e+000
      vertex -3.995374e+001 -1.508508e+001  9.242000e+000
    endloop
  endfacet
  facet normal -7.340783e-001 -6.790636e-001  1.248917e-003
    outer loop
      vertex -4.003115e+001 -1.500000e+001  1.000000e+001
      vertex -3.995374e+001 -1.508508e+001  9.242000e+000
      vertex -3.991075e+001 -1.513110e+001  9.490636e+000
    endloop
  endfacet
  facet normal -7.331731e-001 -6.800397e-001  1.714096e-003
    outer loop
      vertex -4.003115e+001 -1.500000e+001  1.000000e+001
      vertex -3.991075e+001 -1.513110e+001  9.490636e+000
      vertex -3.988406e+001 -1.515924e+001  9.744051e+000
    endloop
  endfacet
  facet normal -7.338941e-001 -6.792634e-001  8.168094e-004
    outer loop
      vertex -4.003115e+001 -1.500000e+001  1.000000e+001
      vertex -3.988406e+001 -1.515924e+001  9.744051e+000
      vertex -3.987500e+001 -1.516871e+001  1.000000e+001
    endloop
  endfacet
  facet normal  0.000000e+000  1.000000e+000  0.000000e+000
    outer loop
      vertex -3.500000e+001  1.725000e+001  9.000000e+000
      vertex -3.500000e+001  1.725000e+001  1.000000e+001
      vertex  3.500000e+001  1.725000e+001  9.000000e+000
    endloop
  endfacet
  facet normal  0.000000e+000  1.000000e+000  -0.000000e+000
    outer loop
      vertex  3.500000e+001  1.725000e+001  9.000000e+000
      vertex -3.500000e+001  1.725000e+001  1.000000e+001
      vertex  3.500000e+001  1.725000e+001  1.000000e+001
    endloop
  endfacet
  facet normal  0.000000e+000  1.000000e+000  0.000000e+000
    outer loop
      vertex -1.290000e+001 -1.650000e+001  5.900000e+000
      vertex -1.075000e+001 -1.650000e+001  5.900000e+000
      vertex -1.067795e+001 -1.650000e+001  5.168411e+000
    endloop
  endfacet
  facet normal  0.000000e+000  1.000000e+000  0.000000e+000
    outer loop
      vertex -1.290000e+001 -1.650000e+001  5.900000e+000
      vertex -1.067795e+001 -1.650000e+001  5.168411e+000
      vertex -1.046455e+001 -1.650000e+001  4.464937e+000
    endloop
  endfacet
  facet normal  0.000000e+000  1.000000e+000  0.000000e+000
    outer loop
      vertex -1.290000e+001 -1.650000e+001  5.900000e+000
      vertex -1.046455e+001 -1.650000e+001  4.464937e+000
      vertex -1.011801e+001 -1.650000e+001  3.816612e+000
    endloop
  endfacet
  facet normal  0.000000e+000  1.000000e+000  0.000000e+000
    outer loop
      vertex -1.290000e+001 -1.650000e+001  5.900000e+000
      vertex -1.011801e+001 -1.650000e+001  3.816612e+000
      vertex -9.651650e+000 -1.650000e+001  3.248350e+000
    endloop
  endfacet
  facet normal  -0.000000e+000  1.000000e+000  0.000000e+000
    outer loop
      vertex  3.500000e+001 -1.650000e+001  1.500000e+000
      vertex -7.000000e+000 -1.650000e+001  2.150000e+000
      vertex -2.664535e-015 -1.650000e+001  2.150000e+000
    endloop
  endfacet
  facet normal  -0.000000e+000  1.000000e+000  0.000000e+000
    outer loop
      vertex  3.500000e+001 -1.650000e+001  1.500000e+000
      vertex -2.664535e-015 -1.650000e+001  2.150000e+000
      vertex  7.000000e+000 -1.650000e+001  2.150000e+000
    endloop
  endfacet
  facet normal  -0.000000e+000  1.000000e+000  0.000000e+000
    outer loop
      vertex  3.500000e+001 -1.650000e+001  1.500000e+000
      vertex  7.000000e+000 -1.650000e+001  2.150000e+000
      vertex  7.731589e+000 -1.650000e+001  2.222055e+000
    endloop
  endfacet
  facet normal  -0.000000e+000  1.000000e+000  0.000000e+000
    outer loop
      vertex  3.500000e+001 -1.650000e+001  1.500000e+000
      vertex  7.731589e+000 -1.650000e+001  2.222055e+000
      vertex  8.435062e+000 -1.650000e+001  2.435452e+000
    endloop
  endfacet
  facet normal  -0.000000e+000  1.000000e+000  0.000000e+000
    outer loop
      vertex  3.500000e+001 -1.650000e+001  1.500000e+000
      vertex  8.435062e+000 -1.650000e+001  2.435452e+000
      vertex  9.083388e+000 -1.650000e+001  2.781989e+000
    endloop
  endfacet
  facet normal  -0.000000e+000  1.000000e+000  0.000000e+000
    outer loop
      vertex  3.500000e+001 -1.650000e+001  1.500000e+000
      vertex  9.083388e+000 -1.650000e+001  2.781989e+000
      vertex  9.651650e+000 -1.650000e+001  3.248350e+000
    endloop
  endfacet
  facet normal  -0.000000e+000  1.000000e+000  0.000000e+000
    outer loop
      vertex  3.500000e+001 -1.650000e+001  1.500000e+000
      vertex  9.651650e+000 -1.650000e+001  3.248350e+000
      vertex  1.011801e+001 -1.650000e+001  3.816612e+000
    endloop
  endfacet
  facet normal  -0.000000e+000  1.000000e+000  0.000000e+000
    outer loop
      vertex  3.500000e+001 -1.650000e+001  1.500000e+000
      vertex  1.011801e+001 -1.650000e+001  3.816612e+000
      vertex  1.046455e+001 -1.650000e+001  4.464937e+000
    endloop
  endfacet
  facet normal  -0.000000e+000  1.000000e+000  0.000000e+000
    outer loop
      vertex  3.500000e+001 -1.650000e+001  1.500000e+000
      vertex  1.046455e+001 -1.650000e+001  4.464937e+000
      vertex  1.067795e+001 -1.650000e+001  5.168411e+000
    endloop
  endfacet
  facet normal  -0.000000e+000  1.000000e+000  0.000000e+000
    outer loop
      vertex  3.500000e+001 -1.650000e+001  1.500000e+000
      vertex  1.067795e+001 -1.650000e+001  5.168411e+000
      vertex  1.075000e+001 -1.650000e+001  5.900000e+000
    endloop
  endfacet
  facet normal  -0.000000e+000  1.000000e+000  0.000000e+000
    outer loop
      vertex  3.500000e+001 -1.650000e+001  1.500000e+000
      vertex  1.075000e+001 -1.650000e+001  5.900000e+000
      vertex  1.290000e+001 -1.650000e+001  5.900000e+000
    endloop
  endfacet
  facet normal  -0.000000e+000  9.999999e-001  0.000000e+000
    outer loop
      vertex  3.500000e+001 -1.650000e+001  1.500000e+000
      vertex  1.290000e+001 -1.650000e+001  5.900000e+000
      vertex  1.700000e+001 -1.650000e+001  1.000000e+001
    endloop
  endfacet
  facet normal  -0.000000e+000  1.000000e+000  0.000000e+000
    outer loop
      vertex  3.500000e+001 -1.650000e+001  1.500000e+000
      vertex  1.700000e+001 -1.650000e+001  1.000000e+001
      vertex  3.500000e+001 -1.650000e+001  1.000000e+001
    endloop
  endfacet
  facet normal  -0.000000e+000  1.000000e+000  0.000000e+000
    outer loop
      vertex -2.275000e+001 -1.650000e+001  1.500000e+000
      vertex -2.275000e+001 -1.650000e+001  5.000000e+000
      vertex -1.700000e+001 -1.650000e+001  1.000000e+001
    endloop
  endfacet
  facet normal  0.000000e+000  1.000000e+000  0.000000e+000
    outer loop
      vertex -2.275000e+001 -1.650000e+001  1.500000e+000
      vertex -1.700000e+001 -1.650000e+001  1.000000e+001
      vertex -1.290000e+001 -1.650000e+001  5.900000e+000
    endloop
  endfacet
  facet normal  0.000000e+000  1.000000e+000  0.000000e+000
    outer loop
      vertex -2.275000e+001 -1.650000e+001  1.500000e+000
      vertex -1.290000e+001 -1.650000e+001  5.900000e+000
      vertex -9.651650e+000 -1.650000e+001  3.248350e+000
    endloop
  endfacet
  facet normal  0.000000e+000  1.000000e+000  0.000000e+000
    outer loop
      vertex -2.275000e+001 -1.650000e+001  1.500000e+000
      vertex -9.651650e+000 -1.650000e+001  3.248350e+000
      vertex -9.083388e+000 -1.650000e+001  2.781989e+000
    endloop
  endfacet
  facet normal  0.000000e+000  1.000000e+000  0.000000e+000
    outer loop
      vertex -2.275000e+001 -1.650000e+001  1.500000e+000
      vertex -9.083388e+000 -1.650000e+001  2.781989e+000
      vertex -8.435062e+000 -1.650000e+001  2.435452e+000
    endloop
  endfacet
  facet normal  0.000000e+000  9.999999e-001  0.000000e+000
    outer loop
      vertex -2.275000e+001 -1.650000e+001  1.500000e+000
      vertex -8.435062e+000 -1.650000e+001  2.435452e+000
      vertex -7.731589e+000 -1.650000e+001  2.222055e+000
    endloop
  endfacet
  facet normal  0.000000e+000  9.999999e-001  0.000000e+000
    outer loop
      vertex -2.275000e+001 -1.650000e+001  1.500000e+000
      vertex -7.731589e+000 -1.650000e+001  2.222055e+000
      vertex -7.000000e+000 -1.650000e+001  2.150000e+000
    endloop
  endfacet
  facet normal  0.000000e+000  1.000000e+000  0.000000e+000
    outer loop
      vertex -2.275000e+001 -1.650000e+001  1.500000e+000
      vertex -7.000000e+000 -1.650000e+001  2.150000e+000
      vertex  3.500000e+001 -1.650000e+001  1.500000e+000
    endloop
  endfacet
  facet normal  0.000000e+000  1.000000e+000  -0.000000e+000
    outer loop
      vertex -1.700000e+001 -1.650000e+001  1.000000e+001
      vertex -2.275000e+001 -1.650000e+001  5.000000e+000
      vertex -3.500000e+001 -1.650000e+001  1.000000e+001
    endloop
  endfacet
  facet normal  0.000000e+000  1.000000e+000  0.000000e+000
    outer loop
      vertex -3.500000e+001 -1.650000e+001  1.000000e+001
      vertex -2.275000e+001 -1.650000e+001  5.000000e+000
      vertex -2.425000e+001 -1.650000e+001  5.000000e+000
    endloop
  endfacet
  facet normal  0.000000e+000  1.000000e+000  0.000000e+000
    outer loop
      vertex -3.500000e+001 -1.650000e+001  1.000000e+001
      vertex -2.425000e+001 -1.650000e+001  5.000000e+000
      vertex -3.500000e+001 -1.650000e+001  1.500000e+000
    endloop
  endfacet
  facet normal  0.000000e+000  1.000000e+000  0.000000e+000
    outer loop
      vertex -3.500000e+001 -1.650000e+001  1.500000e+000
      vertex -2.425000e+001 -1.650000e+001  5.000000e+000
      vertex -2.425000e+001 -1.650000e+001  1.500000e+000
    endloop
  endfacet
  facet normal  0.000000e+000  -0.000000e+000  1.000000e+000
    outer loop
      vertex  3.350000e+001  5.000000e+000  1.500000e+000
      vertex  3.500000e+001  1.500000e+001  1.500000e+000
      vertex  3.500000e+001  1.650000e+001  1.500000e+000
    endloop
  endfacet
  facet normal  -0.000000e+000  0.000000e+000  1.000000e+000
    outer loop
      vertex -3.350000e+001 -5.000000e+000  1.500000e+000
      vertex -3.500000e+001 -1.500000e+001  1.500000e+000
      vertex -3.500000e+001 -1.650000e+001  1.500000e+000
    endloop
  endfacet
  facet normal  0.000000e+000  0.000000e+000  1.000000e+000
    outer loop
      vertex  3.600000e+001 -1.114762e-013  1.500000e+000
      vertex  3.580412e+001 -1.492757e+001  1.500000e+000
      vertex  3.607181e+001 -1.465985e+000  1.500000e+000
    endloop
  endfacet
  facet normal  0.000000e+000  0.000000e+000  1.000000e+000
    outer loop
      vertex  3.600000e+001 -1.114762e-013  1.500000e+000
      vertex  3.607181e+001  1.465985e+000  1.500000e+000
      vertex  3.580412e+001  1.492757e+001  1.500000e+000
    endloop
  endfacet
  facet normal  0.000000e+000  0.000000e+000  1.000000e+000
    outer loop
      vertex -3.600000e+001 -1.114762e-013  1.500000e+000
      vertex -3.500000e+001  1.500000e+001  1.500000e+000
      vertex -3.580412e+001  1.492757e+001  1.500000e+000
    endloop
  endfacet
  facet normal  -0.000000e+000  0.000000e+000  1.000000e+000
    outer loop
      vertex -2.950000e+001 -5.000000e+000  1.500000e+000
      vertex -3.350000e+001 -5.000000e+000  1.500000e+000
      vertex -3.500000e+001 -1.650000e+001  1.500000e+000
    endloop
  endfacet
  facet normal  0.000000e+000  0.000000e+000  1.000000e+000
    outer loop
      vertex -2.950000e+001 -5.000000e+000  1.500000e+000
      vertex -3.500000e+001 -1.650000e+001  1.500000e+000
      vertex -2.649965e+001 -1.245432e+001  1.500000e+000
    endloop
  endfacet
  facet normal  0.000000e+000  -0.000000e+000  1.000000e+000
    outer loop
      vertex -2.950000e+001 -5.000000e+000  1.500000e+000
      vertex -2.649965e+001 -1.245432e+001  1.500000e+000
      vertex -2.641582e+001 -1.179432e+001  1.500000e+000
    endloop
  endfacet
  facet normal  0.000000e+000  -0.000000e+000  1.000000e+000
    outer loop
      vertex -2.950000e+001 -5.000000e+000  1.500000e+000
      vertex -2.641582e+001 -1.179432e+001  1.500000e+000
      vertex -2.618859e+001 -1.116903e+001  1.500000e+000
    endloop
  endfacet
  facet normal  0.000000e+000  -0.000000e+000  1.000000e+000
    outer loop
      vertex -2.950000e+001 -5.000000e+000  1.500000e+000
      vertex -2.618859e+001 -1.116903e+001  1.500000e+000
      vertex -2.582913e+001 -1.060919e+001  1.500000e+000
    endloop
  endfacet
  facet normal  0.000000e+000  -0.000000e+000  1.000000e+000
    outer loop
      vertex -2.950000e+001 -5.000000e+000  1.500000e+000
      vertex -2.582913e+001 -1.060919e+001  1.500000e+000
      vertex -2.535512e+001 -1.014235e+001  1.500000e+000
    endloop
  endfacet
  facet normal  0.000000e+000  -0.000000e+000  9.999999e-001
    outer loop
      vertex -2.950000e+001 -5.000000e+000  1.500000e+000
      vertex -2.535512e+001 -1.014235e+001  1.500000e+000
      vertex -2.478988e+001 -9.791455e+000  1.500000e+000
    endloop
  endfacet
  facet normal  0.000000e+000  -0.000000e+000  1.000000e+000
    outer loop
      vertex -2.950000e+001 -5.000000e+000  1.500000e+000
      vertex -2.478988e+001 -9.791455e+000  1.500000e+000
      vertex -2.416120e+001 -9.573771e+000  1.500000e+000
    endloop
  endfacet
  facet normal  0.000000e+000  -0.000000e+000  1.000000e+000
    outer loop
      vertex -2.950000e+001 -5.000000e+000  1.500000e+000
      vertex -2.416120e+001 -9.573771e+000  1.500000e+000
      vertex -2.350000e+001 -9.500000e+000  1.500000e+000
    endloop
  endfacet
  facet normal  -0.000000e+000  -0.000000e+000  1.000000e+000
    outer loop
      vertex -2.950000e+001 -5.000000e+000  1.500000e+000
      vertex -2.350000e+001 -9.500000e+000  1.500000e+000
      vertex -2.283880e+001 -9.573771e+000  1.500000e+000
    endloop
  endfacet
  facet normal  -0.000000e+000  -0.000000e+000  1.000000e+000
    outer loop
      vertex -2.950000e+001 -5.000000e+000  1.500000e+000
      vertex -2.283880e+001 -9.573771e+000  1.500000e+000
      vertex -2.221012e+001 -9.791455e+000  1.500000e+000
    endloop
  endfacet
  facet normal  -0.000000e+000  -0.000000e+000  1.000000e+000
    outer loop
      vertex -2.950000e+001 -5.000000e+000  1.500000e+000
      vertex -2.221012e+001 -9.791455e+000  1.500000e+000
      vertex -2.164488e+001 -1.014235e+001  1.500000e+000
    endloop
  endfacet
  facet normal  0.000000e+000  -0.000000e+000  1.000000e+000
    outer loop
      vertex -2.950000e+001 -5.000000e+000  1.500000e+000
      vertex -2.164488e+001 -1.014235e+001  1.500000e+000
      vertex  2.950000e+001 -5.000000e+000  1.500000e+000
    endloop
  endfacet
  facet normal  0.000000e+000  -0.000000e+000  1.000000e+000
    outer loop
      vertex -2.950000e+001 -5.000000e+000  1.500000e+000
      vertex  2.950000e+001 -5.000000e+000  1.500000e+000
      vertex  2.950000e+001  5.000000e+000  1.500000e+000
    endloop
  endfacet
  facet normal  0.000000e+000  0.000000e+000  1.000000e+000
    outer loop
      vertex -2.950000e+001 -5.000000e+000  1.500000e+000
      vertex  2.950000e+001  5.000000e+000  1.500000e+000
      vertex -2.950000e+001  5.000000e+000  1.500000e+000
    endloop
  endfacet
  facet normal  -0.000000e+000  0.000000e+000  1.000000e+000
    outer loop
      vertex -3.500000e+001  1.650000e+001  1.500000e+000
      vertex -3.500000e+001  1.500000e+001  1.500000e+000
      vertex -3.350000e+001  5.000000e+000  1.500000e+000
    endloop
  endfacet
  facet normal  0.000000e+000  -0.000000e+000  1.000000e+000
    outer loop
      vertex -3.500000e+001  1.650000e+001  1.500000e+000
      vertex -3.350000e+001  5.000000e+000  1.500000e+000
      vertex -2.950000e+001  5.000000e+000  1.500000e+000
    endloop
  endfacet
  facet normal  0.000000e+000  -0.000000e+000  1.000000e+000
    outer loop
      vertex -3.500000e+001  1.650000e+001  1.500000e+000
      vertex -2.950000e+001  5.000000e+000  1.500000e+000
      vertex  1.650035e+001  1.245432e+001  1.500000e+000
    endloop
  endfacet
  facet normal  0.000000e+000  -0.000000e+000  1.000000e+000
    outer loop
      vertex -3.500000e+001  1.650000e+001  1.500000e+000
      vertex  1.650035e+001  1.245432e+001  1.500000e+000
      vertex  1.656404e+001  1.311656e+001  1.500000e+000
    endloop
  endfacet
  facet normal  0.000000e+000  -0.000000e+000  1.000000e+000
    outer loop
      vertex -3.500000e+001  1.650000e+001  1.500000e+000
      vertex  1.656404e+001  1.311656e+001  1.500000e+000
      vertex  1.677213e+001  1.374848e+001  1.500000e+000
    endloop
  endfacet
  facet normal  0.000000e+000  -0.000000e+000  9.999999e-001
    outer loop
      vertex -3.500000e+001  1.650000e+001  1.500000e+000
      vertex  1.677213e+001  1.374848e+001  1.500000e+000
      vertex  1.711437e+001  1.431901e+001  1.500000e+000
    endloop
  endfacet
  facet normal  0.000000e+000  -0.000000e+000  1.000000e+000
    outer loop
      vertex -3.500000e+001  1.650000e+001  1.500000e+000
      vertex  1.711437e+001  1.431901e+001  1.500000e+000
      vertex  1.757394e+001  1.480007e+001  1.500000e+000
    endloop
  endfacet
  facet normal  0.000000e+000  -0.000000e+000  1.000000e+000
    outer loop
      vertex -3.500000e+001  1.650000e+001  1.500000e+000
      vertex  1.757394e+001  1.480007e+001  1.500000e+000
      vertex  1.812824e+001  1.516801e+001  1.500000e+000
    endloop
  endfacet
  facet normal  0.000000e+000  -0.000000e+000  1.000000e+000
    outer loop
      vertex -3.500000e+001  1.650000e+001  1.500000e+000
      vertex  1.812824e+001  1.516801e+001  1.500000e+000
      vertex  1.875000e+001  1.540474e+001  1.500000e+000
    endloop
  endfacet
  facet normal  0.000000e+000  -0.000000e+000  1.000000e+000
    outer loop
      vertex -3.500000e+001  1.650000e+001  1.500000e+000
      vertex  1.875000e+001  1.540474e+001  1.500000e+000
      vertex  1.875000e+001  1.650000e+001  1.500000e+000
    endloop
  endfacet
  facet normal  -0.000000e+000  0.000000e+000  1.000000e+000
    outer loop
      vertex  2.025000e+001  1.650000e+001  1.500000e+000
      vertex  2.025000e+001  1.540474e+001  1.500000e+000
      vertex  2.087176e+001  1.516801e+001  1.500000e+000
    endloop
  endfacet
  facet normal  -0.000000e+000  -0.000000e+000  1.000000e+000
    outer loop
      vertex  2.025000e+001  1.650000e+001  1.500000e+000
      vertex  2.087176e+001  1.516801e+001  1.500000e+000
      vertex  2.142606e+001  1.480007e+001  1.500000e+000
    endloop
  endfacet
  facet normal  -0.000000e+000  -0.000000e+000  1.000000e+000
    outer loop
      vertex  2.025000e+001  1.650000e+001  1.500000e+000
      vertex  2.142606e+001  1.480007e+001  1.500000e+000
      vertex  2.188563e+001  1.431901e+001  1.500000e+000
    endloop
  endfacet
  facet normal  -0.000000e+000  0.000000e+000  1.000000e+000
    outer loop
      vertex  2.950000e+001 -5.000000e+000  1.500000e+000
      vertex -2.164488e+001 -1.014235e+001  1.500000e+000
      vertex -2.117087e+001 -1.060919e+001  1.500000e+000
    endloop
  endfacet
  facet normal  -0.000000e+000  0.000000e+000  1.000000e+000
    outer loop
      vertex  2.950000e+001 -5.000000e+000  1.500000e+000
      vertex -2.117087e+001 -1.060919e+001  1.500000e+000
      vertex -2.081141e+001 -1.116903e+001  1.500000e+000
    endloop
  endfacet
  facet normal  -0.000000e+000  0.000000e+000  1.000000e+000
    outer loop
      vertex  2.950000e+001 -5.000000e+000  1.500000e+000
      vertex -2.081141e+001 -1.116903e+001  1.500000e+000
      vertex -2.058418e+001 -1.179432e+001  1.500000e+000
    endloop
  endfacet
  facet normal  -0.000000e+000  0.000000e+000  1.000000e+000
    outer loop
      vertex  2.950000e+001 -5.000000e+000  1.500000e+000
      vertex -2.058418e+001 -1.179432e+001  1.500000e+000
      vertex -2.050035e+001 -1.245432e+001  1.500000e+000
    endloop
  endfacet
  facet normal  -0.000000e+000  0.000000e+000  1.000000e+000
    outer loop
      vertex  2.950000e+001 -5.000000e+000  1.500000e+000
      vertex -2.050035e+001 -1.245432e+001  1.500000e+000
      vertex -2.056404e+001 -1.311656e+001  1.500000e+000
    endloop
  endfacet
  facet normal  -0.000000e+000  0.000000e+000  1.000000e+000
    outer loop
      vertex  2.950000e+001 -5.000000e+000  1.500000e+000
      vertex -2.056404e+001 -1.311656e+001  1.500000e+000
      vertex -2.077213e+001 -1.374848e+001  1.500000e+000
    endloop
  endfacet
  facet normal  -0.000000e+000  0.000000e+000  1.000000e+000
    outer loop
      vertex  2.950000e+001 -5.000000e+000  1.500000e+000
      vertex -2.077213e+001 -1.374848e+001  1.500000e+000
      vertex -2.111437e+001 -1.431901e+001  1.500000e+000
    endloop
  endfacet
  facet normal  -0.000000e+000  0.000000e+000  1.000000e+000
    outer loop
      vertex  2.950000e+001 -5.000000e+000  1.500000e+000
      vertex -2.111437e+001 -1.431901e+001  1.500000e+000
      vertex -2.275000e+001 -1.650000e+001  1.500000e+000
    endloop
  endfacet
  facet normal  0.000000e+000  -0.000000e+000  1.000000e+000
    outer loop
      vertex  2.950000e+001  5.000000e+000  1.500000e+000
      vertex  3.350000e+001  5.000000e+000  1.500000e+000
      vertex  3.500000e+001  1.650000e+001  1.500000e+000
    endloop
  endfacet
  facet normal  0.000000e+000  0.000000e+000  9.999999e-001
    outer loop
      vertex  2.950000e+001  5.000000e+000  1.500000e+000
      vertex  3.500000e+001  1.650000e+001  1.500000e+000
      vertex  2.249965e+001  1.245432e+001  1.500000e+000
    endloop
  endfacet
  facet normal  0.000000e+000  0.000000e+000  1.000000e+000
    outer loop
      vertex  2.950000e+001  5.000000e+000  1.500000e+000
      vertex  2.249965e+001  1.245432e+001  1.500000e+000
      vertex  2.241582e+001  1.179432e+001  1.500000e+000
    endloop
  endfacet
  facet normal  0.000000e+000  0.000000e+000  1.000000e+000
    outer loop
      vertex  2.950000e+001  5.000000e+000  1.500000e+000
      vertex  2.241582e+001  1.179432e+001  1.500000e+000
      vertex  2.218859e+001  1.116903e+001  1.500000e+000
    endloop
  endfacet
  facet normal  0.000000e+000  0.000000e+000  1.000000e+000
    outer loop
      vertex  2.950000e+001  5.000000e+000  1.500000e+000
      vertex  2.218859e+001  1.116903e+001  1.500000e+000
      vertex  2.182913e+001  1.060919e+001  1.500000e+000
    endloop
  endfacet
  facet normal  0.000000e+000  0.000000e+000  9.999999e-001
    outer loop
      vertex  2.950000e+001  5.000000e+000  1.500000e+000
      vertex  2.182913e+001  1.060919e+001  1.500000e+000
      vertex  2.135512e+001  1.014235e+001  1.500000e+000
    endloop
  endfacet
  facet normal  0.000000e+000  0.000000e+000  1.000000e+000
    outer loop
      vertex  2.950000e+001  5.000000e+000  1.500000e+000
      vertex  2.135512e+001  1.014235e+001  1.500000e+000
      vertex  2.078988e+001  9.791455e+000  1.500000e+000
    endloop
  endfacet
  facet normal  0.000000e+000  0.000000e+000  1.000000e+000
    outer loop
      vertex  2.950000e+001  5.000000e+000  1.500000e+000
      vertex  2.078988e+001  9.791455e+000  1.500000e+000
      vertex  2.016120e+001  9.573771e+000  1.500000e+000
    endloop
  endfacet
  facet normal  0.000000e+000  0.000000e+000  1.000000e+000
    outer loop
      vertex  2.950000e+001  5.000000e+000  1.500000e+000
      vertex  2.016120e+001  9.573771e+000  1.500000e+000
      vertex  1.950000e+001  9.500000e+000  1.500000e+000
    endloop
  endfacet
  facet normal  0.000000e+000  0.000000e+000  1.000000e+000
    outer loop
      vertex  2.950000e+001  5.000000e+000  1.500000e+000
      vertex  1.950000e+001  9.500000e+000  1.500000e+000
      vertex -2.950000e+001  5.000000e+000  1.500000e+000
    endloop
  endfacet
  facet normal  0.000000e+000  0.000000e+000  1.000000e+000
    outer loop
      vertex -2.950000e+001  5.000000e+000  1.500000e+000
      vertex  1.950000e+001  9.500000e+000  1.500000e+000
      vertex  1.883880e+001  9.573771e+000  1.500000e+000
    endloop
  endfacet
  facet normal  0.000000e+000  0.000000e+000  1.000000e+000
    outer loop
      vertex -2.950000e+001  5.000000e+000  1.500000e+000
      vertex  1.883880e+001  9.573771e+000  1.500000e+000
      vertex  1.821012e+001  9.791455e+000  1.500000e+000
    endloop
  endfacet
  facet normal  0.000000e+000  0.000000e+000  1.000000e+000
    outer loop
      vertex -2.950000e+001  5.000000e+000  1.500000e+000
      vertex  1.821012e+001  9.791455e+000  1.500000e+000
      vertex  1.764488e+001  1.014235e+001  1.500000e+000
    endloop
  endfacet
  facet normal  0.000000e+000  0.000000e+000  9.999999e-001
    outer loop
      vertex -2.950000e+001  5.000000e+000  1.500000e+000
      vertex  1.764488e+001  1.014235e+001  1.500000e+000
      vertex  1.717087e+001  1.060919e+001  1.500000e+000
    endloop
  endfacet
  facet normal  0.000000e+000  0.000000e+000  1.000000e+000
    outer loop
      vertex -2.950000e+001  5.000000e+000  1.500000e+000
      vertex  1.717087e+001  1.060919e+001  1.500000e+000
      vertex  1.681141e+001  1.116903e+001  1.500000e+000
    endloop
  endfacet
  facet normal  0.000000e+000  0.000000e+000  1.000000e+000
    outer loop
      vertex -2.950000e+001  5.000000e+000  1.500000e+000
      vertex  1.681141e+001  1.116903e+001  1.500000e+000
      vertex  1.658418e+001  1.179432e+001  1.500000e+000
    endloop
  endfacet
  facet normal  0.000000e+000  0.000000e+000  9.999999e-001
    outer loop
      vertex -2.950000e+001  5.000000e+000  1.500000e+000
      vertex  1.658418e+001  1.179432e+001  1.500000e+000
      vertex  1.650035e+001  1.245432e+001  1.500000e+000
    endloop
  endfacet
  facet normal  0.000000e+000  -0.000000e+000  1.000000e+000
    outer loop
      vertex -3.500000e+001 -1.650000e+001  1.500000e+000
      vertex -2.425000e+001 -1.650000e+001  1.500000e+000
      vertex -2.425000e+001 -1.540474e+001  1.500000e+000
    endloop
  endfacet
  facet normal  0.000000e+000  0.000000e+000  1.000000e+000
    outer loop
      vertex -3.500000e+001 -1.650000e+001  1.500000e+000
      vertex -2.425000e+001 -1.540474e+001  1.500000e+000
      vertex -2.487176e+001 -1.516801e+001  1.500000e+000
    endloop
  endfacet
  facet normal  0.000000e+000  0.000000e+000  1.000000e+000
    outer loop
      vertex -3.500000e+001 -1.650000e+001  1.500000e+000
      vertex -2.487176e+001 -1.516801e+001  1.500000e+000
      vertex -2.542606e+001 -1.480007e+001  1.500000e+000
    endloop
  endfacet
  facet normal  0.000000e+000  0.000000e+000  1.000000e+000
    outer loop
      vertex -3.500000e+001 -1.650000e+001  1.500000e+000
      vertex -2.542606e+001 -1.480007e+001  1.500000e+000
      vertex -2.588563e+001 -1.431901e+001  1.500000e+000
    endloop
  endfacet
  facet normal  0.000000e+000  0.000000e+000  9.999999e-001
    outer loop
      vertex -3.500000e+001 -1.650000e+001  1.500000e+000
      vertex -2.588563e+001 -1.431901e+001  1.500000e+000
      vertex -2.622787e+001 -1.374848e+001  1.500000e+000
    endloop
  endfacet
  facet normal  0.000000e+000  0.000000e+000  1.000000e+000
    outer loop
      vertex -3.500000e+001 -1.650000e+001  1.500000e+000
      vertex -2.622787e+001 -1.374848e+001  1.500000e+000
      vertex -2.643596e+001 -1.311656e+001  1.500000e+000
    endloop
  endfacet
  facet normal  0.000000e+000  0.000000e+000  1.000000e+000
    outer loop
      vertex -3.500000e+001 -1.650000e+001  1.500000e+000
      vertex -2.643596e+001 -1.311656e+001  1.500000e+000
      vertex -2.649965e+001 -1.245432e+001  1.500000e+000
    endloop
  endfacet
  facet normal  -0.000000e+000  0.000000e+000  9.999999e-001
    outer loop
      vertex -3.938580e+001 -9.492650e+000  1.500000e+000
      vertex -3.949522e+001 -1.029257e+001  1.500000e+000
      vertex -3.945993e+001 -1.109916e+001  1.500000e+000
    endloop
  endfacet
  facet normal  -0.000000e+000  0.000000e+000  1.000000e+000
    outer loop
      vertex -3.938580e+001 -9.492650e+000  1.500000e+000
      vertex -3.945993e+001 -1.109916e+001  1.500000e+000
      vertex -3.928109e+001 -1.188647e+001  1.500000e+000
    endloop
  endfacet
  facet normal  -0.000000e+000  -0.000000e+000  1.000000e+000
    outer loop
      vertex -3.938580e+001 -9.492650e+000  1.500000e+000
      vertex -3.928109e+001 -1.188647e+001  1.500000e+000
      vertex -3.896443e+001 -1.262915e+001  1.500000e+000
    endloop
  endfacet
  facet normal  -0.000000e+000  -0.000000e+000  1.000000e+000
    outer loop
      vertex -3.938580e+001 -9.492650e+000  1.500000e+000
      vertex -3.896443e+001 -1.262915e+001  1.500000e+000
      vertex -3.852016e+001 -1.330330e+001  1.500000e+000
    endloop
  endfacet
  facet normal  0.000000e+000  -0.000000e+000  1.000000e+000
    outer loop
      vertex -3.938580e+001 -9.492650e+000  1.500000e+000
      vertex -3.852016e+001 -1.330330e+001  1.500000e+000
      vertex -3.851366e+001 -8.312124e+000  1.500000e+000
    endloop
  endfacet
  facet normal  0.000000e+000  0.000000e+000  1.000000e+000
    outer loop
      vertex -2.275000e+001 -1.650000e+001  1.500000e+000
      vertex -2.111437e+001 -1.431901e+001  1.500000e+000
      vertex -2.157394e+001 -1.480007e+001  1.500000e+000
    endloop
  endfacet
  facet normal  0.000000e+000  0.000000e+000  1.000000e+000
    outer loop
      vertex -2.275000e+001 -1.650000e+001  1.500000e+000
      vertex -2.157394e+001 -1.480007e+001  1.500000e+000
      vertex -2.212824e+001 -1.516801e+001  1.500000e+000
    endloop
  endfacet
  facet normal  0.000000e+000  0.000000e+000  1.000000e+000
    outer loop
      vertex -2.275000e+001 -1.650000e+001  1.500000e+000
      vertex -2.212824e+001 -1.516801e+001  1.500000e+000
      vertex -2.275000e+001 -1.540474e+001  1.500000e+000
    endloop
  endfacet
  facet normal  0.000000e+000  -0.000000e+000  1.000000e+000
    outer loop
      vertex -2.275000e+001 -1.650000e+001  1.500000e+000
      vertex  3.500000e+001 -1.650000e+001  1.500000e+000
      vertex  3.500000e+001 -1.500000e+001  1.500000e+000
    endloop
  endfacet
  facet normal  0.000000e+000  0.000000e+000  1.000000e+000
    outer loop
      vertex -2.275000e+001 -1.650000e+001  1.500000e+000
      vertex  3.500000e+001 -1.500000e+001  1.500000e+000
      vertex  3.350000e+001 -5.000000e+000  1.500000e+000
    endloop
  endfacet
  facet normal  0.000000e+000  0.000000e+000  1.000000e+000
    outer loop
      vertex -2.275000e+001 -1.650000e+001  1.500000e+000
      vertex  3.350000e+001 -5.000000e+000  1.500000e+000
      vertex  2.950000e+001 -5.000000e+000  1.500000e+000
    endloop
  endfacet
  facet normal  -0.000000e+000  0.000000e+000  1.000000e+000
    outer loop
      vertex  3.500000e+001  1.650000e+001  1.500000e+000
      vertex  2.025000e+001  1.650000e+001  1.500000e+000
      vertex  2.188563e+001  1.431901e+001  1.500000e+000
    endloop
  endfacet
  facet normal  -0.000000e+000  0.000000e+000  1.000000e+000
    outer loop
      vertex  3.500000e+001  1.650000e+001  1.500000e+000
      vertex  2.188563e+001  1.431901e+001  1.500000e+000
      vertex  2.222787e+001  1.374848e+001  1.500000e+000
    endloop
  endfacet
  facet normal  -0.000000e+000  0.000000e+000  1.000000e+000
    outer loop
      vertex  3.500000e+001  1.650000e+001  1.500000e+000
      vertex  2.222787e+001  1.374848e+001  1.500000e+000
      vertex  2.243596e+001  1.311656e+001  1.500000e+000
    endloop
  endfacet
  facet normal  -0.000000e+000  0.000000e+000  1.000000e+000
    outer loop
      vertex  3.500000e+001  1.650000e+001  1.500000e+000
      vertex  2.243596e+001  1.311656e+001  1.500000e+000
      vertex  2.249965e+001  1.245432e+001  1.500000e+000
    endloop
  endfacet
  facet normal  -0.000000e+000  0.000000e+000  1.000000e+000
    outer loop
      vertex -3.658234e+001  1.471262e+001  1.500000e+000
      vertex -3.730964e+001  1.436207e+001  1.500000e+000
      vertex -3.713524e+001  5.724382e+000  1.500000e+000
    endloop
  endfacet
  facet normal  -0.000000e+000  0.000000e+000  1.000000e+000
    outer loop
      vertex -3.658234e+001  1.471262e+001  1.500000e+000
      vertex -3.713524e+001  5.724382e+000  1.500000e+000
      vertex -3.664216e+001  4.341944e+000  1.500000e+000
    endloop
  endfacet
  facet normal  -0.000000e+000  0.000000e+000  1.000000e+000
    outer loop
      vertex -3.658234e+001  1.471262e+001  1.500000e+000
      vertex -3.664216e+001  4.341944e+000  1.500000e+000
      vertex -3.628654e+001  2.917933e+000  1.500000e+000
    endloop
  endfacet
  facet normal  -0.000000e+000  -0.000000e+000  1.000000e+000
    outer loop
      vertex -3.658234e+001  1.471262e+001  1.500000e+000
      vertex -3.628654e+001  2.917933e+000  1.500000e+000
      vertex -3.607181e+001  1.465985e+000  1.500000e+000
    endloop
  endfacet
  facet normal  -0.000000e+000  -0.000000e+000  1.000000e+000
    outer loop
      vertex -3.658234e+001  1.471262e+001  1.500000e+000
      vertex -3.607181e+001  1.465985e+000  1.500000e+000
      vertex -3.600000e+001 -1.114762e-013  1.500000e+000
    endloop
  endfacet
  facet normal  0.000000e+000  -0.000000e+000  1.000000e+000
    outer loop
      vertex -3.658234e+001  1.471262e+001  1.500000e+000
      vertex -3.600000e+001 -1.114762e-013  1.500000e+000
      vertex -3.580412e+001  1.492757e+001  1.500000e+000
    endloop
  endfacet
  facet normal  0.000000e+000  0.000000e+000  1.000000e+000
    outer loop
      vertex  3.580412e+001  1.492757e+001  1.500000e+000
      vertex  3.500000e+001  1.500000e+001  1.500000e+000
      vertex  3.600000e+001 -1.114762e-013  1.500000e+000
    endloop
  endfacet
  facet normal  0.000000e+000  0.000000e+000  1.000000e+000
    outer loop
      vertex  3.600000e+001 -1.114762e-013  1.500000e+000
      vertex  3.500000e+001  1.500000e+001  1.500000e+000
      vertex  3.350000e+001  5.000000e+000  1.500000e+000
    endloop
  endfacet
  facet normal  0.000000e+000  0.000000e+000  1.000000e+000
    outer loop
      vertex  3.600000e+001 -1.114762e-013  1.500000e+000
      vertex  3.350000e+001  5.000000e+000  1.500000e+000
      vertex  3.580412e+001 -1.492757e+001  1.500000e+000
    endloop
  endfacet
  facet normal  0.000000e+000  0.000000e+000  9.999999e-001
    outer loop
      vertex  3.580412e+001 -1.492757e+001  1.500000e+000
      vertex  3.350000e+001  5.000000e+000  1.500000e+000
      vertex  3.350000e+001 -5.000000e+000  1.500000e+000
    endloop
  endfacet
  facet normal  0.000000e+000  0.000000e+000  1.000000e+000
    outer loop
      vertex  3.580412e+001 -1.492757e+001  1.500000e+000
      vertex  3.350000e+001 -5.000000e+000  1.500000e+000
      vertex  3.500000e+001 -1.500000e+001  1.500000e+000
    endloop
  endfacet
  facet normal  0.000000e+000  0.000000e+000  1.000000e+000
    outer loop
      vertex -3.350000e+001  5.000000e+000  1.500000e+000
      vertex -3.500000e+001  1.500000e+001  1.500000e+000
      vertex -3.350000e+001 -5.000000e+000  1.500000e+000
    endloop
  endfacet
  facet normal  0.000000e+000  0.000000e+000  1.000000e+000
    outer loop
      vertex -3.350000e+001 -5.000000e+000  1.500000e+000
      vertex -3.500000e+001  1.500000e+001  1.500000e+000
      vertex -3.600000e+001 -1.114762e-013  1.500000e+000
    endloop
  endfacet
  facet normal  0.000000e+000  0.000000e+000  1.000000e+000
    outer loop
      vertex -3.350000e+001 -5.000000e+000  1.500000e+000
      vertex -3.600000e+001 -1.114762e-013  1.500000e+000
      vertex -3.500000e+001 -1.500000e+001  1.500000e+000
    endloop
  endfacet
  facet normal  0.000000e+000  0.000000e+000  1.000000e+000
    outer loop
      vertex -3.500000e+001 -1.500000e+001  1.500000e+000
      vertex -3.600000e+001 -1.114762e-013  1.500000e+000
      vertex -3.580412e+001 -1.492757e+001  1.500000e+000
    endloop
  endfacet
  facet normal  0.000000e+000  0.000000e+000  1.000000e+000
    outer loop
      vertex -3.580412e+001 -1.492757e+001  1.500000e+000
      vertex -3.600000e+001 -1.114762e-013  1.500000e+000
      vertex -3.658234e+001 -1.471262e+001  1.500000e+000
    endloop
  endfacet
  facet normal  0.000000e+000  0.000000e+000  1.000000e+000
    outer loop
      vertex -3.658234e+001 -1.471262e+001  1.500000e+000
      vertex -3.600000e+001 -1.114762e-013  1.500000e+000
      vertex -3.607181e+001 -1.465985e+000  1.500000e+000
    endloop
  endfacet
  facet normal  0.000000e+000  0.000000e+000  1.000000e+000
    outer loop
      vertex -3.658234e+001 -1.471262e+001  1.500000e+000
      vertex -3.607181e+001 -1.465985e+000  1.500000e+000
      vertex -3.628654e+001 -2.917933e+000  1.500000e+000
    endloop
  endfacet
  facet normal  0.000000e+000  0.000000e+000  9.999999e-001
    outer loop
      vertex -3.851366e+001 -8.312124e+000  1.500000e+000
      vertex -3.852016e+001 -1.330330e+001  1.500000e+000
      vertex -3.776107e+001 -7.052013e+000  1.500000e+000
    endloop
  endfacet
  facet normal  0.000000e+000  0.000000e+000  1.000000e+000
    outer loop
      vertex -3.776107e+001 -7.052013e+000  1.500000e+000
      vertex -3.852016e+001 -1.330330e+001  1.500000e+000
      vertex -3.796258e+001 -1.388720e+001  1.500000e+000
    endloop
  endfacet
  facet normal  0.000000e+000  0.000000e+000  1.000000e+000
    outer loop
      vertex -3.776107e+001 -7.052013e+000  1.500000e+000
      vertex -3.796258e+001 -1.388720e+001  1.500000e+000
      vertex -3.713524e+001 -5.724382e+000  1.500000e+000
    endloop
  endfacet
  facet normal  0.000000e+000  0.000000e+000  1.000000e+000
    outer loop
      vertex -3.713524e+001 -5.724382e+000  1.500000e+000
      vertex -3.796258e+001 -1.388720e+001  1.500000e+000
      vertex -3.730964e+001 -1.436207e+001  1.500000e+000
    endloop
  endfacet
  facet normal  0.000000e+000  0.000000e+000  1.000000e+000
    outer loop
      vertex -3.713524e+001 -5.724382e+000  1.500000e+000
      vertex -3.730964e+001 -1.436207e+001  1.500000e+000
      vertex -3.664216e+001 -4.341944e+000  1.500000e+000
    endloop
  endfacet
  facet normal  0.000000e+000  0.000000e+000  1.000000e+000
    outer loop
      vertex -3.664216e+001 -4.341944e+000  1.500000e+000
      vertex -3.730964e+001 -1.436207e+001  1.500000e+000
      vertex -3.658234e+001 -1.471262e+001  1.500000e+000
    endloop
  endfacet
  facet normal  0.000000e+000  -0.000000e+000  1.000000e+000
    outer loop
      vertex -3.664216e+001 -4.341944e+000  1.500000e+000
      vertex -3.658234e+001 -1.471262e+001  1.500000e+000
      vertex -3.628654e+001 -2.917933e+000  1.500000e+000
    endloop
  endfacet
  facet normal  0.000000e+000  0.000000e+000  1.000000e+000
    outer loop
      vertex  3.945993e+001 -1.109916e+001  1.500000e+000
      vertex  3.949522e+001 -1.029257e+001  1.500000e+000
      vertex  3.928109e+001 -1.188647e+001  1.500000e+000
    endloop
  endfacet
  facet normal  0.000000e+000  0.000000e+000  1.000000e+000
    outer loop
      vertex  3.928109e+001 -1.188647e+001  1.500000e+000
      vertex  3.949522e+001 -1.029257e+001  1.500000e+000
      vertex  3.938580e+001 -9.492650e+000  1.500000e+000
    endloop
  endfacet
  facet normal  0.000000e+000  0.000000e+000  1.000000e+000
    outer loop
      vertex  3.928109e+001 -1.188647e+001  1.500000e+000
      vertex  3.938580e+001 -9.492650e+000  1.500000e+000
      vertex  3.896443e+001 -1.262915e+001  1.500000e+000
    endloop
  endfacet
  facet normal  0.000000e+000  -0.000000e+000  1.000000e+000
    outer loop
      vertex  3.896443e+001 -1.262915e+001  1.500000e+000
      vertex  3.938580e+001 -9.492650e+000  1.500000e+000
      vertex  3.851366e+001 -8.312124e+000  1.500000e+000
    endloop
  endfacet
  facet normal  0.000000e+000  0.000000e+000  1.000000e+000
    outer loop
      vertex  3.896443e+001 -1.262915e+001  1.500000e+000
      vertex  3.851366e+001 -8.312124e+000  1.500000e+000
      vertex  3.852016e+001 -1.330330e+001  1.500000e+000
    endloop
  endfacet
  facet normal  0.000000e+000  0.000000e+000  9.999999e-001
    outer loop
      vertex  3.852016e+001 -1.330330e+001  1.500000e+000
      vertex  3.851366e+001 -8.312124e+000  1.500000e+000
      vertex  3.796258e+001 -1.388720e+001  1.500000e+000
    endloop
  endfacet
  facet normal  0.000000e+000  -0.000000e+000  1.000000e+000
    outer loop
      vertex  3.796258e+001 -1.388720e+001  1.500000e+000
      vertex  3.851366e+001 -8.312124e+000  1.500000e+000
      vertex  3.776107e+001 -7.052013e+000  1.500000e+000
    endloop
  endfacet
  facet normal  0.000000e+000  0.000000e+000  1.000000e+000
    outer loop
      vertex  3.796258e+001 -1.388720e+001  1.500000e+000
      vertex  3.776107e+001 -7.052013e+000  1.500000e+000
      vertex  3.730964e+001 -1.436207e+001  1.500000e+000
    endloop
  endfacet
  facet normal  0.000000e+000  -0.000000e+000  1.000000e+000
    outer loop
      vertex  3.730964e+001 -1.436207e+001  1.500000e+000
      vertex  3.776107e+001 -7.052013e+000  1.500000e+000
      vertex  3.713524e+001 -5.724382e+000  1.500000e+000
    endloop
  endfacet
  facet normal  0.000000e+000  0.000000e+000  1.000000e+000
    outer loop
      vertex  3.730964e+001 -1.436207e+001  1.500000e+000
      vertex  3.713524e+001 -5.724382e+000  1.500000e+000
      vertex  3.658234e+001 -1.471262e+001  1.500000e+000
    endloop
  endfacet
  facet normal  0.000000e+000  0.000000e+000  1.000000e+000
    outer loop
      vertex  3.658234e+001 -1.471262e+001  1.500000e+000
      vertex  3.713524e+001 -5.724382e+000  1.500000e+000
      vertex  3.664216e+001 -4.341944e+000  1.500000e+000
    endloop
  endfacet
  facet normal  0.000000e+000  0.000000e+000  1.000000e+000
    outer loop
      vertex  3.658234e+001 -1.471262e+001  1.500000e+000
      vertex  3.664216e+001 -4.341944e+000  1.500000e+000
      vertex  3.580412e+001 -1.492757e+001  1.500000e+000
    endloop
  endfacet
  facet normal  0.000000e+000  0.000000e+000  1.000000e+000
    outer loop
      vertex  3.580412e+001 -1.492757e+001  1.500000e+000
      vertex  3.664216e+001 -4.341944e+000  1.500000e+000
      vertex  3.628654e+001 -2.917933e+000  1.500000e+000
    endloop
  endfacet
  facet normal  0.000000e+000  0.000000e+000  1.000000e+000
    outer loop
      vertex  3.580412e+001 -1.492757e+001  1.500000e+000
      vertex  3.628654e+001 -2.917933e+000  1.500000e+000
      vertex  3.607181e+001 -1.465985e+000  1.500000e+000
    endloop
  endfacet
  facet normal  0.000000e+000  0.000000e+000  1.000000e+000
    outer loop
      vertex  3.928109e+001  1.188647e+001  1.500000e+000
      vertex  3.896443e+001  1.262915e+001  1.500000e+000
      vertex  3.851366e+001  8.312124e+000  1.500000e+000
    endloop
  endfacet
  facet normal  0.000000e+000  0.000000e+000  1.000000e+000
    outer loop
      vertex  3.851366e+001  8.312124e+000  1.500000e+000
      vertex  3.896443e+001  1.262915e+001  1.500000e+000
      vertex  3.852016e+001  1.330330e+001  1.500000e+000
    endloop
  endfacet
  facet normal  0.000000e+000  0.000000e+000  9.999999e-001
    outer loop
      vertex  3.851366e+001  8.312124e+000  1.500000e+000
      vertex  3.852016e+001  1.330330e+001  1.500000e+000
      vertex  3.776107e+001  7.052013e+000  1.500000e+000
    endloop
  endfacet
  facet normal  0.000000e+000  0.000000e+000  1.000000e+000
    outer loop
      vertex  3.776107e+001  7.052013e+000  1.500000e+000
      vertex  3.852016e+001  1.330330e+001  1.500000e+000
      vertex  3.796258e+001  1.388720e+001  1.500000e+000
    endloop
  endfacet
  facet normal  0.000000e+000  0.000000e+000  1.000000e+000
    outer loop
      vertex  3.776107e+001  7.052013e+000  1.500000e+000
      vertex  3.796258e+001  1.388720e+001  1.500000e+000
      vertex  3.713524e+001  5.724382e+000  1.500000e+000
    endloop
  endfacet
  facet normal  0.000000e+000  0.000000e+000  1.000000e+000
    outer loop
      vertex  3.713524e+001  5.724382e+000  1.500000e+000
      vertex  3.796258e+001  1.388720e+001  1.500000e+000
      vertex  3.730964e+001  1.436207e+001  1.500000e+000
    endloop
  endfacet
  facet normal  0.000000e+000  0.000000e+000  1.000000e+000
    outer loop
      vertex  3.713524e+001  5.724382e+000  1.500000e+000
      vertex  3.730964e+001  1.436207e+001  1.500000e+000
      vertex  3.664216e+001  4.341944e+000  1.500000e+000
    endloop
  endfacet
  facet normal  0.000000e+000  -0.000000e+000  1.000000e+000
    outer loop
      vertex  3.664216e+001  4.341944e+000  1.500000e+000
      vertex  3.730964e+001  1.436207e+001  1.500000e+000
      vertex  3.658234e+001  1.471262e+001  1.500000e+000
    endloop
  endfacet
  facet normal  0.000000e+000  0.000000e+000  1.000000e+000
    outer loop
      vertex  3.664216e+001  4.341944e+000  1.500000e+000
      vertex  3.658234e+001  1.471262e+001  1.500000e+000
      vertex  3.628654e+001  2.917933e+000  1.500000e+000
    endloop
  endfacet
  facet normal  0.000000e+000  -0.000000e+000  1.000000e+000
    outer loop
      vertex  3.628654e+001  2.917933e+000  1.500000e+000
      vertex  3.658234e+001  1.471262e+001  1.500000e+000
      vertex  3.580412e+001  1.492757e+001  1.500000e+000
    endloop
  endfacet
  facet normal  0.000000e+000  0.000000e+000  9.999999e-001
    outer loop
      vertex  3.628654e+001  2.917933e+000  1.500000e+000
      vertex  3.580412e+001  1.492757e+001  1.500000e+000
      vertex  3.607181e+001  1.465985e+000  1.500000e+000
    endloop
  endfacet
  facet normal  0.000000e+000  0.000000e+000  9.999999e-001
    outer loop
      vertex  3.949522e+001  1.029257e+001  1.500000e+000
      vertex  3.945993e+001  1.109916e+001  1.500000e+000
      vertex  3.938580e+001  9.492650e+000  1.500000e+000
    endloop
  endfacet
  facet normal  0.000000e+000  -0.000000e+000  1.000000e+000
    outer loop
      vertex  3.938580e+001  9.492650e+000  1.500000e+000
      vertex  3.945993e+001  1.109916e+001  1.500000e+000
      vertex  3.928109e+001  1.188647e+001  1.500000e+000
    endloop
  endfacet
  facet normal  0.000000e+000  0.000000e+000  1.000000e+000
    outer loop
      vertex  3.938580e+001  9.492650e+000  1.500000e+000
      vertex  3.928109e+001  1.188647e+001  1.500000e+000
      vertex  3.851366e+001  8.312124e+000  1.500000e+000
    endloop
  endfacet
  facet normal  0.000000e+000  0.000000e+000  1.000000e+000
    outer loop
      vertex -3.713524e+001  5.724382e+000  1.500000e+000
      vertex -3.730964e+001  1.436207e+001  1.500000e+000
      vertex -3.776107e+001  7.052013e+000  1.500000e+000
    endloop
  endfacet
  facet normal  0.000000e+000  -0.000000e+000  1.000000e+000
    outer loop
      vertex -3.776107e+001  7.052013e+000  1.500000e+000
      vertex -3.730964e+001  1.436207e+001  1.500000e+000
      vertex -3.796258e+001  1.388720e+001  1.500000e+000
    endloop
  endfacet
  facet normal  0.000000e+000  0.000000e+000  1.000000e+000
    outer loop
      vertex -3.776107e+001  7.052013e+000  1.500000e+000
      vertex -3.796258e+001  1.388720e+001  1.500000e+000
      vertex -3.851366e+001  8.312124e+000  1.500000e+000
    endloop
  endfacet
  facet normal  0.000000e+000  -0.000000e+000  9.999999e-001
    outer loop
      vertex -3.851366e+001  8.312124e+000  1.500000e+000
      vertex -3.796258e+001  1.388720e+001  1.500000e+000
      vertex -3.852016e+001  1.330330e+001  1.500000e+000
    endloop
  endfacet
  facet normal  0.000000e+000  0.000000e+000  1.000000e+000
    outer loop
      vertex -3.851366e+001  8.312124e+000  1.500000e+000
      vertex -3.852016e+001  1.330330e+001  1.500000e+000
      vertex -3.938580e+001  9.492650e+000  1.500000e+000
    endloop
  endfacet
  facet normal  0.000000e+000  0.000000e+000  1.000000e+000
    outer loop
      vertex -3.938580e+001  9.492650e+000  1.500000e+000
      vertex -3.852016e+001  1.330330e+001  1.500000e+000
      vertex -3.896443e+001  1.262915e+001  1.500000e+000
    endloop
  endfacet
  facet normal  0.000000e+000  0.000000e+000  1.000000e+000
    outer loop
      vertex -3.938580e+001  9.492650e+000  1.500000e+000
      vertex -3.896443e+001  1.262915e+001  1.500000e+000
      vertex -3.928109e+001  1.188647e+001  1.500000e+000
    endloop
  endfacet
  facet normal  0.000000e+000  0.000000e+000  1.000000e+000
    outer loop
      vertex -3.945993e+001  1.109916e+001  1.500000e+000
      vertex -3.949522e+001  1.029257e+001  1.500000e+000
      vertex -3.928109e+001  1.188647e+001  1.500000e+000
    endloop
  endfacet
  facet normal  0.000000e+000  0.000000e+000  1.000000e+000
    outer loop
      vertex -3.928109e+001  1.188647e+001  1.500000e+000
      vertex -3.949522e+001  1.029257e+001  1.500000e+000
      vertex -3.938580e+001  9.492650e+000  1.500000e+000
    endloop
  endfacet
  facet normal  1.000000e+000  0.000000e+000  0.000000e+000
    outer loop
      vertex -2.275000e+001 -1.650000e+001  1.500000e+000
      vertex -2.275000e+001 -1.540474e+001  1.500000e+000
      vertex -2.275000e+001 -1.650000e+001  5.000000e+000
    endloop
  endfacet
  facet normal  1.000000e+000  -0.000000e+000  0.000000e+000
    outer loop
      vertex -2.275000e+001 -1.650000e+001  5.000000e+000
      vertex -2.275000e+001 -1.540474e+001  1.500000e+000
      vertex -2.275000e+001 -1.540474e+001  5.000000e+000
    endloop
  endfacet
  facet normal -1.000000e+000  0.000000e+000  0.000000e+000
    outer loop
      vertex -2.425000e+001 -1.540474e+001  1.500000e+000
      vertex -2.425000e+001 -1.650000e+001  1.500000e+000
      vertex -2.425000e+001 -1.540474e+001  5.000000e+000
    endloop
  endfacet
  facet normal -1.000000e+000  -0.000000e+000  0.000000e+000
    outer loop
      vertex -2.425000e+001 -1.540474e+001  5.000000e+000
      vertex -2.425000e+001 -1.650000e+001  1.500000e+000
      vertex -2.425000e+001 -1.650000e+001  5.000000e+000
    endloop
  endfacet
  facet normal -3.558207e-001 -9.345542e-001  -0.000000e+000
    outer loop
      vertex -2.425000e+001 -1.540474e+001  1.500000e+000
      vertex -2.425000e+001 -1.540474e+001  5.000000e+000
      vertex -2.487176e+001 -1.516801e+001  1.500000e+000
    endloop
  endfacet
  facet normal -3.558207e-001 -9.345542e-001  0.000000e+000
    outer loop
      vertex -2.487176e+001 -1.516801e+001  1.500000e+000
      vertex -2.425000e+001 -1.540474e+001  5.000000e+000
      vertex -2.487176e+001 -1.516801e+001  5.000000e+000
    endloop
  endfacet
  facet normal -5.530465e-001 -8.331504e-001  -0.000000e+000
    outer loop
      vertex -2.487176e+001 -1.516801e+001  1.500000e+000
      vertex -2.487176e+001 -1.516801e+001  5.000000e+000
      vertex -2.542606e+001 -1.480007e+001  1.500000e+000
    endloop
  endfacet
  facet normal -5.530465e-001 -8.331504e-001  0.000000e+000
    outer loop
      vertex -2.542606e+001 -1.480007e+001  1.500000e+000
      vertex -2.487176e+001 -1.516801e+001  5.000000e+000
      vertex -2.542606e+001 -1.480007e+001  5.000000e+000
    endloop
  endfacet
  facet normal -7.230722e-001 -6.907724e-001  -0.000000e+000
    outer loop
      vertex -2.542606e+001 -1.480007e+001  1.500000e+000
      vertex -2.542606e+001 -1.480007e+001  5.000000e+000
      vertex -2.588563e+001 -1.431901e+001  1.500000e+000
    endloop
  endfacet
  facet normal -7.230722e-001 -6.907724e-001  0.000000e+000
    outer loop
      vertex -2.588563e+001 -1.431901e+001  1.500000e+000
      vertex -2.542606e+001 -1.480007e+001  5.000000e+000
      vertex -2.588563e+001 -1.431901e+001  5.000000e+000
    endloop
  endfacet
  facet normal -8.575378e-001 -5.144209e-001  -0.000000e+000
    outer loop
      vertex -2.588563e+001 -1.431901e+001  1.500000e+000
      vertex -2.588563e+001 -1.431901e+001  5.000000e+000
      vertex -2.622787e+001 -1.374848e+001  1.500000e+000
    endloop
  endfacet
  facet normal -8.575378e-001 -5.144209e-001  0.000000e+000
    outer loop
      vertex -2.622787e+001 -1.374848e+001  1.500000e+000
      vertex -2.588563e+001 -1.431901e+001  5.000000e+000
      vertex -2.622787e+001 -1.374848e+001  5.000000e+000
    endloop
  endfacet
  facet normal -9.498290e-001 -3.127699e-001  -0.000000e+000
    outer loop
      vertex -2.622787e+001 -1.374848e+001  1.500000e+000
      vertex -2.622787e+001 -1.374848e+001  5.000000e+000
      vertex -2.643596e+001 -1.311656e+001  1.500000e+000
    endloop
  endfacet
  facet normal -9.498290e-001 -3.127699e-001  0.000000e+000
    outer loop
      vertex -2.643596e+001 -1.311656e+001  1.500000e+000
      vertex -2.622787e+001 -1.374848e+001  5.000000e+000
      vertex -2.643596e+001 -1.311656e+001  5.000000e+000
    endloop
  endfacet
  facet normal -9.954066e-001 -9.573701e-002  -0.000000e+000
    outer loop
      vertex -2.643596e+001 -1.311656e+001  1.500000e+000
      vertex -2.643596e+001 -1.311656e+001  5.000000e+000
      vertex -2.649965e+001 -1.245432e+001  1.500000e+000
    endloop
  endfacet
  facet normal -9.954066e-001 -9.573701e-002  0.000000e+000
    outer loop
      vertex -2.649965e+001 -1.245432e+001  1.500000e+000
      vertex -2.643596e+001 -1.311656e+001  5.000000e+000
      vertex -2.649965e+001 -1.245432e+001  5.000000e+000
    endloop
  endfacet
  facet normal -9.920295e-001  1.260059e-001  0.000000e+000
    outer loop
      vertex -2.649965e+001 -1.245432e+001  1.500000e+000
      vertex -2.649965e+001 -1.245432e+001  5.000000e+000
      vertex -2.641582e+001 -1.179432e+001  1.500000e+000
    endloop
  endfacet
  facet normal -9.920295e-001  1.260059e-001  0.000000e+000
    outer loop
      vertex -2.641582e+001 -1.179432e+001  1.500000e+000
      vertex -2.649965e+001 -1.245432e+001  5.000000e+000
      vertex -2.641582e+001 -1.179432e+001  5.000000e+000
    endloop
  endfacet
  facet normal -9.398645e-001  3.415476e-001  0.000000e+000
    outer loop
      vertex -2.641582e+001 -1.179432e+001  1.500000e+000
      vertex -2.641582e+001 -1.179432e+001  5.000000e+000
      vertex -2.618859e+001 -1.116903e+001  1.500000e+000
    endloop
  endfacet
  facet normal -9.398645e-001  3.415476e-001  0.000000e+000
    outer loop
      vertex -2.618859e+001 -1.116903e+001  1.500000e+000
      vertex -2.641582e+001 -1.179432e+001  5.000000e+000
      vertex -2.618859e+001 -1.116903e+001  5.000000e+000
    endloop
  endfacet
  facet normal -8.414755e-001  5.402952e-001  0.000000e+000
    outer loop
      vertex -2.618859e+001 -1.116903e+001  1.500000e+000
      vertex -2.618859e+001 -1.116903e+001  5.000000e+000
      vertex -2.582913e+001 -1.060919e+001  1.500000e+000
    endloop
  endfacet
  facet normal -8.414755e-001  5.402952e-001  0.000000e+000
    outer loop
      vertex -2.582913e+001 -1.060919e+001  1.500000e+000
      vertex -2.618859e+001 -1.116903e+001  5.000000e+000
      vertex -2.582913e+001 -1.060919e+001  5.000000e+000
    endloop
  endfacet
  facet normal -7.017016e-001  7.124711e-001  0.000000e+000
    outer loop
      vertex -2.582913e+001 -1.060919e+001  1.500000e+000
      vertex -2.582913e+001 -1.060919e+001  5.000000e+000
      vertex -2.535512e+001 -1.014235e+001  1.500000e+000
    endloop
  endfacet
  facet normal -7.017016e-001  7.124711e-001  0.000000e+000
    outer loop
      vertex -2.535512e+001 -1.014235e+001  1.500000e+000
      vertex -2.582913e+001 -1.060919e+001  5.000000e+000
      vertex -2.535512e+001 -1.014235e+001  5.000000e+000
    endloop
  endfacet
  facet normal -5.274200e-001  8.496047e-001  0.000000e+000
    outer loop
      vertex -2.535512e+001 -1.014235e+001  1.500000e+000
      vertex -2.535512e+001 -1.014235e+001  5.000000e+000
      vertex -2.478988e+001 -9.791455e+000  1.500000e+000
    endloop
  endfacet
  facet normal -5.274200e-001  8.496047e-001  0.000000e+000
    outer loop
      vertex -2.478988e+001 -9.791455e+000  1.500000e+000
      vertex -2.535512e+001 -1.014235e+001  5.000000e+000
      vertex -2.478988e+001 -9.791455e+000  5.000000e+000
    endloop
  endfacet
  facet normal -3.271969e-001  9.449562e-001  0.000000e+000
    outer loop
      vertex -2.478988e+001 -9.791455e+000  1.500000e+000
      vertex -2.478988e+001 -9.791455e+000  5.000000e+000
      vertex -2.416120e+001 -9.573771e+000  1.500000e+000
    endloop
  endfacet
  facet normal -3.271969e-001  9.449562e-001  0.000000e+000
    outer loop
      vertex -2.416120e+001 -9.573771e+000  1.500000e+000
      vertex -2.478988e+001 -9.791455e+000  5.000000e+000
      vertex -2.416120e+001 -9.573771e+000  5.000000e+000
    endloop
  endfacet
  facet normal -1.108830e-001  9.938334e-001  0.000000e+000
    outer loop
      vertex -2.416120e+001 -9.573771e+000  1.500000e+000
      vertex -2.416120e+001 -9.573771e+000  5.000000e+000
      vertex -2.350000e+001 -9.500000e+000  1.500000e+000
    endloop
  endfacet
  facet normal -1.108830e-001  9.938334e-001  0.000000e+000
    outer loop
      vertex -2.350000e+001 -9.500000e+000  1.500000e+000
      vertex -2.416120e+001 -9.573771e+000  5.000000e+000
      vertex -2.350000e+001 -9.500000e+000  5.000000e+000
    endloop
  endfacet
  facet normal  1.108830e-001  9.938334e-001  0.000000e+000
    outer loop
      vertex -2.350000e+001 -9.500000e+000  1.500000e+000
      vertex -2.350000e+001 -9.500000e+000  5.000000e+000
      vertex -2.283880e+001 -9.573771e+000  1.500000e+000
    endloop
  endfacet
  facet normal  1.108830e-001  9.938334e-001  -0.000000e+000
    outer loop
      vertex -2.283880e+001 -9.573771e+000  1.500000e+000
      vertex -2.350000e+001 -9.500000e+000  5.000000e+000
      vertex -2.283880e+001 -9.573771e+000  5.000000e+000
    endloop
  endfacet
  facet normal  3.271969e-001  9.449562e-001  0.000000e+000
    outer loop
      vertex -2.283880e+001 -9.573771e+000  1.500000e+000
      vertex -2.283880e+001 -9.573771e+000  5.000000e+000
      vertex -2.221012e+001 -9.791455e+000  1.500000e+000
    endloop
  endfacet
  facet normal  3.271969e-001  9.449562e-001  -0.000000e+000
    outer loop
      vertex -2.221012e+001 -9.791455e+000  1.500000e+000
      vertex -2.283880e+001 -9.573771e+000  5.000000e+000
      vertex -2.221012e+001 -9.791455e+000  5.000000e+000
    endloop
  endfacet
  facet normal  5.274200e-001  8.496047e-001  0.000000e+000
    outer loop
      vertex -2.221012e+001 -9.791455e+000  1.500000e+000
      vertex -2.221012e+001 -9.791455e+000  5.000000e+000
      vertex -2.164488e+001 -1.014235e+001  1.500000e+000
    endloop
  endfacet
  facet normal  5.274200e-001  8.496047e-001  -0.000000e+000
    outer loop
      vertex -2.164488e+001 -1.014235e+001  1.500000e+000
      vertex -2.221012e+001 -9.791455e+000  5.000000e+000
      vertex -2.164488e+001 -1.014235e+001  5.000000e+000
    endloop
  endfacet
  facet normal  7.017016e-001  7.124711e-001  0.000000e+000
    outer loop
      vertex -2.164488e+001 -1.014235e+001  1.500000e+000
      vertex -2.164488e+001 -1.014235e+001  5.000000e+000
      vertex -2.117087e+001 -1.060919e+001  1.500000e+000
    endloop
  endfacet
  facet normal  7.017016e-001  7.124711e-001  -0.000000e+000
    outer loop
      vertex -2.117087e+001 -1.060919e+001  1.500000e+000
      vertex -2.164488e+001 -1.014235e+001  5.000000e+000
      vertex -2.117087e+001 -1.060919e+001  5.000000e+000
    endloop
  endfacet
  facet normal  8.414755e-001  5.402952e-001  0.000000e+000
    outer loop
      vertex -2.117087e+001 -1.060919e+001  1.500000e+000
      vertex -2.117087e+001 -1.060919e+001  5.000000e+000
      vertex -2.081141e+001 -1.116903e+001  1.500000e+000
    endloop
  endfacet
  facet normal  8.414755e-001  5.402952e-001  -0.000000e+000
    outer loop
      vertex -2.081141e+001 -1.116903e+001  1.500000e+000
      vertex -2.117087e+001 -1.060919e+001  5.000000e+000
      vertex -2.081141e+001 -1.116903e+001  5.000000e+000
    endloop
  endfacet
  facet normal  9.398645e-001  3.415476e-001  0.000000e+000
    outer loop
      vertex -2.081141e+001 -1.116903e+001  1.500000e+000
      vertex -2.081141e+001 -1.116903e+001  5.000000e+000
      vertex -2.058418e+001 -1.179432e+001  1.500000e+000
    endloop
  endfacet
  facet normal  9.398645e-001  3.415476e-001  -0.000000e+000
    outer loop
      vertex -2.058418e+001 -1.179432e+001  1.500000e+000
      vertex -2.081141e+001 -1.116903e+001  5.000000e+000
      vertex -2.058418e+001 -1.179432e+001  5.000000e+000
    endloop
  endfacet
  facet normal  9.920295e-001  1.260059e-001  0.000000e+000
    outer loop
      vertex -2.058418e+001 -1.179432e+001  1.500000e+000
      vertex -2.058418e+001 -1.179432e+001  5.000000e+000
      vertex -2.050035e+001 -1.245432e+001  1.500000e+000
    endloop
  endfacet
  facet normal  9.920295e-001  1.260059e-001  -0.000000e+000
    outer loop
      vertex -2.050035e+001 -1.245432e+001  1.500000e+000
      vertex -2.058418e+001 -1.179432e+001  5.000000e+000
      vertex -2.050035e+001 -1.245432e+001  5.000000e+000
    endloop
  endfacet
  facet normal  9.954066e-001 -9.573701e-002  0.000000e+000
    outer loop
      vertex -2.050035e+001 -1.245432e+001  1.500000e+000
      vertex -2.050035e+001 -1.245432e+001  5.000000e+000
      vertex -2.056404e+001 -1.311656e+001  1.500000e+000
    endloop
  endfacet
  facet normal  9.954066e-001 -9.573701e-002  0.000000e+000
    outer loop
      vertex -2.056404e+001 -1.311656e+001  1.500000e+000
      vertex -2.050035e+001 -1.245432e+001  5.000000e+000
      vertex -2.056404e+001 -1.311656e+001  5.000000e+000
    endloop
  endfacet
  facet normal  9.498290e-001 -3.127699e-001  0.000000e+000
    outer loop
      vertex -2.056404e+001 -1.311656e+001  1.500000e+000
      vertex -2.056404e+001 -1.311656e+001  5.000000e+000
      vertex -2.077213e+001 -1.374848e+001  1.500000e+000
    endloop
  endfacet
  facet normal  9.498290e-001 -3.127699e-001  0.000000e+000
    outer loop
      vertex -2.077213e+001 -1.374848e+001  1.500000e+000
      vertex -2.056404e+001 -1.311656e+001  5.000000e+000
      vertex -2.077213e+001 -1.374848e+001  5.000000e+000
    endloop
  endfacet
  facet normal  8.575378e-001 -5.144209e-001  0.000000e+000
    outer loop
      vertex -2.077213e+001 -1.374848e+001  1.500000e+000
      vertex -2.077213e+001 -1.374848e+001  5.000000e+000
      vertex -2.111437e+001 -1.431901e+001  1.500000e+000
    endloop
  endfacet
  facet normal  8.575378e-001 -5.144209e-001  0.000000e+000
    outer loop
      vertex -2.111437e+001 -1.431901e+001  1.500000e+000
      vertex -2.077213e+001 -1.374848e+001  5.000000e+000
      vertex -2.111437e+001 -1.431901e+001  5.000000e+000
    endloop
  endfacet
  facet normal  7.230722e-001 -6.907724e-001  0.000000e+000
    outer loop
      vertex -2.111437e+001 -1.431901e+001  1.500000e+000
      vertex -2.111437e+001 -1.431901e+001  5.000000e+000
      vertex -2.157394e+001 -1.480007e+001  1.500000e+000
    endloop
  endfacet
  facet normal  7.230722e-001 -6.907724e-001  0.000000e+000
    outer loop
      vertex -2.157394e+001 -1.480007e+001  1.500000e+000
      vertex -2.111437e+001 -1.431901e+001  5.000000e+000
      vertex -2.157394e+001 -1.480007e+001  5.000000e+000
    endloop
  endfacet
  facet normal  5.530465e-001 -8.331504e-001  0.000000e+000
    outer loop
      vertex -2.157394e+001 -1.480007e+001  1.500000e+000
      vertex -2.157394e+001 -1.480007e+001  5.000000e+000
      vertex -2.212824e+001 -1.516801e+001  1.500000e+000
    endloop
  endfacet
  facet normal  5.530465e-001 -8.331504e-001  0.000000e+000
    outer loop
      vertex -2.212824e+001 -1.516801e+001  1.500000e+000
      vertex -2.157394e+001 -1.480007e+001  5.000000e+000
      vertex -2.212824e+001 -1.516801e+001  5.000000e+000
    endloop
  endfacet
  facet normal  3.558207e-001 -9.345542e-001  0.000000e+000
    outer loop
      vertex -2.212824e+001 -1.516801e+001  1.500000e+000
      vertex -2.212824e+001 -1.516801e+001  5.000000e+000
      vertex -2.275000e+001 -1.540474e+001  1.500000e+000
    endloop
  endfacet
  facet normal  3.558207e-001 -9.345542e-001  0.000000e+000
    outer loop
      vertex -2.275000e+001 -1.540474e+001  1.500000e+000
      vertex -2.212824e+001 -1.516801e+001  5.000000e+000
      vertex -2.275000e+001 -1.540474e+001  5.000000e+000
    endloop
  endfacet
  facet normal -1.000000e+000  0.000000e+000  0.000000e+000
    outer loop
      vertex  1.875000e+001  1.650000e+001  1.500000e+000
      vertex  1.875000e+001  1.540474e+001  1.500000e+000
      vertex  1.875000e+001  1.650000e+001  5.000000e+000
    endloop
  endfacet
  facet normal -1.000000e+000  -0.000000e+000  0.000000e+000
    outer loop
      vertex  1.875000e+001  1.650000e+001  5.000000e+000
      vertex  1.875000e+001  1.540474e+001  1.500000e+000
      vertex  1.875000e+001  1.540474e+001  5.000000e+000
    endloop
  endfacet
  facet normal  1.000000e+000  0.000000e+000  0.000000e+000
    outer loop
      vertex  2.025000e+001  1.540474e+001  1.500000e+000
      vertex  2.025000e+001  1.650000e+001  1.500000e+000
      vertex  2.025000e+001  1.540474e+001  5.000000e+000
    endloop
  endfacet
  facet normal  1.000000e+000  -0.000000e+000  0.000000e+000
    outer loop
      vertex  2.025000e+001  1.540474e+001  5.000000e+000
      vertex  2.025000e+001  1.650000e+001  1.500000e+000
      vertex  2.025000e+001  1.650000e+001  5.000000e+000
    endloop
  endfacet
  facet normal  3.558207e-001  9.345542e-001  0.000000e+000
    outer loop
      vertex  2.025000e+001  1.540474e+001  1.500000e+000
      vertex  2.025000e+001  1.540474e+001  5.000000e+000
      vertex  2.087176e+001  1.516801e+001  1.500000e+000
    endloop
  endfacet
  facet normal  3.558207e-001  9.345542e-001  -0.000000e+000
    outer loop
      vertex  2.087176e+001  1.516801e+001  1.500000e+000
      vertex  2.025000e+001  1.540474e+001  5.000000e+000
      vertex  2.087176e+001  1.516801e+001  5.000000e+000
    endloop
  endfacet
  facet normal  5.530465e-001  8.331504e-001  0.000000e+000
    outer loop
      vertex  2.087176e+001  1.516801e+001  1.500000e+000
      vertex  2.087176e+001  1.516801e+001  5.000000e+000
      vertex  2.142606e+001  1.480007e+001  1.500000e+000
    endloop
  endfacet
  facet normal  5.530465e-001  8.331504e-001  -0.000000e+000
    outer loop
      vertex  2.142606e+001  1.480007e+001  1.500000e+000
      vertex  2.087176e+001  1.516801e+001  5.000000e+000
      vertex  2.142606e+001  1.480007e+001  5.000000e+000
    endloop
  endfacet
  facet normal  7.230722e-001  6.907724e-001  0.000000e+000
    outer loop
      vertex  2.142606e+001  1.480007e+001  1.500000e+000
      vertex  2.142606e+001  1.480007e+001  5.000000e+000
      vertex  2.188563e+001  1.431901e+001  1.500000e+000
    endloop
  endfacet
  facet normal  7.230722e-001  6.907724e-001  -0.000000e+000
    outer loop
      vertex  2.188563e+001  1.431901e+001  1.500000e+000
      vertex  2.142606e+001  1.480007e+001  5.000000e+000
      vertex  2.188563e+001  1.431901e+001  5.000000e+000
    endloop
  endfacet
  facet normal  8.575378e-001  5.144209e-001  0.000000e+000
    outer loop
      vertex  2.188563e+001  1.431901e+001  1.500000e+000
      vertex  2.188563e+001  1.431901e+001  5.000000e+000
      vertex  2.222787e+001  1.374848e+001  1.500000e+000
    endloop
  endfacet
  facet normal  8.575378e-001  5.144209e-001  -0.000000e+000
    outer loop
      vertex  2.222787e+001  1.374848e+001  1.500000e+000
      vertex  2.188563e+001  1.431901e+001  5.000000e+000
      vertex  2.222787e+001  1.374848e+001  5.000000e+000
    endloop
  endfacet
  facet normal  9.498290e-001  3.127699e-001  0.000000e+000
    outer loop
      vertex  2.222787e+001  1.374848e+001  1.500000e+000
      vertex  2.222787e+001  1.374848e+001  5.000000e+000
      vertex  2.243596e+001  1.311656e+001  1.500000e+000
    endloop
  endfacet
  facet normal  9.498290e-001  3.127699e-001  -0.000000e+000
    outer loop
      vertex  2.243596e+001  1.311656e+001  1.500000e+000
      vertex  2.222787e+001  1.374848e+001  5.000000e+000
      vertex  2.243596e+001  1.311656e+001  5.000000e+000
    endloop
  endfacet
  facet normal  9.954066e-001  9.573701e-002  0.000000e+000
    outer loop
      vertex  2.243596e+001  1.311656e+001  1.500000e+000
      vertex  2.243596e+001  1.311656e+001  5.000000e+000
      vertex  2.249965e+001  1.245432e+001  1.500000e+000
    endloop
  endfacet
  facet normal  9.954066e-001  9.573701e-002  -0.000000e+000
    outer loop
      vertex  2.249965e+001  1.245432e+001  1.500000e+000
      vertex  2.243596e+001  1.311656e+001  5.000000e+000
      vertex  2.249965e+001  1.245432e+001  5.000000e+000
    endloop
  endfacet
  facet normal  9.920295e-001 -1.260059e-001  0.000000e+000
    outer loop
      vertex  2.249965e+001  1.245432e+001  1.500000e+000
      vertex  2.249965e+001  1.245432e+001  5.000000e+000
      vertex  2.241582e+001  1.179432e+001  1.500000e+000
    endloop
  endfacet
  facet normal  9.920295e-001 -1.260059e-001  0.000000e+000
    outer loop
      vertex  2.241582e+001  1.179432e+001  1.500000e+000
      vertex  2.249965e+001  1.245432e+001  5.000000e+000
      vertex  2.241582e+001  1.179432e+001  5.000000e+000
    endloop
  endfacet
  facet normal  9.398645e-001 -3.415476e-001  0.000000e+000
    outer loop
      vertex  2.241582e+001  1.179432e+001  1.500000e+000
      vertex  2.241582e+001  1.179432e+001  5.000000e+000
      vertex  2.218859e+001  1.116903e+001  1.500000e+000
    endloop
  endfacet
  facet normal  9.398645e-001 -3.415476e-001  0.000000e+000
    outer loop
      vertex  2.218859e+001  1.116903e+001  1.500000e+000
      vertex  2.241582e+001  1.179432e+001  5.000000e+000
      vertex  2.218859e+001  1.116903e+001  5.000000e+000
    endloop
  endfacet
  facet normal  8.414755e-001 -5.402952e-001  0.000000e+000
    outer loop
      vertex  2.218859e+001  1.116903e+001  1.500000e+000
      vertex  2.218859e+001  1.116903e+001  5.000000e+000
      vertex  2.182913e+001  1.060919e+001  1.500000e+000
    endloop
  endfacet
  facet normal  8.414755e-001 -5.402952e-001  0.000000e+000
    outer loop
      vertex  2.182913e+001  1.060919e+001  1.500000e+000
      vertex  2.218859e+001  1.116903e+001  5.000000e+000
      vertex  2.182913e+001  1.060919e+001  5.000000e+000
    endloop
  endfacet
  facet normal  7.017016e-001 -7.124711e-001  0.000000e+000
    outer loop
      vertex  2.182913e+001  1.060919e+001  1.500000e+000
      vertex  2.182913e+001  1.060919e+001  5.000000e+000
      vertex  2.135512e+001  1.014235e+001  1.500000e+000
    endloop
  endfacet
  facet normal  7.017016e-001 -7.124711e-001  0.000000e+000
    outer loop
      vertex  2.135512e+001  1.014235e+001  1.500000e+000
      vertex  2.182913e+001  1.060919e+001  5.000000e+000
      vertex  2.135512e+001  1.014235e+001  5.000000e+000
    endloop
  endfacet
  facet normal  5.274200e-001 -8.496047e-001  0.000000e+000
    outer loop
      vertex  2.135512e+001  1.014235e+001  1.500000e+000
      vertex  2.135512e+001  1.014235e+001  5.000000e+000
      vertex  2.078988e+001  9.791455e+000  1.500000e+000
    endloop
  endfacet
  facet normal  5.274200e-001 -8.496047e-001  0.000000e+000
    outer loop
      vertex  2.078988e+001  9.791455e+000  1.500000e+000
      vertex  2.135512e+001  1.014235e+001  5.000000e+000
      vertex  2.078988e+001  9.791455e+000  5.000000e+000
    endloop
  endfacet
  facet normal  3.271969e-001 -9.449562e-001  0.000000e+000
    outer loop
      vertex  2.078988e+001  9.791455e+000  1.500000e+000
      vertex  2.078988e+001  9.791455e+000  5.000000e+000
      vertex  2.016120e+001  9.573771e+000  1.500000e+000
    endloop
  endfacet
  facet normal  3.271969e-001 -9.449562e-001  0.000000e+000
    outer loop
      vertex  2.016120e+001  9.573771e+000  1.500000e+000
      vertex  2.078988e+001  9.791455e+000  5.000000e+000
      vertex  2.016120e+001  9.573771e+000  5.000000e+000
    endloop
  endfacet
  facet normal  1.108830e-001 -9.938334e-001  0.000000e+000
    outer loop
      vertex  2.016120e+001  9.573771e+000  1.500000e+000
      vertex  2.016120e+001  9.573771e+000  5.000000e+000
      vertex  1.950000e+001  9.500000e+000  1.500000e+000
    endloop
  endfacet
  facet normal  1.108830e-001 -9.938334e-001  0.000000e+000
    outer loop
      vertex  1.950000e+001  9.500000e+000  1.500000e+000
      vertex  2.016120e+001  9.573771e+000  5.000000e+000
      vertex  1.950000e+001  9.500000e+000  5.000000e+000
    endloop
  endfacet
  facet normal -1.108830e-001 -9.938334e-001  -0.000000e+000
    outer loop
      vertex  1.950000e+001  9.500000e+000  1.500000e+000
      vertex  1.950000e+001  9.500000e+000  5.000000e+000
      vertex  1.883880e+001  9.573771e+000  1.500000e+000
    endloop
  endfacet
  facet normal -1.108830e-001 -9.938334e-001  0.000000e+000
    outer loop
      vertex  1.883880e+001  9.573771e+000  1.500000e+000
      vertex  1.950000e+001  9.500000e+000  5.000000e+000
      vertex  1.883880e+001  9.573771e+000  5.000000e+000
    endloop
  endfacet
  facet normal -3.271969e-001 -9.449562e-001  -0.000000e+000
    outer loop
      vertex  1.883880e+001  9.573771e+000  1.500000e+000
      vertex  1.883880e+001  9.573771e+000  5.000000e+000
      vertex  1.821012e+001  9.791455e+000  1.500000e+000
    endloop
  endfacet
  facet normal -3.271969e-001 -9.449562e-001  0.000000e+000
    outer loop
      vertex  1.821012e+001  9.791455e+000  1.500000e+000
      vertex  1.883880e+001  9.573771e+000  5.000000e+000
      vertex  1.821012e+001  9.791455e+000  5.000000e+000
    endloop
  endfacet
  facet normal -5.274200e-001 -8.496047e-001  -0.000000e+000
    outer loop
      vertex  1.821012e+001  9.791455e+000  1.500000e+000
      vertex  1.821012e+001  9.791455e+000  5.000000e+000
      vertex  1.764488e+001  1.014235e+001  1.500000e+000
    endloop
  endfacet
  facet normal -5.274200e-001 -8.496047e-001  0.000000e+000
    outer loop
      vertex  1.764488e+001  1.014235e+001  1.500000e+000
      vertex  1.821012e+001  9.791455e+000  5.000000e+000
      vertex  1.764488e+001  1.014235e+001  5.000000e+000
    endloop
  endfacet
  facet normal -7.017016e-001 -7.124711e-001  -0.000000e+000
    outer loop
      vertex  1.764488e+001  1.014235e+001  1.500000e+000
      vertex  1.764488e+001  1.014235e+001  5.000000e+000
      vertex  1.717087e+001  1.060919e+001  1.500000e+000
    endloop
  endfacet
  facet normal -7.017016e-001 -7.124711e-001  0.000000e+000
    outer loop
      vertex  1.717087e+001  1.060919e+001  1.500000e+000
      vertex  1.764488e+001  1.014235e+001  5.000000e+000
      vertex  1.717087e+001  1.060919e+001  5.000000e+000
    endloop
  endfacet
  facet normal -8.414755e-001 -5.402952e-001  -0.000000e+000
    outer loop
      vertex  1.717087e+001  1.060919e+001  1.500000e+000
      vertex  1.717087e+001  1.060919e+001  5.000000e+000
      vertex  1.681141e+001  1.116903e+001  1.500000e+000
    endloop
  endfacet
  facet normal -8.414755e-001 -5.402952e-001  0.000000e+000
    outer loop
      vertex  1.681141e+001  1.116903e+001  1.500000e+000
      vertex  1.717087e+001  1.060919e+001  5.000000e+000
      vertex  1.681141e+001  1.116903e+001  5.000000e+000
    endloop
  endfacet
  facet normal -9.398645e-001 -3.415476e-001  -0.000000e+000
    outer loop
      vertex  1.681141e+001  1.116903e+001  1.500000e+000
      vertex  1.681141e+001  1.116903e+001  5.000000e+000
      vertex  1.658418e+001  1.179432e+001  1.500000e+000
    endloop
  endfacet
  facet normal -9.398645e-001 -3.415476e-001  0.000000e+000
    outer loop
      vertex  1.658418e+001  1.179432e+001  1.500000e+000
      vertex  1.681141e+001  1.116903e+001  5.000000e+000
      vertex  1.658418e+001  1.179432e+001  5.000000e+000
    endloop
  endfacet
  facet normal -9.920295e-001 -1.260059e-001  -0.000000e+000
    outer loop
      vertex  1.658418e+001  1.179432e+001  1.500000e+000
      vertex  1.658418e+001  1.179432e+001  5.000000e+000
      vertex  1.650035e+001  1.245432e+001  1.500000e+000
    endloop
  endfacet
  facet normal -9.920295e-001 -1.260059e-001  0.000000e+000
    outer loop
      vertex  1.650035e+001  1.245432e+001  1.500000e+000
      vertex  1.658418e+001  1.179432e+001  5.000000e+000
      vertex  1.650035e+001  1.245432e+001  5.000000e+000
    endloop
  endfacet
  facet normal -9.954066e-001  9.573701e-002  0.000000e+000
    outer loop
      vertex  1.650035e+001  1.245432e+001  1.500000e+000
      vertex  1.650035e+001  1.245432e+001  5.000000e+000
      vertex  1.656404e+001  1.311656e+001  1.500000e+000
    endloop
  endfacet
  facet normal -9.954066e-001  9.573701e-002  0.000000e+000
    outer loop
      vertex  1.656404e+001  1.311656e+001  1.500000e+000
      vertex  1.650035e+001  1.245432e+001  5.000000e+000
      vertex  1.656404e+001  1.311656e+001  5.000000e+000
    endloop
  endfacet
  facet normal -9.498290e-001  3.127699e-001  0.000000e+000
    outer loop
      vertex  1.656404e+001  1.311656e+001  1.500000e+000
      vertex  1.656404e+001  1.311656e+001  5.000000e+000
      vertex  1.677213e+001  1.374848e+001  1.500000e+000
    endloop
  endfacet
  facet normal -9.498290e-001  3.127699e-001  0.000000e+000
    outer loop
      vertex  1.677213e+001  1.374848e+001  1.500000e+000
      vertex  1.656404e+001  1.311656e+001  5.000000e+000
      vertex  1.677213e+001  1.374848e+001  5.000000e+000
    endloop
  endfacet
  facet normal -8.575378e-001  5.144209e-001  0.000000e+000
    outer loop
      vertex  1.677213e+001  1.374848e+001  1.500000e+000
      vertex  1.677213e+001  1.374848e+001  5.000000e+000
      vertex  1.711437e+001  1.431901e+001  1.500000e+000
    endloop
  endfacet
  facet normal -8.575378e-001  5.144209e-001  0.000000e+000
    outer loop
      vertex  1.711437e+001  1.431901e+001  1.500000e+000
      vertex  1.677213e+001  1.374848e+001  5.000000e+000
      vertex  1.711437e+001  1.431901e+001  5.000000e+000
    endloop
  endfacet
  facet normal -7.230722e-001  6.907724e-001  0.000000e+000
    outer loop
      vertex  1.711437e+001  1.431901e+001  1.500000e+000
      vertex  1.711437e+001  1.431901e+001  5.000000e+000
      vertex  1.757394e+001  1.480007e+001  1.500000e+000
    endloop
  endfacet
  facet normal -7.230722e-001  6.907724e-001  0.000000e+000
    outer loop
      vertex  1.757394e+001  1.480007e+001  1.500000e+000
      vertex  1.711437e+001  1.431901e+001  5.000000e+000
      vertex  1.757394e+001  1.480007e+001  5.000000e+000
    endloop
  endfacet
  facet normal -5.530465e-001  8.331504e-001  0.000000e+000
    outer loop
      vertex  1.757394e+001  1.480007e+001  1.500000e+000
      vertex  1.757394e+001  1.480007e+001  5.000000e+000
      vertex  1.812824e+001  1.516801e+001  1.500000e+000
    endloop
  endfacet
  facet normal -5.530465e-001  8.331504e-001  0.000000e+000
    outer loop
      vertex  1.812824e+001  1.516801e+001  1.500000e+000
      vertex  1.757394e+001  1.480007e+001  5.000000e+000
      vertex  1.812824e+001  1.516801e+001  5.000000e+000
    endloop
  endfacet
  facet normal -3.558207e-001  9.345542e-001  0.000000e+000
    outer loop
      vertex  1.812824e+001  1.516801e+001  1.500000e+000
      vertex  1.812824e+001  1.516801e+001  5.000000e+000
      vertex  1.875000e+001  1.540474e+001  1.500000e+000
    endloop
  endfacet
  facet normal -3.558207e-001  9.345542e-001  0.000000e+000
    outer loop
      vertex  1.875000e+001  1.540474e+001  1.500000e+000
      vertex  1.812824e+001  1.516801e+001  5.000000e+000
      vertex  1.875000e+001  1.540474e+001  5.000000e+000
    endloop
  endfacet
  facet normal  0.000000e+000  0.000000e+000  1.000000e+000
    outer loop
      vertex -7.000000e+000 -1.800000e+001  2.150000e+000
      vertex  2.664535e-015 -1.800000e+001  2.150000e+000
      vertex -7.000000e+000 -1.650000e+001  2.150000e+000
    endloop
  endfacet
  facet normal  -0.000000e+000  0.000000e+000  1.000000e+000
    outer loop
      vertex -7.000000e+000 -1.650000e+001  2.150000e+000
      vertex  2.664535e-015 -1.800000e+001  2.150000e+000
      vertex -2.664535e-015 -1.650000e+001  2.150000e+000
    endloop
  endfacet
  facet normal  0.000000e+000  0.000000e+000  1.000000e+000
    outer loop
      vertex  2.664535e-015 -1.800000e+001  2.150000e+000
      vertex  7.000000e+000 -1.800000e+001  2.150000e+000
      vertex -2.664535e-015 -1.650000e+001  2.150000e+000
    endloop
  endfacet
  facet normal  -0.000000e+000  0.000000e+000  1.000000e+000
    outer loop
      vertex -2.664535e-015 -1.650000e+001  2.150000e+000
      vertex  7.000000e+000 -1.800000e+001  2.150000e+000
      vertex  7.000000e+000 -1.650000e+001  2.150000e+000
    endloop
  endfacet
  facet normal  0.000000e+000  1.000000e+000  0.000000e+000
    outer loop
      vertex -2.950000e+001 -5.000000e+000 -1.956213e-013
      vertex -3.500000e+001 -5.000000e+000 -2.123117e-013
      vertex -2.950000e+001 -5.000000e+000  1.500000e+000
    endloop
  endfacet
  facet normal  0.000000e+000  1.000000e+000  0.000000e+000
    outer loop
      vertex -2.950000e+001 -5.000000e+000  1.500000e+000
      vertex -3.500000e+001 -5.000000e+000 -2.123117e-013
      vertex -3.350000e+001 -5.000000e+000  1.500000e+000
    endloop
  endfacet
  facet normal  0.000000e+000 -1.000000e+000  -0.000000e+000
    outer loop
      vertex -2.950000e+001  5.000000e+000 -7.105427e-015
      vertex -2.950000e+001  5.000000e+000  1.500000e+000
      vertex -3.500000e+001  5.000000e+000 -2.123117e-013
    endloop
  endfacet
  facet normal  0.000000e+000 -1.000000e+000  0.000000e+000
    outer loop
      vertex -3.500000e+001  5.000000e+000 -2.123117e-013
      vertex -2.950000e+001  5.000000e+000  1.500000e+000
      vertex -3.350000e+001  5.000000e+000  1.500000e+000
    endloop
  endfacet
  facet normal  7.071068e-001  0.000000e+000 -7.071068e-001
    outer loop
      vertex -3.500000e+001  5.000000e+000 -2.123117e-013
      vertex -3.350000e+001  5.000000e+000  1.500000e+000
      vertex -3.500000e+001 -5.000000e+000 -2.123117e-013
    endloop
  endfacet
  facet normal  7.071068e-001  0.000000e+000 -7.071068e-001
    outer loop
      vertex -3.500000e+001 -5.000000e+000 -2.123117e-013
      vertex -3.350000e+001  5.000000e+000  1.500000e+000
      vertex -3.350000e+001 -5.000000e+000  1.500000e+000
    endloop
  endfacet
  facet normal -9.337058e-001  1.227876e-001  3.363282e-001
    outer loop
      vertex -3.887434e+001  1.535567e+001  8.473494e+000
      vertex -3.892869e+001  1.414150e+001  8.765886e+000
      vertex -3.878437e+001  1.425785e+001  9.124081e+000
    endloop
  endfacet
  facet normal -9.662694e-001  6.800602e-002  2.483919e-001
    outer loop
      vertex -3.878437e+001  1.425785e+001  9.124081e+000
      vertex -3.876442e+001  1.547747e+001  8.867748e+000
      vertex -3.887434e+001  1.535567e+001  8.473494e+000
    endloop
  endfacet
  facet normal -9.571221e-001  7.448787e-002  2.799439e-001
    outer loop
      vertex -3.876442e+001  1.547747e+001  8.867748e+000
      vertex -3.878437e+001  1.425785e+001  9.124081e+000
      vertex -3.871706e+001  1.430874e+001  9.340660e+000
    endloop
  endfacet
  facet normal -9.814556e-001  3.638087e-002  1.882051e-001
    outer loop
      vertex -3.871706e+001  1.430874e+001  9.340660e+000
      vertex -3.868194e+001  1.556566e+001  9.280826e+000
      vertex -3.876442e+001  1.547747e+001  8.867748e+000
    endloop
  endfacet
  facet normal -9.665313e-001  2.057946e-001  1.531857e-001
    outer loop
      vertex -4.025035e+001  1.305676e+001  5.494341e+000
      vertex -4.037192e+001  1.269103e+001  5.218644e+000
      vertex -4.030958e+001  1.215617e+001  6.330518e+000
    endloop
  endfacet
  facet normal -9.760731e-001  1.694653e-001  1.362449e-001
    outer loop
      vertex -4.030958e+001  1.215617e+001  6.330518e+000
      vertex -4.037192e+001  1.269103e+001  5.218644e+000
      vertex -4.047435e+001  1.231162e+001  4.956747e+000
    endloop
  endfacet
  facet normal -9.642218e-001  2.244597e-001  1.410464e-001
    outer loop
      vertex -4.030958e+001  1.215617e+001  6.330518e+000
      vertex -4.047435e+001  1.231162e+001  4.956747e+000
      vertex -4.042908e+001  1.180297e+001  6.075624e+000
    endloop
  endfacet
  facet normal -9.848890e-001  1.391533e-001  1.031015e-001
    outer loop
      vertex -4.042908e+001  1.180297e+001  6.075624e+000
      vertex -4.047435e+001  1.231162e+001  4.956747e+000
      vertex -4.055568e+001  1.192007e+001  4.708277e+000
    endloop
  endfacet
  facet normal -9.767849e-001  1.859548e-001  1.063590e-001
    outer loop
      vertex -4.042908e+001  1.180297e+001  6.075624e+000
      vertex -4.055568e+001  1.192007e+001  4.708277e+000
      vertex -4.052332e+001  1.144326e+001  5.839064e+000
    endloop
  endfacet
  facet normal -9.921750e-001  1.023284e-001  7.153761e-002
    outer loop
      vertex -4.052332e+001  1.144326e+001  5.839064e+000
      vertex -4.055568e+001  1.192007e+001  4.708277e+000
      vertex -4.061411e+001  1.151802e+001  4.472990e+000
    endloop
  endfacet
  facet normal -9.872251e-001  1.414441e-001  7.334930e-002
    outer loop
      vertex -4.052332e+001  1.144326e+001  5.839064e+000
      vertex -4.061411e+001  1.151802e+001  4.472990e+000
      vertex -4.059465e+001  1.106386e+001  5.610627e+000
    endloop
  endfacet
  facet normal -9.973491e-001  6.008570e-002  4.104295e-002
    outer loop
      vertex -4.059465e+001  1.106386e+001  5.610627e+000
      vertex -4.061411e+001  1.151802e+001  4.472990e+000
      vertex -4.064800e+001  1.110730e+001  4.250740e+000
    endloop
  endfacet
  facet normal -9.950217e-001  9.041288e-002  4.192054e-002
    outer loop
      vertex -4.059465e+001  1.106386e+001  5.610627e+000
      vertex -4.064800e+001  1.110730e+001  4.250740e+000
      vertex -4.064005e+001  1.066613e+001  5.390939e+000
    endloop
  endfacet
  facet normal -9.998448e-001  1.292148e-002  1.197087e-002
    outer loop
      vertex -4.064005e+001  1.066613e+001  5.390939e+000
      vertex -4.064800e+001  1.110730e+001  4.250740e+000
      vertex -4.065590e+001  1.068989e+001  4.041453e+000
    endloop
  endfacet
  facet normal -9.993694e-001  3.330142e-002  1.232399e-002
    outer loop
      vertex -4.064005e+001  1.066613e+001  5.390939e+000
      vertex -4.065590e+001  1.068989e+001  4.041453e+000
      vertex -4.065645e+001  1.025180e+001  5.180679e+000
    endloop
  endfacet
  facet normal -9.991363e-001 -3.862003e-002 -1.533287e-002
    outer loop
      vertex -4.065645e+001  1.025180e+001  5.180679e+000
      vertex -4.065590e+001  1.068989e+001  4.041453e+000
      vertex -4.063657e+001  1.026788e+001  3.845093e+000
    endloop
  endfacet
  facet normal -9.995182e-001 -2.706528e-002 -1.519945e-002
    outer loop
      vertex -4.065645e+001  1.025180e+001  5.180679e+000
      vertex -4.063657e+001  1.026788e+001  3.845093e+000
      vertex -4.064263e+001  9.847710e+000  4.991642e+000
    endloop
  endfacet
  facet normal -9.947445e-001 -9.432635e-002 -3.982321e-002
    outer loop
      vertex -4.064263e+001  9.847710e+000  4.991642e+000
      vertex -4.063657e+001  1.026788e+001  3.845093e+000
      vertex -4.058899e+001  9.843560e+000  3.661634e+000
    endloop
  endfacet
  facet normal -9.951274e-001 -9.018444e-002 -3.985158e-002
    outer loop
      vertex -4.064263e+001  9.847710e+000  4.991642e+000
      vertex -4.058899e+001  9.843560e+000  3.661634e+000
      vertex -4.059785e+001  9.432871e+000  4.812212e+000
    endloop
  endfacet
  facet normal -9.862482e-001 -1.531034e-001 -6.224163e-002
    outer loop
      vertex -4.059785e+001  9.432871e+000  4.812212e+000
      vertex -4.058899e+001  9.843560e+000  3.661634e+000
      vertex -4.051237e+001  9.419338e+000  3.491033e+000
    endloop
  endfacet
  facet normal -9.856210e-001 -1.571212e-001 -6.215990e-002
    outer loop
      vertex -4.059785e+001  9.432871e+000  4.812212e+000
      vertex -4.051237e+001  9.419338e+000  3.491033e+000
      vertex -4.051975e+001  9.009882e+000  4.642995e+000
    endloop
  endfacet
  facet normal -9.732765e-001 -2.143366e-001 -8.241763e-002
    outer loop
      vertex -4.051975e+001  9.009882e+000  4.642995e+000
      vertex -4.051237e+001  9.419338e+000  3.491033e+000
      vertex -4.040617e+001  8.997784e+000  3.333197e+000
    endloop
  endfacet
  facet normal -9.704092e-001 -2.270984e-001 -8.205111e-002
    outer loop
      vertex -4.051975e+001  9.009882e+000  4.642995e+000
      vertex -4.040617e+001  8.997784e+000  3.333197e+000
      vertex -4.040617e+001  8.581793e+000  4.484562e+000
    endloop
  endfacet
  facet normal -9.360633e-001  2.629119e-001  2.338010e-001
    outer loop
      vertex -4.001211e+001  1.280379e+001  6.874660e+000
      vertex -4.009213e+001  1.345301e+001  5.824227e+000
      vertex -4.017173e+001  1.248586e+001  6.593117e+000
    endloop
  endfacet
  facet normal -9.559995e-001  2.267068e-001  1.861963e-001
    outer loop
      vertex -4.017173e+001  1.248586e+001  6.593117e+000
      vertex -4.009213e+001  1.345301e+001  5.824227e+000
      vertex -4.025035e+001  1.305676e+001  5.494341e+000
    endloop
  endfacet
  facet normal -9.504589e-001  2.427672e-001  1.941445e-001
    outer loop
      vertex -4.017173e+001  1.248586e+001  6.593117e+000
      vertex -4.025035e+001  1.305676e+001  5.494341e+000
      vertex -4.030958e+001  1.215617e+001  6.330518e+000
    endloop
  endfacet
  facet normal -9.525585e-001  1.108936e-001  2.834339e-001
    outer loop
      vertex -3.887434e+001  1.535567e+001  8.473494e+000
      vertex -3.899244e+001  1.521878e+001  8.130160e+000
      vertex -3.892869e+001  1.414150e+001  8.765886e+000
    endloop
  endfacet
  facet normal -9.418657e-001  1.276691e-001  3.107888e-001
    outer loop
      vertex -3.892869e+001  1.414150e+001  8.765886e+000
      vertex -3.899244e+001  1.521878e+001  8.130160e+000
      vertex -3.912096e+001  1.506179e+001  7.805148e+000
    endloop
  endfacet
  facet normal -9.110848e-001  1.910041e-001  3.652969e-001
    outer loop
      vertex -3.892869e+001  1.414150e+001  8.765886e+000
      vertex -3.912096e+001  1.506179e+001  7.805148e+000
      vertex -3.910118e+001  1.398818e+001  8.415850e+000
    endloop
  endfacet
  facet normal -9.336417e-001  1.639585e-001  3.184819e-001
    outer loop
      vertex -3.910118e+001  1.398818e+001  8.415850e+000
      vertex -3.912096e+001  1.506179e+001  7.805148e+000
      vertex -3.930532e+001  1.482028e+001  7.389044e+000
    endloop
  endfacet
  facet normal -8.993169e-001  2.346955e-001  3.689812e-001
    outer loop
      vertex -3.910118e+001  1.398818e+001  8.415850e+000
      vertex -3.930532e+001  1.482028e+001  7.389044e+000
      vertex -3.928427e+001  1.380627e+001  8.085311e+000
    endloop
  endfacet
  facet normal -9.292933e-001  1.957661e-001  3.131926e-001
    outer loop
      vertex -3.928427e+001  1.380627e+001  8.085311e+000
      vertex -3.930532e+001  1.482028e+001  7.389044e+000
      vertex -3.949377e+001  1.455019e+001  6.998703e+000
    endloop
  endfacet
  facet normal -8.966144e-001  2.653298e-001  3.545174e-001
    outer loop
      vertex -3.928427e+001  1.380627e+001  8.085311e+000
      vertex -3.949377e+001  1.455019e+001  6.998703e+000
      vertex -3.947538e+001  1.359218e+001  7.762199e+000
    endloop
  endfacet
  facet normal -9.302542e-001  2.175952e-001  2.954310e-001
    outer loop
      vertex -3.947538e+001  1.359218e+001  7.762199e+000
      vertex -3.949377e+001  1.455019e+001  6.998703e+000
      vertex -3.971001e+001  1.420414e+001  6.572659e+000
    endloop
  endfacet
  facet normal -9.007115e-001  2.875755e-001  3.256058e-001
    outer loop
      vertex -3.947538e+001  1.359218e+001  7.762199e+000
      vertex -3.971001e+001  1.420414e+001  6.572659e+000
      vertex -3.965983e+001  1.335739e+001  7.459328e+000
    endloop
  endfacet
  facet normal -9.361972e-001  2.262065e-001  2.690080e-001
    outer loop
      vertex -3.965983e+001  1.335739e+001  7.459328e+000
      vertex -3.971001e+001  1.420414e+001  6.572659e+000
      vertex -3.991567e+001  1.382766e+001  6.173514e+000
    endloop
  endfacet
  facet normal -9.095870e-001  2.977082e-001  2.898639e-001
    outer loop
      vertex -3.965983e+001  1.335739e+001  7.459328e+000
      vertex -3.991567e+001  1.382766e+001  6.173514e+000
      vertex -3.984018e+001  1.309445e+001  7.163462e+000
    endloop
  endfacet
  facet normal -9.452510e-001  2.236059e-001  2.376993e-001
    outer loop
      vertex -3.984018e+001  1.309445e+001  7.163462e+000
      vertex -3.991567e+001  1.382766e+001  6.173514e+000
      vertex -4.009213e+001  1.345301e+001  5.824227e+000
    endloop
  endfacet
  facet normal -9.217315e-001  2.945663e-001  2.522732e-001
    outer loop
      vertex -3.984018e+001  1.309445e+001  7.163462e+000
      vertex -4.009213e+001  1.345301e+001  5.824227e+000
      vertex -4.001211e+001  1.280379e+001  6.874660e+000
    endloop
  endfacet
  facet normal -9.751952e-001  3.763024e-002  2.181246e-001
    outer loop
      vertex -3.871706e+001  1.430874e+001  9.340660e+000
      vertex -3.866675e+001  1.434543e+001  9.559266e+000
      vertex -3.868194e+001  1.556566e+001  9.280826e+000
    endloop
  endfacet
  facet normal -9.901925e-001  1.924625e-002  1.383773e-001
    outer loop
      vertex -3.868194e+001  1.556566e+001  9.280826e+000
      vertex -3.866675e+001  1.434543e+001  9.559266e+000
      vertex -3.863557e+001  1.436759e+001  9.779283e+000
    endloop
  endfacet
  facet normal -9.931151e-001  1.011610e-002  1.167042e-001
    outer loop
      vertex -3.868194e+001  1.556566e+001  9.280826e+000
      vertex -3.863557e+001  1.436759e+001  9.779283e+000
      vertex -3.863953e+001  1.560998e+001  9.637862e+000
    endloop
  endfacet
  facet normal -9.988562e-001  2.250084e-003  4.776134e-002
    outer loop
      vertex -3.863953e+001  1.560998e+001  9.637862e+000
      vertex -3.863557e+001  1.436759e+001  9.779283e+000
      vertex -3.862500e+001  1.437500e+001  1.000000e+001
    endloop
  endfacet
  facet normal -9.991956e-001  0.000000e+000  4.010160e-002
    outer loop
      vertex -3.863953e+001  1.560998e+001  9.637862e+000
      vertex -3.862500e+001  1.437500e+001  1.000000e+001
      vertex -3.862500e+001  1.562500e+001  1.000000e+001
    endloop
  endfacet
  facet normal -9.792758e-001  2.010806e-001 -2.419880e-002
    outer loop
      vertex -3.734418e+001 -2.197007e+000  3.205770e+000
      vertex -3.742373e+001 -2.729803e+000  1.997629e+000
      vertex -3.752355e+001 -3.061296e+000  3.282706e+000
    endloop
  endfacet
  facet normal -9.856123e-001  1.687529e-001 -9.524904e-003
    outer loop
      vertex -3.734418e+001 -2.197007e+000  3.205770e+000
      vertex -3.730479e+001 -2.038189e+000  1.943119e+000
      vertex -3.742373e+001 -2.729803e+000  1.997629e+000
    endloop
  endfacet
  facet normal -9.907054e-001  1.353139e-001 -1.388980e-002
    outer loop
      vertex -3.730479e+001 -2.038189e+000  1.943119e+000
      vertex -3.734418e+001 -2.197007e+000  3.205770e+000
      vertex -3.722438e+001 -1.325169e+000  3.154275e+000
    endloop
  endfacet
  facet normal -9.927797e-001  1.198620e-001 -4.655382e-003
    outer loop
      vertex -3.722438e+001 -1.325169e+000  3.154275e+000
      vertex -3.722039e+001 -1.340665e+000  1.904375e+000
      vertex -3.730479e+001 -2.038189e+000  1.943119e+000
    endloop
  endfacet
  facet normal -9.760235e-001  2.167532e-001 -1.990331e-002
    outer loop
      vertex -3.742373e+001 -2.729803e+000  1.997629e+000
      vertex -3.757938e+001 -3.424166e+000  2.068841e+000
      vertex -3.752355e+001 -3.061296e+000  3.282706e+000
    endloop
  endfacet
  facet normal -9.640506e-001  2.634798e-001 -3.442234e-002
    outer loop
      vertex -3.752355e+001 -3.061296e+000  3.282706e+000
      vertex -3.757938e+001 -3.424166e+000  2.068841e+000
      vertex -3.776940e+001 -4.108078e+000  2.155585e+000
    endloop
  endfacet
  facet normal -9.635622e-001  2.650520e-001 -3.598901e-002
    outer loop
      vertex -3.752355e+001 -3.061296e+000  3.282706e+000
      vertex -3.776940e+001 -4.108078e+000  2.155585e+000
      vertex -3.775972e+001 -3.906157e+000  3.383687e+000
    endloop
  endfacet
  facet normal -9.498733e-001  3.096050e-001 -4.342213e-002
    outer loop
      vertex -3.775972e+001 -3.906157e+000  3.383687e+000
      vertex -3.776940e+001 -4.108078e+000  2.155585e+000
      vertex -3.799293e+001 -4.779610e+000  2.257354e+000
    endloop
  endfacet
  facet normal -9.460731e-001  3.197413e-001 -5.206950e-002
    outer loop
      vertex -3.775972e+001 -3.906157e+000  3.383687e+000
      vertex -3.799293e+001 -4.779610e+000  2.257354e+000
      vertex -3.798627e+001 -4.560775e+000  3.480198e+000
    endloop
  endfacet
  facet normal -9.336440e-001  3.534476e-001 -5.816910e-002
    outer loop
      vertex -3.798627e+001 -4.560775e+000  3.480198e+000
      vertex -3.799293e+001 -4.779610e+000  2.257354e+000
      vertex -3.824902e+001 -5.436960e+000  2.373571e+000
    endloop
  endfacet
  facet normal -9.281473e-001  3.657249e-001 -6.919486e-002
    outer loop
      vertex -3.798627e+001 -4.560775e+000  3.480198e+000
      vertex -3.824902e+001 -5.436960e+000  2.373571e+000
      vertex -3.824567e+001 -5.198264e+000  3.590257e+000
    endloop
  endfacet
  facet normal -9.155098e-001  3.952388e-001 -7.501987e-002
    outer loop
      vertex -3.824567e+001 -5.198264e+000  3.590257e+000
      vertex -3.824902e+001 -5.436960e+000  2.373571e+000
      vertex -3.853662e+001 -6.078449e+000  2.503584e+000
    endloop
  endfacet
  facet normal -9.081240e-001  4.092709e-001 -8.836303e-002
    outer loop
      vertex -3.824567e+001 -5.198264e+000  3.590257e+000
      vertex -3.853662e+001 -6.078449e+000  2.503584e+000
      vertex -3.853642e+001 -5.816888e+000  3.713017e+000
    endloop
  endfacet
  facet normal -8.956161e-001  4.348068e-001 -9.388766e-002
    outer loop
      vertex -3.853642e+001 -5.816888e+000  3.713017e+000
      vertex -3.853662e+001 -6.078449e+000  2.503584e+000
      vertex -3.885460e+001 -6.702523e+000  2.646675e+000
    endloop
  endfacet
  facet normal -8.862042e-001  4.501779e-001 -1.094622e-001
    outer loop
      vertex -3.853642e+001 -5.816888e+000  3.713017e+000
      vertex -3.885460e+001 -6.702523e+000  2.646675e+000
      vertex -3.885694e+001 -6.415138e+000  3.847575e+000
    endloop
  endfacet
  facet normal -8.741239e-001  4.719764e-001 -1.146552e-001
    outer loop
      vertex -3.885694e+001 -6.415138e+000  3.847575e+000
      vertex -3.885460e+001 -6.702523e+000  2.646675e+000
      vertex -3.920176e+001 -7.307748e+000  2.802059e+000
    endloop
  endfacet
  facet normal -8.625668e-001  4.883093e-001 -1.324111e-001
    outer loop
      vertex -3.885694e+001 -6.415138e+000  3.847575e+000
      vertex -3.920176e+001 -7.307748e+000  2.802059e+000
      vertex -3.920568e+001 -6.991726e+000  3.992990e+000
    endloop
  endfacet
  facet normal -8.511635e-001  5.066423e-001 -1.372384e-001
    outer loop
      vertex -3.920568e+001 -6.991726e+000  3.992990e+000
      vertex -3.920176e+001 -7.307748e+000  2.802059e+000
      vertex -3.957691e+001 -7.892811e+000  2.968890e+000
    endloop
  endfacet
  facet normal -8.373919e-001  5.235405e-001 -1.570989e-001
    outer loop
      vertex -3.920568e+001 -6.991726e+000  3.992990e+000
      vertex -3.957691e+001 -7.892811e+000  2.968890e+000
      vertex -3.958108e+001 -7.545577e+000  4.148289e+000
    endloop
  endfacet
  facet normal -8.268796e-001  5.386849e-001 -1.615205e-001
    outer loop
      vertex -3.958108e+001 -7.545577e+000  4.148289e+000
      vertex -3.957691e+001 -7.892811e+000  2.968890e+000
      vertex -3.997879e+001 -8.456516e+000  3.146258e+000
    endloop
  endfacet
  facet normal -8.108251e-001  5.557962e-001 -1.834484e-001
    outer loop
      vertex -3.958108e+001 -7.545577e+000  4.148289e+000
      vertex -3.997879e+001 -8.456516e+000  3.146258e+000
      vertex -3.998170e+001 -8.075823e+000  4.312481e+000
    endloop
  endfacet
  facet normal -8.013839e-001  5.680302e-001 -1.874185e-001
    outer loop
      vertex -3.998170e+001 -8.075823e+000  4.312481e+000
      vertex -3.997879e+001 -8.456516e+000  3.146258e+000
      vertex -4.040617e+001 -8.997784e+000  3.333197e+000
    endloop
  endfacet
  facet normal -7.830064e-001  5.850018e-001 -2.113624e-001
    outer loop
      vertex -3.998170e+001 -8.075823e+000  4.312481e+000
      vertex -4.040617e+001 -8.997784e+000  3.333197e+000
      vertex -4.040617e+001 -8.581793e+000  4.484562e+000
    endloop
  endfacet
  facet normal -8.490661e-001 -5.091115e-001 -1.410393e-001
    outer loop
      vertex -3.937801e+001  7.253558e+000  4.064428e+000
      vertex -3.921910e+001  7.336143e+000  2.809723e+000
      vertex -3.907129e+001  6.777317e+000  3.937044e+000
    endloop
  endfacet
  facet normal -8.729242e-001 -4.728796e-001 -1.199504e-001
    outer loop
      vertex -3.907129e+001  6.777317e+000  3.937044e+000
      vertex -3.921910e+001  7.336143e+000  2.809723e+000
      vertex -3.887611e+001  6.741923e+000  2.656184e+000
    endloop
  endfacet
  facet normal -8.698439e-001 -4.786795e-001 -1.193208e-001
    outer loop
      vertex -3.907129e+001  6.777317e+000  3.937044e+000
      vertex -3.887611e+001  6.741923e+000  2.656184e+000
      vertex -3.878402e+001  6.285233e+000  3.816983e+000
    endloop
  endfacet
  facet normal -8.941563e-001 -4.362819e-001 -1.007116e-001
    outer loop
      vertex -3.878402e+001  6.285233e+000  3.816983e+000
      vertex -3.887611e+001  6.741923e+000  2.656184e+000
      vertex -3.856139e+001  6.129616e+000  2.514523e+000
    endloop
  endfacet
  facet normal -8.894767e-001 -4.461884e-001 -9.872811e-002
    outer loop
      vertex -3.878402e+001  6.285233e+000  3.816983e+000
      vertex -3.856139e+001  6.129616e+000  2.514523e+000
      vertex -3.851712e+001  5.777988e+000  3.704817e+000
    endloop
  endfacet
  facet normal -9.138296e-001 -3.974375e-001 -8.342074e-002
    outer loop
      vertex -3.851712e+001  5.777988e+000  3.704817e+000
      vertex -3.856139e+001  6.129616e+000  2.514523e+000
      vertex -3.827605e+001  5.500618e+000  2.385490e+000
    endloop
  endfacet
  facet normal -9.089928e-001 -4.090435e-001 -8.009698e-002
    outer loop
      vertex -3.851712e+001  5.777988e+000  3.704817e+000
      vertex -3.827605e+001  5.500618e+000  2.385490e+000
      vertex -3.824170e+001  5.188707e+000  3.588486e+000
    endloop
  endfacet
  facet normal -9.318129e-001 -3.569013e-001 -6.592598e-002
    outer loop
      vertex -3.824170e+001  5.188707e+000  3.588486e+000
      vertex -3.827605e+001  5.500618e+000  2.385490e+000
      vertex -3.802112e+001  4.856415e+000  2.269768e+000
    endloop
  endfacet
  facet normal -9.279951e-001 -3.672837e-001 -6.267127e-002
    outer loop
      vertex -3.824170e+001  5.188707e+000  3.588486e+000
      vertex -3.802112e+001  4.856415e+000  2.269768e+000
      vertex -3.799467e+001  4.582458e+000  3.483677e+000
    endloop
  endfacet
  facet normal -9.479614e-001 -3.143871e-001 -5.029847e-002
    outer loop
      vertex -3.799467e+001  4.582458e+000  3.483677e+000
      vertex -3.802112e+001  4.856415e+000  2.269768e+000
      vertex -3.779755e+001  4.198584e+000  2.167973e+000
    endloop
  endfacet
  facet normal -9.450995e-001 -3.233476e-001 -4.725538e-002
    outer loop
      vertex -3.799467e+001  4.582458e+000  3.483677e+000
      vertex -3.779755e+001  4.198584e+000  2.167973e+000
      vertex -3.777734e+001  3.960746e+000  3.391114e+000
    endloop
  endfacet
  facet normal -9.621473e-001 -2.700596e-001 -3.661187e-002
    outer loop
      vertex -3.777734e+001  3.960746e+000  3.391114e+000
      vertex -3.779755e+001  4.198584e+000  2.167973e+000
      vertex -3.760623e+001  3.528780e+000  2.080650e+000
    endloop
  endfacet
  facet normal -9.601505e-001 -2.774166e-001 -3.392608e-002
    outer loop
      vertex -3.777734e+001  3.960746e+000  3.391114e+000
      vertex -3.760623e+001  3.528780e+000  2.080650e+000
      vertex -3.759092e+001  3.325264e+000  3.311470e+000
    endloop
  endfacet
  facet normal -9.742372e-001 -2.241423e-001 -2.494191e-002
    outer loop
      vertex -3.759092e+001  3.325264e+000  3.311470e+000
      vertex -3.760623e+001  3.528780e+000  2.080650e+000
      vertex -3.744792e+001  2.848739e+000  2.008271e+000
    endloop
  endfacet
  facet normal -9.729901e-001 -2.297215e-001 -2.276502e-002
    outer loop
      vertex -3.759092e+001  3.325264e+000  3.311470e+000
      vertex -3.744792e+001  2.848739e+000  2.008271e+000
      vertex -3.743652e+001  2.677885e+000  3.245345e+000
    endloop
  endfacet
  facet normal -9.841162e-001 -1.768599e-001 -1.536177e-002
    outer loop
      vertex -3.743652e+001  2.677885e+000  3.245345e+000
      vertex -3.744792e+001  2.848739e+000  2.008271e+000
      vertex -3.732330e+001  2.160268e+000  1.951234e+000
    endloop
  endfacet
  facet normal -9.834719e-001 -1.805305e-001 -1.383722e-002
    outer loop
      vertex -3.743652e+001  2.677885e+000  3.245345e+000
      vertex -3.732330e+001  2.160268e+000  1.951234e+000
      vertex -3.731515e+001  2.020660e+000  3.193261e+000
    endloop
  endfacet
  facet normal -9.916816e-001 -1.284707e-001 -7.931657e-003
    outer loop
      vertex -3.731515e+001  2.020660e+000  3.193261e+000
      vertex -3.732330e+001  2.160268e+000  1.951234e+000
      vertex -3.723293e+001  1.465244e+000  1.909854e+000
    endloop
  endfacet
  facet normal -9.914721e-001 -1.301198e-001 -7.204565e-003
    outer loop
      vertex -3.731515e+001  2.020660e+000  3.193261e+000
      vertex -3.723293e+001  1.465244e+000  1.909854e+000
      vertex -3.722762e+001  1.355805e+000  3.155647e+000
    endloop
  endfacet
  facet normal -9.968506e-001 -7.925572e-002 -2.713390e-003
    outer loop
      vertex -3.722762e+001  1.355805e+000  3.155647e+000
      vertex -3.723293e+001  1.465244e+000  1.909854e+000
      vertex -3.717723e+001  7.656094e-001  1.884369e+000
    endloop
  endfacet
  facet normal -9.968836e-001 -7.883267e-002 -2.911100e-003
    outer loop
      vertex -3.722762e+001  1.355805e+000  3.155647e+000
      vertex -3.717723e+001  7.656094e-001  1.884369e+000
      vertex -3.717456e+001  6.856914e-001  3.132826e+000
    endloop
  endfacet
  facet normal -9.995649e-001 -2.949805e-002  2.527226e-004
    outer loop
      vertex -3.717456e+001  6.856914e-001  3.132826e+000
      vertex -3.717723e+001  7.656094e-001  1.884369e+000
      vertex -3.715651e+001  6.336620e-002  1.874932e+000
    endloop
  endfacet
  facet normal -9.995127e-001 -3.119460e-002  1.092814e-003
    outer loop
      vertex -3.717456e+001  6.856914e-001  3.132826e+000
      vertex -3.715651e+001  6.336620e-002  1.874932e+000
      vertex -3.715693e+001  1.206123e-001  3.125242e+000
    endloop
  endfacet
  facet normal -9.997900e-001  2.045765e-002 -1.272204e-003
    outer loop
      vertex -3.715693e+001  1.206123e-001  3.125242e+000
      vertex -3.715651e+001  6.336620e-002  1.874932e+000
      vertex -3.717090e+001 -6.394283e-001  1.881608e+000
    endloop
  endfacet
  facet normal -9.999150e-001  1.253732e-002  3.569670e-003
    outer loop
      vertex -3.715693e+001  1.206123e-001  3.125242e+000
      vertex -3.717090e+001 -6.394283e-001  1.881608e+000
      vertex -3.716401e+001 -4.449289e-001  3.128294e+000
    endloop
  endfacet
  facet normal -9.975166e-001  7.022056e-002 -5.442926e-003
    outer loop
      vertex -3.716401e+001 -4.449289e-001  3.128294e+000
      vertex -3.717090e+001 -6.394283e-001  1.881608e+000
      vertex -3.722039e+001 -1.340665e+000  1.904375e+000
    endloop
  endfacet
  facet normal -9.976567e-001  6.830110e-002 -4.031704e-003
    outer loop
      vertex -3.716401e+001 -4.449289e-001  3.128294e+000
      vertex -3.722039e+001 -1.340665e+000  1.904375e+000
      vertex -3.722438e+001 -1.325169e+000  3.154275e+000
    endloop
  endfacet
  facet normal -8.011826e-001 -5.628119e-001 -2.033451e-001
    outer loop
      vertex -3.998534e+001  8.465221e+000  3.149130e+000
      vertex -4.040617e+001  8.581793e+000  4.484562e+000
      vertex -4.040617e+001  8.997784e+000  3.333197e+000
    endloop
  endfacet
  facet normal -7.808139e-001 -5.938081e-001 -1.942207e-001
    outer loop
      vertex -4.040617e+001  8.581793e+000  4.484562e+000
      vertex -3.998534e+001  8.465221e+000  3.149130e+000
      vertex -4.004628e+001  8.156247e+000  4.338792e+000
    endloop
  endfacet
  facet normal -8.262652e-001 -5.334516e-001 -1.808735e-001
    outer loop
      vertex -4.004628e+001  8.156247e+000  4.338792e+000
      vertex -3.998534e+001  8.465221e+000  3.149130e+000
      vertex -3.958924e+001  7.910976e+000  2.974329e+000
    endloop
  endfacet
  facet normal -8.044204e-001 -5.701141e-001 -1.669661e-001
    outer loop
      vertex -4.004628e+001  8.156247e+000  4.338792e+000
      vertex -3.958924e+001  7.910976e+000  2.974329e+000
      vertex -3.970329e+001  7.713367e+000  4.198544e+000
    endloop
  endfacet
  facet normal -8.501647e-001 -5.015654e-001 -1.601627e-001
    outer loop
      vertex -3.970329e+001  7.713367e+000  4.198544e+000
      vertex -3.958924e+001  7.910976e+000  2.974329e+000
      vertex -3.921910e+001  7.336143e+000  2.809723e+000
    endloop
  endfacet
  facet normal -8.271317e-001 -5.441450e-001 -1.405674e-001
    outer loop
      vertex -3.970329e+001  7.713367e+000  4.198544e+000
      vertex -3.921910e+001  7.336143e+000  2.809723e+000
      vertex -3.937801e+001  7.253558e+000  4.064428e+000
    endloop
  endfacet
  facet normal  -0.000000e+000  9.499243e-003  9.999549e-001
    outer loop
      vertex -3.715651e+001  6.336620e-002  1.874932e+000
      vertex -3.842090e+001 -6.394283e-001  1.881608e+000
      vertex -3.717090e+001 -6.394283e-001  1.881608e+000
    endloop
  endfacet
  facet normal  0.000000e+000  3.244991e-002  9.994733e-001
    outer loop
      vertex -3.717090e+001 -6.394283e-001  1.881608e+000
      vertex -3.842090e+001 -6.394283e-001  1.881608e+000
      vertex -3.847039e+001 -1.340665e+000  1.904375e+000
    endloop
  endfacet
  facet normal  -0.000000e+000  3.244991e-002  9.994733e-001
    outer loop
      vertex -3.717090e+001 -6.394283e-001  1.881608e+000
      vertex -3.847039e+001 -1.340665e+000  1.904375e+000
      vertex -3.722039e+001 -1.340665e+000  1.904375e+000
    endloop
  endfacet
  facet normal  0.000000e+000  5.545849e-002  9.984611e-001
    outer loop
      vertex -3.722039e+001 -1.340665e+000  1.904375e+000
      vertex -3.847039e+001 -1.340665e+000  1.904375e+000
      vertex -3.855479e+001 -2.038189e+000  1.943119e+000
    endloop
  endfacet
  facet normal  -0.000000e+000  5.545849e-002  9.984611e-001
    outer loop
      vertex -3.722039e+001 -1.340665e+000  1.904375e+000
      vertex -3.855479e+001 -2.038189e+000  1.943119e+000
      vertex -3.730479e+001 -2.038189e+000  1.943119e+000
    endloop
  endfacet
  facet normal  0.000000e+000  7.857271e-002  9.969084e-001
    outer loop
      vertex -3.730479e+001 -2.038189e+000  1.943119e+000
      vertex -3.855479e+001 -2.038189e+000  1.943119e+000
      vertex -3.867373e+001 -2.729803e+000  1.997629e+000
    endloop
  endfacet
  facet normal  -0.000000e+000  7.857271e-002  9.969084e-001
    outer loop
      vertex -3.730479e+001 -2.038189e+000  1.943119e+000
      vertex -3.867373e+001 -2.729803e+000  1.997629e+000
      vertex -3.742373e+001 -2.729803e+000  1.997629e+000
    endloop
  endfacet
  facet normal  0.000000e+000  1.020220e-001  9.947822e-001
    outer loop
      vertex -3.742373e+001 -2.729803e+000  1.997629e+000
      vertex -3.867373e+001 -2.729803e+000  1.997629e+000
      vertex -3.882938e+001 -3.424166e+000  2.068841e+000
    endloop
  endfacet
  facet normal  -0.000000e+000  1.020220e-001  9.947822e-001
    outer loop
      vertex -3.742373e+001 -2.729803e+000  1.997629e+000
      vertex -3.882938e+001 -3.424166e+000  2.068841e+000
      vertex -3.757938e+001 -3.424166e+000  2.068841e+000
    endloop
  endfacet
  facet normal  0.000000e+000  1.258263e-001  9.920523e-001
    outer loop
      vertex -3.757938e+001 -3.424166e+000  2.068841e+000
      vertex -3.882938e+001 -3.424166e+000  2.068841e+000
      vertex -3.901940e+001 -4.108078e+000  2.155585e+000
    endloop
  endfacet
  facet normal  -0.000000e+000  1.258263e-001  9.920523e-001
    outer loop
      vertex -3.757938e+001 -3.424166e+000  2.068841e+000
      vertex -3.901940e+001 -4.108078e+000  2.155585e+000
      vertex -3.776940e+001 -4.108078e+000  2.155585e+000
    endloop
  endfacet
  facet normal  0.000000e+000  1.498377e-001  9.887106e-001
    outer loop
      vertex -3.776940e+001 -4.108078e+000  2.155585e+000
      vertex -3.901940e+001 -4.108078e+000  2.155585e+000
      vertex -3.924293e+001 -4.779610e+000  2.257354e+000
    endloop
  endfacet
  facet normal  -0.000000e+000  1.498377e-001  9.887106e-001
    outer loop
      vertex -3.776940e+001 -4.108078e+000  2.155585e+000
      vertex -3.924293e+001 -4.779610e+000  2.257354e+000
      vertex -3.799293e+001 -4.779610e+000  2.257354e+000
    endloop
  endfacet
  facet normal  0.000000e+000  1.740956e-001  9.847288e-001
    outer loop
      vertex -3.799293e+001 -4.779610e+000  2.257354e+000
      vertex -3.924293e+001 -4.779610e+000  2.257354e+000
      vertex -3.949902e+001 -5.436960e+000  2.373571e+000
    endloop
  endfacet
  facet normal  -0.000000e+000  1.740956e-001  9.847288e-001
    outer loop
      vertex -3.799293e+001 -4.779610e+000  2.257354e+000
      vertex -3.949902e+001 -5.436960e+000  2.373571e+000
      vertex -3.824902e+001 -5.436960e+000  2.373571e+000
    endloop
  endfacet
  facet normal  0.000000e+000  1.986355e-001  9.800734e-001
    outer loop
      vertex -3.824902e+001 -5.436960e+000  2.373571e+000
      vertex -3.949902e+001 -5.436960e+000  2.373571e+000
      vertex -3.978662e+001 -6.078449e+000  2.503584e+000
    endloop
  endfacet
  facet normal  -0.000000e+000  1.986355e-001  9.800734e-001
    outer loop
      vertex -3.824902e+001 -5.436960e+000  2.373571e+000
      vertex -3.978662e+001 -6.078449e+000  2.503584e+000
      vertex -3.853662e+001 -6.078449e+000  2.503584e+000
    endloop
  endfacet
  facet normal  0.000000e+000  2.234860e-001  9.747072e-001
    outer loop
      vertex -3.853662e+001 -6.078449e+000  2.503584e+000
      vertex -3.978662e+001 -6.078449e+000  2.503584e+000
      vertex -4.010460e+001 -6.702523e+000  2.646675e+000
    endloop
  endfacet
  facet normal  -0.000000e+000  2.234860e-001  9.747072e-001
    outer loop
      vertex -3.853662e+001 -6.078449e+000  2.503584e+000
      vertex -4.010460e+001 -6.702523e+000  2.646675e+000
      vertex -3.885460e+001 -6.702523e+000  2.646675e+000
    endloop
  endfacet
  facet normal  0.000000e+000  2.486734e-001  9.685874e-001
    outer loop
      vertex -3.885460e+001 -6.702523e+000  2.646675e+000
      vertex -4.010460e+001 -6.702523e+000  2.646675e+000
      vertex -4.045176e+001 -7.307748e+000  2.802059e+000
    endloop
  endfacet
  facet normal  -0.000000e+000  2.486734e-001  9.685874e-001
    outer loop
      vertex -3.885460e+001 -6.702523e+000  2.646675e+000
      vertex -4.045176e+001 -7.307748e+000  2.802059e+000
      vertex -3.920176e+001 -7.307748e+000  2.802059e+000
    endloop
  endfacet
  facet normal  0.000000e+000  2.742190e-001  9.616673e-001
    outer loop
      vertex -3.920176e+001 -7.307748e+000  2.802059e+000
      vertex -4.045176e+001 -7.307748e+000  2.802059e+000
      vertex -4.082691e+001 -7.892811e+000  2.968890e+000
    endloop
  endfacet
  facet normal  -0.000000e+000  2.742190e-001  9.616673e-001
    outer loop
      vertex -3.920176e+001 -7.307748e+000  2.802059e+000
      vertex -4.082691e+001 -7.892811e+000  2.968890e+000
      vertex -3.957691e+001 -7.892811e+000  2.968890e+000
    endloop
  endfacet
  facet normal  0.000000e+000  3.001398e-001  9.538952e-001
    outer loop
      vertex -3.957691e+001 -7.892811e+000  2.968890e+000
      vertex -4.082691e+001 -7.892811e+000  2.968890e+000
      vertex -4.122879e+001 -8.456516e+000  3.146258e+000
    endloop
  endfacet
  facet normal  -0.000000e+000  3.001398e-001  9.538952e-001
    outer loop
      vertex -3.957691e+001 -7.892811e+000  2.968890e+000
      vertex -4.122879e+001 -8.456516e+000  3.146258e+000
      vertex -3.997879e+001 -8.456516e+000  3.146258e+000
    endloop
  endfacet
  facet normal  0.000000e+000  3.264512e-001  9.452142e-001
    outer loop
      vertex -3.997879e+001 -8.456516e+000  3.146258e+000
      vertex -4.122879e+001 -8.456516e+000  3.146258e+000
      vertex -4.165617e+001 -8.997784e+000  3.333197e+000
    endloop
  endfacet
  facet normal  -0.000000e+000  3.264512e-001  9.452142e-001
    outer loop
      vertex -3.997879e+001 -8.456516e+000  3.146258e+000
      vertex -4.165617e+001 -8.997784e+000  3.333197e+000
      vertex -4.040617e+001 -8.997784e+000  3.333197e+000
    endloop
  endfacet
  facet normal  0.000000e+000  9.499243e-003  9.999549e-001
    outer loop
      vertex -3.842090e+001 -6.394283e-001  1.881608e+000
      vertex -3.715651e+001  6.336620e-002  1.874932e+000
      vertex -3.840651e+001  6.336620e-002  1.874932e+000
    endloop
  endfacet
  facet normal  0.000000e+000 -1.343761e-002  9.999097e-001
    outer loop
      vertex -3.840651e+001  6.336620e-002  1.874932e+000
      vertex -3.715651e+001  6.336620e-002  1.874932e+000
      vertex -3.717723e+001  7.656094e-001  1.884369e+000
    endloop
  endfacet
  facet normal  0.000000e+000 -1.343761e-002  9.999097e-001
    outer loop
      vertex -3.840651e+001  6.336620e-002  1.874932e+000
      vertex -3.717723e+001  7.656094e-001  1.884369e+000
      vertex -3.842723e+001  7.656094e-001  1.884369e+000
    endloop
  endfacet
  facet normal  0.000000e+000 -3.640191e-002  9.993372e-001
    outer loop
      vertex -3.842723e+001  7.656094e-001  1.884369e+000
      vertex -3.717723e+001  7.656094e-001  1.884369e+000
      vertex -3.723293e+001  1.465244e+000  1.909854e+000
    endloop
  endfacet
  facet normal  0.000000e+000 -3.640191e-002  9.993372e-001
    outer loop
      vertex -3.842723e+001  7.656094e-001  1.884369e+000
      vertex -3.723293e+001  1.465244e+000  1.909854e+000
      vertex -3.848293e+001  1.465244e+000  1.909854e+000
    endloop
  endfacet
  facet normal  0.000000e+000 -5.943168e-002  9.982324e-001
    outer loop
      vertex -3.848293e+001  1.465244e+000  1.909854e+000
      vertex -3.723293e+001  1.465244e+000  1.909854e+000
      vertex -3.732330e+001  2.160268e+000  1.951234e+000
    endloop
  endfacet
  facet normal  0.000000e+000 -5.943168e-002  9.982324e-001
    outer loop
      vertex -3.848293e+001  1.465244e+000  1.909854e+000
      vertex -3.732330e+001  2.160268e+000  1.951234e+000
      vertex -3.857330e+001  2.160268e+000  1.951234e+000
    endloop
  endfacet
  facet normal  0.000000e+000 -8.256406e-002  9.965858e-001
    outer loop
      vertex -3.857330e+001  2.160268e+000  1.951234e+000
      vertex -3.732330e+001  2.160268e+000  1.951234e+000
      vertex -3.744792e+001  2.848739e+000  2.008271e+000
    endloop
  endfacet
  facet normal  0.000000e+000 -8.256406e-002  9.965858e-001
    outer loop
      vertex -3.857330e+001  2.160268e+000  1.951234e+000
      vertex -3.744792e+001  2.848739e+000  2.008271e+000
      vertex -3.869792e+001  2.848739e+000  2.008271e+000
    endloop
  endfacet
  facet normal  0.000000e+000 -1.058345e-001  9.943838e-001
    outer loop
      vertex -3.869792e+001  2.848739e+000  2.008271e+000
      vertex -3.744792e+001  2.848739e+000  2.008271e+000
      vertex -3.760623e+001  3.528780e+000  2.080650e+000
    endloop
  endfacet
  facet normal  0.000000e+000 -1.058345e-001  9.943838e-001
    outer loop
      vertex -3.869792e+001  2.848739e+000  2.008271e+000
      vertex -3.760623e+001  3.528780e+000  2.080650e+000
      vertex -3.885623e+001  3.528780e+000  2.080650e+000
    endloop
  endfacet
  facet normal  0.000000e+000 -1.292766e-001  9.916085e-001
    outer loop
      vertex -3.885623e+001  3.528780e+000  2.080650e+000
      vertex -3.760623e+001  3.528780e+000  2.080650e+000
      vertex -3.779755e+001  4.198584e+000  2.167973e+000
    endloop
  endfacet
  facet normal  0.000000e+000 -1.292766e-001  9.916085e-001
    outer loop
      vertex -3.885623e+001  3.528780e+000  2.080650e+000
      vertex -3.779755e+001  4.198584e+000  2.167973e+000
      vertex -3.904755e+001  4.198584e+000  2.167973e+000
    endloop
  endfacet
  facet normal  0.000000e+000 -1.529232e-001  9.882381e-001
    outer loop
      vertex -3.904755e+001  4.198584e+000  2.167973e+000
      vertex -3.779755e+001  4.198584e+000  2.167973e+000
      vertex -3.802112e+001  4.856415e+000  2.269768e+000
    endloop
  endfacet
  facet normal  0.000000e+000 -1.529232e-001  9.882381e-001
    outer loop
      vertex -3.904755e+001  4.198584e+000  2.167973e+000
      vertex -3.802112e+001  4.856415e+000  2.269768e+000
      vertex -3.927112e+001  4.856415e+000  2.269768e+000
    endloop
  endfacet
  facet normal  0.000000e+000 -1.768064e-001  9.842457e-001
    outer loop
      vertex -3.927112e+001  4.856415e+000  2.269768e+000
      vertex -3.802112e+001  4.856415e+000  2.269768e+000
      vertex -3.827605e+001  5.500618e+000  2.385490e+000
    endloop
  endfacet
  facet normal  0.000000e+000 -1.768064e-001  9.842457e-001
    outer loop
      vertex -3.927112e+001  4.856415e+000  2.269768e+000
      vertex -3.827605e+001  5.500618e+000  2.385490e+000
      vertex -3.952605e+001  5.500618e+000  2.385490e+000
    endloop
  endfacet
  facet normal  0.000000e+000 -2.009558e-001  9.796003e-001
    outer loop
      vertex -3.952605e+001  5.500618e+000  2.385490e+000
      vertex -3.827605e+001  5.500618e+000  2.385490e+000
      vertex -3.856139e+001  6.129616e+000  2.514523e+000
    endloop
  endfacet
  facet normal  0.000000e+000 -2.009558e-001  9.796003e-001
    outer loop
      vertex -3.952605e+001  5.500618e+000  2.385490e+000
      vertex -3.856139e+001  6.129616e+000  2.514523e+000
      vertex -3.981139e+001  6.129616e+000  2.514523e+000
    endloop
  endfacet
  facet normal  0.000000e+000 -2.254021e-001  9.742658e-001
    outer loop
      vertex -3.981139e+001  6.129616e+000  2.514523e+000
      vertex -3.856139e+001  6.129616e+000  2.514523e+000
      vertex -3.887611e+001  6.741923e+000  2.656184e+000
    endloop
  endfacet
  facet normal  0.000000e+000 -2.254021e-001  9.742658e-001
    outer loop
      vertex -3.981139e+001  6.129616e+000  2.514523e+000
      vertex -3.887611e+001  6.741923e+000  2.656184e+000
      vertex -4.012611e+001  6.741923e+000  2.656184e+000
    endloop
  endfacet
  facet normal  0.000000e+000 -2.501710e-001  9.682017e-001
    outer loop
      vertex -4.012611e+001  6.741923e+000  2.656184e+000
      vertex -3.887611e+001  6.741923e+000  2.656184e+000
      vertex -3.921910e+001  7.336143e+000  2.809723e+000
    endloop
  endfacet
  facet normal  0.000000e+000 -2.501710e-001  9.682017e-001
    outer loop
      vertex -4.012611e+001  6.741923e+000  2.656184e+000
      vertex -3.921910e+001  7.336143e+000  2.809723e+000
      vertex -4.046910e+001  7.336143e+000  2.809723e+000
    endloop
  endfacet
  facet normal  0.000000e+000 -2.752899e-001  9.613612e-001
    outer loop
      vertex -4.046910e+001  7.336143e+000  2.809723e+000
      vertex -3.921910e+001  7.336143e+000  2.809723e+000
      vertex -3.958924e+001  7.910976e+000  2.974329e+000
    endloop
  endfacet
  facet normal  0.000000e+000 -2.752899e-001  9.613612e-001
    outer loop
      vertex -4.046910e+001  7.336143e+000  2.809723e+000
      vertex -3.958924e+001  7.910976e+000  2.974329e+000
      vertex -4.083924e+001  7.910976e+000  2.974329e+000
    endloop
  endfacet
  facet normal  0.000000e+000 -3.007814e-001  9.536930e-001
    outer loop
      vertex -4.083924e+001  7.910976e+000  2.974329e+000
      vertex -3.958924e+001  7.910976e+000  2.974329e+000
      vertex -3.998534e+001  8.465221e+000  3.149130e+000
    endloop
  endfacet
  facet normal  0.000000e+000 -3.007814e-001  9.536930e-001
    outer loop
      vertex -4.083924e+001  7.910976e+000  2.974329e+000
      vertex -3.998534e+001  8.465221e+000  3.149130e+000
      vertex -4.123534e+001  8.465221e+000  3.149130e+000
    endloop
  endfacet
  facet normal  0.000000e+000 -3.266644e-001  9.451404e-001
    outer loop
      vertex -4.123534e+001  8.465221e+000  3.149130e+000
      vertex -3.998534e+001  8.465221e+000  3.149130e+000
      vertex -4.040617e+001  8.997784e+000  3.333197e+000
    endloop
  endfacet
  facet normal  0.000000e+000 -3.266644e-001  9.451404e-001
    outer loop
      vertex -4.123534e+001  8.465221e+000  3.149130e+000
      vertex -4.040617e+001  8.997784e+000  3.333197e+000
      vertex -4.165617e+001  8.997784e+000  3.333197e+000
    endloop
  endfacet
  facet normal  9.942255e-001 -1.061695e-001  1.560930e-002
    outer loop
      vertex -3.847039e+001 -1.340665e+000  1.904375e+000
      vertex -3.844307e+001 -9.948208e-001  2.516513e+000
      vertex -3.853940e+001 -1.890527e+000  2.559807e+000
    endloop
  endfacet
  facet normal  9.974976e-001 -7.054731e-002 -4.662515e-003
    outer loop
      vertex -3.844307e+001 -9.948208e-001  2.516513e+000
      vertex -3.847039e+001 -1.340665e+000  1.904375e+000
      vertex -3.842090e+001 -6.394283e-001  1.881608e+000
    endloop
  endfacet
  facet normal  9.987921e-001 -4.852940e-002  7.707372e-003
    outer loop
      vertex -3.842090e+001 -6.394283e-001  1.881608e+000
      vertex -3.841015e+001 -3.197017e-001  2.501704e+000
      vertex -3.844307e+001 -9.948208e-001  2.516513e+000
    endloop
  endfacet
  facet normal  9.997664e-001 -2.053333e-002 -6.744536e-003
    outer loop
      vertex -3.841015e+001 -3.197017e-001  2.501704e+000
      vertex -3.842090e+001 -6.394283e-001  1.881608e+000
      vertex -3.840651e+001  6.336620e-002  1.874932e+000
    endloop
  endfacet
  facet normal  9.999769e-001  1.367088e-003  6.641690e-003
    outer loop
      vertex -3.840651e+001  6.336620e-002  1.874932e+000
      vertex -3.841108e+001  3.563394e-001  2.502117e+000
      vertex -3.841015e+001 -3.197017e-001  2.501704e+000
    endloop
  endfacet
  facet normal  9.995410e-001  2.958185e-002 -6.541284e-003
    outer loop
      vertex -3.841108e+001  3.563394e-001  2.502117e+000
      vertex -3.840651e+001  6.336620e-002  1.874932e+000
      vertex -3.842723e+001  7.656094e-001  1.884369e+000
    endloop
  endfacet
  facet normal  9.986551e-001  5.125070e-002  7.837924e-003
    outer loop
      vertex -3.842723e+001  7.656094e-001  1.884369e+000
      vertex -3.844582e+001  1.030893e+000  2.517733e+000
      vertex -3.841108e+001  3.563394e-001  2.502117e+000
    endloop
  endfacet
  facet normal  9.968266e-001  7.950009e-002 -4.047930e-003
    outer loop
      vertex -3.844582e+001  1.030893e+000  2.517733e+000
      vertex -3.842723e+001  7.656094e-001  1.884369e+000
      vertex -3.848293e+001  1.465244e+000  1.909854e+000
    endloop
  endfacet
  facet normal  9.948461e-001  1.007686e-001  1.127006e-002
    outer loop
      vertex -3.848293e+001  1.465244e+000  1.909854e+000
      vertex -3.851411e+001  1.701629e+000  2.548415e+000
      vertex -3.844582e+001  1.030893e+000  2.517733e+000
    endloop
  endfacet
  facet normal  9.916576e-001  1.288981e-001  7.012630e-004
    outer loop
      vertex -3.851411e+001  1.701629e+000  2.548415e+000
      vertex -3.848293e+001  1.465244e+000  1.909854e+000
      vertex -3.857330e+001  2.160268e+000  1.951234e+000
    endloop
  endfacet
  facet normal  9.927780e-001 -1.199017e-001  3.936523e-003
    outer loop
      vertex -3.847039e+001 -1.340665e+000  1.904375e+000
      vertex -3.853940e+001 -1.890527e+000  2.559807e+000
      vertex -3.855479e+001 -2.038189e+000  1.943119e+000
    endloop
  endfacet
  facet normal  9.850291e-001 -1.715953e-001  1.650761e-002
    outer loop
      vertex -3.855479e+001 -2.038189e+000  1.943119e+000
      vertex -3.853940e+001 -1.890527e+000  2.559807e+000
      vertex -3.869457e+001 -2.774574e+000  2.629421e+000
    endloop
  endfacet
  facet normal  9.855927e-001 -1.678755e-001  2.061365e-002
    outer loop
      vertex -3.855479e+001 -2.038189e+000  1.943119e+000
      vertex -3.869457e+001 -2.774574e+000  2.629421e+000
      vertex -3.867373e+001 -2.729803e+000  1.997629e+000
    endloop
  endfacet
  facet normal  9.730739e-001 -2.299508e-001  1.580187e-002
    outer loop
      vertex -3.867373e+001 -2.729803e+000  1.997629e+000
      vertex -3.869457e+001 -2.774574e+000  2.629421e+000
      vertex -3.886147e+001 -3.475707e+000  2.704120e+000
    endloop
  endfacet
  facet normal  9.759806e-001 -2.155228e-001  3.180724e-002
    outer loop
      vertex -3.867373e+001 -2.729803e+000  1.997629e+000
      vertex -3.886147e+001 -3.475707e+000  2.704120e+000
      vertex -3.882938e+001 -3.424166e+000  2.068841e+000
    endloop
  endfacet
  facet normal  9.597083e-001 -2.798137e-001  2.576937e-002
    outer loop
      vertex -3.882938e+001 -3.424166e+000  2.068841e+000
      vertex -3.886147e+001 -3.475707e+000  2.704120e+000
      vertex -3.906438e+001 -4.163302e+000  2.794674e+000
    endloop
  endfacet
  facet normal  9.639832e-001 -2.620945e-001  4.519746e-002
    outer loop
      vertex -3.882938e+001 -3.424166e+000  2.068841e+000
      vertex -3.906438e+001 -4.163302e+000  2.794674e+000
      vertex -3.901940e+001 -4.108078e+000  2.155585e+000
    endloop
  endfacet
  facet normal  9.439101e-001 -3.279984e-001  3.808993e-002
    outer loop
      vertex -3.901940e+001 -4.108078e+000  2.155585e+000
      vertex -3.906438e+001 -4.163302e+000  2.794674e+000
      vertex -3.930378e+001 -4.839879e+000  2.901134e+000
    endloop
  endfacet
  facet normal  9.497810e-001 -3.069054e-001  6.103331e-002
    outer loop
      vertex -3.901940e+001 -4.108078e+000  2.155585e+000
      vertex -3.930378e+001 -4.839879e+000  2.901134e+000
      vertex -3.924293e+001 -4.779610e+000  2.257354e+000
    endloop
  endfacet
  facet normal  9.258311e-001 -3.742785e-001  5.246248e-002
    outer loop
      vertex -3.924293e+001 -4.779610e+000  2.257354e+000
      vertex -3.930378e+001 -4.839879e+000  2.901134e+000
      vertex -3.957685e+001 -5.498430e+000  3.022048e+000
    endloop
  endfacet
  facet normal  9.335208e-001 -3.497361e-001  7.889044e-002
    outer loop
      vertex -3.924293e+001 -4.779610e+000  2.257354e+000
      vertex -3.957685e+001 -5.498430e+000  3.022048e+000
      vertex -3.949902e+001 -5.436960e+000  2.373571e+000
    endloop
  endfacet
  facet normal  9.057628e-001 -4.181174e-001  6.907690e-002
    outer loop
      vertex -3.949902e+001 -5.436960e+000  2.373571e+000
      vertex -3.957685e+001 -5.498430e+000  3.022048e+000
      vertex -3.988090e+001 -6.134948e+000  3.155980e+000
    endloop
  endfacet
  facet normal  9.153566e-001 -3.904173e-001  9.847058e-002
    outer loop
      vertex -3.949902e+001 -5.436960e+000  2.373571e+000
      vertex -3.988090e+001 -6.134948e+000  3.155980e+000
      vertex -3.978662e+001 -6.078449e+000  2.503584e+000
    endloop
  endfacet
  facet normal  8.839132e-001 -4.593043e-001  8.796079e-002
    outer loop
      vertex -3.978662e+001 -6.078449e+000  2.503584e+000
      vertex -3.988090e+001 -6.134948e+000  3.155980e+000
      vertex -4.021522e+001 -6.750300e+000  3.302361e+000
    endloop
  endfacet
  facet normal  8.954334e-001 -4.287661e-001  1.198279e-001
    outer loop
      vertex -3.978662e+001 -6.078449e+000  2.503584e+000
      vertex -4.021522e+001 -6.750300e+000  3.302361e+000
      vertex -4.010460e+001 -6.702523e+000  2.646675e+000
    endloop
  endfacet
  facet normal  8.604278e-001 -4.978018e-001  1.088916e-001
    outer loop
      vertex -4.010460e+001 -6.702523e+000  2.646675e+000
      vertex -4.021522e+001 -6.750300e+000  3.302361e+000
      vertex -4.057823e+001 -7.343225e+000  3.460179e+000
    endloop
  endfacet
  facet normal  8.739129e-001 -4.646073e-001  1.428864e-001
    outer loop
      vertex -4.010460e+001 -6.702523e+000  2.646675e+000
      vertex -4.057823e+001 -7.343225e+000  3.460179e+000
      vertex -4.045176e+001 -7.307748e+000  2.802059e+000
    endloop
  endfacet
  facet normal  8.354726e-001 -5.334960e-001  1.317861e-001
    outer loop
      vertex -4.045176e+001 -7.307748e+000  2.802059e+000
      vertex -4.057823e+001 -7.343225e+000  3.460179e+000
      vertex -4.096840e+001 -7.912693e+000  3.628397e+000
    endloop
  endfacet
  facet normal  8.509265e-001 -4.978485e-001  1.675448e-001
    outer loop
      vertex -4.045176e+001 -7.307748e+000  2.802059e+000
      vertex -4.096840e+001 -7.912693e+000  3.628397e+000
      vertex -4.082691e+001 -7.892811e+000  2.968890e+000
    endloop
  endfacet
  facet normal  8.117778e-001 -5.624099e-001  1.571998e-001
    outer loop
      vertex -4.082691e+001 -7.892811e+000  2.968890e+000
      vertex -4.096840e+001 -7.912693e+000  3.628397e+000
      vertex -4.130417e+001 -8.357233e+000  3.771905e+000
    endloop
  endfacet
  facet normal  8.267984e-001 -5.315645e-001  1.839664e-001
    outer loop
      vertex -4.082691e+001 -7.892811e+000  2.968890e+000
      vertex -4.130417e+001 -8.357233e+000  3.771905e+000
      vertex -4.122879e+001 -8.456516e+000  3.146258e+000
    endloop
  endfacet
  facet normal  7.898082e-001 -5.838914e-001  1.878135e-001
    outer loop
      vertex -4.122879e+001 -8.456516e+000  3.146258e+000
      vertex -4.130417e+001 -8.357233e+000  3.771905e+000
      vertex -4.165617e+001 -8.785407e+000  3.921007e+000
    endloop
  endfacet
  facet normal  8.013826e-001 -5.625601e-001  2.032537e-001
    outer loop
      vertex -4.122879e+001 -8.456516e+000  3.146258e+000
      vertex -4.165617e+001 -8.785407e+000  3.921007e+000
      vertex -4.165617e+001 -8.997784e+000  3.333197e+000
    endloop
  endfacet
  facet normal  9.885988e-001  1.496198e-001  1.691883e-002
    outer loop
      vertex -3.851411e+001  1.701629e+000  2.548415e+000
      vertex -3.857330e+001  2.160268e+000  1.951234e+000
      vertex -3.861548e+001  2.366314e+000  2.593912e+000
    endloop
  endfacet
  facet normal  9.840924e-001  1.774914e-001  7.687273e-003
    outer loop
      vertex -3.861548e+001  2.366314e+000  2.593912e+000
      vertex -3.857330e+001  2.160268e+000  1.951234e+000
      vertex -3.869792e+001  2.848739e+000  2.008271e+000
    endloop
  endfacet
  facet normal  9.799919e-001  1.974935e-001  2.474131e-002
    outer loop
      vertex -3.861548e+001  2.366314e+000  2.593912e+000
      vertex -3.869792e+001  2.848739e+000  2.008271e+000
      vertex -3.874930e+001  3.022816e+000  2.653869e+000
    endloop
  endfacet
  facet normal  9.742136e-001  2.249964e-001  1.686558e-002
    outer loop
      vertex -3.874930e+001  3.022816e+000  2.653869e+000
      vertex -3.869792e+001  2.848739e+000  2.008271e+000
      vertex -3.885623e+001  3.528780e+000  2.080650e+000
    endloop
  endfacet
  facet normal  9.691280e-001  2.441066e-001  3.468223e-002
    outer loop
      vertex -3.874930e+001  3.022816e+000  2.653869e+000
      vertex -3.885623e+001  3.528780e+000  2.080650e+000
      vertex -3.891474e+001  3.669120e+000  2.727834e+000
    endloop
  endfacet
  facet normal  9.621239e-001  2.711516e-001  2.818442e-002
    outer loop
      vertex -3.891474e+001  3.669120e+000  2.727834e+000
      vertex -3.885623e+001  3.528780e+000  2.080650e+000
      vertex -3.904755e+001  4.198584e+000  2.167973e+000
    endloop
  endfacet
  facet normal  9.561293e-001  2.892021e-001  4.667697e-002
    outer loop
      vertex -3.891474e+001  3.669120e+000  2.727834e+000
      vertex -3.904755e+001  4.198584e+000  2.167973e+000
      vertex -3.911084e+001  4.303327e+000  2.815270e+000
    endloop
  endfacet
  facet normal  9.479382e-001  3.157278e-001  4.158390e-002
    outer loop
      vertex -3.911084e+001  4.303327e+000  2.815270e+000
      vertex -3.904755e+001  4.198584e+000  2.167973e+000
      vertex -3.927112e+001  4.856415e+000  2.269768e+000
    endloop
  endfacet
  facet normal  9.411043e-001  3.326198e-001  6.071881e-002
    outer loop
      vertex -3.911084e+001  4.303327e+000  2.815270e+000
      vertex -3.927112e+001  4.856415e+000  2.269768e+000
      vertex -3.933741e+001  4.926008e+000  2.915961e+000
    endloop
  endfacet
  facet normal  9.317895e-001  3.584998e-001  5.697609e-002
    outer loop
      vertex -3.933741e+001  4.926008e+000  2.915961e+000
      vertex -3.927112e+001  4.856415e+000  2.269768e+000
      vertex -3.952605e+001  5.500618e+000  2.385490e+000
    endloop
  endfacet
  facet normal  9.241823e-001  3.741786e-001  7.666464e-002
    outer loop
      vertex -3.933741e+001  4.926008e+000  2.915961e+000
      vertex -3.952605e+001  5.500618e+000  2.385490e+000
      vertex -3.959262e+001  5.533198e+000  3.028922e+000
    endloop
  endfacet
  facet normal  9.138058e-001  3.992938e-001  7.431941e-002
    outer loop
      vertex -3.959262e+001  5.533198e+000  3.028922e+000
      vertex -3.952605e+001  5.500618e+000  2.385490e+000
      vertex -3.981139e+001  6.129616e+000  2.514523e+000
    endloop
  endfacet
  facet normal  9.055417e-001  4.136132e-001  9.443669e-002
    outer loop
      vertex -3.959262e+001  5.533198e+000  3.028922e+000
      vertex -3.981139e+001  6.129616e+000  2.514523e+000
      vertex -3.987524e+001  6.123531e+000  3.153425e+000
    endloop
  endfacet
  facet normal  8.941304e-001  4.379306e-001  9.352786e-002
    outer loop
      vertex -3.987524e+001  6.123531e+000  3.153425e+000
      vertex -3.981139e+001  6.129616e+000  2.514523e+000
      vertex -4.012611e+001  6.741923e+000  2.656184e+000
    endloop
  endfacet
  facet normal  8.853338e-001  4.507781e-001  1.139436e-001
    outer loop
      vertex -3.987524e+001  6.123531e+000  3.153425e+000
      vertex -4.012611e+001  6.741923e+000  2.656184e+000
      vertex -4.018402e+001  6.695795e+000  3.288697e+000
    endloop
  endfacet
  facet normal  8.729000e-001  4.742693e-001  1.145182e-001
    outer loop
      vertex -4.018402e+001  6.695795e+000  3.288697e+000
      vertex -4.012611e+001  6.741923e+000  2.656184e+000
      vertex -4.046910e+001  7.336143e+000  2.809723e+000
    endloop
  endfacet
  facet normal  8.636917e-001  4.855735e-001  1.351115e-001
    outer loop
      vertex -4.018402e+001  6.695795e+000  3.288697e+000
      vertex -4.046910e+001  7.336143e+000  2.809723e+000
      vertex -4.051772e+001  7.248934e+000  3.433933e+000
    endloop
  endfacet
  facet normal  8.502452e-001  5.081860e-001  1.372234e-001
    outer loop
      vertex -4.051772e+001  7.248934e+000  3.433933e+000
      vertex -4.046910e+001  7.336143e+000  2.809723e+000
      vertex -4.083924e+001  7.910976e+000  2.974329e+000
    endloop
  endfacet
  facet normal  8.407568e-001  5.178931e-001  1.578439e-001
    outer loop
      vertex -4.051772e+001  7.248934e+000  3.433933e+000
      vertex -4.083924e+001  7.910976e+000  2.974329e+000
      vertex -4.087510e+001  7.782051e+000  3.588298e+000
    endloop
  endfacet
  facet normal  8.262973e-001  5.395685e-001  1.615511e-001
    outer loop
      vertex -4.087510e+001  7.782051e+000  3.588298e+000
      vertex -4.083924e+001  7.910976e+000  2.974329e+000
      vertex -4.123534e+001  8.465221e+000  3.149130e+000
    endloop
  endfacet
  facet normal  8.166497e-001  5.476653e-001  1.820604e-001
    outer loop
      vertex -4.087510e+001  7.782051e+000  3.588298e+000
      vertex -4.123534e+001  8.465221e+000  3.149130e+000
      vertex -4.125495e+001  8.294404e+000  3.750943e+000
    endloop
  endfacet
  facet normal  8.011814e-001  5.683159e-001  1.874177e-001
    outer loop
      vertex -4.125495e+001  8.294404e+000  3.750943e+000
      vertex -4.123534e+001  8.465221e+000  3.149130e+000
      vertex -4.165617e+001  8.997784e+000  3.333197e+000
    endloop
  endfacet
  facet normal  7.914850e-001  5.748210e-001  2.076835e-001
    outer loop
      vertex -4.125495e+001  8.294404e+000  3.750943e+000
      vertex -4.165617e+001  8.997784e+000  3.333197e+000
      vertex -4.165617e+001  8.785407e+000  3.921007e+000
    endloop
  endfacet
  facet normal -9.806450e-001 -3.730530e-002  1.922074e-001
    outer loop
      vertex -3.871712e+001 -1.430869e+001  9.340403e+000
      vertex -3.877016e+001 -1.547121e+001  8.844143e+000
      vertex -3.868549e+001 -1.556191e+001  9.258531e+000
    endloop
  endfacet
  facet normal -9.570905e-001 -7.573652e-002  2.797172e-001
    outer loop
      vertex -3.878447e+001 -1.425776e+001  9.123725e+000
      vertex -3.877016e+001 -1.547121e+001  8.844143e+000
      vertex -3.871712e+001 -1.430869e+001  9.340403e+000
    endloop
  endfacet
  facet normal -9.653351e-001 -6.936207e-002  2.516286e-001
    outer loop
      vertex -3.888211e+001 -1.534683e+001  8.448935e+000
      vertex -3.877016e+001 -1.547121e+001  8.844143e+000
      vertex -3.878447e+001 -1.425776e+001  9.123725e+000
    endloop
  endfacet
  facet normal -9.336594e-001 -1.243955e-001  3.358659e-001
    outer loop
      vertex -3.892886e+001 -1.414134e+001  8.765459e+000
      vertex -3.888211e+001 -1.534683e+001  8.448935e+000
      vertex -3.878447e+001 -1.425776e+001  9.123725e+000
    endloop
  endfacet
  facet normal -9.516187e-001 -1.120329e-001  2.861304e-001
    outer loop
      vertex -3.900334e+001 -1.520578e+001  8.100981e+000
      vertex -3.888211e+001 -1.534683e+001  8.448935e+000
      vertex -3.892886e+001 -1.414134e+001  8.765459e+000
    endloop
  endfacet
  facet normal -9.751852e-001 -3.884960e-002  2.179553e-001
    outer loop
      vertex -3.871712e+001 -1.430869e+001  9.340403e+000
      vertex -3.868549e+001 -1.556191e+001  9.258531e+000
      vertex -3.866677e+001 -1.434541e+001  9.559102e+000
    endloop
  endfacet
  facet normal -9.927121e-001 -1.429319e-002  1.196595e-001
    outer loop
      vertex -3.866677e+001 -1.434541e+001  9.559102e+000
      vertex -3.868549e+001 -1.556191e+001  9.258531e+000
      vertex -3.864046e+001 -1.560902e+001  9.626499e+000
    endloop
  endfacet
  facet normal -9.902017e-001 -1.320840e-002  1.390179e-001
    outer loop
      vertex -3.866677e+001 -1.434541e+001  9.559102e+000
      vertex -3.864046e+001 -1.560902e+001  9.626499e+000
      vertex -3.863558e+001 -1.436758e+001  9.779203e+000
    endloop
  endfacet
  facet normal -9.991462e-001 -1.153363e-003  4.129985e-002
    outer loop
      vertex -3.863558e+001 -1.436758e+001  9.779203e+000
      vertex -3.864046e+001 -1.560902e+001  9.626499e+000
      vertex -3.862500e+001 -1.562500e+001  1.000000e+001
    endloop
  endfacet
  facet normal -9.988543e-001  0.000000e+000  4.785417e-002
    outer loop
      vertex -3.863558e+001 -1.436758e+001  9.779203e+000
      vertex -3.862500e+001 -1.562500e+001  1.000000e+001
      vertex -3.862500e+001 -1.437500e+001  1.000000e+001
    endloop
  endfacet
  facet normal -9.221209e-001 -2.753394e-001  2.718110e-001
    outer loop
      vertex -4.001229e+001 -1.280348e+001  6.874371e+000
      vertex -3.993130e+001 -1.379669e+001  6.143031e+000
      vertex -3.984038e+001 -1.309414e+001  7.163140e+000
    endloop
  endfacet
  facet normal -9.370171e-001 -2.430190e-001  2.508798e-001
    outer loop
      vertex -3.984038e+001 -1.309414e+001  7.163140e+000
      vertex -3.993130e+001 -1.379669e+001  6.143031e+000
      vertex -3.972655e+001 -1.417578e+001  6.540555e+000
    endloop
  endfacet
  facet normal -9.099973e-001 -2.745837e-001  3.106585e-001
    outer loop
      vertex -3.984038e+001 -1.309414e+001  7.163140e+000
      vertex -3.972655e+001 -1.417578e+001  6.540555e+000
      vertex -3.966005e+001 -1.335710e+001  7.458971e+000
    endloop
  endfacet
  facet normal -9.306763e-001 -2.370255e-001  2.786761e-001
    outer loop
      vertex -3.966005e+001 -1.335710e+001  7.458971e+000
      vertex -3.972655e+001 -1.417578e+001  6.540555e+000
      vertex -3.951067e+001 -1.452464e+001  6.964775e+000
    endloop
  endfacet
  facet normal -9.010527e-001 -2.616787e-001  3.458733e-001
    outer loop
      vertex -3.966005e+001 -1.335710e+001  7.458971e+000
      vertex -3.951067e+001 -1.452464e+001  6.964775e+000
      vertex -3.947562e+001 -1.359189e+001  7.761800e+000
    endloop
  endfacet
  facet normal -9.292713e-001 -2.191633e-001  2.973590e-001
    outer loop
      vertex -3.947562e+001 -1.359189e+001  7.761800e+000
      vertex -3.951067e+001 -1.452464e+001  6.964775e+000
      vertex -3.932101e+001 -1.479874e+001  7.355467e+000
    endloop
  endfacet
  facet normal -8.968967e-001 -2.399688e-001  3.714719e-001
    outer loop
      vertex -3.947562e+001 -1.359189e+001  7.761800e+000
      vertex -3.932101e+001 -1.479874e+001  7.355467e+000
      vertex -3.928452e+001 -1.380600e+001  8.084867e+000
    endloop
  endfacet
  facet normal -9.332061e-001 -1.898604e-001  3.050891e-001
    outer loop
      vertex -3.928452e+001 -1.380600e+001  8.084867e+000
      vertex -3.932101e+001 -1.479874e+001  7.355467e+000
      vertex -3.913490e+001 -1.504423e+001  7.771974e+000
    endloop
  endfacet
  facet normal -8.996446e-001 -2.059921e-001  3.849766e-001
    outer loop
      vertex -3.928452e+001 -1.380600e+001  8.084867e+000
      vertex -3.913490e+001 -1.504423e+001  7.771974e+000
      vertex -3.910144e+001 -1.398794e+001  8.415366e+000
    endloop
  endfacet
  facet normal -9.411967e-001 -1.535078e-001  3.009719e-001
    outer loop
      vertex -3.910144e+001 -1.398794e+001  8.415366e+000
      vertex -3.913490e+001 -1.504423e+001  7.771974e+000
      vertex -3.900334e+001 -1.520578e+001  8.100981e+000
    endloop
  endfacet
  facet normal -9.113968e-001 -1.701429e-001  3.747097e-001
    outer loop
      vertex -3.910144e+001 -1.398794e+001  8.415366e+000
      vertex -3.900334e+001 -1.520578e+001  8.100981e+000
      vertex -3.892886e+001 -1.414134e+001  8.765459e+000
    endloop
  endfacet
  facet normal -9.926441e-001 -1.059188e-001  5.864186e-002
    outer loop
      vertex -4.061695e+001 -1.149261e+001  4.458714e+000
      vertex -4.056073e+001 -1.189111e+001  4.690676e+000
      vertex -4.059468e+001 -1.106363e+001  5.610497e+000
    endloop
  endfacet
  facet normal -9.855945e-001 -1.422064e-001  9.154647e-002
    outer loop
      vertex -4.059468e+001 -1.106363e+001  5.610497e+000
      vertex -4.056073e+001 -1.189111e+001  4.690676e+000
      vertex -4.048195e+001 -1.227946e+001  4.935537e+000
    endloop
  endfacet
  facet normal -9.872812e-001 -1.366504e-001  8.125658e-002
    outer loop
      vertex -4.059468e+001 -1.106363e+001  5.610497e+000
      vertex -4.048195e+001 -1.227946e+001  4.935537e+000
      vertex -4.052337e+001 -1.144301e+001  5.838905e+000
    endloop
  endfacet
  facet normal -9.770146e-001 -1.768805e-001  1.189775e-001
    outer loop
      vertex -4.052337e+001 -1.144301e+001  5.838905e+000
      vertex -4.048195e+001 -1.227946e+001  4.935537e+000
      vertex -4.038235e+001 -1.265604e+001  5.193526e+000
    endloop
  endfacet
  facet normal -9.768789e-001 -1.772021e-001  1.196116e-001
    outer loop
      vertex -4.052337e+001 -1.144301e+001  5.838905e+000
      vertex -4.038235e+001 -1.265604e+001  5.193526e+000
      vertex -4.042916e+001 -1.180270e+001  6.075435e+000
    endloop
  endfacet
  facet normal -9.674999e-001 -2.054426e-001  1.474353e-001
    outer loop
      vertex -4.042916e+001 -1.180270e+001  6.075435e+000
      vertex -4.038235e+001 -1.265604e+001  5.193526e+000
      vertex -4.026384e+001 -1.301937e+001  5.464991e+000
    endloop
  endfacet
  facet normal -9.643549e-001 -2.110965e-001  1.595558e-001
    outer loop
      vertex -4.042916e+001 -1.180270e+001  6.075435e+000
      vertex -4.026384e+001 -1.301937e+001  5.464991e+000
      vertex -4.030968e+001 -1.215588e+001  6.330298e+000
    endloop
  endfacet
  facet normal -9.569671e-001 -2.291911e-001  1.780037e-001
    outer loop
      vertex -4.030968e+001 -1.215588e+001  6.330298e+000
      vertex -4.026384e+001 -1.301937e+001  5.464991e+000
      vertex -4.010692e+001 -1.341881e+001  5.794298e+000
    endloop
  endfacet
  facet normal -9.504400e-001 -2.376675e-001  2.004451e-001
    outer loop
      vertex -4.030968e+001 -1.215588e+001  6.330298e+000
      vertex -4.010692e+001 -1.341881e+001  5.794298e+000
      vertex -4.017187e+001 -1.248556e+001  6.592867e+000
    endloop
  endfacet
  facet normal -9.462600e-001 -2.457521e-001  2.102331e-001
    outer loop
      vertex -4.017187e+001 -1.248556e+001  6.592867e+000
      vertex -4.010692e+001 -1.341881e+001  5.794298e+000
      vertex -3.993130e+001 -1.379669e+001  6.143031e+000
    endloop
  endfacet
  facet normal -9.360077e-001 -2.549872e-001  2.426336e-001
    outer loop
      vertex -4.017187e+001 -1.248556e+001  6.592867e+000
      vertex -3.993130e+001 -1.379669e+001  6.143031e+000
      vertex -4.001229e+001 -1.280348e+001  6.874371e+000
    endloop
  endfacet
  facet normal -9.995178e-001  2.892042e-002 -1.130092e-002
    outer loop
      vertex -4.064262e+001 -9.847589e+000  4.991588e+000
      vertex -4.065564e+001 -1.067239e+001  4.033011e+000
      vertex -4.065644e+001 -1.025165e+001  5.180603e+000
    endloop
  endfacet
  facet normal -9.998958e-001 -1.376435e-002  4.348487e-003
    outer loop
      vertex -4.065644e+001 -1.025165e+001  5.180603e+000
      vertex -4.065564e+001 -1.067239e+001  4.033011e+000
      vertex -4.064906e+001 -1.108573e+001  4.239516e+000
    endloop
  endfacet
  facet normal -9.993732e-001 -3.002072e-002  1.876057e-002
    outer loop
      vertex -4.065644e+001 -1.025165e+001  5.180603e+000
      vertex -4.064906e+001 -1.108573e+001  4.239516e+000
      vertex -4.064005e+001 -1.066594e+001  5.390838e+000
    endloop
  endfacet
  facet normal -9.975923e-001 -6.227894e-002  3.050851e-002
    outer loop
      vertex -4.064005e+001 -1.066594e+001  5.390838e+000
      vertex -4.064906e+001 -1.108573e+001  4.239516e+000
      vertex -4.061695e+001 -1.149261e+001  4.458714e+000
    endloop
  endfacet
  facet normal -9.950446e-001 -8.534040e-002  5.102400e-002
    outer loop
      vertex -4.064005e+001 -1.066594e+001  5.390838e+000
      vertex -4.061695e+001 -1.149261e+001  4.458714e+000
      vertex -4.059468e+001 -1.106363e+001  5.610497e+000
    endloop
  endfacet
  facet normal -9.990450e-001  3.890115e-002 -1.989524e-002
    outer loop
      vertex -4.065564e+001 -1.067239e+001  4.033011e+000
      vertex -4.064262e+001 -9.847589e+000  4.991588e+000
      vertex -4.063552e+001 -1.025466e+001  3.839164e+000
    endloop
  endfacet
  facet normal -9.951264e-001  9.089322e-002 -3.823610e-002
    outer loop
      vertex -4.063552e+001 -1.025466e+001  3.839164e+000
      vertex -4.064262e+001 -9.847589e+000  4.991588e+000
      vertex -4.059784e+001 -9.432789e+000  4.812179e+000
    endloop
  endfacet
  facet normal -9.945781e-001  9.518563e-002 -4.188296e-002
    outer loop
      vertex -4.063552e+001 -1.025466e+001  3.839164e+000
      vertex -4.059784e+001 -9.432789e+000  4.812179e+000
      vertex -4.058770e+001 -9.834720e+000  3.657950e+000
    endloop
  endfacet
  facet normal -9.856212e-001  1.566958e-001 -6.322362e-002
    outer loop
      vertex -4.058770e+001 -9.834720e+000  3.657950e+000
      vertex -4.059784e+001 -9.432789e+000  4.812179e+000
      vertex -4.051974e+001 -9.009841e+000  4.642979e+000
    endloop
  endfacet
  facet normal -9.860807e-001  1.545251e-001 -6.137418e-002
    outer loop
      vertex -4.058770e+001 -9.834720e+000  3.657950e+000
      vertex -4.051974e+001 -9.009841e+000  4.642979e+000
      vertex -4.051142e+001 -9.414932e+000  3.489324e+000
    endloop
  endfacet
  facet normal -9.704060e-001  2.255672e-001 -8.620663e-002
    outer loop
      vertex -4.051142e+001 -9.414932e+000  3.489324e+000
      vertex -4.051974e+001 -9.009841e+000  4.642979e+000
      vertex -4.040617e+001 -8.581793e+000  4.484562e+000
    endloop
  endfacet
  facet normal -9.731964e-001  2.162914e-001 -7.814652e-002
    outer loop
      vertex -4.051142e+001 -9.414932e+000  3.489324e+000
      vertex -4.040617e+001 -8.581793e+000  4.484562e+000
      vertex -4.040617e+001 -8.997784e+000  3.333197e+000
    endloop
  endfacet
  facet normal -1.000000e+000  0.000000e+000  0.000000e+000
    outer loop
      vertex -2.950000e+001  5.000000e+000 -7.105427e-015
      vertex -2.950000e+001 -5.000000e+000 -1.956213e-013
      vertex -2.950000e+001  5.000000e+000  1.500000e+000
    endloop
  endfacet
  facet normal -1.000000e+000  -0.000000e+000  0.000000e+000
    outer loop
      vertex -2.950000e+001  5.000000e+000  1.500000e+000
      vertex -2.950000e+001 -5.000000e+000 -1.956213e-013
      vertex -2.950000e+001 -5.000000e+000  1.500000e+000
    endloop
  endfacet
  facet normal  8.585187e-001 -5.127400e-001 -6.585728e-003
    outer loop
      vertex -3.851366e+001 -8.312124e+000  1.500000e+000
      vertex -3.776107e+001 -7.052013e+000  1.500000e+000
      vertex -3.806441e+001 -7.594119e+000  4.162673e+000
    endloop
  endfacet
  facet normal  8.823342e-001 -4.705997e-001  4.706953e-003
    outer loop
      vertex -3.806441e+001 -7.594119e+000  4.162673e+000
      vertex -3.776107e+001 -7.052013e+000  1.500000e+000
      vertex -3.750201e+001 -6.542510e+000  3.878333e+000
    endloop
  endfacet
  facet normal  9.045157e-001 -4.263796e-001 -7.182318e-003
    outer loop
      vertex -3.750201e+001 -6.542510e+000  3.878333e+000
      vertex -3.776107e+001 -7.052013e+000  1.500000e+000
      vertex -3.713524e+001 -5.724382e+000  1.500000e+000
    endloop
  endfacet
  facet normal  9.171188e-001 -3.985906e-001  4.320442e-003
    outer loop
      vertex -3.750201e+001 -6.542510e+000  3.878333e+000
      vertex -3.713524e+001 -5.724382e+000  1.500000e+000
      vertex -3.701709e+001 -5.429391e+000  3.634236e+000
    endloop
  endfacet
  facet normal  9.418655e-001 -3.359417e-001 -5.708808e-003
    outer loop
      vertex -3.701709e+001 -5.429391e+000  3.634236e+000
      vertex -3.713524e+001 -5.724382e+000  1.500000e+000
      vertex -3.664216e+001 -4.341944e+000  1.500000e+000
    endloop
  endfacet
  facet normal  9.932743e-001  1.155985e-001  6.587443e-003
    outer loop
      vertex -3.618844e+001  2.370163e+000  3.219098e+000
      vertex -3.604083e+001  1.106067e+000  3.145382e+000
      vertex -3.607181e+001  1.465985e+000  1.500000e+000
    endloop
  endfacet
  facet normal  9.891918e-001  1.462972e-001 -9.835863e-003
    outer loop
      vertex -3.607181e+001  1.465985e+000  1.500000e+000
      vertex -3.628654e+001  2.917933e+000  1.500000e+000
      vertex -3.618844e+001  2.370163e+000  3.219098e+000
    endloop
  endfacet
  facet normal  9.800323e-001  1.987008e-001  7.384636e-003
    outer loop
      vertex -3.644023e+001  3.607359e+000  3.344996e+000
      vertex -3.618844e+001  2.370163e+000  3.219098e+000
      vertex -3.628654e+001  2.917933e+000  1.500000e+000
    endloop
  endfacet
  facet normal  9.701589e-001  2.422748e-001 -9.720214e-003
    outer loop
      vertex -3.628654e+001  2.917933e+000  1.500000e+000
      vertex -3.664216e+001  4.341944e+000  1.500000e+000
      vertex -3.644023e+001  3.607359e+000  3.344996e+000
    endloop
  endfacet
  facet normal  9.600363e-001  2.798038e-001  6.329858e-003
    outer loop
      vertex -3.644023e+001  3.607359e+000  3.344996e+000
      vertex -3.664216e+001  4.341944e+000  1.500000e+000
      vertex -3.679053e+001  4.805330e+000  3.520503e+000
    endloop
  endfacet
  facet normal  9.418515e-001  3.359367e-001 -7.879195e-003
    outer loop
      vertex -3.679053e+001  4.805330e+000  3.520503e+000
      vertex -3.664216e+001  4.341944e+000  1.500000e+000
      vertex -3.713524e+001  5.724382e+000  1.500000e+000
    endloop
  endfacet
  facet normal  9.335974e-001  3.583045e-001  3.703261e-003
    outer loop
      vertex -3.679053e+001  4.805330e+000  3.520503e+000
      vertex -3.713524e+001  5.724382e+000  1.500000e+000
      vertex -3.723207e+001  5.953513e+000  3.742339e+000
    endloop
  endfacet
  facet normal  9.045299e-001  4.263863e-001 -4.508820e-003
    outer loop
      vertex -3.723207e+001  5.953513e+000  3.742339e+000
      vertex -3.713524e+001  5.724382e+000  1.500000e+000
      vertex -3.776107e+001  7.052013e+000  1.500000e+000
    endloop
  endfacet
  facet normal  8.983983e-001  4.391697e-001  3.200204e-003
    outer loop
      vertex -3.723207e+001  5.953513e+000  3.742339e+000
      vertex -3.776107e+001  7.052013e+000  1.500000e+000
      vertex -3.785524e+001  7.226015e+000  4.056749e+000
    endloop
  endfacet
  facet normal  8.585327e-001  5.127483e-001 -3.275511e-003
    outer loop
      vertex -3.785524e+001  7.226015e+000  4.056749e+000
      vertex -3.776107e+001  7.052013e+000  1.500000e+000
      vertex -3.851366e+001  8.312124e+000  1.500000e+000
    endloop
  endfacet
  facet normal  9.987698e-001  4.892242e-002 -8.100983e-003
    outer loop
      vertex -3.600000e+001 -1.114762e-013  1.500000e+000
      vertex -3.607181e+001  1.465985e+000  1.500000e+000
      vertex -3.604083e+001  1.106067e+000  3.145382e+000
    endloop
  endfacet
  facet normal  9.995077e-001  3.113482e-002  3.874605e-003
    outer loop
      vertex -3.600000e+001 -1.114762e-013  1.500000e+000
      vertex -3.604083e+001  1.106067e+000  3.145382e+000
      vertex -3.600097e+001 -1.710577e-001  3.125487e+000
    endloop
  endfacet
  facet normal  9.983611e-001 -5.697205e-002 -5.397986e-003
    outer loop
      vertex -3.600000e+001 -1.114762e-013  1.500000e+000
      vertex -3.600097e+001 -1.710577e-001  3.125487e+000
      vertex -3.607841e+001 -1.531727e+000  3.164141e+000
    endloop
  endfacet
  facet normal  9.988005e-001 -4.892393e-002  2.030454e-003
    outer loop
      vertex -3.600000e+001 -1.114762e-013  1.500000e+000
      vertex -3.607841e+001 -1.531727e+000  3.164141e+000
      vertex -3.607181e+001 -1.465985e+000  1.500000e+000
    endloop
  endfacet
  facet normal  7.978768e-001 -6.028207e-001  0.000000e+000
    outer loop
      vertex -3.938580e+001 -9.492650e+000  4.837214e+000
      vertex -3.938580e+001 -9.492650e+000  1.500000e+000
      vertex -3.869533e+001 -8.578766e+000  4.483487e+000
    endloop
  endfacet
  facet normal  8.043072e-001 -5.941994e-001 -4.129015e-003
    outer loop
      vertex -3.869533e+001 -8.578766e+000  4.483487e+000
      vertex -3.938580e+001 -9.492650e+000  1.500000e+000
      vertex -3.851366e+001 -8.312124e+000  1.500000e+000
    endloop
  endfacet
  facet normal  8.424442e-001 -5.387744e-001  3.146689e-003
    outer loop
      vertex -3.869533e+001 -8.578766e+000  4.483487e+000
      vertex -3.851366e+001 -8.312124e+000  1.500000e+000
      vertex -3.806441e+001 -7.594119e+000  4.162673e+000
    endloop
  endfacet
  facet normal  9.892380e-001 -1.463040e-001 -1.854497e-003
    outer loop
      vertex -3.607181e+001 -1.465985e+000  1.500000e+000
      vertex -3.607841e+001 -1.531727e+000  3.164141e+000
      vertex -3.628654e+001 -2.917933e+000  1.500000e+000
    endloop
  endfacet
  facet normal  9.891306e-001 -1.470349e-001 -1.232278e-003
    outer loop
      vertex -3.628654e+001 -2.917933e+000  1.500000e+000
      vertex -3.607841e+001 -1.531727e+000  3.164141e+000
      vertex -3.627755e+001 -2.872177e+000  3.263629e+000
    endloop
  endfacet
  facet normal  9.702040e-001 -2.422860e-001  1.335531e-003
    outer loop
      vertex -3.628654e+001 -2.917933e+000  1.500000e+000
      vertex -3.627755e+001 -2.872177e+000  3.263629e+000
      vertex -3.664216e+001 -4.341944e+000  1.500000e+000
    endloop
  endfacet
  facet normal  9.718180e-001 -2.356890e-001 -4.495947e-003
    outer loop
      vertex -3.664216e+001 -4.341944e+000  1.500000e+000
      vertex -3.627755e+001 -2.872177e+000  3.263629e+000
      vertex -3.659305e+001 -4.176116e+000  3.421511e+000
    endloop
  endfacet
  facet normal  9.474195e-001 -3.199764e-001  3.401623e-003
    outer loop
      vertex -3.664216e+001 -4.341944e+000  1.500000e+000
      vertex -3.659305e+001 -4.176116e+000  3.421511e+000
      vertex -3.701709e+001 -5.429391e+000  3.634236e+000
    endloop
  endfacet
  facet normal  8.043140e-001  5.942044e-001  0.000000e+000
    outer loop
      vertex -3.938580e+001  9.492650e+000  1.500000e+000
      vertex -3.938580e+001  9.492650e+000  4.837214e+000
      vertex -3.851366e+001  8.312124e+000  1.500000e+000
    endloop
  endfacet
  facet normal  8.016621e-001  5.977744e-001 -1.955894e-003
    outer loop
      vertex -3.851366e+001  8.312124e+000  1.500000e+000
      vertex -3.938580e+001  9.492650e+000  4.837214e+000
      vertex -3.857804e+001  8.408025e+000  4.423682e+000
    endloop
  endfacet
  facet normal  8.533671e-001  5.213078e-001  1.690805e-003
    outer loop
      vertex -3.851366e+001  8.312124e+000  1.500000e+000
      vertex -3.857804e+001  8.408025e+000  4.423682e+000
      vertex -3.785524e+001  7.226015e+000  4.056749e+000
    endloop
  endfacet
  facet normal -9.659330e-001 -2.587620e-001  3.970492e-003
    outer loop
      vertex -3.951000e+001  3.461205e+000  2.702397e+000
      vertex -3.958706e+001  3.707399e+000  0.000000e+000
      vertex -3.926211e+001  2.494389e+000  0.000000e+000
    endloop
  endfacet
  facet normal -9.426408e-001 -3.337897e-001 -3.528879e-003
    outer loop
      vertex -3.958706e+001  3.707399e+000  0.000000e+000
      vertex -3.951000e+001  3.461205e+000  2.702397e+000
      vertex -3.989643e+001  4.550904e+000  2.853510e+000
    endloop
  endfacet
  facet normal -9.335994e-001 -3.582876e-001  4.693006e-003
    outer loop
      vertex -3.989643e+001  4.550904e+000  2.853510e+000
      vertex -4.003699e+001  4.879809e+000  0.000000e+000
      vertex -3.958706e+001  3.707399e+000  0.000000e+000
    endloop
  endfacet
  facet normal -9.704257e-001 -2.413855e-001 -2.658304e-003
    outer loop
      vertex -3.951000e+001  3.461205e+000  2.702397e+000
      vertex -3.926211e+001  2.494389e+000  0.000000e+000
      vertex -3.922861e+001  2.331203e+000  2.591129e+000
    endloop
  endfacet
  facet normal -9.876897e-001 -1.563988e-001  2.917174e-003
    outer loop
      vertex -3.922861e+001  2.331203e+000  2.591129e+000
      vertex -3.926211e+001  2.494389e+000  0.000000e+000
      vertex -3.906570e+001  1.254061e+000  0.000000e+000
    endloop
  endfacet
  facet normal -9.892687e-001 -1.460995e-001 -1.463555e-003
    outer loop
      vertex -3.922861e+001  2.331203e+000  2.591129e+000
      vertex -3.906570e+001  1.254061e+000  0.000000e+000
      vertex -3.905746e+001  1.172994e+000  2.522968e+000
    endloop
  endfacet
  facet normal -9.986291e-001 -5.232143e-002  1.580248e-003
    outer loop
      vertex -3.905746e+001  1.172994e+000  2.522968e+000
      vertex -3.906570e+001  1.254061e+000  0.000000e+000
      vertex -3.900000e+001  1.399133e-015  0.000000e+000
    endloop
  endfacet
  facet normal -9.988022e-001 -4.893099e-002  0.000000e+000
    outer loop
      vertex -3.905746e+001  1.172994e+000  2.522968e+000
      vertex -3.900000e+001  1.399133e-015  0.000000e+000
      vertex -3.900000e+001  1.399133e-015  2.500000e+000
    endloop
  endfacet
  facet normal -9.140205e-001 -4.056642e-001 -1.732246e-003
    outer loop
      vertex -3.989643e+001  4.550904e+000  2.853510e+000
      vertex -4.017888e+001  5.186852e+000  2.962660e+000
      vertex -4.003699e+001  4.879809e+000  0.000000e+000
    endloop
  endfacet
  facet normal -8.885066e-001 -4.588367e-001  5.000323e-003
    outer loop
      vertex -4.003699e+001  4.879809e+000  0.000000e+000
      vertex -4.017888e+001  5.186852e+000  2.962660e+000
      vertex -4.049597e+001  5.802194e+000  3.083810e+000
    endloop
  endfacet
  facet normal -8.910509e-001 -4.538924e-001  3.142793e-003
    outer loop
      vertex -4.003699e+001  4.879809e+000  0.000000e+000
      vertex -4.049597e+001  5.802194e+000  3.083810e+000
      vertex -4.060699e+001  5.998779e+000  0.000000e+000
    endloop
  endfacet
  facet normal -8.612282e-001 -5.082164e-001 -1.393825e-003
    outer loop
      vertex -4.049597e+001  5.802194e+000  3.083810e+000
      vertex -4.084629e+001  6.395479e+000  3.215862e+000
      vertex -4.060699e+001  5.998779e+000  0.000000e+000
    endloop
  endfacet
  facet normal -8.297291e-001 -5.581211e-001  7.106210e-003
    outer loop
      vertex -4.060699e+001  5.998779e+000  0.000000e+000
      vertex -4.084629e+001  6.395479e+000  3.215862e+000
      vertex -4.122819e+001  6.965040e+000  3.357553e+000
    endloop
  endfacet
  facet normal -8.387401e-001 -5.445299e-001  1.527680e-003
    outer loop
      vertex -4.060699e+001  5.998779e+000  0.000000e+000
      vertex -4.122819e+001  6.965040e+000  3.357553e+000
      vertex -4.129080e+001  7.052054e+000  0.000000e+000
    endloop
  endfacet
  facet normal -7.802773e-001 -6.254315e-001 -1.659081e-003
    outer loop
      vertex -4.129080e+001  7.052054e+000  0.000000e+000
      vertex -4.122819e+001  6.965040e+000  3.357553e+000
      vertex -4.208094e+001  8.028100e+000  3.664591e+000
    endloop
  endfacet
  facet normal -7.772412e-001 -6.292028e-001  -0.000000e+000
    outer loop
      vertex -4.129080e+001  7.052054e+000  0.000000e+000
      vertex -4.208094e+001  8.028100e+000  3.664591e+000
      vertex -4.208094e+001  8.028100e+000  0.000000e+000
    endloop
  endfacet
  facet normal -8.387303e-001  5.445236e-001  5.042016e-003
    outer loop
      vertex -4.090741e+001 -6.491509e+000  3.238707e+000
      vertex -4.060699e+001 -5.998779e+000  0.000000e+000
      vertex -4.129080e+001 -7.052054e+000  0.000000e+000
    endloop
  endfacet
  facet normal -8.626533e-001  5.057864e-001 -3.070494e-003
    outer loop
      vertex -4.041310e+001 -5.649557e+000  3.052293e+000
      vertex -4.060699e+001 -5.998779e+000  0.000000e+000
      vertex -4.090741e+001 -6.491509e+000  3.238707e+000
    endloop
  endfacet
  facet normal -8.910456e-001  4.538897e-001  4.670702e-003
    outer loop
      vertex -4.003699e+001 -4.879809e+000  0.000000e+000
      vertex -4.060699e+001 -5.998779e+000  0.000000e+000
      vertex -4.041310e+001 -5.649557e+000  3.052293e+000
    endloop
  endfacet
  facet normal -9.053174e-001  4.247127e-001 -4.445913e-003
    outer loop
      vertex -3.989451e+001 -4.546222e+000  2.852764e+000
      vertex -4.003699e+001 -4.879809e+000  0.000000e+000
      vertex -4.041310e+001 -5.649557e+000  3.052293e+000
    endloop
  endfacet
  facet normal -9.335992e-001  3.582875e-001  4.734084e-003
    outer loop
      vertex -3.958706e+001 -3.707399e+000  0.000000e+000
      vertex -4.003699e+001 -4.879809e+000  0.000000e+000
      vertex -3.989451e+001 -4.546222e+000  2.852764e+000
    endloop
  endfacet
  facet normal -9.438446e-001  3.303576e-001 -4.582558e-003
    outer loop
      vertex -3.948746e+001 -3.385470e+000  2.693518e+000
      vertex -3.958706e+001 -3.707399e+000  0.000000e+000
      vertex -3.989451e+001 -4.546222e+000  2.852764e+000
    endloop
  endfacet
  facet normal -9.659294e-001  2.587611e-001  4.791321e-003
    outer loop
      vertex -3.926211e+001 -2.494389e+000  0.000000e+000
      vertex -3.958706e+001 -3.707399e+000  0.000000e+000
      vertex -3.948746e+001 -3.385470e+000  2.693518e+000
    endloop
  endfacet
  facet normal -9.727594e-001  2.317692e-001 -4.709652e-003
    outer loop
      vertex -3.919962e+001 -2.179715e+000  2.579608e+000
      vertex -3.926211e+001 -2.494389e+000  0.000000e+000
      vertex -3.948746e+001 -3.385470e+000  2.693518e+000
    endloop
  endfacet
  facet normal -9.876823e-001  1.563976e-001  4.846032e-003
    outer loop
      vertex -3.906570e+001 -1.254061e+000  0.000000e+000
      vertex -3.926211e+001 -2.494389e+000  0.000000e+000
      vertex -3.919962e+001 -2.179715e+000  2.579608e+000
    endloop
  endfacet
  facet normal -8.187917e-001  5.740856e-001 -2.434745e-003
    outer loop
      vertex -4.090741e+001 -6.491509e+000  3.238707e+000
      vertex -4.129080e+001 -7.052054e+000  0.000000e+000
      vertex -4.146468e+001 -7.285447e+000  3.444043e+000
    endloop
  endfacet
  facet normal -7.772368e-001  6.291992e-001  3.398158e-003
    outer loop
      vertex -4.146468e+001 -7.285447e+000  3.444043e+000
      vertex -4.129080e+001 -7.052054e+000  0.000000e+000
      vertex -4.208094e+001 -8.028100e+000  0.000000e+000
    endloop
  endfacet
  facet normal -7.695534e-001  6.385825e-001  0.000000e+000
    outer loop
      vertex -4.146468e+001 -7.285447e+000  3.444043e+000
      vertex -4.208094e+001 -8.028100e+000  0.000000e+000
      vertex -4.208094e+001 -8.028100e+000  3.664591e+000
    endloop
  endfacet
  facet normal -9.914929e-001  1.300734e-001 -4.797846e-003
    outer loop
      vertex -3.919962e+001 -2.179715e+000  2.579608e+000
      vertex -3.903717e+001 -9.437680e-001  2.514860e+000
      vertex -3.906570e+001 -1.254061e+000  0.000000e+000
    endloop
  endfacet
  facet normal -9.992006e-001  3.945147e-002  6.470904e-003
    outer loop
      vertex -3.906570e+001 -1.254061e+000  0.000000e+000
      vertex -3.903717e+001 -9.437680e-001  2.514860e+000
      vertex -3.900000e+001  1.399133e-015  2.500000e+000
    endloop
  endfacet
  facet normal -9.986303e-001  5.232149e-002  0.000000e+000
    outer loop
      vertex -3.906570e+001 -1.254061e+000  0.000000e+000
      vertex -3.900000e+001  1.399133e-015  2.500000e+000
      vertex -3.900000e+001  1.399133e-015  0.000000e+000
    endloop
  endfacet
  facet normal -8.585187e-001 -5.127400e-001 -6.585732e-003
    outer loop
      vertex  3.851366e+001 -8.312124e+000  1.500000e+000
      vertex  3.806441e+001 -7.594119e+000  4.162673e+000
      vertex  3.776107e+001 -7.052013e+000  1.500000e+000
    endloop
  endfacet
  facet normal -8.823342e-001 -4.705997e-001  4.706953e-003
    outer loop
      vertex  3.806441e+001 -7.594119e+000  4.162673e+000
      vertex  3.750201e+001 -6.542510e+000  3.878333e+000
      vertex  3.776107e+001 -7.052013e+000  1.500000e+000
    endloop
  endfacet
  facet normal -9.045157e-001 -4.263796e-001 -7.182318e-003
    outer loop
      vertex  3.713524e+001 -5.724382e+000  1.500000e+000
      vertex  3.776107e+001 -7.052013e+000  1.500000e+000
      vertex  3.750201e+001 -6.542510e+000  3.878333e+000
    endloop
  endfacet
  facet normal -9.171188e-001 -3.985906e-001  4.320442e-003
    outer loop
      vertex  3.750201e+001 -6.542510e+000  3.878333e+000
      vertex  3.701709e+001 -5.429391e+000  3.634236e+000
      vertex  3.713524e+001 -5.724382e+000  1.500000e+000
    endloop
  endfacet
  facet normal -9.418655e-001 -3.359417e-001 -5.708808e-003
    outer loop
      vertex  3.664216e+001 -4.341944e+000  1.500000e+000
      vertex  3.713524e+001 -5.724382e+000  1.500000e+000
      vertex  3.701709e+001 -5.429391e+000  3.634236e+000
    endloop
  endfacet
  facet normal -9.932743e-001  1.155985e-001  6.587443e-003
    outer loop
      vertex  3.607181e+001  1.465985e+000  1.500000e+000
      vertex  3.604083e+001  1.106067e+000  3.145382e+000
      vertex  3.618844e+001  2.370163e+000  3.219098e+000
    endloop
  endfacet
  facet normal -9.891918e-001  1.462972e-001 -9.835863e-003
    outer loop
      vertex  3.607181e+001  1.465985e+000  1.500000e+000
      vertex  3.618844e+001  2.370163e+000  3.219098e+000
      vertex  3.628654e+001  2.917933e+000  1.500000e+000
    endloop
  endfacet
  facet normal -9.800323e-001  1.987008e-001  7.384636e-003
    outer loop
      vertex  3.628654e+001  2.917933e+000  1.500000e+000
      vertex  3.618844e+001  2.370163e+000  3.219098e+000
      vertex  3.644023e+001  3.607359e+000  3.344996e+000
    endloop
  endfacet
  facet normal -9.701589e-001  2.422748e-001 -9.720206e-003
    outer loop
      vertex  3.628654e+001  2.917933e+000  1.500000e+000
      vertex  3.644023e+001  3.607359e+000  3.344996e+000
      vertex  3.664216e+001  4.341944e+000  1.500000e+000
    endloop
  endfacet
  facet normal -9.600363e-001  2.798038e-001  6.329855e-003
    outer loop
      vertex  3.644023e+001  3.607359e+000  3.344996e+000
      vertex  3.679053e+001  4.805330e+000  3.520503e+000
      vertex  3.664216e+001  4.341944e+000  1.500000e+000
    endloop
  endfacet
  facet normal -9.418515e-001  3.359367e-001 -7.879195e-003
    outer loop
      vertex  3.713524e+001  5.724382e+000  1.500000e+000
      vertex  3.664216e+001  4.341944e+000  1.500000e+000
      vertex  3.679053e+001  4.805330e+000  3.520503e+000
    endloop
  endfacet
  facet normal -9.335974e-001  3.583045e-001  3.703261e-003
    outer loop
      vertex  3.679053e+001  4.805330e+000  3.520503e+000
      vertex  3.723207e+001  5.953513e+000  3.742339e+000
      vertex  3.713524e+001  5.724382e+000  1.500000e+000
    endloop
  endfacet
  facet normal -9.045299e-001  4.263863e-001 -4.508820e-003
    outer loop
      vertex  3.776107e+001  7.052013e+000  1.500000e+000
      vertex  3.713524e+001  5.724382e+000  1.500000e+000
      vertex  3.723207e+001  5.953513e+000  3.742339e+000
    endloop
  endfacet
  facet normal -8.983983e-001  4.391698e-001  3.200206e-003
    outer loop
      vertex  3.723207e+001  5.953513e+000  3.742339e+000
      vertex  3.785524e+001  7.226015e+000  4.056749e+000
      vertex  3.776107e+001  7.052013e+000  1.500000e+000
    endloop
  endfacet
  facet normal -8.585327e-001  5.127483e-001 -3.275511e-003
    outer loop
      vertex  3.851366e+001  8.312124e+000  1.500000e+000
      vertex  3.776107e+001  7.052013e+000  1.500000e+000
      vertex  3.785524e+001  7.226015e+000  4.056749e+000
    endloop
  endfacet
  facet normal -9.988005e-001 -4.892393e-002  2.030454e-003
    outer loop
      vertex  3.600000e+001 -1.114762e-013  1.500000e+000
      vertex  3.607181e+001 -1.465985e+000  1.500000e+000
      vertex  3.607841e+001 -1.531727e+000  3.164141e+000
    endloop
  endfacet
  facet normal -9.983611e-001 -5.697205e-002 -5.397988e-003
    outer loop
      vertex  3.600000e+001 -1.114762e-013  1.500000e+000
      vertex  3.607841e+001 -1.531727e+000  3.164141e+000
      vertex  3.600097e+001 -1.710577e-001  3.125487e+000
    endloop
  endfacet
  facet normal -9.995077e-001  3.113482e-002  3.874606e-003
    outer loop
      vertex  3.600000e+001 -1.114762e-013  1.500000e+000
      vertex  3.600097e+001 -1.710577e-001  3.125487e+000
      vertex  3.604083e+001  1.106067e+000  3.145382e+000
    endloop
  endfacet
  facet normal -9.987696e-001  4.892243e-002 -8.100983e-003
    outer loop
      vertex  3.600000e+001 -1.114762e-013  1.500000e+000
      vertex  3.604083e+001  1.106067e+000  3.145382e+000
      vertex  3.607181e+001  1.465985e+000  1.500000e+000
    endloop
  endfacet
  facet normal -8.043140e-001 -5.942044e-001  -0.000000e+000
    outer loop
      vertex  3.938580e+001 -9.492650e+000  1.500000e+000
      vertex  3.938580e+001 -9.492650e+000  4.837214e+000
      vertex  3.851366e+001 -8.312124e+000  1.500000e+000
    endloop
  endfacet
  facet normal -7.968446e-001 -6.041594e-001 -5.473589e-003
    outer loop
      vertex  3.851366e+001 -8.312124e+000  1.500000e+000
      vertex  3.938580e+001 -9.492650e+000  4.837214e+000
      vertex  3.869533e+001 -8.578766e+000  4.483487e+000
    endloop
  endfacet
  facet normal -8.424442e-001 -5.387745e-001  3.146692e-003
    outer loop
      vertex  3.851366e+001 -8.312124e+000  1.500000e+000
      vertex  3.869533e+001 -8.578766e+000  4.483487e+000
      vertex  3.806441e+001 -7.594119e+000  4.162673e+000
    endloop
  endfacet
  facet normal -9.891225e-001 -1.470822e-001 -1.885696e-003
    outer loop
      vertex  3.607841e+001 -1.531727e+000  3.164141e+000
      vertex  3.607181e+001 -1.465985e+000  1.500000e+000
      vertex  3.627755e+001 -2.872177e+000  3.263629e+000
    endloop
  endfacet
  facet normal -9.892388e-001 -1.463041e-001 -1.251788e-003
    outer loop
      vertex  3.627755e+001 -2.872177e+000  3.263629e+000
      vertex  3.607181e+001 -1.465985e+000  1.500000e+000
      vertex  3.628654e+001 -2.917933e+000  1.500000e+000
    endloop
  endfacet
  facet normal -9.719834e-001 -2.350468e-001  1.138634e-003
    outer loop
      vertex  3.627755e+001 -2.872177e+000  3.263629e+000
      vertex  3.628654e+001 -2.917933e+000  1.500000e+000
      vertex  3.659305e+001 -4.176116e+000  3.421511e+000
    endloop
  endfacet
  facet normal -9.701976e-001 -2.422844e-001 -3.885347e-003
    outer loop
      vertex  3.659305e+001 -4.176116e+000  3.421511e+000
      vertex  3.628654e+001 -2.917933e+000  1.500000e+000
      vertex  3.664216e+001 -4.341944e+000  1.500000e+000
    endloop
  endfacet
  facet normal -9.474195e-001 -3.199764e-001  3.401625e-003
    outer loop
      vertex  3.659305e+001 -4.176116e+000  3.421511e+000
      vertex  3.664216e+001 -4.341944e+000  1.500000e+000
      vertex  3.701709e+001 -5.429391e+000  3.634236e+000
    endloop
  endfacet
  facet normal -8.020210e-001  5.972959e-001  0.000000e+000
    outer loop
      vertex  3.938580e+001  9.492650e+000  4.837214e+000
      vertex  3.938580e+001  9.492650e+000  1.500000e+000
      vertex  3.857804e+001  8.408025e+000  4.423682e+000
    endloop
  endfacet
  facet normal -8.043128e-001  5.942035e-001 -1.780400e-003
    outer loop
      vertex  3.857804e+001  8.408025e+000  4.423682e+000
      vertex  3.938580e+001  9.492650e+000  1.500000e+000
      vertex  3.851366e+001  8.312124e+000  1.500000e+000
    endloop
  endfacet
  facet normal -8.533670e-001  5.213078e-001  1.690803e-003
    outer loop
      vertex  3.857804e+001  8.408025e+000  4.423682e+000
      vertex  3.851366e+001  8.312124e+000  1.500000e+000
      vertex  3.785524e+001  7.226015e+000  4.056749e+000
    endloop
  endfacet
  facet normal  9.337058e-001  1.227876e-001  3.363282e-001
    outer loop
      vertex  3.878437e+001  1.425785e+001  9.124081e+000
      vertex  3.892869e+001  1.414150e+001  8.765886e+000
      vertex  3.887434e+001  1.535567e+001  8.473494e+000
    endloop
  endfacet
  facet normal  9.662694e-001  6.800602e-002  2.483919e-001
    outer loop
      vertex  3.887434e+001  1.535567e+001  8.473494e+000
      vertex  3.876442e+001  1.547747e+001  8.867748e+000
      vertex  3.878437e+001  1.425785e+001  9.124081e+000
    endloop
  endfacet
  facet normal  9.571221e-001  7.448787e-002  2.799439e-001
    outer loop
      vertex  3.871706e+001  1.430874e+001  9.340660e+000
      vertex  3.878437e+001  1.425785e+001  9.124081e+000
      vertex  3.876442e+001  1.547747e+001  8.867748e+000
    endloop
  endfacet
  facet normal  9.814556e-001  3.638087e-002  1.882051e-001
    outer loop
      vertex  3.876442e+001  1.547747e+001  8.867748e+000
      vertex  3.868194e+001  1.556566e+001  9.280826e+000
      vertex  3.871706e+001  1.430874e+001  9.340660e+000
    endloop
  endfacet
  facet normal  9.704092e-001 -2.270984e-001 -8.205111e-002
    outer loop
      vertex  4.040617e+001  8.581793e+000  4.484562e+000
      vertex  4.040617e+001  8.997784e+000  3.333197e+000
      vertex  4.051975e+001  9.009882e+000  4.642995e+000
    endloop
  endfacet
  facet normal  9.732765e-001 -2.143366e-001 -8.241763e-002
    outer loop
      vertex  4.051975e+001  9.009882e+000  4.642995e+000
      vertex  4.040617e+001  8.997784e+000  3.333197e+000
      vertex  4.051237e+001  9.419338e+000  3.491033e+000
    endloop
  endfacet
  facet normal  9.856210e-001 -1.571212e-001 -6.215990e-002
    outer loop
      vertex  4.051975e+001  9.009882e+000  4.642995e+000
      vertex  4.051237e+001  9.419338e+000  3.491033e+000
      vertex  4.059785e+001  9.432871e+000  4.812212e+000
    endloop
  endfacet
  facet normal  9.862482e-001 -1.531034e-001 -6.224163e-002
    outer loop
      vertex  4.059785e+001  9.432871e+000  4.812212e+000
      vertex  4.051237e+001  9.419338e+000  3.491033e+000
      vertex  4.058899e+001  9.843560e+000  3.661634e+000
    endloop
  endfacet
  facet normal  9.951274e-001 -9.018444e-002 -3.985158e-002
    outer loop
      vertex  4.059785e+001  9.432871e+000  4.812212e+000
      vertex  4.058899e+001  9.843560e+000  3.661634e+000
      vertex  4.064263e+001  9.847710e+000  4.991642e+000
    endloop
  endfacet
  facet normal  9.947445e-001 -9.432635e-002 -3.982321e-002
    outer loop
      vertex  4.064263e+001  9.847710e+000  4.991642e+000
      vertex  4.058899e+001  9.843560e+000  3.661634e+000
      vertex  4.063657e+001  1.026788e+001  3.845093e+000
    endloop
  endfacet
  facet normal  9.995182e-001 -2.706528e-002 -1.519945e-002
    outer loop
      vertex  4.064263e+001  9.847710e+000  4.991642e+000
      vertex  4.063657e+001  1.026788e+001  3.845093e+000
      vertex  4.065645e+001  1.025180e+001  5.180679e+000
    endloop
  endfacet
  facet normal  9.991363e-001 -3.862003e-002 -1.533287e-002
    outer loop
      vertex  4.065645e+001  1.025180e+001  5.180679e+000
      vertex  4.063657e+001  1.026788e+001  3.845093e+000
      vertex  4.065590e+001  1.068989e+001  4.041453e+000
    endloop
  endfacet
  facet normal  9.993694e-001  3.330142e-002  1.232399e-002
    outer loop
      vertex  4.065645e+001  1.025180e+001  5.180679e+000
      vertex  4.065590e+001  1.068989e+001  4.041453e+000
      vertex  4.064005e+001  1.066613e+001  5.390939e+000
    endloop
  endfacet
  facet normal  9.998448e-001  1.292148e-002  1.197087e-002
    outer loop
      vertex  4.064005e+001  1.066613e+001  5.390939e+000
      vertex  4.065590e+001  1.068989e+001  4.041453e+000
      vertex  4.064800e+001  1.110730e+001  4.250740e+000
    endloop
  endfacet
  facet normal  9.950217e-001  9.041288e-002  4.192054e-002
    outer loop
      vertex  4.064005e+001  1.066613e+001  5.390939e+000
      vertex  4.064800e+001  1.110730e+001  4.250740e+000
      vertex  4.059465e+001  1.106386e+001  5.610627e+000
    endloop
  endfacet
  facet normal  9.973491e-001  6.008570e-002  4.104295e-002
    outer loop
      vertex  4.059465e+001  1.106386e+001  5.610627e+000
      vertex  4.064800e+001  1.110730e+001  4.250740e+000
      vertex  4.061411e+001  1.151802e+001  4.472990e+000
    endloop
  endfacet
  facet normal  9.872251e-001  1.414441e-001  7.334930e-002
    outer loop
      vertex  4.059465e+001  1.106386e+001  5.610627e+000
      vertex  4.061411e+001  1.151802e+001  4.472990e+000
      vertex  4.052332e+001  1.144326e+001  5.839064e+000
    endloop
  endfacet
  facet normal  9.921750e-001  1.023284e-001  7.153761e-002
    outer loop
      vertex  4.052332e+001  1.144326e+001  5.839064e+000
      vertex  4.061411e+001  1.151802e+001  4.472990e+000
      vertex  4.055568e+001  1.192007e+001  4.708277e+000
    endloop
  endfacet
  facet normal  9.767849e-001  1.859548e-001  1.063590e-001
    outer loop
      vertex  4.052332e+001  1.144326e+001  5.839064e+000
      vertex  4.055568e+001  1.192007e+001  4.708277e+000
      vertex  4.042908e+001  1.180297e+001  6.075624e+000
    endloop
  endfacet
  facet normal  9.848890e-001  1.391533e-001  1.031015e-001
    outer loop
      vertex  4.042908e+001  1.180297e+001  6.075624e+000
      vertex  4.055568e+001  1.192007e+001  4.708277e+000
      vertex  4.047435e+001  1.231162e+001  4.956747e+000
    endloop
  endfacet
  facet normal  9.642218e-001  2.244597e-001  1.410464e-001
    outer loop
      vertex  4.042908e+001  1.180297e+001  6.075624e+000
      vertex  4.047435e+001  1.231162e+001  4.956747e+000
      vertex  4.030958e+001  1.215617e+001  6.330518e+000
    endloop
  endfacet
  facet normal  9.760731e-001  1.694653e-001  1.362449e-001
    outer loop
      vertex  4.030958e+001  1.215617e+001  6.330518e+000
      vertex  4.047435e+001  1.231162e+001  4.956747e+000
      vertex  4.037192e+001  1.269103e+001  5.218644e+000
    endloop
  endfacet
  facet normal  9.665313e-001  2.057946e-001  1.531857e-001
    outer loop
      vertex  4.030958e+001  1.215617e+001  6.330518e+000
      vertex  4.037192e+001  1.269103e+001  5.218644e+000
      vertex  4.025035e+001  1.305676e+001  5.494341e+000
    endloop
  endfacet
  facet normal  9.504589e-001  2.427672e-001  1.941445e-001
    outer loop
      vertex  4.030958e+001  1.215617e+001  6.330518e+000
      vertex  4.025035e+001  1.305676e+001  5.494341e+000
      vertex  4.017173e+001  1.248586e+001  6.593117e+000
    endloop
  endfacet
  facet normal  9.559995e-001  2.267068e-001  1.861963e-001
    outer loop
      vertex  4.017173e+001  1.248586e+001  6.593117e+000
      vertex  4.025035e+001  1.305676e+001  5.494341e+000
      vertex  4.009213e+001  1.345301e+001  5.824227e+000
    endloop
  endfacet
  facet normal  9.360633e-001  2.629119e-001  2.338010e-001
    outer loop
      vertex  4.017173e+001  1.248586e+001  6.593117e+000
      vertex  4.009213e+001  1.345301e+001  5.824227e+000
      vertex  4.001211e+001  1.280379e+001  6.874660e+000
    endloop
  endfacet
  facet normal  9.217315e-001  2.945663e-001  2.522732e-001
    outer loop
      vertex  4.001211e+001  1.280379e+001  6.874660e+000
      vertex  4.009213e+001  1.345301e+001  5.824227e+000
      vertex  3.984018e+001  1.309445e+001  7.163462e+000
    endloop
  endfacet
  facet normal  9.452510e-001  2.236059e-001  2.376993e-001
    outer loop
      vertex  3.984018e+001  1.309445e+001  7.163462e+000
      vertex  4.009213e+001  1.345301e+001  5.824227e+000
      vertex  3.991567e+001  1.382766e+001  6.173514e+000
    endloop
  endfacet
  facet normal  9.095870e-001  2.977082e-001  2.898639e-001
    outer loop
      vertex  3.984018e+001  1.309445e+001  7.163462e+000
      vertex  3.991567e+001  1.382766e+001  6.173514e+000
      vertex  3.965983e+001  1.335739e+001  7.459328e+000
    endloop
  endfacet
  facet normal  9.361972e-001  2.262065e-001  2.690080e-001
    outer loop
      vertex  3.965983e+001  1.335739e+001  7.459328e+000
      vertex  3.991567e+001  1.382766e+001  6.173514e+000
      vertex  3.971001e+001  1.420414e+001  6.572659e+000
    endloop
  endfacet
  facet normal  9.007115e-001  2.875755e-001  3.256058e-001
    outer loop
      vertex  3.965983e+001  1.335739e+001  7.459328e+000
      vertex  3.971001e+001  1.420414e+001  6.572659e+000
      vertex  3.947538e+001  1.359218e+001  7.762199e+000
    endloop
  endfacet
  facet normal  9.302542e-001  2.175952e-001  2.954310e-001
    outer loop
      vertex  3.947538e+001  1.359218e+001  7.762199e+000
      vertex  3.971001e+001  1.420414e+001  6.572659e+000
      vertex  3.949377e+001  1.455019e+001  6.998703e+000
    endloop
  endfacet
  facet normal  8.966144e-001  2.653298e-001  3.545174e-001
    outer loop
      vertex  3.947538e+001  1.359218e+001  7.762199e+000
      vertex  3.949377e+001  1.455019e+001  6.998703e+000
      vertex  3.928427e+001  1.380627e+001  8.085311e+000
    endloop
  endfacet
  facet normal  9.292933e-001  1.957661e-001  3.131926e-001
    outer loop
      vertex  3.928427e+001  1.380627e+001  8.085311e+000
      vertex  3.949377e+001  1.455019e+001  6.998703e+000
      vertex  3.930532e+001  1.482028e+001  7.389044e+000
    endloop
  endfacet
  facet normal  8.993169e-001  2.346955e-001  3.689812e-001
    outer loop
      vertex  3.928427e+001  1.380627e+001  8.085311e+000
      vertex  3.930532e+001  1.482028e+001  7.389044e+000
      vertex  3.910118e+001  1.398818e+001  8.415850e+000
    endloop
  endfacet
  facet normal  9.336417e-001  1.639585e-001  3.184819e-001
    outer loop
      vertex  3.910118e+001  1.398818e+001  8.415850e+000
      vertex  3.930532e+001  1.482028e+001  7.389044e+000
      vertex  3.912096e+001  1.506179e+001  7.805148e+000
    endloop
  endfacet
  facet normal  9.110848e-001  1.910041e-001  3.652969e-001
    outer loop
      vertex  3.910118e+001  1.398818e+001  8.415850e+000
      vertex  3.912096e+001  1.506179e+001  7.805148e+000
      vertex  3.892869e+001  1.414150e+001  8.765886e+000
    endloop
  endfacet
  facet normal  9.418657e-001  1.276691e-001  3.107888e-001
    outer loop
      vertex  3.892869e+001  1.414150e+001  8.765886e+000
      vertex  3.912096e+001  1.506179e+001  7.805148e+000
      vertex  3.899244e+001  1.521878e+001  8.130160e+000
    endloop
  endfacet
  facet normal  9.525585e-001  1.108936e-001  2.834339e-001
    outer loop
      vertex  3.892869e+001  1.414150e+001  8.765886e+000
      vertex  3.899244e+001  1.521878e+001  8.130160e+000
      vertex  3.887434e+001  1.535567e+001  8.473494e+000
    endloop
  endfacet
  facet normal  9.991956e-001  -0.000000e+000  4.010160e-002
    outer loop
      vertex  3.862500e+001  1.562500e+001  1.000000e+001
      vertex  3.862500e+001  1.437500e+001  1.000000e+001
      vertex  3.863953e+001  1.560998e+001  9.637862e+000
    endloop
  endfacet
  facet normal  9.988562e-001  2.250084e-003  4.776134e-002
    outer loop
      vertex  3.863953e+001  1.560998e+001  9.637862e+000
      vertex  3.862500e+001  1.437500e+001  1.000000e+001
      vertex  3.863557e+001  1.436759e+001  9.779283e+000
    endloop
  endfacet
  facet normal  9.931151e-001  1.011610e-002  1.167042e-001
    outer loop
      vertex  3.863953e+001  1.560998e+001  9.637862e+000
      vertex  3.863557e+001  1.436759e+001  9.779283e+000
      vertex  3.868194e+001  1.556566e+001  9.280826e+000
    endloop
  endfacet
  facet normal  9.901925e-001  1.924625e-002  1.383773e-001
    outer loop
      vertex  3.868194e+001  1.556566e+001  9.280826e+000
      vertex  3.863557e+001  1.436759e+001  9.779283e+000
      vertex  3.866675e+001  1.434543e+001  9.559266e+000
    endloop
  endfacet
  facet normal  9.751952e-001  3.763024e-002  2.181246e-001
    outer loop
      vertex  3.868194e+001  1.556566e+001  9.280826e+000
      vertex  3.866675e+001  1.434543e+001  9.559266e+000
      vertex  3.871706e+001  1.430874e+001  9.340660e+000
    endloop
  endfacet
  facet normal  9.792758e-001  2.010806e-001 -2.419880e-002
    outer loop
      vertex  3.752355e+001 -3.061296e+000  3.282706e+000
      vertex  3.742373e+001 -2.729803e+000  1.997629e+000
      vertex  3.734418e+001 -2.197007e+000  3.205770e+000
    endloop
  endfacet
  facet normal  9.856123e-001  1.687529e-001 -9.524904e-003
    outer loop
      vertex  3.742373e+001 -2.729803e+000  1.997629e+000
      vertex  3.730479e+001 -2.038189e+000  1.943119e+000
      vertex  3.734418e+001 -2.197007e+000  3.205770e+000
    endloop
  endfacet
  facet normal  9.907054e-001  1.353139e-001 -1.388980e-002
    outer loop
      vertex  3.722438e+001 -1.325169e+000  3.154275e+000
      vertex  3.734418e+001 -2.197007e+000  3.205770e+000
      vertex  3.730479e+001 -2.038189e+000  1.943119e+000
    endloop
  endfacet
  facet normal  9.927797e-001  1.198620e-001 -4.655382e-003
    outer loop
      vertex  3.730479e+001 -2.038189e+000  1.943119e+000
      vertex  3.722039e+001 -1.340665e+000  1.904375e+000
      vertex  3.722438e+001 -1.325169e+000  3.154275e+000
    endloop
  endfacet
  facet normal  7.830064e-001  5.850018e-001 -2.113624e-001
    outer loop
      vertex  4.040617e+001 -8.581793e+000  4.484562e+000
      vertex  4.040617e+001 -8.997784e+000  3.333197e+000
      vertex  3.998170e+001 -8.075823e+000  4.312481e+000
    endloop
  endfacet
  facet normal  8.013839e-001  5.680302e-001 -1.874185e-001
    outer loop
      vertex  3.998170e+001 -8.075823e+000  4.312481e+000
      vertex  4.040617e+001 -8.997784e+000  3.333197e+000
      vertex  3.997879e+001 -8.456516e+000  3.146258e+000
    endloop
  endfacet
  facet normal  8.108251e-001  5.557962e-001 -1.834484e-001
    outer loop
      vertex  3.998170e+001 -8.075823e+000  4.312481e+000
      vertex  3.997879e+001 -8.456516e+000  3.146258e+000
      vertex  3.958108e+001 -7.545577e+000  4.148289e+000
    endloop
  endfacet
  facet normal  8.268796e-001  5.386849e-001 -1.615205e-001
    outer loop
      vertex  3.958108e+001 -7.545577e+000  4.148289e+000
      vertex  3.997879e+001 -8.456516e+000  3.146258e+000
      vertex  3.957691e+001 -7.892811e+000  2.968890e+000
    endloop
  endfacet
  facet normal  8.373919e-001  5.235405e-001 -1.570989e-001
    outer loop
      vertex  3.958108e+001 -7.545577e+000  4.148289e+000
      vertex  3.957691e+001 -7.892811e+000  2.968890e+000
      vertex  3.920568e+001 -6.991726e+000  3.992990e+000
    endloop
  endfacet
  facet normal  8.511635e-001  5.066423e-001 -1.372384e-001
    outer loop
      vertex  3.920568e+001 -6.991726e+000  3.992990e+000
      vertex  3.957691e+001 -7.892811e+000  2.968890e+000
      vertex  3.920176e+001 -7.307748e+000  2.802059e+000
    endloop
  endfacet
  facet normal  8.625668e-001  4.883093e-001 -1.324111e-001
    outer loop
      vertex  3.920568e+001 -6.991726e+000  3.992990e+000
      vertex  3.920176e+001 -7.307748e+000  2.802059e+000
      vertex  3.885694e+001 -6.415138e+000  3.847575e+000
    endloop
  endfacet
  facet normal  8.741239e-001  4.719764e-001 -1.146552e-001
    outer loop
      vertex  3.885694e+001 -6.415138e+000  3.847575e+000
      vertex  3.920176e+001 -7.307748e+000  2.802059e+000
      vertex  3.885460e+001 -6.702523e+000  2.646675e+000
    endloop
  endfacet
  facet normal  8.862042e-001  4.501779e-001 -1.094622e-001
    outer loop
      vertex  3.885694e+001 -6.415138e+000  3.847575e+000
      vertex  3.885460e+001 -6.702523e+000  2.646675e+000
      vertex  3.853642e+001 -5.816888e+000  3.713017e+000
    endloop
  endfacet
  facet normal  8.956161e-001  4.348068e-001 -9.388766e-002
    outer loop
      vertex  3.853642e+001 -5.816888e+000  3.713017e+000
      vertex  3.885460e+001 -6.702523e+000  2.646675e+000
      vertex  3.853662e+001 -6.078449e+000  2.503584e+000
    endloop
  endfacet
  facet normal  9.081240e-001  4.092709e-001 -8.836303e-002
    outer loop
      vertex  3.853642e+001 -5.816888e+000  3.713017e+000
      vertex  3.853662e+001 -6.078449e+000  2.503584e+000
      vertex  3.824567e+001 -5.198264e+000  3.590257e+000
    endloop
  endfacet
  facet normal  9.155098e-001  3.952388e-001 -7.501987e-002
    outer loop
      vertex  3.824567e+001 -5.198264e+000  3.590257e+000
      vertex  3.853662e+001 -6.078449e+000  2.503584e+000
      vertex  3.824902e+001 -5.436960e+000  2.373571e+000
    endloop
  endfacet
  facet normal  9.281473e-001  3.657249e-001 -6.919486e-002
    outer loop
      vertex  3.824567e+001 -5.198264e+000  3.590257e+000
      vertex  3.824902e+001 -5.436960e+000  2.373571e+000
      vertex  3.798627e+001 -4.560775e+000  3.480198e+000
    endloop
  endfacet
  facet normal  9.336440e-001  3.534476e-001 -5.816910e-002
    outer loop
      vertex  3.798627e+001 -4.560775e+000  3.480198e+000
      vertex  3.824902e+001 -5.436960e+000  2.373571e+000
      vertex  3.799293e+001 -4.779610e+000  2.257354e+000
    endloop
  endfacet
  facet normal  9.460731e-001  3.197413e-001 -5.206950e-002
    outer loop
      vertex  3.798627e+001 -4.560775e+000  3.480198e+000
      vertex  3.799293e+001 -4.779610e+000  2.257354e+000
      vertex  3.775972e+001 -3.906157e+000  3.383687e+000
    endloop
  endfacet
  facet normal  9.498733e-001  3.096050e-001 -4.342213e-002
    outer loop
      vertex  3.775972e+001 -3.906157e+000  3.383687e+000
      vertex  3.799293e+001 -4.779610e+000  2.257354e+000
      vertex  3.776940e+001 -4.108078e+000  2.155585e+000
    endloop
  endfacet
  facet normal  9.635622e-001  2.650520e-001 -3.598901e-002
    outer loop
      vertex  3.775972e+001 -3.906157e+000  3.383687e+000
      vertex  3.776940e+001 -4.108078e+000  2.155585e+000
      vertex  3.752355e+001 -3.061296e+000  3.282706e+000
    endloop
  endfacet
  facet normal  9.640506e-001  2.634798e-001 -3.442234e-002
    outer loop
      vertex  3.752355e+001 -3.061296e+000  3.282706e+000
      vertex  3.776940e+001 -4.108078e+000  2.155585e+000
      vertex  3.757938e+001 -3.424166e+000  2.068841e+000
    endloop
  endfacet
  facet normal  9.760235e-001  2.167532e-001 -1.990331e-002
    outer loop
      vertex  3.752355e+001 -3.061296e+000  3.282706e+000
      vertex  3.757938e+001 -3.424166e+000  2.068841e+000
      vertex  3.742373e+001 -2.729803e+000  1.997629e+000
    endloop
  endfacet
  facet normal  9.976567e-001  6.830110e-002 -4.031704e-003
    outer loop
      vertex  3.722438e+001 -1.325169e+000  3.154275e+000
      vertex  3.722039e+001 -1.340665e+000  1.904375e+000
      vertex  3.716401e+001 -4.449289e-001  3.128294e+000
    endloop
  endfacet
  facet normal  9.975166e-001  7.022056e-002 -5.442926e-003
    outer loop
      vertex  3.716401e+001 -4.449289e-001  3.128294e+000
      vertex  3.722039e+001 -1.340665e+000  1.904375e+000
      vertex  3.717090e+001 -6.394283e-001  1.881608e+000
    endloop
  endfacet
  facet normal  9.999150e-001  1.253732e-002  3.569670e-003
    outer loop
      vertex  3.716401e+001 -4.449289e-001  3.128294e+000
      vertex  3.717090e+001 -6.394283e-001  1.881608e+000
      vertex  3.715693e+001  1.206123e-001  3.125242e+000
    endloop
  endfacet
  facet normal  9.997900e-001  2.045765e-002 -1.272204e-003
    outer loop
      vertex  3.715693e+001  1.206123e-001  3.125242e+000
      vertex  3.717090e+001 -6.394283e-001  1.881608e+000
      vertex  3.715651e+001  6.336620e-002  1.874932e+000
    endloop
  endfacet
  facet normal  9.995127e-001 -3.119460e-002  1.092814e-003
    outer loop
      vertex  3.715693e+001  1.206123e-001  3.125242e+000
      vertex  3.715651e+001  6.336620e-002  1.874932e+000
      vertex  3.717456e+001  6.856914e-001  3.132826e+000
    endloop
  endfacet
  facet normal  9.995649e-001 -2.949805e-002  2.527226e-004
    outer loop
      vertex  3.717456e+001  6.856914e-001  3.132826e+000
      vertex  3.715651e+001  6.336620e-002  1.874932e+000
      vertex  3.717723e+001  7.656094e-001  1.884369e+000
    endloop
  endfacet
  facet normal  9.968836e-001 -7.883267e-002 -2.911100e-003
    outer loop
      vertex  3.717456e+001  6.856914e-001  3.132826e+000
      vertex  3.717723e+001  7.656094e-001  1.884369e+000
      vertex  3.722762e+001  1.355805e+000  3.155647e+000
    endloop
  endfacet
  facet normal  9.968506e-001 -7.925572e-002 -2.713390e-003
    outer loop
      vertex  3.722762e+001  1.355805e+000  3.155647e+000
      vertex  3.717723e+001  7.656094e-001  1.884369e+000
      vertex  3.723293e+001  1.465244e+000  1.909854e+000
    endloop
  endfacet
  facet normal  9.914721e-001 -1.301198e-001 -7.204565e-003
    outer loop
      vertex  3.722762e+001  1.355805e+000  3.155647e+000
      vertex  3.723293e+001  1.465244e+000  1.909854e+000
      vertex  3.731515e+001  2.020660e+000  3.193261e+000
    endloop
  endfacet
  facet normal  9.916816e-001 -1.284707e-001 -7.931657e-003
    outer loop
      vertex  3.731515e+001  2.020660e+000  3.193261e+000
      vertex  3.723293e+001  1.465244e+000  1.909854e+000
      vertex  3.732330e+001  2.160268e+000  1.951234e+000
    endloop
  endfacet
  facet normal  9.834719e-001 -1.805305e-001 -1.383722e-002
    outer loop
      vertex  3.731515e+001  2.020660e+000  3.193261e+000
      vertex  3.732330e+001  2.160268e+000  1.951234e+000
      vertex  3.743652e+001  2.677885e+000  3.245345e+000
    endloop
  endfacet
  facet normal  9.841162e-001 -1.768599e-001 -1.536177e-002
    outer loop
      vertex  3.743652e+001  2.677885e+000  3.245345e+000
      vertex  3.732330e+001  2.160268e+000  1.951234e+000
      vertex  3.744792e+001  2.848739e+000  2.008271e+000
    endloop
  endfacet
  facet normal  9.729901e-001 -2.297215e-001 -2.276502e-002
    outer loop
      vertex  3.743652e+001  2.677885e+000  3.245345e+000
      vertex  3.744792e+001  2.848739e+000  2.008271e+000
      vertex  3.759092e+001  3.325264e+000  3.311470e+000
    endloop
  endfacet
  facet normal  9.742372e-001 -2.241423e-001 -2.494191e-002
    outer loop
      vertex  3.759092e+001  3.325264e+000  3.311470e+000
      vertex  3.744792e+001  2.848739e+000  2.008271e+000
      vertex  3.760623e+001  3.528780e+000  2.080650e+000
    endloop
  endfacet
  facet normal  9.601505e-001 -2.774166e-001 -3.392608e-002
    outer loop
      vertex  3.759092e+001  3.325264e+000  3.311470e+000
      vertex  3.760623e+001  3.528780e+000  2.080650e+000
      vertex  3.777734e+001  3.960746e+000  3.391114e+000
    endloop
  endfacet
  facet normal  9.621473e-001 -2.700596e-001 -3.661187e-002
    outer loop
      vertex  3.777734e+001  3.960746e+000  3.391114e+000
      vertex  3.760623e+001  3.528780e+000  2.080650e+000
      vertex  3.779755e+001  4.198584e+000  2.167973e+000
    endloop
  endfacet
  facet normal  9.450995e-001 -3.233476e-001 -4.725538e-002
    outer loop
      vertex  3.777734e+001  3.960746e+000  3.391114e+000
      vertex  3.779755e+001  4.198584e+000  2.167973e+000
      vertex  3.799467e+001  4.582458e+000  3.483677e+000
    endloop
  endfacet
  facet normal  9.479614e-001 -3.143871e-001 -5.029847e-002
    outer loop
      vertex  3.799467e+001  4.582458e+000  3.483677e+000
      vertex  3.779755e+001  4.198584e+000  2.167973e+000
      vertex  3.802112e+001  4.856415e+000  2.269768e+000
    endloop
  endfacet
  facet normal  9.279951e-001 -3.672837e-001 -6.267127e-002
    outer loop
      vertex  3.799467e+001  4.582458e+000  3.483677e+000
      vertex  3.802112e+001  4.856415e+000  2.269768e+000
      vertex  3.824170e+001  5.188707e+000  3.588486e+000
    endloop
  endfacet
  facet normal  9.318129e-001 -3.569013e-001 -6.592598e-002
    outer loop
      vertex  3.824170e+001  5.188707e+000  3.588486e+000
      vertex  3.802112e+001  4.856415e+000  2.269768e+000
      vertex  3.827605e+001  5.500618e+000  2.385490e+000
    endloop
  endfacet
  facet normal  9.089928e-001 -4.090435e-001 -8.009698e-002
    outer loop
      vertex  3.824170e+001  5.188707e+000  3.588486e+000
      vertex  3.827605e+001  5.500618e+000  2.385490e+000
      vertex  3.851712e+001  5.777988e+000  3.704817e+000
    endloop
  endfacet
  facet normal  9.138296e-001 -3.974375e-001 -8.342074e-002
    outer loop
      vertex  3.851712e+001  5.777988e+000  3.704817e+000
      vertex  3.827605e+001  5.500618e+000  2.385490e+000
      vertex  3.856139e+001  6.129616e+000  2.514523e+000
    endloop
  endfacet
  facet normal  8.894767e-001 -4.461884e-001 -9.872811e-002
    outer loop
      vertex  3.851712e+001  5.777988e+000  3.704817e+000
      vertex  3.856139e+001  6.129616e+000  2.514523e+000
      vertex  3.878402e+001  6.285233e+000  3.816983e+000
    endloop
  endfacet
  facet normal  8.941563e-001 -4.362819e-001 -1.007116e-001
    outer loop
      vertex  3.878402e+001  6.285233e+000  3.816983e+000
      vertex  3.856139e+001  6.129616e+000  2.514523e+000
      vertex  3.887611e+001  6.741923e+000  2.656184e+000
    endloop
  endfacet
  facet normal  8.698439e-001 -4.786795e-001 -1.193208e-001
    outer loop
      vertex  3.878402e+001  6.285233e+000  3.816983e+000
      vertex  3.887611e+001  6.741923e+000  2.656184e+000
      vertex  3.907129e+001  6.777317e+000  3.937044e+000
    endloop
  endfacet
  facet normal  8.729242e-001 -4.728796e-001 -1.199504e-001
    outer loop
      vertex  3.907129e+001  6.777317e+000  3.937044e+000
      vertex  3.887611e+001  6.741923e+000  2.656184e+000
      vertex  3.921910e+001  7.336143e+000  2.809723e+000
    endloop
  endfacet
  facet normal  8.490661e-001 -5.091115e-001 -1.410393e-001
    outer loop
      vertex  3.907129e+001  6.777317e+000  3.937044e+000
      vertex  3.921910e+001  7.336143e+000  2.809723e+000
      vertex  3.937801e+001  7.253558e+000  4.064428e+000
    endloop
  endfacet
  facet normal  8.011826e-001 -5.628119e-001 -2.033451e-001
    outer loop
      vertex  4.040617e+001  8.997784e+000  3.333197e+000
      vertex  4.040617e+001  8.581793e+000  4.484562e+000
      vertex  3.998534e+001  8.465221e+000  3.149130e+000
    endloop
  endfacet
  facet normal  7.808139e-001 -5.938081e-001 -1.942207e-001
    outer loop
      vertex  3.998534e+001  8.465221e+000  3.149130e+000
      vertex  4.040617e+001  8.581793e+000  4.484562e+000
      vertex  4.004628e+001  8.156247e+000  4.338792e+000
    endloop
  endfacet
  facet normal  8.262652e-001 -5.334516e-001 -1.808735e-001
    outer loop
      vertex  3.998534e+001  8.465221e+000  3.149130e+000
      vertex  4.004628e+001  8.156247e+000  4.338792e+000
      vertex  3.958924e+001  7.910976e+000  2.974329e+000
    endloop
  endfacet
  facet normal  8.044204e-001 -5.701141e-001 -1.669661e-001
    outer loop
      vertex  3.958924e+001  7.910976e+000  2.974329e+000
      vertex  4.004628e+001  8.156247e+000  4.338792e+000
      vertex  3.970329e+001  7.713367e+000  4.198544e+000
    endloop
  endfacet
  facet normal  8.501647e-001 -5.015654e-001 -1.601627e-001
    outer loop
      vertex  3.958924e+001  7.910976e+000  2.974329e+000
      vertex  3.970329e+001  7.713367e+000  4.198544e+000
      vertex  3.921910e+001  7.336143e+000  2.809723e+000
    endloop
  endfacet
  facet normal  8.271317e-001 -5.441450e-001 -1.405674e-001
    outer loop
      vertex  3.921910e+001  7.336143e+000  2.809723e+000
      vertex  3.970329e+001  7.713367e+000  4.198544e+000
      vertex  3.937801e+001  7.253558e+000  4.064428e+000
    endloop
  endfacet
  facet normal  9.806450e-001 -3.730530e-002  1.922074e-001
    outer loop
      vertex  3.868549e+001 -1.556191e+001  9.258531e+000
      vertex  3.877016e+001 -1.547121e+001  8.844143e+000
      vertex  3.871712e+001 -1.430869e+001  9.340403e+000
    endloop
  endfacet
  facet normal  9.570905e-001 -7.573652e-002  2.797172e-001
    outer loop
      vertex  3.871712e+001 -1.430869e+001  9.340403e+000
      vertex  3.877016e+001 -1.547121e+001  8.844143e+000
      vertex  3.878447e+001 -1.425776e+001  9.123725e+000
    endloop
  endfacet
  facet normal  9.653351e-001 -6.936207e-002  2.516286e-001
    outer loop
      vertex  3.878447e+001 -1.425776e+001  9.123725e+000
      vertex  3.877016e+001 -1.547121e+001  8.844143e+000
      vertex  3.888211e+001 -1.534683e+001  8.448935e+000
    endloop
  endfacet
  facet normal  9.336594e-001 -1.243955e-001  3.358659e-001
    outer loop
      vertex  3.878447e+001 -1.425776e+001  9.123725e+000
      vertex  3.888211e+001 -1.534683e+001  8.448935e+000
      vertex  3.892886e+001 -1.414134e+001  8.765459e+000
    endloop
  endfacet
  facet normal  9.516187e-001 -1.120329e-001  2.861304e-001
    outer loop
      vertex  3.892886e+001 -1.414134e+001  8.765459e+000
      vertex  3.888211e+001 -1.534683e+001  8.448935e+000
      vertex  3.900334e+001 -1.520578e+001  8.100981e+000
    endloop
  endfacet
  facet normal  9.988543e-001  -0.000000e+000  4.785417e-002
    outer loop
      vertex  3.862500e+001 -1.437500e+001  1.000000e+001
      vertex  3.862500e+001 -1.562500e+001  1.000000e+001
      vertex  3.863558e+001 -1.436758e+001  9.779203e+000
    endloop
  endfacet
  facet normal  9.991462e-001 -1.153363e-003  4.129985e-002
    outer loop
      vertex  3.863558e+001 -1.436758e+001  9.779203e+000
      vertex  3.862500e+001 -1.562500e+001  1.000000e+001
      vertex  3.864046e+001 -1.560902e+001  9.626499e+000
    endloop
  endfacet
  facet normal  9.902017e-001 -1.320840e-002  1.390179e-001
    outer loop
      vertex  3.863558e+001 -1.436758e+001  9.779203e+000
      vertex  3.864046e+001 -1.560902e+001  9.626499e+000
      vertex  3.866677e+001 -1.434541e+001  9.559102e+000
    endloop
  endfacet
  facet normal  9.927121e-001 -1.429319e-002  1.196595e-001
    outer loop
      vertex  3.866677e+001 -1.434541e+001  9.559102e+000
      vertex  3.864046e+001 -1.560902e+001  9.626499e+000
      vertex  3.868549e+001 -1.556191e+001  9.258531e+000
    endloop
  endfacet
  facet normal  9.751852e-001 -3.884960e-002  2.179553e-001
    outer loop
      vertex  3.866677e+001 -1.434541e+001  9.559102e+000
      vertex  3.868549e+001 -1.556191e+001  9.258531e+000
      vertex  3.871712e+001 -1.430869e+001  9.340403e+000
    endloop
  endfacet
  facet normal  9.113968e-001 -1.701429e-001  3.747097e-001
    outer loop
      vertex  3.892886e+001 -1.414134e+001  8.765459e+000
      vertex  3.900334e+001 -1.520578e+001  8.100981e+000
      vertex  3.910144e+001 -1.398794e+001  8.415366e+000
    endloop
  endfacet
  facet normal  9.411967e-001 -1.535078e-001  3.009719e-001
    outer loop
      vertex  3.910144e+001 -1.398794e+001  8.415366e+000
      vertex  3.900334e+001 -1.520578e+001  8.100981e+000
      vertex  3.913490e+001 -1.504423e+001  7.771974e+000
    endloop
  endfacet
  facet normal  8.996446e-001 -2.059921e-001  3.849766e-001
    outer loop
      vertex  3.910144e+001 -1.398794e+001  8.415366e+000
      vertex  3.913490e+001 -1.504423e+001  7.771974e+000
      vertex  3.928452e+001 -1.380600e+001  8.084867e+000
    endloop
  endfacet
  facet normal  9.332061e-001 -1.898604e-001  3.050891e-001
    outer loop
      vertex  3.928452e+001 -1.380600e+001  8.084867e+000
      vertex  3.913490e+001 -1.504423e+001  7.771974e+000
      vertex  3.932101e+001 -1.479874e+001  7.355467e+000
    endloop
  endfacet
  facet normal  8.968967e-001 -2.399688e-001  3.714719e-001
    outer loop
      vertex  3.928452e+001 -1.380600e+001  8.084867e+000
      vertex  3.932101e+001 -1.479874e+001  7.355467e+000
      vertex  3.947562e+001 -1.359189e+001  7.761800e+000
    endloop
  endfacet
  facet normal  9.292713e-001 -2.191633e-001  2.973590e-001
    outer loop
      vertex  3.947562e+001 -1.359189e+001  7.761800e+000
      vertex  3.932101e+001 -1.479874e+001  7.355467e+000
      vertex  3.951067e+001 -1.452464e+001  6.964775e+000
    endloop
  endfacet
  facet normal  9.010527e-001 -2.616787e-001  3.458733e-001
    outer loop
      vertex  3.947562e+001 -1.359189e+001  7.761800e+000
      vertex  3.951067e+001 -1.452464e+001  6.964775e+000
      vertex  3.966005e+001 -1.335710e+001  7.458971e+000
    endloop
  endfacet
  facet normal  9.306763e-001 -2.370255e-001  2.786761e-001
    outer loop
      vertex  3.966005e+001 -1.335710e+001  7.458971e+000
      vertex  3.951067e+001 -1.452464e+001  6.964775e+000
      vertex  3.972655e+001 -1.417578e+001  6.540555e+000
    endloop
  endfacet
  facet normal  9.099973e-001 -2.745837e-001  3.106585e-001
    outer loop
      vertex  3.966005e+001 -1.335710e+001  7.458971e+000
      vertex  3.972655e+001 -1.417578e+001  6.540555e+000
      vertex  3.984038e+001 -1.309414e+001  7.163140e+000
    endloop
  endfacet
  facet normal  9.370171e-001 -2.430190e-001  2.508798e-001
    outer loop
      vertex  3.984038e+001 -1.309414e+001  7.163140e+000
      vertex  3.972655e+001 -1.417578e+001  6.540555e+000
      vertex  3.993130e+001 -1.379669e+001  6.143031e+000
    endloop
  endfacet
  facet normal  9.221209e-001 -2.753394e-001  2.718110e-001
    outer loop
      vertex  3.984038e+001 -1.309414e+001  7.163140e+000
      vertex  3.993130e+001 -1.379669e+001  6.143031e+000
      vertex  4.001229e+001 -1.280348e+001  6.874371e+000
    endloop
  endfacet
  facet normal  9.360077e-001 -2.549872e-001  2.426336e-001
    outer loop
      vertex  4.001229e+001 -1.280348e+001  6.874371e+000
      vertex  3.993130e+001 -1.379669e+001  6.143031e+000
      vertex  4.017187e+001 -1.248556e+001  6.592867e+000
    endloop
  endfacet
  facet normal  9.462600e-001 -2.457521e-001  2.102331e-001
    outer loop
      vertex  4.017187e+001 -1.248556e+001  6.592867e+000
      vertex  3.993130e+001 -1.379669e+001  6.143031e+000
      vertex  4.010692e+001 -1.341881e+001  5.794298e+000
    endloop
  endfacet
  facet normal  9.504400e-001 -2.376675e-001  2.004451e-001
    outer loop
      vertex  4.017187e+001 -1.248556e+001  6.592867e+000
      vertex  4.010692e+001 -1.341881e+001  5.794298e+000
      vertex  4.030968e+001 -1.215588e+001  6.330298e+000
    endloop
  endfacet
  facet normal  9.569671e-001 -2.291911e-001  1.780037e-001
    outer loop
      vertex  4.030968e+001 -1.215588e+001  6.330298e+000
      vertex  4.010692e+001 -1.341881e+001  5.794298e+000
      vertex  4.026384e+001 -1.301937e+001  5.464991e+000
    endloop
  endfacet
  facet normal  9.643549e-001 -2.110965e-001  1.595558e-001
    outer loop
      vertex  4.030968e+001 -1.215588e+001  6.330298e+000
      vertex  4.026384e+001 -1.301937e+001  5.464991e+000
      vertex  4.042916e+001 -1.180270e+001  6.075435e+000
    endloop
  endfacet
  facet normal  9.674999e-001 -2.054426e-001  1.474353e-001
    outer loop
      vertex  4.042916e+001 -1.180270e+001  6.075435e+000
      vertex  4.026384e+001 -1.301937e+001  5.464991e+000
      vertex  4.038235e+001 -1.265604e+001  5.193526e+000
    endloop
  endfacet
  facet normal  9.768789e-001 -1.772021e-001  1.196116e-001
    outer loop
      vertex  4.042916e+001 -1.180270e+001  6.075435e+000
      vertex  4.038235e+001 -1.265604e+001  5.193526e+000
      vertex  4.052337e+001 -1.144301e+001  5.838905e+000
    endloop
  endfacet
  facet normal  9.770146e-001 -1.768805e-001  1.189775e-001
    outer loop
      vertex  4.052337e+001 -1.144301e+001  5.838905e+000
      vertex  4.038235e+001 -1.265604e+001  5.193526e+000
      vertex  4.048195e+001 -1.227946e+001  4.935537e+000
    endloop
  endfacet
  facet normal  9.872812e-001 -1.366504e-001  8.125658e-002
    outer loop
      vertex  4.052337e+001 -1.144301e+001  5.838905e+000
      vertex  4.048195e+001 -1.227946e+001  4.935537e+000
      vertex  4.059468e+001 -1.106363e+001  5.610497e+000
    endloop
  endfacet
  facet normal  9.855945e-001 -1.422064e-001  9.154647e-002
    outer loop
      vertex  4.059468e+001 -1.106363e+001  5.610497e+000
      vertex  4.048195e+001 -1.227946e+001  4.935537e+000
      vertex  4.056073e+001 -1.189111e+001  4.690676e+000
    endloop
  endfacet
  facet normal  9.926441e-001 -1.059188e-001  5.864186e-002
    outer loop
      vertex  4.059468e+001 -1.106363e+001  5.610497e+000
      vertex  4.056073e+001 -1.189111e+001  4.690676e+000
      vertex  4.061695e+001 -1.149261e+001  4.458714e+000
    endloop
  endfacet
  facet normal  9.950446e-001 -8.534040e-002  5.102400e-002
    outer loop
      vertex  4.059468e+001 -1.106363e+001  5.610497e+000
      vertex  4.061695e+001 -1.149261e+001  4.458714e+000
      vertex  4.064005e+001 -1.066594e+001  5.390838e+000
    endloop
  endfacet
  facet normal  9.975923e-001 -6.227894e-002  3.050851e-002
    outer loop
      vertex  4.064005e+001 -1.066594e+001  5.390838e+000
      vertex  4.061695e+001 -1.149261e+001  4.458714e+000
      vertex  4.064906e+001 -1.108573e+001  4.239516e+000
    endloop
  endfacet
  facet normal  9.993732e-001 -3.002072e-002  1.876057e-002
    outer loop
      vertex  4.064005e+001 -1.066594e+001  5.390838e+000
      vertex  4.064906e+001 -1.108573e+001  4.239516e+000
      vertex  4.065644e+001 -1.025165e+001  5.180603e+000
    endloop
  endfacet
  facet normal  9.998958e-001 -1.376435e-002  4.348487e-003
    outer loop
      vertex  4.065644e+001 -1.025165e+001  5.180603e+000
      vertex  4.064906e+001 -1.108573e+001  4.239516e+000
      vertex  4.065564e+001 -1.067239e+001  4.033011e+000
    endloop
  endfacet
  facet normal  9.995178e-001  2.892042e-002 -1.130092e-002
    outer loop
      vertex  4.065644e+001 -1.025165e+001  5.180603e+000
      vertex  4.065564e+001 -1.067239e+001  4.033011e+000
      vertex  4.064262e+001 -9.847589e+000  4.991588e+000
    endloop
  endfacet
  facet normal  9.990450e-001  3.890115e-002 -1.989524e-002
    outer loop
      vertex  4.064262e+001 -9.847589e+000  4.991588e+000
      vertex  4.065564e+001 -1.067239e+001  4.033011e+000
      vertex  4.063552e+001 -1.025466e+001  3.839164e+000
    endloop
  endfacet
  facet normal  9.951264e-001  9.089322e-002 -3.823610e-002
    outer loop
      vertex  4.064262e+001 -9.847589e+000  4.991588e+000
      vertex  4.063552e+001 -1.025466e+001  3.839164e+000
      vertex  4.059784e+001 -9.432789e+000  4.812179e+000
    endloop
  endfacet
  facet normal  9.945781e-001  9.518563e-002 -4.188296e-002
    outer loop
      vertex  4.059784e+001 -9.432789e+000  4.812179e+000
      vertex  4.063552e+001 -1.025466e+001  3.839164e+000
      vertex  4.058770e+001 -9.834720e+000  3.657950e+000
    endloop
  endfacet
  facet normal  9.856212e-001  1.566958e-001 -6.322362e-002
    outer loop
      vertex  4.059784e+001 -9.432789e+000  4.812179e+000
      vertex  4.058770e+001 -9.834720e+000  3.657950e+000
      vertex  4.051974e+001 -9.009841e+000  4.642979e+000
    endloop
  endfacet
  facet normal  9.860807e-001  1.545251e-001 -6.137418e-002
    outer loop
      vertex  4.051974e+001 -9.009841e+000  4.642979e+000
      vertex  4.058770e+001 -9.834720e+000  3.657950e+000
      vertex  4.051142e+001 -9.414932e+000  3.489324e+000
    endloop
  endfacet
  facet normal  9.704060e-001  2.255672e-001 -8.620663e-002
    outer loop
      vertex  4.051974e+001 -9.009841e+000  4.642979e+000
      vertex  4.051142e+001 -9.414932e+000  3.489324e+000
      vertex  4.040617e+001 -8.581793e+000  4.484562e+000
    endloop
  endfacet
  facet normal  9.731964e-001  2.162914e-001 -7.814652e-002
    outer loop
      vertex  4.040617e+001 -8.581793e+000  4.484562e+000
      vertex  4.051142e+001 -9.414932e+000  3.489324e+000
      vertex  4.040617e+001 -8.997784e+000  3.333197e+000
    endloop
  endfacet
  facet normal  8.387304e-001  5.445237e-001  5.042010e-003
    outer loop
      vertex  4.060699e+001 -5.998779e+000  0.000000e+000
      vertex  4.090741e+001 -6.491509e+000  3.238707e+000
      vertex  4.129080e+001 -7.052054e+000  0.000000e+000
    endloop
  endfacet
  facet normal  8.626533e-001  5.057864e-001 -3.070492e-003
    outer loop
      vertex  4.060699e+001 -5.998779e+000  0.000000e+000
      vertex  4.041310e+001 -5.649557e+000  3.052293e+000
      vertex  4.090741e+001 -6.491509e+000  3.238707e+000
    endloop
  endfacet
  facet normal  8.910456e-001  4.538897e-001  4.670702e-003
    outer loop
      vertex  4.041310e+001 -5.649557e+000  3.052293e+000
      vertex  4.060699e+001 -5.998779e+000  0.000000e+000
      vertex  4.003699e+001 -4.879809e+000  0.000000e+000
    endloop
  endfacet
  facet normal  9.053174e-001  4.247127e-001 -4.445915e-003
    outer loop
      vertex  4.003699e+001 -4.879809e+000  0.000000e+000
      vertex  3.989451e+001 -4.546222e+000  2.852764e+000
      vertex  4.041310e+001 -5.649557e+000  3.052293e+000
    endloop
  endfacet
  facet normal  9.335992e-001  3.582875e-001  4.734084e-003
    outer loop
      vertex  3.989451e+001 -4.546222e+000  2.852764e+000
      vertex  4.003699e+001 -4.879809e+000  0.000000e+000
      vertex  3.958706e+001 -3.707399e+000  0.000000e+000
    endloop
  endfacet
  facet normal  9.438446e-001  3.303576e-001 -4.582556e-003
    outer loop
      vertex  3.958706e+001 -3.707399e+000  0.000000e+000
      vertex  3.948746e+001 -3.385470e+000  2.693518e+000
      vertex  3.989451e+001 -4.546222e+000  2.852764e+000
    endloop
  endfacet
  facet normal  9.659294e-001  2.587611e-001  4.791321e-003
    outer loop
      vertex  3.948746e+001 -3.385470e+000  2.693518e+000
      vertex  3.958706e+001 -3.707399e+000  0.000000e+000
      vertex  3.926211e+001 -2.494389e+000  0.000000e+000
    endloop
  endfacet
  facet normal  9.727594e-001  2.317692e-001 -4.709651e-003
    outer loop
      vertex  3.926211e+001 -2.494389e+000  0.000000e+000
      vertex  3.919962e+001 -2.179715e+000  2.579608e+000
      vertex  3.948746e+001 -3.385470e+000  2.693518e+000
    endloop
  endfacet
  facet normal  9.876823e-001  1.563976e-001  4.846032e-003
    outer loop
      vertex  3.919962e+001 -2.179715e+000  2.579608e+000
      vertex  3.926211e+001 -2.494389e+000  0.000000e+000
      vertex  3.906570e+001 -1.254061e+000  0.000000e+000
    endloop
  endfacet
  facet normal  8.187917e-001  5.740856e-001 -2.434743e-003
    outer loop
      vertex  4.090741e+001 -6.491509e+000  3.238707e+000
      vertex  4.146468e+001 -7.285447e+000  3.444043e+000
      vertex  4.129080e+001 -7.052054e+000  0.000000e+000
    endloop
  endfacet
  facet normal  7.688872e-001  6.393686e-001  4.508857e-003
    outer loop
      vertex  4.129080e+001 -7.052054e+000  0.000000e+000
      vertex  4.146468e+001 -7.285447e+000  3.444043e+000
      vertex  4.208094e+001 -8.028100e+000  3.664591e+000
    endloop
  endfacet
  facet normal  7.772412e-001  6.292028e-001  0.000000e+000
    outer loop
      vertex  4.129080e+001 -7.052054e+000  0.000000e+000
      vertex  4.208094e+001 -8.028100e+000  3.664591e+000
      vertex  4.208094e+001 -8.028100e+000  0.000000e+000
    endloop
  endfacet
  facet normal  9.914928e-001  1.300734e-001 -4.797845e-003
    outer loop
      vertex  3.919962e+001 -2.179715e+000  2.579608e+000
      vertex  3.906570e+001 -1.254061e+000  0.000000e+000
      vertex  3.903717e+001 -9.437680e-001  2.514860e+000
    endloop
  endfacet
  facet normal  9.986184e-001  5.232087e-002  4.876421e-003
    outer loop
      vertex  3.903717e+001 -9.437680e-001  2.514860e+000
      vertex  3.906570e+001 -1.254061e+000  0.000000e+000
      vertex  3.900000e+001  1.399133e-015  0.000000e+000
    endloop
  endfacet
  facet normal  9.992254e-001  3.935057e-002  -0.000000e+000
    outer loop
      vertex  3.903717e+001 -9.437680e-001  2.514860e+000
      vertex  3.900000e+001  1.399133e-015  0.000000e+000
      vertex  3.900000e+001  1.399133e-015  2.500000e+000
    endloop
  endfacet
  facet normal  9.659330e-001 -2.587620e-001  3.970493e-003
    outer loop
      vertex  3.958706e+001  3.707399e+000  0.000000e+000
      vertex  3.951000e+001  3.461205e+000  2.702397e+000
      vertex  3.926211e+001  2.494389e+000  0.000000e+000
    endloop
  endfacet
  facet normal  9.426408e-001 -3.337897e-001 -3.528879e-003
    outer loop
      vertex  3.989643e+001  4.550904e+000  2.853510e+000
      vertex  3.951000e+001  3.461205e+000  2.702397e+000
      vertex  3.958706e+001  3.707399e+000  0.000000e+000
    endloop
  endfacet
  facet normal  9.335995e-001 -3.582876e-001  4.693006e-003
    outer loop
      vertex  4.003699e+001  4.879809e+000  0.000000e+000
      vertex  3.989643e+001  4.550904e+000  2.853510e+000
      vertex  3.958706e+001  3.707399e+000  0.000000e+000
    endloop
  endfacet
  facet normal  9.140205e-001 -4.056642e-001 -1.732246e-003
    outer loop
      vertex  4.003699e+001  4.879809e+000  0.000000e+000
      vertex  4.017888e+001  5.186852e+000  2.962660e+000
      vertex  3.989643e+001  4.550904e+000  2.853510e+000
    endloop
  endfacet
  facet normal  9.704257e-001 -2.413855e-001 -2.658304e-003
    outer loop
      vertex  3.951000e+001  3.461205e+000  2.702397e+000
      vertex  3.922861e+001  2.331203e+000  2.591129e+000
      vertex  3.926211e+001  2.494389e+000  0.000000e+000
    endloop
  endfacet
  facet normal  9.892207e-001 -1.463885e-001  3.567398e-003
    outer loop
      vertex  3.926211e+001  2.494389e+000  0.000000e+000
      vertex  3.922861e+001  2.331203e+000  2.591129e+000
      vertex  3.905746e+001  1.172994e+000  2.522968e+000
    endloop
  endfacet
  facet normal  9.876923e-001 -1.563992e-001 -1.799649e-003
    outer loop
      vertex  3.926211e+001  2.494389e+000  0.000000e+000
      vertex  3.905746e+001  1.172994e+000  2.522968e+000
      vertex  3.906570e+001  1.254061e+000  0.000000e+000
    endloop
  endfacet
  facet normal  9.987991e-001 -4.896390e-002  1.688686e-003
    outer loop
      vertex  3.906570e+001  1.254061e+000  0.000000e+000
      vertex  3.905746e+001  1.172994e+000  2.522968e+000
      vertex  3.900000e+001  1.399133e-015  2.500000e+000
    endloop
  endfacet
  facet normal  9.986303e-001 -5.232149e-002  0.000000e+000
    outer loop
      vertex  3.906570e+001  1.254061e+000  0.000000e+000
      vertex  3.900000e+001  1.399133e-015  2.500000e+000
      vertex  3.900000e+001  1.399133e-015  0.000000e+000
    endloop
  endfacet
  facet normal  8.612282e-001 -5.082164e-001 -1.393818e-003
    outer loop
      vertex  4.084629e+001  6.395479e+000  3.215862e+000
      vertex  4.049597e+001  5.802194e+000  3.083810e+000
      vertex  4.060699e+001  5.998779e+000  0.000000e+000
    endloop
  endfacet
  facet normal  8.886938e-001 -4.584929e-001  2.764667e-003
    outer loop
      vertex  4.060699e+001  5.998779e+000  0.000000e+000
      vertex  4.049597e+001  5.802194e+000  3.083810e+000
      vertex  4.017888e+001  5.186852e+000  2.962660e+000
    endloop
  endfacet
  facet normal  8.910468e-001 -4.538904e-001  4.366046e-003
    outer loop
      vertex  4.060699e+001  5.998779e+000  0.000000e+000
      vertex  4.017888e+001  5.186852e+000  2.962660e+000
      vertex  4.003699e+001  4.879809e+000  0.000000e+000
    endloop
  endfacet
  facet normal  8.387315e-001 -5.445244e-001  4.759071e-003
    outer loop
      vertex  4.060699e+001  5.998779e+000  0.000000e+000
      vertex  4.129080e+001  7.052054e+000  0.000000e+000
      vertex  4.084629e+001  6.395479e+000  3.215862e+000
    endloop
  endfacet
  facet normal  8.304477e-001 -5.570956e-001  1.047406e-003
    outer loop
      vertex  4.084629e+001  6.395479e+000  3.215862e+000
      vertex  4.129080e+001  7.052054e+000  0.000000e+000
      vertex  4.122819e+001  6.965040e+000  3.357553e+000
    endloop
  endfacet
  facet normal  7.772399e-001 -6.292018e-001 -1.813430e-003
    outer loop
      vertex  4.129080e+001  7.052054e+000  0.000000e+000
      vertex  4.208094e+001  8.028100e+000  0.000000e+000
      vertex  4.122819e+001  6.965040e+000  3.357553e+000
    endloop
  endfacet
  facet normal  7.800446e-001 -6.257240e-001  0.000000e+000
    outer loop
      vertex  4.122819e+001  6.965040e+000  3.357553e+000
      vertex  4.208094e+001  8.028100e+000  0.000000e+000
      vertex  4.208094e+001  8.028100e+000  3.664591e+000
    endloop
  endfacet
  facet normal  1.000000e+000  0.000000e+000  0.000000e+000
    outer loop
      vertex  2.950000e+001  5.000000e+000 -7.105427e-015
      vertex  2.950000e+001  5.000000e+000  1.500000e+000
      vertex  2.950000e+001 -5.000000e+000 -1.657933e-014
    endloop
  endfacet
  facet normal  1.000000e+000  0.000000e+000  0.000000e+000
    outer loop
      vertex  2.950000e+001 -5.000000e+000 -1.657933e-014
      vertex  2.950000e+001  5.000000e+000  1.500000e+000
      vertex  2.950000e+001 -5.000000e+000  1.500000e+000
    endloop
  endfacet
  facet normal  0.000000e+000 -1.000000e+000  -0.000000e+000
    outer loop
      vertex  3.500000e+001  5.000000e+000  1.110223e-016
      vertex  3.350000e+001  5.000000e+000  1.500000e+000
      vertex  2.950000e+001  5.000000e+000 -7.105427e-015
    endloop
  endfacet
  facet normal  0.000000e+000 -1.000000e+000  0.000000e+000
    outer loop
      vertex  2.950000e+001  5.000000e+000 -7.105427e-015
      vertex  3.350000e+001  5.000000e+000  1.500000e+000
      vertex  2.950000e+001  5.000000e+000  1.500000e+000
    endloop
  endfacet
  facet normal  0.000000e+000  1.000000e+000  0.000000e+000
    outer loop
      vertex  3.500000e+001 -5.000000e+000  1.110223e-016
      vertex  2.950000e+001 -5.000000e+000 -1.657933e-014
      vertex  3.350000e+001 -5.000000e+000  1.500000e+000
    endloop
  endfacet
  facet normal  0.000000e+000  1.000000e+000  0.000000e+000
    outer loop
      vertex  3.350000e+001 -5.000000e+000  1.500000e+000
      vertex  2.950000e+001 -5.000000e+000 -1.657933e-014
      vertex  2.950000e+001 -5.000000e+000  1.500000e+000
    endloop
  endfacet
  facet normal -7.071068e-001  0.000000e+000 -7.071068e-001
    outer loop
      vertex  3.500000e+001  5.000000e+000  1.110223e-016
      vertex  3.500000e+001 -5.000000e+000  1.110223e-016
      vertex  3.350000e+001  5.000000e+000  1.500000e+000
    endloop
  endfacet
  facet normal -7.071068e-001  -0.000000e+000 -7.071068e-001
    outer loop
      vertex  3.350000e+001  5.000000e+000  1.500000e+000
      vertex  3.500000e+001 -5.000000e+000  1.110223e-016
      vertex  3.350000e+001 -5.000000e+000  1.500000e+000
    endloop
  endfacet
  facet normal -9.942255e-001 -1.061695e-001  1.560930e-002
    outer loop
      vertex  3.853940e+001 -1.890527e+000  2.559807e+000
      vertex  3.844307e+001 -9.948208e-001  2.516513e+000
      vertex  3.847039e+001 -1.340665e+000  1.904375e+000
    endloop
  endfacet
  facet normal -9.974976e-001 -7.054731e-002 -4.662515e-003
    outer loop
      vertex  3.842090e+001 -6.394283e-001  1.881608e+000
      vertex  3.847039e+001 -1.340665e+000  1.904375e+000
      vertex  3.844307e+001 -9.948208e-001  2.516513e+000
    endloop
  endfacet
  facet normal -9.987921e-001 -4.852940e-002  7.707372e-003
    outer loop
      vertex  3.844307e+001 -9.948208e-001  2.516513e+000
      vertex  3.841015e+001 -3.197017e-001  2.501704e+000
      vertex  3.842090e+001 -6.394283e-001  1.881608e+000
    endloop
  endfacet
  facet normal -9.997664e-001 -2.053333e-002 -6.744536e-003
    outer loop
      vertex  3.840651e+001  6.336620e-002  1.874932e+000
      vertex  3.842090e+001 -6.394283e-001  1.881608e+000
      vertex  3.841015e+001 -3.197017e-001  2.501704e+000
    endloop
  endfacet
  facet normal -9.999769e-001  1.367088e-003  6.641690e-003
    outer loop
      vertex  3.841015e+001 -3.197017e-001  2.501704e+000
      vertex  3.841108e+001  3.563394e-001  2.502117e+000
      vertex  3.840651e+001  6.336620e-002  1.874932e+000
    endloop
  endfacet
  facet normal -9.995410e-001  2.958185e-002 -6.541284e-003
    outer loop
      vertex  3.842723e+001  7.656094e-001  1.884369e+000
      vertex  3.840651e+001  6.336620e-002  1.874932e+000
      vertex  3.841108e+001  3.563394e-001  2.502117e+000
    endloop
  endfacet
  facet normal -9.986551e-001  5.125070e-002  7.837924e-003
    outer loop
      vertex  3.841108e+001  3.563394e-001  2.502117e+000
      vertex  3.844582e+001  1.030893e+000  2.517733e+000
      vertex  3.842723e+001  7.656094e-001  1.884369e+000
    endloop
  endfacet
  facet normal -9.968266e-001  7.950009e-002 -4.047930e-003
    outer loop
      vertex  3.848293e+001  1.465244e+000  1.909854e+000
      vertex  3.842723e+001  7.656094e-001  1.884369e+000
      vertex  3.844582e+001  1.030893e+000  2.517733e+000
    endloop
  endfacet
  facet normal -9.948461e-001  1.007686e-001  1.127006e-002
    outer loop
      vertex  3.844582e+001  1.030893e+000  2.517733e+000
      vertex  3.851411e+001  1.701629e+000  2.548415e+000
      vertex  3.848293e+001  1.465244e+000  1.909854e+000
    endloop
  endfacet
  facet normal -9.916576e-001  1.288981e-001  7.012630e-004
    outer loop
      vertex  3.857330e+001  2.160268e+000  1.951234e+000
      vertex  3.848293e+001  1.465244e+000  1.909854e+000
      vertex  3.851411e+001  1.701629e+000  2.548415e+000
    endloop
  endfacet
  facet normal -8.013826e-001 -5.625601e-001  2.032537e-001
    outer loop
      vertex  4.165617e+001 -8.997784e+000  3.333197e+000
      vertex  4.165617e+001 -8.785407e+000  3.921007e+000
      vertex  4.122879e+001 -8.456516e+000  3.146258e+000
    endloop
  endfacet
  facet normal -7.898082e-001 -5.838914e-001  1.878135e-001
    outer loop
      vertex  4.122879e+001 -8.456516e+000  3.146258e+000
      vertex  4.165617e+001 -8.785407e+000  3.921007e+000
      vertex  4.130417e+001 -8.357233e+000  3.771905e+000
    endloop
  endfacet
  facet normal -8.267984e-001 -5.315645e-001  1.839664e-001
    outer loop
      vertex  4.122879e+001 -8.456516e+000  3.146258e+000
      vertex  4.130417e+001 -8.357233e+000  3.771905e+000
      vertex  4.082691e+001 -7.892811e+000  2.968890e+000
    endloop
  endfacet
  facet normal -8.117778e-001 -5.624099e-001  1.571998e-001
    outer loop
      vertex  4.082691e+001 -7.892811e+000  2.968890e+000
      vertex  4.130417e+001 -8.357233e+000  3.771905e+000
      vertex  4.096840e+001 -7.912693e+000  3.628397e+000
    endloop
  endfacet
  facet normal -8.509265e-001 -4.978485e-001  1.675448e-001
    outer loop
      vertex  4.082691e+001 -7.892811e+000  2.968890e+000
      vertex  4.096840e+001 -7.912693e+000  3.628397e+000
      vertex  4.045176e+001 -7.307748e+000  2.802059e+000
    endloop
  endfacet
  facet normal -8.354726e-001 -5.334960e-001  1.317861e-001
    outer loop
      vertex  4.045176e+001 -7.307748e+000  2.802059e+000
      vertex  4.096840e+001 -7.912693e+000  3.628397e+000
      vertex  4.057823e+001 -7.343225e+000  3.460179e+000
    endloop
  endfacet
  facet normal -8.739129e-001 -4.646073e-001  1.428864e-001
    outer loop
      vertex  4.045176e+001 -7.307748e+000  2.802059e+000
      vertex  4.057823e+001 -7.343225e+000  3.460179e+000
      vertex  4.010460e+001 -6.702523e+000  2.646675e+000
    endloop
  endfacet
  facet normal -8.604278e-001 -4.978018e-001  1.088916e-001
    outer loop
      vertex  4.010460e+001 -6.702523e+000  2.646675e+000
      vertex  4.057823e+001 -7.343225e+000  3.460179e+000
      vertex  4.021522e+001 -6.750300e+000  3.302361e+000
    endloop
  endfacet
  facet normal -8.954334e-001 -4.287661e-001  1.198279e-001
    outer loop
      vertex  4.010460e+001 -6.702523e+000  2.646675e+000
      vertex  4.021522e+001 -6.750300e+000  3.302361e+000
      vertex  3.978662e+001 -6.078449e+000  2.503584e+000
    endloop
  endfacet
  facet normal -8.839132e-001 -4.593043e-001  8.796079e-002
    outer loop
      vertex  3.978662e+001 -6.078449e+000  2.503584e+000
      vertex  4.021522e+001 -6.750300e+000  3.302361e+000
      vertex  3.988090e+001 -6.134948e+000  3.155980e+000
    endloop
  endfacet
  facet normal -9.153566e-001 -3.904173e-001  9.847058e-002
    outer loop
      vertex  3.978662e+001 -6.078449e+000  2.503584e+000
      vertex  3.988090e+001 -6.134948e+000  3.155980e+000
      vertex  3.949902e+001 -5.436960e+000  2.373571e+000
    endloop
  endfacet
  facet normal -9.057628e-001 -4.181174e-001  6.907690e-002
    outer loop
      vertex  3.949902e+001 -5.436960e+000  2.373571e+000
      vertex  3.988090e+001 -6.134948e+000  3.155980e+000
      vertex  3.957685e+001 -5.498430e+000  3.022048e+000
    endloop
  endfacet
  facet normal -9.335208e-001 -3.497361e-001  7.889044e-002
    outer loop
      vertex  3.949902e+001 -5.436960e+000  2.373571e+000
      vertex  3.957685e+001 -5.498430e+000  3.022048e+000
      vertex  3.924293e+001 -4.779610e+000  2.257354e+000
    endloop
  endfacet
  facet normal -9.258311e-001 -3.742785e-001  5.246248e-002
    outer loop
      vertex  3.924293e+001 -4.779610e+000  2.257354e+000
      vertex  3.957685e+001 -5.498430e+000  3.022048e+000
      vertex  3.930378e+001 -4.839879e+000  2.901134e+000
    endloop
  endfacet
  facet normal -9.497810e-001 -3.069054e-001  6.103331e-002
    outer loop
      vertex  3.924293e+001 -4.779610e+000  2.257354e+000
      vertex  3.930378e+001 -4.839879e+000  2.901134e+000
      vertex  3.901940e+001 -4.108078e+000  2.155585e+000
    endloop
  endfacet
  facet normal -9.439101e-001 -3.279984e-001  3.808993e-002
    outer loop
      vertex  3.901940e+001 -4.108078e+000  2.155585e+000
      vertex  3.930378e+001 -4.839879e+000  2.901134e+000
      vertex  3.906438e+001 -4.163302e+000  2.794674e+000
    endloop
  endfacet
  facet normal -9.639832e-001 -2.620945e-001  4.519746e-002
    outer loop
      vertex  3.901940e+001 -4.108078e+000  2.155585e+000
      vertex  3.906438e+001 -4.163302e+000  2.794674e+000
      vertex  3.882938e+001 -3.424166e+000  2.068841e+000
    endloop
  endfacet
  facet normal -9.597083e-001 -2.798137e-001  2.576937e-002
    outer loop
      vertex  3.882938e+001 -3.424166e+000  2.068841e+000
      vertex  3.906438e+001 -4.163302e+000  2.794674e+000
      vertex  3.886147e+001 -3.475707e+000  2.704120e+000
    endloop
  endfacet
  facet normal -9.759806e-001 -2.155228e-001  3.180724e-002
    outer loop
      vertex  3.882938e+001 -3.424166e+000  2.068841e+000
      vertex  3.886147e+001 -3.475707e+000  2.704120e+000
      vertex  3.867373e+001 -2.729803e+000  1.997629e+000
    endloop
  endfacet
  facet normal -9.730739e-001 -2.299508e-001  1.580187e-002
    outer loop
      vertex  3.867373e+001 -2.729803e+000  1.997629e+000
      vertex  3.886147e+001 -3.475707e+000  2.704120e+000
      vertex  3.869457e+001 -2.774574e+000  2.629421e+000
    endloop
  endfacet
  facet normal -9.855927e-001 -1.678755e-001  2.061365e-002
    outer loop
      vertex  3.867373e+001 -2.729803e+000  1.997629e+000
      vertex  3.869457e+001 -2.774574e+000  2.629421e+000
      vertex  3.855479e+001 -2.038189e+000  1.943119e+000
    endloop
  endfacet
  facet normal -9.850291e-001 -1.715953e-001  1.650761e-002
    outer loop
      vertex  3.855479e+001 -2.038189e+000  1.943119e+000
      vertex  3.869457e+001 -2.774574e+000  2.629421e+000
      vertex  3.853940e+001 -1.890527e+000  2.559807e+000
    endloop
  endfacet
  facet normal -9.927780e-001 -1.199017e-001  3.936523e-003
    outer loop
      vertex  3.855479e+001 -2.038189e+000  1.943119e+000
      vertex  3.853940e+001 -1.890527e+000  2.559807e+000
      vertex  3.847039e+001 -1.340665e+000  1.904375e+000
    endloop
  endfacet
  facet normal -7.914850e-001  5.748210e-001  2.076835e-001
    outer loop
      vertex  4.165617e+001  8.785407e+000  3.921007e+000
      vertex  4.165617e+001  8.997784e+000  3.333197e+000
      vertex  4.125495e+001  8.294404e+000  3.750943e+000
    endloop
  endfacet
  facet normal -8.011814e-001  5.683159e-001  1.874177e-001
    outer loop
      vertex  4.125495e+001  8.294404e+000  3.750943e+000
      vertex  4.165617e+001  8.997784e+000  3.333197e+000
      vertex  4.123534e+001  8.465221e+000  3.149130e+000
    endloop
  endfacet
  facet normal -8.166497e-001  5.476653e-001  1.820604e-001
    outer loop
      vertex  4.125495e+001  8.294404e+000  3.750943e+000
      vertex  4.123534e+001  8.465221e+000  3.149130e+000
      vertex  4.087510e+001  7.782051e+000  3.588298e+000
    endloop
  endfacet
  facet normal -8.262973e-001  5.395685e-001  1.615511e-001
    outer loop
      vertex  4.087510e+001  7.782051e+000  3.588298e+000
      vertex  4.123534e+001  8.465221e+000  3.149130e+000
      vertex  4.083924e+001  7.910976e+000  2.974329e+000
    endloop
  endfacet
  facet normal -8.407568e-001  5.178931e-001  1.578439e-001
    outer loop
      vertex  4.087510e+001  7.782051e+000  3.588298e+000
      vertex  4.083924e+001  7.910976e+000  2.974329e+000
      vertex  4.051772e+001  7.248934e+000  3.433933e+000
    endloop
  endfacet
  facet normal -8.502452e-001  5.081860e-001  1.372234e-001
    outer loop
      vertex  4.051772e+001  7.248934e+000  3.433933e+000
      vertex  4.083924e+001  7.910976e+000  2.974329e+000
      vertex  4.046910e+001  7.336143e+000  2.809723e+000
    endloop
  endfacet
  facet normal -8.636917e-001  4.855735e-001  1.351115e-001
    outer loop
      vertex  4.051772e+001  7.248934e+000  3.433933e+000
      vertex  4.046910e+001  7.336143e+000  2.809723e+000
      vertex  4.018402e+001  6.695795e+000  3.288697e+000
    endloop
  endfacet
  facet normal -8.729000e-001  4.742693e-001  1.145182e-001
    outer loop
      vertex  4.018402e+001  6.695795e+000  3.288697e+000
      vertex  4.046910e+001  7.336143e+000  2.809723e+000
      vertex  4.012611e+001  6.741923e+000  2.656184e+000
    endloop
  endfacet
  facet normal -8.853338e-001  4.507781e-001  1.139436e-001
    outer loop
      vertex  4.018402e+001  6.695795e+000  3.288697e+000
      vertex  4.012611e+001  6.741923e+000  2.656184e+000
      vertex  3.987524e+001  6.123531e+000  3.153425e+000
    endloop
  endfacet
  facet normal -8.941304e-001  4.379306e-001  9.352786e-002
    outer loop
      vertex  3.987524e+001  6.123531e+000  3.153425e+000
      vertex  4.012611e+001  6.741923e+000  2.656184e+000
      vertex  3.981139e+001  6.129616e+000  2.514523e+000
    endloop
  endfacet
  facet normal -9.055417e-001  4.136132e-001  9.443669e-002
    outer loop
      vertex  3.987524e+001  6.123531e+000  3.153425e+000
      vertex  3.981139e+001  6.129616e+000  2.514523e+000
      vertex  3.959262e+001  5.533198e+000  3.028922e+000
    endloop
  endfacet
  facet normal -9.138058e-001  3.992938e-001  7.431941e-002
    outer loop
      vertex  3.959262e+001  5.533198e+000  3.028922e+000
      vertex  3.981139e+001  6.129616e+000  2.514523e+000
      vertex  3.952605e+001  5.500618e+000  2.385490e+000
    endloop
  endfacet
  facet normal -9.241823e-001  3.741786e-001  7.666464e-002
    outer loop
      vertex  3.959262e+001  5.533198e+000  3.028922e+000
      vertex  3.952605e+001  5.500618e+000  2.385490e+000
      vertex  3.933741e+001  4.926008e+000  2.915961e+000
    endloop
  endfacet
  facet normal -9.317895e-001  3.584998e-001  5.697609e-002
    outer loop
      vertex  3.933741e+001  4.926008e+000  2.915961e+000
      vertex  3.952605e+001  5.500618e+000  2.385490e+000
      vertex  3.927112e+001  4.856415e+000  2.269768e+000
    endloop
  endfacet
  facet normal -9.411043e-001  3.326198e-001  6.071881e-002
    outer loop
      vertex  3.933741e+001  4.926008e+000  2.915961e+000
      vertex  3.927112e+001  4.856415e+000  2.269768e+000
      vertex  3.911084e+001  4.303327e+000  2.815270e+000
    endloop
  endfacet
  facet normal -9.479382e-001  3.157278e-001  4.158390e-002
    outer loop
      vertex  3.911084e+001  4.303327e+000  2.815270e+000
      vertex  3.927112e+001  4.856415e+000  2.269768e+000
      vertex  3.904755e+001  4.198584e+000  2.167973e+000
    endloop
  endfacet
  facet normal -9.561293e-001  2.892021e-001  4.667697e-002
    outer loop
      vertex  3.911084e+001  4.303327e+000  2.815270e+000
      vertex  3.904755e+001  4.198584e+000  2.167973e+000
      vertex  3.891474e+001  3.669120e+000  2.727834e+000
    endloop
  endfacet
  facet normal -9.621239e-001  2.711516e-001  2.818442e-002
    outer loop
      vertex  3.891474e+001  3.669120e+000  2.727834e+000
      vertex  3.904755e+001  4.198584e+000  2.167973e+000
      vertex  3.885623e+001  3.528780e+000  2.080650e+000
    endloop
  endfacet
  facet normal -9.691280e-001  2.441066e-001  3.468223e-002
    outer loop
      vertex  3.891474e+001  3.669120e+000  2.727834e+000
      vertex  3.885623e+001  3.528780e+000  2.080650e+000
      vertex  3.874930e+001  3.022816e+000  2.653869e+000
    endloop
  endfacet
  facet normal -9.742136e-001  2.249964e-001  1.686558e-002
    outer loop
      vertex  3.874930e+001  3.022816e+000  2.653869e+000
      vertex  3.885623e+001  3.528780e+000  2.080650e+000
      vertex  3.869792e+001  2.848739e+000  2.008271e+000
    endloop
  endfacet
  facet normal -9.799919e-001  1.974935e-001  2.474131e-002
    outer loop
      vertex  3.874930e+001  3.022816e+000  2.653869e+000
      vertex  3.869792e+001  2.848739e+000  2.008271e+000
      vertex  3.861548e+001  2.366314e+000  2.593912e+000
    endloop
  endfacet
  facet normal -9.840924e-001  1.774914e-001  7.687273e-003
    outer loop
      vertex  3.861548e+001  2.366314e+000  2.593912e+000
      vertex  3.869792e+001  2.848739e+000  2.008271e+000
      vertex  3.857330e+001  2.160268e+000  1.951234e+000
    endloop
  endfacet
  facet normal -9.885988e-001  1.496198e-001  1.691883e-002
    outer loop
      vertex  3.861548e+001  2.366314e+000  2.593912e+000
      vertex  3.857330e+001  2.160268e+000  1.951234e+000
      vertex  3.851411e+001  1.701629e+000  2.548415e+000
    endloop
  endfacet
  facet normal  0.000000e+000  3.264512e-001  9.452142e-001
    outer loop
      vertex  4.040617e+001 -8.997784e+000  3.333197e+000
      vertex  4.165617e+001 -8.997784e+000  3.333197e+000
      vertex  3.997879e+001 -8.456516e+000  3.146258e+000
    endloop
  endfacet
  facet normal  -0.000000e+000  3.264512e-001  9.452142e-001
    outer loop
      vertex  3.997879e+001 -8.456516e+000  3.146258e+000
      vertex  4.165617e+001 -8.997784e+000  3.333197e+000
      vertex  4.122879e+001 -8.456516e+000  3.146258e+000
    endloop
  endfacet
  facet normal  0.000000e+000  3.001398e-001  9.538952e-001
    outer loop
      vertex  3.997879e+001 -8.456516e+000  3.146258e+000
      vertex  4.122879e+001 -8.456516e+000  3.146258e+000
      vertex  3.957691e+001 -7.892811e+000  2.968890e+000
    endloop
  endfacet
  facet normal  -0.000000e+000  3.001398e-001  9.538952e-001
    outer loop
      vertex  3.957691e+001 -7.892811e+000  2.968890e+000
      vertex  4.122879e+001 -8.456516e+000  3.146258e+000
      vertex  4.082691e+001 -7.892811e+000  2.968890e+000
    endloop
  endfacet
  facet normal  0.000000e+000  2.742190e-001  9.616673e-001
    outer loop
      vertex  3.957691e+001 -7.892811e+000  2.968890e+000
      vertex  4.082691e+001 -7.892811e+000  2.968890e+000
      vertex  3.920176e+001 -7.307748e+000  2.802059e+000
    endloop
  endfacet
  facet normal  -0.000000e+000  2.742190e-001  9.616673e-001
    outer loop
      vertex  3.920176e+001 -7.307748e+000  2.802059e+000
      vertex  4.082691e+001 -7.892811e+000  2.968890e+000
      vertex  4.045176e+001 -7.307748e+000  2.802059e+000
    endloop
  endfacet
  facet normal  0.000000e+000  2.486734e-001  9.685874e-001
    outer loop
      vertex  3.920176e+001 -7.307748e+000  2.802059e+000
      vertex  4.045176e+001 -7.307748e+000  2.802059e+000
      vertex  3.885460e+001 -6.702523e+000  2.646675e+000
    endloop
  endfacet
  facet normal  -0.000000e+000  2.486734e-001  9.685874e-001
    outer loop
      vertex  3.885460e+001 -6.702523e+000  2.646675e+000
      vertex  4.045176e+001 -7.307748e+000  2.802059e+000
      vertex  4.010460e+001 -6.702523e+000  2.646675e+000
    endloop
  endfacet
  facet normal  0.000000e+000  2.234860e-001  9.747072e-001
    outer loop
      vertex  3.885460e+001 -6.702523e+000  2.646675e+000
      vertex  4.010460e+001 -6.702523e+000  2.646675e+000
      vertex  3.853662e+001 -6.078449e+000  2.503584e+000
    endloop
  endfacet
  facet normal  -0.000000e+000  2.234860e-001  9.747072e-001
    outer loop
      vertex  3.853662e+001 -6.078449e+000  2.503584e+000
      vertex  4.010460e+001 -6.702523e+000  2.646675e+000
      vertex  3.978662e+001 -6.078449e+000  2.503584e+000
    endloop
  endfacet
  facet normal  0.000000e+000  1.986355e-001  9.800734e-001
    outer loop
      vertex  3.853662e+001 -6.078449e+000  2.503584e+000
      vertex  3.978662e+001 -6.078449e+000  2.503584e+000
      vertex  3.824902e+001 -5.436960e+000  2.373571e+000
    endloop
  endfacet
  facet normal  -0.000000e+000  1.986355e-001  9.800734e-001
    outer loop
      vertex  3.824902e+001 -5.436960e+000  2.373571e+000
      vertex  3.978662e+001 -6.078449e+000  2.503584e+000
      vertex  3.949902e+001 -5.436960e+000  2.373571e+000
    endloop
  endfacet
  facet normal  0.000000e+000  1.740956e-001  9.847288e-001
    outer loop
      vertex  3.824902e+001 -5.436960e+000  2.373571e+000
      vertex  3.949902e+001 -5.436960e+000  2.373571e+000
      vertex  3.799293e+001 -4.779610e+000  2.257354e+000
    endloop
  endfacet
  facet normal  -0.000000e+000  1.740956e-001  9.847288e-001
    outer loop
      vertex  3.799293e+001 -4.779610e+000  2.257354e+000
      vertex  3.949902e+001 -5.436960e+000  2.373571e+000
      vertex  3.924293e+001 -4.779610e+000  2.257354e+000
    endloop
  endfacet
  facet normal  0.000000e+000  1.498377e-001  9.887106e-001
    outer loop
      vertex  3.799293e+001 -4.779610e+000  2.257354e+000
      vertex  3.924293e+001 -4.779610e+000  2.257354e+000
      vertex  3.776940e+001 -4.108078e+000  2.155585e+000
    endloop
  endfacet
  facet normal  -0.000000e+000  1.498377e-001  9.887106e-001
    outer loop
      vertex  3.776940e+001 -4.108078e+000  2.155585e+000
      vertex  3.924293e+001 -4.779610e+000  2.257354e+000
      vertex  3.901940e+001 -4.108078e+000  2.155585e+000
    endloop
  endfacet
  facet normal  0.000000e+000  1.258263e-001  9.920523e-001
    outer loop
      vertex  3.776940e+001 -4.108078e+000  2.155585e+000
      vertex  3.901940e+001 -4.108078e+000  2.155585e+000
      vertex  3.757938e+001 -3.424166e+000  2.068841e+000
    endloop
  endfacet
  facet normal  -0.000000e+000  1.258263e-001  9.920523e-001
    outer loop
      vertex  3.757938e+001 -3.424166e+000  2.068841e+000
      vertex  3.901940e+001 -4.108078e+000  2.155585e+000
      vertex  3.882938e+001 -3.424166e+000  2.068841e+000
    endloop
  endfacet
  facet normal  0.000000e+000  1.020220e-001  9.947822e-001
    outer loop
      vertex  3.757938e+001 -3.424166e+000  2.068841e+000
      vertex  3.882938e+001 -3.424166e+000  2.068841e+000
      vertex  3.742373e+001 -2.729803e+000  1.997629e+000
    endloop
  endfacet
  facet normal  -0.000000e+000  1.020220e-001  9.947822e-001
    outer loop
      vertex  3.742373e+001 -2.729803e+000  1.997629e+000
      vertex  3.882938e+001 -3.424166e+000  2.068841e+000
      vertex  3.867373e+001 -2.729803e+000  1.997629e+000
    endloop
  endfacet
  facet normal  0.000000e+000  7.857271e-002  9.969084e-001
    outer loop
      vertex  3.742373e+001 -2.729803e+000  1.997629e+000
      vertex  3.867373e+001 -2.729803e+000  1.997629e+000
      vertex  3.730479e+001 -2.038189e+000  1.943119e+000
    endloop
  endfacet
  facet normal  -0.000000e+000  7.857271e-002  9.969084e-001
    outer loop
      vertex  3.730479e+001 -2.038189e+000  1.943119e+000
      vertex  3.867373e+001 -2.729803e+000  1.997629e+000
      vertex  3.855479e+001 -2.038189e+000  1.943119e+000
    endloop
  endfacet
  facet normal  0.000000e+000  5.545849e-002  9.984611e-001
    outer loop
      vertex  3.730479e+001 -2.038189e+000  1.943119e+000
      vertex  3.855479e+001 -2.038189e+000  1.943119e+000
      vertex  3.722039e+001 -1.340665e+000  1.904375e+000
    endloop
  endfacet
  facet normal  -0.000000e+000  5.545849e-002  9.984611e-001
    outer loop
      vertex  3.722039e+001 -1.340665e+000  1.904375e+000
      vertex  3.855479e+001 -2.038189e+000  1.943119e+000
      vertex  3.847039e+001 -1.340665e+000  1.904375e+000
    endloop
  endfacet
  facet normal  0.000000e+000  3.244991e-002  9.994733e-001
    outer loop
      vertex  3.722039e+001 -1.340665e+000  1.904375e+000
      vertex  3.847039e+001 -1.340665e+000  1.904375e+000
      vertex  3.717090e+001 -6.394283e-001  1.881608e+000
    endloop
  endfacet
  facet normal  -0.000000e+000  3.244991e-002  9.994733e-001
    outer loop
      vertex  3.717090e+001 -6.394283e-001  1.881608e+000
      vertex  3.847039e+001 -1.340665e+000  1.904375e+000
      vertex  3.842090e+001 -6.394283e-001  1.881608e+000
    endloop
  endfacet
  facet normal  0.000000e+000  9.499243e-003  9.999549e-001
    outer loop
      vertex  3.717090e+001 -6.394283e-001  1.881608e+000
      vertex  3.842090e+001 -6.394283e-001  1.881608e+000
      vertex  3.715651e+001  6.336620e-002  1.874932e+000
    endloop
  endfacet
  facet normal  -0.000000e+000  9.499243e-003  9.999549e-001
    outer loop
      vertex  3.715651e+001  6.336620e-002  1.874932e+000
      vertex  3.842090e+001 -6.394283e-001  1.881608e+000
      vertex  3.840651e+001  6.336620e-002  1.874932e+000
    endloop
  endfacet
  facet normal  0.000000e+000 -1.343761e-002  9.999097e-001
    outer loop
      vertex  3.715651e+001  6.336620e-002  1.874932e+000
      vertex  3.840651e+001  6.336620e-002  1.874932e+000
      vertex  3.717723e+001  7.656094e-001  1.884369e+000
    endloop
  endfacet
  facet normal  0.000000e+000 -1.343761e-002  9.999097e-001
    outer loop
      vertex  3.717723e+001  7.656094e-001  1.884369e+000
      vertex  3.840651e+001  6.336620e-002  1.874932e+000
      vertex  3.842723e+001  7.656094e-001  1.884369e+000
    endloop
  endfacet
  facet normal  0.000000e+000 -3.640191e-002  9.993372e-001
    outer loop
      vertex  3.717723e+001  7.656094e-001  1.884369e+000
      vertex  3.842723e+001  7.656094e-001  1.884369e+000
      vertex  3.723293e+001  1.465244e+000  1.909854e+000
    endloop
  endfacet
  facet normal  0.000000e+000 -3.640191e-002  9.993372e-001
    outer loop
      vertex  3.723293e+001  1.465244e+000  1.909854e+000
      vertex  3.842723e+001  7.656094e-001  1.884369e+000
      vertex  3.848293e+001  1.465244e+000  1.909854e+000
    endloop
  endfacet
  facet normal  0.000000e+000 -5.943168e-002  9.982324e-001
    outer loop
      vertex  3.723293e+001  1.465244e+000  1.909854e+000
      vertex  3.848293e+001  1.465244e+000  1.909854e+000
      vertex  3.732330e+001  2.160268e+000  1.951234e+000
    endloop
  endfacet
  facet normal  0.000000e+000 -5.943168e-002  9.982324e-001
    outer loop
      vertex  3.732330e+001  2.160268e+000  1.951234e+000
      vertex  3.848293e+001  1.465244e+000  1.909854e+000
      vertex  3.857330e+001  2.160268e+000  1.951234e+000
    endloop
  endfacet
  facet normal  0.000000e+000 -8.256406e-002  9.965858e-001
    outer loop
      vertex  3.732330e+001  2.160268e+000  1.951234e+000
      vertex  3.857330e+001  2.160268e+000  1.951234e+000
      vertex  3.744792e+001  2.848739e+000  2.008271e+000
    endloop
  endfacet
  facet normal  0.000000e+000 -8.256406e-002  9.965858e-001
    outer loop
      vertex  3.744792e+001  2.848739e+000  2.008271e+000
      vertex  3.857330e+001  2.160268e+000  1.951234e+000
      vertex  3.869792e+001  2.848739e+000  2.008271e+000
    endloop
  endfacet
  facet normal  0.000000e+000 -1.058345e-001  9.943838e-001
    outer loop
      vertex  3.744792e+001  2.848739e+000  2.008271e+000
      vertex  3.869792e+001  2.848739e+000  2.008271e+000
      vertex  3.760623e+001  3.528780e+000  2.080650e+000
    endloop
  endfacet
  facet normal  0.000000e+000 -1.058345e-001  9.943838e-001
    outer loop
      vertex  3.760623e+001  3.528780e+000  2.080650e+000
      vertex  3.869792e+001  2.848739e+000  2.008271e+000
      vertex  3.885623e+001  3.528780e+000  2.080650e+000
    endloop
  endfacet
  facet normal  0.000000e+000 -1.292766e-001  9.916085e-001
    outer loop
      vertex  3.760623e+001  3.528780e+000  2.080650e+000
      vertex  3.885623e+001  3.528780e+000  2.080650e+000
      vertex  3.779755e+001  4.198584e+000  2.167973e+000
    endloop
  endfacet
  facet normal  0.000000e+000 -1.292766e-001  9.916085e-001
    outer loop
      vertex  3.779755e+001  4.198584e+000  2.167973e+000
      vertex  3.885623e+001  3.528780e+000  2.080650e+000
      vertex  3.904755e+001  4.198584e+000  2.167973e+000
    endloop
  endfacet
  facet normal  0.000000e+000 -1.529232e-001  9.882381e-001
    outer loop
      vertex  3.779755e+001  4.198584e+000  2.167973e+000
      vertex  3.904755e+001  4.198584e+000  2.167973e+000
      vertex  3.802112e+001  4.856415e+000  2.269768e+000
    endloop
  endfacet
  facet normal  0.000000e+000 -1.529232e-001  9.882381e-001
    outer loop
      vertex  3.802112e+001  4.856415e+000  2.269768e+000
      vertex  3.904755e+001  4.198584e+000  2.167973e+000
      vertex  3.927112e+001  4.856415e+000  2.269768e+000
    endloop
  endfacet
  facet normal  0.000000e+000 -1.768064e-001  9.842457e-001
    outer loop
      vertex  3.802112e+001  4.856415e+000  2.269768e+000
      vertex  3.927112e+001  4.856415e+000  2.269768e+000
      vertex  3.827605e+001  5.500618e+000  2.385490e+000
    endloop
  endfacet
  facet normal  0.000000e+000 -1.768064e-001  9.842457e-001
    outer loop
      vertex  3.827605e+001  5.500618e+000  2.385490e+000
      vertex  3.927112e+001  4.856415e+000  2.269768e+000
      vertex  3.952605e+001  5.500618e+000  2.385490e+000
    endloop
  endfacet
  facet normal  0.000000e+000 -2.009558e-001  9.796003e-001
    outer loop
      vertex  3.827605e+001  5.500618e+000  2.385490e+000
      vertex  3.952605e+001  5.500618e+000  2.385490e+000
      vertex  3.856139e+001  6.129616e+000  2.514523e+000
    endloop
  endfacet
  facet normal  0.000000e+000 -2.009558e-001  9.796003e-001
    outer loop
      vertex  3.856139e+001  6.129616e+000  2.514523e+000
      vertex  3.952605e+001  5.500618e+000  2.385490e+000
      vertex  3.981139e+001  6.129616e+000  2.514523e+000
    endloop
  endfacet
  facet normal  0.000000e+000 -2.254021e-001  9.742658e-001
    outer loop
      vertex  3.856139e+001  6.129616e+000  2.514523e+000
      vertex  3.981139e+001  6.129616e+000  2.514523e+000
      vertex  3.887611e+001  6.741923e+000  2.656184e+000
    endloop
  endfacet
  facet normal  0.000000e+000 -2.254021e-001  9.742658e-001
    outer loop
      vertex  3.887611e+001  6.741923e+000  2.656184e+000
      vertex  3.981139e+001  6.129616e+000  2.514523e+000
      vertex  4.012611e+001  6.741923e+000  2.656184e+000
    endloop
  endfacet
  facet normal  0.000000e+000 -2.501710e-001  9.682017e-001
    outer loop
      vertex  3.887611e+001  6.741923e+000  2.656184e+000
      vertex  4.012611e+001  6.741923e+000  2.656184e+000
      vertex  3.921910e+001  7.336143e+000  2.809723e+000
    endloop
  endfacet
  facet normal  0.000000e+000 -2.501710e-001  9.682017e-001
    outer loop
      vertex  3.921910e+001  7.336143e+000  2.809723e+000
      vertex  4.012611e+001  6.741923e+000  2.656184e+000
      vertex  4.046910e+001  7.336143e+000  2.809723e+000
    endloop
  endfacet
  facet normal  0.000000e+000 -2.752899e-001  9.613612e-001
    outer loop
      vertex  3.921910e+001  7.336143e+000  2.809723e+000
      vertex  4.046910e+001  7.336143e+000  2.809723e+000
      vertex  3.958924e+001  7.910976e+000  2.974329e+000
    endloop
  endfacet
  facet normal  0.000000e+000 -2.752899e-001  9.613612e-001
    outer loop
      vertex  3.958924e+001  7.910976e+000  2.974329e+000
      vertex  4.046910e+001  7.336143e+000  2.809723e+000
      vertex  4.083924e+001  7.910976e+000  2.974329e+000
    endloop
  endfacet
  facet normal  0.000000e+000 -3.007814e-001  9.536930e-001
    outer loop
      vertex  3.958924e+001  7.910976e+000  2.974329e+000
      vertex  4.083924e+001  7.910976e+000  2.974329e+000
      vertex  3.998534e+001  8.465221e+000  3.149130e+000
    endloop
  endfacet
  facet normal  0.000000e+000 -3.007814e-001  9.536930e-001
    outer loop
      vertex  3.998534e+001  8.465221e+000  3.149130e+000
      vertex  4.083924e+001  7.910976e+000  2.974329e+000
      vertex  4.123534e+001  8.465221e+000  3.149130e+000
    endloop
  endfacet
  facet normal  0.000000e+000 -3.266644e-001  9.451404e-001
    outer loop
      vertex  3.998534e+001  8.465221e+000  3.149130e+000
      vertex  4.123534e+001  8.465221e+000  3.149130e+000
      vertex  4.040617e+001  8.997784e+000  3.333197e+000
    endloop
  endfacet
  facet normal  0.000000e+000 -3.266644e-001  9.451404e-001
    outer loop
      vertex  4.040617e+001  8.997784e+000  3.333197e+000
      vertex  4.123534e+001  8.465221e+000  3.149130e+000
      vertex  4.165617e+001  8.997784e+000  3.333197e+000
    endloop
  endfacet
endsolid CATIA STL
